8.3 -1.4 7.7 1.5 9.3 3.5 8.6 -0.8 -5.1 -7.9 6.2 -7.3 -1 -4.1 6.3 2.6 4 -7.4 7.2 3.6 -8.9 6.8 6.7 -7.1 8.2 3 -3.8 2.3 -3.3 3.5 2.9 -9.8 -7.8 -4.2 -3.1 6.7 9.3 -4.4 -8.9 -5.8 -7.1 7.3 -7.9 1.9 8.4 3.7 9.8 2.4 1.5 7 -8.7 2.6 -0.9 8 5.6 -2.7 
-23.2314 0 -5.89331 -10.8078 1.06494 -2.5444 -5.37074 6.45418 0 0 -17.0068 0 1.68481 7.76481 1.61971 -8.43323 0 0 0 0 21.197 0 0.0304261 -4.36302 0 0 0 0 0 0 20.2687 0 
-3.8 7 9.6 -1.9 0.5 2.5 -1.6 2.7 3.6 0.5 -5.4 2.9 1.3 -4.3 2.4 -0.5 8.2 4.5 -8.6 6.7 -6.6 6.4 -5.7 5 -1.3 -9.2 -2.4 7.8 8.8 8.4 -9.7 -4.9 5.4 9.9 3.2 -4 -2.4 6.8 3.9 -8.8 -7.4 8.6 -0.6 3.9 9.5 7 -6.6 7.8 -3.3 -9.9 -0.3 0.2 1.7 -0.8 -4.8 5.6 
24.8044 0 -6.53552 -2.66202 -1.98916 2.80353 3.10751 -6.90885 0 0 17.6332 0 5.96107 -3.4476 6.76097 3.15228 0 0 0 0 19.8681 0 -7.02151 6.5587 0 0 0 0 0 0 15.4125 0 
0.1 -2 -1.4 -5.9 -3.5 -1.1 -5.6 -8.1 -6 2.9 -6.9 1.7 -0.3 7.1 -1.9 -2.5 0.9 2.7 6.7 -4.4 -0.3 5.3 8.6 6.5 0.6 -1.7 -8.1 -7.6 2.8 -2.9 3.2 -7.1 0.3 -8.1 -3 6.8 0.8 1.5 4 4.9 9.6 2.3 -8.2 -5.5 -5.4 -4.9 2.1 5.5 7.9 -1.2 6.4 -7.2 -5.9 5 9.3 0 
-16.9343 0 1.6505 8.22946 4.88595 2.09693 -7.49131 -5.03771 0 0 21.2125 0 -0.965978 1.79977 9.8405 4.72246 0 0 0 0 13.8498 0 2.76626 -4.22477 0 0 0 0 0 0 -14.789 0 
-6.6 6.4 2.4 1.4 8.7 -4.4 4.3 -0.9 -7.3 6.5 -4.1 3.6 -6.8 5.1 -6.3 -7.2 -2.5 -9.3 -2.6 2.1 -4.2 9.5 -7.1 -6.3 -6.5 9.3 -8.2 -7.2 4.3 -8.9 2.8 2.9 7.6 -9.6 -5.7 6.3 -8.7 3.8 -9.4 -6 0.4 -8.2 2.8 -1.2 6.9 1.7 1.7 9.6 2.4 4.3 -3 8.3 -1 -0.1 7.2 2.5 
25.3596 0 -1.75831 4.64755 -12.1441 -2.28474 -0.539835 -6.55609 0 0 17.3896 0 11.6676 3.63564 0.462952 6.4828 0 0 0 0 14.5767 0 2.24774 15.1358 0 0 0 0 0 0 -13.2295 0 
-5.6 9 0.5 3.9 5.4 8.6 -3.1 -1.8 4.2 -3.6 9.7 0.7 5.5 -9.6 4.8 -8.9 -7.8 -7.2 -0.1 4.3 4.6 6.8 4 -7.8 1.1 -9 -9.5 -9.9 -3.9 3 -2.2 0.5 2 3.6 -5.6 -7.4 2.2 -3.5 0.8 -8.4 -1.8 -4.2 2.4 -6.3 -3.8 -7.6 -10 -6.4 -4.8 -0.1 7.9 5 -3.2 -2.9 7.3 3.1 
19.9685 0 3.24862 -5.78712 1.74775 -8.64362 2.61863 1.19989 0 0 -22.1751 0 -3.42097 8.8633 -7.1872 8.02306 0 0 0 0 -16.0328 0 -3.15644 10.0704 0 0 0 0 0 0 15.375 0 
-1.9 3 3.3 -0.6 -4 6.3 9.9 8.1 -0.1 9.6 5.9 7.3 -8.7 -3.2 9 -0.5 2.6 -3.4 -1.6 4 -1 -1.6 7.6 4.2 3.6 0.7 -5.5 5.6 7.9 -8.2 -1.3 -8.8 4.8 7.2 -4.1 -9.1 3.6 -9 4.2 8.7 -9.4 0.1 1.3 7.2 2.1 -4.5 -8.1 9.9 2.1 0.4 3.9 -8.9 4 -3.3 0.5 -7.2 
17.4462 0 -3.68504 -7.98913 -2.20334 0.326719 8.74288 -12.6962 0 0 -18.6998 0 5.82407 -8.59188 -0.0506148 4.48902 0 0 0 0 -17.5396 0 3.1018 9.02853 0 0 0 0 0 0 18.961 0 
2.7 5 8.4 -4.2 2 -7.6 -7.8 -3.1 9.6 -1.9 -7 -1.6 -0.8 7.2 -2.8 -5 -7.5 8.5 -7.8 -0.1 -6 -5.8 -0.2 1.3 -0.2 9 2.4 9 -9.1 8.1 -8.1 3.6 3.2 5.5 9.4 -9.6 7.9 6.9 -2.7 7.6 -5 -4.5 -4 4.2 7.9 -1.6 9.3 -9.5 -7.9 6.7 0.4 -8.7 6.1 5.4 2.6 -4.1 
-23.0356 0 0.320373 4.06848 -1.53588 -6.53379 1.12738 -8.028 0 0 23.6796 0 3.94747 8.60886 -4.9384 4.886 0 0 0 0 20.9503 0 5.29536 -5.7029 0 0 0 0 0 0 16.5652 0 
4.4 -9.8 -9.8 0.6 8.4 -7.9 -5.8 -3.2 2.8 8.9 -2.8 0.8 5.8 -0.2 -6.4 -9.2 5.3 -5.2 0.3 3.3 3.3 -5.2 -1 5.4 6.7 4.6 6.8 2.9 0 -5.4 8.8 9.7 -5.1 9 0.3 -6.7 6.3 -0.3 -4.7 -0.8 -1.4 2.5 5.2 9.6 7.5 8.8 5.7 2.9 -6.4 -4 -8.6 2.1 -4 0.4 -7.2 -7.3 
-22.2668 0 0.218262 4.57408 -6.70056 7.00595 -3.03411 -2.43412 0 0 19.8013 0 -0.164296 0.39351 14.6852 5.26547 0 0 0 0 -18.1441 0 4.44422 5.56121 0 0 0 0 0 0 -15.1901 0 
-5 4.8 5.6 0.2 9.4 -0.3 -0.1 -5.7 -6.1 -9.8 -7.2 -9.7 0 -1.9 -5.3 3.8 5.9 5.1 3.5 3.4 3.9 -0.8 -8.5 2.7 0.4 -7.1 -5.1 6.4 -1.5 -7.1 4.3 3.5 7.7 0 -6.2 7.1 4.9 -1.1 6.7 8.8 -0.8 9.5 4.3 4.4 -7.1 9 -1.8 4 4.1 6.9 -7.4 -6.8 -3.9 -5.8 6 1.7 
22.5229 0 0.701953 -1.65299 4.96473 -0.675757 1.60193 4.09806 0 0 22.1943 0 3.54722 4.07798 -1.80274 -7.74996 0 0 0 0 -17.6559 0 0.0892016 -1.72752 0 0 0 0 0 0 16.7364 0 
-7.7 6.1 -1.9 0.9 9 -7.5 9.6 6.7 -2.3 -6.6 -1 -7.4 2.4 -4.3 -8.6 6.8 -9.5 5.8 1.2 8.6 0 4.6 2.6 9.4 1.6 5.2 7.8 2.9 4.6 -1 -5.3 7 -4.9 -2 -6.9 9.3 -4.3 -7.3 1.2 -1.4 -8.6 5.5 1.2 -1 -8.8 -2.1 -9 6.9 8.9 -2.6 5.5 -5.9 -8 -6.7 8.7 -1.2 
22.7383 0 8.83883 -9.01915 -0.76215 -1.20677 8.46194 -10.4146 0 0 -15.715 0 -1.45164 -1.5985 9.15079 -1.61142 0 0 0 0 21.4625 0 0.509212 4.40368 0 0 0 0 0 0 18.7762 0 
3.8 6.6 7 -1.6 -4.4 -8.3 -9.4 -4 -5.1 -6.3 -9.5 -4.1 -8.3 1.8 4.5 8.3 -2.7 -4.2 -2.7 -6.3 -1.1 -1.7 -9.3 -2.2 5.7 1.4 -2.9 2.9 0 -4.1 -8.2 -6.2 -7.5 8.8 -2.6 -6.7 5.7 -1.9 -0.7 5.8 -3 -0.1 -8.3 -6.1 6.9 6.3 -7.8 9.4 7.3 -5.3 -6.9 -3.8 -1.8 9 -0.8 9.1 
-20.1782 0 -3.34123 1.91642 8.8105 4.22882 6.62844 1.40003 0 0 20.6733 0 -2.05562 -5.40389 -6.31956 -14.9057 0 0 0 0 16.1244 0 0.45958 -1.77773 0 0 0 0 0 0 18.5985 0 
-4.3 1.5 2.1 5.7 7.4 -0.9 4.7 5.1 -6.9 -7.9 3.7 4 -4.6 -7 -0.2 2.5 -1.9 1.6 1.6 -9.8 -6.9 3.9 9.6 -9.6 3.8 8 -8.2 -7.9 7 -3.8 -8.8 7.9 7.7 -1.5 3.6 0.4 7.6 -1.7 -9.3 5.9 -4.3 4.4 -0.1 1.1 2.7 5 -6.4 6 -8.2 0.5 6.3 -5.1 -5.6 1.1 -9.5 3.4 
19.5512 0 -9.84645 3.50208 9.58252 -5.28714 0.935492 3.38598 0 0 -16.2992 0 0.451567 4.86226 -3.90654 1.26534 0 0 0 0 15.293 0 -12.3057 5.97736 0 0 0 0 0 0 21.5005 0 
-0.9 7.5 5.5 -8.6 8.9 6.8 9.3 1.8 -9.5 -1.8 -7.8 8.2 1.7 -7 -0.7 7.4 2.6 9.3 -1.4 -4.7 4.3 -2.6 -8.6 1.3 7.9 7.7 6.2 7.5 -1.2 1.9 1 3.2 -0.6 -8.3 4.6 -6.5 3.7 -0.9 5.3 4.3 7.3 2.8 2.5 -0.9 1 -8.2 -8.3 -6.4 6.3 -4.5 -1 -4.2 3 0.4 7.1 -3.9 
23.5758 0 5.4628 -4.9029 1.6237 -1.74755 -1.45785 -0.707504 0 0 19.6535 0 -2.87725 10.8543 6.77514 4.24824 0 0 0 0 12.952 0 4.68751 -3.15863 0 0 0 0 0 0 18.8519 0 
-6.7 -1.5 8.9 -2.7 -9.6 -4.9 -9.5 -5 -3.2 0.3 -1.5 -9.4 9.5 -6.1 4.9 2 6.7 -7.4 6.3 -2.3 9.6 8.1 -3.5 6 -6.4 5.5 7 1.8 -8.9 4.2 3.2 9.6 7.9 2.1 -3 8.4 7.2 -7.3 -6.6 -6 -1.7 -2.8 9.8 -7 -3.7 4.7 5 -7 7.3 1.4 -4.1 2.2 -5.3 2.4 -1.8 -6.5 
19.0034 0 -3.11733 9.31201 6.48462 6.1189 -2.91211 -5.57426 0 0 20.5949 0 -9.89783 10.2117 0.482622 4.37272 0 0 0 0 19.7806 0 6.51275 2.71665 0 0 0 0 0 0 -19.6025 0 
-6.8 -9.6 5.4 -5.7 -0.2 -1.4 -6 -2.2 5.9 -3.8 -3.8 -1.7 -5.9 -5.2 2.3 2.4 -2.8 2.2 5.4 3.5 -7.9 -4.3 6.5 4.7 7.1 7.6 -3.1 -8.2 0.1 0.3 -4.7 3.3 0.7 5.9 2.8 -9.4 9.7 2 -1.6 0.8 3.4 -0.2 9.1 7.6 -0.2 1.5 -4.8 7.1 8.9 5.9 0.6 -9 -8.4 -7.6 0.9 3.9 
21.6661 0 -7.45635 -3.19808 -3.99657 -3.85672 3.097 3.43994 0 0 21.2025 0 0.794535 0.998201 0.197785 0.80391 0 0 0 0 18.4682 0 -5.82814 -1.37629 0 0 0 0 0 0 13.5613 0 
-10 7.8 0.9 -4.7 -1.9 1.4 3.8 8.9 -7.4 -3.3 4.7 -7.7 8.7 -6.9 3.2 2.2 -1.9 -2.5 -5 7.9 9 -4.6 5 3.1 -8.7 -4.3 -0.6 8.1 -1.9 -9.7 2 -6.7 8.2 8.1 -1.3 -8.5 -0.4 -7.5 -9.6 2.2 -0.8 5.1 -0.3 -6.8 3.4 8.1 0.6 -8.5 -4.3 0.8 9.5 9.9 6.2 -0.3 -1.7 7.6 
22.5646 0 -10.7146 -4.00894 -0.504774 4.53366 -4.28548 0.769348 0 0 -20.8642 0 -0.18341 -0.642719 1.37234 -1.45193 0 0 0 0 -21.8994 0 -0.511765 -0.995512 0 0 0 0 0 0 -19.9572 0 
5.4 7.7 0.9 8.7 3.2 8.2 -7.9 -3.4 6.3 -4 -1.8 -8.9 -1.5 -1.4 -1.5 3 9 8.3 1.4 -2.4 1.6 -8 -0.8 2.5 2.8 -6.1 2.5 -1 3.6 6 -8.2 -5.7 3.7 2.8 8.2 -7.9 1 5.5 -1.2 -7.5 -8.5 7 -6.3 -4.7 -9.2 2.2 8.3 5 -4.3 -0.3 -7.3 2.6 -3.1 -2.9 -4.9 4.9 
-22.3705 0 -7.21351 1.13989 -5.58548 -1.47918 4.75268 5.76652 0 0 19.289 0 5.32299 -0.619883 -1.69888 -0.696541 0 0 0 0 -16.5486 0 12.2822 -0.541404 0 0 0 0 0 0 13.4567 0 
1 2.8 -6.1 9.8 -1.2 -9 9.3 7.7 -1 7.6 9.9 5.2 3.1 -1.3 7.7 -0.1 -4.3 6.6 5.2 -8.3 -5.9 3.5 6.8 -0.2 8.4 9.5 7.6 -9.5 -3.4 -7.2 5.4 2.8 0.8 9.3 -2.2 9.7 5.5 -2.8 7.4 -5.5 -10 2.5 9.7 -1.7 -8.8 2.7 8.2 -7.9 -0.7 3.4 -6.1 3.4 -7.9 5.9 8.5 5.7 
-22.2686 0 2.22556 7.40325 -0.486335 3.04689 3.13221 8.80927 0 0 -26.2137 0 5.97224 5.17254 -2.46367 8.91201 0 0 0 0 18.7696 0 -14.034 -0.989383 0 0 0 0 0 0 15.3922 0 
5.4 6.1 6.2 7.2 4.1 1.6 -4.8 -5 -3.8 -1.8 9.9 -8.3 5.4 7.3 -8.5 0.6 -4.9 6.4 9 -3.7 -0.9 7.2 -6.3 3.7 -4.1 -7.2 -2.9 -2 8.7 -4.4 9 4.1 7 5.2 -3.5 1.1 -3.1 1.7 6.1 -1.7 5.1 1.2 0 0.6 -6.2 -3.3 6.4 -1.1 -6.8 5.4 0.4 -2.5 -2.1 4.1 -8.8 3.8 
-19.9138 0 1.05706 -2.1126 -1.64308 -0.947081 -5.44697 -0.986752 0 0 -19.4661 0 1.12883 -9.82026 15.0419 2.95281 0 0 0 0 15.2073 0 0.112658 4.81342 0 0 0 0 0 0 -12.5375 0 
6.9 -6.4 7 5.6 -5.6 6 -5.1 -8.6 -3.5 1.4 2.6 -1.4 8.3 -6.1 6.9 3.5 5.2 -7.9 9.3 9 -1.1 0.9 -6.9 -2.7 -3.6 3.5 4.8 -0.5 -2.3 1.3 -6.7 9.8 4.9 5.5 5.5 9.3 -3.2 5.6 6 3.3 -7.7 -1.4 7.1 5.8 -2.3 4 -5.5 8.1 6.1 9 2.3 -5 0 5.4 -2.5 6.4 
-21.2405 0 2.63788 -5.61992 1.8267 -2.75935 -7.78606 10.3401 0 0 -21.7347 0 -0.217352 -9.3957 3.85699 -6.36129 0 0 0 0 13.2376 0 8.22692 6.26509 0 0 0 0 0 0 14.6902 0 
-5.8 -7.6 -4.1 1.9 -1.1 -5.6 -3.1 -6.2 5.1 7.6 8.3 -8.1 3.3 4.3 0.4 5.6 8.1 -2.5 -3.4 -8.9 6.7 1.2 9.2 2.9 0.2 -3.2 3.1 -9.8 7.4 -9.3 1.8 -8.4 8.3 7.7 -1.3 -2.8 7.3 5.7 -3.8 2.5 3.3 9.7 -0.4 -8.2 4.1 5.3 2.6 -2.6 8 9.3 -1.5 4.8 0.5 -7 -7.1 5.9 
25.3172 0 -2.51884 -8.02854 11.4262 -0.891489 6.84713 8.60799 0 0 -19.5642 0 0.829397 -7.42982 -6.81072 -7.41455 0 0 0 0 -15.5633 0 -2.48193 7.05499 0 0 0 0 0 0 9.35816 0 
-0.2 6 6.2 -7.6 1.9 -2 -5.9 0.2 -9 -2 2.6 8.3 8.9 4 0.8 2.3 3.8 5.7 -0.7 -6.9 1 -8 0.5 -1 -8.7 9.1 -6.2 -3 -7.9 -3.3 -7.1 -2.9 8 4.3 -0.5 -0.1 -7.6 -1.2 5.4 8.6 6.9 -6.8 6.9 1 7.3 -7 -6.7 -3.7 8.7 -2.1 -0.6 -5.1 -0.1 5.1 3.9 -3.6 
24.1435 0 -2.49839 -1.46416 -3.44399 4.3026 5.08459 2.1045 0 0 18.2823 0 11.8002 -5.23499 1.12976 -2.52466 0 0 0 0 -15.2186 0 2.12512 5.97872 0 0 0 0 0 0 14.5783 0 
4.2 3 -1.4 1.5 4.9 1.5 8.6 -1.9 -8.9 -6.6 3.3 8.7 2.2 -1.3 7.3 -5.7 1.9 4.2 5.4 -5.6 2.4 3.9 -4.1 -3.7 -8.2 5.3 1.2 -3.1 0.5 -9.6 3.3 9.9 3.4 -8.1 1.5 -6.5 -1.3 -4.7 -3.1 -5 -1.3 -9.8 -6.3 6.2 -1.1 -9 -9.5 6 0.4 1.1 5.7 -7.1 -9.7 -8.4 -0.8 -7.9 
-21.03 0 6.08893 7.05041 -4.28912 -3.4622 0.967666 8.01903 0 0 -16.7662 0 -2.82866 5.14361 -2.71143 12.6835 0 0 0 0 -18.7608 0 2.01456 -2.19581 0 0 0 0 0 0 -16.8617 0 
2.2 -9.5 -5.7 7.9 6.1 2.8 7.8 -5.3 0 -5.5 -1.8 8.7 -0.1 5.1 8.9 8.6 5.3 -7.4 4.8 9.4 -6.4 0.6 0.7 -0.8 -8.3 -3.6 2.1 -8 -2 6.6 9.4 5.4 2.3 -6.3 3.3 -1.6 1.7 1.2 3.1 -8.3 0.9 6.5 5.6 -9.2 -3.1 4.5 9.5 -7.8 7.1 -0.5 6.9 5.9 -9.9 -2.4 -4.8 7.1 
-20.706 0 7.69051 -6.29768 6.4247 1.3001 4.249 -3.91335 0 0 21.6034 0 -10.5975 -0.77808 2.07227 2.48743 0 0 0 0 11.9177 0 4.23871 -19.4128 0 0 0 0 0 0 -15.0038 0 
4 2.5 4.3 7.2 -0.9 -1.1 2.7 6.6 -2.2 -8.8 -5 9.6 2.4 3.3 -8.7 8.6 -0.1 7 9.4 6.8 1.5 4.1 4.2 -6.1 -6.3 -3.7 9.8 9 3.9 -9.8 1.3 -6.9 2.8 -4.3 -9.6 7.1 4.6 -1.7 3.8 -7.5 -0.5 4 -7.9 7.2 -7.4 -6.6 5.8 2.5 5.6 5.2 -5.5 -2.8 -5.4 3.9 1.1 -1.7 
-17.5471 0 8.92912 6.52359 0.735165 -9.96234 0.439389 5.73828 0 0 25.9182 0 1.22716 0.218799 -1.01734 -6.48931 0 0 0 0 -14.6416 0 -4.7496 -0.110297 0 0 0 0 0 0 17.9023 0 
-9.7 -3.9 -7.5 4.2 -8.4 3.9 7.4 4.4 9.6 3 -3.3 -0.6 -8.7 5.7 1.9 -4 -5 -0.8 -6.8 -2.4 -2.1 9 5.3 -6.5 -0.5 9.8 0.7 4.1 3.7 7 7.6 4 8.4 -9.9 -1.7 -10 -0.8 -9.1 -0.4 -6 3.9 6.3 3.5 0.4 -2.7 -9.4 6.4 2.3 -4.9 4.9 5.1 3 3.9 0.4 6.5 8.6 
24.574 0 7.70083 -9.32735 2.70083 -8.19119 1.51298 -10.4729 0 0 12.5876 0 10.461 -7.20015 -0.47629 6.46729 0 0 0 0 -17.3452 0 5.26681 4.41523 0 0 0 0 0 0 -15.336 0 
0.2 -7.5 -2.1 9.1 4.7 -9.3 -1.6 3.1 6.1 1.9 3.1 -4.7 2.8 -7.3 -0.6 -8.1 4.3 8.1 2.3 6.8 8.7 -6.1 -5.7 -6.2 8.8 9.4 2 -2 -0.2 -1.4 -8.2 5.2 -3.7 -0.2 -0.5 -9 0.5 7.9 4.2 -3.4 -0.2 -7.5 -2.8 7.8 -4.7 6.6 9.7 4.8 4.7 -2.8 1.6 -1.4 1.2 5.9 -2.3 0 
-21.1414 0 1.78654 3.10953 0.751605 7.48341 9.66065 -7.63761 0 0 -17.8896 0 6.05058 5.04662 -1.52604 0.587769 0 0 0 0 18.1804 0 1.01327 -9.33494 0 0 0 0 0 0 12.3477 0 
5.3 9.7 3.2 -9.7 -6.5 5.1 0.7 -0.2 -5.1 5.4 -3.9 0.6 3.4 -9.7 2.5 8.4 -7.2 9.7 6.3 -6.7 1.5 6 8.1 -8.6 8.5 -0.3 0 -0.3 -9.2 2.9 4.9 1.3 -2.1 -6.6 1.6 1.4 8.5 7.5 6.5 8.6 3 -7.4 -0.8 -8.4 -7.1 6.9 5.2 -9.1 6.6 1.5 9.5 -6.7 -7.2 7.6 -5.3 -8.7 
-23.5194 0 2.7403 6.88114 11.1483 -6.58181 4.31985 3.47671 0 0 18.9887 0 -13.3621 4.62375 9.19645 -3.62804 0 0 0 0 -16.5469 0 3.19374 -2.76317 0 0 0 0 0 0 -20.6429 0 
-7.4 0 -3.8 8.6 -7.1 6.3 0 0.8 9.7 -8.4 7.5 8.2 4.4 4 2 -7.4 1.8 6.5 9.4 -0.1 3.4 4.6 0.8 -4.7 -3.8 0.3 -1.4 -5.8 -6.8 3.4 -9.3 -9 -6.6 -3.1 9.6 -8.5 8.4 -0.4 2.4 8.2 -3.5 -4.9 1.6 6.1 4.3 -6.3 8.7 -3.9 -9.8 8.1 6 -1.2 -2.1 -8 4.1 -0.7 
23.0328 0 -3.87187 3.28184 1.81914 7.45241 -0.580042 -2.35838 0 0 -23.4887 0 -8.52904 -1.95732 -0.375243 5.57226 0 0 0 0 -16.6693 0 -6.00906 -13.0358 0 0 0 0 0 0 13.7 0 
2.4 -7.2 3.5 0.8 6.2 4.2 -3 9.6 6.3 -3.4 -8.9 0 1.5 -1.3 -6.6 3.2 -1 5 -0.7 -6.7 3.9 -2 -0.6 -0.7 -8.7 -4.6 8.2 -5.6 -2.5 2.3 3.8 5.1 5.1 -2.7 -8.9 -3.5 6.8 -1.9 -8.7 -1.7 -0.1 7.7 3.5 -8.6 -3.6 6.9 4.6 0.7 -2.8 9.1 4 -8.9 -7.7 8.7 -4.3 -6.4 
-20.3703 0 16.0287 -0.689729 -9.31797 -4.12512 13.2178 1.70002 0 0 15.8608 0 -6.21219 7.97042 -0.87266 -0.407031 0 0 0 0 -11.411 0 -4.09418 -1.67312 0 0 0 0 0 0 12.5639 0 
9.3 -6.1 -1.9 -8 1.4 7.1 7.1 -8.2 9.6 3.4 -1.7 6.4 6.7 -0.3 -10 -3.3 -2.6 3.5 -6.7 -1 -4.3 3.2 4.9 2.9 2.3 -1 -0.8 4.7 -7.1 4.9 3.5 -7.8 4 6.8 -5.7 -4.5 3.9 6.6 -7.5 3.6 -4.7 -4 -4.8 -8 5.7 -9.6 -1.3 8.3 4 2.1 -7.4 9.7 -9.5 2.7 -2.2 2.8 
-19.3251 0 -1.85665 -5.73295 -3.82507 -8.19452 0.695468 1.69469 0 0 20.7941 0 1.03247 5.26805 -0.306009 0.602062 0 0 0 0 19.2577 0 -12.4406 -0.0342933 0 0 0 0 0 0 18.1091 0 
6.9 7 -7.3 9.8 2 6.3 -7.9 -4 -1.7 -8.4 -3.3 -7.7 8.2 -0.8 1.1 -6.5 5.3 6.3 -9.2 -3.8 6.8 -0.5 9.8 -4 6.8 7.6 -9.1 7.3 0.3 -1.3 -4.6 -2.7 -4.3 -1.9 -7.7 2.9 9.6 -5.6 4.2 -2 -8.8 -9.1 -4.5 4.7 -4.6 6.6 3.4 5.9 -1.9 4.2 7.3 -9.9 -6.2 7.1 -8.7 5.8 
-23.3547 0 0.924869 -5.97097 -2.87352 0.0843515 4.78791 -0.118606 0 0 26.0676 0 -7.57524 2.10988 -5.359 6.02859 0 0 0 0 -19.1528 0 -9.10482 1.29306 0 0 0 0 0 0 -16.3441 0 
-0.1 -7.8 -1.6 5.5 -3.9 -1 8 -2.9 2.3 -9.7 -10 2 -10 4.2 5.2 -8.8 0.4 -9.3 5.9 5.8 2.5 -0.6 1.7 5.8 -6.4 -1 6 -7.4 -8.6 7.3 3.7 -3.5 4.8 -7.9 -8 -9.1 -3.7 -10 -6.8 8.6 -9.6 -6.7 -4.2 5.6 2.7 -9 6.8 -6.9 6.9 2.8 4.1 -5.4 7.4 -4.2 -9.5 -9 
23.8074 0 -4.96737 -9.76169 5.61549 -7.24188 -6.91719 8.44193 0 0 20.441 0 4.10309 -1.7548 -1.95405 -2.42367 0 0 0 0 20.9331 0 -3.96484 -2.08323 0 0 0 0 0 0 21.8127 0 
0.1 6.5 8.9 -3.3 -1 2.6 3.2 -6.2 -0.1 0.5 -10 6.2 -4.3 -6.8 4.8 -3.9 -8.3 -9.3 6.9 -0.3 6.9 3.8 2.8 3.9 -8.2 -3 8.5 9.2 -2 4.2 5.4 3.3 0.7 4.3 -10 5 -7.9 -1.5 8.8 2 9 4 -6.6 -5.3 2.5 8.3 -3.9 -0.6 4.2 -7 9.1 -3.7 2 2 5.4 3.8 
-21.3719 0 7.96465 -1.69755 1.72469 -5.69906 8.5514 0.612953 0 0 25.6897 0 1.9412 10.8185 -0.385304 -2.912 0 0 0 0 -12.154 0 1.9824 -0.908534 0 0 0 0 0 0 -14.2743 0 
4.2 -0.8 3 -7.8 -6.6 -1.5 0.8 -0.6 8 0.8 -5.6 -9.8 4.5 8.4 2.2 -1.3 2.5 5.7 3.5 -9.8 -0.8 4.8 -0.4 8.6 3 -6 -5.1 -4.9 1.2 5.6 8.9 -4.6 -5.2 -2.8 -7.2 -1.8 5.7 -1.2 7.6 3.7 9.7 -8 3.9 -0.6 -9.5 -8.6 8.2 -1.8 2.3 -3.1 -6.4 -8.5 -8.3 -1.6 5.3 -0.1 
-19.3528 0 -1.54655 11.3079 2.69729 3.82632 -9.26379 -5.9795 0 0 20.2274 0 -11.9722 -5.77788 -5.3952 2.13364 0 0 0 0 -16.2498 0 3.11682 -5.23386 0 0 0 0 0 0 -12.6376 0 
2.4 5.4 5 -6.4 1 -0.8 -5.8 5.8 6.4 -7.7 -5.9 2.1 1.1 6.9 -9 -4 9 0.2 5.5 4.7 1.6 -1.1 8.1 -6.1 5.8 -8.3 -9.4 7.5 0.1 1.1 -2.6 7.8 -3.5 7.7 6.6 7.6 -3.1 6.1 3.4 -6.7 3.6 2.7 0.6 9.9 -0.3 1.6 -4 -6.1 7 6.7 8.6 -1.4 -9.2 6.7 -2.3 6.6 
-22.4593 0 1.2329 7.94727 0.0369557 -7.12088 3.7303 1.54947 0 0 22.6508 0 1.70704 2.48481 -2.64022 -1.93832 0 0 0 0 13.2157 0 0.429722 -0.398917 0 0 0 0 0 0 21.5829 0 
3.6 -6.5 -0.7 -6.3 4.6 1.9 6.7 -8.8 -0.4 3.4 4 1.7 -0.5 -2.6 5 -6.9 -9.8 -9.2 -7 -4.9 2.5 -5.8 -1 -5.3 6.1 -2.4 3.4 6.9 9.5 6.3 3.5 3.1 5.1 8 2 -0.3 0 -1.2 -3.9 9.6 7.4 -9.9 1.4 -3.1 -7.2 -8.4 -4.8 8.2 -7.5 -1.8 -6.7 0.2 -2.3 2.3 4.9 9 
-24.3485 0 -10.6458 1.96357 -4.13372 -0.804977 -0.640286 -4.20231 0 0 -11.6039 0 -4.72631 3.55884 -4.5558 5.32444 0 0 0 0 -16.8312 0 -1.64215 11.4266 0 0 0 0 0 0 18.6577 0 
5.1 -6.5 6 4.6 9.9 -5.3 -7.1 0.2 -7.2 4.9 9.9 2.8 8.9 -8.7 -2.4 6.3 6.6 9 8.4 9.4 5.9 -6.4 7.6 8.4 -2.9 -9.1 -6.2 0 -1.6 3.9 -1 -6.5 7.5 -5 8.1 2.6 -5 6.2 -7.2 -2.2 -3.6 7.9 5.8 -4.7 4.4 -6.6 6.9 1.1 7.7 0.5 -4.3 3.6 4.2 -6.6 -2.8 6.5 
-24.001 0 -2.48281 0.634139 7.44634 4.46981 -5.04103 5.89391 0 0 -22.6573 0 -4.59381 10.9055 -4.02504 -7.75232 0 0 0 0 18.6182 0 -6.02336 4.34797 0 0 0 0 0 0 -15.2126 0 
9.5 1 -3.5 -6.8 -5.1 0.7 -3.3 7.6 5.8 -9.9 0.2 6 6.3 -1.8 -6.2 -7.3 -8.6 9.6 -6.7 5.8 -7 5.4 -3.1 -9.3 -4.1 2.7 -0.5 -9.9 1.3 6.7 1.8 -4 -7.1 3.5 -0.8 -6.9 -5.7 1.2 -9.3 5.3 1.3 -3.8 1.3 -7.2 -0.4 5.1 -4.4 1 -0.1 -5.9 -3.1 -1.9 9.5 -1 -1.1 -4.6 
-22.9506 0 -0.541598 -2.67226 -7.02073 -5.49659 -1.48449 -2.89883 0 0 -19.465 0 3.70978 3.13156 6.06681 -0.132903 0 0 0 0 15.5707 0 -2.87824 -4.08013 0 0 0 0 0 0 -18.9912 0 
6.9 3.6 -9.2 -1.8 0.4 2.6 -0.5 3.3 -8.6 8.7 6.4 -4.3 -4.9 2.4 -9 6.4 3.8 2.3 9.3 -6.6 -7.4 -9.9 4.5 2.5 9.4 6.6 -9.4 8.9 -4.4 -5.3 9.5 -7.4 8.4 -9.7 -4 -6 -1.8 5.5 7.3 -5.2 -0.5 -1 0.5 4.6 6.6 -3.3 -3.7 0.4 9 -9.2 -1 6.8 6.1 -6.5 -0.7 5.5 
-26.3327 0 8.49439 -2.36322 0.222537 -1.20459 -9.91658 0.721157 0 0 -22.0876 0 6.88383 7.73846 4.08558 -4.86017 0 0 0 0 17.1912 0 -5.10311 9.73272 0 0 0 0 0 0 -13.0227 0 
-9.9 -4.9 4.4 -9 -4.9 -0.9 8.8 -6.5 -5.3 -5.2 -2.5 -1.9 5.6 -10 2.9 -4.9 -5.8 -6.6 4.9 6 0.1 6.4 -3.6 -5.7 7.2 5.5 -8.9 3.3 4.2 -4.4 -6 -0.4 -4.1 3.6 -4.2 1 -7.2 -5.4 -0.3 -2.5 -0.6 2.4 5.6 -5 2.5 -1.5 -4.7 1.9 -2.9 5.5 -2 2.4 1.9 -0.4 6.7 -5.6 
20.2729 0 -3.2467 9.0071 1.76245 0.46614 -4.07835 9.31293 0 0 15.9192 0 1.35896 5.73195 -3.86349 4.51983 0 0 0 0 -17.0116 0 2.00395 0.279944 0 0 0 0 0 0 14.1137 0 
-9.7 3 2.9 4.6 8.6 7 9.4 -5.5 -4.2 -4.8 0.8 -1.4 -0.2 -9.5 1.3 4.4 3 -7.9 4.7 -9.3 -4.2 -10 -2.2 2.9 0.7 5.8 -4.7 7.9 -9.3 7.2 7.5 -9 0.2 0.4 0.8 -6 -7.4 0.2 -1.4 -1.5 0.6 4.6 2.3 -9.6 5.1 -6.3 0.1 -6.7 -9 -5.2 9.2 -3.1 -10 -2.9 5 0.8 
19.4697 0 0.381618 2.89167 8.39406 -5.60357 -14.973 -1.5917 0 0 -21.097 0 -11.3386 5.43247 0.974232 5.75957 0 0 0 0 -20.9331 0 2.72522 -2.20183 0 0 0 0 0 0 -9.58067 0 
8.1 5.6 -1.3 8.8 2.8 -3.8 5.1 8.3 1.8 -4.1 -7.7 4.5 1.4 -3.9 8.2 7.2 -9.3 -4.3 2.9 1.1 -0.6 -7 4.4 -4.3 -2.2 3.7 2.6 -2.2 6 -7.2 8.6 4.1 8.4 -7.5 -1.8 -3.5 -6.1 -6.7 -5.2 5.8 -5.6 -7.7 -4.5 1 -1.5 8.9 -1.7 -5.6 -5.4 -8.8 5.5 -0.7 -5.8 0 5 2 
-23.7611 0 1.43217 -0.908207 0.591303 8.67131 1.35894 -6.9235 0 0 15.6363 0 -1.16405 -5.49912 4.22196 -7.30982 0 0 0 0 -16.3314 0 2.682 -7.98719 0 0 0 0 0 0 -16.5681 0 
8.9 -7.2 5 4.9 -4.4 3.7 -5.8 -5.9 1.4 2.4 -4.2 5.4 0.9 -4.2 -3.6 5.4 -1.9 1.9 -8.4 1.8 -4 -0.1 6.3 0.6 -3.7 1.8 9.9 0.5 7 0.1 7.7 1.1 2.9 2.8 -8.8 8.6 -8.3 -4.5 7.9 -1.7 7.9 8.9 -6.3 -1.1 -5.3 -4.7 9.5 -2 2.4 -8.9 9.9 8.4 1.1 1.4 -5.7 2.6 
-20.1435 0 5.56259 -14.6623 11.0765 -1.06287 -0.000992877 13.9499 0 0 19.5656 0 4.64036 2.10853 2.01749 -2.43044 0 0 0 0 10.4504 0 -8.07422 1.82637 0 0 0 0 0 0 -11.6967 0 
8.4 -5.8 -6.8 0.7 -0.4 6.1 -8.2 -7.5 -5.9 -6.9 6.3 -9 -1.4 -0.6 -0.6 -8.3 -6.5 -1.7 -4.2 -1.8 3.7 -4.7 1.5 -8.7 -8.3 1.4 9.8 -2 8 -5.9 -9.4 6.4 -6.5 -6.2 -7.7 3.1 5.2 -5.8 0.9 4.5 -7.5 -7.6 5.6 -3.7 -2.9 -9.8 -2 0.6 -1.5 -0.9 8.9 7.4 4.4 -4.4 8.8 6.1 
-22.369 0 4.16157 -3.1195 0.95266 -11.148 -3.82003 4.07663 0 0 -22.5657 0 -0.733374 6.13181 -7.602 -1.10129 0 0 0 0 -14.6563 0 4.26619 -6.75481 0 0 0 0 0 0 19.6476 0 
7 3.8 -5.9 0.2 7.9 -5.2 -8.2 6.6 -6.2 -5.8 -5 4.2 -1.6 5.9 -1.2 -3.9 3.5 9.6 2.4 -9.4 9.8 5.6 1.3 -6.5 -5.3 -4.6 6.2 4.4 1 0.2 -4.3 -6.8 -6 -4.9 -1.4 7.1 -0.1 0.4 -1.1 -1.1 4.6 3.9 8.4 8.2 -5 -2.8 -5.7 8.6 -3.2 1.9 9.2 -8.2 -2.4 -4.3 -4.7 -2.5 
-19.9852 0 8.48776 5.88934 -2.86762 8.06445 -1.17887 -7.78274 0 0 21.5577 0 -5.04993 -0.845523 4.47317 4.01366 0 0 0 0 -14.5961 0 2.6051 9.73265 0 0 0 0 0 0 13.181 0 
-3.7 -8.5 -8.1 2.5 -3.1 -2.3 0.9 0.9 -2 9.5 -6.8 3.1 0 2.2 -8 -5.4 -8.7 5.6 -7.1 -3.6 -7.2 -7.6 -5 -5.2 4.4 9.4 -8.2 7.2 -9.6 -2.8 -5.3 -3.3 -6.1 -8.1 9.3 0.9 -5.2 -4.6 7 2.8 -5 5.5 -4.1 5 -7.1 -6.9 4.8 -5.8 8.8 7.7 0.6 6.8 5.4 0.8 6.9 -0.2 
26.2633 0 6.34346 10.766 4.70809 7.12287 -5.64819 7.11983 0 0 18.1583 0 0.410815 6.96616 4.81527 0.144693 0 0 0 0 16.8452 0 5.07873 4.64418 0 0 0 0 0 0 -13.9214 0 
0.3 8.7 -3 0.7 -8.9 -3.1 2.6 -9.7 -6 -2.9 -3.6 -1.2 2.6 8.6 -8.4 7.6 4.1 -7.3 -2.2 2.2 -4.1 -7.4 6.5 9.9 -9.6 -7.7 6.7 5.8 3.2 -1.2 -9.2 8.7 -2.4 -7 -0.6 -6.1 -4.9 7.2 -5.8 -0.8 -5.6 0.6 8 2.2 -0.7 4.9 -0.2 8.6 2.8 7.6 0.9 8.7 -9.8 -7.4 3.8 5.8 
-22.2221 0 1.55206 -1.02511 7.64601 0.742955 -0.0441003 11.7527 0 0 17.0748 0 -6.32717 3.66205 5.53482 3.14581 0 0 0 0 19.7859 0 -4.52114 8.73847 0 0 0 0 0 0 20.2647 0 
-5.1 -4.2 -3.2 8.1 4.6 -7.2 2 7.4 -4.2 -8.6 -8.6 -3.8 3.9 -4.4 5.4 3.5 1.5 3.4 -4.3 6 -6.5 0.7 4.6 6.4 -1.7 -4.5 0.3 -6.3 -6.7 -5.8 4.8 -1.7 0 6.8 -8.4 -5.4 4.9 3.7 -7.9 5.9 0.3 8.7 -7.9 -5.8 -5.7 7.5 7.7 1 -3.8 8.6 -3 -0.3 -0.7 -8.3 -3.9 2.8 
19.5607 0 0.621655 3.78208 4.00497 8.53754 1.23309 1.57357 0 0 21.1823 0 -5.33367 -1.50693 -0.161357 -6.42964 0 0 0 0 17.4646 0 -10.8129 0.618107 0 0 0 0 0 0 -14.3568 0 
-7.6 1.7 6.6 -4.2 5.9 -3.4 -0.7 -4.1 8.6 0.9 -4.3 3.5 -5.4 -7 -0.5 0.2 -8.3 1.6 -0.4 -8.7 -0.8 -2.6 2.3 0.6 -4 9.4 -9.7 0.6 6.3 -8.3 -6.6 3.9 3.4 5.2 4.9 -0.7 -8.2 -5.8 0.4 -9.5 0.4 1.3 -0.8 0.2 4.4 8.7 -9.6 6.1 -4.4 0.1 2.6 4.8 2.7 -5 -4.6 3.9 
19.2627 0 -2.87032 8.73088 -13.5729 -0.0145359 0.822316 1.87617 0 0 15.2562 0 -5.56635 -4.21828 5.63177 -3.12366 0 0 0 0 15.3534 0 -0.40053 6.94042 0 0 0 0 0 0 15.6256 0 
9.6 -9.1 -5.5 1.1 -7.4 -2 -9.8 1.2 -6.8 5.2 5.7 -9.7 4.6 -3.9 6 -5 2.7 -4.8 5.3 -2.9 -6 5.7 8.4 -5.2 -9 1.1 4.8 3.7 1.3 5.4 -2.3 -3.9 6.3 -2.6 2.4 4.2 5.4 2.6 -4.6 3.9 -2.2 6.4 4.2 -7.5 7.7 0.2 -7.3 0.4 5.4 8 7.5 4.6 -1 6 9.4 0 
-23.3709 0 5.93259 1.58231 4.25828 5.4033 3.31566 1.18523 0 0 -19.1904 0 -6.32857 -7.39341 -10.0407 2.5505 0 0 0 0 13.5896 0 -9.73605 3.45809 0 0 0 0 0 0 15.1094 0 
-7.7 4.2 9 -1.2 -0.4 -8.1 4.9 -8.8 -0.7 -7.5 5.4 -5.2 5.1 6 8.7 8.2 2.4 2.9 5.9 0.2 8.3 8.6 -9.4 3.7 6.7 3.4 -6.4 -9.1 -5.4 -7 0.9 -3.1 2.5 -4.9 5.7 7.3 -3 -4.2 8.5 6.4 -1.7 3.9 6.4 8.6 -4.8 0.3 6.8 7.6 -6.8 2.7 -7 6.7 -3.4 -6.3 0.4 -6.7 
17.498 0 -1.79278 -3.44725 -3.77815 6.35273 -9.79883 10.3835 0 0 -24.0157 0 -3.00746 -6.77613 -8.38275 -5.3775 0 0 0 0 -18.445 0 3.9574 -10.2093 0 0 0 0 0 0 -14.007 0 
7.1 -0.8 9.4 -8.3 -2.5 -4.5 -6.2 -10 0.7 4.7 7.3 7.7 5.7 5.9 -0.7 9.2 -5 -4.3 7.8 0.2 6 4.7 -6.9 4.4 -7.4 -3.9 1.1 -0.8 -0.2 6.8 -2.3 -7.9 -4 -2.9 9 -1.3 -2.1 8 -1.3 8.6 -2.1 -8.7 6.3 -6.4 2.4 -9.1 -7.2 7.4 -3.4 5.9 -7.1 -7.3 -4.2 -4 7.1 -1.6 
-18.384 0 -3.32301 -6.99958 0.417212 3.54276 1.76458 12.0328 0 0 -23.2285 0 -11.7198 -0.551147 0.987663 -5.13738 0 0 0 0 -15.4404 0 2.22284 -3.23163 0 0 0 0 0 0 20.07 0 
-2.7 -6.5 2.9 2.4 -9.7 5.8 4.5 -8.5 8.2 -1.2 0.3 -3.9 -3.2 4.2 -5.3 0 5.5 6.2 3.6 -6.9 7.1 1.7 5.8 -6.2 -2.4 8.7 -8.3 3.4 9.9 4 7 -2.8 2.7 -4.9 9.6 -1.8 -9 -0.6 -0.2 9.2 8.2 5.3 -4.7 -9.8 -5.3 -4.8 -4.6 5.5 -8.6 9.1 8.6 3.8 -4 4.4 2.8 -1.2 
23.4896 0 -3.61394 -5.94647 0.0859956 -10.087 -5.84302 -0.00936586 0 0 -20.5912 0 8.59645 0.880731 3.17184 0.398156 0 0 0 0 -17.7296 0 2.06881 6.44964 0 0 0 0 0 0 -17.454 0 
-1.7 4.5 -7.8 -6.6 -6.3 4.4 0.7 6.5 9.6 -4.5 -5.3 -9.4 4.9 -0.3 5 -1.7 -9.8 -9.7 -6.2 -5 -4.5 -0.8 -9.5 -7.9 -6.5 9.1 1.1 -0.5 -1.2 -6.1 8.3 2.3 3.6 5.7 5.8 2.6 0.2 -3.5 -0.9 -5 2 -1 -9.2 -7.8 8.8 5.8 -4.3 9 6.1 -0.5 -6 6.8 4 9.7 4.1 7.5 
23.2088 0 2.48354 -4.123 4.10059 5.28376 8.28736 -2.78342 0 0 23.037 0 -2.17038 -7.55607 -0.304641 -9.7689 0 0 0 0 16.4199 0 6.1729 9.22552 0 0 0 0 0 0 14.1656 0 
4.1 -4.7 -7.7 -7.1 -5.6 5.8 5.2 3.3 1.6 1 -4.1 7 2.7 5 7.2 -10 -6 8 7.4 8 3.8 -6.9 7.1 -0.1 -2.1 6.3 -8.1 -8.1 6.1 1.2 4.6 -4.6 1.7 6.9 -1.7 6.2 2.8 8.7 -0.5 9.6 -5 5.4 6.6 2.9 -4.4 3.8 2.9 -0.4 1.8 -4.5 -7.1 -9.2 -1.3 -10 0.7 1.8 
-17.7401 0 -2.19785 9.33142 -1.45546 2.86414 1.85005 2.71983 0 0 23.7051 0 1.77703 -4.56216 -3.19525 0.494465 0 0 0 0 -19.5632 0 -3.14042 2.4037 0 0 0 0 0 0 18.7165 0 
1.5 -2.2 3.7 -7.2 9 -6.5 -1.8 0.8 -9.5 1.7 -7.8 -1.5 -4.3 -3.1 -1.9 0.7 -7.7 9.9 -6.4 -2.1 -1.1 1.8 2.7 -9.3 7.3 5.6 -8.5 -8.8 0.8 -2.6 3 7.6 0.4 -8.1 5.6 -5.4 -4.5 -6.1 0.6 -8.8 0.8 2.8 -0.3 6.5 9.7 3 -2.8 7.2 2.9 -3.9 -9.7 -8.2 3.1 -1.7 7.7 -4.4 
-20.9774 0 -3.71305 -3.59292 -7.64348 1.72138 -4.54347 -5.2242 0 0 23.6891 0 5.21903 1.14584 -2.7232 3.4373 0 0 0 0 -15.6944 0 -0.563184 -3.69484 0 0 0 0 0 0 -17.4217 0 
9.1 4.4 -3.1 -4.8 7 5.1 -7.2 -7.4 2.3 8.4 -2.8 3 7.5 7.9 -0.6 -1.6 -4.1 9.1 -5.1 -9.1 -2.7 -2.6 8.1 -9.8 3.5 3.7 7.2 -3.4 -8 0.1 -2.6 -8.9 -5.5 4.3 -8.5 6.7 -5.3 -5.7 9.3 2.2 8 -8.3 -9.6 0.7 9.6 -0.2 9.1 -9.2 -1.1 9.3 -8.3 6.2 -3.3 5 1.6 5.4 
-23.9355 0 0.840173 -1.73591 -10.9778 -8.07878 5.07154 6.69883 0 0 23.1325 0 -4.14313 0.836232 -0.709496 -0.985711 0 0 0 0 -16.0236 0 -4.68106 -3.34253 0 0 0 0 0 0 23.2913 0 
-1.3 -6 7.2 -4.1 4.1 -5.4 -7.7 3.8 4.2 -6.2 0.5 8.9 -1.8 -5 -3.7 -8.6 -3.3 -3.3 2.1 -8.4 6.5 -3.5 -7.6 -9.4 -4.2 -5.9 2 2.5 9.1 8.8 -2.1 -6.9 -7.2 -4.9 -1 6.9 -0.3 1.3 -4.1 9.1 5.2 1.6 3.2 8.6 6.6 9.5 -10 8.5 -8.6 -2.7 -9.9 7.9 3.8 7.7 3.7 9.6 
18.8335 0 1.45486 0.812914 -3.06316 1.12778 1.03061 -9.85744 0 0 22.8863 0 9.97757 -4.4752 2.00355 -1.94051 0 0 0 0 -19.1845 0 -0.137048 0.937078 0 0 0 0 0 0 -25.1064 0 
-8.2 -4.3 -2.7 6.2 -5.5 0.4 9.3 -7.5 0.7 -6.5 4.6 -9.5 4.9 -9.5 4.8 -4.7 -2.7 -1.9 -6.1 -6.1 -2.4 9.1 7.7 -0.9 -3.6 3 -7.8 5.5 0.8 6 5.1 2.6 6.9 7.7 -6 -8.5 -1.9 -6.7 9.2 8.9 -3.1 3.9 4.6 7 -0.4 -0.6 -7.7 7 7.5 -8.6 6.1 -9.6 -9.5 3.8 -0.5 -7.9 
20.5733 0 8.146 -4.9749 -2.76378 -6.62218 10.0922 2.77787 0 0 -23.2233 0 -3.16316 2.65751 7.95371 1.04319 0 0 0 0 -18.8422 0 1.47515 -2.29334 0 0 0 0 0 0 -20.8371 0 
-3.1 -3.1 7.6 7.7 -7.1 -2 -4.5 9.9 -4.3 -0.4 6.6 3.8 -1.9 5.8 -2.1 0.2 -5.1 -7.5 -7.6 4.6 -2.8 -5.3 1.6 -5.3 -3.9 -2.3 -4.9 -8.2 -8.4 -0.2 -6 -6.3 6.8 -8.4 6.6 4.9 -0.4 -7.9 4.8 0.5 -3.1 -3.4 9.6 5.1 7.7 -2.5 -9.5 -7.4 -4.7 -7 7.2 2.5 -7.1 -1.2 7.2 -5.7 
18.7 0 -6.94225 3.76898 11.3021 -6.48289 8.06417 6.15027 0 0 -22.9489 0 -2.11061 1.59129 -2.13663 -4.57628 0 0 0 0 -14.1914 0 4.27922 8.54029 0 0 0 0 0 0 16.1885 0 
1.8 7.6 -3.9 -1.4 -7.4 0.1 2.3 9.4 -3 -1.1 -0.4 1.8 -3.8 9.6 -7.6 3.2 -3.7 -8 -6.5 -6 -5.3 9.2 -8.2 0 -7.8 4.3 -7.5 -9.6 8.3 5 -5.3 0.1 -2.2 0.8 8.7 0.4 6.2 -3.8 -4.9 -6.8 5.1 4.7 0.2 6.6 4.3 2.6 -5 5.8 -0.2 -6.3 5 -0.2 -7.1 6.9 9.8 -9.6 
-17.9315 0 -4.70177 -8.64566 7.44666 9.8904 -12.971 -4.09948 0 0 17.1717 0 4.11151 -6.13621 1.4664 -5.71185 0 0 0 0 -18.3388 0 0.394364 0.643159 0 0 0 0 0 0 -18.8065 0 
1.2 7.6 -9.2 -5.3 -2.2 -4.5 4.9 0.8 6.3 3.6 6.4 -2.3 5.1 -8.5 0.9 -4.6 1.4 -8.8 -8 -9 -1 -3 6.8 4.1 0.7 -2.9 -6.1 -1.1 -6 8.9 -0.7 0.4 1.7 -4.7 5.1 4.7 0.8 -4.8 -4.5 -7.7 4.1 7.2 0.1 -0.8 3.9 6.2 4.6 -4.6 2.6 1.9 -8.4 6.9 8.9 8.4 1 -5.1 
-17.4399 0 -1.15482 0.778101 -4.77812 4.98225 1.14393 6.08088 0 0 -22.5251 0 -4.83218 9.4674 9.87566 -2.01475 0 0 0 0 -17.7489 0 -2.74803 -0.851644 0 0 0 0 0 0 10.5375 0 
-4.5 0.1 -1 -5.3 -5.8 8.3 0.3 1.2 8.8 -9.3 -8.9 -0.4 -8.9 -8.1 -2.9 5.2 9.1 2.4 9.6 3 -1.3 4.3 3.6 6.5 -3.8 5.2 3.4 -9.7 -1.1 9.6 -9.6 -0.4 -0.3 -0.6 -0.4 -0.8 -7.1 9.9 5.6 -8.3 5.8 6.7 -3.5 2.2 8.6 3.7 -2.6 7.7 -3.9 -2.9 0.8 0 6.6 9.6 -3.4 8 
20.4167 0 -2.32702 -0.0181225 4.59478 -11.8051 1.83771 6.96392 0 0 18.1214 0 -3.50204 1.94555 4.11076 -4.45816 0 0 0 0 23.5832 0 2.42949 3.93979 0 0 0 0 0 0 17.7848 0 
4.9 -10 3.5 -6.2 9.7 4 3.4 -5.4 8.6 -7 -1 -8.4 8.2 -5.4 8.5 -0.8 -8.6 -4.9 -8.6 5.2 4 -5.9 3 5.3 -3.6 9 -4.6 -7 8.6 -2.8 6.2 -1.3 -2.8 -0.3 2.5 -7.9 8.9 -4 -8 7.6 -5.8 1 9.2 -7.6 0.9 2.9 -3.1 -2.5 8 -1.7 -7.3 2 2.4 0.9 -2.6 8.8 
-23.4171 0 -0.170815 1.43229 -1.95712 -5.89356 -2.70785 -1.62531 0 0 23.6575 0 -0.264315 13.9528 -1.06413 -3.86245 0 0 0 0 -14.7236 0 -3.52241 -5.51425 0 0 0 0 0 0 -18.5421 0 
-0.1 -2 7 -6.2 5.2 3.2 2.5 7.6 8.2 -4.9 9.8 7.1 -3.7 7 4.7 -4.3 -6.8 -0.9 -6.6 4.1 -7.9 0.3 -8.4 5.3 3.8 9.6 -7.4 -3.7 0.5 -4.8 -9.7 5.7 3.2 2.6 9.5 -6.4 -4.2 2 -8.8 9.2 2.3 6.2 6.4 3.8 3.2 -3.7 4.8 6.5 0.7 8.2 -4.2 2.8 -6.3 -7.3 -6.7 7.5 
19.426 0 5.5019 5.36909 -7.74117 2.71183 11.2365 8.28219 0 0 -22.7091 0 -3.75185 -7.28285 1.34043 1.27518 0 0 0 0 13.7809 0 10.053 -4.17698 0 0 0 0 0 0 18.4809 0 
-7.7 -4.1 9 2.8 1.1 4.6 -1.5 9.5 -2.8 -6.8 -6.9 -1.8 0.5 9.6 -2.5 -7.2 5.8 -6.1 1.9 -5.7 -4.6 -3.3 6 6.1 -9.9 7 -5.9 -6.2 9.7 -2.5 -8.7 -8 -1.4 5.6 0.1 9.8 0.2 3.8 4.5 7.4 2.3 2.9 -4.4 -7.2 2.5 3.1 -9.2 -6.5 2.2 -2.1 -7 7.7 4.6 9 -1 4.7 
20.1075 0 0.186498 1.93112 -9.3065 -6.05944 1.95649 5.98534 0 0 22.8214 0 1.08964 -4.25486 13.6883 3.08447 0 0 0 0 -15.3965 0 4.16885 3.91945 0 0 0 0 0 0 17.8662 0 
1.3 3.2 3.7 1 -9.3 5.1 -1.7 -0.7 0.7 3.6 -5.7 -9.1 -7.4 8.9 3.5 4.9 1.8 9.1 7.7 9.5 2.3 3.8 -7 9.7 -8.3 -8.7 7.4 1.6 5.5 -3.5 -8.5 -3.2 4.9 5.3 7.9 5.6 -4.4 -8.6 -9.9 1.5 5 9.7 -2.4 7.6 3.8 -8.9 2.6 -9.2 -9.8 -4.5 -9.7 -2.3 9.3 8.5 -2.5 -8.9 
-23.3129 0 -9.94086 -1.17875 8.97573 0.410074 -5.89588 -4.01924 0 0 22.2106 0 -7.15606 -10.6064 -11.9717 11.3156 0 0 0 0 -20.2478 0 -6.30167 -1.27711 0 0 0 0 0 0 -13.3686 0 
9.8 -9.9 2.7 0.6 -8.2 4.2 7.4 6.7 -5.3 5.3 2.3 0.3 6.7 -2.3 -8.2 -3.1 -7.4 -0.6 -5.4 6.4 0.5 2.4 7.2 -4 7.9 2.7 3.7 2.5 -3.6 6.4 3.6 -8.5 6.6 -8.5 2.1 8.4 0.9 -0.5 5.2 5.7 -9.9 -7.3 -4 2 -4.4 -6.9 9 -1.8 2.5 8.8 -5.4 8.3 1.2 7 -5.7 -0.9 
-26.9416 0 -4.04653 -2.61863 0.63916 -1.00068 4.61851 -13.7004 0 0 -16.519 0 -3.84502 0.0128951 2.59563 6.89042 0 0 0 0 -17.2414 0 11.5403 -0.572015 0 0 0 0 0 0 -10.4818 0 
-5.1 3.2 -8.4 -3.4 -0.3 0.4 -1.9 -3.7 -2.9 5.4 9.9 8.1 -9.9 5.1 -1 -9.8 3.1 0.2 -2.5 8.7 3.3 -3.5 -3 -8.9 -9.5 -3.2 4.6 1.7 9.1 8.9 6 9.2 -2.7 2.9 -4.2 7 -6.7 -0.9 8.5 -4.3 9.7 3.7 9 9.9 -1.2 -2 5.3 7.1 3.4 -7.2 5.9 -8 -5.5 8.1 8.3 -5 
19.2572 0 11.6876 3.35459 -6.59078 -1.79206 -2.24384 2.21008 0 0 -23.4166 0 2.5716 -7.64395 -3.09785 0.439758 0 0 0 0 -18.5671 0 2.29169 -7.23787 0 0 0 0 0 0 -22.5604 0 
-9.9 2.9 1.9 9.2 -3 -2 3.7 4.3 -9.1 4.7 -3.4 9.4 -6.1 -9.7 -9.7 8.8 4 9.3 8.7 8.1 -7.5 4.1 5.2 1.2 2.1 -3.7 3.2 6.7 -5.6 1.5 6.9 -5.4 -5.6 -1.1 9 1.4 2.1 2.7 -9.1 3 -2.5 -2.5 -2.4 -3.4 -6.9 -2 -4.6 7.1 -7.5 -5.8 0.4 -9.7 3.5 -4.3 1.5 -4.4 
21.6072 0 8.83364 -5.05017 1.42777 11.1773 10.5326 -6.08687 0 0 21.8081 0 -0.0671784 8.33834 1.46042 -1.8054 0 0 0 0 -12.1868 0 2.28619 5.04621 0 0 0 0 0 0 -17.6034 0 
-2.8 -5.3 7.5 1.7 1.4 4.5 6.3 5.8 8.6 5.3 -7.6 0.7 -1.9 -6.7 8.9 0.8 -3.9 -8.3 7.4 -0.8 -5.1 -7.2 -8.5 -2.5 -7.8 -2.8 -7 5.7 -1.9 4.5 6.6 5.3 9.2 4.1 -3 -4.2 -6.2 8.5 -8.4 -7.6 3.9 9.2 -1.7 7.2 7.7 -2.8 -6.8 -6.2 -5.8 -9.4 -1.8 -0.9 8.6 -5 1.8 -9.1 
24.7802 0 -1.67674 3.52902 -0.74858 0.98062 -3.91118 -1.38013 0 0 18.0121 0 -1.73083 -4.49074 -3.30653 -1.7009 0 0 0 0 20.6038 0 4.06888 -2.95207 0 0 0 0 0 0 23.3684 0 
2.2 4.8 1.8 5.5 -5.5 -1.6 0.8 8.9 7.8 7.9 -5.3 -8.4 6.4 -8.5 9.3 -4.5 -9.3 -2.4 7.9 8.5 0.1 -8.9 7.5 -0.5 6.9 -9 8.6 5.6 -8.8 -4.3 1.7 -1.4 5.7 -6.5 -5.9 -9.7 -2.8 4.9 9.2 -5 -2 -6 -8.2 9.7 -4.5 -8.9 -9.6 -8.5 -6 8.4 -10 -0.7 4.7 2.7 8.8 1.7 
-24.3575 0 4.94836 1.57159 1.21236 7.18422 -6.31714 6.48505 0 0 27.1272 0 -11.1497 2.5998 0.849616 9.32761 0 0 0 0 -17.2541 0 -7.89505 -2.77227 0 0 0 0 0 0 19.0424 0 
3.7 7.4 -2.7 0.1 8.3 9 8.7 4.1 7.7 -7.2 -0.4 -9.9 3 -1.2 -9.7 -9 -2 -7.8 5.9 3.6 8.5 6.4 0.3 7.7 0 -4.5 -3 -5.3 8.2 -4.2 6.4 -2.8 8.5 -6.3 7.3 6.8 7.9 6.1 -3.9 0.9 8.9 5.7 1 1.9 -5.4 -3.4 -1.8 -2.2 -1.2 -5.9 6.6 -7.5 5.7 -3.1 -9.7 -4.3 
-22.9033 0 -5.1604 -5.65421 -2.34726 -9.34932 1.12604 10.9556 0 0 18.3216 0 7.81615 2.90672 5.60467 -1.87492 0 0 0 0 -19.4525 0 -11.4902 -0.655643 0 0 0 0 0 0 -14.959 0 
2.4 -7.5 0.5 0.7 -1.6 -3.1 3.1 -3.1 -4.1 0.4 8.9 9 -3.5 -4.9 -4.9 -9.3 -9.2 6.2 -2.2 -9.4 -7.2 6 -1.5 -3.2 5.4 -4.9 -5.5 1.1 2.1 -10 6.9 -5.5 -7.4 -7.4 0.4 -3.8 -0.5 -6.5 3.1 0.6 4 2 -5.1 5.7 2.3 0 1.6 3.2 -8.6 9.5 -1 -5.8 0.7 7.5 -3.8 -8.7 
-23.4299 0 5.99277 -7.15069 -13.735 3.56681 -1.73624 -10.1481 0 0 -17.5016 0 3.71076 -0.860484 7.85138 -1.12452 0 0 0 0 11.3722 0 3.60765 1.23626 0 0 0 0 0 0 12.2278 0 
7.9 -4 -2.3 0 -4 -5.4 -0.3 -6.2 -7.6 5.4 0 -2.9 8.9 -6.9 7.8 -1.9 0.4 7.9 9.1 -7.3 -2.1 0.7 1.1 -0.6 -4.6 -9.8 -1.2 1.4 2.9 0.3 -2.1 0.8 6.3 5.6 6 7.5 5.4 -9 -8.6 7.8 6.4 1.4 -5 5.3 -0.2 8 8.7 5.4 5.9 7.8 3.3 -6.2 -6.3 -5.5 -1.6 -5.6 
-23.5525 0 2.96062 3.73294 9.04448 1.23724 2.12164 0.506528 0 0 18.0325 0 -0.435647 -7.52534 2.08057 3.19647 0 0 0 0 17.0108 0 4.67205 -1.8912 0 0 0 0 0 0 18.3973 0 
9.9 7.3 5.8 2.8 -7.2 -6.3 8.9 9.1 4.6 4.9 1.8 0 5.9 3.2 -2.1 2.3 9.9 2.9 -7.1 -0.3 0.9 -8.4 -9.7 -8 4.6 3.6 -4.2 8.3 3.3 -0.5 -7.3 3.2 -8 3.7 -8.7 -5.2 2.7 -9.8 9.1 -2.7 0.3 0.9 2.5 -3.7 -5.8 -9.6 3.8 9.3 -1.5 1.9 -5.8 4.6 -1.3 -5.5 6.6 -6.7 
-20.5295 0 -4.42096 -5.94413 7.46536 2.06922 3.94798 -1.00977 0 0 -17.4454 0 -0.308031 -4.61398 -3.10234 -12.7098 0 0 0 0 -19.9691 0 10.6496 -3.23584 0 0 0 0 0 0 -19.0043 0 
8.1 7.7 6.9 1.5 -2.8 4.8 9.9 -0.8 -6.2 -8.8 4 6.5 -8.6 3.1 9 -3 9.2 1.5 3.3 8.6 -2.8 -7.7 7.9 5.7 -0.5 -7.9 0.4 8.2 -8.2 -7.8 6.8 5.2 9.9 -1.1 -8.1 -2.9 8.9 -8.2 1.5 -7.3 8.3 -4.5 4.4 4.9 3.8 3.4 -8.1 -1.7 -9.8 0.4 -3.1 -2.6 2.8 -5.1 8.3 -7.7 
-25.9786 0 2.67412 -2.95319 -5.87483 5.35786 1.52972 -2.22336 0 0 -19.4486 0 7.60401 -14.5559 -7.8537 2.62806 0 0 0 0 -13.5294 0 4.62381 -6.3963 0 0 0 0 0 0 -21.6999 0 
-7.8 -6.1 5.7 9.3 -3.8 2.5 4.5 -8.7 6.6 6.4 -6.3 5.6 3.4 5.2 8.3 1.7 6 -2 -3.3 -5 6.6 -1.4 3.3 6.8 9.1 -9.7 9.4 -2.9 -9.6 7.8 -5.4 7.8 -8.3 5.5 7.1 -2.1 -6.7 -3.2 -0.7 9.9 8.4 -1.8 5.5 1.9 -6.6 -0.9 8.8 9.4 7.1 -9.3 9.7 -1.1 -0.6 3 -4.2 -6.3 
26.6329 0 1.81505 5.79509 -3.69769 0.459207 4.17003 1.95623 0 0 21.6747 0 -9.33253 2.66985 -10.543 -1.76357 0 0 0 0 -16.0799 0 4.09971 8.74374 0 0 0 0 0 0 20.1926 0 
-1.5 -9.6 -4 -1.1 8.2 -4.2 -8 -10 -8.7 9.1 -6.9 -5.4 -8.8 -2.4 -5.4 9.6 5.8 5.3 -3.3 4.5 -5.6 -4.4 -0.9 6.7 -3.7 -1.2 -9.1 0.9 -8.1 -8.1 -0.2 -4.4 -7.7 5.8 -0.2 -9.4 -8.4 1.8 5.8 8.2 -3.9 4.1 -7.2 -2.7 -8.2 -7.4 -3 2.8 8 3.7 -2.7 7.6 4.5 6.5 -0.4 -9.1 
23.074 0 1.52986 12.427 8.81685 14.8687 11.6087 -8.80774 0 0 -16.265 0 -0.821943 -6.30001 -1.15671 -10.3244 0 0 0 0 16.4055 0 -6.99262 -8.1842 0 0 0 0 0 0 -10.722 0 
-4.7 0.5 -3 -7.6 2.4 6.9 -6.7 4.7 2.7 3.1 0.5 -0.4 -5.1 -3.7 -2.2 1 5.7 -4.2 3.6 7.5 -1.5 5.8 0.3 -3.5 -5.3 2.9 -5.9 9.3 -0.6 3.7 5.4 -0.1 9.4 -7.6 -2.4 1.8 4.5 0.9 -8.2 -7.5 9.2 2.3 2.1 -5.9 3.9 5.1 0.3 -0.4 -9.1 9.1 -7.7 -0.6 4.9 -2.2 1.1 9.7 
22.9682 0 3.99639 3.28192 -1.46333 1.61614 3.41863 -12.1259 0 0 -18.4067 0 2.80365 -2.26052 2.93729 6.00544 0 0 0 0 14.7111 0 -2.10861 0.860163 0 0 0 0 0 0 -11.1699 0 
5.9 5.3 9 -4.7 -5.8 -0.4 0.5 8.9 -2.8 3.3 0.7 -8.2 9.4 -2.3 -5.7 8.6 5.3 1.6 7.9 -0.8 -3.3 -1.8 4 -7.2 -2.6 1.5 2.3 7.5 4.5 -6.6 7.2 0.5 3.9 1.4 1 3.4 -9 -8.5 2.3 -6.5 0 8.2 -4.7 -0.6 -4 -0.4 -6.8 -8.7 -8.8 -8.9 -4.3 -6.9 -0.6 4.9 -4.1 2 
-19.0355 0 -7.776 1.14313 10.5503 1.37953 -1.73255 2.04723 0 0 -18.2961 0 3.18581 0.11054 2.66574 3.56695 0 0 0 0 16.6071 0 1.99299 11.5012 0 0 0 0 0 0 -18.2441 0 
-8.4 3.4 -0.5 6.1 2.1 -8 -3.4 -8.8 -1.4 7.7 4.6 -5.1 4.4 -7.9 -1.6 -5.5 5.6 3.7 -0.9 -8.4 8.5 2.4 8.1 4.9 -1.3 9 8 8.1 -0.9 9.1 -4.7 0.7 2.6 0.1 -3.2 -5.3 -2.7 -1.3 -8.9 5.9 -3.6 1 -9.2 6 3.1 -5.6 5.7 -1.3 3.3 -5.1 -4.5 1.8 2.5 8.8 -3.3 -8.8 
18.1312 0 0.65357 -13.6191 -1.81014 3.92914 1.32644 6.27096 0 0 16.7977 0 3.6954 7.58284 -5.42646 2.02805 0 0 0 0 -18.8568 0 -6.83764 2.27076 0 0 0 0 0 0 -18.5469 0 
7.8 9.9 4.6 -3.1 9.1 5.1 2.8 -3.1 -9.6 9.7 -3.2 -2.3 -1.6 -2.1 8.9 0 8.9 4.9 -4 -2.7 9.4 -8.2 1.2 2.7 -8.1 2 -5.4 -0.4 0.8 -3.5 -4 -6.1 -8.3 -9.4 -4 -9.2 1 8.9 -7.1 1.4 3.8 -0.3 9.2 7.4 2.8 8.1 -2.6 1.8 3 -1.4 4.3 -2.4 -4.4 -4.5 -9.6 -7.3 
-26.4702 0 -6.66373 -2.32224 -2.10841 6.02301 1.26218 6.43403 0 0 17.7032 0 0.522899 9.86445 0.591541 -0.617766 0 0 0 0 -18.4187 0 -3.26645 -5.40082 0 0 0 0 0 0 16.8184 0 
2.7 -9.8 -2.5 -6.4 -8.1 3.6 -7.3 -6.4 -0.6 -1.3 -5.6 -9.6 -2.4 -2.7 1.9 6.6 2.2 -3.7 4 -4.9 9.6 6.6 2.1 -2.2 -9.5 -3.6 5.5 -3.9 -2.9 1.1 -5.9 9.9 1.3 1.6 8.7 3.2 -9.6 -8.6 2.1 -0.1 0.1 6.5 -4.5 3 9.1 2.6 -0.4 -3.5 8.9 -6.3 1.6 3.7 -9.7 8.9 -8.4 -9.2 
-19.8124 0 -4.38817 -4.05656 9.22353 3.96823 -1.48594 17.0959 0 0 18.7595 0 -2.54902 -2.85469 -2.24261 4.81129 0 0 0 0 -23.4624 0 1.33006 -0.74609 0 0 0 0 0 0 -11.4254 0 
-9.5 2.3 -7.8 -2.3 8.6 -8.5 -7.2 -4.9 -1.7 -8.5 8.3 -1.2 -7.1 -4.4 3.9 -1.8 -7.8 9.4 -8.8 6.5 2.1 0.9 8.2 -3.8 4.6 -4.9 -10 0.1 -6 6.8 -3.8 -5.4 -5.7 -6.4 -2.5 -7.1 -9.7 0.3 -2 -1.4 1.8 -8.5 2.6 -0.1 -2.8 -3.5 8.1 -5.4 -4 9.4 6.3 8.1 -4.5 4.5 -5.7 5.3 
24.8666 0 10.6291 2.03606 0.71421 -3.47333 5.16998 3.8248 0 0 -20.1932 0 1.50345 1.17651 -1.15783 -3.53694 0 0 0 0 21.0236 0 1.90426 0.580142 0 0 0 0 0 0 17.9365 0 
9.6 9.5 -4.6 8.9 6.3 -3.2 -6.5 5.8 -4.4 1 8.7 -4.1 6.5 -3.3 4.6 -1.7 -1.7 -2.8 3.4 0.7 3.8 1.5 5.3 5 0.9 1.6 -1.7 6.4 -3.9 -2.2 -3.1 -9 -2.6 2.4 9.9 8.9 4.4 -6.6 4.8 -9.9 -0.4 3.5 -4 -3.9 5.5 5.8 -0.4 9 -6.9 -7 -0.3 2.1 -0.3 -5 -7.7 5.9 
-18.3959 0 1.63514 -5.83608 -0.455536 2.86857 3.38064 -2.22441 0 0 -20.6147 0 1.62912 5.74454 -0.960496 4.67202 0 0 0 0 -15.7359 0 -8.0991 -3.45867 0 0 0 0 0 0 20.5734 0 
1.8 0.6 -2.5 3.1 8.4 4.5 4.1 -9 -3.1 4 -10 6.5 2.6 0 6.6 7.4 -6.5 -7.3 8.7 4.2 3.7 -1.7 3.2 6.8 -3.5 -7.1 -5.9 6.3 -6.9 -3.6 2.2 4.9 7 4.9 -1.9 0.7 -0.6 -7.8 1.7 1.5 1.5 1.7 -1.9 9.3 -8.3 -5.3 6.8 -9.5 -7.4 5.5 4.7 6.4 9.1 -6.8 -1.6 -4.4 
-18.7235 0 2.8531 2.27628 6.45125 2.71851 5.38734 3.88015 0 0 21.6764 0 -2.45216 -0.0268175 -6.69357 -7.50295 0 0 0 0 -20.1724 0 4.30331 1.1092 0 0 0 0 0 0 -16.7357 0 
-3.9 -2.2 7.1 -5.5 4.2 -5.5 9.4 -3.5 9.5 -7.3 7.2 -1.1 -9.8 -1.1 -9.5 1.7 5.9 -1.4 1 2.8 -1.5 -7 -1.5 -3.6 8.6 8.5 8 7.7 -8.3 -3.6 8.5 -7 4.2 0.9 -2.5 -6.3 5.4 -7.8 0.2 0.1 -5.1 -7.4 9.1 -4.9 -3.3 4.8 2 -7.4 8.6 8.3 0.7 -2.9 -8.7 9.2 -1.3 5.1 
24.2619 0 6.29382 5.46907 -7.90828 0.399804 -1.86259 -2.77101 0 0 -18.9203 0 6.74373 -0.746964 -4.37349 7.4886 0 0 0 0 -21.3017 0 -7.97754 -0.380587 0 0 0 0 0 0 -16.3273 0 
2.9 -3.3 -2 4.6 3.2 -3.4 7.7 -7.4 2.7 -9.6 -3.7 -1.9 -7.4 1.7 3.5 -7.2 4.3 -2.2 -6.9 -8.9 -7.4 0.4 8.9 -8.8 -1.3 -0.4 -6.5 -4.8 -5.9 -2.5 -9.6 7 4.2 -1.6 1.7 -2.6 0.2 -5.4 -4.7 -7.1 -5 1.6 -3.7 -7.1 8.6 9.8 -4.3 2.9 -2.4 -1.2 4 -4.6 9.2 3 -8.2 -6.9 
-14.1028 0 -0.135434 2.45766 5.91016 11.3949 -16.9009 3.63969 0 0 18.4234 0 0.474163 -1.21756 -0.51587 -6.01917 0 0 0 0 17.3721 0 -1.98889 -9.38989 0 0 0 0 0 0 16.2078 0 
7.8 -9.5 -1.6 -8.1 -2 -6 4.2 -7.7 -2.4 -4.1 -5.1 3.1 -4.3 0.2 6 -4.1 7.1 7.5 -1.2 5.7 7.3 4.5 -6.2 -9.9 8.6 3.1 -4.5 3 -8.7 -2.7 6.2 9.1 -2.1 9.8 6.3 5.9 9 0.5 8.2 -3.4 1.6 8.4 9.7 7.3 -1.4 1 8.4 -9.1 -1.5 -2.7 1.8 -8.9 7 5.7 -8.8 0.8 
-23.388 0 -9.04694 6.12407 -0.836325 7.20454 1.32204 5.71959 0 0 18.7603 0 4.57576 5.30574 -1.95235 -10.6666 0 0 0 0 -16.705 0 8.23188 -1.69934 0 0 0 0 0 0 21.7942 0 
-1.2 -3.2 -6.1 0.1 -0.7 5.3 -5.6 2.4 5.1 5.9 -1.6 -0.7 -3.6 -8.2 5.9 3.2 -9.8 0.9 -4.3 -5.9 -8.1 -5.8 -9.8 -4.4 1.5 2.1 -3.3 -6.3 -7 -6.8 4.6 1.8 -4.8 8.5 7.1 4.5 -1 6.7 -3 -5.9 2.7 0.6 -1.4 4.3 -2.4 -5.5 -2.4 -2.1 0.6 -1.5 -2.8 -2.3 2.7 -2.6 -1.4 9.4 
16.7797 0 1.07868 -1.7688 1.43089 0.290231 5.50306 3.50542 0 0 15.6236 0 9.693 0.932304 -0.426001 -5.70386 0 0 0 0 17.3858 0 -0.993037 8.82283 0 0 0 0 0 0 -14.5655 0 
4.7 5.3 -6.8 7.7 3.7 3 -5.3 8.9 1.5 7 -1.3 -9.5 3.8 0.9 9.8 -8.3 -8.5 -1.6 1.2 -0.9 -1.9 4 2.2 4 -7.4 4.6 -8.3 0.5 -7.9 -4.5 0 6.8 -9.1 -1.6 -0.2 -0.2 -8.6 4.5 -1.2 -1.9 1.6 2.7 -6.2 -9.4 -6.4 8.8 7.5 -9.7 -7.6 -1.3 -5.4 -4.3 -7.2 6.9 9.7 -4.6 
-20.17 0 -0.437778 -6.9405 -11.0625 4.13039 4.11155 3.2107 0 0 -19.8753 0 -1.64546 3.85115 -10.561 -10.3002 0 0 0 0 -17.1841 0 9.34456 4.81609 0 0 0 0 0 0 -15.9559 0 
-3.3 6.7 1.1 -1.2 -7.8 -8.9 -9.1 8.3 -5.3 0.7 -1.8 -8.7 -9.6 2.2 -0.6 2 -9.9 -1.6 -2.2 -6.3 -2.8 -4.7 9.2 -0.4 4.1 -6.2 5.4 2.1 5.9 5.1 2.7 -7.3 -3 -6.2 -3.3 -0.7 -9.8 -7.2 -7.2 -5.1 3.5 1 -8.5 -0.8 8.4 0.9 6.4 8.5 4.6 -5.7 7.4 -8.2 -5.2 6.6 1.5 4.1 
18.8287 0 5.16392 7.26019 4.73426 7.03925 6.57294 2.67198 0 0 16.9285 0 -7.34346 -4.64238 -9.71684 1.43917 0 0 0 0 21.6843 0 1.63432 -2.50105 0 0 0 0 0 0 -18.8627 0 
5.7 -7.9 -3.8 -3.2 2.4 4.1 -0.5 9.5 8 1.5 -6 8.2 4.3 -3.2 8.3 -6.9 3.1 9.8 2.3 -3.3 -4 -6.1 -4.7 -9.4 -1.8 -7.3 -7.6 3.1 4.6 -0.9 -7.6 0.3 -3.6 -1.3 2.3 8.9 -7.2 7.1 3.6 6 -1.4 7.6 4.2 8.1 9.6 -2.2 6.4 -2.1 -2.4 -6.1 4.7 3.6 -2.1 5.2 -0.6 6.1 
-20.9921 0 3.03209 5.70547 4.91374 3.064 9.45592 6.54864 0 0 19.3009 0 -2.87554 -0.748936 -1.62294 -4.87986 0 0 0 0 17.7431 0 9.99259 -4.24628 0 0 0 0 0 0 15.1846 0 
3.1 1.9 -5.6 -2.3 6.2 -3.1 3.2 -7.3 0.8 -4.4 6.8 -1.2 -7.3 0.4 -5.1 -3.5 -6.8 4.3 -5.4 8 7.3 -8.9 -4 -5 -5 5.9 3.8 2.9 1.1 -6.7 -5.7 9.4 0.4 -6.1 -7.6 -8.2 -4 5.6 9.7 6.8 6.4 6.5 -9.1 4.3 -3.1 -4.2 6 0.1 5.3 5.9 -6.6 2.7 2.2 -5.4 2.9 2.4 
-18.4727 0 -3.02392 -2.95842 12.4676 3.65621 -6.92969 -0.163485 0 0 -21.4381 0 8.8409 1.55556 12.2286 -5.92666 0 0 0 0 11.8034 0 -1.17493 -8.07131 0 0 0 0 0 0 12.4464 0 
-9.5 -8.1 -4.6 -3.2 -9.6 -5.1 -3.8 -4 -6 -1.4 -2.1 0.1 9.5 -2.4 -3.1 1.1 -5.8 -7 -9.3 -3.7 -6 6.7 1.7 9.4 -2.2 5.1 -2.7 -10 9.7 -9.8 2.5 -9.8 7.3 3.1 -7.8 7.8 8 -6.4 -6.2 -8 2.3 1.7 2.1 -3 4.6 4.3 3.3 4 2.5 4 -9.7 6.6 -4 2 1.2 3.8 
20.016 0 4.29556 5.3797 2.49301 -7.93515 -4.14918 -3.41827 0 0 21.648 0 5.15196 4.64835 4.99363 2.36567 0 0 0 0 23.0755 0 7.84971 -7.84033 0 0 0 0 0 0 -14.053 0 
-7.7 8.5 3.9 -8 3.9 -8.4 7.4 1.2 4.7 9.6 -1 2.7 8.5 -1.9 -0.1 -4 5 7.3 3 -0.4 -3.2 -8.5 -6.4 9.3 5.6 9.2 1.1 6.8 -3.6 -7.7 -4.2 -1.2 -9.2 4.9 0.8 -0.1 6.5 -6.5 6.4 1.2 8.3 -4.6 9.1 6.8 -1.3 -5.7 -7.2 -6.2 -8.4 1 3.4 -6.4 2.6 2.3 8.1 -6.6 
26.6522 0 0.203735 7.52133 -12.9269 -5.08026 -9.12495 -1.66891 0 0 -16.4231 0 0.214093 9.29741 2.77832 -4.62631 0 0 0 0 12.9499 0 -0.642305 -3.65217 0 0 0 0 0 0 -18.2117 0 
1.5 -0.7 -9.8 7.9 1.6 -4 -3.3 -2.3 6.2 2.8 7.6 2.7 6.3 4 -6 -0.2 4.7 -6.9 -3.3 -6.6 -2.6 -0.5 -7.6 -5.8 5.8 5.9 -7 -1.6 -6.6 -8.8 1.8 4.9 -4.3 -2.8 -2 7.3 -1.6 0 -9.8 -5.4 8 3.1 7.4 -0.5 -7.7 6.6 9.3 2.2 9.7 -4 5.7 -7.6 0.8 8.1 -8.2 -3.4 
-19.9299 0 -7.32267 6.83246 5.13852 -6.21429 -3.76771 6.68996 0 0 -20.7787 0 -2.38544 -8.37411 1.70119 -2.19771 0 0 0 0 15.267 0 -6.28426 -2.34435 0 0 0 0 0 0 18.8292 0 
-0.8 -5.1 0.2 2.6 -8.7 7.2 -7.3 -3 -5.6 -4 9.5 2.8 6 5 2.7 4 -1.9 -4.7 8.7 0.4 -8.1 8 -7.3 6.8 9.3 3.6 4.4 -4.7 -3.1 6.3 -2.9 1.4 6.4 7.3 9.2 2.9 4.5 -8 5.1 4.1 -2 -0.2 -7.9 9.2 -5.2 4.8 -1.6 2.9 -9.9 -2.9 8.6 7.2 -9.7 6.5 4.1 9.6 
20.0965 0 -4.19177 -5.62685 -2.72186 -11.187 -2.64922 -8.48207 0 0 -23.2133 0 1.29568 -6.81429 -3.9261 -6.48601 0 0 0 0 21.3878 0 4.82796 3.74966 0 0 0 0 0 0 13.5803 0 
-4.7 -1.5 -5.1 -2.6 -10 -2.8 8.8 6.4 -5.5 8.1 -0.7 4.2 5.3 9.6 -1.7 8.5 -0.5 -4.3 7.7 4.3 -9.5 -3.9 -7.5 5.9 -1.6 6.3 3.1 -1.3 2.8 -7.6 -6.4 3.3 1 -6.3 -9.3 1 1 9.6 -7.3 0.7 2.9 -2.8 -9.8 -6.6 -3.1 -6.3 -8.1 6.4 -0.6 4.8 0.7 -4.8 6.1 3.2 -8.9 -5.5 
16.1719 0 -1.15942 -6.43091 1.84518 -11.3901 -2.32069 -3.30264 0 0 18.6521 0 0.728626 -4.95131 1.11678 -4.28076 0 0 0 0 20.7575 0 -8.24351 -3.74484 0 0 0 0 0 0 22.1001 0 
-0.5 -0.6 -1.6 7.5 1.9 2 0.8 -7.1 5.8 -3.2 -0.9 -8 -3.6 1.8 2.7 4.5 9.1 2.9 7.9 -8.8 6.7 5 7.6 -3.9 -0.2 -1.7 -3.5 -4.1 6.8 -2.4 0.4 -8.5 2.3 4 4.3 -5.8 -3.9 -9.7 -7.7 -8.1 -2.9 -3.4 -6.1 -1.3 8.5 1.8 -6.8 2.8 -5.2 6.3 4 6.7 1.3 -3.2 8 6.3 
15.7045 0 6.42684 -17.1709 -3.56969 3.98549 2.26178 -7.55263 0 0 -10.407 0 -5.40083 -3.53423 -1.59011 3.24179 0 0 0 0 -16.4965 0 -7.72069 7.58999 0 0 0 0 0 0 17.7265 0 
0.3 -5.4 -7.8 -2.9 -2.6 -2.2 -6.1 9.7 -8.1 8.2 -6.1 -6.8 3.7 -8.6 -4.9 -9.1 -1.9 -5.8 -0.4 -8.2 1.2 -1.9 -0.2 1.2 -5.6 9 -2.1 1 -4.2 -8.8 -7.5 1.3 -9 -5.2 8.5 -1.6 -2.2 7.6 -1.8 -5.1 1 -2.7 -1.9 -5.3 -6 -1.6 -4.4 -2.7 -2.2 5.3 -0.9 9.1 8.6 4.1 0.3 8.2 
-21.4702 0 -3.28315 -5.6632 7.21558 1.39589 -2.16067 -6.65899 0 0 19.3077 0 6.62299 1.79253 8.47251 -7.90699 0 0 0 0 17.0358 0 5.1219 1.82483 0 0 0 0 0 0 14.4184 0 
3.1 3.5 -5.6 4.1 4.7 -3 -4.6 5.7 -3 9.1 9.3 4.8 1.9 -2.5 9.8 -7.1 0.1 -2.1 -2.3 -0.7 1.6 -1.5 6.6 9.4 9 -4.3 8.5 7.6 5 -1.1 5.9 -6.7 7.6 -9.7 2.6 2.3 -2.7 3.2 -6.8 4.3 2.4 -7.5 -5.6 -5.7 -4.7 9.4 -7.5 0.6 -7.5 -4.6 9.9 4.1 3.9 6.5 3.6 3 
-22.5577 0 0.377698 -1.55778 7.26271 2.93026 8.07618 6.57292 0 0 -21.9463 0 -1.76438 4.85642 -7.72698 12.0446 0 0 0 0 -13.0146 0 0.961385 -3.66619 0 0 0 0 0 0 -15.0814 0 
7.4 2.1 -4.2 2.4 6.2 6.9 0.9 3.8 7.3 -6.5 -8.7 9.8 6.7 -5.5 -0.6 -5.7 -7.7 -1 -1.3 -7.2 -1.6 -3.6 3.4 0.9 1.8 -1.5 -4.9 -4.3 -9.8 8.7 3.9 7.6 -4 9.8 -4.8 -7.7 1.9 6.1 6.1 -0.8 4.8 7.5 -5.7 1.5 7.2 -1.1 5.9 4.7 7.9 9.8 7.5 -8.5 -3.8 -3.9 2.4 3.2 
-23.8803 0 9.83362 -2.83748 -5.88392 1.14529 -4.08286 3.34124 0 0 20.7841 0 -5.58504 -10.9977 -5.64181 3.77637 0 0 0 0 -16.8489 0 -4.92267 1.47359 0 0 0 0 0 0 -11.9942 0 
4.6 2.7 8.9 4.8 -3.4 -1.9 -2.4 2.7 -6.9 -2 5 5 9.3 -3.7 9.5 4.1 9 9 -9.1 1.5 -2.1 6.8 -3.8 -9 1.8 9 -7.5 8 -4.9 0.1 1.2 9.8 8.1 -4.7 -0.2 -5.3 -1.4 2.7 7.4 1.7 -9.3 -2.4 -8 -9.9 -0.8 -8.5 -0.6 -1.8 -9.5 0.3 4.9 -6.4 -7.7 -8.8 9.8 4.1 
-24.4252 0 -2.96743 -9.79235 -1.27573 -14.2181 5.419 0.343498 0 0 -22.5383 0 -0.336125 6.91485 -9.02616 -4.04443 0 0 0 0 -12.5371 0 3.72575 4.43431 0 0 0 0 0 0 -18.063 0 
-9.8 7.5 -2.7 -9.5 -7.2 3.7 -9.7 -9.1 9.1 -4.6 -4.3 -2.3 8.1 8.3 4.7 4 -4 6.7 -0.7 5.2 3.4 4 8.6 -0.9 -5.7 3.6 2.7 -3.3 0 2.5 6 -4.6 -4.8 -6.6 -4.1 -2 7.1 -8.5 -1 1.4 -7.9 -0.1 4.4 5.4 -1.8 -0.9 -0.6 4.2 -9 4 -5.4 4.4 -2 8.5 -6.5 -2.5 
24.2615 0 0.0333862 -0.497084 10.0723 4.26973 0.344991 7.10962 0 0 16.871 0 -2.03686 -5.72694 9.06124 -3.26055 0 0 0 0 -16.7383 0 -3.44016 1.95611 0 0 0 0 0 0 -16.0411 0 
-2.7 1.4 4.2 7.3 9.1 -4.5 -7.3 -5.7 -1.1 -6.2 2.3 -4 -4.7 6.5 2.7 -7.4 -3.6 -2.9 8 4.7 6.2 -2.5 -5.9 7.2 6.7 -6 -3.2 -5.3 -7.5 0.3 2.2 -0.2 6.9 -8.3 -7.7 6 -2.8 -9.8 5.5 1.3 -6 -2.2 2.5 -5.4 9.6 -4.8 -2.8 -4 2.3 -4.7 -9.3 -6.3 -2 -9.9 6.1 -5.3 
18.327 0 -5.93386 -5.35657 -4.15834 -6.87509 8.87432 5.90712 0 0 -20.239 0 -3.01241 -0.692654 0.730724 -6.31781 0 0 0 0 -22.7026 0 4.09294 1.0279 0 0 0 0 0 0 13.7308 0 
-5.9 -7.1 -5.4 -3.4 -1.6 2 1.6 -4.7 -1.1 3.9 6.5 1.3 4.1 2 -7.4 8.1 5.1 0.4 7.9 4.7 5.6 -4.8 -9.3 -6.8 -4.3 6.7 -3.1 -1.1 6.8 -6.9 3.6 -9.1 -4 3.4 -7.3 -0.3 -4.6 4.3 5 4.4 -1.8 -3.2 -4.3 -7.7 8.8 -6.4 5.6 -0.9 4 3.6 -6.2 -0.4 4 9.8 2.8 9.7 
16.1614 0 8.43802 2.97561 2.39089 -1.30187 -1.79811 3.51146 0 0 -16.4221 0 -2.31332 1.36952 12.6839 -2.2908 0 0 0 0 -20.7623 0 -11.5739 3.0764 0 0 0 0 0 0 -15.0622 0 
6.5 5 -6.2 3.3 8.1 2.6 -0.6 9.3 -4 2.1 -1 -3.4 -3.6 9.3 -9 -0.2 -3.9 -8 2.1 -9.9 -9.2 -7.1 -0.7 4.8 6.5 3.1 9.6 -4.3 2.9 -2.3 -9.4 -5.4 -7.3 -5.6 3.1 6 7 -7.5 5.3 -7 -0.2 -5.6 -5.1 1.4 8.9 -8.9 -8.8 -5 -6.9 -1.5 -9.7 -6.1 1.5 -0.4 3.9 -6.8 
-19.6122 0 -5.41346 -1.94317 -11.89 -1.40168 1.11002 -7.04356 0 0 21.1367 0 -6.68553 -8.69406 -3.01078 -6.69013 0 0 0 0 -17.973 0 0.18014 9.43999 0 0 0 0 0 0 18.8708 0 
8 3.6 -5.8 -3.9 -8.7 -5.2 0.8 9.2 -0.7 9.1 5.2 -8.5 -8.3 0.5 9.8 -3.3 0.1 -5.3 3.4 -1 -4.2 4.6 -0.8 -5.8 8.4 -0.4 -6.7 -4.9 4.4 7.3 -6.5 2.4 0.9 -2.3 8.6 -2.6 2.6 -5.4 -3.4 7.1 8.9 -8.2 8.6 5.8 2.3 3.6 -7.4 7.7 8.3 6 -3.3 9.4 -4.2 1.2 -6.4 -5.8 
-22.7271 0 5.20965 -7.03082 3.98951 -8.50791 11.3776 0.296123 0 0 -20.9904 0 1.86759 2.75823 3.99761 -5.07724 0 0 0 0 16.0366 0 -14.0356 1.97531 0 0 0 0 0 0 -12.3662 0 
-9.2 -3.1 -5.5 5.2 -5.8 -1.9 -7.1 0.3 5.8 6.7 7.7 -6.4 6.5 9.5 -9.3 5.4 -8.7 4.6 1.3 -1.1 -1.8 3.9 -3.4 -8.2 -4.9 -1.5 -8.8 0.9 4.9 -10 0.4 5.7 -3.1 4.9 -3.8 -3.6 -7 -0.9 1.9 4.1 -9 -5.1 7.7 7.5 -5.6 3.7 2.9 -9 -6.5 -5.8 -0.1 -3.1 3.3 1.7 -1.3 8.4 
22.6365 0 -1.46313 -6.47186 8.95457 1.1075 0.959072 6.19089 0 0 -18.634 0 0.984264 -13.12 5.95366 8.01756 0 0 0 0 12.8971 0 -1.71309 5.45873 0 0 0 0 0 0 16.9698 0 
5.4 -4.9 -5.4 0.4 -4.9 5 -8.7 -2.7 -4.9 -2.5 3.7 -6.6 1.8 -4.4 7.5 2.8 0.5 0.4 0.3 0.2 -5.9 8.5 1.2 -2.4 -7.3 -8.9 -0.2 1.3 -2 8.5 -0.3 8.6 8.9 -0.5 -1 -6 -5.5 -4.4 1.3 -0.3 -1.7 -9.8 3.1 -9.8 -4.1 -4.2 -1.8 1.6 6.2 3.8 -8.2 -9.6 2.3 3 -6.8 0.2 
-21.1568 0 2.13076 1.38112 3.89189 5.16524 9.19374 5.41717 0 0 -19.5967 0 -3.71508 5.85611 -3.68932 -0.269685 0 0 0 0 16.228 0 -1.20587 6.28469 0 0 0 0 0 0 -10.6618 0 
-0.7 -1.8 -8.5 2.5 -3.2 -3.5 -3.6 -4.3 6 0.6 -5.1 -9.4 6.2 1.5 -4.5 -5.4 1.7 3.8 -10 7.6 9.6 -1.8 -5.5 1 -8 -8.5 -3.4 4.3 -0.2 -4.9 -5.4 4.3 3.3 -3.9 -7.9 -9.9 -2.2 -1.5 -9 -6.1 9.1 -8.8 9.7 5.4 2.7 -4.8 -10 -5.6 4.2 -10 7.3 -1 -6.6 7 -10 -4.5 
22.3083 0 2.76534 2.55734 3.00561 -3.14323 -2.84692 -18.1081 0 0 26.5415 0 -6.79287 1.53527 6.89264 1.1267 0 0 0 0 -15.6587 0 1.53013 -4.14592 0 0 0 0 0 0 11.1922 0 
8.5 -3.3 5 -1.7 1.8 9.6 7.9 -4.9 -9 -10 -9.5 -1.2 -1.5 6.7 -2.1 -2.4 7.9 -2.4 8.2 -4.2 2.8 3.4 0.3 -7.8 -1.4 -7.2 1.2 2.1 9.8 1.3 7.6 3.5 8 -2.2 7.1 -0.2 -2.5 5 0.1 -6.3 5 0.6 -2.3 8.7 -7.4 5.7 -8.5 -9.5 -6.7 9.8 -8.4 1.4 3.2 1.9 3.6 -8.1 
-24.9247 0 -13.0244 -1.68066 5.87369 -5.53307 1.02589 3.99804 0 0 15.5499 0 7.26065 -0.635168 2.55442 6.3787 0 0 0 0 -16.5464 0 1.06788 2.49513 0 0 0 0 0 0 -20.897 0 
-0.1 -5.1 -0.8 -5.1 6.2 -8 8.4 -0.6 -0.2 5.5 4.4 2.5 -4.3 -5.5 6.2 -9.3 0.4 9.2 4.6 3 4.9 6.2 -1.3 3.4 6 0.3 -5.2 -5.6 7.4 3.7 -8.5 -2.7 3.8 0.7 2.2 -4.8 2.7 -4.1 4.6 -7.4 -8.6 -5.8 5.1 -7.6 -1.3 -3.4 8.3 4.3 -4.2 3 -2.7 5.9 -0.8 1.3 -0.7 -9.6 
18.0657 0 3.86257 -2.37743 8.90361 1.97723 -10.0245 1.80286 0 0 -16.5529 0 -0.608954 -0.586913 -6.4917 -6.68215 0 0 0 0 -15.4227 0 -6.90115 -10.8754 0 0 0 0 0 0 13.717 0 
-8.4 -0.6 -5.2 9.1 -6.9 -8.4 -8.4 6.9 2.3 -0.9 7.3 -9.7 5 1.9 8.1 1.6 1.3 -1.6 4 -10 5 2.4 -0.4 6 -4.6 2.1 1.9 -0.2 -6.6 6.5 0.2 -4.9 -4.1 0.2 9.4 -5.8 1.8 -9 6.3 9.4 -4.7 3.6 9.7 -9.7 -9.3 7.8 2 2 -3.8 -8.8 -2.8 6.5 3.6 6.8 2.5 4.2 
15.831 0 -5.74759 -7.68998 6.85681 6.92124 -0.652518 -4.61816 0 0 -25.3964 0 0.406579 -3.75532 -2.97585 -10.0685 0 0 0 0 -21.0934 0 0.762938 -0.777423 0 0 0 0 0 0 -16.5324 0 
-5.8 9.7 -6 -2.4 6.2 -0.6 -2.1 7.3 9.7 -7.5 6.7 -3.3 8.8 3 -3.9 -5.9 -8.2 -9 -5.5 -7.5 4 1.7 -0.3 -9.7 2.9 6.9 2 -3.4 -1 9.7 -9.2 3.2 4.6 -9.9 6 -4 -0.5 -6 -6.7 -5.6 -8.3 -10 1.2 -9.5 -1.8 2.5 -5.3 0 3.6 -5.6 -2.3 -2.4 6.1 7.4 -6.9 -1 
28.5431 0 12.3883 6.62261 2.26219 2.979 7.84567 -5.12137 0 0 12.5304 0 -11.2433 2.22394 -2.84327 -6.75365 0 0 0 0 15.2178 0 -4.55454 1.64552 0 0 0 0 0 0 16.876 0 
4.4 0.3 0.8 8.6 0.1 -3.1 1.8 9.9 -3 -2.2 -4 6.5 -3 -5.5 -9 -1.2 -5.4 2.2 -5.5 -2 9.9 -0.8 8.1 -1.3 -1.2 -9 1.6 -5.1 8.5 4.7 -0.8 -1.9 -9.7 5.2 -3.3 -4.4 -7.9 3.7 -4.5 -0.9 -8.5 1.5 -4.3 -6.2 6.1 -3.3 -2.2 5.9 4.1 2.3 -6.1 -0.8 6.8 7.2 8 -4.4 
-19.1692 0 -4.30951 -9.51837 0.187801 -4.56982 -5.27877 2.08981 0 0 14.544 0 -13.7141 4.00912 1.70466 7.46845 0 0 0 0 -15.462 0 -6.11936 -2.57714 0 0 0 0 0 0 16.2575 0 
3.5 -0.4 -4.2 2 9.5 0.2 -9.9 9.8 -4.6 -8 -4.6 -2.4 5.7 -3.8 6.7 7.2 7.7 7.6 6.2 -1 9.5 -6 -9.9 -1.2 1.6 9.3 8.1 -1.6 6.5 6.1 -0.8 0 -4.3 0.2 7.2 -9.6 -9.6 2.5 -9.7 -4.1 4.5 -9.1 -1.3 0.2 -2.9 -4.6 -7.3 -9.9 8.3 4.1 -5.7 7.8 8.2 -5.5 -3.3 -5 
-22.6044 0 -0.318522 1.59836 -10.9771 10.4714 7.22779 -0.215887 0 0 19.8135 0 -7.51779 -3.58291 -4.74893 -5.02719 0 0 0 0 -16.3982 0 -0.28034 -9.01241 0 0 0 0 0 0 -22.5288 0 
-6.2 -5.2 3.4 5.5 6.1 7.8 -9.2 7 -1.9 8 7.4 -6.3 0.6 2.9 -0.4 -9.7 3.9 3.5 -4.2 6.2 9 -1.5 1.5 2.5 -7.4 5.9 0.3 6 -9.6 2.2 -9 -5.8 7 -0.4 9.7 -1.7 -7.3 -9.5 -4.7 0.8 3.8 -7.2 4.5 9.6 0.9 9.4 9.9 -5.2 2.9 -4.3 6.3 -2.9 -0.6 -2.2 9.6 -2.7 
19.8106 0 -1.43055 0.434111 -2.33663 -3.03474 3.63795 6.03717 0 0 -21.9928 0 -2.42055 2.95031 -2.53007 2.95843 0 0 0 0 -22.2654 0 -2.35295 -3.92102 0 0 0 0 0 0 22.6388 0 
8.9 -4.8 -6.7 9.3 7.4 9.6 8.7 -0.3 -5.6 3.7 8 -2.9 -0.6 -6.6 7.9 -6.8 -8.6 -2.3 -7.2 2.3 -7.7 8 2.4 0.4 8.9 -1.3 7.6 -1.6 1.7 2.4 5.7 0.7 7.6 4.2 -4.8 0.3 -1 -6 -10 3.5 7.7 8 -9.4 -2.9 6.6 3.8 -4.4 8 6.7 -6.4 -4.4 9 6.8 8 -0.6 5.8 
-24.3308 0 10.3297 -4.27441 -4.16467 -5.31753 1.42165 -10.8537 0 0 -20.409 0 -6.33399 10.6698 -5.32371 5.88913 0 0 0 0 18.1228 0 -0.989942 -4.76158 0 0 0 0 0 0 15.6984 0 
-8.1 -7.8 9.4 -1.2 4.7 0.3 9.5 -2.5 9.7 -10 7.8 -1.2 9.2 3 -7.7 6.9 -3.7 8.1 9.2 -7.1 1.9 -10 -9 -1.4 8.9 -3.4 -7.2 5.7 9.8 2.3 1.5 -8.3 -0.3 -3.9 0.5 9.6 6.4 -4.7 -2.8 6.2 -9.5 -9.8 -5 9.7 -1.5 -7.5 1.8 4.8 -9.4 -3.8 7.7 -2.2 -3.7 3.9 1.6 -4.8 
28.1957 0 -10.7569 1.25054 4.76384 9.32517 -7.86963 3.69027 0 0 -23.0177 0 -1.66623 -0.364401 3.37644 0.354304 0 0 0 0 -18.938 0 6.08817 8.06503 0 0 0 0 0 0 -16.324 0 
5.7 4.5 6.1 5.5 -8 -2.3 2.4 1.7 -1 8.2 1.4 -4.5 8.7 3.8 -8.3 9.2 -0.8 -8.1 4.1 7.7 9.6 -4.1 2.5 -9.8 -2.7 -4.5 -6.8 3.6 9.4 4.9 4 0.4 -0.6 0.2 -4.1 1.4 3.1 3.6 8.3 -7.9 -3 -0.3 -7.2 -4.3 8.7 9.7 -9.9 -2 6.8 -0.6 -4.3 6.4 5.3 3.5 1.9 -7.4 
-16.4578 0 3.02106 -2.14548 3.13529 -3.37651 -12.8176 -3.62685 0 0 -18.9681 0 12.3357 9.5147 5.78858 2.80118 0 0 0 0 -18.6954 0 8.06657 -3.06984 0 0 0 0 0 0 -16.7038 0 
9 5.1 1.5 3.6 -4.8 -9.3 -6 4.6 -3.9 -4.8 -8.8 4.4 8.8 9.6 1.8 -9 -5.5 4.6 -8.1 -6.7 -0.4 -8 -3.5 -3.6 -3.4 2.2 -7.1 -8.1 -9.1 4.8 9.7 5.1 -4.9 -3.6 -1.2 0.4 -2.8 2.8 -9.8 -1.5 3.2 -8.5 -7 -2.8 6.3 4.8 -1.8 6 -5.4 0.1 4.5 4.2 -2.7 -9 -9.3 3.9 
-19.0184 0 -2.47497 0.801855 8.80463 -4.68493 -1.77933 -3.61755 0 0 20.6904 0 -3.42054 -10.509 -6.0706 7.38314 0 0 0 0 19.8552 0 -1.60547 -9.10603 0 0 0 0 0 0 -18.2435 0 
-1.5 -6.4 1 -0.6 3.6 -4 -5.4 3.9 2.4 -1.4 -5.7 4.8 6.6 9.8 -6.6 -0.1 -8.7 -8.4 7.1 2.8 6.4 -9.4 -1.2 -9 0.7 -6.6 0.5 3.3 -5.6 1.2 -2.8 -1.9 0 3.5 7.6 8.8 9.5 7.4 2.7 -2.9 -4 2.3 -8 -7.4 -2.7 -9.4 2.5 -1.4 -7.8 -5.1 6.6 3.8 -4.5 -9.4 0 1.4 
19.0163 0 -7.8806 4.05704 6.9351 11.6821 1.76428 -1.1569 0 0 18.9651 0 10.863 -2.73355 -0.143044 -1.4848 0 0 0 0 -19.233 0 -0.361604 -1.04945 0 0 0 0 0 0 -14.1348 0 
9.2 -9.5 -5.3 8.9 -3.1 -2.8 -3 2.1 -9.3 -5.4 0.9 5.4 -8 8.9 -7.5 -6.8 -3.6 9.7 -4.1 3.7 5.5 8.4 7.5 2.9 -6.7 -0.7 -3.3 -6 -0.1 2 5.5 -0.8 2.5 -9.8 -6.7 4.7 -7.4 0.3 -3.2 -6.7 0.2 3 3.9 -2.6 1.9 1.7 0.7 3.5 1.4 6.6 -2.8 -7.8 0.2 9.9 5.1 -1.2 
-24.4912 0 8.94647 0.329097 -5.5134 13.9981 -3.72705 5.93151 0 0 17.0922 0 2.93402 -4.51773 -1.88379 6.44724 0 0 0 0 -13.0199 0 -1.19244 -1.81764 0 0 0 0 0 0 14.4172 0 
-0.8 7.1 2.8 9.1 -0.9 -6.5 -6.5 6.8 -6.2 -3.2 1.5 -3.6 7.2 3.6 -5 -7.4 -3.4 4.1 0 3.7 -4.2 -9.3 -2.8 2.5 2.5 4.4 4.7 -7.2 4.3 -5 1.6 -6.5 -7.9 9.6 7.8 1.2 -6.8 -8.6 -1.9 -7.8 -6.6 4.8 -6.2 5.8 -1.6 -6 8.4 0.2 8.2 -1.5 -6.1 9.2 -5.6 1.1 1.7 7 
21.0801 0 0.695917 -3.69496 -10.9743 10.0023 -0.359581 7.04219 0 0 -20.8699 0 1.98346 -5.28363 -6.30529 6.22965 0 0 0 0 13.9455 0 -2.7624 0.0154417 0 0 0 0 0 0 -16.6785 0 
-9.3 -8.4 9.8 0.2 -3.3 -3.4 -1.1 -6 -8.6 -3.2 5.3 -5.4 -6.6 8.6 -8 -3.2 -1.4 -4.1 -7.3 2.3 -4.9 6.3 -7.5 -6.7 -5.2 -3.5 -7.4 -0.7 7.6 -0.5 -3.7 8.4 -3.6 -8.7 -6.2 3.1 -2.1 2.8 7.1 -5.5 9.6 -2.4 -5.6 -7 -8.6 -3.6 -5 -4.7 -2.5 -7.1 7.6 2.7 9.3 5.3 1.2 9.3 
23.2925 0 -6.83396 -0.432758 -5.14544 -5.22314 3.60717 -0.850059 0 0 -20.3403 0 -1.10893 5.78201 -4.0355 2.64746 0 0 0 0 19.6726 0 4.87621 15.1814 0 0 0 0 0 0 14.8741 0 
-8.2 -1 -1.4 4.7 8.6 0.1 -1.7 -5 1.4 2.1 3.3 4.5 -5.1 -4.4 4.3 -5.5 -1.5 8.7 -7.3 -4.9 -4.9 -7 0.4 -2.1 -8.9 -6.8 5.8 -9.6 8.6 -3 5 -9.6 6.1 -6.4 0.3 -0.1 -1 8.6 0.1 5.6 0.8 8.6 -4.6 0.9 9.4 9.7 0.7 -2.1 8.4 -1.4 -1.7 8.7 1.6 3.9 -8.2 2.8 
22.4341 0 -0.762232 11.922 -7.08341 7.07048 -4.91261 8.06004 0 0 -14.7046 0 -0.434997 6.1266 -2.01798 -0.814404 0 0 0 0 20.3125 0 0.791895 -1.83234 0 0 0 0 0 0 -14.5565 0 
7.2 7.6 -1.6 5.8 -5.3 -6.6 1.4 6 -7.7 7 -8.9 -3.5 5.6 -3.6 -7.9 -8.4 -9.8 -7.3 2.6 9.6 7.6 8.5 -7.2 1.2 -2.9 1.1 0 4 -9.8 -3 -8 7.4 -5.3 0.4 -1.6 -5.4 -0.9 5.1 -9.4 -3.4 2.1 6.9 3.1 -7.1 -6.7 0.4 -5.4 -6.5 3.2 2.4 8.3 0.8 0.9 -8.9 -7.9 3.2 
-21.7511 0 1.02294 -1.47441 13.38 1.71486 -5.77074 -6.9031 0 0 20.0157 0 -1.90842 -3.70418 7.50385 3.91042 0 0 0 0 -17.4236 0 -3.30735 1.88395 0 0 0 0 0 0 20.4917 0 
-2.6 -2.7 -2.8 -2.3 4.3 -0.8 -9.7 4.2 9.7 -1.2 8.8 -6 9.1 9.4 0.6 1.2 1.5 8.9 4.1 4.8 -0.7 3.9 3.5 7.7 -8.5 1.9 -1.4 -2.4 -1.8 -4.1 -9.1 5.7 -1.6 -1.9 8.6 -7.3 2.6 8.9 2.2 -2.5 -2.3 1 1.5 -3.2 -4.3 7.3 3.2 7.2 6.2 -7.4 -2.7 -9.3 1.7 -9.2 8.5 3.3 
19.3018 0 10.7658 -5.13993 9.52657 5.17516 10.8575 -0.193246 0 0 -16.2892 0 1.57905 -12.2105 5.31908 0.180887 0 0 0 0 -14.2198 0 7.73606 3.85545 0 0 0 0 0 0 15.3532 0 
-2.1 -7.7 6.1 1.4 -1.8 7 -2.9 6.6 -9.6 -9.1 4.5 3 9.8 -3.3 -9.5 -7.2 7.8 -2.8 -5.2 8.7 -5.5 8.1 5.9 5.9 5.9 8.4 6.6 -2.4 4.5 5.1 -9.1 -7.6 7.4 7.1 3.8 -4.4 -0.7 6.1 7.4 -5.1 7 -2.8 7.9 2.1 -0.9 3.6 4.9 -7.9 -9.2 9.7 -9.2 -9.5 3 6.8 6.4 -1.1 
27.4492 0 -3.69555 7.06031 -1.83065 4.13491 1.07034 -5.2169 0 0 20.796 0 -0.368291 3.36053 -1.39121 -5.4776 0 0 0 0 19.3939 0 -5.06778 -14.0383 0 0 0 0 0 0 18.1811 0 
5.2 3.1 6.6 -0.3 -1.8 2.7 -2.6 -9.1 -5 6.4 -8.3 -0.4 -2.2 9.2 4.5 -10 -8.4 2.5 2.1 0.7 -8.7 -7.8 2.9 7.4 -8 3.7 7.9 0.2 -4.3 -0.4 9.2 6.2 -7.3 5.8 -4.1 -3.9 -6.3 -1.5 -3 -1.2 -9.8 -6 8.4 -2 -6.8 2.9 -2 -10 -9.4 5.4 0.7 7.2 7.6 -6.4 4.6 4.8 
-24.3639 0 1.50756 -1.72099 -5.57874 -3.75432 4.4135 5.29102 0 0 18.2682 0 -6.89401 -6.79593 5.35479 -3.03819 0 0 0 0 17.6514 0 -9.9984 2.13306 0 0 0 0 0 0 -19.1001 0 
7.4 -2.3 -4.9 -6.9 7.3 9.5 9.3 -10 0.5 -9.5 -8.6 4.2 -5.8 -6.4 8.2 -5.6 -2.4 1.8 2.4 -4 -10 5.7 -4 -9.4 1.1 6.8 3 -6.1 5.6 -2.4 8.8 3 5.4 9.1 1.4 2.7 3.8 -4.1 -2 -5.7 -8.4 -5.4 8.5 -4.1 -1.8 2 0.3 1.1 -6.2 8 7.1 -6.2 -1.1 8.4 9.7 -10 
-22.8283 0 9.92103 4.3779 -7.69747 5.87561 1.72549 1.75616 0 0 17.3423 0 -7.62157 2.20899 2.96402 7.97361 0 0 0 0 18.4734 0 -4.3105 3.59355 0 0 0 0 0 0 -24.451 0 
0.4 2.7 9.1 -4 -9.6 3.1 9.1 1 -2.6 -4.3 8.9 -8.8 1.6 -3.1 -4.5 -1.5 1.5 9.3 4.4 5 1.3 9.9 -3.9 0.3 3.1 -6.8 4.2 -8 6.8 -0.9 7.2 -2.8 -8.2 1.6 3.3 7.4 -5.3 -2.4 -6.4 2.2 3.3 -7.4 3.4 -9.9 -0.5 4.2 -1.4 6.3 -1.3 8.2 1.3 -10 3.4 7.4 -4.5 -8.3 
-19.5364 0 -5.81633 3.36859 -10.1385 -4.56226 -0.273336 -4.48906 0 0 -24.7627 0 6.41975 -3.53523 -4.34734 -1.55756 0 0 0 0 -14.1928 0 4.17106 4.63809 0 0 0 0 0 0 -16.6559 0 
5.8 4.9 -6.2 2.7 -6 6.2 5.1 -4.1 -2.2 -1.6 8.5 -2.2 6 -7.8 -10 -5.5 -5.2 -1.4 -5.3 -0.5 8 -1.5 -4.2 -3.3 -8 2.3 -8.1 0.6 -0.3 -2.5 2.3 -9.2 -7.6 1.3 -1.3 -3.5 -2.4 -6.2 -2.4 0.6 2.3 -8.7 8.4 -6.5 -6.5 3.6 -1.9 -6.5 7.5 -2 3.1 5.5 1.7 4.1 -7.7 3.7 
-19.0793 0 -7.86087 -10.8683 4.16839 -8.80168 -1.7422 -0.332821 0 0 -14.2768 0 0.481362 11.6583 7.65946 -1.78181 0 0 0 0 -11.4886 0 5.65528 -3.0722 0 0 0 0 0 0 17.6091 0 
-3.5 9.4 9.5 6.2 -3.1 1.9 2.2 -5.4 -6.8 -9.1 -3.7 -4 -5.2 3.9 6.7 2.3 5.2 0.3 5.8 4 -6 -6.1 7.5 6.7 1.9 0.6 2.2 -6.3 -5.2 -0.3 2.6 -3.5 -5.6 2.2 -7.3 1.3 9.3 0.2 1.1 -7.5 1.1 7.4 -6.2 1.1 1.3 5.7 -6.6 -8.2 -8.8 9.3 1 -9.6 8.4 -1.5 7.1 -4.4 
22.7346 0 2.8736 0.851127 -4.85648 -7.4147 -12.1005 5.27919 0 0 20.7692 0 -5.2546 0.155683 6.993 5.80672 0 0 0 0 15.5927 0 -6.76093 4.91517 0 0 0 0 0 0 10.7507 0 
4.4 -5.4 -0.7 4.4 4.3 7.1 -9.1 3.9 -5.5 8.8 -4.7 -6.2 -1 6.4 -8.4 5.4 -0.9 -4.6 -3.5 -9.6 6.3 0 7.4 7.5 -5.5 -1.6 8 -7.1 2.2 5.1 -1.5 -3.4 9.7 3 6.2 -0.7 -4.6 7.1 -6.8 -0.1 1.1 -6.3 3.8 -9.8 5.4 0.6 0.8 -5.5 1.2 7.3 -9.9 -2.5 -7.5 2.8 -9.8 -3 
-20.2413 0 -2.61594 -9.50878 -0.333477 -10.2745 2.92669 -7.02475 0 0 21.345 0 -4.57159 3.86757 0.187363 -4.34085 0 0 0 0 -14.3194 0 -7.02788 -13.5569 0 0 0 0 0 0 -13.9559 0 
6.4 8.2 0 -1.4 -1.4 3.7 0.4 -6.5 -3.2 -3.4 -2 2.2 8.9 -3.5 7.3 0.1 -4.6 -3.7 -4.5 -9.2 6.9 6.3 -9.5 -1.9 -1.2 5.9 0.8 1.4 -6.1 -3.7 8.4 -9.7 -5.5 -6.4 -1 -1.7 7.4 4.6 -2.9 9.4 -8.7 5.1 -3.2 5.4 6.8 9.3 -4.5 -7.7 -4.3 -3.8 8.3 7.8 7.7 4.1 -8.8 -3.4 
-20.1728 0 -2.77156 1.64777 9.68237 -1.57143 4.19328 4.1566 0 0 16.7605 0 0.52532 -2.78996 -5.18823 -1.22969 0 0 0 0 -20.6345 0 12.1042 -10.7405 0 0 0 0 0 0 -17.1572 0 
0 2 8 3.9 8.3 1.6 -0.6 8.1 0.5 8.4 -8.4 -2.1 3.1 -1.3 -7.5 -0.4 9.1 -5.5 -5 5.9 -6.2 -4.2 8.2 -0.5 -2.8 6.6 -2.6 -5 0.7 -1.4 -3.2 5.9 5.8 -10 -5 -0.6 1.6 4.4 -7.3 7.3 -1.9 -5.7 -4.8 6.4 3.1 -7.1 -8.8 2.2 -2.6 -3.8 -1.9 1.3 -2.8 -8.4 -9.2 4.5 
-20.7415 0 8.10308 -0.350023 0.560712 1.56353 -1.44734 1.08526 0 0 16.5719 0 -1.19638 3.77231 9.01392 -1.35575 0 0 0 0 16.8285 0 -5.55467 1.3168 0 0 0 0 0 0 20.2415 0 
3.4 -6.6 4.7 9.3 -2.8 -8.5 5.2 -6.9 -8.5 5.4 -2.3 -1.7 -0.2 0.4 -4.3 3.1 4.7 -3.9 -0.5 -7 -0.9 -4.1 0.4 1.7 2.2 3.8 -7 4.6 5.4 9.1 -5.7 -6 7.7 9 -6.7 -5 -9.5 3.7 -6.7 7.2 -0.9 1 -9.2 4.1 6.6 -8.3 -7.5 -3.5 -7 -2.8 -0.4 -2.7 3.2 -10 9.1 -9.4 
-20.299 0 4.03222 -6.72299 -2.96418 -5.953 -2.73412 -11.9912 0 0 18.8017 0 -5.91276 -3.95593 -1.02237 2.72384 0 0 0 0 -21.0161 0 -3.41082 -0.810896 0 0 0 0 0 0 18.403 0 
-1 7.3 5.2 9.6 6.4 9.6 -6.4 -0.6 8.6 -3.1 4.4 4.4 -9.4 2.9 -3.2 -5.1 -6.1 -7.2 4.3 -9.5 -5.5 6.8 -3 -7.2 9.2 1.8 0.1 2.4 -2.9 -0.8 3 6.1 -8.2 -1.7 5.8 3.4 -6.9 9.4 -7.2 -8.3 -8.4 7.2 1.3 7.4 -4.7 3.4 7.6 -0.8 6.2 -2.9 -5.1 6 9.1 -2.8 8.8 8.3 
23.5408 0 3.24925 2.02202 4.2233 -9.27071 5.65274 6.43053 0 0 -20.5291 0 1.98825 -6.91664 4.75373 9.8214 0 0 0 0 20.4969 0 0.332337 11.2504 0 0 0 0 0 0 -13.8215 0 
4.2 -1.1 0.8 -8.7 3.4 -6.2 2.7 0.4 -2.7 -6.3 -6.2 0.4 8.3 -3.3 -2.6 5.1 9.1 3.9 2.6 -5.5 -2.7 -4.6 -1.1 -6.4 2.5 -0.9 9.6 1.6 6.3 3.6 -0.1 -4.3 7.7 -9.3 -7.7 1.1 9.8 5 -8.5 -2.9 3.9 -9.4 2.8 2.2 -2.7 5.4 -7.4 -8.4 -0.7 5.2 -3.9 6.7 -9.4 0.3 -9.7 3.1 
-21.161 0 -0.48249 6.4269 1.64028 -9.27317 0.521241 11.6119 0 0 18.3957 0 6.62215 4.29925 2.64317 0.854144 0 0 0 0 17.4872 0 2.23984 3.98332 0 0 0 0 0 0 15.7119 0 
9.4 5.1 -5.3 0.9 -6.1 -0.2 6.6 -8.4 0.6 8.9 -2 -4.4 -0.9 -5.3 -2.1 8.2 -4.7 -9.3 -4.3 -2.2 6.1 -1.7 -0.5 -4.5 8.7 0.8 7.4 9.3 -8.9 2.9 -2.4 -9.5 -2 -2.5 -3.4 -2.9 7.3 -6.7 -1.3 -6.9 7.4 1.9 -1.3 -8.2 6.7 6.7 5.2 7.2 7.4 -9.1 -4.9 -1.2 -0.8 -0.2 -0.5 -2.1 
-24.1876 0 0.396484 0.760307 5.5268 -7.89123 -8.02312 4.93559 0 0 18.1784 0 -3.58566 12.9649 -11.3019 2.08011 0 0 0 0 10.4282 0 5.24507 -4.78273 0 0 0 0 0 0 12.804 0 
-9.4 -3.1 -7.6 -8.2 9.8 -4.8 7.5 -7 2.7 -5.8 0.1 0.1 -7.3 4 -1.6 5.3 -4 7.2 2.3 7.9 3.9 -2.4 5.1 -3.5 -1.5 5.4 0.5 3 -4.8 -10 6.1 -4.1 -3.1 3.8 -7.1 -3.3 9 5.6 -5.1 1.8 5 5 7.1 7.7 -0.9 -4.5 -1.7 0.3 7.9 -9.4 -1.8 -3 -1.8 -6.7 -1.2 2 
21.5167 0 11.9502 -0.0650656 -8.58355 -3.39317 -8.05791 3.3876 0 0 15.5691 0 -4.85354 6.6624 5.70259 -0.953699 0 0 0 0 -18.9946 0 -5.76326 -6.81055 0 0 0 0 0 0 -8.74165 0 
8.8 9.3 -9.8 9.2 4.6 6.3 -4.9 6.7 0.1 -6.8 -6.5 -5.6 8.9 -6.4 6.2 3.9 8.7 -1.5 -3.1 -7 -0.8 5.2 3.3 -2.8 1 -8.5 -0.6 4.5 -10 8.2 -8.3 4 2.8 -8.1 3.3 -2.6 3.4 3.6 -5.9 8.8 6.9 -7.2 -6.8 1 -3.5 4.6 -9.9 -9.6 -6.9 -3 -6.6 -2.5 7.4 1.9 4.7 -1.5 
-24.308 0 -0.438127 -1.48223 3.48239 -3.82713 5.38999 3.08951 0 0 21.1145 0 -1.30844 -0.104121 3.54784 7.55001 0 0 0 0 21.5347 0 8.40561 11.0339 0 0 0 0 0 0 15.8853 0 
3.4 9.4 8.2 -1.4 7.6 9.9 -7.3 0.4 -8.2 1.2 3 0.4 -10 7.2 -0.8 6.9 5.2 -2.4 -6.9 -8.3 -7.8 -6.7 -7.9 -9.5 -4.5 -9.3 -1.9 -7 2.6 8 -3.3 -8.8 7.4 -5.1 -0.1 5.1 -10 -2.2 -9.3 -8.2 4.2 3.8 -2.6 4.2 -3.8 6.7 -3.6 -8.6 -5.7 -0.5 8.4 -3.4 -2 5.7 -7.7 3.6 
-21.3009 0 0.920147 2.17267 -2.5459 9.78314 -1.85344 9.38973 0 0 -19.3505 0 -2.19824 -9.20991 1.14185 -4.38247 0 0 0 0 22.2017 0 0.947596 7.99097 0 0 0 0 0 0 21.8798 0 
6.5 0.4 1.8 -5.7 -1.5 8.5 -4.4 -8.9 8.6 0.7 1.4 8.6 3.7 2.2 5.6 -2.1 -8.8 -7 -7.9 -2.6 4.9 -6.3 -6 9.3 -1.5 -7.6 -8.9 6.5 8.2 8.6 -4.7 -0.1 -0.9 7.1 4.2 2.8 0.8 9.8 3.9 -5.4 -4.3 -4.6 8.4 9.4 2.8 -0.8 -2.7 4 2.3 -5.3 6.6 -7.6 -6.4 -9.4 -8.3 2.1 
-20.6775 0 -3.45061 4.41155 -2.22125 -7.62277 3.32825 15.9153 0 0 23.593 0 1.50483 -9.75806 -0.690751 -4.41103 0 0 0 0 -19.2843 0 6.26476 1.22225 0 0 0 0 0 0 9.73853 0 
-6.9 8 -6.1 6.5 6.7 -0.8 -3.6 -9 -8.4 -9.4 -1 -2.4 5.7 -7.1 -2.5 6.6 -6.5 -4.1 6.1 1.5 5.2 8.6 -4.5 -7.3 8.5 7.3 -4.9 -7.8 8 -7.9 4.3 6.3 5.3 3.4 2.8 -2.8 7.9 9.2 -6.6 9.5 5 2.4 -7.7 -4.1 0.6 -0.2 -7.4 4.1 1 8.7 -4.3 -8.6 2.5 -3.6 -5.9 1.1 
24.5404 0 -5.76519 0.076201 -1.8602 -4.11078 1.11449 9.23376 0 0 -19.0136 0 -1.82337 -10.1453 7.45616 1.33329 0 0 0 0 -19.897 0 5.08303 -4.99781 0 0 0 0 0 0 -17.9499 0 
-6.2 -5.6 3.3 -8.2 -3.5 -7.2 3.3 7.1 6.3 -3.9 -5.7 -0.6 -9.5 -2.2 -1.1 0.7 -9.8 -3.6 6.7 -4 1.5 4.5 -9.8 7.7 -1.6 -8.9 9.1 -9.1 -2.5 8.4 -2.8 -3.5 -7.2 -9.5 -6.5 -5.4 8.6 6.8 -8.3 0.1 -7.1 -8.8 9.5 8.6 -5.8 -6.4 -0.6 9.7 -4.8 -8.7 -4.3 6.7 5.8 -4.1 4.4 -5.8 
26.1561 0 -2.89111 5.05733 -4.28581 -0.113931 1.5721 -9.29345 0 0 24.547 0 -11.0468 -0.313447 -0.27192 1.19291 0 0 0 0 -19.0586 0 6.98693 -1.71125 0 0 0 0 0 0 -17.683 0 
-7.8 3.5 -9.7 -0.2 -2.9 -2.4 1.5 0 -6.7 5.1 4.6 -8.1 1.9 1.5 -2.8 0.1 -2.1 -3.3 -1.3 2.2 -4.5 3.3 1.9 0.8 4.6 7.6 -2.5 0.4 8.8 7.2 -0.2 -9 -4.1 -4.6 -4 3.1 3 7.6 -6.9 6.3 2.7 2.9 3.5 9.8 9.6 -9.3 -0.1 -2.5 -7.3 8.7 9.7 -1.8 2 -3.2 9 -3.3 
20.5149 0 -2.75995 -0.380212 0.592253 -5.39901 -8.33542 -7.07633 0 0 -20.4281 0 0.100263 8.80238 -2.82817 2.36493 0 0 0 0 18.2512 0 -3.16482 0.714046 0 0 0 0 0 0 -11.7119 0 
9.7 -8.2 2.3 8.5 9 7.4 4.7 -5.1 -7.2 6 3.2 1 -1.2 1.5 -7.5 -8.5 9.6 6 6.5 9.2 2 -3.5 -8 4.7 -4.8 -8.3 8.1 2.4 -6.2 2.4 4.3 -6.5 4.2 -8.1 -8 -1.6 9.3 1.9 -1.5 7.3 -2.1 -8.2 -1.7 6.7 3.3 0.8 3.4 3 -7.9 0 2.2 4.1 6.5 -0.6 -6 6.9 
-26.2025 0 3.62637 -1.83265 -0.424769 -5.60367 -0.967466 -9.19226 0 0 -20.1624 0 2.82602 4.5119 1.89352 2.18191 0 0 0 0 -16.8587 0 10.1204 -4.46144 0 0 0 0 0 0 16.3411 0 
-3.6 7.3 -0.7 0.2 -0.3 8.9 3.7 9.1 -9.2 0.9 -2.5 -9.9 8 6.1 2.6 -4 7.9 -9.1 7.9 -3.6 -3.1 1.4 9.4 -1 6.6 -3.1 8.3 -1.7 6.3 7.5 -4.8 -7.3 4.9 -0.3 -1.9 9.8 -1.4 -8.2 9 -0.6 -2.1 -3.5 -5.3 -4 7.8 7.3 2 5.7 8.2 -4.9 -7.8 -9.6 6.5 6.8 -0.6 -1.7 
21.9568 0 7.70833 3.46317 -2.15469 0.805674 5.62195 -1.49475 0 0 -21.8465 0 14.5923 -6.78085 -0.422069 3.88887 0 0 0 0 -17.1939 0 -2.36517 3.40917 0 0 0 0 0 0 18.4307 0 
-6.3 -7 6.6 5.3 -9.5 7 3.2 0.6 -3.2 -8.6 0.5 0.6 8.4 -0.5 -9.9 -3.6 1.2 -10 2.4 -0.9 7.4 9.6 -10 0.8 -5.3 7.4 1.2 6.5 4.3 5.9 -5.2 3.2 4.1 6.7 -6.3 -0.2 3.7 7 -9.5 5.7 8.4 1 -3.6 6.8 5.7 -8.3 8.4 -3.1 -8.3 0.8 1.2 4.3 -4.4 1.3 -4.8 -4.4 
23.6637 0 -3.75892 2.54567 2.58751 -3.93472 7.29134 -1.67261 0 0 14.8583 0 -3.41137 4.04666 1.44064 -2.31761 0 0 0 0 -23.3497 0 4.05806 -9.50212 0 0 0 0 0 0 -18.293 0 
-1.3 1.6 -7.9 -7 -7.3 -7.9 1.5 2 8.8 5.2 -8.1 -2.2 2.2 -7.6 -6.5 -4.2 -1.4 -0.1 -7.3 -5.7 1.6 -8.9 -3.6 -1.4 -2.8 7.7 -7.1 2.8 -1 -6.7 3.6 7.7 0.2 5.7 6 -1.9 3.1 -2.5 -9.8 -2.9 -7.3 -7.9 4.9 5 9.7 8.5 6 -1.7 -6.4 8.7 2.6 0.5 5.1 9 9.1 7.5 
21.0407 0 -6.11245 1.91962 -8.52539 -5.83869 -3.10114 -3.22803 0 0 19.5057 0 11.7656 7.94669 2.48958 -7.47033 0 0 0 0 -16.9357 0 -3.64302 7.41727 0 0 0 0 0 0 -16.8932 0 
1.9 -8 -4.5 -9.1 -9.4 9.2 3.9 0.8 0.1 -0.1 8.9 -6.8 7.4 9.1 -4.4 5.3 6.4 -9.5 -4.5 6.1 4.2 -8.4 -5.6 3.1 5.5 2.2 -6.4 0.6 -3.5 -7.3 -6.7 8.4 9.9 -1.1 4.6 5.7 -1.9 -1.5 -3.5 8.2 8.4 -9.3 6.7 1 9.8 -7.7 -8.5 1.5 8 -2.9 -2.4 -2.5 -6.1 -2.7 -9.4 9.4 
-23.7194 0 -0.82169 -2.77537 -3.18473 5.57139 13.2845 -5.02584 0 0 -20.7476 0 0.70631 -0.605215 1.77287 -0.422749 0 0 0 0 -25.059 0 4.02249 6.92516 0 0 0 0 0 0 16.77 0 
9.5 -5.8 -4.7 -8.8 -7.9 -1.4 4.9 7.2 2.7 -0.5 3 -9.2 8 4.7 4.3 1.6 5.4 1 7.8 0.5 -1.5 9.3 -8 -3.5 -8.4 -5.2 -0.8 -9.3 2.1 -0.2 5.4 -3.1 -0.8 -9.3 -1.9 -3.5 -5.5 -7 -6.2 7.3 2.5 2 8.1 -4.3 -8.1 -2.4 7.3 7.4 3.8 0.3 -6.9 -7.7 -5.1 -9.7 -5.9 -8.3 
-19.264 0 -6.95496 6.97416 2.12417 2.53271 5.97645 -2.96616 0 0 -21.2424 0 -5.17785 -5.53653 -2.47441 -8.08248 0 0 0 0 21.1182 0 -2.91187 -6.19337 0 0 0 0 0 0 18.7776 0 
-4.9 3.3 -7.5 7.3 -6.8 7.9 -5.8 -2.4 3.8 2.3 4.2 8.3 0.6 3.2 0.8 -6.9 -9.6 -5.8 -5.9 -7.7 1.8 -8.6 4.9 -4.3 -3 3.2 -2 1.9 3.5 -2.7 -1.2 8.7 -9.3 -3.5 6 9.1 -5.6 5.4 -3.3 3.4 -2.3 6.1 1.8 3.5 -5.5 -7.4 6.7 -5.1 -8 -9.2 -7.5 3.9 7.4 7.4 9.6 9.6 
22.1258 0 7.36471 -5.94781 -1.99315 3.34632 -7.94729 -0.475012 0 0 -20.3451 0 -8.30185 -2.67092 -1.06631 -1.56437 0 0 0 0 -19.4888 0 -8.69825 -7.99329 0 0 0 0 0 0 16.6862 0 
-4.1 -7.2 -3.3 9.4 -4.6 5.6 8.1 -3.9 -7.9 -0.7 -9.6 -8.2 -5.3 -7.7 5.2 -2.3 8.5 -7.8 -8.8 -7 -9.9 7.9 -6.8 -7.9 3.9 -4.3 6 -3.4 8.3 0.8 -3.8 -5.8 -1.1 3 -6.3 4.3 -1.4 7 5.6 -4.1 -3.6 1.2 -2.3 1.1 3.5 -7 8.8 -2.8 -9.6 -9.9 -4.5 -9.5 3.2 -1.3 -7.3 -7.6 
22.6522 0 9.35584 -2.65847 -4.73906 4.0367 2.69996 -3.3158 0 0 22.6546 0 14.8725 -2.88366 0.545347 -1.63965 0 0 0 0 15.0243 0 -5.75723 7.59888 0 0 0 0 0 0 20.0555 0 
4.4 3.9 -1 -2.1 -5.2 5.2 -2.6 -1.1 -1.8 1.1 8.4 2 -6.7 4 8 -0.3 -4.8 -9.1 6.1 3.9 9.1 4.9 -8.8 9.6 0.2 -3.3 -9.9 -6.5 5.4 8 -8.9 -5 2 0.1 -1.9 2 -4.7 5.5 -9.1 -1.2 -8.2 9.3 6 -4.8 -1.5 -0.8 4.9 -1.1 -4.6 -3.8 -7.2 -5.5 -8.8 -6 -5.9 -3.4 
-18.6853 0 6.11337 1.58788 2.16427 -7.9303 4.79147 10.9343 0 0 -19.5319 0 -1.31331 -0.760164 -12.2863 -1.63031 0 0 0 0 -20.3407 0 0.349693 -8.12391 0 0 0 0 0 0 -11.8094 0 
0.7 9.5 -4.7 -8.7 7.5 -3.6 -8.5 -5.3 6.5 -0.3 1.9 7.1 -4.8 2.8 -8.9 -2.9 -2.7 7.1 2.3 1 -8.4 -7.6 9.9 -3 -1.3 8 1.5 -4.9 -8 0.9 1.7 -2 -4.4 2.3 -5.5 8.3 8.7 -3.9 -6.9 5.3 5.8 5 -2.4 -9 -6.9 -1.3 -6.7 -4.4 -9 0.8 1.9 -7.4 3.3 -3 -5.2 7.2 
-20.528 0 7.53263 -3.00224 9.76908 -6.54958 7.07667 3.78897 0 0 -19.049 0 8.04451 -0.190375 -5.94305 5.19904 0 0 0 0 15.8186 0 -9.4103 0.528099 0 0 0 0 0 0 17.4663 0 
-5 1.6 -7.7 -7.7 -7.5 -0.8 -4.5 -1.9 -8.5 0 -3.6 5.5 1.3 -5.3 -4 -7.7 5 3.6 8.6 3.3 7.5 -8.1 8.9 8.5 2.8 0.8 6.4 -8.7 3.1 6.4 8.5 8.1 -2 6 -9.6 0.5 -9.6 -8.9 3.8 -8 1.2 5.5 2.7 7.7 -9.8 8.7 -9.9 5.2 2.3 8.7 -1.5 -0.2 -9.4 -7.3 -6.5 -1.4 
17.2893 0 10.713 1.37137 -2.07816 12.3614 5.36922 12.4765 0 0 -20.1971 0 -8.9677 0.156329 -0.89517 -11.8281 0 0 0 0 -22.5007 0 -10.934 -8.15878 0 0 0 0 0 0 -11.1739 0 
-1.3 5.1 -0.1 -8.2 1.6 -6.4 5.2 9.6 9.6 0.8 -4.6 -9.9 2 9.2 7.3 8.4 -0.1 0 6.1 0.2 -6.1 6.2 -9.4 6.2 4.9 -5.6 -8.8 0.8 -7.7 -5.3 9.4 -3.8 9.9 -0.6 -6.7 -3.3 3 8.5 -3.7 -2.1 -0.7 -3.1 -6.8 -8.7 -8.6 5.7 9.7 1.3 -9.1 1.1 6.7 -5.2 -2.7 7.4 -9 7.5 
19.193 0 -12.5718 -7.15366 1.5662 0.42203 12.0482 0.885741 0 0 -18.4977 0 5.05636 2.58996 17.5636 -7.93271 0 0 0 0 22.5839 0 -1.34459 8.50813 0 0 0 0 0 0 -11.4992 0 
7 7.4 -1.7 4.5 -7.9 -7.1 -9.3 7.2 -2.5 -6 -6.1 -9.4 7.7 -4.5 -6.3 -2.9 2.4 -3.1 -6.4 3.8 7.8 8.6 -9.6 8.7 -0.3 7.1 -6.5 2.2 -0.3 9.7 -0.3 -3.3 7.1 3.2 6.4 4.4 6.2 2.4 -3.1 8.9 6.4 0.8 9.5 4.2 1.5 8.4 6.5 9.2 -9.5 -9.9 -1.8 8.3 8.7 -1.4 7 -6.4 
-22.4141 0 -6.33933 0.0392611 1.77746 -11.5749 -0.012046 -15.1601 0 0 21.245 0 3.15708 -3.8144 12.1251 -0.988252 0 0 0 0 -21.3154 0 4.85869 2.78551 0 0 0 0 0 0 -16.1783 0 
-4.2 5.7 5.9 5.5 5.4 -9.2 7.5 -2.3 -0.7 3.9 -7.8 -4.5 -8.5 -0.9 9.6 8 5.1 9.2 -2.6 -8.1 2.8 -6.1 -8.9 3.4 9.2 -5.5 1.7 8 3.2 -6 6.8 9 9.7 2.7 -0.3 0.4 3.6 -2.8 3.3 -7.1 6.4 0.7 -6.4 7.9 9.8 -6.8 1.1 0.2 7.6 3.7 -2.7 0.5 7.6 -6.4 9.1 2.1 
22.4867 0 -7.89757 5.15506 2.99377 -9.64349 3.36955 2.14838 0 0 17.5392 0 -1.01622 -11.0733 -0.991707 -10.211 0 0 0 0 -17.7296 0 6.29382 -2.8793 0 0 0 0 0 0 -20.4049 0 
-1.9 0.8 -4.7 -8.7 4.8 -7.9 5.5 4.6 4.9 -9.5 -9.8 -6.3 -7.1 3.5 -8.2 9.3 -5.7 -9.4 2.5 9.3 9 8.8 -5.3 6.7 2.6 2 -7.6 -4.6 5.6 -8.5 2.7 9 -2.5 8 5.5 -7.6 -9.8 1.1 2.2 5.1 1.6 -2.4 4 4.5 -8.9 5.8 -0.9 -9.4 1.6 6.8 -10 0.6 0.8 9.9 -7.5 8.6 
19.4291 0 -10.6901 -3.56115 -7.52479 1.85186 -2.06649 -5.05788 0 0 22.4238 0 2.09213 -1.31763 -3.98963 -9.96708 0 0 0 0 -25.5489 0 -1.42552 -12.1462 0 0 0 0 0 0 -17.9434 0 
2 -5.1 9.3 -7.2 -8.4 2 7 -5.6 0.1 2.6 -3.2 0.3 8.9 4.2 -9.4 -4.3 7 -0.2 5.4 8.1 -9.2 -5.5 4 2.4 6.5 4 -7 -7.4 3.9 -4.4 -8.8 -8.9 -4.3 -9.5 9.2 -7.4 -2.2 6.2 -3 7.9 -6 -1 -6.6 -7.1 -6.8 -6 -1.4 -9.8 3.8 -5.9 3.5 -0.2 -6.2 -2.5 -7.8 5.6 
-18.4136 0 -5.9076 -13.8034 4.46355 11.434 7.68292 -0.741301 0 0 19.1681 0 -1.27053 3.88744 15.766 0.285388 0 0 0 0 17.9915 0 -3.64145 6.60239 0 0 0 0 0 0 16.1911 0 
6.7 -4.8 8.2 -4.1 -4 4.6 -3 -3 5.2 -8.6 -0.4 -7 2.9 6.6 6.1 6.9 -4.4 9.5 9.9 -6 8.7 -6.3 9.4 -2.3 -2.2 2.9 7.5 -3.1 5.7 9.7 -7.5 2.4 -9.9 -9.3 8.3 -3.8 0.5 -9.4 3.2 -9.1 7.2 8 9.1 0.1 4.6 5.2 -2.9 5.4 4.7 -7.8 9.4 3.4 -4.1 8.8 -8.9 3.8 
-25.9819 0 -1.68733 -0.827499 3.99586 -3.30268 2.66609 -4.67633 0 0 24.4053 0 4.72149 7.28329 -2.24095 3.00604 0 0 0 0 -21.4461 0 -12.7123 -11.1324 0 0 0 0 0 0 12.4171 0 
-3.1 3.8 5.9 -7.4 3.5 8.4 0.3 3.7 4.3 -1.4 5.1 -5.2 -5.6 -6.5 -4.2 -8.3 -8.5 -5.1 1.8 6.1 5.4 4.1 1.5 -4.7 6.3 -3.9 8.8 -7.7 -5.1 5.1 1.3 1.8 -1 -2.8 -0.3 7.7 -9.2 -10 1.4 5.1 -6.2 -8.3 5.1 -1.7 -4.8 6.1 -4.8 -3.3 -8.9 7 8 1.7 -3.6 -5.3 7 -7.3 
21.0247 0 -3.62478 -4.6783 -4.82622 -4.34012 -2.5137 0.24923 0 0 -20.9749 0 12.8911 -2.88901 -1.11392 6.04613 0 0 0 0 -17.9915 0 -4.12844 0.264589 0 0 0 0 0 0 -15.2472 0 
0.8 1 -9.8 0.9 -3.8 -3.3 8 0.4 3.9 -2.3 -6.7 -0.1 -7.1 0 -5 -3.3 1.7 5.4 0.2 2.2 1.5 5.4 4.1 -2.2 -2.3 2.2 9.5 4.1 2.1 6.6 2 8.2 -2.4 2.3 -5.7 -1 9 -7.7 4.6 -1.8 -4.8 8 8.1 -1.9 -2 8.4 0.1 9.7 3.8 -9.7 -2.9 -4.7 1 -8.7 3.2 8.7 
-16.4603 0 2.52608 7.23622 -8.08311 5.09044 0.417369 4.2958 0 0 18.1151 0 4.79397 8.9776 -6.62209 8.07772 0 0 0 0 -15.8692 0 -3.8536 -0.0682576 0 0 0 0 0 0 -15.962 0 
-1.3 2.7 2.8 6 -0.7 -5.2 4.2 2.2 2.3 8.6 -8.8 1.4 6.1 5.9 4.8 -8.6 3.9 2.9 -5.3 7.1 1.3 4.8 2 -4.9 0.4 9.2 -4.3 -8.6 -9.5 8.9 -9.9 -0.8 -3.2 -1.9 -4.8 1.4 -1.9 4.7 -6.4 -9.5 -1.5 -10 -2.9 -5.4 5.9 -8.1 -4 -5 4.8 -4 -7.9 -8.6 -9.2 4.2 -8.3 1.2 
18.7561 0 -0.481444 1.88419 8.37329 5.94634 -1.61441 -2.72499 0 0 22.1212 0 -0.694481 -12.8235 4.08509 -2.61124 0 0 0 0 15.8665 0 5.99083 -0.735585 0 0 0 0 0 0 20.4624 0 
-1.4 -2.6 -2.2 -0.9 -8.5 -2.1 3.5 -6.4 1.2 3.9 5 9.4 -6.2 3.8 9.9 2.3 3.8 -7.8 7 -5 -5.9 8.2 -4.8 4.1 -5.8 -7.4 0.7 -4.9 2 2.5 1.5 -9.4 9.9 9.4 -0.3 6.7 -7.5 8.4 -9.7 3.8 -2.5 5.3 3.2 1.4 -5.7 -1.7 -6.3 3.3 0.5 -9.3 3.5 -0.2 9 8.8 9.1 -6.8 
22.2823 0 9.37606 6.178 -7.14155 12.1729 3.76757 11.7196 0 0 -12.6847 0 0.664945 -3.02062 -0.0395094 6.63932 0 0 0 0 18.8075 0 1.79958 0.528144 0 0 0 0 0 0 19.3904 0 
-8.6 -0.1 -6.5 -1.4 -7.6 0.3 -0.8 7.5 -0.3 4.1 4.2 -2.6 2.5 -0.3 -8.8 -10 -9.8 4.4 1.4 -5.5 7.9 0.4 3.1 -6.4 1.1 -3.4 3.4 -4.7 -4.6 2.6 -6.2 -8 7.7 -7.5 0.6 -9.9 2.8 5 2.8 7.7 -0.9 -7.7 -4.8 6.8 2 -3.6 6.9 2.3 6.1 -6.5 2 4 -0.9 -4.9 7.7 5.5 
21.7748 0 1.97247 -1.30105 0.465218 -1.03606 -5.4779 9.5822 0 0 -17.7915 0 3.6144 -3.00809 -0.47449 12.3764 0 0 0 0 -14.3491 0 -6.15928 3.87398 0 0 0 0 0 0 -16.3933 0 
1.8 -3.7 -9.2 2.4 4.1 9.8 -0.3 1.8 -7.6 5.5 -2.9 5.2 0.6 -10 3 4.9 -7.7 8.2 1.8 -0.5 9.8 -6.1 7 5.9 -7.4 -0.9 -4.8 1.8 -0.6 8.1 -2.7 6.4 -5.6 -6.7 -1.1 8.6 -6.8 3.8 -4.4 -9.2 -0.7 2.8 1.2 5.1 -2 -5.8 0.1 -4.5 7.6 -8.1 5 2.7 -9 2.1 -1.4 -6.4 
-22.2484 0 -0.865232 3.7432 13.6819 4.60618 -5.41433 10.7558 0 0 16.6063 0 -3.99509 1.77881 -6.52438 -3.28312 0 0 0 0 -19.1996 0 -4.14642 -5.95785 0 0 0 0 0 0 -9.19466 0 
6.4 3.8 5.4 -9 1.9 7.9 7.5 1.6 6.5 -8.4 -4.6 9.7 5.4 1 5.7 9.9 9 -3.1 5.1 -3 -3.6 -4.8 2.5 9.2 -7.7 -7.2 1.9 -6.7 0.1 -9.4 -7.9 -8.3 -0.4 2.8 -7.3 6.8 0.7 5.4 -1.6 -2.8 7 -1 -7.9 -2.4 -10 7.8 -7.2 9.1 -10 7.9 -8.7 -3.6 8.3 -0.9 -9.2 5.8 
-24.2973 0 -0.222658 -4.0383 1.43226 -4.02719 -7.97042 -11.0436 0 0 23.4289 0 -0.418036 -6.33665 6.92 -6.43103 0 0 0 0 20.5461 0 3.20657 -4.4574 0 0 0 0 0 0 19.234 0 
1.9 2.8 4.3 -8 -1.4 6.4 8.9 8.2 -0.8 -8.4 0.2 -10 7.1 3.8 -7.6 -0.7 -7.2 9.8 2.2 -7.1 7.6 5 7.2 2.8 -1.9 3.7 4.4 -3.6 -7.2 5.3 7.4 -0.1 -1.9 1.7 -2.9 6.7 -1.9 -4 0.1 7.4 -2.3 5.6 2.6 -10 -0.6 0.2 -5.5 2.3 0 1.9 5.2 -7.1 -3.1 -2.4 5.7 0.2 
-17.1636 0 5.59672 0.389195 0.00116526 0.093803 -2.98888 11.0746 0 0 -21.8205 0 8.58426 -6.15363 -2.73402 -0.963102 0 0 0 0 -13.9382 0 2.10661 5.29705 0 0 0 0 0 0 -16.4168 0 
-8.7 0.2 6.6 9.4 -4.5 -0.8 -0.7 -1.2 -9.1 6.5 -9.3 -0.9 7.7 -4 -8.3 -4.6 -8.4 4.3 -9.4 1.1 -5.5 -9.6 -6.6 -0.2 2.3 3.8 2.7 9.3 6.6 -1.6 -5.3 3.1 3.8 -8.6 2.5 4.5 -4.2 7.1 -6.7 -3.2 -1.2 9.2 5.9 -3.5 -4.7 7.6 -2.8 -7.9 -2.9 -7 3.2 -3.2 -6.6 1.8 6.6 5.8 
23.2693 0 4.00184 2.06495 -1.63219 1.86082 -0.917518 6.81413 0 0 21.825 0 -5.41675 6.90047 5.21928 3.52927 0 0 0 0 19.3991 0 -6.59615 1.01795 0 0 0 0 0 0 15.6315 0 
-9.2 -0.7 0.3 7.4 3 5 0.6 -3.2 1.6 8.3 -8.6 7.5 5.4 9.9 -5.7 -5.8 9.2 5.4 -4 9.7 -1.8 3.2 -8.2 0.5 6.2 0.3 7.3 9.7 -7.9 -0.8 0.7 -7 3.7 -9 5.6 -3.3 1.2 -3.8 3.6 -7.1 -5.4 0.2 5.6 5.2 -4.7 9.9 4.7 -5.5 0.5 -9.3 9.4 8.7 -0.9 6.5 -0.8 -4.7 
22.7934 0 2.16334 12.5062 0.715557 -4.26483 -1.62284 4.31089 0 0 23.3697 0 7.8229 3.37082 -4.30567 -1.84348 0 0 0 0 18.041 0 -5.63142 5.06424 0 0 0 0 0 0 -15.2196 0 
-3.2 -8.3 -9.8 -5.9 0.9 0.9 -7.7 -5.3 -2.9 8 -3.4 3.6 9.4 5.4 6.5 -6 -4.4 -2.7 4.5 1 -7.6 -0.8 0.7 2.9 -4.9 -4.6 -3.2 4.2 -8.1 6 9.5 -1.3 2.9 5 2.8 9.1 -8.9 0.4 9 -6.5 -1.6 -4.4 7.1 -2.2 -8.9 -1.2 -2.9 -8.1 6.1 -8.4 -1.9 8.5 -4 8.9 -3.4 1.1 
19.6586 0 3.14366 0.498001 -2.55207 -7.16328 -2.32977 -6.50352 0 0 20.3992 0 0.121581 2.71863 1.12126 -6.75394 0 0 0 0 21.6598 0 -6.16242 -0.212798 0 0 0 0 0 0 -18.5443 0 
-5.7 3.4 -4.7 -8.6 -5.4 -10 0.1 7.5 5 8.1 1.8 6.2 -1.5 0.8 4.9 6.9 1.7 2 -10 2.8 6 -2.9 -0.1 2.1 -6.1 8.1 -4.2 -0.1 2.2 2.4 -9 1.7 -4.2 -3.7 3.1 0.4 -3.7 8.4 -6.9 6.6 6.5 5 -2 -9.7 -4.2 -7.1 2.4 7.5 4.9 2.4 -4.5 -3.9 4.7 0.7 8.2 8.6 
19.306 0 -1.92842 4.62241 -2.45779 -2.06413 15.358 1.2421 0 0 -19.5309 0 -4.40951 -0.740294 5.72043 -0.873285 0 0 0 0 -18.2112 0 -1.49954 -0.0497749 0 0 0 0 0 0 15.4085 0 
-1.2 9.2 -1.5 6.2 1.6 -0.5 -6.9 2.6 1 1.4 -7 7.4 -0.2 -3.9 -0.8 -8.5 -8.9 7.2 -8.2 -7.8 -9.9 -0.5 4.9 0.2 -8.1 -9.5 6.3 6.7 -3.6 -0.3 5.3 0.4 -1.1 9.1 -3.4 -9.5 -6.2 -5.1 3.1 4.9 6.3 1.3 -2.5 -8.7 2.6 6.7 -7.2 -1 3.9 9.9 1.2 -0.8 -5.4 -8.7 9.4 -3.5 
24.7905 0 -5.99705 5.34196 -0.699864 5.91395 -2.93943 -2.99389 0 0 21.8732 0 -0.143519 -2.28601 -2.4891 1.38083 0 0 0 0 17.5957 0 -6.72506 6.71012 0 0 0 0 0 0 -15.8326 0 
7 0.9 8.4 -6.6 -9.4 3.8 3.8 -0.5 -1.9 5.6 -4.8 1.9 -9.5 3.5 -3.2 6.8 -10 -0.5 3.3 2.6 -8.6 1.4 6.8 5.3 -3.5 -2 9.7 1.1 -5.4 9.1 7.6 -8.4 0 6.1 -4.9 -4.2 -4.9 4.1 0.5 -1.6 -0.2 0.9 -9.7 0.3 -5.6 -7.6 -7.6 9.6 1.9 5.7 -2.5 3.4 -7.7 -5.7 -6.1 -1.2 
-16.5964 0 0.39828 -1.20388 -2.0149 -5.43311 1.69736 -1.65337 0 0 20.1433 0 -3.27346 8.54228 12.5885 -7.65788 0 0 0 0 22.308 0 -1.63615 -9.11722 0 0 0 0 0 0 12.5168 0 
-2.4 -6.3 9.9 2.2 8 2.8 -1 -6.7 -5.9 4.1 -0.9 -0.8 -6.5 9.7 7.6 3.3 0.6 3.1 8.8 0.3 5.5 -8.8 -0.1 -7.3 2.2 2.6 1.3 4.5 7 5.2 -6.6 -5.4 4.1 8.5 2 2.2 1.3 -9 5.5 5.4 0.4 9.8 -5.4 3.9 9.5 7.4 -2.8 -4.6 0.6 -4 5.7 -8.7 -7.5 -9.2 -6 -0.1 
17.8958 0 4.82571 6.09081 4.6754 -10.5947 -1.05611 -3.50417 0 0 17.4578 0 11.5323 -13.9534 -3.2593 -6.32282 0 0 0 0 17.283 0 -11.2096 -3.78537 0 0 0 0 0 0 12.6886 0 
3.5 5.3 -5.6 -4.3 -4.2 -7 0.3 9.9 -8.4 -7.7 -2.7 2.9 8.5 8 -1.6 -1.1 7.9 -1.8 -7.2 2.6 -9.1 -4.8 8 -3.3 -3.5 -1.1 -2 -1 -5 -2.7 8.9 3.7 7.8 8.5 9.4 -6.4 -8.4 -5.1 8.8 -6.8 -7.6 -8.7 6.1 -9.1 4.6 9.7 -0.1 2.5 -6.8 -2.1 -9.7 -5.9 3.2 8.4 0.8 9.7 
-23.8011 0 -1.45288 0.398302 20.8058 4.48804 -3.08348 8.27022 0 0 22.4749 0 -1.7388 -0.665296 -4.47984 -5.06888 0 0 0 0 13.3101 0 -9.01152 -1.12852 0 0 0 0 0 0 -16.9759 0 
-7.5 4 -6.1 -2.5 6.5 8 -8.8 4.4 6.5 5.8 3.2 8.1 -9.3 -2.8 6.5 -6.9 -1.4 -2.1 9.3 -6.8 -2.4 -0.8 0.9 0.8 7.1 -3.6 0.1 -4.5 -10 -9.1 -9.6 -7.4 0.2 -5.7 -4.7 -3.3 -7.7 -8.2 6.3 4.1 7.6 -0.4 2.2 8.4 2 -6 6.7 -9.4 1.9 6 9 4.7 -9.6 -4.9 -9.2 2.8 
18.6531 0 10.6272 3.58653 -5.97647 -10.5521 3.92749 -7.4084 0 0 -18.9201 0 4.21994 -2.06152 7.89148 3.60113 0 0 0 0 -22.4358 0 -3.52563 -0.853798 0 0 0 0 0 0 21.4137 0 
1.6 0.9 8.3 1.6 -2.9 8.8 -0.6 7.3 8.3 4.8 9.2 5.9 6.6 5.6 0 4.2 -9.6 7.4 -2.2 2.4 -8.6 9.8 -1.7 3.3 5.8 -7.5 -6.7 6.3 -2.3 -5.9 -5.7 4.5 5 -7.4 -8.7 -7.9 6.6 0.8 4.6 0.2 -9.2 -0.9 -3.9 7.4 -5.3 6.1 -3.2 -9.7 3.5 -0.1 2.7 5 -0.3 -9 -6.5 -9.3 
-22.5739 0 -5.55066 7.89718 -15.1117 3.98691 -1.66431 -4.40908 0 0 -20.815 0 2.62577 -4.03363 1.42631 -8.10248 0 0 0 0 17.1475 0 8.92145 -5.17582 0 0 0 0 0 0 13.993 0 
8.8 -3.2 2.2 -3.5 -3.9 6.5 6.2 -8.8 4.4 7.5 8.5 -3.8 -6.5 -1.6 6.4 -5.7 7.5 -7.5 6.9 7.4 8.6 9 7.7 -2.6 -1.1 0.4 7.6 3.8 -3.3 6.3 4.5 -4.5 8.4 -8 -2.8 -5.5 8.5 8.6 -4.3 -1.9 1.3 9.5 4.4 4.9 -2.1 0.8 4.4 -4.6 -1.4 -3.4 8 -7.6 -4.4 5.7 -0.2 4.5 
-22.7416 0 -5.11222 3.09521 4.32336 -15.4391 -2.84545 8.54821 0 0 -21.1153 0 1.92992 -0.20476 -5.39869 6.57187 0 0 0 0 -15.8144 0 -0.159565 3.80308 0 0 0 0 0 0 -14.5189 0 
-8.7 -7.4 -6.5 -6.8 9 8 -6.1 7.4 5.2 -3.7 -8.1 3.8 -5.1 -7.1 7.1 6.3 7.6 1.5 -3.6 -4.5 7.6 6 -3.9 -3.8 -7.4 -5.9 -6.2 -1.8 5 -1.1 7.9 6.3 1.5 -8.6 9.6 -4.3 4.7 -6.5 -6.9 -0.1 -0.1 -9.7 8.9 0 8.4 6.1 -8.5 1.2 -7.2 -6.9 6.7 5.6 9.2 8 7 -8.2 
24.3006 0 1.50984 4.82045 -9.05327 5.369 -5.47928 -4.45462 0 0 22.0005 0 2.73211 3.49732 -8.37043 -15.0031 0 0 0 0 -23.0577 0 6.24169 0.193901 0 0 0 0 0 0 -12.9364 0 
7.3 -9.1 -4.7 2.3 -0.2 8.4 -1.4 -8.7 9.9 -6.6 -7.7 -0.2 -7.8 -9.4 4.9 -2.7 -9.1 -0.9 7.3 4.5 -9.6 4.1 -4.3 -6.8 7.2 7.6 4.1 6.4 0.8 1.1 3.5 -1.9 2 4 -9.6 -8.2 2.4 -5.7 8.4 -2.5 -7.1 -9.3 7.3 -4.9 -8.7 -2.5 -2.4 7.5 6.6 -9.8 -2.8 2.2 4.3 -1.8 0.6 1.5 
-27.7018 0 7.96952 -0.488055 -4.25063 6.60787 -4.86033 5.46174 0 0 20.091 0 1.71372 3.12742 -9.04932 4.70831 0 0 0 0 19.9522 0 -4.56475 4.56338 0 0 0 0 0 0 -11.4803 0 
-9 -5.3 -6.8 1.9 5.9 1.9 5.2 -2.1 -4.1 0.9 -5 8.3 0.4 -6.6 -4.1 3.3 9.3 8.4 3.7 5.8 -8.9 -8.7 -1.5 2.9 -8.5 5.8 -4.9 5.8 9.2 5.8 -7.4 -9.8 -9.5 -4.2 -2.7 6.4 7.7 -7.4 9.6 8.8 3.5 -5.4 7.1 9.1 -6.8 8.2 2.4 -7.5 1.9 -3.9 3.5 3 -7.3 -7.9 -8.8 -5.8 
23.6172 0 8.7627 -2.67983 -15.4282 -0.711347 -3.08166 4.25538 0 0 19.1696 0 -7.61068 3.95565 -1.63658 -2.6563 0 0 0 0 19.6582 0 -7.06857 2.5427 0 0 0 0 0 0 21.6687 0 
3.1 -3.7 5.3 2.3 -7.9 7.9 -2.3 7.9 8.9 5.1 4.3 1.8 2.9 3.9 0.6 -8.4 3.7 -7.1 -9.3 6.9 -8.8 -1.7 4.6 -1.7 -0.3 -1.8 6.5 2.4 -4.5 7.7 1.8 3.8 -5.9 -2.9 -3.9 -8.6 -9.8 -1 9.3 4.3 9.3 -1.1 -3.9 2.2 8 6.7 -1 1.8 9.7 -0.3 -6.1 6.1 3.3 8.6 -5.6 -7 
-20.5195 0 4.19308 -5.08053 -5.66096 -3.36265 8.91786 4.177 0 0 -19.4285 0 -6.40671 -2.83761 6.70932 -4.46962 0 0 0 0 22.5086 0 -1.87035 -5.32311 0 0 0 0 0 0 -13.2713 0 
-8 6.1 5.4 -7.3 3.9 -2.8 6.5 3.2 -0.4 7.8 4.6 -5 -8 4 9.4 -8.6 8.1 -9.3 -1.2 6.1 7.5 7.9 -6.9 2.4 -7.2 -2.9 -6.3 6.1 -9.1 -1.9 4.3 8.1 -5.8 -0.3 -9.2 3.3 2.2 2.5 -3.5 -8.2 0.3 -8.8 -8 -2.5 0.4 -8.6 -1.1 -6.3 -7.8 3 9.8 4.9 0.9 -7 -7.5 -1.1 
23.5724 0 -6.66541 -8.1888 3.33864 9.30918 -4.36569 -6.77444 0 0 -20.4574 0 -7.2807 -0.256141 -0.461758 -9.05908 0 0 0 0 -17.0959 0 4.80072 5.25108 0 0 0 0 0 0 -18.2285 0 
0.1 -3.8 -9.7 -3.8 -0.5 4.6 -5.7 -1.1 9.6 -4.9 -7.7 1.8 7.6 -6 -1.2 -6.9 -9.6 -4 0.6 -4 -7.3 4.8 -0.3 -9.9 -2.2 -0.4 5 3.9 -2.2 2.7 8 3.1 8.9 8.3 9.3 -6.4 -1.8 -6.4 2.5 -7 -1.3 0 4.8 -8.5 4.1 8.8 9.8 -0.3 -5.2 -4.4 5.8 -2.5 5.6 -4.5 -7.2 -6.6 
-20.9755 0 3.21042 5.15126 -2.65453 5.2118 -3.21471 3.9899 0 0 21.2936 0 -5.23609 -2.56867 10.7989 -1.47598 0 0 0 0 18.0407 0 3.66697 -8.72696 0 0 0 0 0 0 -16.3274 0 
0.3 7.8 2.5 8.1 -4.3 0.6 1.2 9.8 -5.9 0.5 -6.6 2.3 4.1 1.2 5.3 8 6.4 -4.7 4.7 -4.3 9.3 -0.3 5.5 9.4 0.6 1.3 -7.9 -3.8 2 -5 -5.1 -7.6 8 7.4 -9.5 -6.2 -2 1.8 -6.4 2.2 7.5 -7.7 9.7 1.7 3.5 0.3 -5.1 -0.1 0.8 4.9 5.7 0.2 -5.4 1.2 -0.4 5.2 
-20.4949 0 -4.29132 -2.71239 -2.84217 -7.15301 0.9578 -3.0676 0 0 21.6926 0 -0.0842858 2.63008 5.18471 0.892382 0 0 0 0 -11.6915 0 -8.0682 -0.92303 0 0 0 0 0 0 19.6727 0 
7.7 -3.1 -8.5 -0.3 1.9 -3.6 2.1 0 9 -2.1 3.8 -2.9 9.7 2.6 4.5 2.4 4.9 4.2 9.3 -1.6 9.7 -5.7 3.6 0.6 9.2 -0.7 -9.2 9 5.7 -4.4 4.3 3.4 2.5 1 -6.9 9.7 2.6 0.5 -0.3 1.6 8.4 8.7 3.9 3.3 -3.5 -1.6 -4.3 6.7 7.9 -4.9 -4.9 7.6 -5.4 3.9 -6.6 -6.2 
-22.8256 0 4.30875 -1.91232 -3.88379 2.76925 -4.82922 -3.34448 0 0 -24.0256 0 -2.81575 -0.621631 -1.5988 -4.18452 0 0 0 0 -18.1927 0 -5.17478 -4.38796 0 0 0 0 0 0 -11.0097 0 
8.4 9.4 -7.2 4.1 -9.8 2.3 -7.3 -2 -6.7 -4.1 -2.3 1.1 1.6 2.6 -7.2 0 -3.5 1.9 8.5 3 -9.6 -5.8 -0.3 3.5 -5.5 0.1 -3.7 -0.9 9.2 -5 -1.9 7.7 -5.6 -3.8 1.8 -5.3 8.5 4.6 2.7 7.1 5.7 -9.6 -6.6 -7.5 -1.8 -8.6 -2.3 4.7 3.4 -3.8 -7.1 -1 -4.4 -2.1 -7.5 0.2 
-21.5218 0 -0.430725 1.67179 5.12781 -3.8138 6.48411 3.90998 0 0 18.7208 0 3.19722 7.27478 3.49537 1.87621 0 0 0 0 20.8922 0 -0.44188 2.81543 0 0 0 0 0 0 15.6381 0 
8 -6 4.5 7.2 -1 7.9 0.1 3.5 -5.9 -8 3.4 7.8 1.8 -8.7 4.9 -2.5 6.9 3.6 -4.8 -4.9 5 2.9 9.8 -1.6 9.1 7.9 7.4 9.9 -4.2 5.1 0.1 9 4.4 9.9 6.3 -6.6 7.8 -3.6 2.1 7.1 -6.4 -9.3 4.9 5.4 -8 -4.9 8.1 8.9 8.7 -6.7 -6 3.7 1.4 9 -7.8 0.5 
-27.7489 0 6.88532 0.271362 -3.52879 -5.62581 0.775887 -3.54068 0 0 -21.9759 0 -1.35619 -5.26113 -7.81942 -9.03397 0 0 0 0 -19.7623 0 2.59913 -3.71758 0 0 0 0 0 0 17.504 0 
7 4.8 0.5 8 -4.8 5.8 7.1 9.6 0.9 -1.4 8.2 -6.1 0.2 -4.4 -9 3.9 -3.7 6 -5.5 -1.6 6.3 7.9 -2.7 5 6.4 -3.4 -1.3 -2.1 -9.2 -3.9 3.6 7.8 6.2 9.3 1.1 -8.6 0.4 -1.8 6.2 -8.7 6.8 4.4 -9.5 -3 -10 -8.5 6.1 -8.4 2.7 -9.3 0 -1 3.8 2.5 9.2 0.2 
-21.4786 0 3.45786 -1.66678 7.15131 2.32324 -4.83086 1.19049 0 0 -19.191 0 -8.25408 0.266952 -1.87216 -2.37952 0 0 0 0 -18.6984 0 -2.27578 2.65035 0 0 0 0 0 0 24.6034 0 
4.3 -6.8 3.3 5.2 -0.7 -3 -1.8 -9.3 -8.5 9.3 7.3 1.9 -7.3 3.5 -1.5 9.5 -6.8 -1 -3.4 8.4 -4.3 7.9 -10 3.7 8.6 -4.8 -7.3 -2.4 3 -8 7.9 -2.7 -4.8 -3.6 7.7 -0.3 3.4 -8.8 -4.3 0.2 5.7 -7 -7.9 8.5 1.8 -4.2 8 0.2 0 9.8 -1.4 5.8 7.8 -1.3 -0.5 1.6 
-24.1089 0 7.70088 4.95294 -9.94694 5.19476 -15.8282 3.89441 0 0 -19.5398 0 -1.28153 3.76313 0.788026 0.823771 0 0 0 0 16.1124 0 0.144459 1.5122 0 0 0 0 0 0 -13.4794 0 
-0.9 -2.6 9.3 -7.9 -5.4 2.4 -5.3 -5 8.8 7.6 0 -2.5 8.8 5.7 7.7 4.6 3.9 5 3.1 -9.1 -9.1 -3.7 1.1 0.9 -3.8 9.8 -8.1 -6 -6.3 -3.4 0.8 2.8 -0.7 0.1 0.2 3.9 7.7 4.9 9 6.6 2.5 -5.8 -5.9 -3.4 5.1 -8.2 -8.8 -1 6.8 -0.5 -4.8 2.9 5.8 6.3 9.1 -8 
19.5023 0 -4.98044 1.65775 7.57398 6.32899 10.1383 -8.03495 0 0 -20.3641 0 -1.45156 3.39779 -1.49494 7.03202 0 0 0 0 20.7703 0 4.72032 -1.29273 0 0 0 0 0 0 -15.8388 0 
1.3 -9 -8.8 5 -2.3 -2.7 -6.9 7 2.6 3.3 -3.9 0.4 -6.6 -9.7 -3 1.1 -5.5 -3.7 7.7 9.6 -6.7 4.1 -6.1 5.3 8.8 -0.9 -1.7 4.7 -4.6 -2.6 1.9 6.8 -6.4 -1.6 -3 -3.5 5.7 0.1 8.7 -1.7 8.6 -5.1 8.7 7.2 -4.8 -9.1 -6.4 -5 -7.6 6.5 -5.4 -9.1 0.7 -6.3 6.3 -5.3 
-21.5877 0 5.4443 -8.56412 5.65599 7.08458 10.0256 3.79475 0 0 21.2604 0 -1.37954 5.93031 0.978172 3.11611 0 0 0 0 17.2953 0 6.07108 -3.30068 0 0 0 0 0 0 -16.1542 0 
2.8 9.8 9.4 3.5 -7.6 1.4 0.3 -4 9.8 2.5 2.6 0.7 7.9 1.3 9 1.7 1.4 3 -1 6.7 -0.9 2.6 6.9 1.6 -0.9 -8.5 -2.3 5 -4.7 -6 9.8 3.3 -6.2 4.4 -3.2 -8.6 -9 2.3 -2.5 -9.2 -5.1 5.3 -3.3 -7.2 -3.4 -4.2 -0.3 3.3 4 8.7 0 -6.9 -3.5 -7.9 -0.1 0.9 
-22.2212 0 1.49587 -0.0171008 -5.09199 -4.80668 -1.49182 -4.46241 0 0 19.3995 0 3.43126 -1.74812 3.6849 -7.4254 0 0 0 0 17.7699 0 -4.2437 7.38525 0 0 0 0 0 0 -14.013 0 
-6.4 7.7 -4.1 -5.9 6.9 -9.1 2.7 6 5.4 9.5 7.4 6.4 1.9 -5.1 2.5 2 -9.8 9.2 0 -7.9 -9.8 9.7 5.4 4.2 3.7 -9.4 2.6 -9.8 7.9 7.7 1.1 -8.5 5.4 2.3 -9.1 2.4 -1.6 3.6 -1.6 9 -1.7 -9 5.5 5.4 -4 -6.8 -2.6 -8.6 7.6 2.6 8.7 3.1 2.4 -0.7 -2.7 -3.9 
26.1773 0 3.17986 6.65997 2.81809 1.69957 7.42361 -6.2348 0 0 -22.1667 0 7.30014 -0.146799 0.19996 2.08164 0 0 0 0 22.1751 0 -0.980745 -3.37534 0 0 0 0 0 0 -15.8073 0 
-4.9 5.1 -8.5 -7 2.9 2.7 9.8 -1.7 -9.8 5.9 5.9 -1.4 -5.3 9.5 -2.3 3 -9.4 8.4 -1.5 -8.2 6.8 1.1 -6.8 4.4 -6.2 7.2 -2.5 6.2 -3.5 0.1 7.5 -3.1 -4.8 9 -0.1 8.1 -3.1 -5.1 -8.3 -7.7 -9.2 2.8 1 -4.5 2.4 3.9 8.6 -1.8 2.3 -7.7 0 -5.7 -1.4 -1.6 8.7 2.4 
26.2901 0 1.54811 4.30999 1.60555 -5.22668 -3.66982 3.80942 0 0 -19.2506 0 6.49114 -8.77328 11.5465 -6.71124 0 0 0 0 -10.2888 0 4.74953 6.64532 0 0 0 0 0 0 -16.0764 0 
-4.4 -8.5 -6.2 -2.6 -3.2 -8.7 4.3 2 5.6 9.4 -4.6 7.7 -5.6 -7.7 -9.9 -4.8 5.1 -3.7 -4 -7.3 -9.8 9.8 0.9 -2.3 -7.9 -9.1 2 0.7 -0.6 -4.1 8.4 0.2 -2.6 -7.8 7.6 4.2 8.8 -2.9 -8.5 -0.4 -3.4 -7.9 -7.5 -3.8 -5.6 -7.4 1.4 9.5 -1.1 2.6 7.5 -5.7 2.4 -1.6 2 -0.3 
23.3621 0 2.58409 -0.233711 0.451157 4.87412 -10.6638 2.95435 0 0 20.6767 0 6.01803 -1.45867 -2.95371 3.77806 0 0 0 0 22.4458 0 -4.84644 -4.92598 0 0 0 0 0 0 -13.9912 0 
-5.4 9.2 5.7 -0.8 -4.8 4.1 9.4 -2.2 1.5 2.3 7.3 -4.5 9.4 8.8 5.1 -8.8 6.1 7.7 -2.6 -9.5 5.5 4.1 5.2 9.7 -8.1 2.7 -6 4.4 6.4 1.3 -5.9 -9 0.5 9.8 0.2 0.9 -0.9 -0.4 8.8 -9.3 7.1 6.1 -3.8 6.6 0.1 6.6 3 -3.8 -0.5 5.7 -3.3 -5 -5 7.1 9.9 -3.1 
22.5253 0 -3.13958 -1.73982 8.62762 2.14292 -2.88253 -8.10732 0 0 -18.4634 0 1.79245 -2.70684 3.31008 -4.44022 0 0 0 0 -18.0483 0 7.80844 9.62921 0 0 0 0 0 0 21.6836 0 
-0.1 9.2 6.5 -3.7 0.5 -9.3 -2.7 6.2 5.7 2.7 -2.8 -5.1 -7.7 -8.8 -4.4 9.5 7.3 -3 1.3 -2.6 -6.4 9.5 3.6 3.1 0.4 5.5 3.4 5.4 2.6 3.3 7.6 7.7 2.5 4.1 9.2 8.2 4.8 -8.3 -0.3 0.6 4.4 2.1 0.7 2 3.3 6.3 -3.3 0.6 -6.7 8 3.2 -7.8 2.7 -3.2 0.5 -6.8 
19.3093 0 -1.8649 -4.96082 -12.8052 -0.811525 2.63862 7.18927 0 0 18.3935 0 5.13461 -6.81865 4.55026 -1.23644 0 0 0 0 17.1721 0 -2.31436 -7.06608 0 0 0 0 0 0 -14.7303 0 
7.5 -6.1 3.8 0.1 2.5 1.4 -6.9 -5 -9.2 -7.7 8.5 5.6 -5.9 -1.8 -8.6 8.5 -9.7 2.1 0.5 3.6 -6.4 2.4 9.4 -7.8 -4.4 2.6 -5.6 8.4 4.6 4.9 6.8 2.1 4.1 0.6 7.4 -3.4 7.3 -9.5 -3.2 8.1 -7.1 -9.5 -1.1 -7.8 -1.3 -4.4 5.9 -5.8 2.9 -8.3 3 6.6 4.1 2.4 4 9.8 
-24.4364 0 -0.813948 -2.0494 -8.39729 1.22481 8.36415 0.0421502 0 0 -20.2301 0 -5.74071 3.53254 1.2326 -4.09453 0 0 0 0 14.4174 0 1.59978 1.35164 0 0 0 0 0 0 -24.1325 0 
-9.8 8.4 8.2 4.8 -1.5 5 -7.9 7.8 -9.2 9.6 -5.6 8.1 5.3 -3.5 1.4 8.2 -3 -9.6 5.6 1 -4 1.6 0.4 8.9 3.3 -6.5 0.7 -2.6 5.9 -5.3 -2.8 1.4 -6.9 -9.4 -3.8 -3.1 0.8 -6.4 -5.3 1.7 -6.8 -5.6 -5 3.7 -3.9 6.5 -2.8 -1.7 6.9 -7.2 4.5 8.1 4.4 -5 7 -2.3 
28.4731 0 4.33461 -2.4286 4.77713 -3.32243 7.64966 -5.84902 0 0 18.7289 0 -2.04741 0.152153 1.32772 1.25235 0 0 0 0 -15.9498 0 0.509636 -3.49736 0 0 0 0 0 0 16.4033 0 
-1.5 -2.2 0.4 9.6 -2.3 7.6 1 -3.9 3.5 2.5 3 -5.7 6.1 2.9 1.2 4.5 2.5 6.3 -1.8 3.8 -2 0.6 -7.8 -5.1 3.5 6.7 8.2 -2.1 6.9 0.4 0.9 -4.6 8.2 -8.7 -9.7 -8.8 4.1 1.3 -2.7 -2.4 9 -9.7 2 0.3 -1.6 -6.8 -10 6.2 4.7 -1.7 0 -7.3 8.9 2.2 -7.2 -2.4 
21.718 0 1.525 -11.5655 7.04025 -2.63422 -10.9554 -3.35344 0 0 -17.7753 0 -1.22177 -5.1078 1.2814 -5.98299 0 0 0 0 15.1018 0 -4.3087 -2.84978 0 0 0 0 0 0 -12.6656 0 
-5.8 -9 5.6 -8.9 1.5 -8.3 -8.2 -5.1 -7 -7.9 -3.9 7.1 -1.4 3.4 -5.2 -2.3 -1.1 2 8 7.4 5.2 8.1 3.6 0 -8.4 -6.4 2.7 5.7 1.1 5.6 8.6 0.5 1.8 4.2 -3.2 -6.7 1.1 -1.4 -1.7 4.1 0.7 -0.4 -3.6 4.6 -6.9 1.2 -7.7 2 -6.8 5.5 -5.4 3.7 -1.2 3.4 -6.3 -4.4 
20.9952 0 -0.739215 -1.21599 1.52368 -2.76777 4.53627 2.46961 0 0 21.5593 0 13.9773 0.935615 4.51203 -3.84383 0 0 0 0 -8.29929 0 -4.99368 7.91398 0 0 0 0 0 0 -14.3322 0 
2.3 1.6 6.6 -6.6 -7.6 5.2 -0.9 4.3 -0.6 5.9 7.6 -9.5 -5.4 -8.9 -0.2 0.5 0.8 6.2 -4.9 -0.9 -7.3 -7.4 -8.9 -8.9 3.4 -9 4.8 -7.8 4.4 3.7 -6.9 -3.3 -4.6 9.7 -4.7 -7 4.9 4.4 7.3 9.5 0.4 0.2 5.2 0.2 -3.5 -5 -9.3 7.3 6.4 -8.9 -8.4 9.1 -6.3 8 5.5 2.3 
-20.2554 0 7.79448 -2.06217 10.9734 -3.89526 -1.12859 2.91824 0 0 -23.0296 0 2.04756 2.9018 6.70942 2.31175 0 0 0 0 19.2452 0 9.08098 -7.86485 0 0 0 0 0 0 18.7323 0 
9 0.3 -0.2 3.4 9.3 2.9 5.4 9.9 2.6 5.9 -7.1 -2.5 0.4 5.5 -7.8 6 -4.3 7.4 -3.8 -2.6 7.6 -3.1 -10 4 -6.8 -8.4 -1.6 -7.8 9.6 -6.1 4.5 8.6 -0.6 -5.7 -2.7 -6.1 7.2 7.9 -6.2 -5 3.8 -3.2 -2.3 -5.8 7.5 -0.1 5.4 8.4 -2.7 -8.4 -4.2 -5.1 -6.2 -4.2 4.2 -3 
-21.1681 0 -6.60899 -3.88839 -3.77407 -6.31326 -3.59833 -11.5957 0 0 14.8708 0 -5.61645 4.78929 -3.95607 -9.63257 0 0 0 0 -20.9775 0 5.22669 -11.9073 0 0 0 0 0 0 -14.1093 0 
-2.5 7.8 -5.6 -7.7 6.9 9 -9 -3.7 8.5 -6.5 -4.5 1 -8.6 -0.7 6 0.4 1.3 -6.2 -0.1 -1.2 3.7 -4.7 -2.8 6.3 -3 -1.7 6.4 -4 4.1 0.6 -1.8 6.8 -6.4 2.7 9.2 -9.5 -3.1 5.4 -7.9 -4.6 8.9 -2.4 1.6 5.5 6.9 -2.3 -4.1 -6.5 -3.3 5.8 2.3 5.6 -8.8 4.8 1.9 -6.6 
20.282 0 -7.61759 5.9072 8.0495 -5.47628 -1.68228 4.09525 0 0 17.937 0 -1.22388 4.70445 -7.50383 -7.46119 0 0 0 0 -18.1589 0 10.5047 -4.33698 0 0 0 0 0 0 -12.5269 0 
-6.9 -6.4 -5.4 7.2 -0.6 2.8 -0.7 3.1 -9.3 -1.5 3.6 -2.4 -6.1 0.9 -1.7 -7.2 8.5 9.9 3.5 0.7 -7.2 9.4 4.2 -0.5 5.3 -8.3 -9.6 1.7 6.5 -2.5 0.3 4.8 1.1 4.9 -2.7 -9.4 -2.3 6.6 3.7 -1.5 -9.7 -7.5 1.3 -5.8 3.5 9.6 -7.8 -2.8 4.8 5.7 3.1 2.8 5.1 -2.7 -7.6 -4.4 
25.9931 0 -2.0894 -3.5094 2.37025 2.34024 1.38191 -0.318546 0 0 -18.419 0 9.31294 0.219797 -1.79106 5.47833 0 0 0 0 17.9891 0 -6.58868 -0.258714 0 0 0 0 0 0 -13.7434 0 
-5.7 8 2.5 6 -4.5 -7.2 0.9 6.7 7.7 3.4 7.3 -4.5 0 -3.8 -0.8 0.3 -1.3 5.7 -0.3 7.4 5.4 1.9 -5.3 -4.6 -7.2 7.8 8.2 3.1 -9.6 5.8 4 9.9 3.8 -3.5 5.9 4.6 -0.6 -8 1.3 -2.9 5.4 -6.2 -2.2 -9.4 -4.8 7 -3.9 3.9 2.8 5.8 -3.4 -6.6 -7.1 -3.5 -6 -9.1 
21.2125 0 4.11503 -10.9789 -0.494048 2.57254 -1.28745 -5.04043 0 0 -17.7288 0 5.84999 7.16529 -3.55182 -4.35485 0 0 0 0 -18.7546 0 -7.22131 5.39422 0 0 0 0 0 0 15.1371 0 
-5.7 -7.8 4.1 9.9 3.3 -1.9 5 -7.7 4.6 1 6.9 -6 -1.8 -1.8 -3.6 8.9 -2.8 4.2 9.5 2.4 -3.5 -9.1 -8.4 4.5 6.7 -1.8 3.1 4.9 4.7 7.1 5.8 4.2 4.5 -4.9 -0.6 -2.2 3.2 -5.6 0.2 -6.9 0.6 -2.9 -7.7 4.1 0.6 -1.3 3 3 -7 -2.3 -4.5 -0.5 -1.4 -7.7 9.2 -9.4 
17.2169 0 -3.20616 -6.19858 2.88671 9.78228 4.80053 14.8738 0 0 -19.5233 0 -3.47593 3.96347 4.5721 -2.06222 0 0 0 0 12.7131 0 2.24245 -5.37422 0 0 0 0 0 0 -15.9329 0 
0.5 2.3 0.7 -9.6 -0.6 -3.5 4.6 9.1 -3.1 -6 -3 -9.9 -6.3 2.4 8.4 4.3 9.5 -9.2 -1.6 -4.7 -0.5 6.6 8.4 -2.3 -5.6 9.1 2.4 -1.8 -8.6 1.6 -6 -2.9 -6.1 4.7 -2.5 -1.5 6.5 -7.9 -2.3 -6.6 -8.6 -0.1 8.7 -4.9 -7.7 7.2 4.6 7 3.2 -6.9 -7.6 -7.3 4.9 6 0.5 9.3 
-23.0506 0 -0.221686 3.3292 1.86416 -3.89361 1.74659 -7.88917 0 0 -21.0102 0 9.5075 2.49436 8.91893 -8.55375 0 0 0 0 -18.4103 0 1.99039 2.7377 0 0 0 0 0 0 17.0168 0 
5.1 8.1 -2.4 1.7 -0.2 -3.2 8.8 -1.1 -8.4 -3.7 7.5 8.1 -6.4 -9.6 6.7 -5 0.3 5.4 -4.7 2.6 -2.2 5.2 -0.4 -9 3.5 -2.8 -6.2 -1.6 8.4 -0.5 -2.2 3.5 -7.2 0.6 -9.6 2.6 7.4 9.2 -8.4 4.2 -9.3 4.3 -2.5 -5.6 -0.1 -5.8 -5.4 -9.8 9.7 0 -2 -7.3 -4.8 2.8 -6.2 8.7 
-21.8284 0 2.0881 1.37069 -0.10216 -4.0461 2.6154 -7.7422 0 0 -19.6962 0 9.0175 7.12174 -4.43034 7.77299 0 0 0 0 17.3668 0 -1.02237 6.64961 0 0 0 0 0 0 19.5507 0 
-9.9 -7.2 -7.7 8.5 2.3 0.1 -2.7 0.3 5.9 -7.1 -7 -1.4 -7.8 9.8 -7.2 -7.1 -0.7 0.4 -7.5 9.2 -0.2 -2.8 4.6 -0.5 2.4 -7.4 2.3 2.8 5.4 1.3 -3.3 0.7 4.1 -1 -5.5 -8.4 9.2 -3 1.9 0.3 -0.1 0.1 8.9 2.1 -0.1 7 0.3 4.4 -7.4 2.8 3.6 2.4 5.2 -1.8 7.2 -2.4 
19.408 0 -2.95497 -12.6819 -7.15272 2.99361 -1.86109 -7.18209 0 0 19.2382 0 1.84314 7.68036 -2.00289 3.2144 0 0 0 0 -15.8534 0 -2.54029 -4.80019 0 0 0 0 0 0 11.1483 0 
-4 -5.3 -9.6 -8.5 6 -2.9 -2.6 0.1 6.2 1.9 -3.1 0.6 8.9 8.8 -9.1 -5.9 -1 5.1 6.2 4.1 -2.7 -8.3 -1.4 -0.1 -0.2 -7.8 7.5 -5 -4.3 4.7 2.7 1.7 4.6 3.1 -1.6 0.6 -9.7 1.1 5.9 1.7 -7 -7.2 -7.7 7.2 6.9 8.4 -8.7 -4.1 -1.3 2.7 -10 6 -0.3 -6.2 -8.9 9.5 
17.7375 0 8.08117 -3.51853 -10.0634 5.83621 5.03903 -2.15588 0 0 21.9828 0 -3.21119 -1.75933 8.10556 3.55287 0 0 0 0 -20.5202 0 12.5875 2.05057 0 0 0 0 0 0 12.8525 0 
-8.7 8.7 -5.5 -3 -1.4 7.2 3.9 -6.7 -4.4 7.6 -0.9 -8.9 -1.3 -4.9 2.8 -3.1 -6.9 5.1 -5.9 -10 -1.3 -9.4 -8.9 7.5 -1.4 6.4 -1.3 8.3 -9.8 -0.1 7.8 -8.5 -6.2 -7.7 -6.3 -2.4 4.8 7.7 0.9 -9.6 5.3 5.3 -8.5 -6 5.6 -0.5 0.9 8.7 9.8 0.3 4 -1.5 -3.9 0.3 -4 4.7 
24.3943 0 0.90841 7.35665 -3.39178 3.12901 -0.505447 5.22213 0 0 -21.0158 0 -0.720984 -1.96925 8.70526 5.34132 0 0 0 0 19.2132 0 -11.9621 -1.47873 0 0 0 0 0 0 -16.6296 0 
-3.3 0 3 -3 9.9 0.8 -6.3 -6.3 -1.6 -2.5 1.3 -6.8 -4.8 7.5 8.8 5.7 -2 5.5 4.9 -6.4 -5 -9 7.5 -5.2 -3.5 -3.3 -1.5 2.7 7.1 -0.2 -2.6 -6.2 9.8 -9.5 -4 4.9 -3.5 -0.2 3.8 4.9 7.3 -9.7 3.3 7.7 7.8 2.1 -1.4 -4.2 -7.2 -6.5 -5.4 -7 9.7 -7.8 -7 -3.7 
22.4689 0 -4.25522 4.85205 -5.44754 9.70142 3.29701 1.64494 0 0 -16.9452 0 1.24709 -0.231923 -4.2176 -1.23733 0 0 0 0 21.0109 0 -6.70628 -9.2791 0 0 0 0 0 0 -16.5701 0 
-1.1 1.6 9 -8.8 -8.6 -3.6 -4.9 6.4 -7.9 -3.7 1.3 -1.3 6.1 -4.9 8.8 -1.4 -4.6 2.2 -8.5 8.5 9.5 0.1 9.5 7.6 -1.2 -5.8 -9.4 -1.4 -8.4 -6.3 4.9 -4.3 5.3 3.9 -3 1.9 5.5 -2.7 -6.5 2.9 3.6 4.8 6.8 -5 5.1 5.6 -1.2 -9.5 -7 -4.4 4.2 7.8 0.9 3.8 5.4 9.8 
16.9885 0 -1.41095 -7.52685 1.03717 -2.72184 -12.3972 -0.613355 0 0 22.368 0 -1.07714 -3.67208 -0.0888984 -2.21002 0 0 0 0 -20.873 0 -4.73135 -3.70983 0 0 0 0 0 0 -20.1822 0 
3.2 6 -1.6 0 9.7 8.5 5.7 0.2 -2.4 7.9 7.3 8.3 -4.8 -9.2 1.2 4.1 5.6 -2 9.1 -4.1 8.9 -6.9 -8.3 -8.1 -1.3 5.9 9.7 9.7 -5.1 0.3 9.5 3.3 -3.6 -6.9 -6.7 -8.7 6.8 4.3 1.6 9.6 -2.6 -1.1 7.9 -2.1 -5 -5.6 -8 5.8 2.4 6.3 -8.2 -3.5 9.4 -6.5 -1.5 -6.6 
-17.328 0 -9.86264 5.7762 -2.28185 -0.204293 4.44194 13.2139 0 0 -23.4263 0 10.6959 -1.35637 2.18671 -1.50434 0 0 0 0 -23.604 0 -1.01492 10.5495 0 0 0 0 0 0 -14.5219 0 
4.6 -6.6 -6.9 9.6 3.8 7.8 -1.9 5.4 6.1 -3.3 6.7 -1.9 6.2 -6.5 -2.3 -6.4 -2.3 -4.4 1.5 2.7 0 3.5 -6.3 7.7 -0.2 -4.5 -5.8 -5.5 -5.8 -2.1 -2.1 8.9 -3.4 -3.8 3.7 5.6 -6 -8.2 1 5.3 -1.5 -7.1 -6.6 -5.3 -8.3 1.1 -6.4 -0.6 1.9 5.1 7.3 7.2 -6.1 -9 4.9 3.7 
-16.3107 0 -1.64799 5.08316 -1.17653 2.0508 4.77048 10.2822 0 0 -21.3302 0 -0.765422 9.79415 -6.23886 3.93368 0 0 0 0 19.8927 0 -1.82411 -3.99809 0 0 0 0 0 0 -12.9437 0 
-8.2 4.3 3.4 -4 7.5 -8.7 -5.1 -5.9 -2.5 3.8 9.7 -3.3 5.7 -4.1 -8 9.4 -1.2 -4.6 9.4 0.5 1.7 -7 5.1 -6.3 3.3 -2.4 -9.1 7.2 -6.1 1 -3.8 -4.3 -9.5 9.6 -3.1 8 6.2 -2.9 7.3 8.9 -9.1 2.2 -9.1 6.6 8.1 -7.1 1.3 -3 -6.4 0.7 2.7 0.5 -1.1 -6.9 4.2 -7.8 
21.3818 0 2.05268 -2.67705 -13.7954 4.31723 2.71867 0.0799747 0 0 -23.4934 0 -3.18281 3.05792 1.48708 2.92985 0 0 0 0 15.9561 0 8.39827 7.06519 0 0 0 0 0 0 19.8706 0 
0.7 0.3 4.7 4.6 6.5 -9.1 5.5 7.1 5.7 -7.5 0.3 -2.9 -5.2 -2.3 -3.9 -4.3 5.1 -7.8 7.6 3.3 -4.9 -1.1 5.5 -6.1 4.8 -1.8 -0.3 8.9 -3.5 9.1 6.3 7.3 -0.5 1 -2.9 -8.8 -2.9 7.9 3.5 -7.1 5.6 -6.1 0 -9.6 -3.2 1.3 -3.9 -8.1 3.5 -6.3 0.4 3.9 -2.2 -4.1 3 7.8 
-18.0058 0 -2.87296 -4.19475 3.25061 6.01916 -4.93229 0.842505 0 0 19.1633 0 -1.09075 -6.30179 15.949 -5.15673 0 0 0 0 17.1572 0 -4.75359 -3.3128 0 0 0 0 0 0 -12.1881 0 
-0.6 -7.3 6.7 5.9 -8.1 3.1 -1.6 -3.4 9.3 5.6 -2.2 -3.5 -1.3 -8.6 -0.6 -5.7 -9.5 4.6 9.9 -2.7 -8.8 -8.8 -5.6 4.7 -5 4.9 -6.2 -2 6 6.9 -4.1 -4.6 4.8 -7.4 -8.6 6.7 0.9 -0.2 -6.7 0.3 -9.4 -3.6 6.8 -0.7 -2.2 -8.6 -1.2 -1.7 6 -1.3 0.8 7.2 0 0.4 -2.8 0.2 
23.425 0 -14.0551 3.81857 1.10267 0.320598 1.15347 -3.15945 0 0 -15.826 0 7.47162 7.2048 -2.34529 -3.73172 0 0 0 0 18.9768 0 3.11963 -2.47101 0 0 0 0 0 0 12.2067 0 
-9.5 1 3.4 6.6 -6.9 9.3 -8 8 7.2 8.6 4.7 -1.9 -1.5 3.3 8.4 -5.7 9.7 5.2 3.7 -7.3 1.8 7.7 -3.8 -2.1 -8.3 2.2 -9.7 -3.1 -7.4 -7.3 7.1 8.4 -1 0.5 5 2.1 -4.9 7 -4.7 -7.7 5.7 5.3 0.4 9.4 -6.2 -5.9 -6.3 8.7 4.5 2.6 -8.6 -3.6 0.4 -7.2 -0.5 2.1 
22.3774 0 2.83813 -4.92281 5.36969 2.62094 0.960342 -7.30423 0 0 -20.5927 0 -1.06166 -15.0547 0.975244 -0.2138 0 0 0 0 15.8936 0 -5.36922 1.18095 0 0 0 0 0 0 -22.0635 0 
5 -5 4.2 2.8 -2.2 1.3 1.2 2 7 -8.6 9.3 7.3 8.5 -5.3 9.6 -0.6 -10 -4.7 -1.2 -6.2 -5.4 -2.3 -7.5 9.1 -9.6 9.1 -4.5 -4 -8.1 0.2 3.3 2.1 5.3 -2.5 -9.9 8.3 4 -3.4 0.3 -3.8 -6.8 -0.4 -6.4 6.9 4.3 8.4 -3.7 -0.5 8.9 0.3 -1.5 -6.5 3.3 -3.8 -7.3 3.7 
-25.101 0 -0.378471 -8.53153 -10.2506 -0.106769 -2.41465 2.56683 0 0 -21.6432 0 -3.17557 6.1057 -0.853621 4.24419 0 0 0 0 14.0164 0 -1.37281 -0.726642 0 0 0 0 0 0 -17.7256 0 
-4.7 -6.6 4.9 -7.6 3.7 -1.8 -0.3 -1 0.9 -4.9 -2.7 -5.1 -3.1 7.6 1.1 0.1 -7.6 -0.1 -2.9 6.8 -1.6 3.4 -8.5 -7.5 9 0.1 -3.9 2.3 6.3 -1.2 -8.8 6.9 2.2 6.1 4.5 -8.9 9.5 -5.7 0.1 0.4 -5.4 2.6 0.5 1.5 0.2 6.8 -8.4 -2.1 -8 -1.3 -5.3 0.4 7.4 -8.6 -1.9 1.6 
19.3109 0 1.80572 -2.44215 -1.16152 -2.18581 2.64255 7.53513 0 0 17.641 0 3.38582 4.8514 2.28843 3.25946 0 0 0 0 19.9038 0 -6.36617 6.05472 0 0 0 0 0 0 13.4298 0 
1.5 4.2 -6.1 -6.9 8.2 -9.7 -10 -4.3 1.6 4.5 -3.2 1.1 4 7 6.7 8.6 -5.2 -7.6 0.1 0.3 9.2 -3 8.2 -8.8 0.9 -7.1 -3.2 -1.7 -5.7 5 5.1 1.1 -5.6 4.2 4.2 -7.3 4.5 -0.6 -1.6 -3.9 -6.1 5.2 2.4 3.2 -2.6 -0.9 1.8 2.3 1.5 7.2 -7.4 -4 -5.8 -9.2 -7.6 5.1 
-18.6027 0 6.66517 -2.41363 7.93918 -1.35411 -3.02429 -12.4702 0 0 14.7289 0 4.02378 8.9235 8.01207 -5.55876 0 0 0 0 -19.0588 0 -7.08436 8.30581 0 0 0 0 0 0 -11.8486 0 
8.9 -5.5 8.7 8.4 9.5 3.8 -5.3 9.1 -1.9 8.9 -8.2 7.8 -6.5 -4.6 -6 -7.3 -9.3 6.4 5.9 -6.7 -9.2 -7.1 5.6 2.3 -9.9 3.4 3.5 -5.7 -0.6 6 4.7 -1.7 -9.5 3.4 -8 5.2 -2.8 -3.3 4.3 0.5 -9.1 1.4 -1.6 -5.6 6.8 -2.4 -2.9 2.7 -6 8.2 6.1 -5.2 -8.8 -3.1 2.4 -8.7 
-26.8164 0 0.536612 -9.77125 -2.94745 -13.5797 12.4991 -2.06478 0 0 22.1859 0 -3.24032 0.451968 2.57269 4.2255 0 0 0 0 17.1315 0 -2.50254 3.79913 0 0 0 0 0 0 13.1168 0 
5.6 -4.1 -9.1 -5 7.1 5.6 -1.4 7.6 -1 0.6 -2 1.4 2.5 7.6 -8 3.4 -1 -4.4 3.1 -4.2 3.2 5.4 3.8 2.4 3.7 -0.1 7.3 4.9 2 -5.1 6.2 -2.4 0.8 7.1 2.7 -2 -2.1 6.5 -9.2 6.9 -7.7 -1.1 -1.6 4.8 -3.5 -4.4 -6.5 0.7 -3.6 6.6 1.7 9.6 2 -4.5 2 -4.3 
-15.8638 0 -4.1932 8.45195 -2.46914 -5.95822 -2.21826 -6.61002 0 0 16.163 0 -8.91575 -5.35317 0.897481 -8.59531 0 0 0 0 -12.9602 0 -8.68341 -5.80222 0 0 0 0 0 0 12.8372 0 
5.4 -5.5 5.8 -2.5 -0.6 -2.7 5.1 5.5 9.6 -7 -6.5 -2.4 9.5 9.5 -5.5 -8.2 -6.4 -1.9 1.9 -4.7 -1.1 5.4 6 5.3 -2.8 -2.2 0.1 9.2 3.3 -7.8 -9.8 -6 -8.1 1.2 -3.3 1.4 8.5 7 -3.1 8.2 -9.9 -4.4 -9 4.8 -4.9 -4.5 1.9 -6 -1.1 -6.2 -0.7 7.8 4.4 -4.6 -1.6 -8.4 
-21.952 0 -1.11698 6.80622 -3.30494 -5.49836 -4.1199 3.75228 0 0 18.1355 0 -9.98914 -6.22401 -6.46028 12.6409 0 0 0 0 -17.7934 0 0.566503 -7.69471 0 0 0 0 0 0 15.7273 0 
3.2 8.5 6 -8.3 5.9 1.4 -4.3 7.9 -7.3 -2.4 -5.5 6.4 -5.3 -3.4 -0.2 -5.2 2.2 0.8 4.8 2.5 1.6 -3.3 6.5 -9.5 -4.3 -4.1 3.5 5.3 -3.5 7.1 6.9 4.9 5.7 -1.8 6.6 -3.2 4.8 7.6 9.9 2.7 -4.8 -5.6 -0.8 -0.1 1 4.2 -0.1 8.4 -4.9 -10 -3.8 1.9 -8.1 7.9 -2.4 -2.3 
-19.9113 0 0.169753 10.1415 -0.527339 8.50271 -3.21626 -3.01487 0 0 14.6749 0 1.48346 11.8835 1.76023 -1.07094 0 0 0 0 -12.8062 0 -15.2554 0.209304 0 0 0 0 0 0 -15.5746 0 
9 -8.9 -7 -4.5 8.3 5.2 -9.6 -0.8 8.6 2.3 6 3.4 -0.1 6 -3.8 0.3 5.6 0.6 -9.7 -8.1 -5.2 -4.6 5.5 -4.9 -4.6 6.9 7 -2.6 4.9 -5.4 0.3 -0.9 -9 3.3 4.7 4.5 -6.3 0.3 -6.3 7.5 -7.4 4.9 1 -2.3 -3.9 2.4 8.1 7 -7 3.6 8.9 -2.2 9 4.4 3 -5.5 
-23.9284 0 7.90649 9.35164 -0.0346868 -4.05919 3.17572 9.21456 0 0 -17.7478 0 -8.18774 -7.24876 2.05885 -3.79784 0 0 0 0 16.0735 0 -1.53038 -6.18104 0 0 0 0 0 0 16.0651 0 
1.4 -4.8 -2.9 -8.5 -0.1 7.4 0.6 -3.9 -4.1 -9.5 -9.4 -0.3 0.9 9.5 -2.8 -1.3 -0.4 3.4 1.7 5.8 -4.2 -0.2 2.8 -1.2 8.6 -3.1 1.9 7.6 6.5 -9.9 7.3 -6.9 -4.7 -5.6 -5.4 0.4 7 0.5 6.5 -7 1 7.1 -2.1 7.1 1.8 0.3 -4.1 -8.5 -6.2 7.6 7.3 -0.4 -7.4 -4.7 3.7 -8.8 
-20.6981 0 -5.46428 5.50051 3.07372 -1.86491 1.12378 -2.25866 0 0 18.5603 0 -11.2846 -11.0447 -1.24974 -2.46982 0 0 0 0 13.0746 0 4.39419 4.69373 0 0 0 0 0 0 -18.7444 0 
-2.6 -4.4 4 -6.1 -9.1 -3.4 -2.9 -3.8 -3.8 -3.1 1.9 -6.7 7.4 -1.6 -3.7 -1.5 -9.2 -0.6 -4.4 2.6 9.7 -3.3 4.1 -6.5 9.5 -3.4 -1.6 -7.9 -2.9 -7.9 8.5 4.5 -7.1 -2.2 3.7 -6.2 4.4 -9.2 -4.8 5.8 -2.3 7.1 9.1 -4.8 -4.4 -9.4 -1.1 -8.4 0 4.5 4.2 -0.2 -8.7 -6.4 -1.5 6 
19.188 0 0.626954 -3.25985 -8.80289 6.05065 3.42974 5.59724 0 0 -18.9061 0 -4.93456 8.49871 4.4591 3.30315 0 0 0 0 -21.0993 0 0.494051 -3.91863 0 0 0 0 0 0 -16.3574 0 
-4.6 6.9 8.2 -2.2 4.2 1.9 -7.7 7.1 9.7 6 -9.1 -0.7 2 -3.8 -9.6 9.8 8.5 4.7 -9.8 -5.9 5.4 -0.9 -4.3 -9.4 8.8 5.2 -4.4 5.3 4 -0.6 1.4 9.4 -3.7 -0.4 -2.8 -9.4 6.7 -5.2 2.9 1.7 6 3.9 -9 -6.7 5.3 -8.6 -6.9 3.8 6.2 8.5 3.2 -3.2 -2.4 4.1 -7.4 -3.6 
23.9464 0 -14.2372 2.017 2.4914 -6.27318 -3.50408 11.4439 0 0 19.222 0 0.712393 10.1198 3.66296 1.35686 0 0 0 0 -11.5798 0 7.04424 -5.8034 0 0 0 0 0 0 -19.858 0 
-5.5 -6.5 -8.2 8.5 2.9 3.2 3.2 4.4 8 5.6 0.2 -0.1 -9.6 -6.8 -8.4 1.7 2.3 -7.3 5 -7.2 9.3 3.3 1.8 0.7 -3 -9.8 2.7 4.6 4.4 0.6 6.2 8.9 4.1 3.2 2.7 -7.8 -8.4 -4.1 1.8 4.8 -8.5 -7.9 -5.2 7.2 -9.5 -3.6 -5.9 -2 -5.7 4.3 -4 8.9 -7.2 7.8 -0.4 -0.2 
23.3275 0 1.55482 -10.5369 -1.59469 2.98061 -5.16816 3.99615 0 0 19.3289 0 10.5772 3.47712 5.41225 4.17372 0 0 0 0 -21.0241 0 -3.89877 4.75116 0 0 0 0 0 0 -12.7497 0 
8.1 7.6 9.6 -2.3 -1.8 5.8 -8.2 -7.7 -5.7 4.5 9.7 -8.9 5.6 -3.3 6 2.4 -6 6 -5.2 -5.5 -7.6 -1.1 -2.3 -8 -6.8 3.7 -9.1 -8.8 1.6 -4.3 1 -5.1 -6.7 0.6 -2.2 1.5 -3.6 -0.4 -1 -4.1 9.4 -6.1 -2.9 0.2 0.7 8.3 -7.4 4.7 4.3 -2.6 4.5 6.7 1.5 -7.8 3.9 -0.1 
-22.4524 0 0.821739 -3.97151 -0.066808 -8.3412 12.7011 -3.95815 0 0 -23.5058 0 -2.13938 -1.29924 -3.26486 0.312264 0 0 0 0 15.1293 0 3.47298 10.3847 0 0 0 0 0 0 8.17464 0 
6 0 1.1 -7.2 5.8 -7.9 -7.1 4.3 2.7 0.7 -4.1 4.4 5.5 0.1 5.5 0.1 4.1 -7.4 5.6 -10 -9.1 8.2 4.7 5.2 -9.1 -0.8 -2.8 -2.4 -3.3 6.3 7.6 7.9 -3.6 -6.1 -9.3 -7.8 -8.7 8.8 6.5 -0.8 -5.3 7.6 -6.4 5.4 -7 4.4 -4.4 2.3 7 -8.8 2.3 3.2 4.6 -3 -6.4 0.7 
-21.477 0 -12.4287 -1.19197 -3.88789 8.38387 7.03312 -1.15798 0 0 17.6428 0 -3.07253 -6.51969 -3.79068 3.83922 0 0 0 0 21.0057 0 -1.1475 -7.7573 0 0 0 0 0 0 -15.3637 0 
1.5 -4 8.4 8.2 -7.6 1.2 1.3 -1.2 0.3 2 -3.8 1.6 -4 7.9 -9.1 -4.1 0.8 9.7 -8.7 3.8 4.1 -7.9 -3.9 -3.6 8.5 8.4 9.6 -1.6 -9.4 8.4 9.1 -2.7 -5.5 2.7 -9.3 -7.9 -6.1 2 0.9 -0.5 9.2 2.3 -8.9 -9.6 0.2 -8 -3.7 -9 7 -2.3 0 1.1 -0.2 6.1 7.5 -6.4 
-21.0152 0 -0.15465 -2.64475 3.67971 -2.84032 -0.8865 6.92783 0 0 25.5756 0 -3.12066 6.4088 10.443 3.7413 0 0 0 0 -21.1147 0 2.24009 0.936421 0 0 0 0 0 0 15.3705 0 
-0.3 2.3 2 -4.4 -4 1.1 2.9 0.5 9.1 -1.1 2.6 8.2 -9.1 8.7 -2.3 5.4 -3.8 -1.1 5.8 6.4 -3.9 -7.8 2.7 -6.9 -4.9 -7.3 4.3 4.9 4.1 -3 3.7 -6.2 4.6 -4.3 -0.6 -9.4 2.1 7.6 -3.7 1.2 -3.5 4.1 -0.6 -7.4 -2 7.2 3.2 4.2 -8.7 -0.9 -4.2 -2.6 -3.5 3.7 0.6 1.6 
18.0986 0 -1.86202 3.59254 -1.26087 7.71661 -1.37856 4.13181 0 0 -19.1397 0 9.64176 -0.513529 3.51211 3.7717 0 0 0 0 -16.3449 0 -5.95795 3.23571 0 0 0 0 0 0 10.226 0 
6.5 -9.9 -8.3 -4.2 -2.9 5.5 -5.2 6.9 -8.8 4.3 7.5 3.3 -2.9 9 9.7 -1.2 -1.7 -0.8 1.4 6.3 -8.4 9.9 -4.3 -7.1 -1 1.6 0.3 5.5 -4.7 -9.1 -2.9 7 -9 -1.2 8 -6.6 9.5 -7.1 -9.7 -9.2 7.2 3.1 -0.7 9.5 -2.7 -5.7 -1.7 5.7 3.5 4.9 -2.8 0.3 4.8 3 3.2 9 
-20.5774 0 5.39912 1.55462 4.62497 1.79857 0.314422 -4.9462 0 0 -20.0081 0 -1.91738 -6.6133 -5.39991 10.4631 0 0 0 0 23.2805 0 -0.696989 -4.33175 0 0 0 0 0 0 20.479 0 
9.8 8.7 4.5 -9.7 9.7 6.8 2.6 5.9 -9.1 0.6 4.5 -9.6 3.5 4.9 6.4 -4.1 -6.8 -9 -4.6 0.5 -4.7 -1.1 -8.6 4 9.1 -1.3 -5.7 -0.9 6.9 2.7 -1.8 1.9 1.4 7.9 2.2 1.1 4.8 -5.2 -7.7 0.9 0.7 6.8 1.3 -5.8 -3.1 -7 -4.6 0.1 -6 -4 5.9 -5.5 5 2.5 8.5 -0.7 
-25.0946 0 6.02041 3.27122 -4.07737 3.57607 1.38157 -4.40971 0 0 -18.4649 0 0.231826 -7.69852 -5.97552 -6.81279 0 0 0 0 17.4927 0 4.53842 -4.28106 0 0 0 0 0 0 14.4139 0 
-8.8 8 8.4 3.3 0.7 -3.4 -4.8 -7.9 9.8 2.7 -1.5 -0.2 2.7 -4 -9.3 -6.6 -7.2 -2.8 -7.1 -5 0.2 -1.7 0.3 -0.6 4.3 -3.8 3.9 -5.5 8.8 2.4 3.8 5.2 0.4 2.3 -6.2 6.3 4.1 -5.8 8.5 3.9 2.1 -7.8 -6.3 -5.1 -1.8 -5.6 -6.5 -3.8 -3.1 -8.4 1.2 7.1 -0.1 -8.4 -3.4 9.5 
22.0964 0 0.689253 -6.42006 5.13251 0.997448 -7.90718 -1.1029 0 0 18.9367 0 -3.13381 2.09759 1.57944 0.242107 0 0 0 0 15.347 0 5.45158 -2.07041 0 0 0 0 0 0 20.0771 0 
-7 5.7 9.2 7 -1.8 3.1 -2.5 3.8 -9.4 -3.5 -4.6 -0.1 0.7 -6.1 -6.1 8.1 -3.9 -7.2 8.2 -0.5 -7.5 -8.3 5.7 -0.6 -6.6 -7.8 -8.3 -1.5 9 -6.5 -6.8 7.2 9.3 7.7 4.3 -7.3 0.8 7 1.7 -3.4 -6.5 7.1 6.5 -0.6 6.2 5.6 -2.5 7.5 3.7 -4.3 -3 6.2 -7.3 8 -9.2 -8.7 
24.9834 0 -1.73315 -9.75288 4.99292 4.6651 4.0611 -12.5876 0 0 18.8983 0 -0.256021 6.43443 -0.378681 0.492978 0 0 0 0 21.1544 0 -6.91928 14.3825 0 0 0 0 0 0 -7.85249 0 
-9.8 -7.5 -5 9.2 -8.7 -6.5 6.4 5.8 -8.8 -4.1 8.5 -2.8 -7.1 -4.6 -1 -8.4 -7.4 -9.3 -3.7 8.8 6.4 -1 1.6 -4.7 0 8.6 6.7 2.7 6.6 7.5 -0.8 2 5.2 -0.6 -3.6 1.7 2.9 -7.1 -2.5 -0.7 -6 -8.8 6.5 -7.8 -3.3 -9.3 -6.2 -0.7 -8.5 -4.7 -6.7 3.1 4.4 4.9 8.4 -5.6 
26.3994 0 -2.35914 -6.53347 11.4525 -0.356447 -1.06858 5.64785 0 0 -21.4063 0 -0.336316 7.20937 3.60413 7.36067 0 0 0 0 -18.6407 0 1.41478 7.5036 0 0 0 0 0 0 12.8267 0 
-1.2 5.1 2.3 -9.4 2.6 6.7 2.7 -7 -3.9 9.1 4.8 4.3 7.2 -7.7 -6.4 -8.7 -6.4 5.4 -6.5 -4.5 6.1 -7.5 0 7.6 -2.1 3.3 0.7 7.5 -6.5 -5.7 -8.1 -2.5 9.4 -0.6 -1.9 -2.8 -3.9 6 -4.5 2.2 5.2 -9.7 -8.3 -2.4 7.8 -4.6 -5.9 6.6 6 -2.4 -7.9 2.1 -4.6 2.1 -5 -1.5 
21.5058 0 -3.63669 -6.59682 -6.48755 4.60573 -9.67506 2.05572 0 0 -18.7242 0 6.63846 -9.61785 0.240008 -0.671358 0 0 0 0 -17.0261 0 6.76233 5.91362 0 0 0 0 0 0 15.9446 0 
-9.3 5.7 -4 -5.8 -9.9 -6.9 -3.1 4.7 2.5 5 -8 3.8 1.1 -7.3 -8.8 -8.5 -7 -7 -0.9 6 -6.4 3.3 2.7 9.6 6.1 4.8 1.7 6.7 -3 6.7 -9.6 -2.3 -2.3 -3.6 -2.9 -7 -5.3 4 7.7 7.2 -5.8 4.9 -3.8 5.3 7.6 -2.5 2 5.8 0.5 6.4 1.9 4.1 -5.1 -5.4 -1.1 6.2 
20.6298 0 5.67334 4.56039 -1.99226 3.06062 -7.38057 -2.02038 0 0 16.7346 0 1.14644 -0.236599 4.27296 5.65918 0 0 0 0 21.3172 0 1.27408 -10.8923 0 0 0 0 0 0 18.374 0 
9.4 -9.4 -1.8 -8.4 2.6 -1.4 -0.7 -9.7 5.1 1.6 -6.7 9.8 -4.4 6.2 2.3 -0.1 1.2 3.7 -9.6 -6 -8.8 -2.3 9.9 -3.1 9.3 1.8 6.2 -5.8 6.4 -4.9 5.6 1 -9 -6.2 2.7 3.6 2.5 7.2 3.9 -7.2 -1.1 2.4 -7.4 -0.3 -1.4 0.1 4.8 5 9.1 0.5 9.1 -9.7 8.2 9 -7.5 7.5 
-22.7952 0 -4.20308 7.12212 -3.09144 -2.38647 -4.48428 -0.0386047 0 0 24.4659 0 12.1812 5.74808 -7.89478 0.486806 0 0 0 0 15.0282 0 -0.727002 5.22901 0 0 0 0 0 0 -18.8919 0 
-4 8.7 6.9 -7.6 -6.1 2.5 -1.4 -5.1 1.6 -8.7 3.7 -5.9 3.8 -7.2 -3.1 -7.3 5.2 -5.3 -2.4 9 0.1 -7.5 4.1 -0.8 3 -1.6 -0.5 -3.6 -7.4 2 9.1 -1.4 -4 6 -3.8 -4.9 -6.3 4.8 -4.8 5.3 1.4 8.9 9.4 -4.8 -8.3 -8.5 -6.9 2.1 -3.7 0.7 -3.7 1.6 -1.6 -9.6 -9.2 -8.6 
19.5954 0 -6.19227 -1.82237 4.88227 7.01746 8.3147 6.73984 0 0 -19.4493 0 4.06232 7.20249 -2.34093 3.93678 0 0 0 0 19.542 0 2.99272 -8.23971 0 0 0 0 0 0 -15.5709 0 
-6 -4.5 -2.2 -3.4 2.8 -3.1 5.2 8.8 8.1 -8.6 9.1 -8.1 1.5 -5.7 2.4 -7.1 -6.8 -2.9 -6.7 -9.9 -1.4 -3.6 -2.6 0.1 2.3 3.7 -8.3 -9.2 -0.6 7.7 7.4 3.4 -6.7 -4.7 5.3 6.1 -2.6 0.5 0.1 -9.2 -2.8 -0.8 7.9 8.7 3.5 0.3 -8.4 1.9 7.4 -9.9 -2.8 -8.7 -8.3 4.6 -3.4 4 
22.3087 0 7.40338 -2.04001 0.155096 -1.05161 2.53264 -2.15342 0 0 -26.2528 0 -1.63093 6.46564 7.3182 0.940245 0 0 0 0 -13.8046 0 -5.25181 -2.6999 0 0 0 0 0 0 -17.8818 0 
-6.5 -6.4 0 2.9 -8.7 -2.5 -8.4 -5.4 -2 6.9 5.9 0.6 -2.6 -4 1.4 -0.2 5.2 -0.7 -1.5 -6.1 4.9 -4.7 5.8 -2.5 -4.6 8.2 -6 -2.9 2.8 0.7 6.4 6.4 4.3 -3.6 -5.5 0.8 -0.9 -3.9 0.7 2.3 8.2 -3.4 -7 -9.1 -2.1 -0.4 0.7 8.3 4.2 9.3 -7.7 -0.9 9.8 3.3 6.6 -4.7 
21.5669 0 -5.54693 -3.61388 6.39592 -7.80781 4.46008 -5.42731 0 0 -17.5049 0 4.19875 1.8911 10.3876 1.56545 0 0 0 0 -12.7896 0 -4.97379 0.845985 0 0 0 0 0 0 -13.386 0 
-3.2 -9.3 2.4 9.6 -3.4 -6 1.2 6.1 0.5 1 -3.1 4.8 2.3 2.8 -2.8 0.6 9.5 -4.6 -3.3 -7.4 0.2 7.4 -9.1 -5.6 1.9 8.4 3.5 1.8 -3 -4.6 2.3 3.8 -8.7 -5.3 -1.4 -2.1 -6 5.1 9.2 -0.3 -3.9 -3.9 -5.5 3.6 9 -3.1 -5.8 3.7 2.3 -3.9 1.5 -7.4 -6.4 2.4 -7.8 0.7 
20.9347 0 -0.297115 -7.17327 -1.32651 1.23909 -8.44055 -6.0622 0 0 16.3327 0 -13.1935 -6.3729 7.92623 -0.162547 0 0 0 0 -11.2699 0 7.27827 2.27489 0 0 0 0 0 0 12.0477 0 
-3.9 1 -7.5 -1.7 6.4 4.8 -7.9 2.9 4.8 -4.1 -9.2 8.8 -9 -10 -1.5 -7.7 -8.7 -1.8 6 5.5 5.2 5.4 -5.6 -7.3 -8.4 5.9 -9.5 -9.6 -6.4 -7.2 1.1 -5.1 3.8 -1.1 3.2 -4.6 8.9 5.3 8.3 3.7 -8.8 4.3 -2.3 7.5 -0.5 1.4 9.8 0.8 4.9 1 -8.4 0.1 -3.5 -8.8 2.8 -6.7 
19.4152 0 -3.24385 2.94151 -2.75969 -3.56731 1.66364 -0.945651 0 0 24.7834 0 7.07213 10.8884 -2.33591 5.13958 0 0 0 0 -20.1069 0 -5.75106 -4.7846 0 0 0 0 0 0 -19.6143 0 
7.2 3.4 -6.3 6 1.4 0 -9.1 -4.8 8.9 4.1 0.6 7.9 -5.4 -1.1 -3.2 -9 -6.8 -0.2 8.5 2.7 -8.8 3.6 8.7 6.1 -5.4 5.5 -8.6 -3.7 6.8 -0.5 -5.2 -0.8 8.1 -1.5 -4.8 -0.5 3.8 -8.7 4.7 2.7 5.4 -9.5 0.6 -10 -0.6 2.7 6.2 -2.2 -7.5 4.8 5.7 8.9 -1.6 -0.4 0.3 -1.8 
-23.058 0 -1.76078 -1.27635 -0.0945443 4.27444 4.61489 -0.458844 0 0 -23.1575 0 8.25221 -7.61338 -3.82814 -6.52755 0 0 0 0 11.1972 0 -9.45579 7.74698 0 0 0 0 0 0 13.6184 0 
-4.8 1.7 -0.2 7.2 -8.8 4.6 -3.6 4.5 8.4 -3.2 -6 2.2 -1.9 8.7 -9.9 8.7 4.4 -4 3.9 -6.2 8.7 0.1 -3.2 -8.8 -9.9 7.7 5.3 -1.5 -2.6 -4.4 2 -2.2 2.6 7 -5 -1 1.6 -3.4 -6.4 -4.8 -1.4 -2.4 7.4 6.7 -8.4 7.6 0.6 6 -6.4 -5.5 5.1 7.5 -0.2 -8.1 3.9 0 
20.8346 0 -8.9577 -2.48385 2.67392 7.61234 -9.22169 1.32424 0 0 17.2688 0 3.28918 11.2566 10.9825 -0.273474 0 0 0 0 -16.8874 0 -8.88431 1.01759 0 0 0 0 0 0 -11.4695 0 
9.7 -0.8 3.7 -7.7 0.1 -4.3 0.1 -7.3 -7.3 0.3 1.7 -0.4 6.9 5.3 4.8 -4.5 8.2 -2.5 7.4 9.8 -4.9 -2 1 -6.1 -2.3 -3.9 -8.6 7.5 -6.7 5.3 -2.5 8.2 9.7 -8.7 5.7 -0.2 -7.8 -4.2 2.5 -9.8 1.3 9.5 -0.2 -6.6 0 9.8 -5.9 -1.8 -2.7 6.7 -6.8 2.4 -5.3 4.3 1.5 -2.4 
-23.5797 0 -3.59378 -2.49368 -0.521212 9.38606 -1.3677 5.8788 0 0 -21.5879 0 -2.04711 -1.18451 -5.56862 9.04963 0 0 0 0 17.9535 0 2.08084 5.55817 0 0 0 0 0 0 13.118 0 
5.6 2.9 -9.7 4.1 -6.6 -6.9 2.3 -6.8 -5.6 -2 3 -8.2 -1 -9.2 -8 -9.7 -9.7 -3 8.9 0.3 -3.1 -7 3.8 4.2 9.7 7 -8.1 9.6 -3.5 3.4 -7.6 -7.8 -8.4 -7.2 6.3 -5 -4.1 -6.1 -6.6 -4.5 -2.9 1.7 -7.5 6.2 2.5 -5.4 1.7 -2 -3.2 -4.1 8.3 -1.1 -1.1 -2.7 -6.8 -6.1 
-21.9559 0 6.74581 -18.0498 -3.84726 -8.3513 -0.266899 3.34307 0 0 16.8044 0 -2.32301 4.23156 -0.280144 0.0878214 0 0 0 0 -15.7896 0 -13.1263 -3.06526 0 0 0 0 0 0 17.9282 0 
-5.6 -9.7 -6.5 0.9 3.7 -4 -1.7 0.5 -6 9.9 5.6 -0.1 9 4.2 0.6 -3.9 -4.1 3.1 7.5 3.6 2.9 -5.5 6.8 9.8 0.4 5.2 -1.3 9.3 7.7 -2.9 -6.8 -7.9 -2.6 -8 -1.7 6.4 -6.8 1.8 -3.1 -2.8 1.7 7.7 2.3 0.7 2 -7.1 2.1 3.1 6 -0.4 -8 -1 4.1 8.8 -6 -5.5 
21.9586 0 -2.90319 -9.40042 -2.83215 -5.27174 -2.49287 -4.31312 0 0 -15.8004 0 5.6561 6.62586 -2.33966 -11.2783 0 0 0 0 -17.9199 0 5.5528 -3.78882 0 0 0 0 0 0 12.8327 0 
-0.8 -2.1 9.1 -3 0.3 7.5 -5.7 2.9 9.5 2.6 -0.7 7.9 -5.5 6.3 -4.9 1.4 -0.8 7.4 7.4 6.4 -9.7 -0.5 -0.4 1.6 9.1 -3.2 5.8 -1.5 -4.4 5 -1.8 0.1 8.1 -2.7 7.1 -1.6 -9.9 -8.6 -8.6 4.8 -0.7 -4.1 2.8 3.8 7.4 7.9 -9.6 -3.3 0.6 7.8 -6.9 -3.9 -2.7 -2.1 7.7 -8.3 
20.0477 0 6.06853 5.48293 -10.7933 6.01565 -8.5531 -3.88324 0 0 -18.9077 0 1.08972 -0.758696 5.55931 -9.03493 0 0 0 0 20.2824 0 -3.50889 -2.9379 0 0 0 0 0 0 13.3924 0 
4.7 -1.3 0.2 5.6 -6.3 8.4 -4.3 7.1 -9 8 -4.5 -8.9 9.4 -7.9 5.9 -6.1 -1.9 -1.3 2.9 -9.3 -8.1 3.4 -2.6 -2.3 1.2 -4.2 3.8 3.8 3.7 -3.2 5.5 -6.3 5.5 -9.1 4.5 4.5 9.3 -9.8 -3.2 5.5 8.2 2.3 6.6 2.8 -0.3 -2.2 6.8 3 1.7 -0.3 3.7 3.6 8.3 6.4 -8.7 -0.4 
-19.5379 0 -0.394617 -13.5813 0.741123 -2.49003 5.63059 -3.01005 0 0 -13.7325 0 -2.21478 3.81561 -5.00939 -1.59195 0 0 0 0 25.1638 0 2.39914 2.15392 0 0 0 0 0 0 -17.768 0 
-7.8 0.4 8.6 1.1 7.2 4.1 0 -2.1 5 -5.5 7.6 -0.5 9.9 -5.6 -9.7 8.1 2 2.1 -3.8 -8.3 9.9 8.2 -0.1 1.7 -6.9 -6.4 -9.5 -8.5 5.2 -8.1 -3.7 2.6 -2.5 -5.1 -6.2 -5.3 4.2 -1 2.6 -5.6 3.6 -4.5 -0.9 3.5 -0.1 -0.6 -3.1 7.1 -8.4 -1.7 4 -8.5 -3.5 -6.1 -1.6 -0.4 
18.7657 0 3.91247 4.52369 6.15326 7.6187 -4.71926 0.268043 0 0 -22.6071 0 -0.654704 -5.97679 1.1195 0.417001 0 0 0 0 -19.8074 0 6.38742 3.22718 0 0 0 0 0 0 14.606 0 
-7.2 -1 -3.7 8 -3.9 2.6 0.7 3.6 2.7 -0.3 3.5 -3.1 3.9 -8.7 1.3 -2.5 -3.2 -9.5 6.3 2 -4.9 8.4 -0.9 -3.3 -3.3 -6.8 -6.5 -1.6 -2.9 1.9 3.2 -0.1 6.1 9.6 -6.8 -7.8 -2.6 3.9 1 -9.8 8.8 -5.5 -7.7 2.7 -4.1 -1.1 5.5 2.7 -0.6 -3 -5.3 4.5 -4.6 -0.9 6.5 -2.7 
21.5467 0 -8.68347 -3.41491 -1.47772 -6.54857 -1.40439 -0.0802907 0 0 -17.9718 0 -4.37271 0.259184 1.05104 0.495294 0 0 0 0 14.7365 0 -6.1937 3.392 0 0 0 0 0 0 -13.2009 0 
2.3 -10 0.9 4.6 -2.9 -5.9 -5.4 -6.7 8.9 -7 -4.5 -3.6 6.9 1.8 -8.2 0.9 6.3 -5.9 -6.4 -7.8 -1.8 4.3 0.2 7.6 -8.7 0.1 -2.6 -8.1 9.2 9.1 -0.8 -3.3 9.1 -9.9 -8.6 -3.8 9.5 -8.8 -5.3 8.4 -5.8 -4.5 -10 6.3 7.3 -8.2 -2.8 3.6 -8.8 -4 1.1 -0.6 -9.6 6.5 -7.7 -8.3 
-26.6805 0 1.85679 9.43422 -7.9425 1.61504 3.44971 0.30809 0 0 19.1457 0 -19.5762 5.50097 0.928044 -7.95253 0 0 0 0 15.0566 0 -4.66799 -0.360399 0 0 0 0 0 0 -19.0011 0 
-8.2 -5.1 -6.3 -8.9 -6 -1.9 -7 8.3 -1.7 -5.6 9.7 -2.2 -4.4 -5.5 -8.6 -0.2 0 -8.5 -3.9 -7.5 8.5 -1.5 1.3 4.9 4.6 -7.6 9.6 5 4.1 -8.1 6.7 6 -8 5.6 2.3 -4 -6.2 5.3 -5.7 -2.7 9.8 -6 0.3 -9.4 -6.3 1.7 -4.3 3.7 -1.6 -3 6.2 -3 5.6 -2.4 7.1 0.2 
22.7515 0 7.92959 5.00715 8.61131 1.21574 -3.14002 1.00873 0 0 -21.8101 0 3.88314 7.75065 1.62135 8.72125 0 0 0 0 -15.543 0 -6.00603 -1.81797 0 0 0 0 0 0 -17.0864 0 
-4.8 6.7 -9.6 9.4 3.8 7.1 0.6 5.8 -2 -7.1 7 1.8 3.4 6.5 4.3 3.2 -9.4 -5.4 -0.9 9.5 1.5 4.8 3.3 -10 -8.2 -5.3 -7.8 7.4 -2.5 9.3 -7.2 2.8 6.1 -6.8 -2.6 -0.1 5.6 3.2 -9 -6.4 6.1 8 0.6 -0.5 -0.2 -5.1 8 -4.4 -5.3 -7.7 -4.9 6.2 7.1 8.4 6.2 4.1 
24.642 0 1.09122 -9.23666 -9.10477 -5.54703 0.390796 -4.95495 0 0 -20.5607 0 -7.87275 6.95789 -2.11162 3.75486 0 0 0 0 14.1863 0 2.9333 0.640566 0 0 0 0 0 0 21.0141 0 
8.4 8.4 -3.2 -4.1 7.8 -0.4 3.9 -0.9 2.9 6.5 4.2 -6.3 -0.3 0.4 -2.7 -9 -6.3 3.1 -4.2 3.5 3.2 9 9.1 7.9 -8.7 -5.8 4.1 8.4 7.9 0.4 -2.3 6.3 -6 4.5 7.4 7 -5.8 -3.4 -3.9 2.3 -6.9 5.6 6 2.9 -4 8.5 -0.9 -0.3 1.6 4.9 -6.8 -5.2 3.9 -7.7 -7.3 5.2 
-22.6318 0 9.34922 9.51624 -2.8186 4.91476 1.69761 6.18819 0 0 -15.6564 0 2.95459 0.176387 0.108555 8.02929 0 0 0 0 -19.5487 0 -1.66428 3.02879 0 0 0 0 0 0 16.6925 0 
-8.2 2 -1.2 9.7 -7.6 6.6 1.2 -8.3 1.1 -1.4 8.7 0.5 5.2 -9.9 -7.2 3.6 5.7 4 -3.5 -8.3 2.5 5.6 -3.3 9.3 -4.2 -0.1 9.3 9.7 -2.5 -8 0.2 -0.7 -0.7 9 -1 -3.1 0.8 -9.8 -1.4 -8 -6 -2.6 2.5 4.5 -7.3 0.6 -1.9 8.4 -5.4 -0.2 5.3 7.2 -9.4 -8 1.7 -3.6 
17.1464 0 -8.10839 -10.7708 8.68344 1.81612 -6.51448 6.49406 0 0 -19.1957 0 2.40003 4.1062 8.01721 -4.66575 0 0 0 0 23.143 0 2.83675 -0.401144 0 0 0 0 0 0 -14.4967 0 
2 1.1 -8.6 9.5 -1.7 1.6 -1.2 7.6 -4.2 3 -5.4 6.7 -1.6 3.2 3.9 2.4 5.8 -8.4 -7.9 8.5 2.2 -4.6 2.1 2.1 0.4 -2.5 -0.7 1.1 -0.5 -9 2.7 6.7 -2.7 4.1 1.4 5.7 -9.1 5.4 3.3 -3.2 -6.4 7.9 8.7 2 -3.6 2.6 9.7 -7.8 -0.6 7 -9.2 6.9 -7.5 -1.9 -1 2.9 
-17.8687 0 2.83681 2.4764 -9.50657 -4.00421 8.34868 -0.428123 0 0 24.6339 0 3.18927 6.76373 5.92827 -9.88843 0 0 0 0 12.4387 0 -2.08552 2.61717 0 0 0 0 0 0 10.6128 0 
5.6 8.3 9.2 -9.6 4.5 2 2.3 -8.1 -3.9 9 2.8 -7.7 -0.4 -3.9 -0.9 3.3 9.3 -7 -4.7 -4.3 5.6 -9.8 -2.1 -9.8 7.3 -6.1 7.1 5 2.1 -3.9 -2.1 -7.1 9.6 -2.8 -6.7 4.2 4.4 0.9 1.3 -9.5 -0.1 -5.9 8 9.5 -4.6 -2.9 -2 -5.3 0.1 3.4 0.4 -9.1 -1.2 3.6 -8.8 -3.9 
-23.8504 0 11.0896 2.21506 -9.95666 3.20289 -4.70936 12.9558 0 0 23.0605 0 1.83736 0.368024 0.569239 -11.013 0 0 0 0 -11.742 0 -1.88058 -0.160711 0 0 0 0 0 0 11.8045 0 
7.5 8.3 -8.9 -5.2 9.7 -5.7 -2.2 9.3 -3.3 -3.7 -1.3 -8.9 7.2 5.2 6.8 -7.7 4.5 4.9 7.1 -10 7.2 -4.9 -5.3 -2.6 3.7 5.2 -6.5 7.8 -1.2 9.9 -6.1 -8.5 3.5 -9.7 -3.6 3.2 9.8 -0.6 2.5 -3.5 0.9 6.5 -2.4 -6.6 1.7 9.6 -4.3 -3.7 4.5 8 -3.7 1.8 8.4 -3.8 4.4 2.1 
-21.6416 0 7.58631 -3.04691 -6.89967 5.63682 -0.682019 -7.57753 0 0 21.5236 0 -0.010786 3.57236 -1.07993 1.70341 0 0 0 0 -23.7712 0 5.17515 0.447868 0 0 0 0 0 0 18.0744 0 
6.6 3.1 -0.1 -9.4 3.1 -0.9 -7.8 -3.4 -5.4 -6.2 5 -5.6 -1.6 -7.3 -3.9 9.3 9.2 -1.1 -7.3 -3.8 -1.5 -6.3 2.5 -6.9 -8.3 4 0.1 -9.9 -9.8 -5.5 -2.5 6.9 7.6 2.6 7.5 -4.1 6.9 4.9 -2.3 -8.5 3.9 -7.3 -8.9 -7.7 -9.3 -2.8 -8.3 5.1 6.1 9.6 -8.7 -5.3 -6.7 -1 -7 -9.7 
-23.5351 0 6.86635 2.38707 -5.22284 -1.61036 11.2462 11.5551 0 0 -23.9369 0 -15.402 3.48333 1.65949 8.36348 0 0 0 0 12.9273 0 6.13137 0.046007 0 0 0 0 0 0 15.0684 0 
-7 3.1 -9.6 8.5 7.6 -6.9 0.6 0.4 5.8 -6.7 6.4 2.7 8.3 9.3 -0.5 -2.6 -7.9 0.6 -0.2 8 3.1 -3.3 3.1 -0.8 -3.7 -0.3 -0.9 -0.3 8.7 2.1 0 7 -4.8 -4.4 0.7 8 -6 -8.7 -6.3 5 -5.4 -9.9 -7.1 8.1 9.4 2.4 -4.4 6.7 8.3 0.6 -0.1 1.4 7.3 -6.9 -9.4 -6.4 
21.2723 0 1.97346 -8.0438 -4.65582 8.79783 -6.19116 -10.5052 0 0 -19.7859 0 7.09565 1.28281 -0.965136 -3.59508 0 0 0 0 22.7374 0 0.881295 -6.29175 0 0 0 0 0 0 11.0513 0 
2.8 -0.2 -1.5 -3.3 7.1 3.7 8.9 -7.6 9.4 -0.4 5.6 -6.6 0.9 9.3 3.6 0.8 4.6 6.5 -5.9 -0.7 -1 -5.1 -8.8 -2.7 5.5 1.2 8.7 -2 4.3 4.5 -3.1 -7.7 9.5 5.4 -5.8 6.7 -0.8 -6.8 4.3 -6.2 2.8 -0.1 -7.6 9 -5.5 6 -5 9.1 2.5 -0.9 -6.4 6.7 -0.7 -5.1 -6 -10 
-18.0505 0 -0.131298 -4.14116 2.34343 -2.48082 2.09967 5.09294 0 0 -22.1139 0 1.18006 -10.3573 -5.202 -3.8326 0 0 0 0 15.3775 0 11.0888 -9.70134 0 0 0 0 0 0 17.7698 0 
6.1 7.9 -1.9 -4.4 -2.3 5 -6.9 -2.8 -4.4 -2.7 -6.1 4.8 -4.3 8.2 8.6 8.6 -6.6 -9 2.8 -2.1 2.2 7.8 -7.8 -5.2 -3.1 -4.1 -8.5 1.4 -4 -9.2 1.5 -7.9 8.7 9.6 -2.3 -8.4 -0.2 -4 -1.1 5.4 3.3 -2 -4.5 4.3 -8.5 -5.9 2.9 -5.1 -9.6 -4.3 -2 2.6 8.7 -4.6 2.6 -4.4 
-23.8881 0 5.33823 5.39684 5.54586 0.266242 -2.37566 -4.91877 0 0 15.408 0 2.94639 9.53846 -4.91317 -5.21634 0 0 0 0 19.2821 0 7.77958 2.69948 0 0 0 0 0 0 17.2576 0 
-3.5 4.2 7.1 2.5 5 -6.2 4.6 -1.1 -6.6 7.5 0.6 -1.6 8.7 4.7 -6.2 -2.7 -7.3 -5.5 -8.4 -5.8 -6.1 -0.3 -5.7 9.5 5.4 -2.5 2.1 -0.7 3 -10 0.1 9.5 4.2 -2.8 -2.7 -5.6 -3.8 7.1 -1.5 -0.4 -0.1 4.3 3.2 -1.4 -1 2.3 5.9 -3 6.8 7.5 1.2 -9.3 -2.8 0.8 -9.8 7.8 
19.8776 0 0.62432 -7.63874 -0.866301 -6.22509 -3.05419 4.79383 0 0 15.7709 0 -0.618292 -8.91557 0.0282562 -12.288 0 0 0 0 16.3636 0 -9.66724 0.0871437 0 0 0 0 0 0 -14.4025 0 
8.3 -2.4 -2.9 1.3 -2.4 7.3 -3.9 7 9.7 3.4 6.6 -4 -4.3 -9.7 0.8 5.6 -0.1 9.3 -5.7 4.1 1.6 5.4 -8.9 -6.4 3 -2.4 -5.6 5.4 8.4 9.8 -1.5 6.7 -7.4 5.6 -6.7 -4.6 -1.9 -5.4 7.6 -6.9 3.2 -0.6 -5.7 8.9 -0.2 5.1 4.6 9.7 -0.4 4.1 3.8 -8.8 -0.5 0.2 -5.1 7.7 
-19.8809 0 0.261055 -4.15022 3.98624 -3.93695 7.74362 -13.097 0 0 -20.7802 0 -5.2372 12.3125 1.4546 -0.437982 0 0 0 0 -14.7866 0 -0.879212 -11.3215 0 0 0 0 0 0 -14.3766 0 
7.8 -5.5 3.2 1.4 9.5 -8.3 -1.9 7.4 2.5 -3.4 -7.2 -9.3 1.2 5.7 9 -5.6 -4.9 -6.7 -6.6 4.9 3.6 3.2 -0.2 -6.7 -2.7 -6.3 9.7 6.8 -0.9 -5.4 4.6 -3.1 -5.7 -7 8.3 9.1 -5.3 -8.4 6.5 7.2 -6.5 9.3 3.1 4.7 5 2.1 9.2 5.4 0.6 7.8 0.3 -5.7 1 -9.8 -2.4 8.3 
-22.2758 0 7.64822 4.65079 -4.53138 1.78939 -0.23658 -1.8051 0 0 22.2325 0 -4.90116 -10.1311 5.35857 4.94031 0 0 0 0 -17.9149 0 8.54082 1.62535 0 0 0 0 0 0 -19.9235 0 
9.1 -2.7 5.1 -6.6 -2.8 -5.1 0.3 -3.3 -2.1 -6.2 -4.2 -2.2 -9.4 -7.7 -9.7 -5.9 6.9 3.4 4.1 -2.9 -9.2 3.3 -7.5 1.4 1.1 2.9 0.9 -7.9 -1.7 8.5 5.6 -7.4 -8.9 -4.1 -4 -1.7 0.9 1.5 5 4 0.5 6.1 -8.1 1.1 8.4 -7.8 0.5 5.3 0.8 -5.4 -7.5 1.6 3.1 -5 8.3 9.4 
-19.1055 0 -5.95588 5.41677 0.0926435 4.17733 3.46183 1.53621 0 0 16.1306 0 -10.9274 3.44882 2.83852 -5.99473 0 0 0 0 19.2997 0 7.8159 2.18405 0 0 0 0 0 0 -19.6622 0 
3.1 -0.8 -8.5 6.6 -7 2.3 9.2 -5.9 8.2 -4.8 -2.4 -0.9 1.9 7.8 -6.8 -7.6 3.9 -4.9 -1.2 -2.4 -7.5 9.3 -7.1 3.3 9.1 -9.4 -5 2.2 -9.1 8.5 1.6 4 -7.1 -1.7 -4.1 -4.1 -9.4 -4.9 -4.8 4 -4.4 -2 -6.8 7.5 -8.9 -8.4 5.2 5 -8.1 -6 -7.4 -5.6 8.5 -9.2 7.7 7.6 
-22.1176 0 -1.73843 3.2083 7.48498 -10.3732 7.52838 6.32482 0 0 19.192 0 10.6837 9.64363 -10.1034 -6.77476 0 0 0 0 21.5592 0 3.17791 -1.25087 0 0 0 0 0 0 -15.9725 0 
6.6 7.9 -5 7.5 1.6 1.8 -3.2 4.6 -9.9 2.7 5.7 5.9 7.8 -9 -0.1 8.6 -5.8 -1.7 6.2 -4.7 -4.9 -3.4 5.6 -7.8 0.6 8.2 -3.4 -0.9 4.2 9.6 -8.1 0.9 2.7 -3.1 -1.6 -5.6 8.7 5.2 4.2 4 -6.9 -0.1 -4.9 -9 -3.9 0.2 9.6 0.4 8.6 1 5.7 8.9 7.6 1.3 -8.8 -6.6 
-21.3279 0 -2.5333 -9.03558 -6.54635 -4.35157 5.94948 -3.12032 0 0 -19.5964 0 3.42934 10.1587 0.153196 -5.04266 0 0 0 0 17.1374 0 -4.71073 9.41759 0 0 0 0 0 0 -18.1517 0 
-5.2 -7 -2.3 9 7.8 -0.4 -4.9 -4.2 6.5 -1.2 0.2 0.4 -6 -5.6 9.6 -2.8 -0.5 -5.3 -6.6 5.7 5 8.2 -3.9 -1.2 -5.5 7 -7.1 7.3 -6.4 -5.9 6 -1.6 -7.6 -6.3 -7.4 5.4 3.4 -2.2 -8.8 -4.9 6.6 -3.4 5.6 5.8 -3.8 0.4 8.2 5.8 5.2 6.8 -3.3 -4.6 0.3 2.8 4.2 4.8 
21.2878 0 0.18978 -5.64455 -6.57278 7.19239 12.7482 -1.31766 0 0 -20.3792 0 1.81041 0.585624 -0.555128 -2.33289 0 0 0 0 15.3866 0 -4.83543 7.97625 0 0 0 0 0 0 -13.5228 0 
-5 7.1 -2.7 -1.4 6.5 -6.7 7 4.1 -2.9 4.9 -0.5 5.7 -7.3 -4 -9.2 4.5 2.6 1.6 -4.5 8.9 -7.9 9 -0.1 2.5 5.8 6.6 7.9 -3.9 -5.4 2.1 6.1 -0.4 -5.6 8.7 8.3 -9.1 -8 0.5 0.2 -5.7 -4.6 5 -10 -6.7 -9 -9.1 7.8 3.6 2.5 8.6 -2.3 -0.2 7.6 7.6 -7.7 3.4 
20.6826 0 -3.14564 2.24923 1.32043 10.9213 1.00181 -1.19666 0 0 22.4952 0 3.47136 3.53649 2.32684 0.848582 0 0 0 0 23.0525 0 -3.58843 6.96864 0 0 0 0 0 0 17.9305 0 
-0.6 -9.8 4.8 4 -2.5 0.9 -6.3 2 -0.4 -8 -1.9 -3.1 -2.3 8.4 1.2 3.2 3.4 1.3 6.5 -0.4 -2.6 -0.4 -6.8 5.1 -1.8 -3.8 -5 -4.2 9 -7.5 4.4 -1.5 -7.2 -0.8 -7.5 -4.5 5.4 -3.8 7.5 -9.8 -6.6 -9.1 -7.7 1.2 4.5 3.6 9.6 -6.9 -9.9 1.3 2.7 -7.3 -9.1 1.1 7.8 -5.7 
21.6804 0 4.21118 1.22691 -3.57189 2.43215 -8.85454 11.3803 0 0 17.773 0 -7.57227 0.25237 -5.8929 12.4048 0 0 0 0 17.6588 0 1.12979 2.92032 0 0 0 0 0 0 11.3267 0 
7.3 8 0.1 6.4 -9.4 9.8 -5.1 8.6 -1 -7.4 -5.9 9.6 -1.1 6.9 5.1 -2.5 7.8 7.4 3.9 2.3 -3.8 3.5 5.4 -8.5 -9.9 -6.7 -5.8 -9 4.4 -7.9 -4.6 1.8 -9.9 0.7 -6.6 -9.3 0.5 -6.5 4.5 4.8 -3.9 8.7 -0.4 0.2 5.6 -5.3 7.8 -1.4 -7.8 -3.1 -9.1 -6.4 5.7 1.5 -4.8 5.8 
-26.2945 0 -11.5956 -5.82175 6.12714 -12.8061 0.253285 7.00793 0 0 19.7167 0 8.2262 1.31944 -0.761513 -4.69974 0 0 0 0 -14.4021 0 -8.9416 -1.28898 0 0 0 0 0 0 16.351 0 
4.8 -0.6 6.8 -5.6 1.5 7.4 1.4 -3.1 -1.8 4.8 -7.2 3.9 8.3 7.4 -1.3 9.7 1.3 8.4 -0.1 -7.9 8.3 -7.1 0.7 5.7 -0.1 1.6 9.4 -9.2 8.3 -5.4 6.6 -1.7 -0.8 -1.4 2.7 6 -3.9 -5.8 -7.1 -0.5 9 -9.1 -6.6 2.6 8.3 -2.6 2.3 -5.2 -9 7.4 -3.1 9.3 -9.6 7.6 5.1 0.3 
-20.656 0 0.550446 5.67632 -10.518 2.63749 -6.46834 5.32388 0 0 23.1788 0 4.53899 3.1423 0.694619 -2.01593 0 0 0 0 -22.8991 0 -0.309008 -3.54378 0 0 0 0 0 0 -14.4391 0 
-5.6 -0.3 -3.7 -7.3 -0.5 -7.1 -3.8 8.7 1.5 9 4.7 2.8 -6.8 2.8 7.5 7.4 3.8 6.2 -4.8 -2.7 -6.4 2.7 2.2 -5.4 0.2 9.1 9.1 0.6 2 4.2 6.1 6.4 9.1 -7.6 4.4 -1.4 -9.5 -9.4 -2.6 -2.8 9.6 7.3 -9.9 8 -4.6 2.8 0.7 4.4 -1 5.9 6.9 2.6 -1.3 -0.9 2.4 4.1 
23.922 0 2.08762 2.71466 0.344035 2.04331 7.90529 -9.23921 0 0 -20.8898 0 -4.5685 -0.471919 -6.05263 -1.81755 0 0 0 0 18.9566 0 -2.04521 -5.07346 0 0 0 0 0 0 12.3536 0 
-6.5 -3.2 -5.3 0.7 -9 6 -2.9 5.4 3.6 6.7 -6 4.1 7.4 -3.4 -8.7 2.2 9.2 6.6 0.3 -5.4 -0.5 -9 4.2 8.5 2.1 1.1 -3.6 6 5.5 4 0.1 4.2 -9.2 4.8 -5.1 7.1 -4 -2.8 2.5 9.6 -6 1.7 3.7 6.6 8.4 0.3 -1.2 7.6 -3.1 4.3 7.4 1.6 0.5 1.6 -4.6 -7.3 
20.4653 0 2.84383 -6.11571 -1.27484 -9.03968 5.40573 -0.999251 0 0 17.4671 0 1.96892 -3.16859 5.40993 -5.84859 0 0 0 0 17.6313 0 -9.33539 -0.425737 0 0 0 0 0 0 -16.6336 0 
-7.3 -3 8.7 8.2 6.2 -5.9 2.4 7.1 8.9 2.5 -0.6 -9.8 9.8 7.1 9.8 9 -1.2 -1.2 5.6 -7.6 4.3 9.6 -10 6.4 4 2.6 -1.9 -5.5 -5.8 -1.3 -7.6 -3 5.7 6.4 -9.6 1.9 -9.5 -1.9 -5.8 4.6 -9.4 -1.2 4.8 -9.6 -4.1 -0.1 4.6 0 3.9 0.2 -2.4 -1.8 -0.1 -2.3 9.8 9.1 
18.7587 0 -11.9054 2.18725 0.301193 7.51224 1.60992 5.40762 0 0 -20.8748 0 1.92602 -6.63502 1.66426 -6.28466 0 0 0 0 19.4269 0 6.12181 9.61233 0 0 0 0 0 0 22.1758 0 
5.5 -6.9 -6.4 9.8 1.8 -8.7 -8 -2.5 7.7 -7.6 9.5 8.2 0.5 8.9 -2 -3.6 -2.2 -7.1 -8 3.7 -2 6.7 8.9 -8.1 -3.1 -3.4 -4.7 2 -0.5 -9.7 1.1 -5 -6.5 0 -10 5.3 1.3 -8 -7.1 -1 9.7 7.6 -7.6 0.2 1.7 0.4 1.8 9.5 -1.5 3.9 -1.5 1.7 0.6 -2.6 -1.2 7.5 
-21.9748 0 4.15067 -3.93679 0.111947 -3.67922 -9.26472 -3.03894 0 0 -23.5918 0 3.55288 -8.74543 1.8311 -6.1342 0 0 0 0 16.5779 0 -8.12504 -5.3953 0 0 0 0 0 0 -15.1543 0 
-0.8 -0.7 -5.2 8.7 -0.3 5.9 9 3.2 -4.1 9 -6.3 7.2 6.3 -3.4 -8.6 6 9.4 9 -8.6 1.2 -5.3 3.3 -4.1 3.2 -2.8 4.4 -9.8 7.8 7.1 -1 0.5 -3.7 8.4 0.5 -9.7 -1.9 -3.5 9.3 6.5 -2.4 3.5 -9.8 -5.1 -0.2 -7.9 -8.5 -9 6.7 -9.4 7.7 -2.1 -9.5 1 3.9 -1.1 3.4 
24.9449 0 -2.8587 6.82383 -2.1323 -2.7689 1.81039 0.802968 0 0 24.2943 0 -0.296411 -8.0618 1.62738 -2.64839 0 0 0 0 18.6777 0 -2.80574 -14.2253 0 0 0 0 0 0 -14.3194 0 
-6.5 -0.9 -3.6 -9.4 8.2 2.1 -3 6.6 -7.3 -2.7 9.9 -0.8 -8.2 6.4 6.8 0.5 6.6 6.9 5.6 3.9 3.7 6.6 0.7 -0.5 4.3 8.6 0 -9.5 -2.3 8.9 3.9 1.3 -1.9 -9.7 -2.9 -3.7 2.5 4.1 8.1 5.2 6.6 8 9.6 8.4 4.4 1.6 -1 -3.8 -1.4 -5.4 5.4 -7.7 6.4 -3.9 1.8 0.8 
22.8832 0 6.55066 1.4928 5.83048 1.43293 -5.15575 -0.295413 0 0 -23.7681 0 4.88608 -5.48203 1.73238 0.45529 0 0 0 0 -18.2421 0 -0.142262 3.944 0 0 0 0 0 0 -13.5354 0 
9.9 7 1.3 -2.3 5.9 -9.5 4.2 -6 -9.2 -8.7 -4.5 -1.5 0.7 -6.4 8.9 -2.7 6.8 8.5 -9 1.2 0.2 0 2.7 4 -0.2 -1.9 1.5 -3.8 4.2 8.5 2.2 -0.7 5.5 8.8 2.2 1.4 9.3 -8.4 0.7 5.3 -7 6.2 -6.1 -1.1 5.1 8 6.2 1.9 1.8 7.2 8.4 7.2 -7.6 -3.7 1.2 -2.6 
-26.0709 0 -5.15518 -0.667028 0.90791 8.95252 0.12466 0.768291 0 0 16.4076 0 -6.26953 3.29337 -4.18799 -1.53968 0 0 0 0 21.0671 0 4.28405 2.61843 0 0 0 0 0 0 -14.2079 0 
4.4 -7.3 -1.1 -6.2 6.4 -8.9 -1.7 1.9 9.9 -9.4 8.5 4.4 -7.8 -0.8 -0.2 -9.6 -9.3 -1.1 -0.7 5.8 -7.9 -9.2 -7.1 3.9 3.2 -8.7 1.1 0.9 -2.4 7.5 8.3 7.2 5.4 -2.8 6.2 1.8 -6.4 -5.4 -6.3 8.7 -4.8 -7.7 3.2 -7.4 -3.3 8.2 -6.9 -2.6 -7.7 2.4 8.4 -5.6 -1.6 -8.6 8.4 -8.3 
-24.8401 0 -2.85708 -6.28379 1.64935 1.42834 -0.109903 0.69887 0 0 -18.1207 0 7.59529 -1.76796 -4.64813 3.78255 0 0 0 0 23.4501 0 5.52853 -2.76125 0 0 0 0 0 0 -22.7958 0 
-7.3 -5.3 2.6 -4.4 -7.7 0.9 -7.2 7.7 3.4 4.3 -0.4 7 4.1 -1.5 0.9 4.5 0.8 9.3 7.1 2.8 7.5 -9.8 -9.8 5 -2.1 8.7 9.5 6.3 -9.9 3.1 3.2 8 7.8 -4.2 8.8 -9.9 6.8 -8.3 3.1 -4.6 1.2 -7.3 7.6 -4.7 1.2 -1.5 9.8 7.3 -2.1 2.1 0.1 -9.4 -2.4 -4.5 5.7 5.5 
20.5107 0 11.3775 -2.88337 5.7253 -4.0374 6.69162 0.0721574 0 0 21.6652 0 1.78302 -2.92925 -0.475675 10.3754 0 0 0 0 -20.5684 0 2.6842 9.47306 0 0 0 0 0 0 17.9083 0 
9.4 0.4 -3 4.7 -6.5 -9.7 2.8 -8.7 -3.9 1.6 6.7 8.1 -1.5 -0.2 8.7 4.9 -2.3 6.3 -9.8 4.1 -9.9 5.2 -3.4 -6.8 -7.4 6.7 -6.2 0.2 7.5 4.7 -9.1 6.9 -4.9 -6.9 1.7 -6.2 -6.6 -5.5 -9.6 -5.2 1.3 7.1 8.1 5.1 -7.9 6.9 0 -5 -1.6 -4.5 9.1 -1.5 5.9 -4.2 1.7 8.5 
-19.9361 0 -6.49474 -6.52182 -4.5415 2.02045 -4.10059 6.12806 0 0 -20.645 0 -3.52489 -4.29796 -5.73524 -2.54316 0 0 0 0 22.8625 0 -0.687622 16.2345 0 0 0 0 0 0 15.2653 0 
7.7 0.8 -6.1 5.2 -9.3 -5.2 2.2 -4.1 -2 9.1 -5.1 -3.4 -6.4 -4.7 -3.4 0.1 7.6 -5.2 -9.6 9.7 6.9 0.5 -5.3 -9.5 1.2 9.1 -5.7 -2.9 -5.1 6 -9.1 7.8 -8 -5.2 3.1 -7.2 -5.1 -9.5 -6.1 2.9 9.6 -1.2 4.7 8.4 4.2 -8.6 -6.3 1.8 -8.6 -5.8 -3.2 3.5 4.7 -3.3 4 -4.1 
-24.6583 0 6.70282 -11.4225 -4.54777 -6.32364 -2.06868 -0.124907 0 0 18.1702 0 -2.18264 -5.05534 -5.43475 6.78564 0 0 0 0 -20.8878 0 -3.84119 4.10581 0 0 0 0 0 0 17.4666 0 
-4.2 8.3 -1.8 -4.1 -0.4 -5.7 -6.2 1.6 -0.8 2.1 -0.4 4.1 2.6 3.5 -7.8 -2.6 -7.6 6.9 -4.2 1.8 3.5 -0.5 -6.4 4.9 3.7 -4.4 -1.6 -6.4 2.4 7.7 -5.3 8.2 6 -1.8 9.4 -9.2 2.5 -6.8 2.5 6.9 0.5 7.3 -3.8 -6.9 0.9 -1.6 -4.3 -1.5 -9.4 1.5 -9.7 -0.7 6.2 -6.1 -5.7 -4.8 
20.332 0 7.86248 1.0545 -7.22162 2.06915 5.05214 10.1982 0 0 -19.1864 0 -3.18392 -0.333368 0.852494 1.03072 0 0 0 0 -13.9298 0 2.88656 -7.72366 0 0 0 0 0 0 14.1324 0 
-5.2 -2.1 -6 7.2 -4.4 -1.2 0.6 6.9 2.2 0 7.7 -5.3 -1.6 -4.6 -8.3 8.9 -7.2 -2.1 7.2 -1.1 1.6 -7.1 7.4 -2.6 -0.4 7.7 6.7 -4.1 6.8 6.2 -3.7 -8.4 9.4 0.3 8.8 -9.8 4.3 -5.3 7.1 -3.5 -0.1 0.1 1.3 8.4 0.7 -1.8 2.5 3.5 1.3 -0.2 7.6 8.1 -2.1 5 -4.5 7.6 
15.5625 0 2.44113 -11.0709 6.756 -3.75262 -5.68484 1.56916 0 0 -23.0336 0 -4.8348 0.360527 -8.198 -3.14478 0 0 0 0 -13.3663 0 -0.916729 2.9341 0 0 0 0 0 0 19.4855 0 
-2.1 7.5 8.7 -5.2 -1.1 -5 -8.4 -1.7 0.5 5.7 -1.4 -5.1 -9.6 -9.1 1.4 0.3 -3.8 7.9 -6.1 7 -3.9 6.5 -4.3 7.5 -8.5 -6.6 5.6 -0.6 3.6 6.4 -7.8 -8.4 -0.9 -9.1 -3.6 8 -8.9 -6.8 -8.4 -3.1 8.9 -4.6 1.8 9.3 -8.5 -6.8 -5.1 -2.2 -8.8 -1.2 -5.2 -7.5 -9.5 -4.3 5.2 -8 
23.4293 0 -4.00183 5.36082 0.672236 -4.42438 7.21192 1.88141 0 0 -21.3039 0 -7.93509 -1.86389 0.00492709 -6.07874 0 0 0 0 24.0577 0 4.84606 -1.68169 0 0 0 0 0 0 19.102 0 
-0.9 0.9 -3.3 -7.2 -7.5 -1.1 9.6 1.6 -4.9 -8.8 -5.2 -8.6 -5.6 -3.6 -1.7 -6.6 1.8 5.3 7.9 3.4 8.6 -7.2 -8.8 5 1.7 -8.8 2.7 2.2 -3.1 -2 -0.5 1.3 4.1 6.2 -0.7 6.6 -9.7 -1.1 -6.6 -9.4 -4.7 -1.8 7.3 -0.3 4.7 -4.4 -1.7 -8.3 -9 -3.7 5.1 4.8 -0.9 1.5 -5 6 
19.7484 0 2.8225 0.97223 -0.186344 -2.28778 0.909946 1.34593 0 0 19.6824 0 8.33028 -5.6997 -4.90421 10.0748 0 0 0 0 -16.5485 0 -3.91005 0.861953 0 0 0 0 0 0 -19.1318 0 
-2.1 2.9 -6.5 0.1 -9.1 3 6.6 5 -5.6 -4.1 -3.2 9.9 0 0.2 -9.4 5.3 3.7 7.9 -9.8 -1.6 8.7 -1.4 -4.7 4.9 0.1 5.7 -5.1 4.4 -7.6 -4.9 0.5 0.4 8.1 -0.8 5.7 9 -7.8 2.3 -0.7 -8.2 8.2 1.3 -8.3 -6.6 -8.4 -7.7 3.9 0.5 5.4 4.1 4.1 -0.6 7.9 9.4 9.5 -6.8 
18.7281 0 -2.72586 3.47981 -2.31097 -1.7925 5.98781 -10.0934 0 0 22.7607 0 5.23174 8.30255 2.57439 -2.83588 0 0 0 0 -22.2073 0 5.87953 3.48661 0 0 0 0 0 0 15.8768 0 
5.1 -5.5 7.7 7.6 -5.2 -6.6 -6.8 -7.1 2.6 8.9 7.2 0 1.2 -8.3 1.8 -5.4 3 3.5 -2 -0.2 5.9 -8.1 -9.7 -3.5 1.2 4.4 5.9 -5.6 3.9 0.7 -2.4 -5.8 5.2 -9.5 7 5.2 -6.1 -9.8 8.2 1.7 9.1 0.6 -8.3 -4.5 2.3 3.5 0.1 -4.7 -2.9 8.1 5.2 8.2 5.2 0.7 -5.3 -8.3 
-21.4187 0 2.23917 0.820779 -0.520107 12.9971 6.35146 -1.60094 0 0 -22.2007 0 8.01204 6.83849 3.46421 3.00225 0 0 0 0 -12.4587 0 4.29784 1.51914 0 0 0 0 0 0 -19.4757 0 
-4.8 5.9 -3.9 4.3 -3.4 -1.1 3.7 7 -5.3 0.8 2.2 -6.2 1 -4.4 5.6 -4.6 6.2 7.3 0.9 -6.3 -3.9 -8.9 -5.7 3.2 4.4 4.7 -3.4 -0.3 -4.6 -3.5 1.4 -4.2 -7.6 2.7 -9.9 -5.8 6.8 3.9 6.4 -8.5 -5.3 -6.1 -9.4 0.9 -5.3 6.2 6.3 6.2 -1.3 -2.7 9.9 4.8 -1.6 -5.8 -6.8 8 
18.9497 0 2.57366 1.67232 -8.33629 -4.35891 -10.0762 1.31876 0 0 -21.4844 0 -2.68959 5.2025 2.10258 -5.21194 0 0 0 0 14.2248 0 -4.07803 -13.6216 0 0 0 0 0 0 -11.9201 0 
8.9 -0.2 -2.3 9.6 6.4 4.3 -4.6 4 -7.8 -9.2 3.5 9.1 -0.1 -4.9 5.8 -0.2 -1 6.4 -9.3 -1 -2.2 7.1 -4.8 1.8 9.6 -9.7 -3.4 -6.8 9.8 -4.9 -8.8 3.9 4.9 -1 3.5 -3.5 8.5 4.2 -9.4 6 5 -0.7 0.3 -5.1 4.4 -3.9 4.7 8.7 7.8 0.6 -2.3 -9.2 -2.3 -1.9 2.6 -7.5 
-23.7622 0 3.99501 4.24456 -14.069 -5.51591 8.83758 -3.25433 0 0 -21.0797 0 -6.3392 2.90567 -2.76887 0.322453 0 0 0 0 -10.7303 0 6.1167 -15.6367 0 0 0 0 0 0 9.8253 0 
-6.4 4.5 -4.3 -6.6 9.6 -3 7.4 -0.3 1.2 -3.9 6.3 -5.1 -9.7 6.9 -9.1 5.3 -8.6 1.2 5.4 5.8 2.6 -4.7 -0.3 0.4 6 7.4 -3.6 8.9 -9.3 9.1 -8.5 -5.6 -1.2 -2.8 -2.2 -1.6 -0.6 -9.6 8.1 -9.4 -3.4 4.4 -4.4 -7.9 -3.5 -8.3 2.7 -2.1 3 -1.9 9 -4.4 3.5 -1.3 1.2 -0.5 
17.2288 0 3.06058 8.68316 -6.61684 9.48298 -9.6902 -0.249002 0 0 -19.6847 0 -2.85751 -1.32395 4.36839 -6.01639 0 0 0 0 -22.0223 0 -11.9506 -7.09349 0 0 0 0 0 0 -9.72592 0 
-8.6 7.6 -1.6 -7.9 1.9 -4.9 -8.3 -9.3 2.4 -5.2 -0.9 -8.2 -4.8 -7.5 7.7 -3 2.1 8.5 -5.6 8.7 -9.8 7.1 -8.2 -1.6 -9.6 -9.2 4 3.9 -5.2 -4.8 8.6 -3.8 8.1 -7.7 -6.5 -4.8 -2.6 -4.7 -4 5 0.1 0.3 6.9 0.5 -2 -0.2 2.8 -9.8 -6.5 7.2 8.9 -6.3 4.3 5.9 2.2 4.7 
25.2402 0 -5.38624 0.272977 5.43378 -1.80783 -3.86922 12.6516 0 0 21.7771 0 10.793 5.77927 6.34132 2.23943 0 0 0 0 14.3856 0 2.8377 6.60844 0 0 0 0 0 0 -16.7837 0 
2 -8.6 -6.1 6.8 -8.1 7.7 8.2 5.2 -10 6.9 -9.6 -7.3 7.4 -3.6 7.7 -7.3 2 -0.2 3.3 -10 9.6 -3.9 -9.8 8.3 8.5 4.3 -7.9 -2 -4.5 -0.5 7.9 7.5 -3.9 -8.2 -0.5 -2 4.8 -2.3 8.4 0 9.8 8.9 2.7 7.3 -9.5 0.5 -10 2.5 -9.7 -1.5 -2.2 5.2 -0.2 -2 3.5 -1.7 
-25.969 0 -1.19835 -3.67669 10.9842 -3.72675 8.37382 -13.4518 0 0 22.0897 0 6.06349 9.8149 -13.4431 -1.81387 0 0 0 0 -13.2559 0 0.935187 8.77971 0 0 0 0 0 0 -13.014 0 
7.6 0.8 6.3 -6.9 5.5 4.3 -9.4 6.9 1.3 -4.7 -9.9 -8.7 -1.8 8.6 1.4 -2 7.5 -5.9 -4.7 8 -0.2 -9.4 0.6 -4.6 -0.9 8.4 -9.4 9 -8.4 -0.7 -2.7 9.2 5.4 8.9 7.5 -3.9 -1.6 3.3 -7 4.9 8.6 -6.8 6.3 -3.2 -8.2 -2.3 4.9 4.5 -3 5.4 2.5 6.9 6 8.3 -7.7 -4.8 
-22.6128 0 -8.11398 5.25719 -2.24607 3.10753 -3.14777 -11.681 0 0 24.4586 0 -3.47858 2.565 -4.34905 -2.10509 0 0 0 0 21.0447 0 -3.42557 -1.5413 0 0 0 0 0 0 -16.4673 0 
1.9 8.1 -5.8 -1.2 -7.4 -3.3 -6.8 8 -4.4 -9.2 9.4 4 4.1 7.6 -1 -2 -9.2 -9.5 4.8 7.8 -1.8 -5.1 -2.5 5.2 -9.6 -9.9 -2.7 1.6 3.6 -0.4 6.8 -4.4 -2.3 6.2 -0.4 -4.4 8.2 2.8 8.8 -6.2 3.6 8.2 3.1 -7 5.9 7.3 1 1.9 3 -9 -5 -8.8 -8.8 2.5 1.6 6.8 
-27.4264 0 7.85665 2.3368 2.32039 0.868869 2.52822 -3.68221 0 0 -18.6159 0 -0.557005 -3.10089 2.68258 -2.42308 0 0 0 0 20.3321 0 3.81876 -12.3847 0 0 0 0 0 0 13.507 0 
-2.2 4.2 -1.6 -8.5 -6.2 -9.5 -7.7 -3.2 1.9 1.9 2.4 0.1 -5.3 1.2 -0.8 3.6 -5.3 7.5 1.8 5.8 0 8 -2.3 -7 9 -2.1 9.4 -9.8 -9.5 -3.8 2.2 -1.7 -9.6 -9.3 -5 -5.7 -8.8 -2.7 -3.7 -1.7 4.4 3.9 8.5 9.2 -4.9 -2.3 -2 -5 -9.6 9.8 -9.2 0.4 7.8 -1.4 3.4 2 
24.5126 0 15.4304 0.416928 -2.493 -6.00465 0.0762871 0.269249 0 0 -19.0465 0 -1.97629 3.0591 1.89113 5.55813 0 0 0 0 -21.1709 0 -4.10808 -1.59147 0 0 0 0 0 0 -12.3423 0 
1.7 2.8 -2.5 2.2 9 9.7 5.8 9.5 -9.6 6 9 6.8 -6.6 -9.5 -4.8 7.8 4.4 8.9 2.2 4.7 -3.4 5.4 9.8 -3 5.2 -9.4 7.4 3 -5.6 -4 -9.7 6.2 8.8 -2.2 -6.4 3 -2.5 4.6 -2.3 -6.8 0.7 -8.1 -10 -0.7 -7.6 -9.6 -7.7 2 9.3 4.6 -3.2 -8.9 -4.8 -8.2 -1.9 -9.5 
-24.6757 0 4.73543 6.46385 -1.95982 -0.615585 2.07492 16.6565 0 0 -20.1175 0 -2.65538 1.34723 -0.675007 -3.0673 0 0 0 0 25.5246 0 7.81207 -7.57261 0 0 0 0 0 0 15.6218 0 
-7.6 -9.3 -1.3 -7.9 -8.1 -1 3.5 5.9 6.8 2.3 -5.8 9.6 -3 1.9 -7.2 2.9 -0.9 8 -7.8 -3.3 8.5 -5.5 8.8 7.8 4.3 -9.2 9 9.6 -7.4 -7.7 -9.9 -9.8 8.3 -6 -7.7 5.4 3.1 1 1.4 -4.9 -6.6 5.6 -5.3 -4.4 -7.3 -2.5 8.5 1.8 -4.4 -9.3 8.6 9.3 -9.6 2.6 7.1 4.8 
25.4829 0 -8.3707 16.1842 4.48025 -8.97032 -4.02505 -9.1626 0 0 19.9786 0 1.04712 4.68158 -6.45858 -3.06525 0 0 0 0 -18.474 0 -0.413819 -2.64102 0 0 0 0 0 0 21.3574 0 
-1.4 1.3 4.4 1.2 -1.1 -0.3 -3.4 -7.6 -1.1 -5.8 7.8 -8 5.2 -0.8 -2.8 3.8 -5.2 -2.9 9.4 -7.2 4.7 7.9 4.6 5.5 3.8 -1.6 4.8 4.3 6.2 -2.9 -0.9 -5.2 3.7 8.7 1.2 -7.4 -6.4 7.9 -5 2.5 -7.9 -7.2 -0.2 7.3 -2.7 2.2 1.2 -2.7 9.3 -4.2 0.1 4 -6.2 -10 -5.3 7.6 
19.9677 0 -5.51941 3.80865 0.791277 -3.33588 -6.36277 4.47322 0 0 -20.1975 0 1.3238 -4.58826 8.22356 -1.07964 0 0 0 0 -19.4862 0 -3.41457 5.69977 0 0 0 0 0 0 -11.1021 0 
-1.6 4.7 1.9 9.9 -8.1 6.2 -5.3 0.8 4.9 1.2 3.4 3.7 -0.9 3.6 -3.7 1.2 1.6 1.3 -6.3 8.9 -6.5 0.1 -8.5 -7.2 6 1.6 2.1 9.8 1.6 6.8 2.6 5.3 -3.2 9.8 5.2 -1.3 6 5.1 4.7 -3.8 -3.7 -1.9 9.9 0.6 6.9 -8.6 -8.2 -6.3 2.7 -9.2 -7.3 6.2 0.9 9.4 4.3 -3.1 
17.5619 0 -2.82088 -0.767571 -0.583081 5.53414 1.52774 3.76611 0 0 -23.5903 0 -13.1462 -2.13048 2.64556 -4.77912 0 0 0 0 16.5318 0 8.23053 -11.1732 0 0 0 0 0 0 -11.6371 0 
-3.8 -3.6 -8.1 3.1 8.4 4.6 -1.6 -4.8 -0.4 8.8 -0.9 -4.4 -0.9 -6.2 1.8 0.7 -2.9 -3 -8.7 -6 -1.6 8.4 -2.2 6.4 9.2 -4.3 -2.2 0.1 -4.9 -7.9 2.3 -3.5 -1.5 4.2 9.6 -3 -6 -2 2.2 3.6 -8 6.6 4.5 1.2 -9.6 -3.7 7.1 -2.4 -1.5 8.4 -3.2 7 6.8 -0.2 -1.4 1.2 
20.6349 0 0.598015 -5.19702 -4.51904 -1.71602 0.172038 -4.04412 0 0 19.1482 0 -9.44192 -9.98884 -0.00732231 0.994577 0 0 0 0 16.4422 0 -3.25727 3.16339 0 0 0 0 0 0 -11.4913 0 
5.5 6.4 -8.6 5.8 8.6 -1.1 -7.6 -2.9 8.3 -8 -0.7 -7.6 -4.7 6.8 1.2 -7.5 3.4 -4.3 -1.1 3.8 -2.7 -4 6.6 5.8 9.7 -6.5 -2 6.5 3.3 6.6 -2.2 -5.9 -1.7 -5.6 5.1 -3.1 3.3 2.7 4 -3.2 4.8 8.6 -0.8 5.3 5.4 5.7 7.8 -1.2 6.6 -8 7.8 9.1 -2 4.5 0.2 -2.3 
-24.684 0 0.316399 -10.7402 2.06652 -1.07438 -3.32483 4.13102 0 0 17.8969 0 -3.19345 -4.39321 7.2247 2.70282 0 0 0 0 17.041 0 -7.66885 -5.6976 0 0 0 0 0 0 -12.4766 0 
3.2 3.4 9.5 -8.3 -4.7 -7.5 -9 3.6 -7.9 6.2 -9.5 0.6 -1.1 -0.3 7.4 8.9 -1.7 -8.1 -0.6 -6.3 7.6 -7.5 -2.3 -0.6 -5.5 -4.4 -1.4 2.5 5.3 8.8 5.5 -6.3 2.2 5 -9.4 2.7 7.5 -8.3 -3.7 9.6 3.1 -3.2 -4.6 7.2 6.6 -7.2 1.4 -9.9 -5.3 -9.2 9.1 -7.7 -6.7 -3.2 1.8 -2.2 
-20.0793 0 -5.3702 -8.28264 -1.47913 2.55188 -3.63458 -0.438261 0 0 22.6124 0 -5.002 -4.03871 -9.08699 -7.59539 0 0 0 0 -22.9089 0 6.42092 8.74225 0 0 0 0 0 0 -15.6876 0 
-2.4 5.6 5.6 8.1 -0.4 1.1 7 7 -8.7 7.7 -0.2 4 4.6 6.1 -1.2 -7.1 -7 4.2 -9.9 4.8 7 1.5 4.9 -8.2 2.4 -0.8 9.3 0.9 6.1 -3.7 4 8.9 -8.1 -0.4 7.1 1.5 5.9 4.1 -1.4 2.4 -3 8.4 -3.6 6.8 -0.3 5.2 9.7 2.7 -0.6 5.1 -7.3 -8.4 -3.4 2.9 -6.6 4.2 
20.4167 0 7.19364 -1.15984 0.0465306 -7.89159 -2.87755 -0.100408 0 0 22.4494 0 4.31647 -3.92013 1.58862 -0.580425 0 0 0 0 -12.8192 0 -0.552214 3.04225 0 0 0 0 0 0 -22.0431 0 
-7.9 8 -4.8 3.4 -5.7 4.4 2.4 -8.5 -6 -0.5 3 5.1 8.8 6.8 -2.5 -8.9 0.4 -0.9 3.1 -9.8 -5.7 2.9 -1.9 -1.1 -2 0.9 -4.3 -0.2 -6.2 -5.6 -5.9 -8.9 -7.6 -5.5 4.6 -3.3 8.9 -3 -1.8 8.1 1.7 6.5 -1.6 -4.3 3.3 1.1 -3.2 -6.2 -9.8 -10 9.2 -5.5 -1.9 -2.7 -1.4 1.3 
22.3076 0 -0.878175 8.29089 1.51249 2.10152 -6.24809 1.48469 0 0 -17.0959 0 -6.2702 2.52427 5.98543 -0.876913 0 0 0 0 18.5755 0 -2.80028 2.59613 0 0 0 0 0 0 17.6372 0 
8.2 4.3 -8.9 7.2 8.7 -9.6 8.4 6.3 -5.1 -1.8 -6.9 9 5.2 -3.5 2.3 -7.9 8.2 -9.3 -2.2 -3.2 1.8 -0.1 -4.2 -2.8 -4.9 -5 1.7 3.2 2.3 5.5 -5.5 0.6 -4.9 -9.2 -7 -6.2 -8.7 -8.6 -9.8 -8.6 -5.2 8.5 5.7 -10 -9.8 -2 -7.9 3.7 -6 -4.8 -9.5 1 5.1 -3.7 8.3 -9.8 
-24.1806 0 0.278736 4.00983 -5.36092 -0.580218 -12.8583 -2.73112 0 0 24.1432 0 -6.87685 -3.5747 -5.79147 -3.97082 0 0 0 0 -21.1228 0 -10.3619 -1.61036 0 0 0 0 0 0 17.692 0 
1.3 -4.8 -1.4 -6.4 6 -1.7 -0.6 -8.9 -0.9 2.5 -9.9 -4.4 -0.9 5.5 -7.7 4 -0.8 8 -0.8 -0.5 -8.8 -3.4 8.4 -9.6 1.8 8.9 1.5 -3.1 -9.6 -5 -7.7 1.7 -4.6 0.9 0.5 -8.6 4.4 5.2 -7.5 8.7 -7.1 7.9 9.6 -2.8 3.4 -8.1 6.4 -7.3 5.1 -4.3 -2.6 6.3 2.3 -4.2 2 -5.9 
-18.9254 0 7.50896 -0.298013 6.6218 -8.70207 2.56745 2.12519 0 0 18.3637 0 -4.08012 -1.33795 2.17736 -10.9233 0 0 0 0 16.87 0 10.84 3.42522 0 0 0 0 0 0 19.5027 0 
-5.3 8.7 -3.8 -9.7 -6.3 -6.3 2 -0.9 -0.2 7.7 -4.2 -5.8 -1.9 -6.5 8.1 -3.8 -8.6 7.7 3.5 4.9 9.6 -0.1 7.6 -0.1 5.6 -9.8 -8.5 -6.9 -4 3.5 -7.6 -4.1 2.2 -6.2 -3.8 1.1 -2.5 3.4 5.4 7.3 -3.7 -8.8 6.7 4.5 -5.2 4.9 -9.3 -3.8 2.6 4.2 6.3 -2.5 9.4 -0.9 2.6 5 
24.1365 0 -6.38494 -3.51542 -9.98157 -4.23674 -2.30315 -10.1713 0 0 19.7366 0 7.95396 -2.72092 -1.53684 -0.281544 0 0 0 0 -14.6779 0 -6.66144 -7.74317 0 0 0 0 0 0 14.7244 0 
-0.7 4.1 3.4 5.3 -2.4 5.8 -8.8 5 9.7 -2.6 -3.9 -7.6 -9.2 -8.4 9.8 -7.6 -7.2 1.7 6.9 -7.2 -8.2 2.8 -5.7 4.5 -2.9 -9.4 7.2 -8.3 -0.2 -0.2 6.7 4.3 -6 -4.7 -0.3 -3.2 -8.8 -3.9 7.1 6.1 -1.2 -6.8 8.5 -5.2 -10 3.5 -2.8 8.1 -4.7 9.3 -9.1 -2.9 2.2 -9.6 6.8 4.5 
22 0 2.46818 9.56545 -0.725909 -7.84727 0.782727 -4.73818 0 0 20.8818 0 2.02925 0.449427 -7.76604 15.2033 0 0 0 0 22.4774 0 -0.218314 4.66632 0 0 0 0 0 0 -16.2353 0 
-8.9 -0.8 6.2 -3.9 4.3 -1.9 -9.6 3.5 3.5 -4.7 -9.7 4.7 -3.3 7.4 -4 0.7 5.9 -5.5 5.5 5.9 8.1 8 -0.8 8.6 7.3 -4.6 -9.1 -0.5 -4.2 3 -6 -7.9 -7.8 -9.8 -1.8 6.5 -1.6 -6.1 0 -8.1 -5.6 -4.4 1.8 -3.7 8.2 7.8 7 -0.7 7.5 2.6 -9.5 0.8 0.6 -0.3 -0.6 -2.1 
22.8978 0 -12.4405 0.920612 -5.59049 6.35694 1.71064 -0.454192 0 0 17.7664 0 5.46644 3.24188 3.49363 9.72363 0 0 0 0 -17.3275 0 -5.63957 -3.98369 0 0 0 0 0 0 16.0068 0 
5.1 -4.4 2.7 6.2 8.6 6.7 8.3 6 2.2 -8.2 -2.2 5.8 -4.3 7.8 2.9 -4.7 8.6 9.9 1.7 2.1 7.7 -1.3 6.6 0.4 6.5 7.1 -8.7 -7.7 -7.9 -4.1 -4.5 2.4 1.5 8.2 -1.4 -4.7 0.1 -3 -8.6 7.5 -1.2 -0.8 3.3 -0.3 -7.8 -3.8 0.2 6.1 -3.9 -8.1 -6.6 9 -4.1 -10 -0.5 -7.6 
-23.1186 0 10.0888 1.29593 0.0523388 0.227955 -9.35826 -7.1981 0 0 16.8112 0 9.26268 1.15804 4.3401 -1.5482 0 0 0 0 -21.267 0 -6.21302 2.83396 0 0 0 0 0 0 14.9444 0 
2.4 -4 -5.2 4.5 1.9 0.3 -7.9 8.7 -6.3 0.8 -6 3.8 3 -9.4 1.4 7 -5 9.9 -8.1 -2.7 -8.6 2.1 8.6 -2.5 -0.7 -8 -8.2 5.2 -8 -3.5 2.8 4.4 2.5 2.8 -5.9 -5.6 8.3 -3.7 8.3 7.2 2.3 -7.6 1.1 -9.5 8.2 7.7 2.7 -6.7 2.8 4.6 0.6 4.2 -8.1 -0.8 7 -3.6 
-18.8608 0 -2.84028 0.353113 -0.991474 -8.52509 3.22415 8.04154 0 0 20.793 0 -2.46553 10.9949 0.39282 -2.37971 0 0 0 0 18.1773 0 -7.32482 3.27544 0 0 0 0 0 0 19.6489 0 
-3.6 8.8 6.8 -1.6 -4.7 -5.1 8.1 7.8 7.7 7.4 7.4 1.3 -6.3 5.8 -1.5 1.2 3.4 4.8 -3.1 1.6 -2.3 9.6 4.9 -9.4 -0.6 -9.3 4.8 1.4 -4.9 1.8 3 1.5 -4.2 -0.1 5.2 1.1 4.8 3.3 -5.9 -2.3 -4.1 -8.4 9 -5.1 2.6 -2.4 6.1 -4 -7.6 -6.9 7.6 0.2 -7.3 -2.2 0.8 -2.6 
23.1579 0 -2.84438 4.6904 2.18413 5.72935 1.6435 -0.237931 0 0 -17.4754 0 4.21967 -0.752539 -4.16418 -4.45666 0 0 0 0 17.1681 0 -10.1077 1.91665 0 0 0 0 0 0 14.4455 0 
-1.5 -9.2 4 3.7 -2.1 -3 -9.6 3.7 2.1 5.6 -9.9 -3.1 -5.9 -5.8 4.7 0.1 -9 -1.1 5 3.6 6.5 -3.7 9.6 4.2 -0.6 2.5 -5.6 -2.6 -9.7 0.4 4.8 -6 -3.6 -1.2 2.9 4.3 5.8 3.4 -1.9 -2 -1 -6.6 0.1 -1.6 -2.4 -10 8.5 -1.3 -1 -1.3 7.5 -9.3 5 2.4 4.9 -5.5 
16.5266 0 -7.91691 4.72873 -1.59803 3.84107 -6.44656 -4.92719 0 0 17.3367 0 9.28176 1.90191 1.68847 2.71607 0 0 0 0 -17.5127 0 2.71139 -5.61227 0 0 0 0 0 0 -17.8238 0 
-5.1 4.5 -2.9 -9.6 -9.9 -8.1 -5.6 -3.4 -4.1 7.4 -9.1 6.9 -4 -5.8 -9.9 0.2 -2.4 0.3 8.6 0.5 -4.5 7.1 4.4 -0.3 -4.2 1.9 0.5 6.1 -5.7 -9.4 -9.4 -5.6 5.2 -2.3 -5.2 5.3 -5.2 -5.5 7.1 0.7 -8.1 8.1 -7.2 -6.9 7.5 -7 3.3 -9.6 -1.5 2 0.9 4 -5.7 -4.7 -6.2 -4.6 
17.7406 0 1.06028 10.8632 -7.11136 8.32552 0.250273 13.8699 0 0 19.8725 0 -5.39095 9.71244 -1.33181 6.62437 0 0 0 0 -19.4579 0 -6.61106 2.5268 0 0 0 0 0 0 14.3355 0 
2.4 -0.5 -8.5 6.8 0.1 7.3 6.4 -4.7 -9.8 -8.7 5.9 -5 -4.2 3 0.9 -7.1 -3.7 -1.1 -4 -6.1 1.9 9.3 9.5 -9.6 -3.5 0.4 -0.3 -3.9 0.9 3.5 1.5 -6.7 8.2 -1.8 5.3 -1.7 -4.5 1.8 -1.1 -9.1 -1.7 -5.2 -8.9 4.1 3 2 2.2 4.6 6.1 8.2 8.5 -1.9 2.7 3.2 -6.3 4.5 
-20.2462 0 -2.93783 -0.266716 1.00216 3.80614 -0.805582 -7.12626 0 0 -20.9992 0 4.46781 3.53087 2.70283 1.48819 0 0 0 0 13.755 0 -10.1577 -3.36823 0 0 0 0 0 0 -18.393 0 
-6.4 3.4 -9.4 -0.3 -7.9 -2.7 3 5.5 5.5 -6.4 -6.1 6.2 0.6 2.8 7.1 8.9 2.8 8.2 -1.8 -4.2 -4.6 -9.6 -9.6 -8.5 3.8 4.1 -5.2 -3.5 -2.7 -1.4 6.2 -3.9 7.2 6.8 5.8 4.6 9.3 -5.9 0.1 4.8 -2.3 -0.8 -3.8 8.3 -8 -6.7 2.4 4.8 -8.5 -9.4 5.9 -7.9 -9 6.3 -6.3 4.8 
22.2414 0 0.520201 6.0302 -0.582697 -6.96404 -3.37164 -0.5211 0 0 20.5666 0 4.73231 -1.01918 -0.0196305 -8.96795 0 0 0 0 21.8879 0 4.50749 0.0591984 0 0 0 0 0 0 -19.7263 0 
-4.3 -1.5 6.5 3 2.3 2.8 4.4 -5.2 -5.2 0.2 4.6 9.4 -0.5 -5.3 4.2 7.2 4 5.7 0.7 1.2 9 -6.9 -3.9 5.8 -6.3 -8 7.9 9.9 3.5 6.8 4.7 9.2 -9.4 -3.5 -2.5 -1.9 4.5 7.1 2.9 4.5 -2.7 -2.5 3.9 6.9 -2.5 -1.8 -0.7 6.7 -6.1 5.3 -6.9 8.1 8.4 -0.8 3.9 7.4 
19.4795 0 -4.43698 -3.2814 -10.4577 -8.55721 -8.19889 -5.23885 0 0 -21.8761 0 5.55903 3.2036 -10.9526 3.30226 0 0 0 0 -12.4966 0 4.76484 -2.30209 0 0 0 0 0 0 -12.7254 0 
-3.6 -2.9 7.3 5.2 9.1 2.1 -0.4 9.7 8.6 7.1 -2.1 -1.7 4.2 6 -7.2 6.8 8.8 6.8 -1.1 -8.5 -9.8 3.4 3.4 9.3 -1.3 6.5 7.4 -2.8 -9 -3.4 9.8 -2.6 -1.1 7.1 7.8 -2 -0.8 -2.5 -7 -7 9.8 -3.9 1.3 -0.7 -7.9 4.2 -8.7 6.1 -3.8 0.2 7.6 -3.6 8.8 -3.8 -4.3 -2.4 
22.152 0 -9.19557 -6.85492 -8.05888 10.4528 -5.05598 7.45532 0 0 -15.1618 0 -3.08585 2.76073 1.81489 -5.01088 0 0 0 0 18.1243 0 -3.54664 2.79514 0 0 0 0 0 0 -22.3247 0 
-7.2 -6.9 0 -6.2 -5.1 -0.2 -3.6 3.8 -3.1 -5.7 7.1 1.4 1.8 -9.9 -0.4 1.6 -3.8 6.2 6.1 -6.5 0.4 7.4 4.9 1.8 -2.4 -2.3 8.2 -8.3 4 -6.1 -0.7 6.8 -7.8 9.3 -9.4 -7.6 -5.7 -3 6.2 1.2 -3.5 -1.5 7.8 8.3 -1.4 -2.5 -4.8 0 -6.3 -8.7 -1.2 -0.7 8.8 -6.3 -8.9 -8.4 
21.9702 0 -3.40188 10.4573 7.38819 9.09186 3.60261 -9.70951 0 0 -21.5233 0 -0.304184 -1.18013 1.98105 -7.73828 0 0 0 0 -16.2335 0 1.99887 3.95611 0 0 0 0 0 0 11.2287 0 
1.4 4.5 -6.7 -9.4 8.4 -2.2 7.4 5.8 -7.7 3.2 8.2 -3.4 5.5 -0.3 3.1 -8 8.2 -3.9 5.6 -3.1 3.6 -9.2 2.1 2.5 7.3 -9.1 -8.2 1.3 9.8 8.1 3 1.3 2.6 1.5 -2.9 -3.8 4.6 -5.4 -7.9 6.9 3 -9.7 8.8 -1.5 0 1.9 0.6 -1.7 8 -8.6 0.4 -3.1 -7.8 -7.5 9.4 4.7 
-23.6717 0 3.45602 -0.0925155 -0.393296 4.71364 -2.00281 -10.178 0 0 -20.5501 0 -0.760352 0.153482 3.43988 0.784395 0 0 0 0 22.6503 0 -1.87094 2.12584 0 0 0 0 0 0 16.7036 0 
-6.5 6.5 -3.9 8.5 4.6 4.3 -0.2 -7.5 -9 7 -1.3 5.6 6.8 0.8 2.6 -0.2 -3.6 1.4 3.6 1.6 8.5 9.4 9.9 1.7 -9.2 -4.5 3.8 8.2 -1.9 3.3 2.9 -3.2 -5 9 -4.7 4.8 -1.5 0.4 7.3 -0.4 -7.4 -3.9 -4.8 4.6 2.1 3 9.6 8.5 -5.6 3.2 -4.6 8.1 2.6 -4.7 -4.9 3.4 
23.4921 0 7.86987 -8.74506 -5.02722 -7.73919 -9.52489 -1.54775 0 0 15.9812 0 0.893167 2.50668 1.49954 -1.72726 0 0 0 0 -14.6308 0 -1.1871 5.1538 0 0 0 0 0 0 17.5997 0 
-3.9 8.9 -3.2 -0.6 -2.6 9.8 1.4 2.4 4 1.9 -2.7 -7.4 -7.7 -5.4 -2.6 -9.9 -4.1 2.6 4.7 3.3 -9.1 4.4 -3 -4.7 -7.2 2.4 8.7 5.5 3 -6.2 -5.9 9.1 -7.3 1 -1.5 0.2 -4 9.9 7.8 -10 1.8 -4.9 7.8 -0.6 -5 -4.8 -0.5 -3.9 3.1 9.5 9.4 4 -0.9 -3.5 4.5 1.9 
19.4062 0 0.897652 -6.16298 4.43931 -4.26153 1.77057 -3.1897 0 0 18.4562 0 -2.9209 -10.9651 3.08094 4.04261 0 0 0 0 18.6906 0 -3.31432 3.61038 0 0 0 0 0 0 19.9549 0 
4.1 -1.6 -7.4 -2.9 2.2 -3.2 -3.8 0.2 3 -0.1 -9.6 9 -0.2 8.2 9 6.9 8.6 2.1 -8.5 8.8 2.5 -3.8 -5.1 -4.4 -4.3 -5.6 4.8 0 -3.9 -5.4 7.2 -9.8 3 9.8 -7.4 -9.5 -8.2 -1.2 0.7 4.8 8.8 -3.7 3.8 -6.2 9.7 -1.9 5.9 8.3 5.4 7.4 7.1 -2.1 -6.3 7.3 -1.2 -5.4 
-20.8971 0 7.981 -2.98414 -7.14357 -7.6757 -0.245967 -7.35986 0 0 24.2728 0 3.71105 1.75493 -2.24819 -2.74533 0 0 0 0 16.7326 0 1.64958 0.67861 0 0 0 0 0 0 -20.5954 0 
6.9 -6.4 4.7 8.2 -6.6 1.9 8.4 6.5 -3.1 -9 7 -1.2 -4.9 -7.1 -6.4 9.1 -0.8 2.7 8.1 -1.1 -9.2 4.1 -7.5 6.2 -3.3 4.8 9.3 -4.4 -2.7 -1.9 0.3 -5.8 -3 -9.8 -7.6 0.4 -2.7 6.1 -7.9 4.2 2.3 9.1 -7 7.4 7.2 -3.3 1.7 -3.6 9.4 -0.1 0.6 5.4 9.2 -1.7 -3.2 -8.9 
-22.4176 0 0.757886 -7.05382 -2.72598 6.39497 5.67812 6.77859 0 0 -21.2911 0 6.82658 5.20256 -0.681584 1.98909 0 0 0 0 17.513 0 2.93977 -10.967 0 0 0 0 0 0 18.4071 0 
8.3 -8.7 -3.2 -4.3 -0.5 7.1 -0.1 6.5 7.3 -2.4 -7.9 -5.4 -6.3 -5.7 4 6 8.6 7.1 3.5 5.9 9 -9.6 -7.7 8.4 0.3 -1.9 -1 -5.3 1.6 1 -4.1 0 2.3 2.7 5.7 7 -5 -9.2 3.5 7.5 -1.6 5.7 7.3 2.1 -10 1.3 -6.6 8.6 -1.6 2.1 -0.3 -2.6 2.5 2.1 -9 8.1 
-19.6545 0 -3.82711 7.07115 5.23696 5.42471 -3.50556 -13.3913 0 0 16.6686 0 -10.0858 -0.981948 2.41927 -0.0544965 0 0 0 0 -19.0265 0 3.63496 0.375369 0 0 0 0 0 0 19.0453 0 
5.4 -4.8 -7.2 -2.9 6.2 -6.1 2.3 -6.2 6.6 -2 -9.2 -8.4 -6 -0.4 9.1 -2.3 -9.5 6.4 9.8 5.7 -2.2 -6.8 4.3 1.4 0.5 9.3 8.9 -6.9 1.4 5.1 -8.8 -8 -9.6 9.2 -5.7 1.8 -6.8 6.6 5.6 5 9.8 1.7 6.7 -6.1 -8.7 1 1.6 -8.2 -7.3 -3.4 7.5 -4.3 -4.9 -3 2.3 5.6 
-25.6572 0 3.85 11.937 -5.37394 -3.09543 1.78118 7.71948 0 0 22.4957 0 -1.39583 -6.73114 -4.6229 -1.51709 0 0 0 0 17.454 0 -6.42646 5.50476 0 0 0 0 0 0 17.2769 0 
-3.7 1.2 3.9 2.9 -8.4 5.1 0.2 -8 4.4 4.5 3.8 2.8 1.2 -5.3 -2.2 1 6.4 9.7 0.1 2.9 0.8 -8.3 4.7 -1.3 -6.4 -2.6 -0.4 -6.1 4.4 -8.1 9.5 6 -1.6 3.5 -5.9 0 -6.2 4.3 2 3.4 -1.1 -9 -3.8 -9.9 -9.1 4.1 -3.7 7.3 3.8 6.5 0.2 9.8 3.4 -9.9 -6.3 7 
19.7793 0 11.7669 3.47232 -5.9259 -8.41385 -5.35004 -0.514174 0 0 -13.5836 0 -2.10436 2.96181 0.707576 1.01938 0 0 0 0 20.6787 0 -5.08398 5.98385 0 0 0 0 0 0 -17.2933 0 
-2.5 3.3 -9.1 7.2 0.5 5.7 3.2 8.9 -5.6 7.3 -5.9 -1.8 -3.1 6.1 -8.3 5.8 2.3 -6.9 1.1 3.3 2.4 7.4 -4.2 -8.5 3.9 1.3 6.5 -2.6 1.4 -9.7 9.6 4.2 -1.2 5.8 -3.4 9.3 1.5 5 3.4 5.9 -2.5 7.5 9.3 4.4 -1.2 6.2 0.2 6.4 9.4 -8.7 -5.1 1.8 8.8 0.7 3.3 -2.1 
20.8139 0 3.47411 -1.81945 8.65238 1.36639 15.8072 -4.06747 0 0 21.2504 0 4.30612 -7.72407 3.89185 -4.67377 0 0 0 0 15.0418 0 -4.60725 9.14366 0 0 0 0 0 0 -9.27925 0 
7.2 -0.1 5.3 -6.1 -4.6 0.2 8.1 -0.6 -4 9.9 -6 7.5 4.9 7.4 -1.4 -7.6 0.2 -2.1 6.9 4.2 -5.8 -7.7 0.6 8.8 -6.3 5.5 -4.2 7.7 -3.7 9.2 -4.4 8.7 -5.7 6.2 -7.4 -5.1 -3.6 5.9 4.3 2.4 5.8 8.3 -4.9 0.7 5.8 -1.1 3.2 -8.8 6.8 -4.7 5.4 6.2 -2.4 -3.9 0.2 -3.5 
-21.9554 0 -8.83245 -7.43097 -8.79328 10.571 0.0159414 5.8136 0 0 18.422 0 -2.95156 -2.99805 4.41764 12.7028 0 0 0 0 13.7132 0 -3.31817 -4.42508 0 0 0 0 0 0 13.3227 0 
-8.4 6.1 -5.8 -6.9 0.5 -4.9 7.1 4.8 -8.7 9.7 9.7 -7.1 5.7 4 5.3 1.5 -2.4 5.6 -7.7 -6.6 -5.5 0.7 9.8 6.5 1.2 5.2 -2 8.8 6.5 3.4 -9.4 8.2 -0.5 -5.2 6.5 -10 -0.1 3.6 0 -3.6 -1.4 -0.3 -0.7 -5.7 9 9.8 1 -3.4 5.4 3.3 -4.8 5.1 9.2 -5 -3.1 -4.4 
20.3111 0 -3.9092 11.3677 -0.162965 -6.06959 -1.50657 -8.19848 0 0 -22.1317 0 -0.557578 -1.07494 -3.32049 -5.72546 0 0 0 0 20.4601 0 -8.21807 -1.00903 0 0 0 0 0 0 16.4415 0 
5.4 0.1 9.7 2 -6.5 -9.7 -4.6 3.1 -4.9 7.1 -1.7 0.3 -4 8.4 6.7 4.6 -1.9 -3.9 8.9 -7.7 -4.1 -0.1 -5.9 6.6 8.5 -0.7 -3.1 2.9 -0.5 3.8 8.6 -5 -6.1 8.3 7 -2.5 8.6 -7.6 5.8 8.9 9.5 -5.9 -0.8 -4.5 -7.5 -4 5.3 -4.1 -2.7 4.2 -6.6 3.2 9.4 -2.4 -5 3.1 
-21.2424 0 -1.62599 -0.989059 7.25953 8.87894 -8.32862 10.4706 0 0 -19.5936 0 2.1545 10.5235 6.15642 -8.06604 0 0 0 0 -17.4808 0 2.54774 4.31132 0 0 0 0 0 0 -12.6282 0 
6.9 2 -8.8 -3.5 -4.2 5 -3.3 -5 3.3 -6.3 -2.3 -2.9 -8.7 -6.5 -8.7 6 -7.2 0.5 6.8 -9.4 1.7 2.1 -3.5 4.2 -8.4 -4.9 -7.3 -9 2.7 -2.3 -0.7 -5.1 9.7 0.5 1.4 -9.2 -9.2 3.3 -9 -0.7 2.2 -1.3 6.5 3.5 -2.6 3 -0.5 0.2 8.7 -3.7 -4 0.5 3.7 2.5 9.9 5.3 
-20.9547 0 1.10715 0.512534 4.94447 -2.79126 3.03512 -1.34815 0 0 22.9813 0 -0.700728 -2.40523 -0.498203 -3.64739 0 0 0 0 16.528 0 8.63008 -2.62122 0 0 0 0 0 0 -17.4906 0 
7.7 -7.4 1.5 -4.4 0.4 -9.2 0.5 -4.7 -3.5 7.1 -8.7 -2.7 0.4 -7.7 1.9 -7.4 1 -6.4 1.3 3.6 6.6 -9.1 -6.1 5.3 -7.6 -0.1 -9 6.1 7.7 -9 1.4 0.6 -6.4 -7.1 1.4 4 8.9 -8 4.6 -9.3 9.1 5.9 -6.8 -5.2 8.3 5.1 -2.6 -5.5 8.7 8.8 8.2 5.3 4.9 7.3 -4.1 2.5 
-25.2697 0 -3.54178 1.41711 -9.28541 -7.54895 4.13419 -2.25804 0 0 20.2353 0 -6.7115 0.501342 1.98081 5.54087 0 0 0 0 -23.1909 0 -4.90702 1.68579 0 0 0 0 0 0 -15.2419 0 
-7.6 -3.1 -1.3 5.3 -2.1 5.3 -4.1 -3.2 3.5 2.6 6 -2.4 4.6 0.6 -1.7 -1.1 -3.4 -3.2 3.7 -9.9 7.1 6.4 -5.4 5.9 0.4 -7.2 -3.6 -9.5 -9.9 -2.5 3 -7.4 4.5 -8.3 7.9 7.6 2.3 9.1 -5.6 -4.2 -3.1 5.7 -1.4 -8.5 -3.7 7 -4.4 -1.9 9 4.6 -1.8 6.1 1 -1.9 -2.8 6.6 
19.8389 0 1.73851 7.29629 -1.35794 -4.54865 5.23518 1.58023 0 0 -21.5644 0 -6.23478 -1.6824 3.11909 -2.5046 0 0 0 0 -18.4611 0 3.38766 -11.8898 0 0 0 0 0 0 -9.13781 0 
0.9 3.7 7.1 -3.7 6.4 0.1 -5.9 0.9 -2.9 7.2 -6.2 4.6 1.5 -6.6 -9.6 8.4 9.1 -1 5.1 -4.5 -8.8 -9.2 -1.2 5.4 5.4 7.1 1.6 -8.4 -9.6 8.8 8.2 1.3 -2.3 5.3 2.8 -5.8 -9.4 6.9 0.3 -7.1 -0.6 4.1 7.5 -9.1 7.6 3.1 9.4 1.9 7.4 -0.3 7.4 3.8 0.5 -3.7 -0.7 -8.9 
-18.5346 0 -0.989503 4.7112 1.87919 0.9922 -4.57793 1.44972 0 0 21.6713 0 -6.37133 -2.62582 3.21117 3.14042 0 0 0 0 24.1606 0 -4.96428 -5.80986 0 0 0 0 0 0 -20.455 0 
8.6 -9.1 -7.3 9 4.9 6.1 -4.5 7.9 -3.4 8.4 7.3 -7.5 0.5 -7.2 -4.6 9.9 2.2 -7 6.1 -5 6.1 0.7 6.9 3.5 -9.6 -0.4 -2.6 1 1.1 1.9 -2.7 -5.1 -2 -4.7 -6.1 -7.1 -8.6 -5.4 6 -1.9 8.2 -1.5 0.6 -6 -3.4 1.2 -6.1 8.8 4.2 -10 -6.2 -4.4 -4.1 5.9 9.1 -3.6 
-24.4596 0 3.35533 6.01156 5.79201 -4.19754 -0.604263 -12.5407 0 0 -21.1703 0 -9.27475 7.66293 0.949601 -10.207 0 0 0 0 -11.2987 0 4.0949 -2.56856 0 0 0 0 0 0 16.0915 0 
-4.5 -8.3 2.6 1.8 3.6 9.9 6.7 -8.4 -4.8 5.8 9.8 -8.1 -9.5 1 -4.8 3.9 4.8 1 7.9 -8.6 -7.8 -8.1 -9.8 6.5 7.1 9.2 -7.9 -6.9 0.3 6.4 -5.3 5.9 3.4 7.3 -2.3 -7.8 7.2 9.7 9.1 7.7 5.5 4.1 9.6 6 -9.7 -5.2 -4.8 5.1 5.8 -6.9 6.5 3.2 -9.8 1.9 -0.3 2.6 
22.3175 0 -8.18417 0.777417 -3.62182 -0.796685 5.52571 11.4112 0 0 -24.4384 0 17.0098 6.17659 10.7306 -3.92445 0 0 0 0 -19.8795 0 -4.49554 9.32722 0 0 0 0 0 0 12.4252 0 
-3.7 -3 0.9 6.7 8.7 5.6 -2.2 -2.7 2.9 5.5 -0.5 -4.7 0.4 -6.2 8.2 -4 7.9 3 7.2 3.5 3 -7.6 -1.4 -1.2 -4.4 -9.6 -7.9 -4.2 2.3 -3 3.6 3.9 -0.7 -5.5 0.6 -2 -9.9 8.4 0.5 -1.8 -0.9 -10 -1.2 9.6 9.1 -3 -4.4 2.2 -9.9 -7.2 -4.3 3.1 -9.5 4.4 7.2 -3.9 
22.9277 0 1.20553 -7.06002 -0.760652 -5.54569 -4.43175 0.317956 0 0 16.9394 0 1.03394 -9.2131 -4.11069 5.80274 0 0 0 0 -21.8954 0 4.60583 -5.75928 0 0 0 0 0 0 9.84814 0 
0 4.5 -2.9 -7.7 6.7 -9.2 1.4 -4 -9.5 -8 -0.8 -9.3 -9.6 9.7 -5.9 -5.2 5 2.9 -5.6 4.1 5.2 -4.8 -3.7 0.5 -6.8 -2.7 -6.4 -6.3 -8.3 6 -5 1.7 -4.3 2.2 -0.8 -7.5 -1.8 -9.3 -1.5 -1.3 7.9 3 -5.4 3.6 2.7 -1.2 8.4 -7.1 6.9 8 7 2.1 -6.8 8.6 -7.4 -3.6 
-21.6285 0 -5.17605 -8.99001 -2.37696 7.45684 -2.81111 2.49532 0 0 18.1234 0 0.710894 1.17229 0.685992 -1.76138 0 0 0 0 -25.0255 0 -4.95806 -5.93017 0 0 0 0 0 0 15.3889 0 
-4.1 -8.5 0.2 -7.2 2.7 5.2 -0.3 8.5 -7.4 4.1 6.2 0.8 4.8 -5.3 4.8 -2 2.9 9.4 -8.4 -4.3 -6.6 -10 -6.2 5.6 8 6.1 -7.1 6.4 4.7 -9.2 -7.2 5.8 -7.7 3 3.8 0.2 -6.5 -6.5 -6.1 -3.9 7.6 -9.9 2.2 -2.3 -9.9 -3 5.7 3 -8.4 7.3 3.9 -9.7 2.5 7.8 5.9 -4.3 
26.5804 0 -5.92541 7.72184 -8.39828 -6.88815 -5.05484 9.14846 0 0 -17.6225 0 6.15997 1.65273 -1.6425 1.34796 0 0 0 0 20.8733 0 -0.767301 -3.86274 0 0 0 0 0 0 16.5106 0 
3.9 4 -7.9 -6.2 4.8 -9.9 9.6 2.3 -1.6 3.4 -7.4 1.9 2.1 -3.5 3.2 -0.3 -3.3 -4.6 7.4 -3.2 -2.4 -1.7 5 -5.5 -9.2 -1 -5.2 -1.5 -3.2 5.9 4.2 5.9 -0.1 1.5 9.7 -5.2 -3.1 4.5 2.3 5.3 -6.9 4.9 -7.6 5.2 6.7 5.6 -5.1 8.6 6.3 7.6 -9.4 -6.1 -4.1 5.6 -1.6 -8 
-18.2852 0 1.86489 -5.63733 -0.445168 6.73166 -1.03526 6.85416 0 0 23.4468 0 -1.50857 -2.70503 3.9323 3.04663 0 0 0 0 -17.0465 0 -0.577399 -10.9049 0 0 0 0 0 0 -14.9446 0 
-5.4 -1.6 0.5 -3.4 9.5 -10 -7.5 -5.3 -3.3 7.4 -5.3 3.6 1.9 7 -5.9 5 2 -3.5 0.2 -6.1 -7.8 0.4 -7.5 3.7 -2 -6.9 7.6 -0.9 8.7 -8.7 1.1 8.6 -5.1 -8.3 -9.6 -5.5 -8.3 -7 -5.6 -6.4 5.6 -0.9 7.3 -2.4 -3.9 -8.6 -7.4 3.3 -2 -1.9 2.4 -4.6 8.5 4.9 9.1 -8.3 
17.3179 0 11.6192 2.56959 5.53646 0.257537 2.93338 2.72492 0 0 14.6783 0 11.3807 -7.55715 5.86204 1.54761 0 0 0 0 23.2639 0 2.43936 -11.6057 0 0 0 0 0 0 19.6341 0 
3.2 1.9 -4 -2.8 -1.6 7.2 -4.2 3.4 4.1 -8.6 3.1 1 9.6 7.5 4.6 5.3 -3.4 -2.9 -7.1 -2.1 -1.4 -9.3 6.5 1.8 -1.2 -1.1 2.4 -7.5 -6.1 -3.3 -5.8 2.3 8.6 -4.5 9.5 -2.9 -7.3 -9.5 -9.5 2 -8 -1.2 -7 -8.4 -3.7 2.8 6.9 -1.9 -10 9.8 1.2 -6.2 5.8 -2.3 5.6 -5.4 
-21.9757 0 -4.99006 -7.02777 2.1947 0.501919 14.0669 -3.67634 0 0 -18.3055 0 -3.2427 8.30513 5.3586 4.20062 0 0 0 0 -21.4196 0 -6.29899 -0.168731 0 0 0 0 0 0 8.44989 0 
6.7 -6.8 -7.6 5.8 -0.1 -8.2 -1.9 -1.5 -2.7 -7.1 0.8 0 -6.6 -3.5 7.2 -4.6 5.3 -9.8 -7.7 -8.4 -1.7 9.2 -5.1 -1.7 4.3 6.2 2.1 0.1 -6.1 -7.1 -0.1 5.8 -3.9 2.3 -3.2 6 4.2 0.2 9.7 -8.5 3.1 0.6 -3.2 6.5 7.1 -6 7.2 2.5 9.5 9.5 -0.7 -2.2 8.7 -0.5 1.3 -1.8 
-23.2564 0 2.0919 6.36083 -0.375381 7.49643 0.105777 0.345711 0 0 -16.8977 0 15.1285 5.36696 1.34813 4.76693 0 0 0 0 -12.8151 0 2.15614 0.141134 0 0 0 0 0 0 18.4778 0 
-4.3 -6.6 8.3 -5.2 -3.7 -1.7 5.9 -2.4 -9.4 -7.3 -6.4 0 2.9 -6.7 1.6 -4 -0.9 8.4 -7.4 -3.7 7.6 5 4 7.1 4.5 -6.7 -5.1 -1.6 2.8 6.2 6.7 3.7 4.8 0.2 8.6 6.3 3.7 4.5 -6.1 -0.4 2.4 -7.3 9.6 -4.6 -8.7 1.2 1.4 0.4 -5.2 -0.8 1.9 -7.5 -5.8 -4.1 9.6 3.9 
21.2137 0 5.53511 8.6086 3.65142 1.04979 -0.750931 5.56104 0 0 20.3959 0 -8.71537 -3.20001 -7.00415 3.81961 0 0 0 0 -16.1185 0 2.3803 -5.76781 0 0 0 0 0 0 -14.0325 0 
-0.7 9.8 -7.6 7.3 1.2 4.3 1.1 -3.9 -5.5 -5.1 7.6 8.3 4.6 6.8 -2.1 -3 9.5 -7.3 2.4 6 4 9.1 -3.5 4 -6.5 8.4 6.5 -2.2 -5.6 6.2 6.9 -1.1 1.2 9.3 -8.6 -7.6 -1.2 2.5 -6.3 3.4 2.6 -8.6 -3.1 -2.8 8.2 0 4.3 2.9 2.7 -3.3 -1 -8.1 -9 0.7 6 -5.4 
24.4125 0 -5.32309 4.4424 2.37133 6.16692 -3.45561 2.94071 0 0 -22.232 0 -3.70129 1.80004 0.0741414 -1.57892 0 0 0 0 -18.7554 0 4.36429 -2.56755 0 0 0 0 0 0 -14.1945 0 
-5.7 2.5 -2.4 -6.1 -6.1 -5.5 2.8 5.1 9.1 -0.5 2.8 -2.1 -8 6.5 -8.7 4.7 3.1 -6.6 7.1 1.3 3.4 1.4 9.5 -8.6 3.4 -1.5 -6.7 4.4 4.4 9.3 4.2 8.7 1.9 -8.2 -7.3 1 -3.6 0.7 -3.8 -9.3 -9.8 4.2 -1.4 7.5 0.7 -4.8 -2.6 -6.1 -1.4 -5.5 0.4 7.3 1.2 -4.9 8.7 -5.4 
20.1375 0 -0.42458 -2.71831 -3.3296 9.73903 4.42606 7.52575 0 0 -18.1645 0 -1.61358 5.30342 2.36304 6.89399 0 0 0 0 -14.7934 0 -10.4705 -7.25184 0 0 0 0 0 0 18.6376 0 
3.6 -8 4.2 -6.8 6.6 -6.3 -8 -6.3 -4.5 9.9 4.7 -2.9 0.6 6.1 -2.2 -3.9 0.3 1.7 -6.4 6.3 6.9 -3.8 -9.8 -9.3 0.7 -4.2 3.2 7.1 1 1.9 6.9 9.8 -0.8 1.2 -6.9 -4.2 0.1 -9.7 -5.3 5.6 -9.8 9.4 8 -4 0.8 -9 -2.7 -8.9 2.7 -3.9 7.4 -5.2 2.3 2.8 -9.2 8.3 
-20.623 0 3.60713 0.131891 -0.548416 -4.56965 8.03179 -5.01235 0 0 -21.2062 0 -4.32756 -3.59806 0.306544 5.28716 0 0 0 0 -17.9859 0 0.998548 13.3834 0 0 0 0 0 0 -21.251 0 
3.9 4 5.4 -5.1 -8.8 2.4 9.9 0.4 8.8 8.2 1.4 -1.1 8.5 6.1 9.7 3.9 0.7 7.7 5.2 -8.5 8.8 -7.5 7.9 -3.3 -1.3 0.5 1.6 6.2 8.6 2.4 4.5 2.5 -8.4 -4.8 2.6 -7.2 7.6 2.5 3.2 1.6 0.8 9.8 -9.5 -5.5 1.1 -9.8 8.5 -8.1 3.2 -1.1 8.6 2 1.4 1.7 3.9 5.3 
-20.9604 0 3.83055 -2.86349 6.19548 2.29241 -1.55436 10.4249 0 0 -20.8043 0 -6.10751 -5.6699 -9.28106 -11.9239 0 0 0 0 21.4264 0 7.09453 -0.998906 0 0 0 0 0 0 -10.5113 0 
-7.7 -9.3 -3.2 -9.1 3.1 6.5 -1.4 4.8 -8.3 -8.8 2.8 4.5 3.7 -3.9 -3.9 9.7 -8.9 -8.2 -5.7 2.3 -7.9 8 -0.6 0.5 -3.1 -6.8 7.7 3.5 5 1.6 -5.9 2.5 2.4 0.9 -1.4 -9.3 -2.6 7.2 0.7 -5.6 8.4 -6.4 8.9 -2.7 -5.1 -9.7 -2.9 -4 -7.9 -3.4 3.5 9.4 9.8 8.1 -0.1 -8.1 
26.2006 0 1.95912 -1.80301 -7.17007 -7.19068 -2.21789 -8.57348 0 0 -22.3368 0 -2.69834 10.0232 4.0334 -0.866076 0 0 0 0 19.0845 0 -8.13681 -0.878403 0 0 0 0 0 0 11.6374 0 
-8.6 -2.4 0.6 1.6 9.3 4.7 9.3 -3.1 -9.2 -2.1 -2.4 -6.5 -4.9 8.4 -6.9 8.7 7.2 -8 -4 -7.9 -7.7 -1.7 -6.7 9.7 0.1 6.9 9.1 -0.1 5 -0.9 1.8 1.6 6.7 -7.5 8.4 1.2 2.4 7.7 8.1 -1.5 -4.4 -4.2 2 -4.1 9.4 5.1 -5.4 6.6 2.3 -4.1 3.9 -0.1 -0.6 7.2 -0.4 9.6 
22.1917 0 5.69718 0.180248 -11.1177 -5.10867 -5.43763 -0.998122 0 0 16.9617 0 8.75916 2.35065 -0.940998 -8.76171 0 0 0 0 -17.0532 0 -14.3613 1.27393 0 0 0 0 0 0 -16.7629 0 
-0.7 -6.1 -5.3 9.6 3 6.6 1.2 -5 4.3 -0.3 1.4 -8.1 -7.4 -0.4 0.4 -1.7 0.6 7.6 -0.6 -4.8 -2.1 -0.7 7 5.5 0.4 0.9 -9.4 9.8 -1.9 0.2 9.4 2.7 -0.7 -5.8 2.3 -7.6 6 -6.5 -7.4 -4.5 -1.6 4 -7.4 1.1 8.8 -1.7 4.6 -5.4 -8.9 -6 -0.2 -0.9 -1.5 -3.2 9.8 8.9 
16.8306 0 -0.730216 -0.36184 -2.14193 3.17398 -3.22151 -7.34316 0 0 -22.6898 0 -2.80983 3.58167 7.506 4.41637 0 0 0 0 15.8655 0 -3.43768 -6.76248 0 0 0 0 0 0 -17.5293 0 
7.7 -9.6 8.8 -8.9 -4.2 3.4 3.8 5.1 2.8 -3.9 2.7 -1.2 -5.2 5.3 -0.5 -1.5 -5.4 -2.6 9.6 8.6 5.7 4.2 -6.7 6.8 3.4 3.1 -8.9 -8 5.2 -9.1 -9.1 2.9 6.5 4.9 -0.8 -7.7 -1.6 8.2 2.7 -8.8 9.5 -4.6 -4.7 -5.6 6 0 -1.9 5.8 7.4 -2.3 4.4 3.1 7.1 7.7 0 -4.3 
-21.6636 0 0.0096937 3.96334 1.42313 -4.04135 3.65175 0.108939 0 0 -24.5225 0 -0.440144 -5.9851 -2.80163 -3.41817 0 0 0 0 -20.1355 0 11.6584 1.3985 0 0 0 0 0 0 13.9648 0 
-3.9 -3.7 -2.3 -8.7 -2.7 -6.1 -0.6 9 8.8 3.9 -8.6 -7.6 2.1 4.1 -6.3 1.7 4.7 -5.8 1.3 0.7 4.2 9.4 -8.3 1.7 -7.7 6.2 -10 4.6 -0.9 -4.8 -9.7 5.2 1.6 -6.7 6.5 4.1 -2.8 -8.8 3.1 -8.8 5.1 -0.3 -6.3 -7.6 9 -2.6 -0.7 3.8 -3.2 -9.4 9.7 -9 5.2 -8.5 -2.1 2.7 
21.1462 0 2.36686 7.51579 8.24642 8.76991 0.890942 -0.962823 0 0 24.6079 0 -1.65357 3.1409 -0.174024 -6.93617 0 0 0 0 17.6178 0 -3.02792 6.78788 0 0 0 0 0 0 18.0395 0 
2.9 -2 -2.7 -8 -1.6 -2.3 7.3 -10 1 -1 -0.7 3.4 -4.6 -7.5 4.6 -9.5 2.2 8.3 -7 1.3 -9.1 -2.5 -9.7 -2.3 -1.8 -10 -6 8.6 6.7 1.9 1.4 -0.4 5.1 3.9 1.7 -6.4 -8.4 -5.8 8.8 -2.2 -1.6 -1.8 -8.8 3.9 0.7 5.9 -0.4 8.1 -0.6 -2.2 -5.4 0.4 5.4 -9.9 3.3 8.8 
-15.6077 0 5.2929 7.29704 8.17738 -7.97427 -1.11099 -0.873287 0 0 -18.1259 0 -3.22779 -0.525091 -7.7206 -1.43525 0 0 0 0 18.6638 0 3.08335 14.7608 0 0 0 0 0 0 -17.6502 0 
-9.8 7.3 7.4 2.1 -5.5 -6 -8.2 9.6 8 -1.3 -6.8 4.8 2.9 7.3 7.9 6.5 -4.5 9.1 0.4 1.4 0.2 5.3 -5.3 4.9 -6.9 -5.4 -9.5 8.5 -5.3 3.8 2.5 -5.1 -3.6 -4.8 2.3 0.9 -0.8 4.1 0.5 -7.6 8 -1 2.5 -3.9 -3.7 0.4 -7.4 -3 -5.3 -1.7 8.4 0.2 -6.4 8.3 -4.9 -8.1 
22.9528 0 -5.26298 -7.52022 2.62278 0.28929 13.1635 5.91998 0 0 17.5208 0 0.404614 -2.06049 -3.81667 -8.35957 0 0 0 0 -18.1215 0 2.37443 -0.877847 0 0 0 0 0 0 -16.1439 0 
-7.1 -4.4 5.7 -2.3 4.6 -1.8 -2.2 -9 3.4 -9.9 1.9 -7.3 -0.6 -7.5 -9.7 -2.6 -3.3 2.8 3.5 -1.8 8.4 1.4 5.2 8.4 9.7 -1.2 -1.4 8.5 -7.7 -1.1 -9.6 -4.7 4.5 6.1 -1.8 -5.7 -5.6 6 -4.6 7.8 1.4 2.5 5.7 6 0.2 1.3 -6.5 6.9 9.3 2.2 -4.9 7.8 -6.4 5.5 1.4 8.5 
21.2273 0 -1.89802 8.24927 -3.87189 3.82714 1.58334 0.706636 0 0 17.3723 0 7.62362 1.75473 0.579427 -0.303209 0 0 0 0 -16.2325 0 -17.4644 5.16656 0 0 0 0 0 0 17.5919 0 
9.5 -10 7 -8.1 -1.1 7.5 -2.8 8.6 -1.2 5.4 -7.1 3.2 -3.4 -6.5 -3.7 3.2 6.1 7.2 -0.7 -3.7 -6.3 -2 -6.7 -6.9 5.4 -6.4 6.1 4.3 4.4 -2.5 2.8 3.9 -2.5 -4.9 5.8 1.6 7.8 8.2 0.2 -3.4 3.6 -1.7 5.1 5.5 1.9 6.6 -6.1 -2 -1 -1.6 4.3 2.8 1.6 7.6 1.1 -2.9 
-20.729 0 -6.06398 -6.23524 10.0034 -8.38923 9.17219 -5.38088 0 0 16.9788 0 6.10476 1.04745 -0.965384 -4.92557 0 0 0 0 14.3989 0 -5.5068 2.22779 0 0 0 0 0 0 10.495 0 
6.5 -7.6 6.6 0.9 -0.1 -0.6 -5.2 2.6 -0.3 -9.3 -5.8 -7.3 8.9 -0.4 -5.4 -2.2 7.9 4.9 8.5 -0.2 -3.3 7.6 7.8 5.7 -3.9 2.2 -6.3 7.7 -5 4.8 -10 6.7 7.2 6.6 -2.4 -7.7 -8.7 -2.3 4.9 1 -6.4 4.3 -1 7.7 9.1 3.6 -9.3 2.3 -1.5 9.2 -7.9 5.2 2.1 5.2 -3.9 8.2 
-23.1257 0 -10.5713 3.23622 1.28428 -4.25024 -13.1624 1.98004 0 0 19.878 0 4.22484 -4.64305 6.56999 5.95913 0 0 0 0 18.5879 0 -0.542221 0.187713 0 0 0 0 0 0 15.7825 0 
-7.4 -0.1 1.1 -7.2 9.9 1.2 9.6 2.4 -7 -2.8 4.7 -5.7 0.1 -5.1 0.6 3.7 4.4 9.6 1.5 3.6 3.2 2.2 -4.1 6.9 -3.3 -6.8 -2.7 8.8 8.4 3.4 2.2 6.2 -6.7 -6.7 9.1 8.5 -0.3 8.7 0.9 2.8 -8.9 -4.4 7.1 -3.5 0.5 -2.3 -9.8 -5 -7.5 1.7 3.8 5.7 -6 4.9 -2.2 -4.1 
22.9728 0 -9.51777 3.38182 -3.16548 -0.488839 0.300355 2.01717 0 0 -19.2405 0 -5.78078 -3.24744 0.699723 -2.43158 0 0 0 0 -17.6005 0 -8.10292 -4.71292 0 0 0 0 0 0 16.51 0 
3.3 5.1 -5.3 1.8 -1.4 6.9 -6.8 -2.9 -9.8 -7.7 -4.4 -4.8 6.2 6.5 8 2.6 -7.8 5.1 9.1 -2.1 8.1 9.3 -1.9 -9.4 -3.7 7.1 1.6 -4.5 2 4.6 1.4 -4.6 -0.2 6.1 2.4 3.6 -1.8 0.8 -9.3 -6.4 -1.6 -8.4 -1.2 -5.4 8.1 -8 2.4 5.5 2.4 -3.3 8.7 0.5 -8.7 -3.2 -3.7 -2.4 
-21.6841 0 -1.85389 -1.59103 0.994738 3.49796 13.5948 -9.34879 0 0 17.4084 0 -2.28628 7.36784 -5.31186 -3.99413 0 0 0 0 -21.312 0 0.0829541 -1.93903 0 0 0 0 0 0 -10.1615 0 
9.2 3.1 -1.7 -3.6 -2.2 9.7 1.8 2.8 1 9.4 -3.6 4.4 0.3 -2.9 8 8.7 -1.3 -7.9 8.5 -7.9 -5.9 -3.8 2.8 6.5 2.9 1.5 -7.8 -0.6 3.6 -1.4 7 2.8 6.9 -9.5 9.2 -5.3 -9.8 -3.7 2.7 -3.6 -9.1 9.1 6 -3.6 -8.5 4.1 -4.9 -4.6 6.2 8.9 -2.5 5.5 -9.7 -9.6 2.1 3.2 
-26.0672 0 -3.78713 -7.02453 1.32312 0.482215 -6.96622 -2.04778 0 0 19.4559 0 -12.7905 -5.30522 -4.35994 -2.44094 0 0 0 0 19.0503 0 -6.27398 4.1574 0 0 0 0 0 0 -14.263 0 
-2.9 4.3 -7.3 -9.3 8.1 4.9 3.5 5.1 5.5 -2 5 0.9 -0.5 -2.2 2.6 0.4 -7.9 -1.4 6.9 -6.4 7.9 7.2 -5.7 -0.7 6.1 1.8 -5.1 1.6 -2.6 7 -5.1 -0.2 -3.5 -7.2 0.5 -5.3 2.9 9.3 9.8 -6.4 -2.7 0 -0.2 6.8 7.8 7.6 -7.6 5.2 -8.6 9.3 8.8 9.4 6.6 -6.9 -1.3 -2.1 
19.9449 0 -0.913014 -0.321886 -14.8218 -4.75359 3.1973 4.61972 0 0 -22.852 0 4.1945 2.5888 0.8688 -2.58878 0 0 0 0 -17.4015 0 -2.32209 -7.67646 0 0 0 0 0 0 15.1251 0 
0.2 -1.2 9.6 2.8 -9 9.7 -7.4 -2.4 7.7 -1.6 -2.5 -4.2 -2.3 -7.5 -5.3 0.2 2.5 4.5 -7.8 -4.4 -2.7 -5.4 -9.2 -1.3 9.2 4.8 -6.7 5.8 3.2 2.1 8.9 -6.6 6.1 3.7 1.4 7.2 -1.4 4.1 -10 -3.7 -7.5 -2.5 -2.6 -4.6 0 2.1 5.6 7.7 -8.2 3 -6.7 -0.9 7.6 9.3 7.8 6.8 
-19.6761 0 -1.5933 -9.1268 2.22198 7.74034 10.0569 9.65993 0 0 18.0056 0 2.57502 3.9967 -7.25285 -5.84238 0 0 0 0 19.1756 0 9.53913 1.20914 0 0 0 0 0 0 -15.3467 0 
4.2 6.4 -2.2 -2.6 -1.5 -8 -4 9.8 5.7 7.4 2.2 -5.6 -3.3 2.2 -4.1 -5.6 9.7 3.3 -0.2 -5.1 -9.4 -9.4 -7.3 -7.6 3.6 -8.8 1.5 -3.5 5.8 -5.4 8.5 0 -9 -8.4 2.6 -5.3 -6.4 8.6 9.7 9.3 1.2 2 8.9 8 -5.8 -5.1 7.6 9.2 3.4 -7.3 9.3 4.1 8.5 7.2 1.7 2.2 
-23.7293 0 -0.511604 -2.10373 7.13422 2.30727 9.79211 -4.37687 0 0 -19.1056 0 -2.32256 1.36442 -10.2814 -0.739096 0 0 0 0 23.5941 0 -0.308174 -3.53843 0 0 0 0 0 0 -20.9835 0 
8.5 8.5 3.9 -0.5 -6.9 2.4 9.5 9.3 4 2.1 9.2 2.8 -4.1 8.9 2.2 7.1 -3.9 -3.7 0.3 0.4 -3.6 -2 -5.2 9.9 -4.1 -5.9 -0.8 -5.6 -8.6 -9.1 1.8 5.1 9.4 -9.1 -5.4 7.7 3.4 9.3 2.2 -7.4 -3.4 1.4 0.7 2.5 -4.4 8.1 -5.2 1.7 -5.6 5.2 7.3 0.9 8.4 7.3 -4 9.5 
-22.1025 0 2.29205 2.57754 -1.7636 -5.28131 -14.0061 5.72334 0 0 -16.6608 0 -10.2645 -3.16847 1.59833 -10.3339 0 0 0 0 21.9906 0 -2.35468 -6.28594 0 0 0 0 0 0 -14.0976 0 
-8.5 5.2 -6.1 8.1 6.1 5.8 -1.6 0.8 6.7 -1.8 -1.5 -4.7 -7.3 -9.2 -6.8 -0.7 -2.6 3.9 7 -1.8 2 -8.2 5.2 1.6 2.2 -2.3 -7.5 0.6 -4.9 -1.5 0.1 -8.2 8.9 -0.7 5.1 5.1 -9.7 -6.5 -8.9 2.2 -3.1 -0.4 2.8 -5.2 -4.4 1.2 4.1 -1.7 -4.9 1.1 6.5 2.3 -1.9 1.7 9.1 -9.6 
17.1526 0 3.21701 -3.61987 -9.09427 -13.5962 -9.48372 -0.0215711 0 0 18.6279 0 -0.0542288 -3.00789 5.97123 4.47766 0 0 0 0 13.9035 0 0.405747 5.75746 0 0 0 0 0 0 -15.7016 0 
9.5 -8.3 -3.8 -5.4 -4.6 1.6 -8.4 -5.6 -9.1 6.7 4.7 6.4 5.4 5.8 -1.4 -7.7 -9.4 -8.6 -2.9 -8.5 2.6 6.4 -0.2 2.9 -7.3 -3.7 -9.6 0.8 3.3 9.6 -3.6 -2 6.5 -2.1 2.6 7.1 9.5 -0.6 -8.5 5.6 -3.9 1.4 -2.8 -8.5 -7.6 5.8 9 8.3 2.5 -3.9 9.8 -9.7 7.7 -5.2 -1.5 -9.6 
-24.5241 0 -9.77203 2.29652 2.69327 7.60518 4.82587 5.19653 0 0 -22.5107 0 -5.00087 7.77837 -2.25424 -1.86859 0 0 0 0 -18.8421 0 8.00528 5.86733 0 0 0 0 0 0 19.4708 0 
1.1 -5.9 -3.6 9.6 8.9 -1.9 -2.4 5.4 6 5.4 -2.2 0.7 -5.2 -5.5 -8.5 0.9 6 -1.3 2.4 3.6 9.7 1.4 1.9 2.2 2.7 -3.1 -2.2 0.4 1.7 1.5 -4 8.1 5.6 -2.3 2.9 4.6 5.8 -9.4 -4.8 -3 6 3 7.7 -9.1 7.6 9.2 -3 -1.2 -6.9 4.7 -7.6 -7.2 -3.9 -0.4 0.3 4.1 
-17.5248 0 1.38774 -3.68106 -9.62919 -5.13671 7.55442 -0.712132 0 0 -19.9991 0 2.10788 -0.259715 -0.976294 4.4597 0 0 0 0 -19.9362 0 -3.53633 4.22342 0 0 0 0 0 0 12.1926 0 
6.5 8.1 9.7 -6.5 -5.2 -4.2 6.8 -9.6 3.5 -0.3 0.2 -5.5 0.3 5.5 1.5 -8.4 -6.3 -0.8 7.7 -8.7 -6.4 9.9 -4.7 -3.3 4.6 -2.2 -5.3 6 2.6 5 0.1 -5.7 -1.7 -0.2 -2.2 3.1 0.8 9.8 3.6 9.5 -0.4 9 9.2 5.1 4.5 0.7 1.9 3.5 5.1 -0.4 0 3.9 -0.4 5.4 5.8 -5.8 
-17.2276 0 1.31185 7.76429 2.21041 2.00318 -4.30008 12.5723 0 0 21.0714 0 -4.57126 -5.5903 3.55535 -7.64495 0 0 0 0 -18.2056 0 2.22156 0.738577 0 0 0 0 0 0 14.4886 0 
8.4 -9.4 5.4 1 5.6 -4.5 5.3 9.2 0.6 8.4 2.3 6.6 8.2 -8.9 1.4 -7 -9.8 0.6 8.2 -0.1 -8.6 -4.7 -6.6 1.7 5 3.5 -4.3 9.8 -5.9 -8.5 9.2 -7.5 -7.9 4.7 -1.3 3 -9.8 -6 2.2 -4 7.6 -5.5 -7.3 1.1 -9.1 -0.7 4.1 -8.9 9.9 -2.5 1 -8.7 -1.9 -0.3 -1.7 -6.9 
-25.3034 0 -0.776577 1.15004 -0.298775 -0.0142274 -1.18087 2.67356 0 0 -20.0186 0 4.05751 0.718564 8.62956 -0.624328 0 0 0 0 24.5589 0 2.52777 10.8168 0 0 0 0 0 0 -17.6521 0 
-6.8 4 8.1 -2.7 0.7 7.3 -5 -1.9 2 3.7 -8.9 -2.5 2.9 -1.5 -1.3 -4.2 -1.8 -3.4 6.9 -0.9 5.9 -3.8 0.2 5.9 -1 6.5 2.4 7.1 -3.8 -9.3 5.4 -5.4 -0.1 3.5 1.9 -9.3 0.8 2.1 -1.2 8.1 -4.2 -0.1 -9.2 3.9 3.6 -0.5 9.7 -8.2 6.2 6.6 1 -2.7 8.1 6.4 -6.8 -7.7 
15.8079 0 -4.08972 -1.90348 3.47927 -1.23989 -9.93743 1.62134 0 0 20.9962 0 -5.59676 3.9977 -12.6216 1.72205 0 0 0 0 -16.6884 0 5.78899 -3.51687 0 0 0 0 0 0 -12.8642 0 
2.9 0.9 9.4 4.3 1.6 0 8.9 -8.4 -6.5 -4 7.5 -0.5 8.1 -3.7 -7.2 9.1 1.4 -6.4 3.1 -5 -1.6 2.8 -3.2 9.8 -5.3 3 -2.9 8 -0.5 -4.4 -9.7 7.6 6.5 4.9 2 -6.7 -5.1 0.9 -5.1 -1.6 2.2 7.6 3.1 0.3 -6.1 6 -5.3 0.5 4.8 7.8 5.5 -6.8 -4.2 7.6 8.2 -4.3 
-18.9795 0 -1.19708 7.1335 1.12543 -12.2843 0.388314 8.79319 0 0 -18.7918 0 -0.307981 0.985386 -0.815178 -1.51855 0 0 0 0 11.5785 0 2.4033 -3.30501 0 0 0 0 0 0 24.2497 0 
-4.2 -4.6 -6.3 5.3 -3.8 -6 -1.8 -7.3 8.9 5.4 -4 -6.2 -8.5 -3.8 -2.6 3.7 -6.2 5.8 9.3 -7 -3 -6 3.5 -8.2 7 -5.7 -9.7 -7.2 7.1 8.5 -1.4 -7.1 9.1 2.3 3.5 -4.7 1.6 -8.3 -6.8 0.5 7.1 -0.7 -0.4 8.6 0.7 2.2 -2.4 4.5 -2 -3.1 7.5 5 0.9 -3.7 2.1 -2.1 
21.292 0 -9.88352 -8.35243 -2.77052 5.70449 -3.72064 4.85534 0 0 20.6374 0 0.266205 -3.33613 6.653 3.54135 0 0 0 0 18.5648 0 0.106544 -4.82313 0 0 0 0 0 0 13.1402 0 
0.6 2.4 -4.1 -2.3 -3.9 4.5 -4.2 -9.5 -7.9 9.3 -9 3.7 6.2 -5.7 9.4 3.3 -1.2 -5.8 -2.8 9.5 6.5 4.8 4 -5.5 6.9 -3.2 4.8 -2.2 -1.7 -3.1 0.9 4.1 9.3 2 7 -9.4 -8.2 -7.2 -8.9 -6.1 -7.8 -7.8 2.8 8.4 -3.5 -2.6 -3 5.3 1.7 -0.6 0 -1.8 9.4 9.2 -2.1 6.3 
-21.526 0 -2.13555 5.23506 7.6001 1.47542 7.8491 6.61339 0 0 20.7315 0 -3.59856 -6.6745 -4.79992 -3.42553 0 0 0 0 -19.4379 0 -2.09652 -4.63107 0 0 0 0 0 0 -17.3971 0 
-8.8 -7.3 9.3 -0.5 -0.4 -4.6 -6.4 -5.9 7.4 -9.4 -5.2 9.2 8.7 -4.1 8.3 -9.1 -6.7 1.1 4.5 -5 8.6 6.7 5.5 -4.5 -3.9 -4.5 3.7 -4.5 -5.2 -8.4 7 -4 -5.6 6.3 5.6 -0.8 -8.3 4.4 3.4 4.4 0.3 8.2 3.6 -1 9.3 -2.8 -4.9 7.9 8.3 9.6 -7.1 2.1 1.6 3.7 7.6 2.9 
25.5898 0 -12.3201 7.00317 9.79607 0.387263 13.9962 1.35523 0 0 13.3252 0 3.00535 -1.65591 0.957119 4.94584 0 0 0 0 -20.5235 0 1.57912 5.2469 0 0 0 0 0 0 -16.5333 0 
9.2 -3.5 3.7 -6 -6.6 0.7 -4.7 -7 -7.7 6.1 2.2 9.2 0.5 -4.4 3.6 -9.2 9 -7.5 -5 3.6 -0.3 0.1 -3.3 -6.8 -5 -5.2 0.6 6.6 8.5 -6.6 -0.5 7.8 0 -6.8 7 3.4 -0.8 -7.7 6.4 1.5 8.4 -6.2 0.7 -5.8 -5.3 9.6 -9.8 8.9 -7.9 -4.7 -2.3 1.8 5.4 4.4 5 5.6 
-24.9483 0 -0.534304 7.34718 8.83866 -4.92938 13.342 4.91976 0 0 -16.4318 0 9.69648 8.73335 2.91677 2.2332 0 0 0 0 11.6429 0 3.76802 10.6415 0 0 0 0 0 0 14.7846 0 
9.3 -4.4 2.2 3 -0.9 7 -4 4.3 5.4 -6.9 -7.1 9.8 -9.4 4.5 1.3 4.3 8.3 7.3 8.5 -7 6.9 8.7 -8 9 9.2 -5.1 -4 4.7 9.4 -9 -4.5 3.9 -8.1 3 -3.1 -3.8 0 3 5.7 -9.4 1.3 8.6 -9.5 1.9 3.1 -3 -3.8 -3.4 -5.7 9.9 -0.3 -8.8 8.7 -3.1 5.4 7.9 
-26.3858 0 7.8728 -4.60778 -1.483 4.38721 7.65109 -7.17886 0 0 20.7812 0 2.77754 12.2916 -8.39337 7.7461 0 0 0 0 -19.5894 0 2.54307 -2.57219 0 0 0 0 0 0 14.8304 0 
1.8 -8.6 -2.2 -3.6 -7.5 -1.4 -9.7 9.6 -8.4 -7.5 -9 -3.2 0.7 6.7 -2.6 -8 0.5 -6.9 -0.9 -6.4 0.2 0.6 -4.6 -0.3 0.5 0.3 1 -5.6 7.2 -3.6 7.6 -5.7 -2.1 -9.4 0.7 -4.4 -0.8 -3.7 -9.6 0.8 -6 -8.6 2.8 4.7 3.3 5.5 1.9 -6.2 8.6 -9 -7.4 -6 -3.2 -2 3.8 7.4 
-24.6962 0 -5.75636 7.49226 4.01965 6.91201 -0.174926 -0.161969 0 0 15.3114 0 4.89712 0.964266 -1.63364 -5.67177 0 0 0 0 -12.2334 0 -3.53557 11.6279 0 0 0 0 0 0 -19.7473 0 
8.4 -10 7 0.8 -8.4 -0.2 0.3 -5.3 0.5 -8.9 0.3 4.9 -7.4 -4.1 -9 -3.4 -7.5 3.8 6.5 5.8 -0.7 -1.6 4.8 -6.8 -5.4 7.4 -7.6 1.5 -9.3 6.2 -5.9 4.3 1.4 6.3 -9.7 3.1 -3.8 0.7 7.8 1.9 -3 -6.6 -8 -0.4 -0.7 -7 1.4 -2.9 2.1 -2.1 -7.1 6.6 1.5 7.8 5 6.1 
-22.5313 0 -1.62396 -3.31006 -4.15688 1.8978 -5.26556 3.34423 0 0 21.398 0 3.39616 0.612743 -2.38253 -7.59087 0 0 0 0 19.1016 0 10.4037 2.06258 0 0 0 0 0 0 -12.8705 0 
0.4 7.5 -2.4 -3.7 -1.1 -3.1 -9.4 -9.6 -6.7 -9 -1.3 -5.3 1.7 -8.3 6.6 3.9 -4.9 3.8 -6.5 -0.3 6.9 0.1 6.8 -5.8 8 4.9 6 -0.5 -2.1 1.1 -9.2 8.4 -6.2 -6.3 9.9 2.7 0.6 5.8 -1.7 -0.9 6.8 7 -1 -6.3 8.8 -4.4 7.6 9.1 4.7 6.3 -1.2 -3.2 -3.6 -9.2 1 9.6 
-23.3219 0 2.19236 -1.51832 3.91564 3.17127 1.97711 -11.0266 0 0 16.6847 0 4.0978 7.93556 -12.5994 9.05156 0 0 0 0 -16.0961 0 -1.83628 -0.277169 0 0 0 0 0 0 18.4982 0 
5.8 -7.8 -5.7 8.9 3.3 -9.7 7.3 7.1 -6 2.5 -4.9 -0.1 -1.7 3.4 4.2 -9.7 0.5 -6.7 9.2 -5.5 -5.9 2 -6.4 8.8 -1.7 -2.3 -4.4 -0.1 -1.5 1.8 -5.3 9.5 4.1 -1 8.5 -2.6 -0.7 1 9.8 -1.4 -6.5 -9.9 8.5 1.8 3.5 2.7 2.1 9.2 1.2 1.3 8.9 5.4 -6.7 -7.4 4.2 -3.2 
-18.7417 0 2.2458 -7.15785 -1.30992 3.80863 10.6586 -1.85416 0 0 21.8305 0 -9.1311 -0.850059 0.975751 -4.09283 0 0 0 0 13.5679 0 3.05383 9.05181 0 0 0 0 0 0 21.0022 0 
0.3 9.9 1.9 4 1.7 6.6 -1.2 -9 -4.4 -2.7 -1.5 0.2 3.5 -6.5 8.8 7.1 8.8 2.5 -5.9 -2.5 -9.6 1.5 -3.2 1.7 8 -9.1 -2.9 6.6 -6.5 6.5 8.6 -1 6.4 0.6 -6.9 -6.6 -2.8 -2.9 -5.6 -1.9 4.4 -1.9 8.3 -6.9 -3.2 2.3 -9.8 -9.2 -10 9.6 -1.6 -9.6 -3.7 0.4 2.1 -5.7 
-24.7326 0 6.86746 -2.23551 4.8984 -2.90831 9.36821 -2.58202 0 0 19.1092 0 5.00748 -1.18308 -2.74203 -12.4736 0 0 0 0 16.3268 0 -8.51395 7.72766 0 0 0 0 0 0 -12.6959 0 
1.3 4.4 -9.1 0.1 1 9.6 9.1 -7.4 0.2 7.4 -8.8 2.6 -5.5 -9.1 -9.3 4.1 -5.8 4.2 7.3 -3.7 -8.3 2.7 -2.9 -8.3 2.3 5.5 -7.8 8.6 -4.1 -0.5 8.2 7.3 9.2 9.1 -2.6 0.2 3.9 -8.3 -2 9.3 9.2 -5.5 -2.8 8.9 -4.6 -6.9 3.1 -5.2 7.4 0.4 1.1 4.3 -6.9 8.3 6.1 0.7 
-22.3591 0 4.89196 -12.6414 3.10209 2.18658 -9.72713 -5.71132 0 0 17.2805 0 -2.66567 6.07788 -2.63211 -3.21844 0 0 0 0 22.5916 0 -5.67257 -7.50984 0 0 0 0 0 0 -19.2469 0 
3.8 3.5 -5.5 5 -7 -7.3 -2.5 7.4 7.1 0.1 -7.2 -3.8 1.8 0.9 -9.2 -3.8 0.6 -2 -4.8 6 1.1 8.3 -9.2 -6.3 -6.1 -2.8 8.1 -7.8 -4.5 4.2 2.9 4.5 -7.1 2.7 -5.3 -4.1 0.6 2.2 8.6 -7.1 -7.7 -8.6 -0.8 -0.6 2.3 -4.8 5.6 -7.1 3.2 -9.2 4.1 9.5 4.3 0.2 -6.7 8.2 
-20.3064 0 6.58659 -9.13653 0.11622 -2.54255 11.4092 -3.14778 0 0 18.2516 0 -2.99675 -0.0183609 3.06891 11.1992 0 0 0 0 15.8408 0 -6.54367 -0.175359 0 0 0 0 0 0 17.7082 0 
7.4 -8.6 -9.5 8.1 0.8 -1.4 -2.2 3.7 -8.7 2.6 4.8 2 -10 3.4 4.9 7.6 4.9 9.3 -3 -7.6 -5.5 -7.4 -9.4 2.9 -6.5 -0.1 2.5 7.8 -9.9 5.8 1.3 2.7 2.4 1.8 -4 8.4 -9.6 -0.9 -2.7 -8.2 6.9 7.3 -1 6.9 -4 9.1 4.5 -9.1 3.7 -8.5 8.5 8.2 9.4 9.1 1.2 8.1 
-23.6595 0 11.3354 -3.10362 -2.25703 -8.02301 9.29058 2.38721 0 0 21.2905 0 13.4296 14.8526 -1.24908 -1.76297 0 0 0 0 14.945 0 6.9248 -9.3427 0 0 0 0 0 0 14.7909 0 
-5.7 8.9 1.1 -5.6 -0.1 -7.6 2.4 7.5 4.2 8.4 5.9 4.7 -7.3 8.4 1.7 9.6 5.7 5.9 6.6 -8.3 5 -3.7 7.8 -1.3 -6.9 1.6 -7.8 -7.5 -4.1 -1.4 -9.4 0.2 -2.5 1.7 4.7 7.4 4.2 -7.7 4.9 -6.4 5.9 -4 3.5 8.7 -5.6 -4.8 8.3 5.3 6.3 0.1 7.1 -3.4 6.5 0.1 0.5 9.6 
20.4211 0 3.41265 -0.636597 0.444639 3.32059 12.3191 2.68008 0 0 -23.1023 0 -4.01935 -2.07966 -5.68276 0.54923 0 0 0 0 -19.5183 0 -3.02967 -4.02754 0 0 0 0 0 0 18.5852 0 
-8.3 2.7 7.3 -2.3 6.5 7.9 7.9 -6 -5.2 -2.2 6.6 4.2 0.1 -3.3 7.9 -3.9 2.7 1.4 -5.2 2.3 1.9 8.3 -7.1 -1.8 -1.5 -10 4.8 -5 -4.7 -4.6 9.8 -2.9 3.3 7.1 0 -0.1 5 -2.1 -0.9 5 5.8 -4.2 -0.7 -8.9 2.5 -2.8 -2.8 -9.5 8.6 -2.8 -2 0.5 -4.4 0.9 8.8 4.1 
20.3455 0 -3.16384 0.238873 1.54383 -6.82411 -0.0624216 9.3136 0 0 -16.5542 0 -3.91891 2.34391 -16.2851 1.52759 0 0 0 0 -15.0059 0 5.1791 2.8047 0 0 0 0 0 0 -12.7791 0 
-3.9 -1.2 4.3 -3.3 4.2 4.1 3.8 -7.2 1.2 -6.2 2.7 -8.6 -3.1 -8.2 6.4 7.9 -2.4 -4.3 9.1 5.4 -1.9 -8.5 1.1 -3.2 -1.2 4.3 2.5 -0.4 -9.5 -3.5 8.9 -8.2 5.4 3.2 -1.5 -5.2 -7.5 -7.7 -2.4 -1.1 -8.7 5.5 -4.5 -1.7 7.4 -8.1 -3.8 -9.8 -7.1 -4.7 0.8 1 -7.9 7.1 3 0.9 
17.848 0 -0.635927 2.98465 -4.93445 -3.25415 -8.13258 10.1631 0 0 -16.5459 0 -1.22414 4.74963 -1.12264 -0.76575 0 0 0 0 24.0706 0 -3.045 1.45631 0 0 0 0 0 0 -16.4968 0 
1.5 -4.4 5.7 -2.8 -2.7 4.6 -1 -7.3 -7 7.6 -7.2 -9.3 9.9 -4.4 -0.4 6.5 -8.8 5.1 -10 3.8 2.2 -3.8 -0.8 0.3 -3.2 -9.9 -8.6 -1.1 2.4 -0.4 5 9.1 0.4 -4.1 -3.7 7.8 5.7 5.4 5.7 8.7 -1.8 8.5 4.6 -6.7 9.4 9.4 9.8 -9.4 -0.3 9.8 -0.4 -8.1 -8.7 8.8 2.3 -6.7 
-22.9926 0 1.37305 -1.90931 1.63183 -0.398824 9.21948 4.17743 0 0 23.8556 0 -7.74586 6.00915 4.89601 -9.386 0 0 0 0 21.5311 0 1.26455 -3.20631 0 0 0 0 0 0 -17.9333 0 
4.1 -1.1 -2.6 -3.4 8.5 -7.6 -9.1 -1 -6.5 -2.7 -8 9.2 7.9 7.7 3.1 -3.9 1.5 -2.3 -0.6 0.9 -2.9 -5.5 -3.3 6.8 -5.7 6.3 3.9 -9.2 0.3 -8.6 -5.9 9.7 -4.5 1.5 -8.5 -5.9 -0.9 -7.6 -1.7 2.6 -5.1 -4.5 1.8 -7.2 -6.8 -5.1 -5.9 4.7 -2.2 -1.2 -9.2 0.1 3.3 -2.5 -7.9 2.8 
-14.9104 0 -0.658601 -0.167668 2.04555 -1.48219 -4.21384 4.77586 0 0 22.6784 0 5.99332 -3.87987 -4.94456 -5.75386 0 0 0 0 21.3313 0 -9.39705 -11.9877 0 0 0 0 0 0 -10.0662 0 
9 6.1 3.7 -5.4 2.7 7.8 -5.7 8.3 -5.4 -4.2 7.6 3.7 -6.6 -8.9 -3.6 -1.6 -3.4 3.4 -3.6 -0.2 8.4 -4.2 9.8 -8.6 4.6 -9.4 1.6 -6.9 -6.6 3.7 5.9 -7.6 -5 -0.4 -7.8 3 -7.3 -3.5 1.3 -2.7 -2.5 -1.1 -9 -3.8 0 -7.4 -0.2 6.6 6.1 6.2 -8.4 -0.3 7.2 -8.6 1.1 -3 
-20.1475 0 -1.93275 1.55255 -3.65108 2.44448 -1.8583 -4.54598 0 0 -20.1805 0 8.66686 -8.25826 5.81073 -1.65598 0 0 0 0 -20.4898 0 -3.11675 0.0729483 0 0 0 0 0 0 -19.2851 0 
-7.9 7.9 0.1 -4.5 -3.1 -3.9 -6.9 1.9 0.9 -4.6 -5.1 -1.2 -2.9 1.4 6.1 4.7 -9.7 2.4 -9.1 -4.5 5 0.7 7.3 -3.7 -7.9 9 1.2 4.6 -9.6 7.6 -8.4 7.7 5.5 1.8 -6.8 -7.6 3.1 -8.4 -0.4 9.2 -3 -0.3 -1.9 4.1 -8.8 9.4 -6 6.7 1.8 -9.9 7.5 -7.9 -4 4.8 -6.4 -1.8 
23.1058 0 5.15367 1.9982 2.28687 -2.71749 6.31918 2.93216 0 0 19.6443 0 1.47037 8.46684 -8.7031 -2.71756 0 0 0 0 -20.2274 0 -12.8283 6.01708 0 0 0 0 0 0 13.5945 0 
3.8 4.9 8 4.3 2.5 9.6 2 -6.8 -3.4 0.5 -9.1 4.9 2.1 -4.3 4.2 4.3 5.4 7.5 -6.4 1.8 6.9 -7.1 -6.2 -6 -7 -8.7 -8.7 -0.9 6.1 -5.1 2.5 0 5 0.5 9.5 -7.3 -4.7 -3.3 -8.8 2 2.4 -7.9 -3.1 9.7 -2.2 6.3 4 8.4 3.8 2.9 -4.5 -4 5.8 -0.7 0 4 
-19.407 0 -3.27769 4.70192 1.40465 -0.0304015 11.4387 -3.34159 0 0 23.678 0 -2.34407 6.19878 -0.640918 -6.59468 0 0 0 0 -18.6627 0 -2.37949 8.34742 0 0 0 0 0 0 9.47674 0 
-4.2 -3.5 -6.9 -8.1 -3.4 0.8 -2.9 6.9 6.5 -8.2 9.6 -8.1 -6.2 6 3.9 6.2 3.3 6 6 -8.9 2.4 -4.8 4.8 -3.8 8.1 -9.7 -2.6 3.9 -5.2 2.6 -2 0.6 9.1 -3.7 -2.3 -4.2 2.4 0.1 7.9 -1.1 -2.9 2.7 0.8 0.9 -1.2 -5.3 -2.8 -7.9 -9.2 -6.8 8.5 -1.6 -1.6 3.3 4.6 -8.2 
24.2704 0 0.867725 -0.0840532 -6.7292 -4.10212 0.401725 5.50795 0 0 -22.5078 0 1.57349 -0.742194 -2.26297 -0.48547 0 0 0 0 -11.5262 0 -11.1292 3.46778 0 0 0 0 0 0 -14.214 0 
-1.2 7.3 0.9 -1.2 -0.1 4.1 4.6 -0.9 -9.5 7.5 0.1 -1.9 -7.2 -2 7 0 -9.3 -2.1 6.1 -5.3 -2.2 -6.7 -3.1 -6.2 -8.3 -4.6 2.2 -4.6 3.9 -7.9 -7.6 7.9 9.4 3.3 -8.1 -5.5 -2.5 6.5 3.6 -6.8 -0.8 8.9 1.3 2.1 -7.9 -1.7 7.3 8.1 1.4 3.4 -7.2 4.5 6.8 -0.3 3.5 3.7 
23.975 0 -5.80438 4.80209 4.98812 13.6597 3.55078 -12.0271 0 0 14.6448 0 -3.49694 -2.69726 4.8731 -5.38683 0 0 0 0 11.3652 0 -4.49653 0.317957 0 0 0 0 0 0 14.5906 0 
0.3 -4.2 4.3 9.4 -6.9 6.7 2.5 7.7 0.1 4.4 -7.8 7.6 -3.9 1.1 6 0.6 -4.8 -2.7 -7.3 -2.6 0.8 -10 -4.5 7.5 3.4 -1.7 2 -4.6 3.3 -4.5 4.4 8.8 -3.5 -1.3 3.5 -5.2 -9.3 -4 7.7 0.8 5.7 5.2 -6.4 7 -3.7 9.6 -2.4 1.5 -7.9 -4.5 4.1 -1.9 -4.5 9.6 -4.4 4.2 
-15.4276 0 -1.40917 -10.7522 -4.87439 -0.683841 2.9175 3.17743 0 0 18.5131 0 7.98183 9.74157 4.50846 -2.01328 0 0 0 0 -19.458 0 4.28971 -3.53026 0 0 0 0 0 0 -17.5011 0 
-6.8 7.6 4.8 1.7 8.4 -0.8 -4.3 -9.9 8 9.2 -5 3.9 -9.5 7.9 -5.3 1.4 3.1 -6.5 -6.4 4.6 8.3 1.3 -3.8 -9.6 2 5.5 -6.3 2.8 5.2 -0.6 -3 3.6 -7.8 -8.2 -9.5 5.8 1.1 -3.8 6 -5.7 -4.5 6.2 8.2 -8.8 4.1 8.1 2.6 -2.7 -8.4 1.4 -8.1 9.9 7.9 -6.7 5.5 0 
24.4549 0 -2.19997 -6.71155 -2.59785 5.82257 -3.50851 8.63591 0 0 23.624 0 -5.56284 2.56836 -1.50941 1.95929 0 0 0 0 -21.19 0 1.92999 4.03828 0 0 0 0 0 0 -16.579 0 
8.9 9.2 -7.2 -0.7 -6.2 -0.2 8.1 -3.9 -3.2 8.6 -8.1 3.1 -5.2 7.9 2.6 -4.5 -0.7 0.8 -8.1 -6.5 -5.9 -0.3 -4 -9.1 -8.8 -6.9 6 9.1 -8.3 1.5 -5.7 -9.4 -4 -2.9 -4.9 -0.2 2.1 8.4 1.1 9 7 3.1 -2.7 7 -3.8 -10 7.8 0.8 -4 9.7 4.3 0.2 -0.5 5.5 1.1 0.7 
-23.8189 0 5.26221 -3.92755 -2.48248 3.93469 -5.40327 5.41965 0 0 20.2478 0 3.98745 1.16037 -4.2894 0.00851144 0 0 0 0 20.3713 0 -0.640327 11.4437 0 0 0 0 0 0 -16.2648 0 
8.6 -2.8 -5 -9.7 3.9 -0.6 6.1 5.1 6.5 6.4 -9.8 -6.1 4.8 1.3 8.1 -3 9.6 -4.6 9.3 -8.9 -4.6 7.1 1.9 1.5 2 -8.6 6.9 -8.5 2.1 -6.8 -2.6 -4.1 -4.4 2.5 -3.7 4.8 7.1 7.6 -0.1 3.6 -0.7 -4.7 2.7 9.3 1.9 0.8 -8.4 -3.3 1.5 -9.1 -2.2 6.9 3.2 4.9 -6.4 -4.8 
-22.1256 0 -0.683825 4.06905 -0.157284 -1.29262 -8.04229 6.14764 0 0 26.5299 0 -1.79525 -2.21275 -7.7307 6.61591 0 0 0 0 17.3025 0 2.97833 2.02606 0 0 0 0 0 0 10.3295 0 
1.5 5.7 -3.2 8.8 9 -0.6 -5.2 -5.4 -8.1 -3.7 9.4 9 9.1 -5.4 -2.1 -1.6 -4.9 5.8 -7 7 -3.3 -5.4 -6.2 8.2 -9.3 -3.2 0.3 3.9 7 4 4.3 -6.3 -5.1 -8.9 -7.4 -6.1 -4.2 -2.6 -6.2 -2.3 3.7 -6.8 -8 2.8 -7 -4.9 6.5 -1.8 -9.1 9.5 -4.8 -7.2 9.3 -5.8 6.2 -10 
-24.6299 0 -0.577348 0.13642 9.11292 2.81812 0.835571 -4.91477 0 0 -24.6714 0 -3.93479 1.01534 -2.38182 -4.0353 0 0 0 0 20.2094 0 1.93035 -9.38494 0 0 0 0 0 0 -17.7786 0 
1.1 -3.4 -0.9 -6.7 5.8 -6.6 -3 -9.3 9.8 -0.4 -5.3 -4.4 7 -1.5 -1.5 -4.1 -3.1 0.5 4 -4.8 0.8 -4.3 3.4 1.8 -4.8 3.8 -0.2 -5.5 3.3 -3.9 9.7 -5.6 2.7 -1.2 -2.3 -6.3 2.2 4.7 -5.6 2 9.6 -5.7 7.6 1.8 -2 -3.8 3 0.2 1.9 -3 5.4 -7.2 2.7 -6 -0.2 3.1 
-17.3868 0 -1.88534 -1.59432 -5.09698 0.930592 3.55212 3.19093 0 0 18.5301 0 2.48645 3.44363 7.37419 2.87548 0 0 0 0 -14.7463 0 -3.15591 -1.18158 0 0 0 0 0 0 -14.5618 0 
3 4.8 2.8 -3.7 -9.1 -2.3 -4.1 -1.2 6.5 -1.2 2.5 -6.1 8.8 2.2 1.2 8.4 1.7 -1.2 0.2 5 0.2 -6.8 -4.8 7.4 -4.6 5.8 5.4 3.3 5 -9.6 -8.4 -6.8 5.2 4.4 -0.4 6.2 -7.9 5.5 -5 3.8 9.6 2.8 7.8 8.4 -5 -5.8 6.8 1.9 -1.8 -7.8 -3.1 8.5 -9.3 -2.7 1.1 -8.7 
-18.5833 0 -3.53704 2.45543 5.2348 -1.04825 -4.79032 -12.0614 0 0 -19.0631 0 3.69932 -4.64123 2.99888 1.22508 0 0 0 0 -22.6974 0 -3.38255 -3.8762 0 0 0 0 0 0 15.6734 0 
8.3 -3.5 4.7 3.3 -7.9 6.3 6.6 7.3 -4 -8.6 3.5 -6.7 2.1 3.8 2.4 1.7 -3.4 -4.6 0.1 -3.2 -0.4 -7.9 3.9 7.8 9.6 -9.1 1.5 -9.7 -6.6 -7.4 -8.4 -8.2 -5.7 1.5 0.3 -3.6 -6.9 -7.9 -6.2 -0.9 -6.5 2.5 -2.4 0.9 -8.5 -10 -7.4 -1.9 -4.6 -2 0.1 0.2 -4.7 9.3 -1.9 -5.1 
-22.0724 0 -8.97094 -2.36087 1.19018 -0.492471 -2.08994 0.057538 0 0 -11.4162 0 -8.87728 -0.432915 -8.06726 4.5558 0 0 0 0 24.3318 0 3.47087 -4.07835 0 0 0 0 0 0 18.1026 0 
-9.8 9.6 -9.6 8.8 7.5 7.3 -9.4 7 -1.2 -3.8 -6.5 1.9 -1.7 -7.5 6.2 -2.9 5 -6.1 8 1.8 9.1 5.8 9.9 9.8 9 -4.7 0 -5.6 -5.4 8.1 -5.5 -10 3 -5 4 0.5 -7.7 -0.1 -2.5 1.1 6.1 -3.8 8.3 9.6 -1.3 -0.3 -3.3 9 -1.2 9.9 0.8 -2 1 -4.1 -2.2 0 
23.5474 0 10.0805 3.92485 -5.12201 -2.52767 3.628 4.12615 0 0 19.4674 0 2.7201 -3.4305 13.0425 6.81374 0 0 0 0 -20.1742 0 -6.09094 -10.9604 0 0 0 0 0 0 14.4481 0 
-3.6 3 -0.4 -3.8 1.2 4.2 -8.6 9.4 9.2 5.5 -0.1 6.7 -4.6 2.6 -2.2 -8.5 8.9 -8.7 6.3 -7.2 1.1 -6.9 7 9.9 8.2 -7 -6.9 -0.8 -5.8 0.9 4.5 0.6 9.2 -5.9 2.1 -4.4 3.5 3.5 -5 2.7 -5.8 0.1 -0.6 -0.4 -7.3 2.5 -3.7 6.8 -1 -7.3 4.9 -9.9 -9 -2.9 -9.9 4.4 
24.8069 0 8.45694 1.32625 3.24628 -3.15558 -2.45779 -0.367237 0 0 16.5019 0 3.27366 -4.057 -14.6285 -0.431099 0 0 0 0 -16.0015 0 -6.01629 -8.23905 0 0 0 0 0 0 17.0935 0 
0.2 -6.8 -6.3 4.4 -0.6 3.4 -9.8 -6.2 2.7 2.3 -0.6 -3.7 -8.9 4.4 9 -4.7 -5.5 -6.3 0.2 -7.6 1.4 6.5 9.3 -9.6 9.2 -0.6 -9.4 5.4 6.5 5.9 -0.1 -3.3 4.3 -1.2 6.3 8.9 -7.8 6.6 -7.3 4.9 -5.9 2.1 -8.8 -9.6 -3.5 5.5 -4.2 -3.8 4.4 6 -1.3 -4.2 -2.3 -2 -3.8 -7.8 
-18.1193 0 3.69771 -8.10185 3.36216 -3.26281 1.09883 -0.647375 0 0 -21.8389 0 5.0569 5.7789 -9.3339 -13.5195 0 0 0 0 17.5223 0 2.36623 0.812594 0 0 0 0 0 0 -18.2755 0 
2.6 -8 7.6 -0.9 3.1 -2.5 1.1 -2.5 1.5 -2.6 -8.4 3.7 9.2 -5.6 -6.1 8.6 1.7 -9.7 9 3.5 5.8 -10 9.7 -4.6 1.2 -1.6 1.2 9 1.6 2.7 -8.8 -5.8 4.7 4 -1.4 -2.1 6.8 9.7 0.6 -1.7 -7.7 2.2 7.3 6.8 1.8 -8.8 5.4 -6.4 6.7 -0.4 2.3 -2.2 -0.3 2 3.2 6.1 
-18.1113 0 3.68885 -3.40284 -10.8004 -9.62657 -0.581956 -7.38378 0 0 20.2325 0 -5.10894 -6.14096 3.54385 -4.95748 0 0 0 0 -15.077 0 3.11296 -0.922871 0 0 0 0 0 0 19.0589 0 
-9.5 -5.5 5.1 -2.7 2.4 1.5 1.6 -2.9 -4.4 5.4 0.2 7.6 5.1 6 -4.1 2.6 -1.7 8.4 -0.6 5.3 4.8 -10 4.1 1.6 -0.3 -3.6 9.4 4.6 8.5 2.6 0.7 4.2 2.3 -8.9 -8.5 -5.3 2.6 -1.7 -2.9 3.4 -6.3 2.5 1 4 -1.4 2.2 -3.3 2.1 0.6 6.1 -2.6 -4.5 6.2 6.8 7.1 -8.9 
20.5798 0 1.70215 -2.65843 -2.16377 -3.56465 -1.79545 -2.93831 0 0 19.0645 0 1.70929 0.028314 5.00484 3.70712 0 0 0 0 -18.7853 0 1.53677 -0.515162 0 0 0 0 0 0 13.5519 0 
-6.8 6.5 5.7 6.9 -5.7 -3.6 1.1 6.7 -7.3 -2.1 6.6 5.4 6.2 8.9 -6 -10 1.5 5.1 -0.8 -9.9 -2.7 5.9 2.2 3.1 2.1 4.8 8.6 -6.5 -3.2 5.7 -5.4 -4.7 -2.6 5.5 -7.8 1.8 7.1 -1.4 -6.3 9.9 1.7 5.5 0.5 -2.1 4.5 4.5 -6.9 -4 -5.2 2.4 -8.7 2.1 -6.5 -1.3 -4.7 0.8 
17.46 0 -2.77779 -7.63862 2.00516 1.68271 8.56474 3.68558 0 0 -21.2239 0 3.86481 -3.06246 -3.62721 9.13427 0 0 0 0 18.8035 0 -11.3417 1.47195 0 0 0 0 0 0 12.5503 0 
8.7 9.1 4.3 -4.4 4.9 4.1 0.9 7.5 -5.2 -1.7 -5.5 -8 6.9 -6.6 -8.1 -6.2 9 2.4 1.8 -1.3 -7.9 0.1 -0.1 -3 7.7 1.2 4.3 -8.7 9.9 9.6 2.1 3.8 4 -8.3 9.4 -5.9 1 -4.5 -8.4 5.9 3.9 -3.8 7.9 -4 -5.2 5 -0.1 9 -7.4 6.9 -2.3 -5.3 -7.8 7.6 1.7 5.2 
-23.5123 0 -8.01069 0.39979 -7.84269 -4.53592 -2.02064 -0.591179 0 0 20.0459 0 -7.27838 6.58582 -7.64596 5.12306 0 0 0 0 19.9509 0 0.343915 -8.13136 0 0 0 0 0 0 15.8083 0 
-6 -3.9 6.5 9.1 -9.1 -6.2 3 4.9 -9.3 -2.4 9 -3 3.2 5.9 -7.1 -2.9 7.3 6 -1.7 -7.9 -3.8 8.2 -8.8 -1.2 0.3 -1.1 -1.3 2.6 -8.2 -9.5 -7 -4.2 -8.2 9.5 -9.8 -7.3 8.5 3.2 2.9 4.5 -9.2 -2.9 -8.5 4 -7 9.6 6.3 -9.7 0.8 -5.3 7.7 7 8.1 8.9 -9 -6.3 
22.6566 0 -7.3877 4.85731 0.921587 -6.19026 -0.781672 0.778141 0 0 -23.5904 0 1.01921 -1.80517 10.3883 1.52215 0 0 0 0 27.0273 0 -7.62388 3.7206 0 0 0 0 0 0 18.3593 0 
-7 -0.3 1.5 -10 -4.6 4.5 -8.9 -2.8 -0.8 -8.7 0 -7.1 4.5 8.1 7.4 0.5 -4.8 4.1 9.8 -1.7 3.7 6.1 -6.2 -5.5 6 -8.5 6.7 -0.6 5.6 7.7 3.1 3.9 -7.3 -5.4 3.9 -1.9 4.3 5 0.6 -6.5 6.3 -9.4 -3.6 -4 3.9 9.1 6.6 9.1 3.2 6.4 -7.4 -7.8 -2.3 -8.3 -8.1 9 
23.1348 0 -1.35424 4.13878 -10.7051 5.10097 2.7651 18.7242 0 0 21.0061 0 -2.26786 6.20353 -7.20555 -9.55241 0 0 0 0 -17.3281 0 -3.24078 -0.889578 0 0 0 0 0 0 6.20143 0 
-6.8 3.9 -1.6 4.1 -3.2 6.7 -2 -0.5 6.5 -8.1 2.9 0.8 2.2 -6.5 4.3 -6.3 9.3 5.9 -0.2 3.2 0.2 -8.4 -2.5 -6.5 3.2 0.2 -9.1 -9.1 1.9 -7.2 5.1 0.3 6.7 -6.5 -5.6 -6.4 -9.8 -2.4 -1.7 1.9 -5.2 -8.8 -7.3 7 -5.3 2.2 -9.3 -6 -6.6 -4.3 2.4 3.6 -2.7 -10 2.3 5.7 
23.5491 0 -1.08539 -7.75699 3.85323 -10.3486 3.5305 -4.98406 0 0 -18.3385 0 -3.31752 0.981633 2.53015 -5.46687 0 0 0 0 18.3407 0 2.6525 2.63165 0 0 0 0 0 0 -14.7053 0 
-4.6 3.2 1.9 7.3 1.3 -3 -7.2 -6.8 -4.2 -7.5 -3.2 -8.8 0.1 0.4 3.2 4.9 1.6 5.9 -2.9 1.6 -1.8 -2.1 0.8 -3.2 -1.2 -6.7 -9.6 1.4 8.5 2.8 -2.9 -6.1 -8.8 9 6.4 2.5 -3.9 9.2 1 -2.9 -8.3 3 -1.7 -2.9 -6.6 -8.5 7.2 0.3 7.5 -5.6 -8.1 -9.1 -2.5 -2.1 -2.3 6.3 
22.648 0 2.77288 -10.4676 3.36366 3.72219 -6.99268 2.7636 0 0 -18.4212 0 -0.207121 1.77679 5.92588 -6.27666 0 0 0 0 17.2207 0 -4.97344 -3.06985 0 0 0 0 0 0 11.3993 0 
1.2 -6.7 -2.3 -5.1 1.3 4.9 -1.2 2.6 -0.9 -4.8 -9.7 0.4 9.7 1.3 7.5 6.6 -5.6 -4.1 8.9 -2.2 -2.6 6.2 8.1 -9.9 -9.4 5.2 6.2 -1.9 -6.8 9.1 -5.6 -0.4 -7.5 2.2 -0.2 3.8 -7.7 8.6 -8.4 1.4 9.1 -8 -8.1 4 -1.5 4.6 0.6 2.9 -9.5 -0.4 6 -6.8 -9 -0.7 8.5 -8.4 
-23.0664 0 9.57626 1.01793 -7.20268 2.17762 1.75797 -11.6637 0 0 18.3641 0 -7.3781 -1.38724 5.23839 -1.95468 0 0 0 0 -20.5158 0 -6.68016 -6.17863 0 0 0 0 0 0 16.5546 0 
9.8 4.8 -5.1 8.2 -0.9 -0.7 -7 1.6 6.7 2.8 -9.3 4.2 1.5 7.5 -9.1 -4.2 4.7 -7.2 9.8 -6.7 2.6 -4.4 1.4 3.2 0.4 -7.4 1.6 1.4 -2.8 0.1 -1.8 -3 -5.1 3.1 -4.8 4.1 7.7 -1.8 -9.1 -0.4 -8.9 6.8 -6.1 -2.2 4.4 -5.2 -1.2 -5.7 -7.2 -1.4 -7.2 5.4 -0.6 4.3 -6.2 9.9 
-22.7053 0 -6.35138 -9.53787 2.6496 0.407835 3.55688 -2.92443 0 0 19.3499 0 2.87022 -6.13188 13.215 7.54736 0 0 0 0 -12.9817 0 3.40879 3.45762 0 0 0 0 0 0 12.3864 0 
2.1 5.4 -3.5 9.3 -4.4 4.8 -3.7 0.5 -6.9 1.5 9.8 -9.2 5 6 0.5 1.3 -2 -0.4 4.3 7.6 4.4 -6.9 -8 2.4 -3.1 -5.2 -2.2 6.3 4.3 1.7 1.4 -3.5 -2.9 3.2 -4.2 2.7 -6.8 2.2 8.5 -8.5 8.9 3.5 -7.6 -0.9 -5.3 -1.9 -9.6 2.8 2.9 -0.1 0.4 -7.5 3 -2.4 4.9 5.1 
-15.5811 0 7.97057 -2.90416 3.53955 -1.79384 5.86994 -5.94888 0 0 -21.6367 0 -3.87482 -3.66639 5.5144 -7.94894 0 0 0 0 -15.6553 0 5.77537 3.22077 0 0 0 0 0 0 -13.6822 0 
2.5 7.9 -3.3 -8 -0.4 3.3 -1.5 2 -3.5 4.4 9.9 -5.1 -8.2 3.6 -3.5 5.9 -7.6 -5.9 -4.9 -2.9 -2.6 -9.3 9.9 -9.7 0.7 -4.4 -7.2 -6.3 3.2 7.7 8.9 -9.1 0.8 -4.4 -7 -9.5 8.9 -3.3 -2.3 -9.3 6.3 -7.2 -4.4 8.1 6.5 -2.7 4.1 8.9 1.4 9.2 -4 8.8 9.9 -8.8 9.1 -4.2 
-20.2687 0 1.28227 1.60494 -6.29197 -3.58237 -2.63707 -7.64479 0 0 -25.225 0 13.5224 0.319708 0.0844057 -5.27098 0 0 0 0 18.2686 0 9.66004 2.06472 0 0 0 0 0 0 -22.4703 0 
-8 7.1 -0.4 0.4 0 -6.3 1.4 -9.1 -5.5 -0.4 6.6 8.6 1.5 -5.7 4.5 -2.1 -2.9 -9.8 -8.8 8.8 -7.3 5.3 7.7 4.2 -0.3 9 -1.8 -5.1 -9.8 -7.4 0.7 7.4 9.7 5.5 -2.2 -0.2 4.4 4.4 -4.1 8.9 -6 -7.5 2.8 0.8 -8 -2.7 8.7 -0.9 -7.3 9.9 -6.8 -4.5 0.5 -9.1 4.9 -9.8 
26.4244 0 -6.80923 -0.473804 -3.92591 4.6177 -10.0619 12.622 0 0 -18.3093 0 -5.59855 -1.1149 4.54597 0.78792 0 0 0 0 20.7451 0 -2.18836 1.08571 0 0 0 0 0 0 -15.6961 0 
5.1 -6.9 -9.7 0.5 -4.3 -3.7 -2.1 -9.3 -8.2 5.8 -4.3 1.5 0.2 1.6 0.4 -0.5 4.1 8.4 -9.7 6.1 -4.2 4.2 -9.6 -1.5 -0.7 -6.4 -0.8 9.8 9.8 -5.9 5.3 4.9 -2.7 5.6 -4.5 -1.8 -8.1 -1.4 -1.1 9 -5.6 4.6 0.5 -0.1 -3.8 6.1 9.4 5.5 4.6 4.9 1.6 5.6 -0.9 -2.7 -5.9 8.4 
-20.9681 0 1.24189 -4.24503 -5.06484 -3.86206 -0.0143075 -0.963846 0 0 19.5235 0 2.6581 -2.77478 8.57562 6.09561 0 0 0 0 16.5196 0 4.04757 -3.85025 0 0 0 0 0 0 -20.0294 0 
-3.9 -1.4 3.5 -4.1 2.7 -1.2 6.1 -10 9.6 6.8 -1.7 6.8 -4.6 2.4 1 -4.9 -2.9 -8.5 5 3.3 2.8 4.4 -5.9 -7.4 -5.5 0.9 8.2 3.6 8.2 7.6 -2.8 9.6 -3.8 -9.3 -9.3 8.9 -5.3 6.8 4.2 -5.6 -1.2 -7.5 -8.8 4.3 4.9 2.2 9.4 7.2 -1.1 4.4 -4.2 6.9 -6 -0.1 9.6 -1.5 
21.1301 0 -4.56884 -3.64883 -8.50873 0.479411 1.14623 -0.173213 0 0 -22.0674 0 -10.2035 -4.44942 9.14085 4.13205 0 0 0 0 11.4238 0 6.88294 11.55 0 0 0 0 0 0 18.779 0 
-9.2 7.8 7.3 4.3 5.4 9.7 3.9 -8.4 -9.5 4.6 -9.4 -4.8 -3.3 4.8 -5.2 5.5 2.5 -8.8 -0.2 -7.4 -1.4 -5.6 9.9 7.5 4 -9.1 4.5 8 0.8 -0.7 -8.3 1.6 -2.9 4.2 -8.9 -7.4 4 5 9.4 -0.3 -5.1 5.2 4.9 1.6 -4.8 5 -2.9 2.9 6.2 2.2 5.6 -5.1 6.6 0.7 7.6 0.7 
23.7017 0 1.89776 1.1092 10.0035 -9.52 -2.77195 0.192813 0 0 23.1367 0 2.83858 2.24157 -4.93472 5.22673 0 0 0 0 -10.9972 0 -6.05124 7.79546 0 0 0 0 0 0 19.3781 0 
1.6 -2.7 -6.1 -7.6 6.6 -9.1 -0.8 -6.2 5.1 -4.4 -8.4 -0.9 -9.4 6.2 8.8 -9.3 1.5 -1 2.3 6.7 9.2 9.5 -5.1 5.4 -3.1 -9.5 5.5 -6.5 -3.6 3.2 -0.6 8 5.7 3.4 5.6 2.4 -0.5 -10 1.4 -5.4 -9.2 3 -1 6.7 -0.8 -2.2 7.4 5.9 2 -0.2 -2.1 1.2 -5.5 2.8 -8.1 1.4 
-17.3222 0 -4.51847 2.73925 5.92764 3.19301 3.64676 9.18646 0 0 18.7072 0 7.41411 -0.872134 -0.394835 9.28348 0 0 0 0 -22.2265 0 0.636864 0.546389 0 0 0 0 0 0 -18.0573 0 
-1.5 7.4 0.1 4.9 -4.2 9.6 -1.9 -8.4 -1.8 -6.3 4 7.7 8.9 -4.6 7.5 9.8 3.6 -3.5 6.5 -7.2 -0.4 3.9 4 -8.4 8.9 -8.1 -1.9 8.6 4.7 0 0 -6.8 -7.4 5.4 8.1 -1.5 5 -8.6 0.1 8.4 -9.7 9.3 1.3 9.2 -5.3 -1.2 4.2 3.5 5.4 -4.1 6.3 -9.8 5.1 -4.5 -8.2 4 
24.0923 0 0.894061 -4.14364 4.9742 9.37726 -2.4871 -6.98231 0 0 -23.3007 0 -6.57916 4.53486 -0.0176572 1.17901 0 0 0 0 15.6797 0 -10.9049 10.3941 0 0 0 0 0 0 16.1145 0 
-2.6 -4.9 -2.1 7.3 5.1 7.9 -9.5 7.8 -1.5 3.8 -8.5 8.7 0.4 1.6 7.1 0.7 0.9 -6.4 0 0.8 2.5 9.4 -5.7 -6.9 -4.6 5.8 -6.7 -9.5 -8.6 -9.7 -0.3 -6 -4.5 7.6 -8.6 5.8 0.8 7.1 -1.2 9.3 -3.8 0.3 3.3 6.6 7.1 -4.4 -2.6 -2 -0.7 2.6 4 7 2 8.3 -9.9 2.6 
15.6147 0 4.72118 4.55659 -5.05036 5.44614 5.3251 -6.95753 0 0 22.922 0 13.4625 -10.7414 4.52674 4.42859 0 0 0 0 -13.9902 0 -7.67703 -10.8704 0 0 0 0 0 0 15.0887 0 
-0.6 8.6 3.1 0.8 4.1 8.1 0 4.8 0.9 1.4 0.7 -8.3 -6.2 9.5 6.3 -4.8 -4.9 -0.4 -8.2 -7.8 5.2 -5.6 -4.5 9.7 7 9.5 6.7 -5.7 3.1 2 6.9 -7.5 0.6 -4.7 -1.5 -10 -6.6 8.5 4.8 4.3 -4.8 -4.5 1.3 -5.8 -9.7 -2.4 -0.6 -9.4 2.4 -3.6 -7.2 -7.2 0.9 -1.7 -7.4 -6.9 
18.0269 0 5.80687 -7.0317 6.32998 -3.75605 3.90416 -8.82236 0 0 -21.052 0 8.77774 2.2582 -5.70506 0.746847 0 0 0 0 -19.1352 0 4.61189 -0.067534 0 0 0 0 0 0 19.7265 0 
-6.9 4.5 -2.6 6.2 -3.4 9.6 3.9 2.4 -5.1 -7.6 2.4 -6.5 6.1 -2.7 7.8 -8.7 -2 -5.7 -9.3 -6.5 -2.9 0.1 -5.9 9.5 1.8 -3 7.6 -7.3 0.5 5.4 -9 3.6 -0.1 -6.3 -5 6.5 -6.7 8.9 -5.8 -6.6 6.5 6.6 -3.1 2.7 9.1 9.9 -0.8 -2.8 9.5 0 -4.1 -3.4 5.3 0.1 -3.8 -2.9 
20.399 0 4.53453 -1.78832 8.11019 -1.67557 -3.76195 -3.9198 0 0 -20.5368 0 -5.808 -0.423352 0.245471 2.95216 0 0 0 0 -20.4102 0 -3.19241 -3.14823 0 0 0 0 0 0 20.6556 0 
2.3 9 -5 8 4.4 -3.9 -3.1 -5.7 -0.2 1.9 6.1 -1.7 -3.9 -9.7 -3.1 -7.4 6.9 -1 5.3 1.3 -5.9 -5.4 8.5 -6.4 -0.2 9.6 0.3 -4.9 -0.3 1.7 2.3 -8 0.7 7.3 5.3 -4.9 8.6 -7.8 -5.4 -6.4 4.1 -9.3 1.9 -9.8 -9 4 8.1 3.2 -7 3.4 -5.5 -2.8 3.2 8.2 0.8 -7 
-21.1752 0 -6.61481 -1.80352 8.55245 13.3958 7.58103 -6.40796 0 0 -18.0503 0 2.19041 8.09759 -4.47363 1.29915 0 0 0 0 14.0406 0 -2.03675 -1.87052 0 0 0 0 0 0 -18.8864 0 
7.8 -8.9 -1.8 -2.4 2.8 5.7 -5.2 -6.5 -1.8 -9.9 -6.2 -3.1 -7.7 -1.5 0.5 1.7 -0.8 7.7 -2.9 -4.5 1.7 -4.8 8.7 4.8 3.9 -6.8 -8 -2.9 6.6 2.8 -4.6 4.4 -0.8 3.6 7.2 -8 -5.5 7.3 -9.2 2.7 2.6 9.8 9.6 0.2 -1.7 0.2 -8.1 2.8 -2.1 -5.8 8.3 4.8 -5.3 2.2 -0.4 8.6 
-22.7405 0 2.09098 9.02971 0.229107 -1.67894 1.9296 3.64108 0 0 19.292 0 -7.44394 3.12561 -8.82192 1.26323 0 0 0 0 -15.1838 0 2.80346 -4.81867 0 0 0 0 0 0 17.9916 0 
0.6 1.6 -9.1 -2.8 9.7 -3.7 6.8 -1.1 5.1 -0.7 -3.9 9.6 -3.4 -7.9 2.4 9.2 -8 -2.8 -0.6 -4.5 2.6 -3.5 3.5 5.7 0.8 1.8 0.6 5.5 9.2 -9.8 -0.7 -0.2 -2.9 0.2 2.2 -8 1.8 -0.9 -3.9 -3.1 8.4 2.2 -3.4 -9.8 -0.4 4.2 9.4 -3.2 6.6 -5.9 2.3 -0.7 0.6 -4.1 -9.8 6.6 
-16.3511 0 2.90866 -3.27928 0.27888 2.11851 3.53309 3.03893 0 0 20.3038 0 -9.50234 2.94198 -1.03237 1.92401 0 0 0 0 -17.8029 0 5.80823 2.30789 0 0 0 0 0 0 19.5088 0 
2.9 0.8 -2.7 2.2 -3.7 6.6 7.2 -1.4 -7.9 -0.5 0.6 3.9 3.8 6.7 -9.2 2.2 -5.9 -7.4 -2.4 3.7 2 -3 -9.5 -1.3 -3.7 -1.9 3.2 7 -0.8 3.4 -1.2 -7.9 -5.7 6.2 -0.5 -4.2 -2 -8 4.4 0.1 -3.3 -5 9.2 -9.5 6.9 5.3 -2.1 -9 7.9 5.5 4.8 -4.8 -7.5 5.3 3.9 -5.9 
-19.4438 0 2.3478 2.12459 7.68833 -7.59112 -10.4038 7.41574 0 0 18.3091 0 2.3282 7.06243 3.20391 -4.74652 0 0 0 0 14.0636 0 -4.76871 4.99234 0 0 0 0 0 0 -14.4975 0 
-6.6 -2.9 6.3 -2.2 -9.5 -4.9 0 -10 6.5 4.7 -9 -5.4 1.9 5.4 -0.1 8.6 5.6 -5.6 9.1 2.5 9.7 -3 3.6 2.8 -7.5 -6.4 8 -9.7 8.9 1.9 -5.6 7.6 4.2 5.9 -4.6 0 -9 0.6 -4.8 2.8 -9.4 -3.7 2.6 2.5 6.9 7.7 1.2 -2.2 -7.9 -4.5 5.5 7 2.6 -0.9 -0.1 0.3 
22.6583 0 -9.17985 9.33917 -1.64399 6.12446 2.61581 5.6381 0 0 18.541 0 2.83215 -1.20823 -5.91619 -3.29235 0 0 0 0 -21.8878 0 -4.77926 -10.2263 0 0 0 0 0 0 10.4527 0 
2.7 -2.1 0.6 -3.1 5.1 0.2 9.7 -5.5 -3.9 -9.7 -0.3 -7.6 -3.8 5 5.2 -3.2 6.5 -2.2 4.5 -1.4 -4.5 -9.1 6.4 -7.1 -3.5 2 9.9 9.1 6.3 -5 -0.6 -5.7 -1.8 5.3 -3.6 -6.7 -9.3 -8.7 -7 -7.9 -8.4 2.8 9.7 -7 -7 4.9 -5 9.5 7.9 9.6 -6.7 8.6 -9.5 9.8 -8.5 -3 
-21.1811 0 0.0745947 -7.73377 -0.0269108 -4.85102 -1.87903 -4.76556 0 0 23.0396 0 3.25202 -8.00274 -0.689058 6.07942 0 0 0 0 23.5917 0 15.5815 3.58393 0 0 0 0 0 0 -16.5664 0 
-3 6.7 -8.7 -6.7 -8.3 -4 -7.2 -0.1 6.5 -0.8 -1.6 2.4 0.5 1.5 4.5 -2.6 9.5 4.2 0.4 -7.5 -5.7 5.5 7.2 7.4 0.3 -9.5 6.1 -4 5.5 2.8 3.1 7.7 -0.5 -0.4 -8.9 1.3 0.8 9.1 6.4 -2.7 -6.4 -5.1 9.8 4.1 1.6 -0.5 6.7 1.1 -6.2 -7.6 -1.2 -6.7 3.1 -8.8 -9.2 -6.6 
21.4147 0 -1.88282 5.99961 -0.930202 13.649 6.35591 5.09463 0 0 20.9538 0 3.36788 -3.24153 1.51387 2.64131 0 0 0 0 12.3498 0 4.60726 -13.2108 0 0 0 0 0 0 14.3365 0 
6.9 2.1 -0.6 2.5 -5.1 7.7 0.2 4.5 -7.4 -3.5 -9 3.4 -9.1 7.4 -9.2 -5.5 -7.7 5.8 3.8 3.9 -4.7 0.6 -9.8 -5.7 -1.8 -5.8 -2.3 -8.7 -4.6 -6.3 -5.3 7.6 5.8 -0.7 -4.7 -9.3 -7.7 0.7 0.4 -5.1 7.3 1.4 8.3 3.4 -1.1 4.3 7.9 -3.6 0.1 1.7 5.6 0.7 7.5 1 5 -4.3 
-18.4694 0 -8.12802 7.65481 -3.36773 -0.188419 -8.54006 -1.07583 0 0 17.4934 0 13.2152 -5.4238 1.40176 -5.7277 0 0 0 0 15.0819 0 1.30065 6.34974 0 0 0 0 0 0 18.5396 0 
5.3 7.9 -3 5.9 -8.4 -3.1 3.5 2.6 1.5 8.8 3.4 3.8 -0.4 9 3.9 -7.9 0.5 2.2 5.5 4.6 -8.2 3.4 6.2 -2.9 -4.9 1.8 7.8 7.9 -7.1 -1.9 -6.4 3.4 -4 0.7 -0.7 -7.1 2.8 -7.1 5.5 -5.7 6.9 -5.9 3.3 -3.5 -6.8 -2.8 -6.2 -1.1 4.7 9.3 8.7 6.5 2.7 4.9 8.8 3.1 
-20.249 0 -9.91212 2.86188 -2.76706 -3.63969 -0.865724 8.5318 0 0 -18.1662 0 -0.772808 -8.89367 -3.8259 -1.7643 0 0 0 0 18.3625 0 0.992775 -2.10474 0 0 0 0 0 0 16.9921 0 
-3.2 6.7 -3.8 -5.1 -5.2 -0.2 8.3 -4 5.7 -7.2 -5.9 -1.4 -9.1 9.7 -1.9 7.9 9 -8.5 9.6 7.4 -1.3 -6.5 -8.5 -6.6 -7.2 -9.8 5.1 0.8 5.2 4 9.1 -8 0.7 -4.7 -7.9 0.7 0.3 5.6 1.9 -3.9 8.4 6.1 -0.1 9.4 1 8 2.5 -4.8 9.5 2.1 -7.3 -1.7 0.8 9.4 -3.1 -1.1 
25.7992 0 -3.56057 8.75414 -3.14234 5.11294 -5.7742 -1.92409 0 0 19.2075 0 1.50525 -13.7178 -7.48384 -4.60545 0 0 0 0 15.8098 0 -0.593182 -5.69237 0 0 0 0 0 0 -18.0401 0 
9.7 -7.9 4.9 4.9 6.1 -0.8 2.1 -8 4.5 4.2 -2.1 -10 -5 9.8 -3.9 -6.6 5.9 6 8 -7.9 -0.7 0.5 -2.6 -1.2 7.9 -4.7 2.3 -6.1 -5.3 9.3 2.8 -5.6 -8.6 -2.3 4.5 2.7 6.9 -8.2 -0.1 -3.4 1.2 7.8 -3.3 6.2 7.6 -2 9.7 -1.2 9.3 2.9 -3.9 -1.4 -6.5 3.5 2.6 6.6 
-24.2101 0 1.52126 2.61585 4.12307 -9.80375 -4.89382 3.76454 0 0 20.155 0 -6.38786 -10.4173 0.183445 -10.5388 0 0 0 0 -15.5847 0 2.1617 4.67734 0 0 0 0 0 0 -12.4992 0 
4 -5 -9.5 8.8 9.5 3.4 8.4 6.1 6.3 -1.8 -1.2 -1.5 0 8.7 5.1 -8.7 1.7 7 2.7 -0.7 -4.9 -2.4 3.3 9.6 -9.4 9.5 -6.6 9.3 -1.8 6 5.9 -7.7 6.2 1.6 6.3 5.7 -9.8 4.7 1.8 1.8 8.1 5.8 -9.7 -1.8 -0.3 5.4 -5.3 -8.6 -2.3 7.4 -4 -2 -4.9 4.5 -2.4 -9.1 
-22.6877 0 -0.74005 -1.42897 -3.27711 -9.83089 6.41318 -1.69123 0 0 -22.274 0 2.91296 7.04645 0.400945 -0.293803 0 0 0 0 16.5114 0 -9.03056 -4.84868 0 0 0 0 0 0 -21.3172 0 
4 1 -9.8 7.5 -7.8 1.3 9.8 8.5 8.1 6.1 4.2 8.4 -4 -8.7 -4.6 -5.8 2.3 -4.3 -2.4 -7.9 6.3 -2.5 8.7 -6 -5.1 -5.3 2 -4.8 9.3 9.6 -8.7 -1.5 -4.2 -8.5 -4 -6.7 -2 -9 -8.2 -3.8 2.3 1.2 9.8 8.4 -2.3 -4.8 7.8 -9.9 -3.9 -9.4 -7.8 -7.6 -1.9 6.1 -3.5 -1.8 
-19.9472 0 -15.3144 -2.3477 8.24778 2.03187 -8.85138 6.08206 0 0 -21.0178 0 -3.7321 -5.09301 5.36523 9.75681 0 0 0 0 -20.5168 0 -8.97711 4.02695 0 0 0 0 0 0 18.2378 0 
-9.1 8.5 3.5 5.4 3.4 0 9.1 4.4 1.6 -9.6 7.7 4.8 -8.6 4.7 6.2 -1 -4 1.2 -7.4 3.7 6.4 -9.6 -1 -7.5 -9 -3.6 -9.8 -5.7 -7.4 -3.3 2.5 8.7 -4.8 -8.8 4.1 3.8 1.3 3.2 -1.7 8.1 -1.2 -8.8 2.9 0.3 6 -0.8 9.3 7.2 -9.6 -8.1 -3.9 2.1 7.5 5.2 -0.2 3.7 
26.4256 0 3.18782 0.153639 -7.4602 -0.359122 -9.47568 -4.36509 0 0 -19.2329 0 -0.875946 -3.36188 -5.01627 1.39348 0 0 0 0 -19.2454 0 -0.562869 1.81793 0 0 0 0 0 0 -19.0208 0 
-8.4 0 8 -5.8 1.9 0.5 -7.1 2.4 1.8 2.2 -3.8 8.3 -9.3 -0.3 6.4 -0.5 1 -0.7 5 -7.8 3.7 -0.5 9.4 -0.6 1.4 -4.5 6.7 -5.9 5.9 -3.5 3 7.6 1.8 1 7 8.9 6.8 5.2 1.3 -6.2 -7.4 7.6 -7.9 -6.7 -7.5 8.5 -1.9 3.5 -7 -6.9 0.9 6.8 2.7 0.3 -3.8 9.3 
17.7682 0 -1.88933 9.39092 6.2623 2.96315 2.76392 -6.76826 0 0 23.18 0 9.16243 1.54733 0.0790394 0.766537 0 0 0 0 15.0419 0 -2.09504 5.54476 0 0 0 0 0 0 -17.9054 0 
1.1 -7.1 8.7 -3 -5.4 1.7 9.8 1.6 -7.2 2.1 0.6 4.8 -7.5 7.1 3.8 -4.9 4.7 5.9 -6.3 7.3 -0.4 1.8 -4 2.6 0.1 7 -0.6 -7.2 -7.5 0.8 7.4 3.6 -1.1 6.1 5.9 -1.2 -2.2 5.7 5.6 -4.2 -7 -8.6 5.8 -4.5 8.6 -0.4 -4.1 -1.5 -4.5 -0.4 -9 0.3 6.6 -7.7 -7 -3.3 
-19.8889 0 -1.22178 -7.00741 -0.920109 -5.66948 -1.35201 -2.04988 0 0 -19.3366 0 4.07531 -5.69701 -7.24449 -4.1186 0 0 0 0 -18.2002 0 14.1947 5.01943 0 0 0 0 0 0 -7.30209 0 
9.3 -2.4 -5.2 7 3.7 -7.8 0.7 -7.4 3.5 -8.2 -3.4 6.5 7.5 -7.7 -7.6 5.8 8.9 3.4 -8.7 7.5 -6.9 -2.8 -8.7 -6.2 2 -7.7 4.2 -1.4 -5.4 7.2 0.6 9.1 -10 5.4 1.4 3.7 7.6 -7.9 6.4 1.1 -6.1 8.2 -7.2 6.6 5.7 -4.8 -2.4 4.7 3.9 -5.8 -2.6 7 -3.4 -1.3 -9.2 8.7 
-24.6629 0 4.45324 -6.47936 7.832 2.51552 12.5082 7.53844 0 0 19.6567 0 -12.8846 0.705685 8.46337 5.52147 0 0 0 0 16.7717 0 6.57195 0.608648 0 0 0 0 0 0 -14.6744 0 
-3.7 0.2 -7.5 -3.9 -7.4 3.1 -9.5 -7.3 -1.5 1.9 6.4 -8.7 -0.8 -2 -2.4 -1.7 -3.7 0.5 -9.9 -8 0.9 -2.2 6.7 -5.2 2 -5.8 -8.2 8.6 -1.9 7.9 2.5 -0.4 -1.9 5.1 1 0.8 -1.8 1.5 3.5 2 -6.6 -4.9 3.3 -2.2 3.2 -9 6.1 9.5 1.5 6.2 -8.5 -7.6 9.2 3.5 -2.7 1.2 
14.4586 0 -7.02006 5.97431 2.82877 2.53276 -4.55647 2.05345 0 0 -23.5314 0 -3.29716 1.53837 -1.03629 -3.11259 0 0 0 0 -17.5113 0 1.04562 -7.92825 0 0 0 0 0 0 -16.8309 0 
2.9 -5.7 -4.9 6.2 -7.8 7.6 -4.1 -4.4 2.7 6.9 1.6 6.2 -1.6 -9.7 -1.8 -3 -4.6 -8.5 0 8.6 7.7 -3.9 3.3 -0.8 7.5 4.9 -3.1 6.8 -6.4 -0.6 -6.8 6.5 3.7 -1.7 2.7 1.2 -4 3.8 2 3.9 0.7 -6.4 0.1 4.3 -6.1 3.5 6.5 -5.5 0.3 -3.5 8.4 -2 -2.2 1.7 2.5 -4.6 
-18.4347 0 4.09336 -3.46411 13.2869 -1.96151 -0.947667 -7.86233 0 0 -17.5013 0 3.99987 0.102734 -1.35151 -1.85736 0 0 0 0 -14.9098 0 -2.41694 -8.1111 0 0 0 0 0 0 11.3105 0 
-8.2 9.4 -7.8 -9.4 -1.2 -4.6 7.1 7.7 -1 -4.9 -1.1 5 8.9 -9.1 -5.9 -0.3 -5.5 -0.5 9.2 -6.4 -7 5.8 -6.6 3.3 7.5 -8.2 6.6 -4.6 -1.3 -0.9 0.8 -4.2 -6.3 -1.8 -3.6 2.5 -1.2 -6.4 0.2 7.8 -6.1 4.4 -2 -7.2 5.3 2.2 -2.3 5.1 -8.3 -3 3.9 9.9 8 7.3 -1.5 5.5 
22.6272 0 -3.15329 7.04683 -2.49037 0.606792 5.02669 -14.3544 0 0 22.2351 0 -2.49285 -0.891195 -1.24786 -1.27237 0 0 0 0 21.1849 0 -1.49334 1.5399 0 0 0 0 0 0 -10.1447 0 
4.3 -4.9 6.1 8.3 -0.6 -3.1 -5.9 3.1 0.3 0.5 -9.2 4.4 -0.7 -3.8 2.2 -1.6 -9.4 5.5 1.3 1.2 -2.3 9 -3.7 -5.4 -8.8 5.4 9.7 9.2 2.8 -1.8 0 -7.7 -1.5 -3.9 -9.4 3.1 -1.7 9.9 -8.6 8.6 -4.3 -7.8 3 5 -1.5 -9.5 -6.5 -5.7 6 0 5.5 8.9 -5.8 7 -6.5 -4.5 
-20.021 0 3.65566 3.31053 -2.84451 1.92898 3.21812 -1.10284 0 0 24.6793 0 0.316973 -1.61222 -5.83823 0.188632 0 0 0 0 19.5908 0 7.93925 5.86161 0 0 0 0 0 0 17.2057 0 
2.5 8.4 -5.3 -9.5 -3.3 -0.1 -7.2 0.4 6.1 8.7 -6.4 -5.6 8.6 -5 8.2 -5.7 -7.5 1.3 4.6 -3.8 -3 3.3 -4.3 -7 -6.7 -8.7 7.1 -2.5 3.5 5.8 -1.8 -4 4.2 -1.8 -8.3 6.1 8.1 9.8 -3.4 4.2 8.5 -4.6 8.6 2.3 -4.4 6.9 6.7 -1.9 -6.6 -3.5 -0.5 -4.4 9.8 5.3 -1.4 8.3 
-23.2019 0 9.08071 -10.3616 7.89762 0.587882 -3.44109 0.383158 0 0 17.2643 0 -8.56416 -0.286173 7.20142 -5.4195 0 0 0 0 19.8052 0 8.65502 4.35627 0 0 0 0 0 0 14.1387 0 
1.8 -9.1 -9 -4.7 6.7 -0.7 -3.4 0.9 7.5 -1.7 -2.9 5.6 -6.7 -1.1 -4.9 -8.2 4.3 8.9 -0.6 9.9 1 -8.7 -6.7 -0.4 -2.2 -2 5.2 -7.2 -6.7 -6.2 6.3 5.1 9.9 7.3 5.7 6.6 -3.4 -7.7 -2.4 9.3 -4.2 -0.1 0.2 -0.8 8.8 5.3 -3.8 -1.7 -0.6 5.6 -6.6 -9.5 6.9 -8.1 0.1 9.9 
-21.2697 0 -6.50691 -4.26099 11.8855 5.29251 -1.03857 -3.2906 0 0 21.683 0 -2.86173 3.81838 -3.52483 6.90326 0 0 0 0 -18.683 0 13.4184 -3.39933 0 0 0 0 0 0 12.5847 0 
0 -4.6 -7.3 3.3 -5.6 9 -6.3 -5.6 1.6 9.4 -9 3.4 -8.3 -6.2 2.8 -7.3 -1.1 8.2 1.9 -7.1 -1.3 3.4 1.2 8.1 -1 -0.1 8.6 -8.8 1.8 -6 6.3 -8.2 -5.4 4.3 0.4 -1 3.3 4.1 -1.4 -9.9 3.5 -5.1 3.6 0.4 -1.3 -8.4 3.1 2.9 5 -9.7 5.8 -6.3 3.7 -2.9 -8.2 7.9 
-19.6606 0 -1.45265 -5.41946 0.00610357 -0.227358 6.88381 1.60219 0 0 20.4521 0 9.46389 -0.996637 -0.410091 4.3859 0 0 0 0 17.4247 0 -1.42646 7.60738 0 0 0 0 0 0 -20.6042 0 
7 5.7 4.3 -6 4.9 0.7 -8.9 9.5 -5 1.5 -1.5 3.5 -9.2 2.4 3.7 4.3 7.3 -7.5 9.9 -8.8 9.3 3 4.1 4.3 -1.5 0 8 -7.8 7.1 5 5.4 -0.7 -4.1 -0.3 -1.5 -9.2 -9.6 -0.4 -9.7 -4.6 6.3 -5.9 9 7.1 6.5 -2.1 1.4 3.8 0.4 -3.5 5 -5.1 9.6 -0.8 9.2 -6.7 
-18.0094 0 -9.91091 -5.0257 -12.3319 -6.66761 -1.33597 -12.8288 0 0 -22.696 0 -3.54956 -6.87409 -2.84392 3.6073 0 0 0 0 -16.1615 0 -7.89774 6.55395 0 0 0 0 0 0 15.329 0 
4.4 2.4 -4.4 -3.3 -2.6 -9 6 -1.4 -4.1 9.7 -0.6 -3.6 -0.6 -5 -3 -4.3 -0.9 -4 8.1 -9.2 -0.9 -0.5 -0.2 4.7 1.3 -10 9.6 -3.9 -5.6 8.8 -0.6 8.8 1.2 5 -4.5 3.9 1.2 6.7 -7.5 7.2 6.5 -2.9 8.8 -8.9 -2.7 -4.2 -8 6.4 -2.9 -9.9 2.4 6.2 -5.1 -7.8 1 6.2 
-20.9294 0 -2.38994 -7.11248 2.38755 5.52859 10.5885 -3.96762 0 0 -21.9363 0 0.569465 0.205979 5.33563 -1.91315 0 0 0 0 -18.5596 0 -3.95702 -2.76303 0 0 0 0 0 0 -15.3164 0 
7.5 0.6 -7.7 -8.1 -5.3 1.7 -9.2 1.1 -8 -8.5 -5 -1.6 8.3 -7.3 -4.4 0 -4.9 9.6 -3.7 2.4 -4.5 -1.7 -5.9 2.6 -1.5 6.5 -6 3.4 4 5 -5.2 -3.3 -9.1 -2.9 -1.4 -4.4 4 -5.4 6.7 1.2 -3.8 7 9.7 9.7 4.9 -9.5 -5.1 -10 -9.8 1.2 2.5 -4.3 9.5 1.8 3.5 -6.8 
-24.6104 0 -3.66268 2.34901 8.4375 -7.98078 6.11328 -8.27578 0 0 20.8513 0 2.01382 -5.3393 2.43011 -4.10725 0 0 0 0 17.4001 0 -1.96388 -8.17673 0 0 0 0 0 0 14.7034 0 
-6.5 7.5 1.8 7.5 -2.2 6.6 -5.8 -1.3 8.9 -1.9 -0.5 -1.8 2.7 -3.8 9.4 4.1 8.4 9.1 -1 3.4 4.9 3.9 3.4 5.1 -4.9 -8.9 6 9.9 2.9 -0.5 -6.9 6.5 -7.8 5 -0.8 0 -3.2 -1.3 8.7 -4.2 6.8 -1.8 -0.8 -5.3 -0.3 -1.4 4.1 -6.7 -7 -6.9 6.7 7.9 7.1 -4.6 3 7.4 
25.8813 0 -5.50669 -3.0609 6.2949 2.26457 1.3048 -2.12818 0 0 -17.5079 0 -7.70427 6.29817 -6.23266 -10.6978 0 0 0 0 7.73197 0 2.10353 14.0428 0 0 0 0 0 0 11.206 0 
-8.3 -5.8 7.3 4.7 3.7 -9.5 -3.6 5.9 0.7 0.8 -8.8 7.5 9.5 5.1 8.5 1.5 8.6 -2.3 1.5 -1.7 1.6 -4.4 -3.2 4.6 -1.3 -6.4 -2.3 -9 -5.8 5.9 8.5 -4.1 -9.9 5.8 5.8 -1 1.5 -7.8 -9.9 -7.8 3.1 -8.7 5 -2.2 6.5 3.5 4.6 5.1 6.5 -3.9 8.6 -6.7 -3.1 -4.6 3.1 0.8 
22.36 0 1.91592 0.194991 -1.95975 4.97585 0.876118 10.0219 0 0 21.9117 0 -2.03661 -16.188 -3.53888 2.7168 0 0 0 0 -12.8114 0 0.838967 3.73338 0 0 0 0 0 0 -17.9791 0 
-5.8 -9.2 1.9 -1.6 6.7 0.4 4.4 6.8 -8.6 0.2 -9 3 -2.3 -8.9 5.2 6 -7.5 0.2 -6.2 4.2 9 3.6 -0.7 5.5 4.9 -6.9 4 -8.2 -1.5 -2.9 -2.1 -2 -2.1 9.8 6.4 9.8 -4.6 -4 1.8 -3.2 6.3 2.8 5 -6 3.9 0.3 -10 6.4 5.7 9 0.6 4.7 -2.1 5.1 -4.6 -7.2 
24.1176 0 14.4392 -6.37666 -2.0259 7.27186 -12.148 -2.45629 0 0 14.3801 0 2.12674 -1.41248 1.32296 -2.91442 0 0 0 0 -15.9232 0 5.27589 -7.83041 0 0 0 0 0 0 11.926 0 
8.2 9.4 9.9 -8 -3.5 -7 0 4.4 -7.2 -3.6 -0.6 -6.6 2.5 -8.8 -4.6 -6 4 -9.5 -6.8 -2 0.8 8.4 9.6 -8.3 2.6 -4.5 6.5 -9.5 -9.4 7.1 8.6 4.1 6.6 3.7 6.1 -6.9 6.7 -8.7 2.8 4.7 -7.1 -7.8 8.1 0.6 -6.5 -6.5 4.6 2.7 -6 7.8 -9.3 0 1.4 -9.6 -3 -5.9 
-24.8797 0 -3.77215 4.74282 7.5648 -1.01046 -6.88794 -10.7015 0 0 -24.274 0 0.337893 4.46705 -2.12709 -10.2877 0 0 0 0 -23.9957 0 1.35204 6.03154 0 0 0 0 0 0 -10.9542 0 
-8.9 -6.5 -5.4 6.9 -9.4 8.4 1 2.4 2.1 -7.7 0.8 -1.2 8.8 -6.4 -6.5 -8.2 -9 6.8 2.4 9.7 5.6 -7.7 2.5 4.8 -9.9 -1.6 -5.1 1.6 -6 1.9 0.9 -4.9 0.6 0.7 -7.9 -3.6 -0.8 -1.7 8.9 -8.7 0.7 -0.3 -4.6 -0.5 -1.5 -5.9 -3.5 -5.3 6.2 9 9.7 1.8 -8.7 -2.6 -3.4 6.6 
23.105 0 7.46289 -12.7674 -1.20623 -0.934431 3.06298 -1.60442 0 0 -13.5159 0 -1.93267 -0.133472 2.12734 -10.5807 0 0 0 0 -22.9028 0 -1.30441 6.69352 0 0 0 0 0 0 -15.6775 0 
5.8 -3.3 -6.6 5.1 3.8 4.3 -9.8 -5.6 -4.9 7.5 -3.9 -0.5 -4.1 -9.8 -4 1.8 -0.1 -3.4 6.5 3.6 0.8 -6.9 3.5 -3 -7.9 -1.6 8.8 8.6 5.8 -9.4 0.4 -3.1 -2.6 3.9 -8 -8.8 -6.6 -7.8 -4.3 -6.3 5 -3 3.2 -9.1 -2.8 9.3 2.7 2.3 -4.1 -0.8 -8.9 1.9 2.3 4.6 4.1 -0.4 
-16.5756 0 4.29366 -0.642511 7.31377 -16.3071 1.01897 -3.09853 0 0 24.292 0 -2.3654 -6.72287 3.02832 2.79966 0 0 0 0 13.0769 0 4.53811 -5.28958 0 0 0 0 0 0 13.7538 0 
8.3 -1.9 -6.6 4.1 -1.2 3.9 6.2 6.2 -7 8.2 7.4 -3.6 5.7 8.3 0.2 0.7 -4.7 -6.6 1.6 -2.3 7.9 9.5 -10 -6.1 -1.3 -8.9 1 6.3 1 -4.8 -8.9 -0.7 3.3 -5.4 8.6 7.3 3.7 4.9 3.5 6.7 -1.7 -3.8 -6.9 -6 9.7 -1.5 -0.1 -4.9 2 -8.5 -2 -4.9 6.2 -1.9 -5.8 -5 
-21.6546 0 6.11696 -1.65323 2.03698 -3.34064 -8.04172 3.19886 0 0 -19.3739 0 0.704709 -11.2686 -8.66418 -0.142331 0 0 0 0 -18.1117 0 3.39731 -0.558854 0 0 0 0 0 0 16.5008 0 
-5.6 5.3 6.5 5.4 5.7 7.6 9.9 -5.8 7.4 8.6 -8.4 1.1 -1.3 0.3 -7 7 6.5 -3.8 6.3 6.3 4.7 -3.8 6.6 -8.1 -7 -5.4 -2.9 9.2 -2.1 1.3 9.4 2.4 -8.2 5.9 -7 7.5 -1.2 -7 -8.2 -8.6 6.8 8.6 -2.2 -4.5 -1.1 0.8 7.7 -9.3 2.2 4 7 -7.8 -9.7 -1.2 -5.9 -6.7 
23.7931 0 -1.7089 -3.21606 -0.176942 1.21422 -5.62181 4.06421 0 0 23.2922 0 0.55137 -2.17223 5.02888 -9.41923 0 0 0 0 -16.6118 0 -9.56952 8.57748 0 0 0 0 0 0 -21.7333 0 
-1.4 -3.6 -7.5 6.6 3 7.2 -1 4.8 3.1 2 -2.4 7.1 0.2 -5.4 8.6 -3 -6.8 -3.6 -2.3 -2.7 2.4 -9.3 -2 -5.3 4.7 -9.8 -3.1 0.2 -1 -3.8 -1.3 7.7 -2.1 -3.5 4.3 -9.1 -6.3 8.5 0.9 2 -4.3 3.7 -0.8 6 8.3 -2.2 8.2 6.7 -0.6 -8.8 -5.9 7 -8.1 2.1 -8.3 1.8 
18.2346 0 -0.398693 -4.03574 -3.54107 -5.8071 -4.07632 -6.51783 0 0 19.5835 0 -4.00887 -1.78438 3.81293 -3.90725 0 0 0 0 -19.6953 0 -8.00696 -2.93746 0 0 0 0 0 0 -15.083 0 
2.4 -6.2 7.3 -8.6 -4.7 -4 4.3 3.2 2.5 -6.2 -0.7 1.4 -7.7 5.4 -6.5 -6.7 -5.6 2.7 9.3 -7.3 5.7 2.7 4.7 -9.7 3.9 8.8 7.3 1 -3.9 4.3 -7.1 8.5 3.3 -9.8 5.2 8.6 -8.6 -5.3 -3 -0.8 -1.4 1.5 -9.4 -3.9 -7.8 -5.9 -5.4 -3.4 2 -6.1 -5.5 -2.3 1.9 9.2 -2 -4.2 
-19.3013 0 1.60041 -2.07033 3.5179 5.39964 -1.67813 -3.87383 0 0 23.6015 0 0.0906269 2.06237 5.38506 6.27476 0 0 0 0 -20.9804 0 -5.18922 -1.40197 0 0 0 0 0 0 17.6528 0 
3.2 -9.4 6.9 9.4 4.9 5 3.1 -1.8 5.2 -6.5 -7.9 1.8 -1.7 -5.7 -9 2.1 5.9 -8.3 3.4 3.3 -4.2 8.1 9.9 3.1 7.2 9.6 -9.2 -0.9 4.1 -5.9 0.2 -2.7 9.9 -2.9 -8.1 4.8 7.3 0.3 8.2 -2.3 3.8 5.5 9.5 7.3 9.9 -9.4 -0.6 1 -7.7 8.1 9.5 -6.7 6.2 4.6 6.4 3.4 
-26.2983 0 13.1777 -5.95628 2.86711 7.57502 -1.67007 0.57076 0 0 21.6269 0 3.10619 -4.38336 5.15087 1.46559 0 0 0 0 20.5948 0 4.84779 -11.9961 0 0 0 0 0 0 -11.8498 0 
4.2 2.5 7.8 -1.7 1.8 -2 0.9 1.7 0.3 -2 -8.3 -2.4 8.3 5.1 5.3 -2.6 0.7 0 -5.3 -4.2 0.6 -0.6 2 -1.9 -2.5 1.5 1.5 8.9 -3.9 -6.9 -2.5 -9.7 0.8 -4.7 -6.1 -7.4 3.3 0 -0.5 8.8 8 1.2 -8.4 1.6 -8.4 6.9 9 2.3 -7.8 8.9 3.3 2.8 -1.7 -4.7 -9 1 
-16.2847 0 -0.0313178 8.24826 5.53773 -9.85529 -7.37013 -7.7355 0 0 19.5283 0 -0.381375 0.493025 -11.4519 -2.47707 0 0 0 0 13.8397 0 1.34554 -0.766554 0 0 0 0 0 0 -11.7747 0 
6.8 -2.3 -0.1 8.1 -4 7.5 3.6 6.9 8 7.5 4.7 -3.4 -7.3 9.5 -4.6 6 -4.1 -2.9 -2.4 -2.5 9.2 -8.2 5 -8.6 -9.3 -1.7 -0.5 -5.7 3.6 0.5 0.5 -4.4 3.4 -9.5 -6.3 9.4 3.2 7.4 1.5 -3.6 0.1 -3.7 3 2.9 -4.2 3.7 -5.9 -3.1 -9.2 1.7 4.5 5.2 3.5 -0.5 6.7 -0.6 
-22.1228 0 5.85323 1.09118 8.42794 -12.3565 -0.524345 -9.18643 0 0 -17.3585 0 -0.757118 -7.03294 -1.03598 -3.05026 0 0 0 0 -14.6957 0 -8.70602 0.44582 0 0 0 0 0 0 -13.0439 0 
7.9 -8.6 3.7 -3.3 -2.9 -5.7 -2.4 -9.5 -10 -3.5 5.1 -1.6 9.1 -3.3 4.8 -0.7 -1.8 -6.9 7.4 -0.8 6.8 -8.5 6.1 2.8 -1.6 0.6 -2 -8.1 5.4 9.9 -3.5 -1.5 -8.7 -9.7 5.2 -1.6 9.8 8 -5.9 5 -5.4 9.3 -6.6 -6.3 -4 3.4 -1.8 -0.6 1.7 -4.4 8.6 -1.5 -7.7 4.7 -8.7 0.7 
-24.6996 0 1.16196 -12.199 6.19605 -2.28465 0.781794 5.99929 0 0 -14.7328 0 2.66752 6.8467 -5.6681 3.60204 0 0 0 0 -23.4869 0 -6.3001 -7.39243 0 0 0 0 0 0 -11.943 0 
-9.4 -5.4 -2.2 6 -5.5 4.4 9.7 -8.9 -0.1 4.9 -5.3 -5.1 -1.8 -1.1 9.9 2.8 -1.8 -6.7 6.5 -0.6 1.9 -5.2 4 -6.3 -4.4 2.6 -2.6 -6.8 -7.5 -6 -0.9 8.3 -1.4 7 -0.5 -1.7 -3.4 -0.8 -5.4 1.7 9.4 -0.6 6.6 -2.4 8.3 6.5 -9.6 -8.3 5 2.1 -3.7 -7.9 6.9 -9.7 -4.2 7.8 
19.6184 0 -1.67751 -0.251805 8.10261 1.72644 -2.05216 4.62169 0 0 17.7829 0 13.3154 5.65744 -14.497 -11.8563 0 0 0 0 12.8086 0 -5.35668 -1.19799 0 0 0 0 0 0 16.4221 0 
-1.9 -1.5 -9 -4.2 2.5 0.1 -5.8 -8.9 -7.7 3.7 -0.6 -5.9 8.2 4.1 5.8 7.6 8.7 -2.4 -9.6 2.2 9.3 -9.2 -0.9 -0.5 2.9 0.6 1.7 -4.9 0.9 2.7 8.1 4.2 -8.8 4.3 -10 3.7 -5.6 9.4 0 -8 -1.6 9.5 -8.7 -3.4 -1.2 7.2 9.4 -7.3 -10 9.8 4.9 9.4 -9.4 -6 -1.1 -1.3 
23.5338 0 2.04089 -0.870662 10.6047 -0.655228 -3.96536 -2.31157 0 0 -23.7928 0 9.29625 -1.82594 2.35785 -13.7277 0 0 0 0 -19.0855 0 2.57567 -6.69475 0 0 0 0 0 0 -15.1849 0 
4.6 5.8 -1 -9.3 -1.4 -7.7 0.1 -5 6.6 0.1 4 6.3 -5.2 -6 3.5 3.2 8.7 4.8 9.8 -7.3 -2.8 9.2 -4.6 -2.7 4.2 -9.7 -8.1 4.8 9.5 -4 8.7 -0.7 -8.1 -7 0 -4.3 -4.7 -9.9 -4.1 7.2 -4.5 9.9 3.5 0.3 -6 -3 8.7 -7.3 -8.2 3.7 -4.5 -0.9 -1.9 -3.9 1.6 -7.7 
-24.9526 0 0.440035 5.68679 -4.741 -10.4859 7.41367 0.234445 0 0 -20.0129 0 4.09199 -1.22636 1.30943 3.35249 0 0 0 0 -18.8749 0 -2.93988 -0.770776 0 0 0 0 0 0 -18.2867 0 
-3.5 3.5 2.3 -8.8 9.5 -3.8 0.6 6.6 -0.8 5.8 -7.7 -0.2 1.2 -1.7 -3 1.9 -1.8 5.7 7.4 -2.6 7.9 6.1 0.2 4.9 -0.2 0.9 9.2 7.9 7 0.8 5.4 8.7 9.5 -2.3 -10 9.1 3.9 -4.2 5.7 -6.8 -8.4 3.3 -1.8 2.8 6.8 0.4 9.9 -5 -3.9 7.3 -2.3 9.2 3.4 7.9 4.1 8.4 
18.4621 0 -3.90854 2.54521 -0.11808 -10.8536 4.56069 -7.08098 0 0 24.7527 0 6.60103 0.0205153 1.05719 0.149139 0 0 0 0 -15.8149 0 -10.3151 -3.82938 0 0 0 0 0 0 -16.7748 0 
-6 3.4 1.5 -9 9.4 -3.1 9.8 9 4.6 5 3.3 -1.4 -9.2 -5.8 -3 -7.6 2.7 5.2 0.5 -0.5 -4.4 0.4 -0.2 -3.1 -7 7.5 -3.9 6.4 5.4 5.4 0.1 9.4 -6 -8.4 5.6 -6.5 -1.4 5.4 7.7 -6.8 -4.4 -3.8 -3 -3.6 0.4 4 -5.9 -6.8 -5.6 -0.2 -2.1 -4.8 5.4 7.7 -2.7 8.4 
20.1261 0 5.12916 6.13134 -11.4806 -7.4858 2.44956 -5.75173 0 0 -14.5564 0 -1.97878 1.4671 -7.77746 -4.02027 0 0 0 0 15.3594 0 8.819 11.8933 0 0 0 0 0 0 -16.4709 0 
5.2 -1.4 0.1 -4.2 -5.9 -9.8 -9.6 -6.7 7 6.1 -3.2 -4.4 -3.3 9.7 -5.9 2.4 -4.1 -3.7 4 1.6 5.6 8.1 0 5.2 -2.1 7.9 -9.5 8.6 5.7 -7 7 -3.9 1.7 -7.7 2 1 -7.5 2.4 4.3 4.8 -1.5 6.4 -9.6 0.5 6.1 9.7 -7.1 7.3 -3.9 6.9 -5.9 6.9 0.3 -0.7 2.1 3.4 
-19.5126 0 -5.46571 -6.34668 4.37616 6.18115 4.55911 0.815372 0 0 18.4308 0 -4.35691 -5.76207 3.80632 -10.7016 0 0 0 0 -22.3302 0 -9.37382 -3.41575 0 0 0 0 0 0 13.4191 0 
-2.8 2.6 2 8.1 0.9 -5.7 9.5 7.8 -3.4 1.5 -1.2 -5.6 -6.1 8.3 9.2 -2.3 4.7 4.8 3.4 -3.9 -0.2 6.3 8.6 1.1 -1.6 -7.3 -2 3.9 2 -9.9 -2.6 4.4 -2 4.6 -2.2 8.9 8.9 -2.7 6.7 -9.2 8.8 -9.3 -4.8 7.9 9 9.6 -9.2 -1 4.4 4.2 5.1 -5.8 -4.3 3.7 0.5 -0.6 
18.8542 0 -4.72893 -4.89388 3.74135 11.8032 -8.00937 -11.9958 0 0 18.1996 0 -7.15915 -10.3949 -1.07592 2.85444 0 0 0 0 -16.1357 0 -1.64562 4.60326 0 0 0 0 0 0 -17.8 0 
1.6 8.5 -6.7 8.8 3.9 0.7 3.2 -8.1 -4.6 -9 6 9.5 -6.5 -2.1 -9.7 -7.7 -1.4 -9.3 5.5 -7.2 -9.7 1.5 1.8 0 -9 -7.9 -0.6 -3.3 5.8 -10 6.1 -7.4 8.5 9.5 -8.6 2.4 -4.6 -0.1 -0.5 -4 -3.9 -4.5 -4.4 -0.3 -1.4 -8.9 -2.8 7.2 -8.1 7.9 5.3 -7.8 -0.5 -2.9 -2.6 0.5 
-27.1074 0 3.49093 -10.0452 -2.73062 -2.26285 -0.461498 0.51462 0 0 20.4188 0 -2.8713 1.97804 -9.76794 4.79359 0 0 0 0 19.4578 0 4.25103 -0.838636 0 0 0 0 0 0 -16.4237 0 
-0.7 6.9 2.4 -9.7 6.9 -1.4 8.2 5.4 -6.7 9.6 -6.9 -6.1 -5.3 2.6 0 0.9 3.4 0.8 -9.4 -8 1.9 -7 4.5 -1 -9 -0.2 -3.5 0.5 2.1 3.9 6.2 6.6 0.8 -6.2 2.2 -2.3 2.4 0.4 8.4 0.9 0 -8.5 4.9 0 -0.7 -5.1 -9.1 -7.3 5.7 6.7 -10 -7.2 9.7 -0.3 1.9 -9.3 
21.6125 0 -8.19526 7.02695 5.70179 -6.04373 0.427993 -10.2644 0 0 20.4687 0 3.85352 6.07689 0.221078 5.69589 0 0 0 0 -12.745 0 -7.14548 2.63294 0 0 0 0 0 0 -17.3783 0 
