Copyright 1986-2022 Xilinx, Inc. All Rights Reserved. Copyright 2022-2023 Advanced Micro Devices, Inc. All Rights Reserved.
---------------------------------------------------------------------------------------------------------------------------------------------------------------------------------------------------------------------------------------------
| Tool Version : Vivado v.2023.2 (win64) Build 4029153 Fri Oct 13 20:14:34 MDT 2023
| Date         : Wed Feb 25 17:11:12 2026
| Host         : ASUSVivobook running 64-bit major release  (build 9200)
| Command      : report_timing_summary -max_paths 10 -report_unconstrained -file design_1_wrapper_timing_summary_routed.rpt -pb design_1_wrapper_timing_summary_routed.pb -rpx design_1_wrapper_timing_summary_routed.rpx -warn_on_violation
| Design       : design_1_wrapper
| Device       : 7z020-clg400
| Speed File   : -1  PRODUCTION 1.12 2019-11-22
| Design State : Routed
---------------------------------------------------------------------------------------------------------------------------------------------------------------------------------------------------------------------------------------------

Timing Summary Report

------------------------------------------------------------------------------------------------
| Timer Settings
| --------------
------------------------------------------------------------------------------------------------

  Enable Multi Corner Analysis               :  Yes
  Enable Pessimism Removal                   :  Yes
  Pessimism Removal Resolution               :  Nearest Common Node
  Enable Input Delay Default Clock           :  No
  Enable Preset / Clear Arcs                 :  No
  Disable Flight Delays                      :  No
  Ignore I/O Paths                           :  No
  Timing Early Launch at Borrowing Latches   :  No
  Borrow Time for Max Delay Exceptions       :  Yes
  Merge Timing Exceptions                    :  Yes
  Inter-SLR Compensation                     :  Conservative

  Corner  Analyze    Analyze    
  Name    Max Paths  Min Paths  
  ------  ---------  ---------  
  Slow    Yes        Yes        
  Fast    Yes        Yes        


------------------------------------------------------------------------------------------------
| Report Methodology
| ------------------
------------------------------------------------------------------------------------------------

Rule     Severity  Description                   Violations  
-------  --------  ----------------------------  ----------  
LUTAR-1  Warning   LUT drives async reset alert  6           

Note: This report is based on the most recent report_methodology run and may not be up-to-date. Run report_methodology on the current design for the latest report.



check_timing report

Table of Contents
-----------------
1. checking no_clock (0)
2. checking constant_clock (0)
3. checking pulse_width_clock (0)
4. checking unconstrained_internal_endpoints (0)
5. checking no_input_delay (0)
6. checking no_output_delay (0)
7. checking multiple_clock (0)
8. checking generated_clocks (0)
9. checking loops (0)
10. checking partial_input_delay (0)
11. checking partial_output_delay (0)
12. checking latch_loops (0)

1. checking no_clock (0)
------------------------
 There are 0 register/latch pins with no clock.


2. checking constant_clock (0)
------------------------------
 There are 0 register/latch pins with constant_clock.


3. checking pulse_width_clock (0)
---------------------------------
 There are 0 register/latch pins which need pulse_width check


4. checking unconstrained_internal_endpoints (0)
------------------------------------------------
 There are 0 pins that are not constrained for maximum delay.

 There are 0 pins that are not constrained for maximum delay due to constant clock.


5. checking no_input_delay (0)
------------------------------
 There are 0 input ports with no input delay specified.

 There are 0 input ports with no input delay but user has a false path constraint.


6. checking no_output_delay (0)
-------------------------------
 There are 0 ports with no output delay specified.

 There are 0 ports with no output delay but user has a false path constraint

 There are 0 ports with no output delay but with a timing clock defined on it or propagating through it


7. checking multiple_clock (0)
------------------------------
 There are 0 register/latch pins with multiple clocks.


8. checking generated_clocks (0)
--------------------------------
 There are 0 generated clocks that are not connected to a clock source.


9. checking loops (0)
---------------------
 There are 0 combinational loops in the design.


10. checking partial_input_delay (0)
------------------------------------
 There are 0 input ports with partial input delay specified.


11. checking partial_output_delay (0)
-------------------------------------
 There are 0 ports with partial output delay specified.


12. checking latch_loops (0)
----------------------------
 There are 0 combinational latch loops in the design through latch input



------------------------------------------------------------------------------------------------
| Design Timing Summary
| ---------------------
------------------------------------------------------------------------------------------------

    WNS(ns)      TNS(ns)  TNS Failing Endpoints  TNS Total Endpoints      WHS(ns)      THS(ns)  THS Failing Endpoints  THS Total Endpoints     WPWS(ns)     TPWS(ns)  TPWS Failing Endpoints  TPWS Total Endpoints  
    -------      -------  ---------------------  -------------------      -------      -------  ---------------------  -------------------     --------     --------  ----------------------  --------------------  
      1.358        0.000                      0                22880        0.026        0.000                      0                22880        3.750        0.000                       0                  8812  


All user specified timing constraints are met.


------------------------------------------------------------------------------------------------
| Clock Summary
| -------------
------------------------------------------------------------------------------------------------

Clock       Waveform(ns)       Period(ns)      Frequency(MHz)
-----       ------------       ----------      --------------
clk_fpga_0  {0.000 5.000}      10.000          100.000         


------------------------------------------------------------------------------------------------
| Intra Clock Table
| -----------------
------------------------------------------------------------------------------------------------

Clock             WNS(ns)      TNS(ns)  TNS Failing Endpoints  TNS Total Endpoints      WHS(ns)      THS(ns)  THS Failing Endpoints  THS Total Endpoints     WPWS(ns)     TPWS(ns)  TPWS Failing Endpoints  TPWS Total Endpoints  
-----             -------      -------  ---------------------  -------------------      -------      -------  ---------------------  -------------------     --------     --------  ----------------------  --------------------  
clk_fpga_0          1.358        0.000                      0                22676        0.026        0.000                      0                22676        3.750        0.000                       0                  8812  


------------------------------------------------------------------------------------------------
| Inter Clock Table
| -----------------
------------------------------------------------------------------------------------------------

From Clock    To Clock          WNS(ns)      TNS(ns)  TNS Failing Endpoints  TNS Total Endpoints      WHS(ns)      THS(ns)  THS Failing Endpoints  THS Total Endpoints  
----------    --------          -------      -------  ---------------------  -------------------      -------      -------  ---------------------  -------------------  


------------------------------------------------------------------------------------------------
| Other Path Groups Table
| -----------------------
------------------------------------------------------------------------------------------------

Path Group         From Clock         To Clock               WNS(ns)      TNS(ns)  TNS Failing Endpoints  TNS Total Endpoints      WHS(ns)      THS(ns)  THS Failing Endpoints  THS Total Endpoints  
----------         ----------         --------               -------      -------  ---------------------  -------------------      -------      -------  ---------------------  -------------------  
**async_default**  clk_fpga_0         clk_fpga_0               6.314        0.000                      0                  204        0.389        0.000                      0                  204  


------------------------------------------------------------------------------------------------
| User Ignored Path Table
| -----------------------
------------------------------------------------------------------------------------------------

Path Group    From Clock    To Clock    
----------    ----------    --------    
(none)                      clk_fpga_0    
(none)        clk_fpga_0    clk_fpga_0    


------------------------------------------------------------------------------------------------
| Unconstrained Path Table
| ------------------------
------------------------------------------------------------------------------------------------

Path Group    From Clock    To Clock    
----------    ----------    --------    


------------------------------------------------------------------------------------------------
| Timing Details
| --------------
------------------------------------------------------------------------------------------------


---------------------------------------------------------------------------------------------------
From Clock:  clk_fpga_0
  To Clock:  clk_fpga_0

Setup :            0  Failing Endpoints,  Worst Slack        1.358ns,  Total Violation        0.000ns
Hold  :            0  Failing Endpoints,  Worst Slack        0.026ns,  Total Violation        0.000ns
PW    :            0  Failing Endpoints,  Worst Slack        3.750ns,  Total Violation        0.000ns
---------------------------------------------------------------------------------------------------


Max Delay Paths
--------------------------------------------------------------------------------------
Slack (MET) :             1.358ns  (required time - arrival time)
  Source:                 design_1_i/axi_interconnect_0/xbar/inst/gen_samd.crossbar_samd/gen_master_slots[0].gen_mi_write.wdata_mux_w/gen_wmux.wmux_aw_fifo/storage_data1_reg[1]/C
                            (rising edge-triggered cell FDRE clocked by clk_fpga_0  {rise@0.000ns fall@5.000ns period=10.000ns})
  Destination:            design_1_i/axi_interconnect_0/s01_couplers/auto_us_df/inst/gen_upsizer.gen_full_upsizer.axi_upsizer_inst/USE_WRITE.gen_pktfifo_w_upsizer.pktfifo_write_data_inst/dw_fifogen_aw/inst_fifo_gen/gaxi_full_lite.gwrite_ch.gwach2.axi_wach/grf.rf/gntv_or_sync_fifo.mem/goreg_dm.dout_i_reg[66]/CE
                            (rising edge-triggered cell FDRE clocked by clk_fpga_0  {rise@0.000ns fall@5.000ns period=10.000ns})
  Path Group:             clk_fpga_0
  Path Type:              Setup (Max at Slow Process Corner)
  Requirement:            10.000ns  (clk_fpga_0 rise@10.000ns - clk_fpga_0 rise@0.000ns)
  Data Path Delay:        8.109ns  (logic 1.682ns (20.743%)  route 6.427ns (79.257%))
  Logic Levels:           8  (LUT2=2 LUT3=2 LUT5=1 LUT6=3)
  Clock Path Skew:        -0.210ns (DCD - SCD + CPR)
    Destination Clock Delay (DCD):    2.715ns = ( 12.715 - 10.000 ) 
    Source Clock Delay      (SCD):    3.040ns
    Clock Pessimism Removal (CPR):    0.115ns
  Clock Uncertainty:      0.154ns  ((TSJ^2 + TIJ^2)^1/2 + DJ) / 2 + PE
    Total System Jitter     (TSJ):    0.071ns
    Total Input Jitter      (TIJ):    0.300ns
    Discrete Jitter          (DJ):    0.000ns
    Phase Error              (PE):    0.000ns

    Location             Delay type                Incr(ns)  Path(ns)    Netlist Resource(s)
  -------------------------------------------------------------------    -------------------
                         (clock clk_fpga_0 rise edge)
                                                      0.000     0.000 r  
    PS7_X0Y0             PS7                          0.000     0.000 r  design_1_i/processing_system7_0/inst/PS7_i/FCLKCLK[0]
                         net (fo=1, routed)           1.193     1.193    design_1_i/processing_system7_0/inst/FCLK_CLK_unbuffered[0]
    BUFGCTRL_X0Y16       BUFG (Prop_bufg_I_O)         0.101     1.294 r  design_1_i/processing_system7_0/inst/buffer_fclk_clk_0.FCLK_CLK_0_BUFG/O
                         net (fo=8817, routed)        1.746     3.040    design_1_i/axi_interconnect_0/xbar/inst/gen_samd.crossbar_samd/gen_master_slots[0].gen_mi_write.wdata_mux_w/gen_wmux.wmux_aw_fifo/aclk
    SLICE_X28Y42         FDRE                                         r  design_1_i/axi_interconnect_0/xbar/inst/gen_samd.crossbar_samd/gen_master_slots[0].gen_mi_write.wdata_mux_w/gen_wmux.wmux_aw_fifo/storage_data1_reg[1]/C
  -------------------------------------------------------------------    -------------------
    SLICE_X28Y42         FDRE (Prop_fdre_C_Q)         0.456     3.496 f  design_1_i/axi_interconnect_0/xbar/inst/gen_samd.crossbar_samd/gen_master_slots[0].gen_mi_write.wdata_mux_w/gen_wmux.wmux_aw_fifo/storage_data1_reg[1]/Q
                         net (fo=77, routed)          0.610     4.106    design_1_i/axi_interconnect_0/xbar/inst/gen_samd.crossbar_samd/gen_master_slots[0].gen_mi_write.wdata_mux_w/gen_wmux.wmux_aw_fifo/storage_data1_reg[1]_0
    SLICE_X29Y40         LUT2 (Prop_lut2_I1_O)        0.150     4.256 r  design_1_i/axi_interconnect_0/xbar/inst/gen_samd.crossbar_samd/gen_master_slots[0].gen_mi_write.wdata_mux_w/gen_wmux.wmux_aw_fifo/m_axi_wvalid[0]_INST_0_i_2/O
                         net (fo=2, routed)           0.521     4.777    design_1_i/axi_interconnect_0/xbar/inst/gen_samd.crossbar_samd/gen_slave_slots[1].gen_si_write.wdata_router_w/wrouter_aw_fifo/m_axi_wvalid[0][0]
    SLICE_X28Y40         LUT6 (Prop_lut6_I4_O)        0.332     5.109 r  design_1_i/axi_interconnect_0/xbar/inst/gen_samd.crossbar_samd/gen_slave_slots[1].gen_si_write.wdata_router_w/wrouter_aw_fifo/m_axi_wvalid[0]_INST_0/O
                         net (fo=7, routed)           0.849     5.958    design_1_i/axi_interconnect_0/m00_couplers/auto_pc/inst/gen_axi4_axi3.axi3_conv_inst/USE_WRITE.write_addr_inst/USE_BURSTS.cmd_queue/inst/s_axi_wvalid
    SLICE_X23Y43         LUT3 (Prop_lut3_I0_O)        0.124     6.082 r  design_1_i/axi_interconnect_0/m00_couplers/auto_pc/inst/gen_axi4_axi3.axi3_conv_inst/USE_WRITE.write_addr_inst/USE_BURSTS.cmd_queue/inst/s_axi_wready_INST_0/O
                         net (fo=9, routed)           0.739     6.820    design_1_i/axi_interconnect_0/xbar/inst/gen_samd.crossbar_samd/gen_master_slots[0].gen_mi_write.wdata_mux_w/gen_wmux.wmux_aw_fifo/m_axi_wready[0]
    SLICE_X29Y40         LUT6 (Prop_lut6_I1_O)        0.124     6.944 r  design_1_i/axi_interconnect_0/xbar/inst/gen_samd.crossbar_samd/gen_master_slots[0].gen_mi_write.wdata_mux_w/gen_wmux.wmux_aw_fifo/s_axi_wready[1]_INST_0_i_1/O
                         net (fo=2, routed)           0.587     7.531    design_1_i/axi_interconnect_0/xbar/inst/gen_samd.crossbar_samd/gen_slave_slots[1].gen_si_write.wdata_router_w/wrouter_aw_fifo/m_aready0__0
    SLICE_X29Y39         LUT2 (Prop_lut2_I1_O)        0.124     7.655 r  design_1_i/axi_interconnect_0/xbar/inst/gen_samd.crossbar_samd/gen_slave_slots[1].gen_si_write.wdata_router_w/wrouter_aw_fifo/s_axi_wready[1]_INST_0/O
                         net (fo=10, routed)          0.783     8.438    design_1_i/axi_interconnect_0/s01_couplers/auto_us_df/inst/gen_upsizer.gen_full_upsizer.axi_upsizer_inst/USE_WRITE.gen_pktfifo_w_upsizer.pktfifo_write_data_inst/m_axi_wready
    SLICE_X32Y36         LUT3 (Prop_lut3_I2_O)        0.124     8.562 r  design_1_i/axi_interconnect_0/s01_couplers/auto_us_df/inst/gen_upsizer.gen_full_upsizer.axi_upsizer_inst/USE_WRITE.gen_pktfifo_w_upsizer.pktfifo_write_data_inst/dw_fifogen_aw_i_4/O
                         net (fo=6, routed)           0.338     8.900    design_1_i/axi_interconnect_0/s01_couplers/auto_us_df/inst/gen_upsizer.gen_full_upsizer.axi_upsizer_inst/USE_WRITE.gen_pktfifo_w_upsizer.pktfifo_write_data_inst/dw_fifogen_aw_i_4_n_0
    SLICE_X34Y36         LUT5 (Prop_lut5_I4_O)        0.124     9.024 r  design_1_i/axi_interconnect_0/s01_couplers/auto_us_df/inst/gen_upsizer.gen_full_upsizer.axi_upsizer_inst/USE_WRITE.gen_pktfifo_w_upsizer.pktfifo_write_data_inst/dw_fifogen_aw_i_2/O
                         net (fo=10, routed)          0.554     9.579    design_1_i/axi_interconnect_0/s01_couplers/auto_us_df/inst/gen_upsizer.gen_full_upsizer.axi_upsizer_inst/USE_WRITE.gen_pktfifo_w_upsizer.pktfifo_write_data_inst/dw_fifogen_aw/inst_fifo_gen/gaxi_full_lite.gwrite_ch.gwach2.axi_wach/grf.rf/gntv_or_sync_fifo.gl0.rd/gr1.gr1_int.rfwft/m_axi_awready
    SLICE_X42Y37         LUT6 (Prop_lut6_I1_O)        0.124     9.703 r  design_1_i/axi_interconnect_0/s01_couplers/auto_us_df/inst/gen_upsizer.gen_full_upsizer.axi_upsizer_inst/USE_WRITE.gen_pktfifo_w_upsizer.pktfifo_write_data_inst/dw_fifogen_aw/inst_fifo_gen/gaxi_full_lite.gwrite_ch.gwach2.axi_wach/grf.rf/gntv_or_sync_fifo.gl0.rd/gr1.gr1_int.rfwft/goreg_dm.dout_i[95]_i_1/O
                         net (fo=92, routed)          1.446    11.149    design_1_i/axi_interconnect_0/s01_couplers/auto_us_df/inst/gen_upsizer.gen_full_upsizer.axi_upsizer_inst/USE_WRITE.gen_pktfifo_w_upsizer.pktfifo_write_data_inst/dw_fifogen_aw/inst_fifo_gen/gaxi_full_lite.gwrite_ch.gwach2.axi_wach/grf.rf/gntv_or_sync_fifo.mem/E[0]
    SLICE_X54Y56         FDRE                                         r  design_1_i/axi_interconnect_0/s01_couplers/auto_us_df/inst/gen_upsizer.gen_full_upsizer.axi_upsizer_inst/USE_WRITE.gen_pktfifo_w_upsizer.pktfifo_write_data_inst/dw_fifogen_aw/inst_fifo_gen/gaxi_full_lite.gwrite_ch.gwach2.axi_wach/grf.rf/gntv_or_sync_fifo.mem/goreg_dm.dout_i_reg[66]/CE
  -------------------------------------------------------------------    -------------------

                         (clock clk_fpga_0 rise edge)
                                                     10.000    10.000 r  
    PS7_X0Y0             PS7                          0.000    10.000 r  design_1_i/processing_system7_0/inst/PS7_i/FCLKCLK[0]
                         net (fo=1, routed)           1.088    11.088    design_1_i/processing_system7_0/inst/FCLK_CLK_unbuffered[0]
    BUFGCTRL_X0Y16       BUFG (Prop_bufg_I_O)         0.091    11.179 r  design_1_i/processing_system7_0/inst/buffer_fclk_clk_0.FCLK_CLK_0_BUFG/O
                         net (fo=8817, routed)        1.536    12.715    design_1_i/axi_interconnect_0/s01_couplers/auto_us_df/inst/gen_upsizer.gen_full_upsizer.axi_upsizer_inst/USE_WRITE.gen_pktfifo_w_upsizer.pktfifo_write_data_inst/dw_fifogen_aw/inst_fifo_gen/gaxi_full_lite.gwrite_ch.gwach2.axi_wach/grf.rf/gntv_or_sync_fifo.mem/s_aclk
    SLICE_X54Y56         FDRE                                         r  design_1_i/axi_interconnect_0/s01_couplers/auto_us_df/inst/gen_upsizer.gen_full_upsizer.axi_upsizer_inst/USE_WRITE.gen_pktfifo_w_upsizer.pktfifo_write_data_inst/dw_fifogen_aw/inst_fifo_gen/gaxi_full_lite.gwrite_ch.gwach2.axi_wach/grf.rf/gntv_or_sync_fifo.mem/goreg_dm.dout_i_reg[66]/C
                         clock pessimism              0.115    12.830    
                         clock uncertainty           -0.154    12.676    
    SLICE_X54Y56         FDRE (Setup_fdre_C_CE)      -0.169    12.507    design_1_i/axi_interconnect_0/s01_couplers/auto_us_df/inst/gen_upsizer.gen_full_upsizer.axi_upsizer_inst/USE_WRITE.gen_pktfifo_w_upsizer.pktfifo_write_data_inst/dw_fifogen_aw/inst_fifo_gen/gaxi_full_lite.gwrite_ch.gwach2.axi_wach/grf.rf/gntv_or_sync_fifo.mem/goreg_dm.dout_i_reg[66]
  -------------------------------------------------------------------
                         required time                         12.507    
                         arrival time                         -11.149    
  -------------------------------------------------------------------
                         slack                                  1.358    

Slack (MET) :             1.358ns  (required time - arrival time)
  Source:                 design_1_i/axi_interconnect_0/xbar/inst/gen_samd.crossbar_samd/gen_master_slots[0].gen_mi_write.wdata_mux_w/gen_wmux.wmux_aw_fifo/storage_data1_reg[1]/C
                            (rising edge-triggered cell FDRE clocked by clk_fpga_0  {rise@0.000ns fall@5.000ns period=10.000ns})
  Destination:            design_1_i/axi_interconnect_0/s01_couplers/auto_us_df/inst/gen_upsizer.gen_full_upsizer.axi_upsizer_inst/USE_WRITE.gen_pktfifo_w_upsizer.pktfifo_write_data_inst/dw_fifogen_aw/inst_fifo_gen/gaxi_full_lite.gwrite_ch.gwach2.axi_wach/grf.rf/gntv_or_sync_fifo.mem/goreg_dm.dout_i_reg[67]/CE
                            (rising edge-triggered cell FDRE clocked by clk_fpga_0  {rise@0.000ns fall@5.000ns period=10.000ns})
  Path Group:             clk_fpga_0
  Path Type:              Setup (Max at Slow Process Corner)
  Requirement:            10.000ns  (clk_fpga_0 rise@10.000ns - clk_fpga_0 rise@0.000ns)
  Data Path Delay:        8.109ns  (logic 1.682ns (20.743%)  route 6.427ns (79.257%))
  Logic Levels:           8  (LUT2=2 LUT3=2 LUT5=1 LUT6=3)
  Clock Path Skew:        -0.210ns (DCD - SCD + CPR)
    Destination Clock Delay (DCD):    2.715ns = ( 12.715 - 10.000 ) 
    Source Clock Delay      (SCD):    3.040ns
    Clock Pessimism Removal (CPR):    0.115ns
  Clock Uncertainty:      0.154ns  ((TSJ^2 + TIJ^2)^1/2 + DJ) / 2 + PE
    Total System Jitter     (TSJ):    0.071ns
    Total Input Jitter      (TIJ):    0.300ns
    Discrete Jitter          (DJ):    0.000ns
    Phase Error              (PE):    0.000ns

    Location             Delay type                Incr(ns)  Path(ns)    Netlist Resource(s)
  -------------------------------------------------------------------    -------------------
                         (clock clk_fpga_0 rise edge)
                                                      0.000     0.000 r  
    PS7_X0Y0             PS7                          0.000     0.000 r  design_1_i/processing_system7_0/inst/PS7_i/FCLKCLK[0]
                         net (fo=1, routed)           1.193     1.193    design_1_i/processing_system7_0/inst/FCLK_CLK_unbuffered[0]
    BUFGCTRL_X0Y16       BUFG (Prop_bufg_I_O)         0.101     1.294 r  design_1_i/processing_system7_0/inst/buffer_fclk_clk_0.FCLK_CLK_0_BUFG/O
                         net (fo=8817, routed)        1.746     3.040    design_1_i/axi_interconnect_0/xbar/inst/gen_samd.crossbar_samd/gen_master_slots[0].gen_mi_write.wdata_mux_w/gen_wmux.wmux_aw_fifo/aclk
    SLICE_X28Y42         FDRE                                         r  design_1_i/axi_interconnect_0/xbar/inst/gen_samd.crossbar_samd/gen_master_slots[0].gen_mi_write.wdata_mux_w/gen_wmux.wmux_aw_fifo/storage_data1_reg[1]/C
  -------------------------------------------------------------------    -------------------
    SLICE_X28Y42         FDRE (Prop_fdre_C_Q)         0.456     3.496 f  design_1_i/axi_interconnect_0/xbar/inst/gen_samd.crossbar_samd/gen_master_slots[0].gen_mi_write.wdata_mux_w/gen_wmux.wmux_aw_fifo/storage_data1_reg[1]/Q
                         net (fo=77, routed)          0.610     4.106    design_1_i/axi_interconnect_0/xbar/inst/gen_samd.crossbar_samd/gen_master_slots[0].gen_mi_write.wdata_mux_w/gen_wmux.wmux_aw_fifo/storage_data1_reg[1]_0
    SLICE_X29Y40         LUT2 (Prop_lut2_I1_O)        0.150     4.256 r  design_1_i/axi_interconnect_0/xbar/inst/gen_samd.crossbar_samd/gen_master_slots[0].gen_mi_write.wdata_mux_w/gen_wmux.wmux_aw_fifo/m_axi_wvalid[0]_INST_0_i_2/O
                         net (fo=2, routed)           0.521     4.777    design_1_i/axi_interconnect_0/xbar/inst/gen_samd.crossbar_samd/gen_slave_slots[1].gen_si_write.wdata_router_w/wrouter_aw_fifo/m_axi_wvalid[0][0]
    SLICE_X28Y40         LUT6 (Prop_lut6_I4_O)        0.332     5.109 r  design_1_i/axi_interconnect_0/xbar/inst/gen_samd.crossbar_samd/gen_slave_slots[1].gen_si_write.wdata_router_w/wrouter_aw_fifo/m_axi_wvalid[0]_INST_0/O
                         net (fo=7, routed)           0.849     5.958    design_1_i/axi_interconnect_0/m00_couplers/auto_pc/inst/gen_axi4_axi3.axi3_conv_inst/USE_WRITE.write_addr_inst/USE_BURSTS.cmd_queue/inst/s_axi_wvalid
    SLICE_X23Y43         LUT3 (Prop_lut3_I0_O)        0.124     6.082 r  design_1_i/axi_interconnect_0/m00_couplers/auto_pc/inst/gen_axi4_axi3.axi3_conv_inst/USE_WRITE.write_addr_inst/USE_BURSTS.cmd_queue/inst/s_axi_wready_INST_0/O
                         net (fo=9, routed)           0.739     6.820    design_1_i/axi_interconnect_0/xbar/inst/gen_samd.crossbar_samd/gen_master_slots[0].gen_mi_write.wdata_mux_w/gen_wmux.wmux_aw_fifo/m_axi_wready[0]
    SLICE_X29Y40         LUT6 (Prop_lut6_I1_O)        0.124     6.944 r  design_1_i/axi_interconnect_0/xbar/inst/gen_samd.crossbar_samd/gen_master_slots[0].gen_mi_write.wdata_mux_w/gen_wmux.wmux_aw_fifo/s_axi_wready[1]_INST_0_i_1/O
                         net (fo=2, routed)           0.587     7.531    design_1_i/axi_interconnect_0/xbar/inst/gen_samd.crossbar_samd/gen_slave_slots[1].gen_si_write.wdata_router_w/wrouter_aw_fifo/m_aready0__0
    SLICE_X29Y39         LUT2 (Prop_lut2_I1_O)        0.124     7.655 r  design_1_i/axi_interconnect_0/xbar/inst/gen_samd.crossbar_samd/gen_slave_slots[1].gen_si_write.wdata_router_w/wrouter_aw_fifo/s_axi_wready[1]_INST_0/O
                         net (fo=10, routed)          0.783     8.438    design_1_i/axi_interconnect_0/s01_couplers/auto_us_df/inst/gen_upsizer.gen_full_upsizer.axi_upsizer_inst/USE_WRITE.gen_pktfifo_w_upsizer.pktfifo_write_data_inst/m_axi_wready
    SLICE_X32Y36         LUT3 (Prop_lut3_I2_O)        0.124     8.562 r  design_1_i/axi_interconnect_0/s01_couplers/auto_us_df/inst/gen_upsizer.gen_full_upsizer.axi_upsizer_inst/USE_WRITE.gen_pktfifo_w_upsizer.pktfifo_write_data_inst/dw_fifogen_aw_i_4/O
                         net (fo=6, routed)           0.338     8.900    design_1_i/axi_interconnect_0/s01_couplers/auto_us_df/inst/gen_upsizer.gen_full_upsizer.axi_upsizer_inst/USE_WRITE.gen_pktfifo_w_upsizer.pktfifo_write_data_inst/dw_fifogen_aw_i_4_n_0
    SLICE_X34Y36         LUT5 (Prop_lut5_I4_O)        0.124     9.024 r  design_1_i/axi_interconnect_0/s01_couplers/auto_us_df/inst/gen_upsizer.gen_full_upsizer.axi_upsizer_inst/USE_WRITE.gen_pktfifo_w_upsizer.pktfifo_write_data_inst/dw_fifogen_aw_i_2/O
                         net (fo=10, routed)          0.554     9.579    design_1_i/axi_interconnect_0/s01_couplers/auto_us_df/inst/gen_upsizer.gen_full_upsizer.axi_upsizer_inst/USE_WRITE.gen_pktfifo_w_upsizer.pktfifo_write_data_inst/dw_fifogen_aw/inst_fifo_gen/gaxi_full_lite.gwrite_ch.gwach2.axi_wach/grf.rf/gntv_or_sync_fifo.gl0.rd/gr1.gr1_int.rfwft/m_axi_awready
    SLICE_X42Y37         LUT6 (Prop_lut6_I1_O)        0.124     9.703 r  design_1_i/axi_interconnect_0/s01_couplers/auto_us_df/inst/gen_upsizer.gen_full_upsizer.axi_upsizer_inst/USE_WRITE.gen_pktfifo_w_upsizer.pktfifo_write_data_inst/dw_fifogen_aw/inst_fifo_gen/gaxi_full_lite.gwrite_ch.gwach2.axi_wach/grf.rf/gntv_or_sync_fifo.gl0.rd/gr1.gr1_int.rfwft/goreg_dm.dout_i[95]_i_1/O
                         net (fo=92, routed)          1.446    11.149    design_1_i/axi_interconnect_0/s01_couplers/auto_us_df/inst/gen_upsizer.gen_full_upsizer.axi_upsizer_inst/USE_WRITE.gen_pktfifo_w_upsizer.pktfifo_write_data_inst/dw_fifogen_aw/inst_fifo_gen/gaxi_full_lite.gwrite_ch.gwach2.axi_wach/grf.rf/gntv_or_sync_fifo.mem/E[0]
    SLICE_X54Y56         FDRE                                         r  design_1_i/axi_interconnect_0/s01_couplers/auto_us_df/inst/gen_upsizer.gen_full_upsizer.axi_upsizer_inst/USE_WRITE.gen_pktfifo_w_upsizer.pktfifo_write_data_inst/dw_fifogen_aw/inst_fifo_gen/gaxi_full_lite.gwrite_ch.gwach2.axi_wach/grf.rf/gntv_or_sync_fifo.mem/goreg_dm.dout_i_reg[67]/CE
  -------------------------------------------------------------------    -------------------

                         (clock clk_fpga_0 rise edge)
                                                     10.000    10.000 r  
    PS7_X0Y0             PS7                          0.000    10.000 r  design_1_i/processing_system7_0/inst/PS7_i/FCLKCLK[0]
                         net (fo=1, routed)           1.088    11.088    design_1_i/processing_system7_0/inst/FCLK_CLK_unbuffered[0]
    BUFGCTRL_X0Y16       BUFG (Prop_bufg_I_O)         0.091    11.179 r  design_1_i/processing_system7_0/inst/buffer_fclk_clk_0.FCLK_CLK_0_BUFG/O
                         net (fo=8817, routed)        1.536    12.715    design_1_i/axi_interconnect_0/s01_couplers/auto_us_df/inst/gen_upsizer.gen_full_upsizer.axi_upsizer_inst/USE_WRITE.gen_pktfifo_w_upsizer.pktfifo_write_data_inst/dw_fifogen_aw/inst_fifo_gen/gaxi_full_lite.gwrite_ch.gwach2.axi_wach/grf.rf/gntv_or_sync_fifo.mem/s_aclk
    SLICE_X54Y56         FDRE                                         r  design_1_i/axi_interconnect_0/s01_couplers/auto_us_df/inst/gen_upsizer.gen_full_upsizer.axi_upsizer_inst/USE_WRITE.gen_pktfifo_w_upsizer.pktfifo_write_data_inst/dw_fifogen_aw/inst_fifo_gen/gaxi_full_lite.gwrite_ch.gwach2.axi_wach/grf.rf/gntv_or_sync_fifo.mem/goreg_dm.dout_i_reg[67]/C
                         clock pessimism              0.115    12.830    
                         clock uncertainty           -0.154    12.676    
    SLICE_X54Y56         FDRE (Setup_fdre_C_CE)      -0.169    12.507    design_1_i/axi_interconnect_0/s01_couplers/auto_us_df/inst/gen_upsizer.gen_full_upsizer.axi_upsizer_inst/USE_WRITE.gen_pktfifo_w_upsizer.pktfifo_write_data_inst/dw_fifogen_aw/inst_fifo_gen/gaxi_full_lite.gwrite_ch.gwach2.axi_wach/grf.rf/gntv_or_sync_fifo.mem/goreg_dm.dout_i_reg[67]
  -------------------------------------------------------------------
                         required time                         12.507    
                         arrival time                         -11.149    
  -------------------------------------------------------------------
                         slack                                  1.358    

Slack (MET) :             1.358ns  (required time - arrival time)
  Source:                 design_1_i/axi_interconnect_0/xbar/inst/gen_samd.crossbar_samd/gen_master_slots[0].gen_mi_write.wdata_mux_w/gen_wmux.wmux_aw_fifo/storage_data1_reg[1]/C
                            (rising edge-triggered cell FDRE clocked by clk_fpga_0  {rise@0.000ns fall@5.000ns period=10.000ns})
  Destination:            design_1_i/axi_interconnect_0/s01_couplers/auto_us_df/inst/gen_upsizer.gen_full_upsizer.axi_upsizer_inst/USE_WRITE.gen_pktfifo_w_upsizer.pktfifo_write_data_inst/dw_fifogen_aw/inst_fifo_gen/gaxi_full_lite.gwrite_ch.gwach2.axi_wach/grf.rf/gntv_or_sync_fifo.mem/goreg_dm.dout_i_reg[68]/CE
                            (rising edge-triggered cell FDRE clocked by clk_fpga_0  {rise@0.000ns fall@5.000ns period=10.000ns})
  Path Group:             clk_fpga_0
  Path Type:              Setup (Max at Slow Process Corner)
  Requirement:            10.000ns  (clk_fpga_0 rise@10.000ns - clk_fpga_0 rise@0.000ns)
  Data Path Delay:        8.109ns  (logic 1.682ns (20.743%)  route 6.427ns (79.257%))
  Logic Levels:           8  (LUT2=2 LUT3=2 LUT5=1 LUT6=3)
  Clock Path Skew:        -0.210ns (DCD - SCD + CPR)
    Destination Clock Delay (DCD):    2.715ns = ( 12.715 - 10.000 ) 
    Source Clock Delay      (SCD):    3.040ns
    Clock Pessimism Removal (CPR):    0.115ns
  Clock Uncertainty:      0.154ns  ((TSJ^2 + TIJ^2)^1/2 + DJ) / 2 + PE
    Total System Jitter     (TSJ):    0.071ns
    Total Input Jitter      (TIJ):    0.300ns
    Discrete Jitter          (DJ):    0.000ns
    Phase Error              (PE):    0.000ns

    Location             Delay type                Incr(ns)  Path(ns)    Netlist Resource(s)
  -------------------------------------------------------------------    -------------------
                         (clock clk_fpga_0 rise edge)
                                                      0.000     0.000 r  
    PS7_X0Y0             PS7                          0.000     0.000 r  design_1_i/processing_system7_0/inst/PS7_i/FCLKCLK[0]
                         net (fo=1, routed)           1.193     1.193    design_1_i/processing_system7_0/inst/FCLK_CLK_unbuffered[0]
    BUFGCTRL_X0Y16       BUFG (Prop_bufg_I_O)         0.101     1.294 r  design_1_i/processing_system7_0/inst/buffer_fclk_clk_0.FCLK_CLK_0_BUFG/O
                         net (fo=8817, routed)        1.746     3.040    design_1_i/axi_interconnect_0/xbar/inst/gen_samd.crossbar_samd/gen_master_slots[0].gen_mi_write.wdata_mux_w/gen_wmux.wmux_aw_fifo/aclk
    SLICE_X28Y42         FDRE                                         r  design_1_i/axi_interconnect_0/xbar/inst/gen_samd.crossbar_samd/gen_master_slots[0].gen_mi_write.wdata_mux_w/gen_wmux.wmux_aw_fifo/storage_data1_reg[1]/C
  -------------------------------------------------------------------    -------------------
    SLICE_X28Y42         FDRE (Prop_fdre_C_Q)         0.456     3.496 f  design_1_i/axi_interconnect_0/xbar/inst/gen_samd.crossbar_samd/gen_master_slots[0].gen_mi_write.wdata_mux_w/gen_wmux.wmux_aw_fifo/storage_data1_reg[1]/Q
                         net (fo=77, routed)          0.610     4.106    design_1_i/axi_interconnect_0/xbar/inst/gen_samd.crossbar_samd/gen_master_slots[0].gen_mi_write.wdata_mux_w/gen_wmux.wmux_aw_fifo/storage_data1_reg[1]_0
    SLICE_X29Y40         LUT2 (Prop_lut2_I1_O)        0.150     4.256 r  design_1_i/axi_interconnect_0/xbar/inst/gen_samd.crossbar_samd/gen_master_slots[0].gen_mi_write.wdata_mux_w/gen_wmux.wmux_aw_fifo/m_axi_wvalid[0]_INST_0_i_2/O
                         net (fo=2, routed)           0.521     4.777    design_1_i/axi_interconnect_0/xbar/inst/gen_samd.crossbar_samd/gen_slave_slots[1].gen_si_write.wdata_router_w/wrouter_aw_fifo/m_axi_wvalid[0][0]
    SLICE_X28Y40         LUT6 (Prop_lut6_I4_O)        0.332     5.109 r  design_1_i/axi_interconnect_0/xbar/inst/gen_samd.crossbar_samd/gen_slave_slots[1].gen_si_write.wdata_router_w/wrouter_aw_fifo/m_axi_wvalid[0]_INST_0/O
                         net (fo=7, routed)           0.849     5.958    design_1_i/axi_interconnect_0/m00_couplers/auto_pc/inst/gen_axi4_axi3.axi3_conv_inst/USE_WRITE.write_addr_inst/USE_BURSTS.cmd_queue/inst/s_axi_wvalid
    SLICE_X23Y43         LUT3 (Prop_lut3_I0_O)        0.124     6.082 r  design_1_i/axi_interconnect_0/m00_couplers/auto_pc/inst/gen_axi4_axi3.axi3_conv_inst/USE_WRITE.write_addr_inst/USE_BURSTS.cmd_queue/inst/s_axi_wready_INST_0/O
                         net (fo=9, routed)           0.739     6.820    design_1_i/axi_interconnect_0/xbar/inst/gen_samd.crossbar_samd/gen_master_slots[0].gen_mi_write.wdata_mux_w/gen_wmux.wmux_aw_fifo/m_axi_wready[0]
    SLICE_X29Y40         LUT6 (Prop_lut6_I1_O)        0.124     6.944 r  design_1_i/axi_interconnect_0/xbar/inst/gen_samd.crossbar_samd/gen_master_slots[0].gen_mi_write.wdata_mux_w/gen_wmux.wmux_aw_fifo/s_axi_wready[1]_INST_0_i_1/O
                         net (fo=2, routed)           0.587     7.531    design_1_i/axi_interconnect_0/xbar/inst/gen_samd.crossbar_samd/gen_slave_slots[1].gen_si_write.wdata_router_w/wrouter_aw_fifo/m_aready0__0
    SLICE_X29Y39         LUT2 (Prop_lut2_I1_O)        0.124     7.655 r  design_1_i/axi_interconnect_0/xbar/inst/gen_samd.crossbar_samd/gen_slave_slots[1].gen_si_write.wdata_router_w/wrouter_aw_fifo/s_axi_wready[1]_INST_0/O
                         net (fo=10, routed)          0.783     8.438    design_1_i/axi_interconnect_0/s01_couplers/auto_us_df/inst/gen_upsizer.gen_full_upsizer.axi_upsizer_inst/USE_WRITE.gen_pktfifo_w_upsizer.pktfifo_write_data_inst/m_axi_wready
    SLICE_X32Y36         LUT3 (Prop_lut3_I2_O)        0.124     8.562 r  design_1_i/axi_interconnect_0/s01_couplers/auto_us_df/inst/gen_upsizer.gen_full_upsizer.axi_upsizer_inst/USE_WRITE.gen_pktfifo_w_upsizer.pktfifo_write_data_inst/dw_fifogen_aw_i_4/O
                         net (fo=6, routed)           0.338     8.900    design_1_i/axi_interconnect_0/s01_couplers/auto_us_df/inst/gen_upsizer.gen_full_upsizer.axi_upsizer_inst/USE_WRITE.gen_pktfifo_w_upsizer.pktfifo_write_data_inst/dw_fifogen_aw_i_4_n_0
    SLICE_X34Y36         LUT5 (Prop_lut5_I4_O)        0.124     9.024 r  design_1_i/axi_interconnect_0/s01_couplers/auto_us_df/inst/gen_upsizer.gen_full_upsizer.axi_upsizer_inst/USE_WRITE.gen_pktfifo_w_upsizer.pktfifo_write_data_inst/dw_fifogen_aw_i_2/O
                         net (fo=10, routed)          0.554     9.579    design_1_i/axi_interconnect_0/s01_couplers/auto_us_df/inst/gen_upsizer.gen_full_upsizer.axi_upsizer_inst/USE_WRITE.gen_pktfifo_w_upsizer.pktfifo_write_data_inst/dw_fifogen_aw/inst_fifo_gen/gaxi_full_lite.gwrite_ch.gwach2.axi_wach/grf.rf/gntv_or_sync_fifo.gl0.rd/gr1.gr1_int.rfwft/m_axi_awready
    SLICE_X42Y37         LUT6 (Prop_lut6_I1_O)        0.124     9.703 r  design_1_i/axi_interconnect_0/s01_couplers/auto_us_df/inst/gen_upsizer.gen_full_upsizer.axi_upsizer_inst/USE_WRITE.gen_pktfifo_w_upsizer.pktfifo_write_data_inst/dw_fifogen_aw/inst_fifo_gen/gaxi_full_lite.gwrite_ch.gwach2.axi_wach/grf.rf/gntv_or_sync_fifo.gl0.rd/gr1.gr1_int.rfwft/goreg_dm.dout_i[95]_i_1/O
                         net (fo=92, routed)          1.446    11.149    design_1_i/axi_interconnect_0/s01_couplers/auto_us_df/inst/gen_upsizer.gen_full_upsizer.axi_upsizer_inst/USE_WRITE.gen_pktfifo_w_upsizer.pktfifo_write_data_inst/dw_fifogen_aw/inst_fifo_gen/gaxi_full_lite.gwrite_ch.gwach2.axi_wach/grf.rf/gntv_or_sync_fifo.mem/E[0]
    SLICE_X54Y56         FDRE                                         r  design_1_i/axi_interconnect_0/s01_couplers/auto_us_df/inst/gen_upsizer.gen_full_upsizer.axi_upsizer_inst/USE_WRITE.gen_pktfifo_w_upsizer.pktfifo_write_data_inst/dw_fifogen_aw/inst_fifo_gen/gaxi_full_lite.gwrite_ch.gwach2.axi_wach/grf.rf/gntv_or_sync_fifo.mem/goreg_dm.dout_i_reg[68]/CE
  -------------------------------------------------------------------    -------------------

                         (clock clk_fpga_0 rise edge)
                                                     10.000    10.000 r  
    PS7_X0Y0             PS7                          0.000    10.000 r  design_1_i/processing_system7_0/inst/PS7_i/FCLKCLK[0]
                         net (fo=1, routed)           1.088    11.088    design_1_i/processing_system7_0/inst/FCLK_CLK_unbuffered[0]
    BUFGCTRL_X0Y16       BUFG (Prop_bufg_I_O)         0.091    11.179 r  design_1_i/processing_system7_0/inst/buffer_fclk_clk_0.FCLK_CLK_0_BUFG/O
                         net (fo=8817, routed)        1.536    12.715    design_1_i/axi_interconnect_0/s01_couplers/auto_us_df/inst/gen_upsizer.gen_full_upsizer.axi_upsizer_inst/USE_WRITE.gen_pktfifo_w_upsizer.pktfifo_write_data_inst/dw_fifogen_aw/inst_fifo_gen/gaxi_full_lite.gwrite_ch.gwach2.axi_wach/grf.rf/gntv_or_sync_fifo.mem/s_aclk
    SLICE_X54Y56         FDRE                                         r  design_1_i/axi_interconnect_0/s01_couplers/auto_us_df/inst/gen_upsizer.gen_full_upsizer.axi_upsizer_inst/USE_WRITE.gen_pktfifo_w_upsizer.pktfifo_write_data_inst/dw_fifogen_aw/inst_fifo_gen/gaxi_full_lite.gwrite_ch.gwach2.axi_wach/grf.rf/gntv_or_sync_fifo.mem/goreg_dm.dout_i_reg[68]/C
                         clock pessimism              0.115    12.830    
                         clock uncertainty           -0.154    12.676    
    SLICE_X54Y56         FDRE (Setup_fdre_C_CE)      -0.169    12.507    design_1_i/axi_interconnect_0/s01_couplers/auto_us_df/inst/gen_upsizer.gen_full_upsizer.axi_upsizer_inst/USE_WRITE.gen_pktfifo_w_upsizer.pktfifo_write_data_inst/dw_fifogen_aw/inst_fifo_gen/gaxi_full_lite.gwrite_ch.gwach2.axi_wach/grf.rf/gntv_or_sync_fifo.mem/goreg_dm.dout_i_reg[68]
  -------------------------------------------------------------------
                         required time                         12.507    
                         arrival time                         -11.149    
  -------------------------------------------------------------------
                         slack                                  1.358    

Slack (MET) :             1.358ns  (required time - arrival time)
  Source:                 design_1_i/axi_interconnect_0/xbar/inst/gen_samd.crossbar_samd/gen_master_slots[0].gen_mi_write.wdata_mux_w/gen_wmux.wmux_aw_fifo/storage_data1_reg[1]/C
                            (rising edge-triggered cell FDRE clocked by clk_fpga_0  {rise@0.000ns fall@5.000ns period=10.000ns})
  Destination:            design_1_i/axi_interconnect_0/s01_couplers/auto_us_df/inst/gen_upsizer.gen_full_upsizer.axi_upsizer_inst/USE_WRITE.gen_pktfifo_w_upsizer.pktfifo_write_data_inst/dw_fifogen_aw/inst_fifo_gen/gaxi_full_lite.gwrite_ch.gwach2.axi_wach/grf.rf/gntv_or_sync_fifo.mem/goreg_dm.dout_i_reg[69]/CE
                            (rising edge-triggered cell FDRE clocked by clk_fpga_0  {rise@0.000ns fall@5.000ns period=10.000ns})
  Path Group:             clk_fpga_0
  Path Type:              Setup (Max at Slow Process Corner)
  Requirement:            10.000ns  (clk_fpga_0 rise@10.000ns - clk_fpga_0 rise@0.000ns)
  Data Path Delay:        8.109ns  (logic 1.682ns (20.743%)  route 6.427ns (79.257%))
  Logic Levels:           8  (LUT2=2 LUT3=2 LUT5=1 LUT6=3)
  Clock Path Skew:        -0.210ns (DCD - SCD + CPR)
    Destination Clock Delay (DCD):    2.715ns = ( 12.715 - 10.000 ) 
    Source Clock Delay      (SCD):    3.040ns
    Clock Pessimism Removal (CPR):    0.115ns
  Clock Uncertainty:      0.154ns  ((TSJ^2 + TIJ^2)^1/2 + DJ) / 2 + PE
    Total System Jitter     (TSJ):    0.071ns
    Total Input Jitter      (TIJ):    0.300ns
    Discrete Jitter          (DJ):    0.000ns
    Phase Error              (PE):    0.000ns

    Location             Delay type                Incr(ns)  Path(ns)    Netlist Resource(s)
  -------------------------------------------------------------------    -------------------
                         (clock clk_fpga_0 rise edge)
                                                      0.000     0.000 r  
    PS7_X0Y0             PS7                          0.000     0.000 r  design_1_i/processing_system7_0/inst/PS7_i/FCLKCLK[0]
                         net (fo=1, routed)           1.193     1.193    design_1_i/processing_system7_0/inst/FCLK_CLK_unbuffered[0]
    BUFGCTRL_X0Y16       BUFG (Prop_bufg_I_O)         0.101     1.294 r  design_1_i/processing_system7_0/inst/buffer_fclk_clk_0.FCLK_CLK_0_BUFG/O
                         net (fo=8817, routed)        1.746     3.040    design_1_i/axi_interconnect_0/xbar/inst/gen_samd.crossbar_samd/gen_master_slots[0].gen_mi_write.wdata_mux_w/gen_wmux.wmux_aw_fifo/aclk
    SLICE_X28Y42         FDRE                                         r  design_1_i/axi_interconnect_0/xbar/inst/gen_samd.crossbar_samd/gen_master_slots[0].gen_mi_write.wdata_mux_w/gen_wmux.wmux_aw_fifo/storage_data1_reg[1]/C
  -------------------------------------------------------------------    -------------------
    SLICE_X28Y42         FDRE (Prop_fdre_C_Q)         0.456     3.496 f  design_1_i/axi_interconnect_0/xbar/inst/gen_samd.crossbar_samd/gen_master_slots[0].gen_mi_write.wdata_mux_w/gen_wmux.wmux_aw_fifo/storage_data1_reg[1]/Q
                         net (fo=77, routed)          0.610     4.106    design_1_i/axi_interconnect_0/xbar/inst/gen_samd.crossbar_samd/gen_master_slots[0].gen_mi_write.wdata_mux_w/gen_wmux.wmux_aw_fifo/storage_data1_reg[1]_0
    SLICE_X29Y40         LUT2 (Prop_lut2_I1_O)        0.150     4.256 r  design_1_i/axi_interconnect_0/xbar/inst/gen_samd.crossbar_samd/gen_master_slots[0].gen_mi_write.wdata_mux_w/gen_wmux.wmux_aw_fifo/m_axi_wvalid[0]_INST_0_i_2/O
                         net (fo=2, routed)           0.521     4.777    design_1_i/axi_interconnect_0/xbar/inst/gen_samd.crossbar_samd/gen_slave_slots[1].gen_si_write.wdata_router_w/wrouter_aw_fifo/m_axi_wvalid[0][0]
    SLICE_X28Y40         LUT6 (Prop_lut6_I4_O)        0.332     5.109 r  design_1_i/axi_interconnect_0/xbar/inst/gen_samd.crossbar_samd/gen_slave_slots[1].gen_si_write.wdata_router_w/wrouter_aw_fifo/m_axi_wvalid[0]_INST_0/O
                         net (fo=7, routed)           0.849     5.958    design_1_i/axi_interconnect_0/m00_couplers/auto_pc/inst/gen_axi4_axi3.axi3_conv_inst/USE_WRITE.write_addr_inst/USE_BURSTS.cmd_queue/inst/s_axi_wvalid
    SLICE_X23Y43         LUT3 (Prop_lut3_I0_O)        0.124     6.082 r  design_1_i/axi_interconnect_0/m00_couplers/auto_pc/inst/gen_axi4_axi3.axi3_conv_inst/USE_WRITE.write_addr_inst/USE_BURSTS.cmd_queue/inst/s_axi_wready_INST_0/O
                         net (fo=9, routed)           0.739     6.820    design_1_i/axi_interconnect_0/xbar/inst/gen_samd.crossbar_samd/gen_master_slots[0].gen_mi_write.wdata_mux_w/gen_wmux.wmux_aw_fifo/m_axi_wready[0]
    SLICE_X29Y40         LUT6 (Prop_lut6_I1_O)        0.124     6.944 r  design_1_i/axi_interconnect_0/xbar/inst/gen_samd.crossbar_samd/gen_master_slots[0].gen_mi_write.wdata_mux_w/gen_wmux.wmux_aw_fifo/s_axi_wready[1]_INST_0_i_1/O
                         net (fo=2, routed)           0.587     7.531    design_1_i/axi_interconnect_0/xbar/inst/gen_samd.crossbar_samd/gen_slave_slots[1].gen_si_write.wdata_router_w/wrouter_aw_fifo/m_aready0__0
    SLICE_X29Y39         LUT2 (Prop_lut2_I1_O)        0.124     7.655 r  design_1_i/axi_interconnect_0/xbar/inst/gen_samd.crossbar_samd/gen_slave_slots[1].gen_si_write.wdata_router_w/wrouter_aw_fifo/s_axi_wready[1]_INST_0/O
                         net (fo=10, routed)          0.783     8.438    design_1_i/axi_interconnect_0/s01_couplers/auto_us_df/inst/gen_upsizer.gen_full_upsizer.axi_upsizer_inst/USE_WRITE.gen_pktfifo_w_upsizer.pktfifo_write_data_inst/m_axi_wready
    SLICE_X32Y36         LUT3 (Prop_lut3_I2_O)        0.124     8.562 r  design_1_i/axi_interconnect_0/s01_couplers/auto_us_df/inst/gen_upsizer.gen_full_upsizer.axi_upsizer_inst/USE_WRITE.gen_pktfifo_w_upsizer.pktfifo_write_data_inst/dw_fifogen_aw_i_4/O
                         net (fo=6, routed)           0.338     8.900    design_1_i/axi_interconnect_0/s01_couplers/auto_us_df/inst/gen_upsizer.gen_full_upsizer.axi_upsizer_inst/USE_WRITE.gen_pktfifo_w_upsizer.pktfifo_write_data_inst/dw_fifogen_aw_i_4_n_0
    SLICE_X34Y36         LUT5 (Prop_lut5_I4_O)        0.124     9.024 r  design_1_i/axi_interconnect_0/s01_couplers/auto_us_df/inst/gen_upsizer.gen_full_upsizer.axi_upsizer_inst/USE_WRITE.gen_pktfifo_w_upsizer.pktfifo_write_data_inst/dw_fifogen_aw_i_2/O
                         net (fo=10, routed)          0.554     9.579    design_1_i/axi_interconnect_0/s01_couplers/auto_us_df/inst/gen_upsizer.gen_full_upsizer.axi_upsizer_inst/USE_WRITE.gen_pktfifo_w_upsizer.pktfifo_write_data_inst/dw_fifogen_aw/inst_fifo_gen/gaxi_full_lite.gwrite_ch.gwach2.axi_wach/grf.rf/gntv_or_sync_fifo.gl0.rd/gr1.gr1_int.rfwft/m_axi_awready
    SLICE_X42Y37         LUT6 (Prop_lut6_I1_O)        0.124     9.703 r  design_1_i/axi_interconnect_0/s01_couplers/auto_us_df/inst/gen_upsizer.gen_full_upsizer.axi_upsizer_inst/USE_WRITE.gen_pktfifo_w_upsizer.pktfifo_write_data_inst/dw_fifogen_aw/inst_fifo_gen/gaxi_full_lite.gwrite_ch.gwach2.axi_wach/grf.rf/gntv_or_sync_fifo.gl0.rd/gr1.gr1_int.rfwft/goreg_dm.dout_i[95]_i_1/O
                         net (fo=92, routed)          1.446    11.149    design_1_i/axi_interconnect_0/s01_couplers/auto_us_df/inst/gen_upsizer.gen_full_upsizer.axi_upsizer_inst/USE_WRITE.gen_pktfifo_w_upsizer.pktfifo_write_data_inst/dw_fifogen_aw/inst_fifo_gen/gaxi_full_lite.gwrite_ch.gwach2.axi_wach/grf.rf/gntv_or_sync_fifo.mem/E[0]
    SLICE_X54Y56         FDRE                                         r  design_1_i/axi_interconnect_0/s01_couplers/auto_us_df/inst/gen_upsizer.gen_full_upsizer.axi_upsizer_inst/USE_WRITE.gen_pktfifo_w_upsizer.pktfifo_write_data_inst/dw_fifogen_aw/inst_fifo_gen/gaxi_full_lite.gwrite_ch.gwach2.axi_wach/grf.rf/gntv_or_sync_fifo.mem/goreg_dm.dout_i_reg[69]/CE
  -------------------------------------------------------------------    -------------------

                         (clock clk_fpga_0 rise edge)
                                                     10.000    10.000 r  
    PS7_X0Y0             PS7                          0.000    10.000 r  design_1_i/processing_system7_0/inst/PS7_i/FCLKCLK[0]
                         net (fo=1, routed)           1.088    11.088    design_1_i/processing_system7_0/inst/FCLK_CLK_unbuffered[0]
    BUFGCTRL_X0Y16       BUFG (Prop_bufg_I_O)         0.091    11.179 r  design_1_i/processing_system7_0/inst/buffer_fclk_clk_0.FCLK_CLK_0_BUFG/O
                         net (fo=8817, routed)        1.536    12.715    design_1_i/axi_interconnect_0/s01_couplers/auto_us_df/inst/gen_upsizer.gen_full_upsizer.axi_upsizer_inst/USE_WRITE.gen_pktfifo_w_upsizer.pktfifo_write_data_inst/dw_fifogen_aw/inst_fifo_gen/gaxi_full_lite.gwrite_ch.gwach2.axi_wach/grf.rf/gntv_or_sync_fifo.mem/s_aclk
    SLICE_X54Y56         FDRE                                         r  design_1_i/axi_interconnect_0/s01_couplers/auto_us_df/inst/gen_upsizer.gen_full_upsizer.axi_upsizer_inst/USE_WRITE.gen_pktfifo_w_upsizer.pktfifo_write_data_inst/dw_fifogen_aw/inst_fifo_gen/gaxi_full_lite.gwrite_ch.gwach2.axi_wach/grf.rf/gntv_or_sync_fifo.mem/goreg_dm.dout_i_reg[69]/C
                         clock pessimism              0.115    12.830    
                         clock uncertainty           -0.154    12.676    
    SLICE_X54Y56         FDRE (Setup_fdre_C_CE)      -0.169    12.507    design_1_i/axi_interconnect_0/s01_couplers/auto_us_df/inst/gen_upsizer.gen_full_upsizer.axi_upsizer_inst/USE_WRITE.gen_pktfifo_w_upsizer.pktfifo_write_data_inst/dw_fifogen_aw/inst_fifo_gen/gaxi_full_lite.gwrite_ch.gwach2.axi_wach/grf.rf/gntv_or_sync_fifo.mem/goreg_dm.dout_i_reg[69]
  -------------------------------------------------------------------
                         required time                         12.507    
                         arrival time                         -11.149    
  -------------------------------------------------------------------
                         slack                                  1.358    

Slack (MET) :             1.358ns  (required time - arrival time)
  Source:                 design_1_i/axi_interconnect_0/xbar/inst/gen_samd.crossbar_samd/gen_master_slots[0].gen_mi_write.wdata_mux_w/gen_wmux.wmux_aw_fifo/storage_data1_reg[1]/C
                            (rising edge-triggered cell FDRE clocked by clk_fpga_0  {rise@0.000ns fall@5.000ns period=10.000ns})
  Destination:            design_1_i/axi_interconnect_0/s01_couplers/auto_us_df/inst/gen_upsizer.gen_full_upsizer.axi_upsizer_inst/USE_WRITE.gen_pktfifo_w_upsizer.pktfifo_write_data_inst/dw_fifogen_aw/inst_fifo_gen/gaxi_full_lite.gwrite_ch.gwach2.axi_wach/grf.rf/gntv_or_sync_fifo.mem/goreg_dm.dout_i_reg[70]/CE
                            (rising edge-triggered cell FDRE clocked by clk_fpga_0  {rise@0.000ns fall@5.000ns period=10.000ns})
  Path Group:             clk_fpga_0
  Path Type:              Setup (Max at Slow Process Corner)
  Requirement:            10.000ns  (clk_fpga_0 rise@10.000ns - clk_fpga_0 rise@0.000ns)
  Data Path Delay:        8.109ns  (logic 1.682ns (20.743%)  route 6.427ns (79.257%))
  Logic Levels:           8  (LUT2=2 LUT3=2 LUT5=1 LUT6=3)
  Clock Path Skew:        -0.210ns (DCD - SCD + CPR)
    Destination Clock Delay (DCD):    2.715ns = ( 12.715 - 10.000 ) 
    Source Clock Delay      (SCD):    3.040ns
    Clock Pessimism Removal (CPR):    0.115ns
  Clock Uncertainty:      0.154ns  ((TSJ^2 + TIJ^2)^1/2 + DJ) / 2 + PE
    Total System Jitter     (TSJ):    0.071ns
    Total Input Jitter      (TIJ):    0.300ns
    Discrete Jitter          (DJ):    0.000ns
    Phase Error              (PE):    0.000ns

    Location             Delay type                Incr(ns)  Path(ns)    Netlist Resource(s)
  -------------------------------------------------------------------    -------------------
                         (clock clk_fpga_0 rise edge)
                                                      0.000     0.000 r  
    PS7_X0Y0             PS7                          0.000     0.000 r  design_1_i/processing_system7_0/inst/PS7_i/FCLKCLK[0]
                         net (fo=1, routed)           1.193     1.193    design_1_i/processing_system7_0/inst/FCLK_CLK_unbuffered[0]
    BUFGCTRL_X0Y16       BUFG (Prop_bufg_I_O)         0.101     1.294 r  design_1_i/processing_system7_0/inst/buffer_fclk_clk_0.FCLK_CLK_0_BUFG/O
                         net (fo=8817, routed)        1.746     3.040    design_1_i/axi_interconnect_0/xbar/inst/gen_samd.crossbar_samd/gen_master_slots[0].gen_mi_write.wdata_mux_w/gen_wmux.wmux_aw_fifo/aclk
    SLICE_X28Y42         FDRE                                         r  design_1_i/axi_interconnect_0/xbar/inst/gen_samd.crossbar_samd/gen_master_slots[0].gen_mi_write.wdata_mux_w/gen_wmux.wmux_aw_fifo/storage_data1_reg[1]/C
  -------------------------------------------------------------------    -------------------
    SLICE_X28Y42         FDRE (Prop_fdre_C_Q)         0.456     3.496 f  design_1_i/axi_interconnect_0/xbar/inst/gen_samd.crossbar_samd/gen_master_slots[0].gen_mi_write.wdata_mux_w/gen_wmux.wmux_aw_fifo/storage_data1_reg[1]/Q
                         net (fo=77, routed)          0.610     4.106    design_1_i/axi_interconnect_0/xbar/inst/gen_samd.crossbar_samd/gen_master_slots[0].gen_mi_write.wdata_mux_w/gen_wmux.wmux_aw_fifo/storage_data1_reg[1]_0
    SLICE_X29Y40         LUT2 (Prop_lut2_I1_O)        0.150     4.256 r  design_1_i/axi_interconnect_0/xbar/inst/gen_samd.crossbar_samd/gen_master_slots[0].gen_mi_write.wdata_mux_w/gen_wmux.wmux_aw_fifo/m_axi_wvalid[0]_INST_0_i_2/O
                         net (fo=2, routed)           0.521     4.777    design_1_i/axi_interconnect_0/xbar/inst/gen_samd.crossbar_samd/gen_slave_slots[1].gen_si_write.wdata_router_w/wrouter_aw_fifo/m_axi_wvalid[0][0]
    SLICE_X28Y40         LUT6 (Prop_lut6_I4_O)        0.332     5.109 r  design_1_i/axi_interconnect_0/xbar/inst/gen_samd.crossbar_samd/gen_slave_slots[1].gen_si_write.wdata_router_w/wrouter_aw_fifo/m_axi_wvalid[0]_INST_0/O
                         net (fo=7, routed)           0.849     5.958    design_1_i/axi_interconnect_0/m00_couplers/auto_pc/inst/gen_axi4_axi3.axi3_conv_inst/USE_WRITE.write_addr_inst/USE_BURSTS.cmd_queue/inst/s_axi_wvalid
    SLICE_X23Y43         LUT3 (Prop_lut3_I0_O)        0.124     6.082 r  design_1_i/axi_interconnect_0/m00_couplers/auto_pc/inst/gen_axi4_axi3.axi3_conv_inst/USE_WRITE.write_addr_inst/USE_BURSTS.cmd_queue/inst/s_axi_wready_INST_0/O
                         net (fo=9, routed)           0.739     6.820    design_1_i/axi_interconnect_0/xbar/inst/gen_samd.crossbar_samd/gen_master_slots[0].gen_mi_write.wdata_mux_w/gen_wmux.wmux_aw_fifo/m_axi_wready[0]
    SLICE_X29Y40         LUT6 (Prop_lut6_I1_O)        0.124     6.944 r  design_1_i/axi_interconnect_0/xbar/inst/gen_samd.crossbar_samd/gen_master_slots[0].gen_mi_write.wdata_mux_w/gen_wmux.wmux_aw_fifo/s_axi_wready[1]_INST_0_i_1/O
                         net (fo=2, routed)           0.587     7.531    design_1_i/axi_interconnect_0/xbar/inst/gen_samd.crossbar_samd/gen_slave_slots[1].gen_si_write.wdata_router_w/wrouter_aw_fifo/m_aready0__0
    SLICE_X29Y39         LUT2 (Prop_lut2_I1_O)        0.124     7.655 r  design_1_i/axi_interconnect_0/xbar/inst/gen_samd.crossbar_samd/gen_slave_slots[1].gen_si_write.wdata_router_w/wrouter_aw_fifo/s_axi_wready[1]_INST_0/O
                         net (fo=10, routed)          0.783     8.438    design_1_i/axi_interconnect_0/s01_couplers/auto_us_df/inst/gen_upsizer.gen_full_upsizer.axi_upsizer_inst/USE_WRITE.gen_pktfifo_w_upsizer.pktfifo_write_data_inst/m_axi_wready
    SLICE_X32Y36         LUT3 (Prop_lut3_I2_O)        0.124     8.562 r  design_1_i/axi_interconnect_0/s01_couplers/auto_us_df/inst/gen_upsizer.gen_full_upsizer.axi_upsizer_inst/USE_WRITE.gen_pktfifo_w_upsizer.pktfifo_write_data_inst/dw_fifogen_aw_i_4/O
                         net (fo=6, routed)           0.338     8.900    design_1_i/axi_interconnect_0/s01_couplers/auto_us_df/inst/gen_upsizer.gen_full_upsizer.axi_upsizer_inst/USE_WRITE.gen_pktfifo_w_upsizer.pktfifo_write_data_inst/dw_fifogen_aw_i_4_n_0
    SLICE_X34Y36         LUT5 (Prop_lut5_I4_O)        0.124     9.024 r  design_1_i/axi_interconnect_0/s01_couplers/auto_us_df/inst/gen_upsizer.gen_full_upsizer.axi_upsizer_inst/USE_WRITE.gen_pktfifo_w_upsizer.pktfifo_write_data_inst/dw_fifogen_aw_i_2/O
                         net (fo=10, routed)          0.554     9.579    design_1_i/axi_interconnect_0/s01_couplers/auto_us_df/inst/gen_upsizer.gen_full_upsizer.axi_upsizer_inst/USE_WRITE.gen_pktfifo_w_upsizer.pktfifo_write_data_inst/dw_fifogen_aw/inst_fifo_gen/gaxi_full_lite.gwrite_ch.gwach2.axi_wach/grf.rf/gntv_or_sync_fifo.gl0.rd/gr1.gr1_int.rfwft/m_axi_awready
    SLICE_X42Y37         LUT6 (Prop_lut6_I1_O)        0.124     9.703 r  design_1_i/axi_interconnect_0/s01_couplers/auto_us_df/inst/gen_upsizer.gen_full_upsizer.axi_upsizer_inst/USE_WRITE.gen_pktfifo_w_upsizer.pktfifo_write_data_inst/dw_fifogen_aw/inst_fifo_gen/gaxi_full_lite.gwrite_ch.gwach2.axi_wach/grf.rf/gntv_or_sync_fifo.gl0.rd/gr1.gr1_int.rfwft/goreg_dm.dout_i[95]_i_1/O
                         net (fo=92, routed)          1.446    11.149    design_1_i/axi_interconnect_0/s01_couplers/auto_us_df/inst/gen_upsizer.gen_full_upsizer.axi_upsizer_inst/USE_WRITE.gen_pktfifo_w_upsizer.pktfifo_write_data_inst/dw_fifogen_aw/inst_fifo_gen/gaxi_full_lite.gwrite_ch.gwach2.axi_wach/grf.rf/gntv_or_sync_fifo.mem/E[0]
    SLICE_X54Y56         FDRE                                         r  design_1_i/axi_interconnect_0/s01_couplers/auto_us_df/inst/gen_upsizer.gen_full_upsizer.axi_upsizer_inst/USE_WRITE.gen_pktfifo_w_upsizer.pktfifo_write_data_inst/dw_fifogen_aw/inst_fifo_gen/gaxi_full_lite.gwrite_ch.gwach2.axi_wach/grf.rf/gntv_or_sync_fifo.mem/goreg_dm.dout_i_reg[70]/CE
  -------------------------------------------------------------------    -------------------

                         (clock clk_fpga_0 rise edge)
                                                     10.000    10.000 r  
    PS7_X0Y0             PS7                          0.000    10.000 r  design_1_i/processing_system7_0/inst/PS7_i/FCLKCLK[0]
                         net (fo=1, routed)           1.088    11.088    design_1_i/processing_system7_0/inst/FCLK_CLK_unbuffered[0]
    BUFGCTRL_X0Y16       BUFG (Prop_bufg_I_O)         0.091    11.179 r  design_1_i/processing_system7_0/inst/buffer_fclk_clk_0.FCLK_CLK_0_BUFG/O
                         net (fo=8817, routed)        1.536    12.715    design_1_i/axi_interconnect_0/s01_couplers/auto_us_df/inst/gen_upsizer.gen_full_upsizer.axi_upsizer_inst/USE_WRITE.gen_pktfifo_w_upsizer.pktfifo_write_data_inst/dw_fifogen_aw/inst_fifo_gen/gaxi_full_lite.gwrite_ch.gwach2.axi_wach/grf.rf/gntv_or_sync_fifo.mem/s_aclk
    SLICE_X54Y56         FDRE                                         r  design_1_i/axi_interconnect_0/s01_couplers/auto_us_df/inst/gen_upsizer.gen_full_upsizer.axi_upsizer_inst/USE_WRITE.gen_pktfifo_w_upsizer.pktfifo_write_data_inst/dw_fifogen_aw/inst_fifo_gen/gaxi_full_lite.gwrite_ch.gwach2.axi_wach/grf.rf/gntv_or_sync_fifo.mem/goreg_dm.dout_i_reg[70]/C
                         clock pessimism              0.115    12.830    
                         clock uncertainty           -0.154    12.676    
    SLICE_X54Y56         FDRE (Setup_fdre_C_CE)      -0.169    12.507    design_1_i/axi_interconnect_0/s01_couplers/auto_us_df/inst/gen_upsizer.gen_full_upsizer.axi_upsizer_inst/USE_WRITE.gen_pktfifo_w_upsizer.pktfifo_write_data_inst/dw_fifogen_aw/inst_fifo_gen/gaxi_full_lite.gwrite_ch.gwach2.axi_wach/grf.rf/gntv_or_sync_fifo.mem/goreg_dm.dout_i_reg[70]
  -------------------------------------------------------------------
                         required time                         12.507    
                         arrival time                         -11.149    
  -------------------------------------------------------------------
                         slack                                  1.358    

Slack (MET) :             1.358ns  (required time - arrival time)
  Source:                 design_1_i/axi_interconnect_0/xbar/inst/gen_samd.crossbar_samd/gen_master_slots[0].gen_mi_write.wdata_mux_w/gen_wmux.wmux_aw_fifo/storage_data1_reg[1]/C
                            (rising edge-triggered cell FDRE clocked by clk_fpga_0  {rise@0.000ns fall@5.000ns period=10.000ns})
  Destination:            design_1_i/axi_interconnect_0/s01_couplers/auto_us_df/inst/gen_upsizer.gen_full_upsizer.axi_upsizer_inst/USE_WRITE.gen_pktfifo_w_upsizer.pktfifo_write_data_inst/dw_fifogen_aw/inst_fifo_gen/gaxi_full_lite.gwrite_ch.gwach2.axi_wach/grf.rf/gntv_or_sync_fifo.mem/goreg_dm.dout_i_reg[71]/CE
                            (rising edge-triggered cell FDRE clocked by clk_fpga_0  {rise@0.000ns fall@5.000ns period=10.000ns})
  Path Group:             clk_fpga_0
  Path Type:              Setup (Max at Slow Process Corner)
  Requirement:            10.000ns  (clk_fpga_0 rise@10.000ns - clk_fpga_0 rise@0.000ns)
  Data Path Delay:        8.109ns  (logic 1.682ns (20.743%)  route 6.427ns (79.257%))
  Logic Levels:           8  (LUT2=2 LUT3=2 LUT5=1 LUT6=3)
  Clock Path Skew:        -0.210ns (DCD - SCD + CPR)
    Destination Clock Delay (DCD):    2.715ns = ( 12.715 - 10.000 ) 
    Source Clock Delay      (SCD):    3.040ns
    Clock Pessimism Removal (CPR):    0.115ns
  Clock Uncertainty:      0.154ns  ((TSJ^2 + TIJ^2)^1/2 + DJ) / 2 + PE
    Total System Jitter     (TSJ):    0.071ns
    Total Input Jitter      (TIJ):    0.300ns
    Discrete Jitter          (DJ):    0.000ns
    Phase Error              (PE):    0.000ns

    Location             Delay type                Incr(ns)  Path(ns)    Netlist Resource(s)
  -------------------------------------------------------------------    -------------------
                         (clock clk_fpga_0 rise edge)
                                                      0.000     0.000 r  
    PS7_X0Y0             PS7                          0.000     0.000 r  design_1_i/processing_system7_0/inst/PS7_i/FCLKCLK[0]
                         net (fo=1, routed)           1.193     1.193    design_1_i/processing_system7_0/inst/FCLK_CLK_unbuffered[0]
    BUFGCTRL_X0Y16       BUFG (Prop_bufg_I_O)         0.101     1.294 r  design_1_i/processing_system7_0/inst/buffer_fclk_clk_0.FCLK_CLK_0_BUFG/O
                         net (fo=8817, routed)        1.746     3.040    design_1_i/axi_interconnect_0/xbar/inst/gen_samd.crossbar_samd/gen_master_slots[0].gen_mi_write.wdata_mux_w/gen_wmux.wmux_aw_fifo/aclk
    SLICE_X28Y42         FDRE                                         r  design_1_i/axi_interconnect_0/xbar/inst/gen_samd.crossbar_samd/gen_master_slots[0].gen_mi_write.wdata_mux_w/gen_wmux.wmux_aw_fifo/storage_data1_reg[1]/C
  -------------------------------------------------------------------    -------------------
    SLICE_X28Y42         FDRE (Prop_fdre_C_Q)         0.456     3.496 f  design_1_i/axi_interconnect_0/xbar/inst/gen_samd.crossbar_samd/gen_master_slots[0].gen_mi_write.wdata_mux_w/gen_wmux.wmux_aw_fifo/storage_data1_reg[1]/Q
                         net (fo=77, routed)          0.610     4.106    design_1_i/axi_interconnect_0/xbar/inst/gen_samd.crossbar_samd/gen_master_slots[0].gen_mi_write.wdata_mux_w/gen_wmux.wmux_aw_fifo/storage_data1_reg[1]_0
    SLICE_X29Y40         LUT2 (Prop_lut2_I1_O)        0.150     4.256 r  design_1_i/axi_interconnect_0/xbar/inst/gen_samd.crossbar_samd/gen_master_slots[0].gen_mi_write.wdata_mux_w/gen_wmux.wmux_aw_fifo/m_axi_wvalid[0]_INST_0_i_2/O
                         net (fo=2, routed)           0.521     4.777    design_1_i/axi_interconnect_0/xbar/inst/gen_samd.crossbar_samd/gen_slave_slots[1].gen_si_write.wdata_router_w/wrouter_aw_fifo/m_axi_wvalid[0][0]
    SLICE_X28Y40         LUT6 (Prop_lut6_I4_O)        0.332     5.109 r  design_1_i/axi_interconnect_0/xbar/inst/gen_samd.crossbar_samd/gen_slave_slots[1].gen_si_write.wdata_router_w/wrouter_aw_fifo/m_axi_wvalid[0]_INST_0/O
                         net (fo=7, routed)           0.849     5.958    design_1_i/axi_interconnect_0/m00_couplers/auto_pc/inst/gen_axi4_axi3.axi3_conv_inst/USE_WRITE.write_addr_inst/USE_BURSTS.cmd_queue/inst/s_axi_wvalid
    SLICE_X23Y43         LUT3 (Prop_lut3_I0_O)        0.124     6.082 r  design_1_i/axi_interconnect_0/m00_couplers/auto_pc/inst/gen_axi4_axi3.axi3_conv_inst/USE_WRITE.write_addr_inst/USE_BURSTS.cmd_queue/inst/s_axi_wready_INST_0/O
                         net (fo=9, routed)           0.739     6.820    design_1_i/axi_interconnect_0/xbar/inst/gen_samd.crossbar_samd/gen_master_slots[0].gen_mi_write.wdata_mux_w/gen_wmux.wmux_aw_fifo/m_axi_wready[0]
    SLICE_X29Y40         LUT6 (Prop_lut6_I1_O)        0.124     6.944 r  design_1_i/axi_interconnect_0/xbar/inst/gen_samd.crossbar_samd/gen_master_slots[0].gen_mi_write.wdata_mux_w/gen_wmux.wmux_aw_fifo/s_axi_wready[1]_INST_0_i_1/O
                         net (fo=2, routed)           0.587     7.531    design_1_i/axi_interconnect_0/xbar/inst/gen_samd.crossbar_samd/gen_slave_slots[1].gen_si_write.wdata_router_w/wrouter_aw_fifo/m_aready0__0
    SLICE_X29Y39         LUT2 (Prop_lut2_I1_O)        0.124     7.655 r  design_1_i/axi_interconnect_0/xbar/inst/gen_samd.crossbar_samd/gen_slave_slots[1].gen_si_write.wdata_router_w/wrouter_aw_fifo/s_axi_wready[1]_INST_0/O
                         net (fo=10, routed)          0.783     8.438    design_1_i/axi_interconnect_0/s01_couplers/auto_us_df/inst/gen_upsizer.gen_full_upsizer.axi_upsizer_inst/USE_WRITE.gen_pktfifo_w_upsizer.pktfifo_write_data_inst/m_axi_wready
    SLICE_X32Y36         LUT3 (Prop_lut3_I2_O)        0.124     8.562 r  design_1_i/axi_interconnect_0/s01_couplers/auto_us_df/inst/gen_upsizer.gen_full_upsizer.axi_upsizer_inst/USE_WRITE.gen_pktfifo_w_upsizer.pktfifo_write_data_inst/dw_fifogen_aw_i_4/O
                         net (fo=6, routed)           0.338     8.900    design_1_i/axi_interconnect_0/s01_couplers/auto_us_df/inst/gen_upsizer.gen_full_upsizer.axi_upsizer_inst/USE_WRITE.gen_pktfifo_w_upsizer.pktfifo_write_data_inst/dw_fifogen_aw_i_4_n_0
    SLICE_X34Y36         LUT5 (Prop_lut5_I4_O)        0.124     9.024 r  design_1_i/axi_interconnect_0/s01_couplers/auto_us_df/inst/gen_upsizer.gen_full_upsizer.axi_upsizer_inst/USE_WRITE.gen_pktfifo_w_upsizer.pktfifo_write_data_inst/dw_fifogen_aw_i_2/O
                         net (fo=10, routed)          0.554     9.579    design_1_i/axi_interconnect_0/s01_couplers/auto_us_df/inst/gen_upsizer.gen_full_upsizer.axi_upsizer_inst/USE_WRITE.gen_pktfifo_w_upsizer.pktfifo_write_data_inst/dw_fifogen_aw/inst_fifo_gen/gaxi_full_lite.gwrite_ch.gwach2.axi_wach/grf.rf/gntv_or_sync_fifo.gl0.rd/gr1.gr1_int.rfwft/m_axi_awready
    SLICE_X42Y37         LUT6 (Prop_lut6_I1_O)        0.124     9.703 r  design_1_i/axi_interconnect_0/s01_couplers/auto_us_df/inst/gen_upsizer.gen_full_upsizer.axi_upsizer_inst/USE_WRITE.gen_pktfifo_w_upsizer.pktfifo_write_data_inst/dw_fifogen_aw/inst_fifo_gen/gaxi_full_lite.gwrite_ch.gwach2.axi_wach/grf.rf/gntv_or_sync_fifo.gl0.rd/gr1.gr1_int.rfwft/goreg_dm.dout_i[95]_i_1/O
                         net (fo=92, routed)          1.446    11.149    design_1_i/axi_interconnect_0/s01_couplers/auto_us_df/inst/gen_upsizer.gen_full_upsizer.axi_upsizer_inst/USE_WRITE.gen_pktfifo_w_upsizer.pktfifo_write_data_inst/dw_fifogen_aw/inst_fifo_gen/gaxi_full_lite.gwrite_ch.gwach2.axi_wach/grf.rf/gntv_or_sync_fifo.mem/E[0]
    SLICE_X54Y56         FDRE                                         r  design_1_i/axi_interconnect_0/s01_couplers/auto_us_df/inst/gen_upsizer.gen_full_upsizer.axi_upsizer_inst/USE_WRITE.gen_pktfifo_w_upsizer.pktfifo_write_data_inst/dw_fifogen_aw/inst_fifo_gen/gaxi_full_lite.gwrite_ch.gwach2.axi_wach/grf.rf/gntv_or_sync_fifo.mem/goreg_dm.dout_i_reg[71]/CE
  -------------------------------------------------------------------    -------------------

                         (clock clk_fpga_0 rise edge)
                                                     10.000    10.000 r  
    PS7_X0Y0             PS7                          0.000    10.000 r  design_1_i/processing_system7_0/inst/PS7_i/FCLKCLK[0]
                         net (fo=1, routed)           1.088    11.088    design_1_i/processing_system7_0/inst/FCLK_CLK_unbuffered[0]
    BUFGCTRL_X0Y16       BUFG (Prop_bufg_I_O)         0.091    11.179 r  design_1_i/processing_system7_0/inst/buffer_fclk_clk_0.FCLK_CLK_0_BUFG/O
                         net (fo=8817, routed)        1.536    12.715    design_1_i/axi_interconnect_0/s01_couplers/auto_us_df/inst/gen_upsizer.gen_full_upsizer.axi_upsizer_inst/USE_WRITE.gen_pktfifo_w_upsizer.pktfifo_write_data_inst/dw_fifogen_aw/inst_fifo_gen/gaxi_full_lite.gwrite_ch.gwach2.axi_wach/grf.rf/gntv_or_sync_fifo.mem/s_aclk
    SLICE_X54Y56         FDRE                                         r  design_1_i/axi_interconnect_0/s01_couplers/auto_us_df/inst/gen_upsizer.gen_full_upsizer.axi_upsizer_inst/USE_WRITE.gen_pktfifo_w_upsizer.pktfifo_write_data_inst/dw_fifogen_aw/inst_fifo_gen/gaxi_full_lite.gwrite_ch.gwach2.axi_wach/grf.rf/gntv_or_sync_fifo.mem/goreg_dm.dout_i_reg[71]/C
                         clock pessimism              0.115    12.830    
                         clock uncertainty           -0.154    12.676    
    SLICE_X54Y56         FDRE (Setup_fdre_C_CE)      -0.169    12.507    design_1_i/axi_interconnect_0/s01_couplers/auto_us_df/inst/gen_upsizer.gen_full_upsizer.axi_upsizer_inst/USE_WRITE.gen_pktfifo_w_upsizer.pktfifo_write_data_inst/dw_fifogen_aw/inst_fifo_gen/gaxi_full_lite.gwrite_ch.gwach2.axi_wach/grf.rf/gntv_or_sync_fifo.mem/goreg_dm.dout_i_reg[71]
  -------------------------------------------------------------------
                         required time                         12.507    
                         arrival time                         -11.149    
  -------------------------------------------------------------------
                         slack                                  1.358    

Slack (MET) :             1.369ns  (required time - arrival time)
  Source:                 design_1_i/axi_interconnect_0/xbar/inst/gen_samd.crossbar_samd/gen_master_slots[0].gen_mi_write.wdata_mux_w/gen_wmux.wmux_aw_fifo/storage_data1_reg[1]/C
                            (rising edge-triggered cell FDRE clocked by clk_fpga_0  {rise@0.000ns fall@5.000ns period=10.000ns})
  Destination:            design_1_i/axi_interconnect_0/s01_couplers/auto_us_df/inst/gen_upsizer.gen_full_upsizer.axi_upsizer_inst/USE_WRITE.gen_pktfifo_w_upsizer.pktfifo_write_data_inst/dw_fifogen_aw/inst_fifo_gen/gaxi_full_lite.gwrite_ch.gwach2.axi_wach/grf.rf/gntv_or_sync_fifo.gl0.wr/gwss.wsts/ram_full_fb_i_reg/D
                            (rising edge-triggered cell FDPE clocked by clk_fpga_0  {rise@0.000ns fall@5.000ns period=10.000ns})
  Path Group:             clk_fpga_0
  Path Type:              Setup (Max at Slow Process Corner)
  Requirement:            10.000ns  (clk_fpga_0 rise@10.000ns - clk_fpga_0 rise@0.000ns)
  Data Path Delay:        8.268ns  (logic 1.806ns (21.843%)  route 6.462ns (78.157%))
  Logic Levels:           9  (LUT2=2 LUT3=2 LUT4=1 LUT5=1 LUT6=3)
  Clock Path Skew:        -0.142ns (DCD - SCD + CPR)
    Destination Clock Delay (DCD):    2.668ns = ( 12.668 - 10.000 ) 
    Source Clock Delay      (SCD):    3.040ns
    Clock Pessimism Removal (CPR):    0.230ns
  Clock Uncertainty:      0.154ns  ((TSJ^2 + TIJ^2)^1/2 + DJ) / 2 + PE
    Total System Jitter     (TSJ):    0.071ns
    Total Input Jitter      (TIJ):    0.300ns
    Discrete Jitter          (DJ):    0.000ns
    Phase Error              (PE):    0.000ns

    Location             Delay type                Incr(ns)  Path(ns)    Netlist Resource(s)
  -------------------------------------------------------------------    -------------------
                         (clock clk_fpga_0 rise edge)
                                                      0.000     0.000 r  
    PS7_X0Y0             PS7                          0.000     0.000 r  design_1_i/processing_system7_0/inst/PS7_i/FCLKCLK[0]
                         net (fo=1, routed)           1.193     1.193    design_1_i/processing_system7_0/inst/FCLK_CLK_unbuffered[0]
    BUFGCTRL_X0Y16       BUFG (Prop_bufg_I_O)         0.101     1.294 r  design_1_i/processing_system7_0/inst/buffer_fclk_clk_0.FCLK_CLK_0_BUFG/O
                         net (fo=8817, routed)        1.746     3.040    design_1_i/axi_interconnect_0/xbar/inst/gen_samd.crossbar_samd/gen_master_slots[0].gen_mi_write.wdata_mux_w/gen_wmux.wmux_aw_fifo/aclk
    SLICE_X28Y42         FDRE                                         r  design_1_i/axi_interconnect_0/xbar/inst/gen_samd.crossbar_samd/gen_master_slots[0].gen_mi_write.wdata_mux_w/gen_wmux.wmux_aw_fifo/storage_data1_reg[1]/C
  -------------------------------------------------------------------    -------------------
    SLICE_X28Y42         FDRE (Prop_fdre_C_Q)         0.456     3.496 r  design_1_i/axi_interconnect_0/xbar/inst/gen_samd.crossbar_samd/gen_master_slots[0].gen_mi_write.wdata_mux_w/gen_wmux.wmux_aw_fifo/storage_data1_reg[1]/Q
                         net (fo=77, routed)          0.610     4.106    design_1_i/axi_interconnect_0/xbar/inst/gen_samd.crossbar_samd/gen_master_slots[0].gen_mi_write.wdata_mux_w/gen_wmux.wmux_aw_fifo/storage_data1_reg[1]_0
    SLICE_X29Y40         LUT2 (Prop_lut2_I1_O)        0.150     4.256 f  design_1_i/axi_interconnect_0/xbar/inst/gen_samd.crossbar_samd/gen_master_slots[0].gen_mi_write.wdata_mux_w/gen_wmux.wmux_aw_fifo/m_axi_wvalid[0]_INST_0_i_2/O
                         net (fo=2, routed)           0.521     4.777    design_1_i/axi_interconnect_0/xbar/inst/gen_samd.crossbar_samd/gen_slave_slots[1].gen_si_write.wdata_router_w/wrouter_aw_fifo/m_axi_wvalid[0][0]
    SLICE_X28Y40         LUT6 (Prop_lut6_I4_O)        0.332     5.109 f  design_1_i/axi_interconnect_0/xbar/inst/gen_samd.crossbar_samd/gen_slave_slots[1].gen_si_write.wdata_router_w/wrouter_aw_fifo/m_axi_wvalid[0]_INST_0/O
                         net (fo=7, routed)           0.849     5.958    design_1_i/axi_interconnect_0/m00_couplers/auto_pc/inst/gen_axi4_axi3.axi3_conv_inst/USE_WRITE.write_addr_inst/USE_BURSTS.cmd_queue/inst/s_axi_wvalid
    SLICE_X23Y43         LUT3 (Prop_lut3_I0_O)        0.124     6.082 f  design_1_i/axi_interconnect_0/m00_couplers/auto_pc/inst/gen_axi4_axi3.axi3_conv_inst/USE_WRITE.write_addr_inst/USE_BURSTS.cmd_queue/inst/s_axi_wready_INST_0/O
                         net (fo=9, routed)           0.739     6.820    design_1_i/axi_interconnect_0/xbar/inst/gen_samd.crossbar_samd/gen_master_slots[0].gen_mi_write.wdata_mux_w/gen_wmux.wmux_aw_fifo/m_axi_wready[0]
    SLICE_X29Y40         LUT6 (Prop_lut6_I1_O)        0.124     6.944 f  design_1_i/axi_interconnect_0/xbar/inst/gen_samd.crossbar_samd/gen_master_slots[0].gen_mi_write.wdata_mux_w/gen_wmux.wmux_aw_fifo/s_axi_wready[1]_INST_0_i_1/O
                         net (fo=2, routed)           0.587     7.531    design_1_i/axi_interconnect_0/xbar/inst/gen_samd.crossbar_samd/gen_slave_slots[1].gen_si_write.wdata_router_w/wrouter_aw_fifo/m_aready0__0
    SLICE_X29Y39         LUT2 (Prop_lut2_I1_O)        0.124     7.655 f  design_1_i/axi_interconnect_0/xbar/inst/gen_samd.crossbar_samd/gen_slave_slots[1].gen_si_write.wdata_router_w/wrouter_aw_fifo/s_axi_wready[1]_INST_0/O
                         net (fo=10, routed)          0.783     8.438    design_1_i/axi_interconnect_0/s01_couplers/auto_us_df/inst/gen_upsizer.gen_full_upsizer.axi_upsizer_inst/USE_WRITE.gen_pktfifo_w_upsizer.pktfifo_write_data_inst/m_axi_wready
    SLICE_X32Y36         LUT3 (Prop_lut3_I2_O)        0.124     8.562 f  design_1_i/axi_interconnect_0/s01_couplers/auto_us_df/inst/gen_upsizer.gen_full_upsizer.axi_upsizer_inst/USE_WRITE.gen_pktfifo_w_upsizer.pktfifo_write_data_inst/dw_fifogen_aw_i_4/O
                         net (fo=6, routed)           0.338     8.900    design_1_i/axi_interconnect_0/s01_couplers/auto_us_df/inst/gen_upsizer.gen_full_upsizer.axi_upsizer_inst/USE_WRITE.gen_pktfifo_w_upsizer.pktfifo_write_data_inst/dw_fifogen_aw_i_4_n_0
    SLICE_X34Y36         LUT5 (Prop_lut5_I4_O)        0.124     9.024 f  design_1_i/axi_interconnect_0/s01_couplers/auto_us_df/inst/gen_upsizer.gen_full_upsizer.axi_upsizer_inst/USE_WRITE.gen_pktfifo_w_upsizer.pktfifo_write_data_inst/dw_fifogen_aw_i_2/O
                         net (fo=10, routed)          0.948     9.973    design_1_i/axi_interconnect_0/s01_couplers/auto_us_df/inst/gen_upsizer.gen_full_upsizer.axi_upsizer_inst/USE_WRITE.gen_pktfifo_w_upsizer.pktfifo_write_data_inst/dw_fifogen_aw/inst_fifo_gen/gaxi_full_lite.gwrite_ch.gwach2.axi_wach/grf.rf/gntv_or_sync_fifo.gl0.rd/gr1.gr1_int.rfwft/m_axi_awready
    SLICE_X46Y37         LUT4 (Prop_lut4_I2_O)        0.124    10.097 f  design_1_i/axi_interconnect_0/s01_couplers/auto_us_df/inst/gen_upsizer.gen_full_upsizer.axi_upsizer_inst/USE_WRITE.gen_pktfifo_w_upsizer.pktfifo_write_data_inst/dw_fifogen_aw/inst_fifo_gen/gaxi_full_lite.gwrite_ch.gwach2.axi_wach/grf.rf/gntv_or_sync_fifo.gl0.rd/gr1.gr1_int.rfwft/gc0.count_d1[4]_i_1/O
                         net (fo=12, routed)          0.509    10.605    design_1_i/axi_interconnect_0/s01_couplers/auto_us_df/inst/gen_upsizer.gen_full_upsizer.axi_upsizer_inst/USE_WRITE.gen_pktfifo_w_upsizer.pktfifo_write_data_inst/dw_fifogen_aw/inst_fifo_gen/gaxi_full_lite.gwrite_ch.gwach2.axi_wach/grf.rf/gntv_or_sync_fifo.gl0.wr/wpntr/E[0]
    SLICE_X48Y37         LUT6 (Prop_lut6_I2_O)        0.124    10.729 r  design_1_i/axi_interconnect_0/s01_couplers/auto_us_df/inst/gen_upsizer.gen_full_upsizer.axi_upsizer_inst/USE_WRITE.gen_pktfifo_w_upsizer.pktfifo_write_data_inst/dw_fifogen_aw/inst_fifo_gen/gaxi_full_lite.gwrite_ch.gwach2.axi_wach/grf.rf/gntv_or_sync_fifo.gl0.wr/wpntr/ram_full_fb_i_i_1/O
                         net (fo=2, routed)           0.579    11.308    design_1_i/axi_interconnect_0/s01_couplers/auto_us_df/inst/gen_upsizer.gen_full_upsizer.axi_upsizer_inst/USE_WRITE.gen_pktfifo_w_upsizer.pktfifo_write_data_inst/dw_fifogen_aw/inst_fifo_gen/gaxi_full_lite.gwrite_ch.gwach2.axi_wach/grf.rf/gntv_or_sync_fifo.gl0.wr/gwss.wsts/ram_full_comb
    SLICE_X49Y37         FDPE                                         r  design_1_i/axi_interconnect_0/s01_couplers/auto_us_df/inst/gen_upsizer.gen_full_upsizer.axi_upsizer_inst/USE_WRITE.gen_pktfifo_w_upsizer.pktfifo_write_data_inst/dw_fifogen_aw/inst_fifo_gen/gaxi_full_lite.gwrite_ch.gwach2.axi_wach/grf.rf/gntv_or_sync_fifo.gl0.wr/gwss.wsts/ram_full_fb_i_reg/D
  -------------------------------------------------------------------    -------------------

                         (clock clk_fpga_0 rise edge)
                                                     10.000    10.000 r  
    PS7_X0Y0             PS7                          0.000    10.000 r  design_1_i/processing_system7_0/inst/PS7_i/FCLKCLK[0]
                         net (fo=1, routed)           1.088    11.088    design_1_i/processing_system7_0/inst/FCLK_CLK_unbuffered[0]
    BUFGCTRL_X0Y16       BUFG (Prop_bufg_I_O)         0.091    11.179 r  design_1_i/processing_system7_0/inst/buffer_fclk_clk_0.FCLK_CLK_0_BUFG/O
                         net (fo=8817, routed)        1.489    12.668    design_1_i/axi_interconnect_0/s01_couplers/auto_us_df/inst/gen_upsizer.gen_full_upsizer.axi_upsizer_inst/USE_WRITE.gen_pktfifo_w_upsizer.pktfifo_write_data_inst/dw_fifogen_aw/inst_fifo_gen/gaxi_full_lite.gwrite_ch.gwach2.axi_wach/grf.rf/gntv_or_sync_fifo.gl0.wr/gwss.wsts/s_aclk
    SLICE_X49Y37         FDPE                                         r  design_1_i/axi_interconnect_0/s01_couplers/auto_us_df/inst/gen_upsizer.gen_full_upsizer.axi_upsizer_inst/USE_WRITE.gen_pktfifo_w_upsizer.pktfifo_write_data_inst/dw_fifogen_aw/inst_fifo_gen/gaxi_full_lite.gwrite_ch.gwach2.axi_wach/grf.rf/gntv_or_sync_fifo.gl0.wr/gwss.wsts/ram_full_fb_i_reg/C
                         clock pessimism              0.230    12.898    
                         clock uncertainty           -0.154    12.744    
    SLICE_X49Y37         FDPE (Setup_fdpe_C_D)       -0.067    12.677    design_1_i/axi_interconnect_0/s01_couplers/auto_us_df/inst/gen_upsizer.gen_full_upsizer.axi_upsizer_inst/USE_WRITE.gen_pktfifo_w_upsizer.pktfifo_write_data_inst/dw_fifogen_aw/inst_fifo_gen/gaxi_full_lite.gwrite_ch.gwach2.axi_wach/grf.rf/gntv_or_sync_fifo.gl0.wr/gwss.wsts/ram_full_fb_i_reg
  -------------------------------------------------------------------
                         required time                         12.677    
                         arrival time                         -11.308    
  -------------------------------------------------------------------
                         slack                                  1.369    

Slack (MET) :             1.370ns  (required time - arrival time)
  Source:                 design_1_i/axi_interconnect_0/xbar/inst/gen_samd.crossbar_samd/gen_master_slots[0].gen_mi_write.wdata_mux_w/gen_wmux.wmux_aw_fifo/storage_data1_reg[1]/C
                            (rising edge-triggered cell FDRE clocked by clk_fpga_0  {rise@0.000ns fall@5.000ns period=10.000ns})
  Destination:            design_1_i/axi_interconnect_0/s02_couplers/auto_us_df/inst/gen_upsizer.gen_full_upsizer.axi_upsizer_inst/USE_WRITE.gen_pktfifo_w_upsizer.pktfifo_write_data_inst/dw_fifogen_aw/inst_fifo_gen/gaxi_full_lite.gwrite_ch.gwach2.axi_wach/grf.rf/gntv_or_sync_fifo.mem/goreg_dm.dout_i_reg[84]/CE
                            (rising edge-triggered cell FDRE clocked by clk_fpga_0  {rise@0.000ns fall@5.000ns period=10.000ns})
  Path Group:             clk_fpga_0
  Path Type:              Setup (Max at Slow Process Corner)
  Requirement:            10.000ns  (clk_fpga_0 rise@10.000ns - clk_fpga_0 rise@0.000ns)
  Data Path Delay:        8.038ns  (logic 1.883ns (23.428%)  route 6.155ns (76.572%))
  Logic Levels:           8  (LUT2=2 LUT3=2 LUT5=1 LUT6=3)
  Clock Path Skew:        -0.269ns (DCD - SCD + CPR)
    Destination Clock Delay (DCD):    2.656ns = ( 12.656 - 10.000 ) 
    Source Clock Delay      (SCD):    3.040ns
    Clock Pessimism Removal (CPR):    0.115ns
  Clock Uncertainty:      0.154ns  ((TSJ^2 + TIJ^2)^1/2 + DJ) / 2 + PE
    Total System Jitter     (TSJ):    0.071ns
    Total Input Jitter      (TIJ):    0.300ns
    Discrete Jitter          (DJ):    0.000ns
    Phase Error              (PE):    0.000ns

    Location             Delay type                Incr(ns)  Path(ns)    Netlist Resource(s)
  -------------------------------------------------------------------    -------------------
                         (clock clk_fpga_0 rise edge)
                                                      0.000     0.000 r  
    PS7_X0Y0             PS7                          0.000     0.000 r  design_1_i/processing_system7_0/inst/PS7_i/FCLKCLK[0]
                         net (fo=1, routed)           1.193     1.193    design_1_i/processing_system7_0/inst/FCLK_CLK_unbuffered[0]
    BUFGCTRL_X0Y16       BUFG (Prop_bufg_I_O)         0.101     1.294 r  design_1_i/processing_system7_0/inst/buffer_fclk_clk_0.FCLK_CLK_0_BUFG/O
                         net (fo=8817, routed)        1.746     3.040    design_1_i/axi_interconnect_0/xbar/inst/gen_samd.crossbar_samd/gen_master_slots[0].gen_mi_write.wdata_mux_w/gen_wmux.wmux_aw_fifo/aclk
    SLICE_X28Y42         FDRE                                         r  design_1_i/axi_interconnect_0/xbar/inst/gen_samd.crossbar_samd/gen_master_slots[0].gen_mi_write.wdata_mux_w/gen_wmux.wmux_aw_fifo/storage_data1_reg[1]/C
  -------------------------------------------------------------------    -------------------
    SLICE_X28Y42         FDRE (Prop_fdre_C_Q)         0.456     3.496 f  design_1_i/axi_interconnect_0/xbar/inst/gen_samd.crossbar_samd/gen_master_slots[0].gen_mi_write.wdata_mux_w/gen_wmux.wmux_aw_fifo/storage_data1_reg[1]/Q
                         net (fo=77, routed)          0.610     4.106    design_1_i/axi_interconnect_0/xbar/inst/gen_samd.crossbar_samd/gen_master_slots[0].gen_mi_write.wdata_mux_w/gen_wmux.wmux_aw_fifo/storage_data1_reg[1]_0
    SLICE_X29Y40         LUT2 (Prop_lut2_I1_O)        0.150     4.256 r  design_1_i/axi_interconnect_0/xbar/inst/gen_samd.crossbar_samd/gen_master_slots[0].gen_mi_write.wdata_mux_w/gen_wmux.wmux_aw_fifo/m_axi_wvalid[0]_INST_0_i_2/O
                         net (fo=2, routed)           0.521     4.777    design_1_i/axi_interconnect_0/xbar/inst/gen_samd.crossbar_samd/gen_slave_slots[1].gen_si_write.wdata_router_w/wrouter_aw_fifo/m_axi_wvalid[0][0]
    SLICE_X28Y40         LUT6 (Prop_lut6_I4_O)        0.332     5.109 r  design_1_i/axi_interconnect_0/xbar/inst/gen_samd.crossbar_samd/gen_slave_slots[1].gen_si_write.wdata_router_w/wrouter_aw_fifo/m_axi_wvalid[0]_INST_0/O
                         net (fo=7, routed)           0.849     5.958    design_1_i/axi_interconnect_0/m00_couplers/auto_pc/inst/gen_axi4_axi3.axi3_conv_inst/USE_WRITE.write_addr_inst/USE_BURSTS.cmd_queue/inst/s_axi_wvalid
    SLICE_X23Y43         LUT3 (Prop_lut3_I0_O)        0.124     6.082 r  design_1_i/axi_interconnect_0/m00_couplers/auto_pc/inst/gen_axi4_axi3.axi3_conv_inst/USE_WRITE.write_addr_inst/USE_BURSTS.cmd_queue/inst/s_axi_wready_INST_0/O
                         net (fo=9, routed)           0.783     6.864    design_1_i/axi_interconnect_0/xbar/inst/gen_samd.crossbar_samd/gen_master_slots[0].gen_mi_write.wdata_mux_w/gen_wmux.wmux_aw_fifo/m_axi_wready[0]
    SLICE_X28Y40         LUT6 (Prop_lut6_I1_O)        0.124     6.988 r  design_1_i/axi_interconnect_0/xbar/inst/gen_samd.crossbar_samd/gen_master_slots[0].gen_mi_write.wdata_mux_w/gen_wmux.wmux_aw_fifo/s_axi_wready[2]_INST_0_i_1/O
                         net (fo=2, routed)           0.424     7.412    design_1_i/axi_interconnect_0/xbar/inst/gen_samd.crossbar_samd/gen_slave_slots[2].gen_si_write.wdata_router_w/wrouter_aw_fifo/m_aready0__0
    SLICE_X29Y39         LUT2 (Prop_lut2_I1_O)        0.117     7.529 r  design_1_i/axi_interconnect_0/xbar/inst/gen_samd.crossbar_samd/gen_slave_slots[2].gen_si_write.wdata_router_w/wrouter_aw_fifo/s_axi_wready[2]_INST_0/O
                         net (fo=10, routed)          0.368     7.897    design_1_i/axi_interconnect_0/s02_couplers/auto_us_df/inst/gen_upsizer.gen_full_upsizer.axi_upsizer_inst/USE_WRITE.gen_pktfifo_w_upsizer.pktfifo_write_data_inst/m_axi_wready
    SLICE_X28Y37         LUT3 (Prop_lut3_I2_O)        0.332     8.229 r  design_1_i/axi_interconnect_0/s02_couplers/auto_us_df/inst/gen_upsizer.gen_full_upsizer.axi_upsizer_inst/USE_WRITE.gen_pktfifo_w_upsizer.pktfifo_write_data_inst/dw_fifogen_aw_i_4/O
                         net (fo=6, routed)           0.334     8.563    design_1_i/axi_interconnect_0/s02_couplers/auto_us_df/inst/gen_upsizer.gen_full_upsizer.axi_upsizer_inst/USE_WRITE.gen_pktfifo_w_upsizer.pktfifo_write_data_inst/dw_fifogen_aw_i_4_n_0
    SLICE_X29Y37         LUT5 (Prop_lut5_I4_O)        0.124     8.687 r  design_1_i/axi_interconnect_0/s02_couplers/auto_us_df/inst/gen_upsizer.gen_full_upsizer.axi_upsizer_inst/USE_WRITE.gen_pktfifo_w_upsizer.pktfifo_write_data_inst/dw_fifogen_aw_i_2/O
                         net (fo=10, routed)          0.890     9.577    design_1_i/axi_interconnect_0/s02_couplers/auto_us_df/inst/gen_upsizer.gen_full_upsizer.axi_upsizer_inst/USE_WRITE.gen_pktfifo_w_upsizer.pktfifo_write_data_inst/dw_fifogen_aw/inst_fifo_gen/gaxi_full_lite.gwrite_ch.gwach2.axi_wach/grf.rf/gntv_or_sync_fifo.gl0.rd/gr1.gr1_int.rfwft/m_axi_awready
    SLICE_X37Y37         LUT6 (Prop_lut6_I1_O)        0.124     9.701 r  design_1_i/axi_interconnect_0/s02_couplers/auto_us_df/inst/gen_upsizer.gen_full_upsizer.axi_upsizer_inst/USE_WRITE.gen_pktfifo_w_upsizer.pktfifo_write_data_inst/dw_fifogen_aw/inst_fifo_gen/gaxi_full_lite.gwrite_ch.gwach2.axi_wach/grf.rf/gntv_or_sync_fifo.gl0.rd/gr1.gr1_int.rfwft/goreg_dm.dout_i[95]_i_1/O
                         net (fo=92, routed)          1.377    11.078    design_1_i/axi_interconnect_0/s02_couplers/auto_us_df/inst/gen_upsizer.gen_full_upsizer.axi_upsizer_inst/USE_WRITE.gen_pktfifo_w_upsizer.pktfifo_write_data_inst/dw_fifogen_aw/inst_fifo_gen/gaxi_full_lite.gwrite_ch.gwach2.axi_wach/grf.rf/gntv_or_sync_fifo.mem/E[0]
    SLICE_X36Y60         FDRE                                         r  design_1_i/axi_interconnect_0/s02_couplers/auto_us_df/inst/gen_upsizer.gen_full_upsizer.axi_upsizer_inst/USE_WRITE.gen_pktfifo_w_upsizer.pktfifo_write_data_inst/dw_fifogen_aw/inst_fifo_gen/gaxi_full_lite.gwrite_ch.gwach2.axi_wach/grf.rf/gntv_or_sync_fifo.mem/goreg_dm.dout_i_reg[84]/CE
  -------------------------------------------------------------------    -------------------

                         (clock clk_fpga_0 rise edge)
                                                     10.000    10.000 r  
    PS7_X0Y0             PS7                          0.000    10.000 r  design_1_i/processing_system7_0/inst/PS7_i/FCLKCLK[0]
                         net (fo=1, routed)           1.088    11.088    design_1_i/processing_system7_0/inst/FCLK_CLK_unbuffered[0]
    BUFGCTRL_X0Y16       BUFG (Prop_bufg_I_O)         0.091    11.179 r  design_1_i/processing_system7_0/inst/buffer_fclk_clk_0.FCLK_CLK_0_BUFG/O
                         net (fo=8817, routed)        1.477    12.656    design_1_i/axi_interconnect_0/s02_couplers/auto_us_df/inst/gen_upsizer.gen_full_upsizer.axi_upsizer_inst/USE_WRITE.gen_pktfifo_w_upsizer.pktfifo_write_data_inst/dw_fifogen_aw/inst_fifo_gen/gaxi_full_lite.gwrite_ch.gwach2.axi_wach/grf.rf/gntv_or_sync_fifo.mem/s_aclk
    SLICE_X36Y60         FDRE                                         r  design_1_i/axi_interconnect_0/s02_couplers/auto_us_df/inst/gen_upsizer.gen_full_upsizer.axi_upsizer_inst/USE_WRITE.gen_pktfifo_w_upsizer.pktfifo_write_data_inst/dw_fifogen_aw/inst_fifo_gen/gaxi_full_lite.gwrite_ch.gwach2.axi_wach/grf.rf/gntv_or_sync_fifo.mem/goreg_dm.dout_i_reg[84]/C
                         clock pessimism              0.115    12.771    
                         clock uncertainty           -0.154    12.617    
    SLICE_X36Y60         FDRE (Setup_fdre_C_CE)      -0.169    12.448    design_1_i/axi_interconnect_0/s02_couplers/auto_us_df/inst/gen_upsizer.gen_full_upsizer.axi_upsizer_inst/USE_WRITE.gen_pktfifo_w_upsizer.pktfifo_write_data_inst/dw_fifogen_aw/inst_fifo_gen/gaxi_full_lite.gwrite_ch.gwach2.axi_wach/grf.rf/gntv_or_sync_fifo.mem/goreg_dm.dout_i_reg[84]
  -------------------------------------------------------------------
                         required time                         12.448    
                         arrival time                         -11.078    
  -------------------------------------------------------------------
                         slack                                  1.370    

Slack (MET) :             1.370ns  (required time - arrival time)
  Source:                 design_1_i/axi_interconnect_0/xbar/inst/gen_samd.crossbar_samd/gen_master_slots[0].gen_mi_write.wdata_mux_w/gen_wmux.wmux_aw_fifo/storage_data1_reg[1]/C
                            (rising edge-triggered cell FDRE clocked by clk_fpga_0  {rise@0.000ns fall@5.000ns period=10.000ns})
  Destination:            design_1_i/axi_interconnect_0/s02_couplers/auto_us_df/inst/gen_upsizer.gen_full_upsizer.axi_upsizer_inst/USE_WRITE.gen_pktfifo_w_upsizer.pktfifo_write_data_inst/dw_fifogen_aw/inst_fifo_gen/gaxi_full_lite.gwrite_ch.gwach2.axi_wach/grf.rf/gntv_or_sync_fifo.mem/goreg_dm.dout_i_reg[85]/CE
                            (rising edge-triggered cell FDRE clocked by clk_fpga_0  {rise@0.000ns fall@5.000ns period=10.000ns})
  Path Group:             clk_fpga_0
  Path Type:              Setup (Max at Slow Process Corner)
  Requirement:            10.000ns  (clk_fpga_0 rise@10.000ns - clk_fpga_0 rise@0.000ns)
  Data Path Delay:        8.038ns  (logic 1.883ns (23.428%)  route 6.155ns (76.572%))
  Logic Levels:           8  (LUT2=2 LUT3=2 LUT5=1 LUT6=3)
  Clock Path Skew:        -0.269ns (DCD - SCD + CPR)
    Destination Clock Delay (DCD):    2.656ns = ( 12.656 - 10.000 ) 
    Source Clock Delay      (SCD):    3.040ns
    Clock Pessimism Removal (CPR):    0.115ns
  Clock Uncertainty:      0.154ns  ((TSJ^2 + TIJ^2)^1/2 + DJ) / 2 + PE
    Total System Jitter     (TSJ):    0.071ns
    Total Input Jitter      (TIJ):    0.300ns
    Discrete Jitter          (DJ):    0.000ns
    Phase Error              (PE):    0.000ns

    Location             Delay type                Incr(ns)  Path(ns)    Netlist Resource(s)
  -------------------------------------------------------------------    -------------------
                         (clock clk_fpga_0 rise edge)
                                                      0.000     0.000 r  
    PS7_X0Y0             PS7                          0.000     0.000 r  design_1_i/processing_system7_0/inst/PS7_i/FCLKCLK[0]
                         net (fo=1, routed)           1.193     1.193    design_1_i/processing_system7_0/inst/FCLK_CLK_unbuffered[0]
    BUFGCTRL_X0Y16       BUFG (Prop_bufg_I_O)         0.101     1.294 r  design_1_i/processing_system7_0/inst/buffer_fclk_clk_0.FCLK_CLK_0_BUFG/O
                         net (fo=8817, routed)        1.746     3.040    design_1_i/axi_interconnect_0/xbar/inst/gen_samd.crossbar_samd/gen_master_slots[0].gen_mi_write.wdata_mux_w/gen_wmux.wmux_aw_fifo/aclk
    SLICE_X28Y42         FDRE                                         r  design_1_i/axi_interconnect_0/xbar/inst/gen_samd.crossbar_samd/gen_master_slots[0].gen_mi_write.wdata_mux_w/gen_wmux.wmux_aw_fifo/storage_data1_reg[1]/C
  -------------------------------------------------------------------    -------------------
    SLICE_X28Y42         FDRE (Prop_fdre_C_Q)         0.456     3.496 f  design_1_i/axi_interconnect_0/xbar/inst/gen_samd.crossbar_samd/gen_master_slots[0].gen_mi_write.wdata_mux_w/gen_wmux.wmux_aw_fifo/storage_data1_reg[1]/Q
                         net (fo=77, routed)          0.610     4.106    design_1_i/axi_interconnect_0/xbar/inst/gen_samd.crossbar_samd/gen_master_slots[0].gen_mi_write.wdata_mux_w/gen_wmux.wmux_aw_fifo/storage_data1_reg[1]_0
    SLICE_X29Y40         LUT2 (Prop_lut2_I1_O)        0.150     4.256 r  design_1_i/axi_interconnect_0/xbar/inst/gen_samd.crossbar_samd/gen_master_slots[0].gen_mi_write.wdata_mux_w/gen_wmux.wmux_aw_fifo/m_axi_wvalid[0]_INST_0_i_2/O
                         net (fo=2, routed)           0.521     4.777    design_1_i/axi_interconnect_0/xbar/inst/gen_samd.crossbar_samd/gen_slave_slots[1].gen_si_write.wdata_router_w/wrouter_aw_fifo/m_axi_wvalid[0][0]
    SLICE_X28Y40         LUT6 (Prop_lut6_I4_O)        0.332     5.109 r  design_1_i/axi_interconnect_0/xbar/inst/gen_samd.crossbar_samd/gen_slave_slots[1].gen_si_write.wdata_router_w/wrouter_aw_fifo/m_axi_wvalid[0]_INST_0/O
                         net (fo=7, routed)           0.849     5.958    design_1_i/axi_interconnect_0/m00_couplers/auto_pc/inst/gen_axi4_axi3.axi3_conv_inst/USE_WRITE.write_addr_inst/USE_BURSTS.cmd_queue/inst/s_axi_wvalid
    SLICE_X23Y43         LUT3 (Prop_lut3_I0_O)        0.124     6.082 r  design_1_i/axi_interconnect_0/m00_couplers/auto_pc/inst/gen_axi4_axi3.axi3_conv_inst/USE_WRITE.write_addr_inst/USE_BURSTS.cmd_queue/inst/s_axi_wready_INST_0/O
                         net (fo=9, routed)           0.783     6.864    design_1_i/axi_interconnect_0/xbar/inst/gen_samd.crossbar_samd/gen_master_slots[0].gen_mi_write.wdata_mux_w/gen_wmux.wmux_aw_fifo/m_axi_wready[0]
    SLICE_X28Y40         LUT6 (Prop_lut6_I1_O)        0.124     6.988 r  design_1_i/axi_interconnect_0/xbar/inst/gen_samd.crossbar_samd/gen_master_slots[0].gen_mi_write.wdata_mux_w/gen_wmux.wmux_aw_fifo/s_axi_wready[2]_INST_0_i_1/O
                         net (fo=2, routed)           0.424     7.412    design_1_i/axi_interconnect_0/xbar/inst/gen_samd.crossbar_samd/gen_slave_slots[2].gen_si_write.wdata_router_w/wrouter_aw_fifo/m_aready0__0
    SLICE_X29Y39         LUT2 (Prop_lut2_I1_O)        0.117     7.529 r  design_1_i/axi_interconnect_0/xbar/inst/gen_samd.crossbar_samd/gen_slave_slots[2].gen_si_write.wdata_router_w/wrouter_aw_fifo/s_axi_wready[2]_INST_0/O
                         net (fo=10, routed)          0.368     7.897    design_1_i/axi_interconnect_0/s02_couplers/auto_us_df/inst/gen_upsizer.gen_full_upsizer.axi_upsizer_inst/USE_WRITE.gen_pktfifo_w_upsizer.pktfifo_write_data_inst/m_axi_wready
    SLICE_X28Y37         LUT3 (Prop_lut3_I2_O)        0.332     8.229 r  design_1_i/axi_interconnect_0/s02_couplers/auto_us_df/inst/gen_upsizer.gen_full_upsizer.axi_upsizer_inst/USE_WRITE.gen_pktfifo_w_upsizer.pktfifo_write_data_inst/dw_fifogen_aw_i_4/O
                         net (fo=6, routed)           0.334     8.563    design_1_i/axi_interconnect_0/s02_couplers/auto_us_df/inst/gen_upsizer.gen_full_upsizer.axi_upsizer_inst/USE_WRITE.gen_pktfifo_w_upsizer.pktfifo_write_data_inst/dw_fifogen_aw_i_4_n_0
    SLICE_X29Y37         LUT5 (Prop_lut5_I4_O)        0.124     8.687 r  design_1_i/axi_interconnect_0/s02_couplers/auto_us_df/inst/gen_upsizer.gen_full_upsizer.axi_upsizer_inst/USE_WRITE.gen_pktfifo_w_upsizer.pktfifo_write_data_inst/dw_fifogen_aw_i_2/O
                         net (fo=10, routed)          0.890     9.577    design_1_i/axi_interconnect_0/s02_couplers/auto_us_df/inst/gen_upsizer.gen_full_upsizer.axi_upsizer_inst/USE_WRITE.gen_pktfifo_w_upsizer.pktfifo_write_data_inst/dw_fifogen_aw/inst_fifo_gen/gaxi_full_lite.gwrite_ch.gwach2.axi_wach/grf.rf/gntv_or_sync_fifo.gl0.rd/gr1.gr1_int.rfwft/m_axi_awready
    SLICE_X37Y37         LUT6 (Prop_lut6_I1_O)        0.124     9.701 r  design_1_i/axi_interconnect_0/s02_couplers/auto_us_df/inst/gen_upsizer.gen_full_upsizer.axi_upsizer_inst/USE_WRITE.gen_pktfifo_w_upsizer.pktfifo_write_data_inst/dw_fifogen_aw/inst_fifo_gen/gaxi_full_lite.gwrite_ch.gwach2.axi_wach/grf.rf/gntv_or_sync_fifo.gl0.rd/gr1.gr1_int.rfwft/goreg_dm.dout_i[95]_i_1/O
                         net (fo=92, routed)          1.377    11.078    design_1_i/axi_interconnect_0/s02_couplers/auto_us_df/inst/gen_upsizer.gen_full_upsizer.axi_upsizer_inst/USE_WRITE.gen_pktfifo_w_upsizer.pktfifo_write_data_inst/dw_fifogen_aw/inst_fifo_gen/gaxi_full_lite.gwrite_ch.gwach2.axi_wach/grf.rf/gntv_or_sync_fifo.mem/E[0]
    SLICE_X36Y60         FDRE                                         r  design_1_i/axi_interconnect_0/s02_couplers/auto_us_df/inst/gen_upsizer.gen_full_upsizer.axi_upsizer_inst/USE_WRITE.gen_pktfifo_w_upsizer.pktfifo_write_data_inst/dw_fifogen_aw/inst_fifo_gen/gaxi_full_lite.gwrite_ch.gwach2.axi_wach/grf.rf/gntv_or_sync_fifo.mem/goreg_dm.dout_i_reg[85]/CE
  -------------------------------------------------------------------    -------------------

                         (clock clk_fpga_0 rise edge)
                                                     10.000    10.000 r  
    PS7_X0Y0             PS7                          0.000    10.000 r  design_1_i/processing_system7_0/inst/PS7_i/FCLKCLK[0]
                         net (fo=1, routed)           1.088    11.088    design_1_i/processing_system7_0/inst/FCLK_CLK_unbuffered[0]
    BUFGCTRL_X0Y16       BUFG (Prop_bufg_I_O)         0.091    11.179 r  design_1_i/processing_system7_0/inst/buffer_fclk_clk_0.FCLK_CLK_0_BUFG/O
                         net (fo=8817, routed)        1.477    12.656    design_1_i/axi_interconnect_0/s02_couplers/auto_us_df/inst/gen_upsizer.gen_full_upsizer.axi_upsizer_inst/USE_WRITE.gen_pktfifo_w_upsizer.pktfifo_write_data_inst/dw_fifogen_aw/inst_fifo_gen/gaxi_full_lite.gwrite_ch.gwach2.axi_wach/grf.rf/gntv_or_sync_fifo.mem/s_aclk
    SLICE_X36Y60         FDRE                                         r  design_1_i/axi_interconnect_0/s02_couplers/auto_us_df/inst/gen_upsizer.gen_full_upsizer.axi_upsizer_inst/USE_WRITE.gen_pktfifo_w_upsizer.pktfifo_write_data_inst/dw_fifogen_aw/inst_fifo_gen/gaxi_full_lite.gwrite_ch.gwach2.axi_wach/grf.rf/gntv_or_sync_fifo.mem/goreg_dm.dout_i_reg[85]/C
                         clock pessimism              0.115    12.771    
                         clock uncertainty           -0.154    12.617    
    SLICE_X36Y60         FDRE (Setup_fdre_C_CE)      -0.169    12.448    design_1_i/axi_interconnect_0/s02_couplers/auto_us_df/inst/gen_upsizer.gen_full_upsizer.axi_upsizer_inst/USE_WRITE.gen_pktfifo_w_upsizer.pktfifo_write_data_inst/dw_fifogen_aw/inst_fifo_gen/gaxi_full_lite.gwrite_ch.gwach2.axi_wach/grf.rf/gntv_or_sync_fifo.mem/goreg_dm.dout_i_reg[85]
  -------------------------------------------------------------------
                         required time                         12.448    
                         arrival time                         -11.078    
  -------------------------------------------------------------------
                         slack                                  1.370    

Slack (MET) :             1.370ns  (required time - arrival time)
  Source:                 design_1_i/axi_interconnect_0/xbar/inst/gen_samd.crossbar_samd/gen_master_slots[0].gen_mi_write.wdata_mux_w/gen_wmux.wmux_aw_fifo/storage_data1_reg[1]/C
                            (rising edge-triggered cell FDRE clocked by clk_fpga_0  {rise@0.000ns fall@5.000ns period=10.000ns})
  Destination:            design_1_i/axi_interconnect_0/s02_couplers/auto_us_df/inst/gen_upsizer.gen_full_upsizer.axi_upsizer_inst/USE_WRITE.gen_pktfifo_w_upsizer.pktfifo_write_data_inst/dw_fifogen_aw/inst_fifo_gen/gaxi_full_lite.gwrite_ch.gwach2.axi_wach/grf.rf/gntv_or_sync_fifo.mem/goreg_dm.dout_i_reg[86]/CE
                            (rising edge-triggered cell FDRE clocked by clk_fpga_0  {rise@0.000ns fall@5.000ns period=10.000ns})
  Path Group:             clk_fpga_0
  Path Type:              Setup (Max at Slow Process Corner)
  Requirement:            10.000ns  (clk_fpga_0 rise@10.000ns - clk_fpga_0 rise@0.000ns)
  Data Path Delay:        8.038ns  (logic 1.883ns (23.428%)  route 6.155ns (76.572%))
  Logic Levels:           8  (LUT2=2 LUT3=2 LUT5=1 LUT6=3)
  Clock Path Skew:        -0.269ns (DCD - SCD + CPR)
    Destination Clock Delay (DCD):    2.656ns = ( 12.656 - 10.000 ) 
    Source Clock Delay      (SCD):    3.040ns
    Clock Pessimism Removal (CPR):    0.115ns
  Clock Uncertainty:      0.154ns  ((TSJ^2 + TIJ^2)^1/2 + DJ) / 2 + PE
    Total System Jitter     (TSJ):    0.071ns
    Total Input Jitter      (TIJ):    0.300ns
    Discrete Jitter          (DJ):    0.000ns
    Phase Error              (PE):    0.000ns

    Location             Delay type                Incr(ns)  Path(ns)    Netlist Resource(s)
  -------------------------------------------------------------------    -------------------
                         (clock clk_fpga_0 rise edge)
                                                      0.000     0.000 r  
    PS7_X0Y0             PS7                          0.000     0.000 r  design_1_i/processing_system7_0/inst/PS7_i/FCLKCLK[0]
                         net (fo=1, routed)           1.193     1.193    design_1_i/processing_system7_0/inst/FCLK_CLK_unbuffered[0]
    BUFGCTRL_X0Y16       BUFG (Prop_bufg_I_O)         0.101     1.294 r  design_1_i/processing_system7_0/inst/buffer_fclk_clk_0.FCLK_CLK_0_BUFG/O
                         net (fo=8817, routed)        1.746     3.040    design_1_i/axi_interconnect_0/xbar/inst/gen_samd.crossbar_samd/gen_master_slots[0].gen_mi_write.wdata_mux_w/gen_wmux.wmux_aw_fifo/aclk
    SLICE_X28Y42         FDRE                                         r  design_1_i/axi_interconnect_0/xbar/inst/gen_samd.crossbar_samd/gen_master_slots[0].gen_mi_write.wdata_mux_w/gen_wmux.wmux_aw_fifo/storage_data1_reg[1]/C
  -------------------------------------------------------------------    -------------------
    SLICE_X28Y42         FDRE (Prop_fdre_C_Q)         0.456     3.496 f  design_1_i/axi_interconnect_0/xbar/inst/gen_samd.crossbar_samd/gen_master_slots[0].gen_mi_write.wdata_mux_w/gen_wmux.wmux_aw_fifo/storage_data1_reg[1]/Q
                         net (fo=77, routed)          0.610     4.106    design_1_i/axi_interconnect_0/xbar/inst/gen_samd.crossbar_samd/gen_master_slots[0].gen_mi_write.wdata_mux_w/gen_wmux.wmux_aw_fifo/storage_data1_reg[1]_0
    SLICE_X29Y40         LUT2 (Prop_lut2_I1_O)        0.150     4.256 r  design_1_i/axi_interconnect_0/xbar/inst/gen_samd.crossbar_samd/gen_master_slots[0].gen_mi_write.wdata_mux_w/gen_wmux.wmux_aw_fifo/m_axi_wvalid[0]_INST_0_i_2/O
                         net (fo=2, routed)           0.521     4.777    design_1_i/axi_interconnect_0/xbar/inst/gen_samd.crossbar_samd/gen_slave_slots[1].gen_si_write.wdata_router_w/wrouter_aw_fifo/m_axi_wvalid[0][0]
    SLICE_X28Y40         LUT6 (Prop_lut6_I4_O)        0.332     5.109 r  design_1_i/axi_interconnect_0/xbar/inst/gen_samd.crossbar_samd/gen_slave_slots[1].gen_si_write.wdata_router_w/wrouter_aw_fifo/m_axi_wvalid[0]_INST_0/O
                         net (fo=7, routed)           0.849     5.958    design_1_i/axi_interconnect_0/m00_couplers/auto_pc/inst/gen_axi4_axi3.axi3_conv_inst/USE_WRITE.write_addr_inst/USE_BURSTS.cmd_queue/inst/s_axi_wvalid
    SLICE_X23Y43         LUT3 (Prop_lut3_I0_O)        0.124     6.082 r  design_1_i/axi_interconnect_0/m00_couplers/auto_pc/inst/gen_axi4_axi3.axi3_conv_inst/USE_WRITE.write_addr_inst/USE_BURSTS.cmd_queue/inst/s_axi_wready_INST_0/O
                         net (fo=9, routed)           0.783     6.864    design_1_i/axi_interconnect_0/xbar/inst/gen_samd.crossbar_samd/gen_master_slots[0].gen_mi_write.wdata_mux_w/gen_wmux.wmux_aw_fifo/m_axi_wready[0]
    SLICE_X28Y40         LUT6 (Prop_lut6_I1_O)        0.124     6.988 r  design_1_i/axi_interconnect_0/xbar/inst/gen_samd.crossbar_samd/gen_master_slots[0].gen_mi_write.wdata_mux_w/gen_wmux.wmux_aw_fifo/s_axi_wready[2]_INST_0_i_1/O
                         net (fo=2, routed)           0.424     7.412    design_1_i/axi_interconnect_0/xbar/inst/gen_samd.crossbar_samd/gen_slave_slots[2].gen_si_write.wdata_router_w/wrouter_aw_fifo/m_aready0__0
    SLICE_X29Y39         LUT2 (Prop_lut2_I1_O)        0.117     7.529 r  design_1_i/axi_interconnect_0/xbar/inst/gen_samd.crossbar_samd/gen_slave_slots[2].gen_si_write.wdata_router_w/wrouter_aw_fifo/s_axi_wready[2]_INST_0/O
                         net (fo=10, routed)          0.368     7.897    design_1_i/axi_interconnect_0/s02_couplers/auto_us_df/inst/gen_upsizer.gen_full_upsizer.axi_upsizer_inst/USE_WRITE.gen_pktfifo_w_upsizer.pktfifo_write_data_inst/m_axi_wready
    SLICE_X28Y37         LUT3 (Prop_lut3_I2_O)        0.332     8.229 r  design_1_i/axi_interconnect_0/s02_couplers/auto_us_df/inst/gen_upsizer.gen_full_upsizer.axi_upsizer_inst/USE_WRITE.gen_pktfifo_w_upsizer.pktfifo_write_data_inst/dw_fifogen_aw_i_4/O
                         net (fo=6, routed)           0.334     8.563    design_1_i/axi_interconnect_0/s02_couplers/auto_us_df/inst/gen_upsizer.gen_full_upsizer.axi_upsizer_inst/USE_WRITE.gen_pktfifo_w_upsizer.pktfifo_write_data_inst/dw_fifogen_aw_i_4_n_0
    SLICE_X29Y37         LUT5 (Prop_lut5_I4_O)        0.124     8.687 r  design_1_i/axi_interconnect_0/s02_couplers/auto_us_df/inst/gen_upsizer.gen_full_upsizer.axi_upsizer_inst/USE_WRITE.gen_pktfifo_w_upsizer.pktfifo_write_data_inst/dw_fifogen_aw_i_2/O
                         net (fo=10, routed)          0.890     9.577    design_1_i/axi_interconnect_0/s02_couplers/auto_us_df/inst/gen_upsizer.gen_full_upsizer.axi_upsizer_inst/USE_WRITE.gen_pktfifo_w_upsizer.pktfifo_write_data_inst/dw_fifogen_aw/inst_fifo_gen/gaxi_full_lite.gwrite_ch.gwach2.axi_wach/grf.rf/gntv_or_sync_fifo.gl0.rd/gr1.gr1_int.rfwft/m_axi_awready
    SLICE_X37Y37         LUT6 (Prop_lut6_I1_O)        0.124     9.701 r  design_1_i/axi_interconnect_0/s02_couplers/auto_us_df/inst/gen_upsizer.gen_full_upsizer.axi_upsizer_inst/USE_WRITE.gen_pktfifo_w_upsizer.pktfifo_write_data_inst/dw_fifogen_aw/inst_fifo_gen/gaxi_full_lite.gwrite_ch.gwach2.axi_wach/grf.rf/gntv_or_sync_fifo.gl0.rd/gr1.gr1_int.rfwft/goreg_dm.dout_i[95]_i_1/O
                         net (fo=92, routed)          1.377    11.078    design_1_i/axi_interconnect_0/s02_couplers/auto_us_df/inst/gen_upsizer.gen_full_upsizer.axi_upsizer_inst/USE_WRITE.gen_pktfifo_w_upsizer.pktfifo_write_data_inst/dw_fifogen_aw/inst_fifo_gen/gaxi_full_lite.gwrite_ch.gwach2.axi_wach/grf.rf/gntv_or_sync_fifo.mem/E[0]
    SLICE_X36Y60         FDRE                                         r  design_1_i/axi_interconnect_0/s02_couplers/auto_us_df/inst/gen_upsizer.gen_full_upsizer.axi_upsizer_inst/USE_WRITE.gen_pktfifo_w_upsizer.pktfifo_write_data_inst/dw_fifogen_aw/inst_fifo_gen/gaxi_full_lite.gwrite_ch.gwach2.axi_wach/grf.rf/gntv_or_sync_fifo.mem/goreg_dm.dout_i_reg[86]/CE
  -------------------------------------------------------------------    -------------------

                         (clock clk_fpga_0 rise edge)
                                                     10.000    10.000 r  
    PS7_X0Y0             PS7                          0.000    10.000 r  design_1_i/processing_system7_0/inst/PS7_i/FCLKCLK[0]
                         net (fo=1, routed)           1.088    11.088    design_1_i/processing_system7_0/inst/FCLK_CLK_unbuffered[0]
    BUFGCTRL_X0Y16       BUFG (Prop_bufg_I_O)         0.091    11.179 r  design_1_i/processing_system7_0/inst/buffer_fclk_clk_0.FCLK_CLK_0_BUFG/O
                         net (fo=8817, routed)        1.477    12.656    design_1_i/axi_interconnect_0/s02_couplers/auto_us_df/inst/gen_upsizer.gen_full_upsizer.axi_upsizer_inst/USE_WRITE.gen_pktfifo_w_upsizer.pktfifo_write_data_inst/dw_fifogen_aw/inst_fifo_gen/gaxi_full_lite.gwrite_ch.gwach2.axi_wach/grf.rf/gntv_or_sync_fifo.mem/s_aclk
    SLICE_X36Y60         FDRE                                         r  design_1_i/axi_interconnect_0/s02_couplers/auto_us_df/inst/gen_upsizer.gen_full_upsizer.axi_upsizer_inst/USE_WRITE.gen_pktfifo_w_upsizer.pktfifo_write_data_inst/dw_fifogen_aw/inst_fifo_gen/gaxi_full_lite.gwrite_ch.gwach2.axi_wach/grf.rf/gntv_or_sync_fifo.mem/goreg_dm.dout_i_reg[86]/C
                         clock pessimism              0.115    12.771    
                         clock uncertainty           -0.154    12.617    
    SLICE_X36Y60         FDRE (Setup_fdre_C_CE)      -0.169    12.448    design_1_i/axi_interconnect_0/s02_couplers/auto_us_df/inst/gen_upsizer.gen_full_upsizer.axi_upsizer_inst/USE_WRITE.gen_pktfifo_w_upsizer.pktfifo_write_data_inst/dw_fifogen_aw/inst_fifo_gen/gaxi_full_lite.gwrite_ch.gwach2.axi_wach/grf.rf/gntv_or_sync_fifo.mem/goreg_dm.dout_i_reg[86]
  -------------------------------------------------------------------
                         required time                         12.448    
                         arrival time                         -11.078    
  -------------------------------------------------------------------
                         slack                                  1.370    





Min Delay Paths
--------------------------------------------------------------------------------------
Slack (MET) :             0.026ns  (arrival time - required time)
  Source:                 design_1_i/top_0/inst/gmem2_m_axi_U/bus_write/wreq_burst_conv/start_addr_reg[8]/C
                            (rising edge-triggered cell FDRE clocked by clk_fpga_0  {rise@0.000ns fall@5.000ns period=10.000ns})
  Destination:            design_1_i/top_0/inst/gmem2_m_axi_U/bus_write/wreq_burst_conv/sect_addr_buf_reg[8]/D
                            (rising edge-triggered cell FDRE clocked by clk_fpga_0  {rise@0.000ns fall@5.000ns period=10.000ns})
  Path Group:             clk_fpga_0
  Path Type:              Hold (Min at Fast Process Corner)
  Requirement:            0.000ns  (clk_fpga_0 rise@0.000ns - clk_fpga_0 rise@0.000ns)
  Data Path Delay:        0.396ns  (logic 0.232ns (58.637%)  route 0.164ns (41.363%))
  Logic Levels:           1  (LUT2=1)
  Clock Path Skew:        0.262ns (DCD - SCD - CPR)
    Destination Clock Delay (DCD):    1.191ns
    Source Clock Delay      (SCD):    0.899ns
    Clock Pessimism Removal (CPR):    0.030ns

    Location             Delay type                Incr(ns)  Path(ns)    Netlist Resource(s)
  -------------------------------------------------------------------    -------------------
                         (clock clk_fpga_0 rise edge)
                                                      0.000     0.000 r  
    PS7_X0Y0             PS7                          0.000     0.000 r  design_1_i/processing_system7_0/inst/PS7_i/FCLKCLK[0]
                         net (fo=1, routed)           0.310     0.310    design_1_i/processing_system7_0/inst/FCLK_CLK_unbuffered[0]
    BUFGCTRL_X0Y16       BUFG (Prop_bufg_I_O)         0.026     0.336 r  design_1_i/processing_system7_0/inst/buffer_fclk_clk_0.FCLK_CLK_0_BUFG/O
                         net (fo=8817, routed)        0.563     0.899    design_1_i/top_0/inst/gmem2_m_axi_U/bus_write/wreq_burst_conv/ap_clk
    SLICE_X45Y49         FDRE                                         r  design_1_i/top_0/inst/gmem2_m_axi_U/bus_write/wreq_burst_conv/start_addr_reg[8]/C
  -------------------------------------------------------------------    -------------------
    SLICE_X45Y49         FDRE (Prop_fdre_C_Q)         0.128     1.027 r  design_1_i/top_0/inst/gmem2_m_axi_U/bus_write/wreq_burst_conv/start_addr_reg[8]/Q
                         net (fo=1, routed)           0.164     1.190    design_1_i/top_0/inst/gmem2_m_axi_U/bus_write/wreq_burst_conv/start_addr_reg_n_2_[8]
    SLICE_X44Y50         LUT2 (Prop_lut2_I1_O)        0.104     1.294 r  design_1_i/top_0/inst/gmem2_m_axi_U/bus_write/wreq_burst_conv/sect_addr_buf[8]_i_1__1/O
                         net (fo=1, routed)           0.000     1.294    design_1_i/top_0/inst/gmem2_m_axi_U/bus_write/wreq_burst_conv/sect_addr[8]
    SLICE_X44Y50         FDRE                                         r  design_1_i/top_0/inst/gmem2_m_axi_U/bus_write/wreq_burst_conv/sect_addr_buf_reg[8]/D
  -------------------------------------------------------------------    -------------------

                         (clock clk_fpga_0 rise edge)
                                                      0.000     0.000 r  
    PS7_X0Y0             PS7                          0.000     0.000 r  design_1_i/processing_system7_0/inst/PS7_i/FCLKCLK[0]
                         net (fo=1, routed)           0.337     0.337    design_1_i/processing_system7_0/inst/FCLK_CLK_unbuffered[0]
    BUFGCTRL_X0Y16       BUFG (Prop_bufg_I_O)         0.029     0.366 r  design_1_i/processing_system7_0/inst/buffer_fclk_clk_0.FCLK_CLK_0_BUFG/O
                         net (fo=8817, routed)        0.825     1.191    design_1_i/top_0/inst/gmem2_m_axi_U/bus_write/wreq_burst_conv/ap_clk
    SLICE_X44Y50         FDRE                                         r  design_1_i/top_0/inst/gmem2_m_axi_U/bus_write/wreq_burst_conv/sect_addr_buf_reg[8]/C
                         clock pessimism             -0.030     1.161    
    SLICE_X44Y50         FDRE (Hold_fdre_C_D)         0.107     1.268    design_1_i/top_0/inst/gmem2_m_axi_U/bus_write/wreq_burst_conv/sect_addr_buf_reg[8]
  -------------------------------------------------------------------
                         required time                         -1.268    
                         arrival time                           1.294    
  -------------------------------------------------------------------
                         slack                                  0.026    

Slack (MET) :             0.030ns  (arrival time - required time)
  Source:                 design_1_i/top_0/inst/gmem2_m_axi_U/bus_write/wreq_throttle/data_fifo/U_fifo_srl/dout_reg[20]/C
                            (rising edge-triggered cell FDRE clocked by clk_fpga_0  {rise@0.000ns fall@5.000ns period=10.000ns})
  Destination:            design_1_i/axi_interconnect_0/s02_couplers/auto_us_df/inst/gen_upsizer.gen_full_upsizer.axi_upsizer_inst/USE_WRITE.gen_pktfifo_w_upsizer.pktfifo_write_data_inst/w_buffer/inst_blk_mem_gen/gnbram.gnativebmg.native_blk_mem_gen/valid.cstr/ramloop[0].ram.r/prim_noinit.ram/DEVICE_7SERIES.NO_BMM_INFO.SDP.WIDE_PRIM36_NO_ECC.ram/DIADI[20]
                            (rising edge-triggered cell RAMB36E1 clocked by clk_fpga_0  {rise@0.000ns fall@5.000ns period=10.000ns})
  Path Group:             clk_fpga_0
  Path Type:              Hold (Min at Fast Process Corner)
  Requirement:            0.000ns  (clk_fpga_0 rise@0.000ns - clk_fpga_0 rise@0.000ns)
  Data Path Delay:        0.330ns  (logic 0.148ns (44.806%)  route 0.182ns (55.194%))
  Logic Levels:           0  
  Clock Path Skew:        0.057ns (DCD - SCD - CPR)
    Destination Clock Delay (DCD):    1.266ns
    Source Clock Delay      (SCD):    0.927ns
    Clock Pessimism Removal (CPR):    0.282ns

    Location             Delay type                Incr(ns)  Path(ns)    Netlist Resource(s)
  -------------------------------------------------------------------    -------------------
                         (clock clk_fpga_0 rise edge)
                                                      0.000     0.000 r  
    PS7_X0Y0             PS7                          0.000     0.000 r  design_1_i/processing_system7_0/inst/PS7_i/FCLKCLK[0]
                         net (fo=1, routed)           0.310     0.310    design_1_i/processing_system7_0/inst/FCLK_CLK_unbuffered[0]
    BUFGCTRL_X0Y16       BUFG (Prop_bufg_I_O)         0.026     0.336 r  design_1_i/processing_system7_0/inst/buffer_fclk_clk_0.FCLK_CLK_0_BUFG/O
                         net (fo=8817, routed)        0.591     0.927    design_1_i/top_0/inst/gmem2_m_axi_U/bus_write/wreq_throttle/data_fifo/U_fifo_srl/ap_clk
    SLICE_X22Y34         FDRE                                         r  design_1_i/top_0/inst/gmem2_m_axi_U/bus_write/wreq_throttle/data_fifo/U_fifo_srl/dout_reg[20]/C
  -------------------------------------------------------------------    -------------------
    SLICE_X22Y34         FDRE (Prop_fdre_C_Q)         0.148     1.075 r  design_1_i/top_0/inst/gmem2_m_axi_U/bus_write/wreq_throttle/data_fifo/U_fifo_srl/dout_reg[20]/Q
                         net (fo=2, routed)           0.182     1.257    design_1_i/axi_interconnect_0/s02_couplers/auto_us_df/inst/gen_upsizer.gen_full_upsizer.axi_upsizer_inst/USE_WRITE.gen_pktfifo_w_upsizer.pktfifo_write_data_inst/w_buffer/inst_blk_mem_gen/gnbram.gnativebmg.native_blk_mem_gen/valid.cstr/ramloop[0].ram.r/prim_noinit.ram/dina[22]
    RAMB36_X1Y7          RAMB36E1                                     r  design_1_i/axi_interconnect_0/s02_couplers/auto_us_df/inst/gen_upsizer.gen_full_upsizer.axi_upsizer_inst/USE_WRITE.gen_pktfifo_w_upsizer.pktfifo_write_data_inst/w_buffer/inst_blk_mem_gen/gnbram.gnativebmg.native_blk_mem_gen/valid.cstr/ramloop[0].ram.r/prim_noinit.ram/DEVICE_7SERIES.NO_BMM_INFO.SDP.WIDE_PRIM36_NO_ECC.ram/DIADI[20]
  -------------------------------------------------------------------    -------------------

                         (clock clk_fpga_0 rise edge)
                                                      0.000     0.000 r  
    PS7_X0Y0             PS7                          0.000     0.000 r  design_1_i/processing_system7_0/inst/PS7_i/FCLKCLK[0]
                         net (fo=1, routed)           0.337     0.337    design_1_i/processing_system7_0/inst/FCLK_CLK_unbuffered[0]
    BUFGCTRL_X0Y16       BUFG (Prop_bufg_I_O)         0.029     0.366 r  design_1_i/processing_system7_0/inst/buffer_fclk_clk_0.FCLK_CLK_0_BUFG/O
                         net (fo=8817, routed)        0.900     1.266    design_1_i/axi_interconnect_0/s02_couplers/auto_us_df/inst/gen_upsizer.gen_full_upsizer.axi_upsizer_inst/USE_WRITE.gen_pktfifo_w_upsizer.pktfifo_write_data_inst/w_buffer/inst_blk_mem_gen/gnbram.gnativebmg.native_blk_mem_gen/valid.cstr/ramloop[0].ram.r/prim_noinit.ram/clkb
    RAMB36_X1Y7          RAMB36E1                                     r  design_1_i/axi_interconnect_0/s02_couplers/auto_us_df/inst/gen_upsizer.gen_full_upsizer.axi_upsizer_inst/USE_WRITE.gen_pktfifo_w_upsizer.pktfifo_write_data_inst/w_buffer/inst_blk_mem_gen/gnbram.gnativebmg.native_blk_mem_gen/valid.cstr/ramloop[0].ram.r/prim_noinit.ram/DEVICE_7SERIES.NO_BMM_INFO.SDP.WIDE_PRIM36_NO_ECC.ram/CLKBWRCLK
                         clock pessimism             -0.282     0.984    
    RAMB36_X1Y7          RAMB36E1 (Hold_ramb36e1_CLKBWRCLK_DIADI[20])
                                                      0.243     1.227    design_1_i/axi_interconnect_0/s02_couplers/auto_us_df/inst/gen_upsizer.gen_full_upsizer.axi_upsizer_inst/USE_WRITE.gen_pktfifo_w_upsizer.pktfifo_write_data_inst/w_buffer/inst_blk_mem_gen/gnbram.gnativebmg.native_blk_mem_gen/valid.cstr/ramloop[0].ram.r/prim_noinit.ram/DEVICE_7SERIES.NO_BMM_INFO.SDP.WIDE_PRIM36_NO_ECC.ram
  -------------------------------------------------------------------
                         required time                         -1.227    
                         arrival time                           1.257    
  -------------------------------------------------------------------
                         slack                                  0.030    

Slack (MET) :             0.030ns  (arrival time - required time)
  Source:                 design_1_i/top_0/inst/gmem2_m_axi_U/bus_write/wreq_throttle/data_fifo/U_fifo_srl/dout_reg[20]/C
                            (rising edge-triggered cell FDRE clocked by clk_fpga_0  {rise@0.000ns fall@5.000ns period=10.000ns})
  Destination:            design_1_i/axi_interconnect_0/s02_couplers/auto_us_df/inst/gen_upsizer.gen_full_upsizer.axi_upsizer_inst/USE_WRITE.gen_pktfifo_w_upsizer.pktfifo_write_data_inst/w_buffer/inst_blk_mem_gen/gnbram.gnativebmg.native_blk_mem_gen/valid.cstr/ramloop[0].ram.r/prim_noinit.ram/DEVICE_7SERIES.NO_BMM_INFO.SDP.WIDE_PRIM36_NO_ECC.ram/DIBDI[20]
                            (rising edge-triggered cell RAMB36E1 clocked by clk_fpga_0  {rise@0.000ns fall@5.000ns period=10.000ns})
  Path Group:             clk_fpga_0
  Path Type:              Hold (Min at Fast Process Corner)
  Requirement:            0.000ns  (clk_fpga_0 rise@0.000ns - clk_fpga_0 rise@0.000ns)
  Data Path Delay:        0.330ns  (logic 0.148ns (44.806%)  route 0.182ns (55.194%))
  Logic Levels:           0  
  Clock Path Skew:        0.057ns (DCD - SCD - CPR)
    Destination Clock Delay (DCD):    1.266ns
    Source Clock Delay      (SCD):    0.927ns
    Clock Pessimism Removal (CPR):    0.282ns

    Location             Delay type                Incr(ns)  Path(ns)    Netlist Resource(s)
  -------------------------------------------------------------------    -------------------
                         (clock clk_fpga_0 rise edge)
                                                      0.000     0.000 r  
    PS7_X0Y0             PS7                          0.000     0.000 r  design_1_i/processing_system7_0/inst/PS7_i/FCLKCLK[0]
                         net (fo=1, routed)           0.310     0.310    design_1_i/processing_system7_0/inst/FCLK_CLK_unbuffered[0]
    BUFGCTRL_X0Y16       BUFG (Prop_bufg_I_O)         0.026     0.336 r  design_1_i/processing_system7_0/inst/buffer_fclk_clk_0.FCLK_CLK_0_BUFG/O
                         net (fo=8817, routed)        0.591     0.927    design_1_i/top_0/inst/gmem2_m_axi_U/bus_write/wreq_throttle/data_fifo/U_fifo_srl/ap_clk
    SLICE_X22Y34         FDRE                                         r  design_1_i/top_0/inst/gmem2_m_axi_U/bus_write/wreq_throttle/data_fifo/U_fifo_srl/dout_reg[20]/C
  -------------------------------------------------------------------    -------------------
    SLICE_X22Y34         FDRE (Prop_fdre_C_Q)         0.148     1.075 r  design_1_i/top_0/inst/gmem2_m_axi_U/bus_write/wreq_throttle/data_fifo/U_fifo_srl/dout_reg[20]/Q
                         net (fo=2, routed)           0.182     1.257    design_1_i/axi_interconnect_0/s02_couplers/auto_us_df/inst/gen_upsizer.gen_full_upsizer.axi_upsizer_inst/USE_WRITE.gen_pktfifo_w_upsizer.pktfifo_write_data_inst/w_buffer/inst_blk_mem_gen/gnbram.gnativebmg.native_blk_mem_gen/valid.cstr/ramloop[0].ram.r/prim_noinit.ram/dina[22]
    RAMB36_X1Y7          RAMB36E1                                     r  design_1_i/axi_interconnect_0/s02_couplers/auto_us_df/inst/gen_upsizer.gen_full_upsizer.axi_upsizer_inst/USE_WRITE.gen_pktfifo_w_upsizer.pktfifo_write_data_inst/w_buffer/inst_blk_mem_gen/gnbram.gnativebmg.native_blk_mem_gen/valid.cstr/ramloop[0].ram.r/prim_noinit.ram/DEVICE_7SERIES.NO_BMM_INFO.SDP.WIDE_PRIM36_NO_ECC.ram/DIBDI[20]
  -------------------------------------------------------------------    -------------------

                         (clock clk_fpga_0 rise edge)
                                                      0.000     0.000 r  
    PS7_X0Y0             PS7                          0.000     0.000 r  design_1_i/processing_system7_0/inst/PS7_i/FCLKCLK[0]
                         net (fo=1, routed)           0.337     0.337    design_1_i/processing_system7_0/inst/FCLK_CLK_unbuffered[0]
    BUFGCTRL_X0Y16       BUFG (Prop_bufg_I_O)         0.029     0.366 r  design_1_i/processing_system7_0/inst/buffer_fclk_clk_0.FCLK_CLK_0_BUFG/O
                         net (fo=8817, routed)        0.900     1.266    design_1_i/axi_interconnect_0/s02_couplers/auto_us_df/inst/gen_upsizer.gen_full_upsizer.axi_upsizer_inst/USE_WRITE.gen_pktfifo_w_upsizer.pktfifo_write_data_inst/w_buffer/inst_blk_mem_gen/gnbram.gnativebmg.native_blk_mem_gen/valid.cstr/ramloop[0].ram.r/prim_noinit.ram/clkb
    RAMB36_X1Y7          RAMB36E1                                     r  design_1_i/axi_interconnect_0/s02_couplers/auto_us_df/inst/gen_upsizer.gen_full_upsizer.axi_upsizer_inst/USE_WRITE.gen_pktfifo_w_upsizer.pktfifo_write_data_inst/w_buffer/inst_blk_mem_gen/gnbram.gnativebmg.native_blk_mem_gen/valid.cstr/ramloop[0].ram.r/prim_noinit.ram/DEVICE_7SERIES.NO_BMM_INFO.SDP.WIDE_PRIM36_NO_ECC.ram/CLKBWRCLK
                         clock pessimism             -0.282     0.984    
    RAMB36_X1Y7          RAMB36E1 (Hold_ramb36e1_CLKBWRCLK_DIBDI[20])
                                                      0.243     1.227    design_1_i/axi_interconnect_0/s02_couplers/auto_us_df/inst/gen_upsizer.gen_full_upsizer.axi_upsizer_inst/USE_WRITE.gen_pktfifo_w_upsizer.pktfifo_write_data_inst/w_buffer/inst_blk_mem_gen/gnbram.gnativebmg.native_blk_mem_gen/valid.cstr/ramloop[0].ram.r/prim_noinit.ram/DEVICE_7SERIES.NO_BMM_INFO.SDP.WIDE_PRIM36_NO_ECC.ram
  -------------------------------------------------------------------
                         required time                         -1.227    
                         arrival time                           1.257    
  -------------------------------------------------------------------
                         slack                                  0.030    

Slack (MET) :             0.036ns  (arrival time - required time)
  Source:                 design_1_i/top_0/inst/gmem1_m_axi_U/bus_write/wreq_throttle/rs_req/data_p1_reg[20]/C
                            (rising edge-triggered cell FDRE clocked by clk_fpga_0  {rise@0.000ns fall@5.000ns period=10.000ns})
  Destination:            design_1_i/axi_interconnect_0/s01_couplers/auto_us_df/inst/gen_upsizer.gen_full_upsizer.axi_upsizer_inst/si_register_slice_inst/aw.aw_pipe/m_payload_i_reg[20]/D
                            (rising edge-triggered cell FDRE clocked by clk_fpga_0  {rise@0.000ns fall@5.000ns period=10.000ns})
  Path Group:             clk_fpga_0
  Path Type:              Hold (Min at Fast Process Corner)
  Requirement:            0.000ns  (clk_fpga_0 rise@0.000ns - clk_fpga_0 rise@0.000ns)
  Data Path Delay:        0.370ns  (logic 0.141ns (38.090%)  route 0.229ns (61.910%))
  Logic Levels:           0  
  Clock Path Skew:        0.268ns (DCD - SCD - CPR)
    Destination Clock Delay (DCD):    1.191ns
    Source Clock Delay      (SCD):    0.888ns
    Clock Pessimism Removal (CPR):    0.035ns

    Location             Delay type                Incr(ns)  Path(ns)    Netlist Resource(s)
  -------------------------------------------------------------------    -------------------
                         (clock clk_fpga_0 rise edge)
                                                      0.000     0.000 r  
    PS7_X0Y0             PS7                          0.000     0.000 r  design_1_i/processing_system7_0/inst/PS7_i/FCLKCLK[0]
                         net (fo=1, routed)           0.310     0.310    design_1_i/processing_system7_0/inst/FCLK_CLK_unbuffered[0]
    BUFGCTRL_X0Y16       BUFG (Prop_bufg_I_O)         0.026     0.336 r  design_1_i/processing_system7_0/inst/buffer_fclk_clk_0.FCLK_CLK_0_BUFG/O
                         net (fo=8817, routed)        0.552     0.888    design_1_i/top_0/inst/gmem1_m_axi_U/bus_write/wreq_throttle/rs_req/ap_clk
    SLICE_X51Y54         FDRE                                         r  design_1_i/top_0/inst/gmem1_m_axi_U/bus_write/wreq_throttle/rs_req/data_p1_reg[20]/C
  -------------------------------------------------------------------    -------------------
    SLICE_X51Y54         FDRE (Prop_fdre_C_Q)         0.141     1.029 r  design_1_i/top_0/inst/gmem1_m_axi_U/bus_write/wreq_throttle/rs_req/data_p1_reg[20]/Q
                         net (fo=1, routed)           0.229     1.258    design_1_i/axi_interconnect_0/s01_couplers/auto_us_df/inst/gen_upsizer.gen_full_upsizer.axi_upsizer_inst/si_register_slice_inst/aw.aw_pipe/D[20]
    SLICE_X47Y52         FDRE                                         r  design_1_i/axi_interconnect_0/s01_couplers/auto_us_df/inst/gen_upsizer.gen_full_upsizer.axi_upsizer_inst/si_register_slice_inst/aw.aw_pipe/m_payload_i_reg[20]/D
  -------------------------------------------------------------------    -------------------

                         (clock clk_fpga_0 rise edge)
                                                      0.000     0.000 r  
    PS7_X0Y0             PS7                          0.000     0.000 r  design_1_i/processing_system7_0/inst/PS7_i/FCLKCLK[0]
                         net (fo=1, routed)           0.337     0.337    design_1_i/processing_system7_0/inst/FCLK_CLK_unbuffered[0]
    BUFGCTRL_X0Y16       BUFG (Prop_bufg_I_O)         0.029     0.366 r  design_1_i/processing_system7_0/inst/buffer_fclk_clk_0.FCLK_CLK_0_BUFG/O
                         net (fo=8817, routed)        0.825     1.191    design_1_i/axi_interconnect_0/s01_couplers/auto_us_df/inst/gen_upsizer.gen_full_upsizer.axi_upsizer_inst/si_register_slice_inst/aw.aw_pipe/out
    SLICE_X47Y52         FDRE                                         r  design_1_i/axi_interconnect_0/s01_couplers/auto_us_df/inst/gen_upsizer.gen_full_upsizer.axi_upsizer_inst/si_register_slice_inst/aw.aw_pipe/m_payload_i_reg[20]/C
                         clock pessimism             -0.035     1.156    
    SLICE_X47Y52         FDRE (Hold_fdre_C_D)         0.066     1.222    design_1_i/axi_interconnect_0/s01_couplers/auto_us_df/inst/gen_upsizer.gen_full_upsizer.axi_upsizer_inst/si_register_slice_inst/aw.aw_pipe/m_payload_i_reg[20]
  -------------------------------------------------------------------
                         required time                         -1.222    
                         arrival time                           1.258    
  -------------------------------------------------------------------
                         slack                                  0.036    

Slack (MET) :             0.037ns  (arrival time - required time)
  Source:                 design_1_i/axi_interconnect_0/s01_couplers/auto_us_df/inst/gen_upsizer.gen_full_upsizer.axi_upsizer_inst/USE_WRITE.gen_pktfifo_w_upsizer.pktfifo_write_data_inst/s_aw_reg/aw.aw_pipe/m_payload_i_reg[4]/C
                            (rising edge-triggered cell FDRE clocked by clk_fpga_0  {rise@0.000ns fall@5.000ns period=10.000ns})
  Destination:            design_1_i/axi_interconnect_0/s01_couplers/auto_us_df/inst/gen_upsizer.gen_full_upsizer.axi_upsizer_inst/USE_WRITE.gen_pktfifo_w_upsizer.pktfifo_write_data_inst/dw_fifogen_aw/inst_fifo_gen/gaxi_full_lite.gwrite_ch.gwach2.axi_wach/grf.rf/gntv_or_sync_fifo.mem/gdm.dm_gen.dm/RAM_reg_0_31_36_41/RAMA/I
                            (rising edge-triggered cell RAMD32 clocked by clk_fpga_0  {rise@0.000ns fall@5.000ns period=10.000ns})
  Path Group:             clk_fpga_0
  Path Type:              Hold (Min at Fast Process Corner)
  Requirement:            0.000ns  (clk_fpga_0 rise@0.000ns - clk_fpga_0 rise@0.000ns)
  Data Path Delay:        0.197ns  (logic 0.141ns (71.611%)  route 0.056ns (28.389%))
  Logic Levels:           0  
  Clock Path Skew:        0.013ns (DCD - SCD - CPR)
    Destination Clock Delay (DCD):    1.195ns
    Source Clock Delay      (SCD):    0.898ns
    Clock Pessimism Removal (CPR):    0.284ns

    Location             Delay type                Incr(ns)  Path(ns)    Netlist Resource(s)
  -------------------------------------------------------------------    -------------------
                         (clock clk_fpga_0 rise edge)
                                                      0.000     0.000 r  
    PS7_X0Y0             PS7                          0.000     0.000 r  design_1_i/processing_system7_0/inst/PS7_i/FCLKCLK[0]
                         net (fo=1, routed)           0.310     0.310    design_1_i/processing_system7_0/inst/FCLK_CLK_unbuffered[0]
    BUFGCTRL_X0Y16       BUFG (Prop_bufg_I_O)         0.026     0.336 r  design_1_i/processing_system7_0/inst/buffer_fclk_clk_0.FCLK_CLK_0_BUFG/O
                         net (fo=8817, routed)        0.562     0.898    design_1_i/axi_interconnect_0/s01_couplers/auto_us_df/inst/gen_upsizer.gen_full_upsizer.axi_upsizer_inst/USE_WRITE.gen_pktfifo_w_upsizer.pktfifo_write_data_inst/s_aw_reg/aw.aw_pipe/out
    SLICE_X37Y43         FDRE                                         r  design_1_i/axi_interconnect_0/s01_couplers/auto_us_df/inst/gen_upsizer.gen_full_upsizer.axi_upsizer_inst/USE_WRITE.gen_pktfifo_w_upsizer.pktfifo_write_data_inst/s_aw_reg/aw.aw_pipe/m_payload_i_reg[4]/C
  -------------------------------------------------------------------    -------------------
    SLICE_X37Y43         FDRE (Prop_fdre_C_Q)         0.141     1.039 r  design_1_i/axi_interconnect_0/s01_couplers/auto_us_df/inst/gen_upsizer.gen_full_upsizer.axi_upsizer_inst/USE_WRITE.gen_pktfifo_w_upsizer.pktfifo_write_data_inst/s_aw_reg/aw.aw_pipe/m_payload_i_reg[4]/Q
                         net (fo=1, routed)           0.056     1.094    design_1_i/axi_interconnect_0/s01_couplers/auto_us_df/inst/gen_upsizer.gen_full_upsizer.axi_upsizer_inst/USE_WRITE.gen_pktfifo_w_upsizer.pktfifo_write_data_inst/dw_fifogen_aw/inst_fifo_gen/gaxi_full_lite.gwrite_ch.gwach2.axi_wach/grf.rf/gntv_or_sync_fifo.mem/gdm.dm_gen.dm/RAM_reg_0_31_36_41/DIA0
    SLICE_X36Y43         RAMD32                                       r  design_1_i/axi_interconnect_0/s01_couplers/auto_us_df/inst/gen_upsizer.gen_full_upsizer.axi_upsizer_inst/USE_WRITE.gen_pktfifo_w_upsizer.pktfifo_write_data_inst/dw_fifogen_aw/inst_fifo_gen/gaxi_full_lite.gwrite_ch.gwach2.axi_wach/grf.rf/gntv_or_sync_fifo.mem/gdm.dm_gen.dm/RAM_reg_0_31_36_41/RAMA/I
  -------------------------------------------------------------------    -------------------

                         (clock clk_fpga_0 rise edge)
                                                      0.000     0.000 r  
    PS7_X0Y0             PS7                          0.000     0.000 r  design_1_i/processing_system7_0/inst/PS7_i/FCLKCLK[0]
                         net (fo=1, routed)           0.337     0.337    design_1_i/processing_system7_0/inst/FCLK_CLK_unbuffered[0]
    BUFGCTRL_X0Y16       BUFG (Prop_bufg_I_O)         0.029     0.366 r  design_1_i/processing_system7_0/inst/buffer_fclk_clk_0.FCLK_CLK_0_BUFG/O
                         net (fo=8817, routed)        0.829     1.195    design_1_i/axi_interconnect_0/s01_couplers/auto_us_df/inst/gen_upsizer.gen_full_upsizer.axi_upsizer_inst/USE_WRITE.gen_pktfifo_w_upsizer.pktfifo_write_data_inst/dw_fifogen_aw/inst_fifo_gen/gaxi_full_lite.gwrite_ch.gwach2.axi_wach/grf.rf/gntv_or_sync_fifo.mem/gdm.dm_gen.dm/RAM_reg_0_31_36_41/WCLK
    SLICE_X36Y43         RAMD32                                       r  design_1_i/axi_interconnect_0/s01_couplers/auto_us_df/inst/gen_upsizer.gen_full_upsizer.axi_upsizer_inst/USE_WRITE.gen_pktfifo_w_upsizer.pktfifo_write_data_inst/dw_fifogen_aw/inst_fifo_gen/gaxi_full_lite.gwrite_ch.gwach2.axi_wach/grf.rf/gntv_or_sync_fifo.mem/gdm.dm_gen.dm/RAM_reg_0_31_36_41/RAMA/CLK
                         clock pessimism             -0.284     0.911    
    SLICE_X36Y43         RAMD32 (Hold_ramd32_CLK_I)
                                                      0.147     1.058    design_1_i/axi_interconnect_0/s01_couplers/auto_us_df/inst/gen_upsizer.gen_full_upsizer.axi_upsizer_inst/USE_WRITE.gen_pktfifo_w_upsizer.pktfifo_write_data_inst/dw_fifogen_aw/inst_fifo_gen/gaxi_full_lite.gwrite_ch.gwach2.axi_wach/grf.rf/gntv_or_sync_fifo.mem/gdm.dm_gen.dm/RAM_reg_0_31_36_41/RAMA
  -------------------------------------------------------------------
                         required time                         -1.058    
                         arrival time                           1.094    
  -------------------------------------------------------------------
                         slack                                  0.037    

Slack (MET) :             0.037ns  (arrival time - required time)
  Source:                 design_1_i/axi_interconnect_0/s02_couplers/auto_us_df/inst/gen_upsizer.gen_full_upsizer.axi_upsizer_inst/USE_WRITE.gen_pktfifo_w_upsizer.pktfifo_write_data_inst/s_aw_reg/aw.aw_pipe/m_payload_i_reg[40]/C
                            (rising edge-triggered cell FDRE clocked by clk_fpga_0  {rise@0.000ns fall@5.000ns period=10.000ns})
  Destination:            design_1_i/axi_interconnect_0/s02_couplers/auto_us_df/inst/gen_upsizer.gen_full_upsizer.axi_upsizer_inst/USE_WRITE.gen_pktfifo_w_upsizer.pktfifo_write_data_inst/dw_fifogen_aw/inst_fifo_gen/gaxi_full_lite.gwrite_ch.gwach2.axi_wach/grf.rf/gntv_or_sync_fifo.mem/gdm.dm_gen.dm/RAM_reg_0_31_72_77/RAMA/I
                            (rising edge-triggered cell RAMD32 clocked by clk_fpga_0  {rise@0.000ns fall@5.000ns period=10.000ns})
  Path Group:             clk_fpga_0
  Path Type:              Hold (Min at Fast Process Corner)
  Requirement:            0.000ns  (clk_fpga_0 rise@0.000ns - clk_fpga_0 rise@0.000ns)
  Data Path Delay:        0.197ns  (logic 0.141ns (71.611%)  route 0.056ns (28.389%))
  Logic Levels:           0  
  Clock Path Skew:        0.013ns (DCD - SCD - CPR)
    Destination Clock Delay (DCD):    1.188ns
    Source Clock Delay      (SCD):    0.890ns
    Clock Pessimism Removal (CPR):    0.285ns

    Location             Delay type                Incr(ns)  Path(ns)    Netlist Resource(s)
  -------------------------------------------------------------------    -------------------
                         (clock clk_fpga_0 rise edge)
                                                      0.000     0.000 r  
    PS7_X0Y0             PS7                          0.000     0.000 r  design_1_i/processing_system7_0/inst/PS7_i/FCLKCLK[0]
                         net (fo=1, routed)           0.310     0.310    design_1_i/processing_system7_0/inst/FCLK_CLK_unbuffered[0]
    BUFGCTRL_X0Y16       BUFG (Prop_bufg_I_O)         0.026     0.336 r  design_1_i/processing_system7_0/inst/buffer_fclk_clk_0.FCLK_CLK_0_BUFG/O
                         net (fo=8817, routed)        0.554     0.890    design_1_i/axi_interconnect_0/s02_couplers/auto_us_df/inst/gen_upsizer.gen_full_upsizer.axi_upsizer_inst/USE_WRITE.gen_pktfifo_w_upsizer.pktfifo_write_data_inst/s_aw_reg/aw.aw_pipe/out
    SLICE_X39Y60         FDRE                                         r  design_1_i/axi_interconnect_0/s02_couplers/auto_us_df/inst/gen_upsizer.gen_full_upsizer.axi_upsizer_inst/USE_WRITE.gen_pktfifo_w_upsizer.pktfifo_write_data_inst/s_aw_reg/aw.aw_pipe/m_payload_i_reg[40]/C
  -------------------------------------------------------------------    -------------------
    SLICE_X39Y60         FDRE (Prop_fdre_C_Q)         0.141     1.031 r  design_1_i/axi_interconnect_0/s02_couplers/auto_us_df/inst/gen_upsizer.gen_full_upsizer.axi_upsizer_inst/USE_WRITE.gen_pktfifo_w_upsizer.pktfifo_write_data_inst/s_aw_reg/aw.aw_pipe/m_payload_i_reg[40]/Q
                         net (fo=1, routed)           0.056     1.086    design_1_i/axi_interconnect_0/s02_couplers/auto_us_df/inst/gen_upsizer.gen_full_upsizer.axi_upsizer_inst/USE_WRITE.gen_pktfifo_w_upsizer.pktfifo_write_data_inst/dw_fifogen_aw/inst_fifo_gen/gaxi_full_lite.gwrite_ch.gwach2.axi_wach/grf.rf/gntv_or_sync_fifo.mem/gdm.dm_gen.dm/RAM_reg_0_31_72_77/DIA0
    SLICE_X38Y60         RAMD32                                       r  design_1_i/axi_interconnect_0/s02_couplers/auto_us_df/inst/gen_upsizer.gen_full_upsizer.axi_upsizer_inst/USE_WRITE.gen_pktfifo_w_upsizer.pktfifo_write_data_inst/dw_fifogen_aw/inst_fifo_gen/gaxi_full_lite.gwrite_ch.gwach2.axi_wach/grf.rf/gntv_or_sync_fifo.mem/gdm.dm_gen.dm/RAM_reg_0_31_72_77/RAMA/I
  -------------------------------------------------------------------    -------------------

                         (clock clk_fpga_0 rise edge)
                                                      0.000     0.000 r  
    PS7_X0Y0             PS7                          0.000     0.000 r  design_1_i/processing_system7_0/inst/PS7_i/FCLKCLK[0]
                         net (fo=1, routed)           0.337     0.337    design_1_i/processing_system7_0/inst/FCLK_CLK_unbuffered[0]
    BUFGCTRL_X0Y16       BUFG (Prop_bufg_I_O)         0.029     0.366 r  design_1_i/processing_system7_0/inst/buffer_fclk_clk_0.FCLK_CLK_0_BUFG/O
                         net (fo=8817, routed)        0.822     1.188    design_1_i/axi_interconnect_0/s02_couplers/auto_us_df/inst/gen_upsizer.gen_full_upsizer.axi_upsizer_inst/USE_WRITE.gen_pktfifo_w_upsizer.pktfifo_write_data_inst/dw_fifogen_aw/inst_fifo_gen/gaxi_full_lite.gwrite_ch.gwach2.axi_wach/grf.rf/gntv_or_sync_fifo.mem/gdm.dm_gen.dm/RAM_reg_0_31_72_77/WCLK
    SLICE_X38Y60         RAMD32                                       r  design_1_i/axi_interconnect_0/s02_couplers/auto_us_df/inst/gen_upsizer.gen_full_upsizer.axi_upsizer_inst/USE_WRITE.gen_pktfifo_w_upsizer.pktfifo_write_data_inst/dw_fifogen_aw/inst_fifo_gen/gaxi_full_lite.gwrite_ch.gwach2.axi_wach/grf.rf/gntv_or_sync_fifo.mem/gdm.dm_gen.dm/RAM_reg_0_31_72_77/RAMA/CLK
                         clock pessimism             -0.285     0.903    
    SLICE_X38Y60         RAMD32 (Hold_ramd32_CLK_I)
                                                      0.147     1.050    design_1_i/axi_interconnect_0/s02_couplers/auto_us_df/inst/gen_upsizer.gen_full_upsizer.axi_upsizer_inst/USE_WRITE.gen_pktfifo_w_upsizer.pktfifo_write_data_inst/dw_fifogen_aw/inst_fifo_gen/gaxi_full_lite.gwrite_ch.gwach2.axi_wach/grf.rf/gntv_or_sync_fifo.mem/gdm.dm_gen.dm/RAM_reg_0_31_72_77/RAMA
  -------------------------------------------------------------------
                         required time                         -1.050    
                         arrival time                           1.086    
  -------------------------------------------------------------------
                         slack                                  0.037    

Slack (MET) :             0.037ns  (arrival time - required time)
  Source:                 design_1_i/axi_interconnect_0/s02_couplers/auto_us_df/inst/gen_upsizer.gen_full_upsizer.axi_upsizer_inst/USE_WRITE.gen_pktfifo_w_upsizer.pktfifo_write_data_inst/s_aw_reg/aw.aw_pipe/m_payload_i_reg[28]/C
                            (rising edge-triggered cell FDRE clocked by clk_fpga_0  {rise@0.000ns fall@5.000ns period=10.000ns})
  Destination:            design_1_i/axi_interconnect_0/s02_couplers/auto_us_df/inst/gen_upsizer.gen_full_upsizer.axi_upsizer_inst/USE_WRITE.gen_pktfifo_w_upsizer.pktfifo_write_data_inst/dw_fifogen_aw/inst_fifo_gen/gaxi_full_lite.gwrite_ch.gwach2.axi_wach/grf.rf/gntv_or_sync_fifo.mem/gdm.dm_gen.dm/RAM_reg_0_31_60_65/RAMA/I
                            (rising edge-triggered cell RAMD32 clocked by clk_fpga_0  {rise@0.000ns fall@5.000ns period=10.000ns})
  Path Group:             clk_fpga_0
  Path Type:              Hold (Min at Fast Process Corner)
  Requirement:            0.000ns  (clk_fpga_0 rise@0.000ns - clk_fpga_0 rise@0.000ns)
  Data Path Delay:        0.197ns  (logic 0.141ns (71.611%)  route 0.056ns (28.389%))
  Logic Levels:           0  
  Clock Path Skew:        0.013ns (DCD - SCD - CPR)
    Destination Clock Delay (DCD):    1.190ns
    Source Clock Delay      (SCD):    0.892ns
    Clock Pessimism Removal (CPR):    0.285ns

    Location             Delay type                Incr(ns)  Path(ns)    Netlist Resource(s)
  -------------------------------------------------------------------    -------------------
                         (clock clk_fpga_0 rise edge)
                                                      0.000     0.000 r  
    PS7_X0Y0             PS7                          0.000     0.000 r  design_1_i/processing_system7_0/inst/PS7_i/FCLKCLK[0]
                         net (fo=1, routed)           0.310     0.310    design_1_i/processing_system7_0/inst/FCLK_CLK_unbuffered[0]
    BUFGCTRL_X0Y16       BUFG (Prop_bufg_I_O)         0.026     0.336 r  design_1_i/processing_system7_0/inst/buffer_fclk_clk_0.FCLK_CLK_0_BUFG/O
                         net (fo=8817, routed)        0.556     0.892    design_1_i/axi_interconnect_0/s02_couplers/auto_us_df/inst/gen_upsizer.gen_full_upsizer.axi_upsizer_inst/USE_WRITE.gen_pktfifo_w_upsizer.pktfifo_write_data_inst/s_aw_reg/aw.aw_pipe/out
    SLICE_X39Y54         FDRE                                         r  design_1_i/axi_interconnect_0/s02_couplers/auto_us_df/inst/gen_upsizer.gen_full_upsizer.axi_upsizer_inst/USE_WRITE.gen_pktfifo_w_upsizer.pktfifo_write_data_inst/s_aw_reg/aw.aw_pipe/m_payload_i_reg[28]/C
  -------------------------------------------------------------------    -------------------
    SLICE_X39Y54         FDRE (Prop_fdre_C_Q)         0.141     1.033 r  design_1_i/axi_interconnect_0/s02_couplers/auto_us_df/inst/gen_upsizer.gen_full_upsizer.axi_upsizer_inst/USE_WRITE.gen_pktfifo_w_upsizer.pktfifo_write_data_inst/s_aw_reg/aw.aw_pipe/m_payload_i_reg[28]/Q
                         net (fo=1, routed)           0.056     1.088    design_1_i/axi_interconnect_0/s02_couplers/auto_us_df/inst/gen_upsizer.gen_full_upsizer.axi_upsizer_inst/USE_WRITE.gen_pktfifo_w_upsizer.pktfifo_write_data_inst/dw_fifogen_aw/inst_fifo_gen/gaxi_full_lite.gwrite_ch.gwach2.axi_wach/grf.rf/gntv_or_sync_fifo.mem/gdm.dm_gen.dm/RAM_reg_0_31_60_65/DIA0
    SLICE_X38Y54         RAMD32                                       r  design_1_i/axi_interconnect_0/s02_couplers/auto_us_df/inst/gen_upsizer.gen_full_upsizer.axi_upsizer_inst/USE_WRITE.gen_pktfifo_w_upsizer.pktfifo_write_data_inst/dw_fifogen_aw/inst_fifo_gen/gaxi_full_lite.gwrite_ch.gwach2.axi_wach/grf.rf/gntv_or_sync_fifo.mem/gdm.dm_gen.dm/RAM_reg_0_31_60_65/RAMA/I
  -------------------------------------------------------------------    -------------------

                         (clock clk_fpga_0 rise edge)
                                                      0.000     0.000 r  
    PS7_X0Y0             PS7                          0.000     0.000 r  design_1_i/processing_system7_0/inst/PS7_i/FCLKCLK[0]
                         net (fo=1, routed)           0.337     0.337    design_1_i/processing_system7_0/inst/FCLK_CLK_unbuffered[0]
    BUFGCTRL_X0Y16       BUFG (Prop_bufg_I_O)         0.029     0.366 r  design_1_i/processing_system7_0/inst/buffer_fclk_clk_0.FCLK_CLK_0_BUFG/O
                         net (fo=8817, routed)        0.824     1.190    design_1_i/axi_interconnect_0/s02_couplers/auto_us_df/inst/gen_upsizer.gen_full_upsizer.axi_upsizer_inst/USE_WRITE.gen_pktfifo_w_upsizer.pktfifo_write_data_inst/dw_fifogen_aw/inst_fifo_gen/gaxi_full_lite.gwrite_ch.gwach2.axi_wach/grf.rf/gntv_or_sync_fifo.mem/gdm.dm_gen.dm/RAM_reg_0_31_60_65/WCLK
    SLICE_X38Y54         RAMD32                                       r  design_1_i/axi_interconnect_0/s02_couplers/auto_us_df/inst/gen_upsizer.gen_full_upsizer.axi_upsizer_inst/USE_WRITE.gen_pktfifo_w_upsizer.pktfifo_write_data_inst/dw_fifogen_aw/inst_fifo_gen/gaxi_full_lite.gwrite_ch.gwach2.axi_wach/grf.rf/gntv_or_sync_fifo.mem/gdm.dm_gen.dm/RAM_reg_0_31_60_65/RAMA/CLK
                         clock pessimism             -0.285     0.905    
    SLICE_X38Y54         RAMD32 (Hold_ramd32_CLK_I)
                                                      0.147     1.052    design_1_i/axi_interconnect_0/s02_couplers/auto_us_df/inst/gen_upsizer.gen_full_upsizer.axi_upsizer_inst/USE_WRITE.gen_pktfifo_w_upsizer.pktfifo_write_data_inst/dw_fifogen_aw/inst_fifo_gen/gaxi_full_lite.gwrite_ch.gwach2.axi_wach/grf.rf/gntv_or_sync_fifo.mem/gdm.dm_gen.dm/RAM_reg_0_31_60_65/RAMA
  -------------------------------------------------------------------
                         required time                         -1.052    
                         arrival time                           1.088    
  -------------------------------------------------------------------
                         slack                                  0.037    

Slack (MET) :             0.039ns  (arrival time - required time)
  Source:                 design_1_i/top_0/inst/gmem0_m_axi_U/bus_read/rs_rdata/data_p1_reg[29]/C
                            (rising edge-triggered cell FDRE clocked by clk_fpga_0  {rise@0.000ns fall@5.000ns period=10.000ns})
  Destination:            design_1_i/top_0/inst/gmem0_m_axi_U/load_unit/buff_rdata/U_fifo_mem/mem_reg/DIBDI[13]
                            (rising edge-triggered cell RAMB18E1 clocked by clk_fpga_0  {rise@0.000ns fall@5.000ns period=10.000ns})
  Path Group:             clk_fpga_0
  Path Type:              Hold (Min at Fast Process Corner)
  Requirement:            0.000ns  (clk_fpga_0 rise@0.000ns - clk_fpga_0 rise@0.000ns)
  Data Path Delay:        0.247ns  (logic 0.141ns (57.072%)  route 0.106ns (42.928%))
  Logic Levels:           0  
  Clock Path Skew:        0.053ns (DCD - SCD - CPR)
    Destination Clock Delay (DCD):    1.258ns
    Source Clock Delay      (SCD):    0.922ns
    Clock Pessimism Removal (CPR):    0.283ns

    Location             Delay type                Incr(ns)  Path(ns)    Netlist Resource(s)
  -------------------------------------------------------------------    -------------------
                         (clock clk_fpga_0 rise edge)
                                                      0.000     0.000 r  
    PS7_X0Y0             PS7                          0.000     0.000 r  design_1_i/processing_system7_0/inst/PS7_i/FCLKCLK[0]
                         net (fo=1, routed)           0.310     0.310    design_1_i/processing_system7_0/inst/FCLK_CLK_unbuffered[0]
    BUFGCTRL_X0Y16       BUFG (Prop_bufg_I_O)         0.026     0.336 r  design_1_i/processing_system7_0/inst/buffer_fclk_clk_0.FCLK_CLK_0_BUFG/O
                         net (fo=8817, routed)        0.586     0.922    design_1_i/top_0/inst/gmem0_m_axi_U/bus_read/rs_rdata/ap_clk
    SLICE_X9Y27          FDRE                                         r  design_1_i/top_0/inst/gmem0_m_axi_U/bus_read/rs_rdata/data_p1_reg[29]/C
  -------------------------------------------------------------------    -------------------
    SLICE_X9Y27          FDRE (Prop_fdre_C_Q)         0.141     1.062 r  design_1_i/top_0/inst/gmem0_m_axi_U/bus_read/rs_rdata/data_p1_reg[29]/Q
                         net (fo=1, routed)           0.106     1.169    design_1_i/top_0/inst/gmem0_m_axi_U/load_unit/buff_rdata/U_fifo_mem/din[29]
    RAMB18_X0Y10         RAMB18E1                                     r  design_1_i/top_0/inst/gmem0_m_axi_U/load_unit/buff_rdata/U_fifo_mem/mem_reg/DIBDI[13]
  -------------------------------------------------------------------    -------------------

                         (clock clk_fpga_0 rise edge)
                                                      0.000     0.000 r  
    PS7_X0Y0             PS7                          0.000     0.000 r  design_1_i/processing_system7_0/inst/PS7_i/FCLKCLK[0]
                         net (fo=1, routed)           0.337     0.337    design_1_i/processing_system7_0/inst/FCLK_CLK_unbuffered[0]
    BUFGCTRL_X0Y16       BUFG (Prop_bufg_I_O)         0.029     0.366 r  design_1_i/processing_system7_0/inst/buffer_fclk_clk_0.FCLK_CLK_0_BUFG/O
                         net (fo=8817, routed)        0.892     1.258    design_1_i/top_0/inst/gmem0_m_axi_U/load_unit/buff_rdata/U_fifo_mem/ap_clk
    RAMB18_X0Y10         RAMB18E1                                     r  design_1_i/top_0/inst/gmem0_m_axi_U/load_unit/buff_rdata/U_fifo_mem/mem_reg/CLKBWRCLK
                         clock pessimism             -0.283     0.975    
    RAMB18_X0Y10         RAMB18E1 (Hold_ramb18e1_CLKBWRCLK_DIBDI[13])
                                                      0.155     1.130    design_1_i/top_0/inst/gmem0_m_axi_U/load_unit/buff_rdata/U_fifo_mem/mem_reg
  -------------------------------------------------------------------
                         required time                         -1.130    
                         arrival time                           1.169    
  -------------------------------------------------------------------
                         slack                                  0.039    

Slack (MET) :             0.041ns  (arrival time - required time)
  Source:                 design_1_i/top_0/inst/gmem2_m_axi_U/bus_write/wreq_throttle/data_fifo/U_fifo_srl/dout_reg[26]/C
                            (rising edge-triggered cell FDRE clocked by clk_fpga_0  {rise@0.000ns fall@5.000ns period=10.000ns})
  Destination:            design_1_i/axi_interconnect_0/s02_couplers/auto_us_df/inst/gen_upsizer.gen_full_upsizer.axi_upsizer_inst/USE_WRITE.gen_pktfifo_w_upsizer.pktfifo_write_data_inst/w_buffer/inst_blk_mem_gen/gnbram.gnativebmg.native_blk_mem_gen/valid.cstr/ramloop[0].ram.r/prim_noinit.ram/DEVICE_7SERIES.NO_BMM_INFO.SDP.WIDE_PRIM36_NO_ECC.ram/DIADI[26]
                            (rising edge-triggered cell RAMB36E1 clocked by clk_fpga_0  {rise@0.000ns fall@5.000ns period=10.000ns})
  Path Group:             clk_fpga_0
  Path Type:              Hold (Min at Fast Process Corner)
  Requirement:            0.000ns  (clk_fpga_0 rise@0.000ns - clk_fpga_0 rise@0.000ns)
  Data Path Delay:        0.396ns  (logic 0.164ns (41.386%)  route 0.232ns (58.614%))
  Logic Levels:           0  
  Clock Path Skew:        0.059ns (DCD - SCD - CPR)
    Destination Clock Delay (DCD):    1.266ns
    Source Clock Delay      (SCD):    0.925ns
    Clock Pessimism Removal (CPR):    0.282ns

    Location             Delay type                Incr(ns)  Path(ns)    Netlist Resource(s)
  -------------------------------------------------------------------    -------------------
                         (clock clk_fpga_0 rise edge)
                                                      0.000     0.000 r  
    PS7_X0Y0             PS7                          0.000     0.000 r  design_1_i/processing_system7_0/inst/PS7_i/FCLKCLK[0]
                         net (fo=1, routed)           0.310     0.310    design_1_i/processing_system7_0/inst/FCLK_CLK_unbuffered[0]
    BUFGCTRL_X0Y16       BUFG (Prop_bufg_I_O)         0.026     0.336 r  design_1_i/processing_system7_0/inst/buffer_fclk_clk_0.FCLK_CLK_0_BUFG/O
                         net (fo=8817, routed)        0.589     0.925    design_1_i/top_0/inst/gmem2_m_axi_U/bus_write/wreq_throttle/data_fifo/U_fifo_srl/ap_clk
    SLICE_X22Y32         FDRE                                         r  design_1_i/top_0/inst/gmem2_m_axi_U/bus_write/wreq_throttle/data_fifo/U_fifo_srl/dout_reg[26]/C
  -------------------------------------------------------------------    -------------------
    SLICE_X22Y32         FDRE (Prop_fdre_C_Q)         0.164     1.089 r  design_1_i/top_0/inst/gmem2_m_axi_U/bus_write/wreq_throttle/data_fifo/U_fifo_srl/dout_reg[26]/Q
                         net (fo=2, routed)           0.232     1.321    design_1_i/axi_interconnect_0/s02_couplers/auto_us_df/inst/gen_upsizer.gen_full_upsizer.axi_upsizer_inst/USE_WRITE.gen_pktfifo_w_upsizer.pktfifo_write_data_inst/w_buffer/inst_blk_mem_gen/gnbram.gnativebmg.native_blk_mem_gen/valid.cstr/ramloop[0].ram.r/prim_noinit.ram/dina[29]
    RAMB36_X1Y7          RAMB36E1                                     r  design_1_i/axi_interconnect_0/s02_couplers/auto_us_df/inst/gen_upsizer.gen_full_upsizer.axi_upsizer_inst/USE_WRITE.gen_pktfifo_w_upsizer.pktfifo_write_data_inst/w_buffer/inst_blk_mem_gen/gnbram.gnativebmg.native_blk_mem_gen/valid.cstr/ramloop[0].ram.r/prim_noinit.ram/DEVICE_7SERIES.NO_BMM_INFO.SDP.WIDE_PRIM36_NO_ECC.ram/DIADI[26]
  -------------------------------------------------------------------    -------------------

                         (clock clk_fpga_0 rise edge)
                                                      0.000     0.000 r  
    PS7_X0Y0             PS7                          0.000     0.000 r  design_1_i/processing_system7_0/inst/PS7_i/FCLKCLK[0]
                         net (fo=1, routed)           0.337     0.337    design_1_i/processing_system7_0/inst/FCLK_CLK_unbuffered[0]
    BUFGCTRL_X0Y16       BUFG (Prop_bufg_I_O)         0.029     0.366 r  design_1_i/processing_system7_0/inst/buffer_fclk_clk_0.FCLK_CLK_0_BUFG/O
                         net (fo=8817, routed)        0.900     1.266    design_1_i/axi_interconnect_0/s02_couplers/auto_us_df/inst/gen_upsizer.gen_full_upsizer.axi_upsizer_inst/USE_WRITE.gen_pktfifo_w_upsizer.pktfifo_write_data_inst/w_buffer/inst_blk_mem_gen/gnbram.gnativebmg.native_blk_mem_gen/valid.cstr/ramloop[0].ram.r/prim_noinit.ram/clkb
    RAMB36_X1Y7          RAMB36E1                                     r  design_1_i/axi_interconnect_0/s02_couplers/auto_us_df/inst/gen_upsizer.gen_full_upsizer.axi_upsizer_inst/USE_WRITE.gen_pktfifo_w_upsizer.pktfifo_write_data_inst/w_buffer/inst_blk_mem_gen/gnbram.gnativebmg.native_blk_mem_gen/valid.cstr/ramloop[0].ram.r/prim_noinit.ram/DEVICE_7SERIES.NO_BMM_INFO.SDP.WIDE_PRIM36_NO_ECC.ram/CLKBWRCLK
                         clock pessimism             -0.282     0.984    
    RAMB36_X1Y7          RAMB36E1 (Hold_ramb36e1_CLKBWRCLK_DIADI[26])
                                                      0.296     1.280    design_1_i/axi_interconnect_0/s02_couplers/auto_us_df/inst/gen_upsizer.gen_full_upsizer.axi_upsizer_inst/USE_WRITE.gen_pktfifo_w_upsizer.pktfifo_write_data_inst/w_buffer/inst_blk_mem_gen/gnbram.gnativebmg.native_blk_mem_gen/valid.cstr/ramloop[0].ram.r/prim_noinit.ram/DEVICE_7SERIES.NO_BMM_INFO.SDP.WIDE_PRIM36_NO_ECC.ram
  -------------------------------------------------------------------
                         required time                         -1.280    
                         arrival time                           1.321    
  -------------------------------------------------------------------
                         slack                                  0.041    

Slack (MET) :             0.041ns  (arrival time - required time)
  Source:                 design_1_i/top_0/inst/gmem2_m_axi_U/bus_write/wreq_throttle/data_fifo/U_fifo_srl/dout_reg[26]/C
                            (rising edge-triggered cell FDRE clocked by clk_fpga_0  {rise@0.000ns fall@5.000ns period=10.000ns})
  Destination:            design_1_i/axi_interconnect_0/s02_couplers/auto_us_df/inst/gen_upsizer.gen_full_upsizer.axi_upsizer_inst/USE_WRITE.gen_pktfifo_w_upsizer.pktfifo_write_data_inst/w_buffer/inst_blk_mem_gen/gnbram.gnativebmg.native_blk_mem_gen/valid.cstr/ramloop[0].ram.r/prim_noinit.ram/DEVICE_7SERIES.NO_BMM_INFO.SDP.WIDE_PRIM36_NO_ECC.ram/DIBDI[26]
                            (rising edge-triggered cell RAMB36E1 clocked by clk_fpga_0  {rise@0.000ns fall@5.000ns period=10.000ns})
  Path Group:             clk_fpga_0
  Path Type:              Hold (Min at Fast Process Corner)
  Requirement:            0.000ns  (clk_fpga_0 rise@0.000ns - clk_fpga_0 rise@0.000ns)
  Data Path Delay:        0.396ns  (logic 0.164ns (41.386%)  route 0.232ns (58.614%))
  Logic Levels:           0  
  Clock Path Skew:        0.059ns (DCD - SCD - CPR)
    Destination Clock Delay (DCD):    1.266ns
    Source Clock Delay      (SCD):    0.925ns
    Clock Pessimism Removal (CPR):    0.282ns

    Location             Delay type                Incr(ns)  Path(ns)    Netlist Resource(s)
  -------------------------------------------------------------------    -------------------
                         (clock clk_fpga_0 rise edge)
                                                      0.000     0.000 r  
    PS7_X0Y0             PS7                          0.000     0.000 r  design_1_i/processing_system7_0/inst/PS7_i/FCLKCLK[0]
                         net (fo=1, routed)           0.310     0.310    design_1_i/processing_system7_0/inst/FCLK_CLK_unbuffered[0]
    BUFGCTRL_X0Y16       BUFG (Prop_bufg_I_O)         0.026     0.336 r  design_1_i/processing_system7_0/inst/buffer_fclk_clk_0.FCLK_CLK_0_BUFG/O
                         net (fo=8817, routed)        0.589     0.925    design_1_i/top_0/inst/gmem2_m_axi_U/bus_write/wreq_throttle/data_fifo/U_fifo_srl/ap_clk
    SLICE_X22Y32         FDRE                                         r  design_1_i/top_0/inst/gmem2_m_axi_U/bus_write/wreq_throttle/data_fifo/U_fifo_srl/dout_reg[26]/C
  -------------------------------------------------------------------    -------------------
    SLICE_X22Y32         FDRE (Prop_fdre_C_Q)         0.164     1.089 r  design_1_i/top_0/inst/gmem2_m_axi_U/bus_write/wreq_throttle/data_fifo/U_fifo_srl/dout_reg[26]/Q
                         net (fo=2, routed)           0.232     1.321    design_1_i/axi_interconnect_0/s02_couplers/auto_us_df/inst/gen_upsizer.gen_full_upsizer.axi_upsizer_inst/USE_WRITE.gen_pktfifo_w_upsizer.pktfifo_write_data_inst/w_buffer/inst_blk_mem_gen/gnbram.gnativebmg.native_blk_mem_gen/valid.cstr/ramloop[0].ram.r/prim_noinit.ram/dina[29]
    RAMB36_X1Y7          RAMB36E1                                     r  design_1_i/axi_interconnect_0/s02_couplers/auto_us_df/inst/gen_upsizer.gen_full_upsizer.axi_upsizer_inst/USE_WRITE.gen_pktfifo_w_upsizer.pktfifo_write_data_inst/w_buffer/inst_blk_mem_gen/gnbram.gnativebmg.native_blk_mem_gen/valid.cstr/ramloop[0].ram.r/prim_noinit.ram/DEVICE_7SERIES.NO_BMM_INFO.SDP.WIDE_PRIM36_NO_ECC.ram/DIBDI[26]
  -------------------------------------------------------------------    -------------------

                         (clock clk_fpga_0 rise edge)
                                                      0.000     0.000 r  
    PS7_X0Y0             PS7                          0.000     0.000 r  design_1_i/processing_system7_0/inst/PS7_i/FCLKCLK[0]
                         net (fo=1, routed)           0.337     0.337    design_1_i/processing_system7_0/inst/FCLK_CLK_unbuffered[0]
    BUFGCTRL_X0Y16       BUFG (Prop_bufg_I_O)         0.029     0.366 r  design_1_i/processing_system7_0/inst/buffer_fclk_clk_0.FCLK_CLK_0_BUFG/O
                         net (fo=8817, routed)        0.900     1.266    design_1_i/axi_interconnect_0/s02_couplers/auto_us_df/inst/gen_upsizer.gen_full_upsizer.axi_upsizer_inst/USE_WRITE.gen_pktfifo_w_upsizer.pktfifo_write_data_inst/w_buffer/inst_blk_mem_gen/gnbram.gnativebmg.native_blk_mem_gen/valid.cstr/ramloop[0].ram.r/prim_noinit.ram/clkb
    RAMB36_X1Y7          RAMB36E1                                     r  design_1_i/axi_interconnect_0/s02_couplers/auto_us_df/inst/gen_upsizer.gen_full_upsizer.axi_upsizer_inst/USE_WRITE.gen_pktfifo_w_upsizer.pktfifo_write_data_inst/w_buffer/inst_blk_mem_gen/gnbram.gnativebmg.native_blk_mem_gen/valid.cstr/ramloop[0].ram.r/prim_noinit.ram/DEVICE_7SERIES.NO_BMM_INFO.SDP.WIDE_PRIM36_NO_ECC.ram/CLKBWRCLK
                         clock pessimism             -0.282     0.984    
    RAMB36_X1Y7          RAMB36E1 (Hold_ramb36e1_CLKBWRCLK_DIBDI[26])
                                                      0.296     1.280    design_1_i/axi_interconnect_0/s02_couplers/auto_us_df/inst/gen_upsizer.gen_full_upsizer.axi_upsizer_inst/USE_WRITE.gen_pktfifo_w_upsizer.pktfifo_write_data_inst/w_buffer/inst_blk_mem_gen/gnbram.gnativebmg.native_blk_mem_gen/valid.cstr/ramloop[0].ram.r/prim_noinit.ram/DEVICE_7SERIES.NO_BMM_INFO.SDP.WIDE_PRIM36_NO_ECC.ram
  -------------------------------------------------------------------
                         required time                         -1.280    
                         arrival time                           1.321    
  -------------------------------------------------------------------
                         slack                                  0.041    





Pulse Width Checks
--------------------------------------------------------------------------------------
Clock Name:         clk_fpga_0
Waveform(ns):       { 0.000 5.000 }
Period(ns):         10.000
Sources:            { design_1_i/processing_system7_0/inst/PS7_i/FCLKCLK[0] }

Check Type        Corner  Lib Pin             Reference Pin  Required(ns)  Actual(ns)  Slack(ns)  Location      Pin
Min Period        n/a     RAMB18E1/CLKARDCLK  n/a            2.944         10.000      7.056      RAMB18_X0Y10  design_1_i/top_0/inst/gmem0_m_axi_U/load_unit/buff_rdata/U_fifo_mem/mem_reg/CLKARDCLK
Min Period        n/a     RAMB18E1/CLKBWRCLK  n/a            2.944         10.000      7.056      RAMB18_X0Y10  design_1_i/top_0/inst/gmem0_m_axi_U/load_unit/buff_rdata/U_fifo_mem/mem_reg/CLKBWRCLK
Min Period        n/a     RAMB18E1/CLKARDCLK  n/a            2.944         10.000      7.056      RAMB18_X1Y10  design_1_i/top_0/inst/gmem1_m_axi_U/store_unit/buff_wdata/U_fifo_mem/mem_reg/CLKARDCLK
Min Period        n/a     RAMB18E1/CLKBWRCLK  n/a            2.944         10.000      7.056      RAMB18_X1Y10  design_1_i/top_0/inst/gmem1_m_axi_U/store_unit/buff_wdata/U_fifo_mem/mem_reg/CLKBWRCLK
Min Period        n/a     RAMB18E1/CLKARDCLK  n/a            2.944         10.000      7.056      RAMB18_X1Y11  design_1_i/top_0/inst/gmem2_m_axi_U/store_unit/buff_wdata/U_fifo_mem/mem_reg/CLKARDCLK
Min Period        n/a     RAMB18E1/CLKBWRCLK  n/a            2.944         10.000      7.056      RAMB18_X1Y11  design_1_i/top_0/inst/gmem2_m_axi_U/store_unit/buff_wdata/U_fifo_mem/mem_reg/CLKBWRCLK
Min Period        n/a     RAMB18E1/CLKARDCLK  n/a            2.576         10.000      7.424      RAMB18_X0Y16  design_1_i/axi_interconnect_0/s00_couplers/auto_us_df/inst/gen_upsizer.gen_full_upsizer.axi_upsizer_inst/USE_READ.gen_pktfifo_r_upsizer.pktfifo_read_data_inst/gen_ramb[0].ramb_inst/CLKARDCLK
Min Period        n/a     RAMB18E1/CLKBWRCLK  n/a            2.576         10.000      7.424      RAMB18_X0Y16  design_1_i/axi_interconnect_0/s00_couplers/auto_us_df/inst/gen_upsizer.gen_full_upsizer.axi_upsizer_inst/USE_READ.gen_pktfifo_r_upsizer.pktfifo_read_data_inst/gen_ramb[0].ramb_inst/CLKBWRCLK
Min Period        n/a     RAMB18E1/CLKARDCLK  n/a            2.576         10.000      7.424      RAMB18_X0Y17  design_1_i/axi_interconnect_0/s00_couplers/auto_us_df/inst/gen_upsizer.gen_full_upsizer.axi_upsizer_inst/USE_READ.gen_pktfifo_r_upsizer.pktfifo_read_data_inst/gen_ramb[1].ramb_inst/CLKARDCLK
Min Period        n/a     RAMB18E1/CLKBWRCLK  n/a            2.576         10.000      7.424      RAMB18_X0Y17  design_1_i/axi_interconnect_0/s00_couplers/auto_us_df/inst/gen_upsizer.gen_full_upsizer.axi_upsizer_inst/USE_READ.gen_pktfifo_r_upsizer.pktfifo_read_data_inst/gen_ramb[1].ramb_inst/CLKBWRCLK
Low Pulse Width   Slow    RAMD32/CLK          n/a            1.250         5.000       3.750      SLICE_X4Y44   design_1_i/axi_interconnect_0/m00_couplers/auto_pc/inst/gen_axi4_axi3.axi3_conv_inst/USE_READ.USE_SPLIT_R.read_addr_inst/USE_R_CHANNEL.cmd_queue/inst/fifo_gen_inst/inst_fifo_gen/gconvfifo.rf/grf.rf/gntv_or_sync_fifo.mem/gdm.dm_gen.dm/RAM_reg_0_31_0_0/DP/CLK
Low Pulse Width   Fast    RAMD32/CLK          n/a            1.250         5.000       3.750      SLICE_X4Y44   design_1_i/axi_interconnect_0/m00_couplers/auto_pc/inst/gen_axi4_axi3.axi3_conv_inst/USE_READ.USE_SPLIT_R.read_addr_inst/USE_R_CHANNEL.cmd_queue/inst/fifo_gen_inst/inst_fifo_gen/gconvfifo.rf/grf.rf/gntv_or_sync_fifo.mem/gdm.dm_gen.dm/RAM_reg_0_31_0_0/DP/CLK
Low Pulse Width   Slow    RAMD32/CLK          n/a            1.250         5.000       3.750      SLICE_X4Y44   design_1_i/axi_interconnect_0/m00_couplers/auto_pc/inst/gen_axi4_axi3.axi3_conv_inst/USE_READ.USE_SPLIT_R.read_addr_inst/USE_R_CHANNEL.cmd_queue/inst/fifo_gen_inst/inst_fifo_gen/gconvfifo.rf/grf.rf/gntv_or_sync_fifo.mem/gdm.dm_gen.dm/RAM_reg_0_31_0_0/SP/CLK
Low Pulse Width   Fast    RAMD32/CLK          n/a            1.250         5.000       3.750      SLICE_X4Y44   design_1_i/axi_interconnect_0/m00_couplers/auto_pc/inst/gen_axi4_axi3.axi3_conv_inst/USE_READ.USE_SPLIT_R.read_addr_inst/USE_R_CHANNEL.cmd_queue/inst/fifo_gen_inst/inst_fifo_gen/gconvfifo.rf/grf.rf/gntv_or_sync_fifo.mem/gdm.dm_gen.dm/RAM_reg_0_31_0_0/SP/CLK
Low Pulse Width   Slow    RAMD32/CLK          n/a            1.250         5.000       3.750      SLICE_X20Y43  design_1_i/axi_interconnect_0/m00_couplers/auto_pc/inst/gen_axi4_axi3.axi3_conv_inst/USE_WRITE.write_addr_inst/USE_BURSTS.cmd_queue/inst/fifo_gen_inst/inst_fifo_gen/gconvfifo.rf/grf.rf/gntv_or_sync_fifo.mem/gdm.dm_gen.dm/RAM_reg_0_31_0_5/RAMA/CLK
Low Pulse Width   Fast    RAMD32/CLK          n/a            1.250         5.000       3.750      SLICE_X20Y43  design_1_i/axi_interconnect_0/m00_couplers/auto_pc/inst/gen_axi4_axi3.axi3_conv_inst/USE_WRITE.write_addr_inst/USE_BURSTS.cmd_queue/inst/fifo_gen_inst/inst_fifo_gen/gconvfifo.rf/grf.rf/gntv_or_sync_fifo.mem/gdm.dm_gen.dm/RAM_reg_0_31_0_5/RAMA/CLK
Low Pulse Width   Slow    RAMD32/CLK          n/a            1.250         5.000       3.750      SLICE_X20Y43  design_1_i/axi_interconnect_0/m00_couplers/auto_pc/inst/gen_axi4_axi3.axi3_conv_inst/USE_WRITE.write_addr_inst/USE_BURSTS.cmd_queue/inst/fifo_gen_inst/inst_fifo_gen/gconvfifo.rf/grf.rf/gntv_or_sync_fifo.mem/gdm.dm_gen.dm/RAM_reg_0_31_0_5/RAMA_D1/CLK
Low Pulse Width   Fast    RAMD32/CLK          n/a            1.250         5.000       3.750      SLICE_X20Y43  design_1_i/axi_interconnect_0/m00_couplers/auto_pc/inst/gen_axi4_axi3.axi3_conv_inst/USE_WRITE.write_addr_inst/USE_BURSTS.cmd_queue/inst/fifo_gen_inst/inst_fifo_gen/gconvfifo.rf/grf.rf/gntv_or_sync_fifo.mem/gdm.dm_gen.dm/RAM_reg_0_31_0_5/RAMA_D1/CLK
Low Pulse Width   Slow    RAMD32/CLK          n/a            1.250         5.000       3.750      SLICE_X20Y43  design_1_i/axi_interconnect_0/m00_couplers/auto_pc/inst/gen_axi4_axi3.axi3_conv_inst/USE_WRITE.write_addr_inst/USE_BURSTS.cmd_queue/inst/fifo_gen_inst/inst_fifo_gen/gconvfifo.rf/grf.rf/gntv_or_sync_fifo.mem/gdm.dm_gen.dm/RAM_reg_0_31_0_5/RAMB/CLK
Low Pulse Width   Fast    RAMD32/CLK          n/a            1.250         5.000       3.750      SLICE_X20Y43  design_1_i/axi_interconnect_0/m00_couplers/auto_pc/inst/gen_axi4_axi3.axi3_conv_inst/USE_WRITE.write_addr_inst/USE_BURSTS.cmd_queue/inst/fifo_gen_inst/inst_fifo_gen/gconvfifo.rf/grf.rf/gntv_or_sync_fifo.mem/gdm.dm_gen.dm/RAM_reg_0_31_0_5/RAMB/CLK
High Pulse Width  Slow    RAMD32/CLK          n/a            1.250         5.000       3.750      SLICE_X4Y44   design_1_i/axi_interconnect_0/m00_couplers/auto_pc/inst/gen_axi4_axi3.axi3_conv_inst/USE_READ.USE_SPLIT_R.read_addr_inst/USE_R_CHANNEL.cmd_queue/inst/fifo_gen_inst/inst_fifo_gen/gconvfifo.rf/grf.rf/gntv_or_sync_fifo.mem/gdm.dm_gen.dm/RAM_reg_0_31_0_0/DP/CLK
High Pulse Width  Fast    RAMD32/CLK          n/a            1.250         5.000       3.750      SLICE_X4Y44   design_1_i/axi_interconnect_0/m00_couplers/auto_pc/inst/gen_axi4_axi3.axi3_conv_inst/USE_READ.USE_SPLIT_R.read_addr_inst/USE_R_CHANNEL.cmd_queue/inst/fifo_gen_inst/inst_fifo_gen/gconvfifo.rf/grf.rf/gntv_or_sync_fifo.mem/gdm.dm_gen.dm/RAM_reg_0_31_0_0/DP/CLK
High Pulse Width  Slow    RAMD32/CLK          n/a            1.250         5.000       3.750      SLICE_X4Y44   design_1_i/axi_interconnect_0/m00_couplers/auto_pc/inst/gen_axi4_axi3.axi3_conv_inst/USE_READ.USE_SPLIT_R.read_addr_inst/USE_R_CHANNEL.cmd_queue/inst/fifo_gen_inst/inst_fifo_gen/gconvfifo.rf/grf.rf/gntv_or_sync_fifo.mem/gdm.dm_gen.dm/RAM_reg_0_31_0_0/SP/CLK
High Pulse Width  Fast    RAMD32/CLK          n/a            1.250         5.000       3.750      SLICE_X4Y44   design_1_i/axi_interconnect_0/m00_couplers/auto_pc/inst/gen_axi4_axi3.axi3_conv_inst/USE_READ.USE_SPLIT_R.read_addr_inst/USE_R_CHANNEL.cmd_queue/inst/fifo_gen_inst/inst_fifo_gen/gconvfifo.rf/grf.rf/gntv_or_sync_fifo.mem/gdm.dm_gen.dm/RAM_reg_0_31_0_0/SP/CLK
High Pulse Width  Slow    RAMD32/CLK          n/a            1.250         5.000       3.750      SLICE_X20Y43  design_1_i/axi_interconnect_0/m00_couplers/auto_pc/inst/gen_axi4_axi3.axi3_conv_inst/USE_WRITE.write_addr_inst/USE_BURSTS.cmd_queue/inst/fifo_gen_inst/inst_fifo_gen/gconvfifo.rf/grf.rf/gntv_or_sync_fifo.mem/gdm.dm_gen.dm/RAM_reg_0_31_0_5/RAMA/CLK
High Pulse Width  Fast    RAMD32/CLK          n/a            1.250         5.000       3.750      SLICE_X20Y43  design_1_i/axi_interconnect_0/m00_couplers/auto_pc/inst/gen_axi4_axi3.axi3_conv_inst/USE_WRITE.write_addr_inst/USE_BURSTS.cmd_queue/inst/fifo_gen_inst/inst_fifo_gen/gconvfifo.rf/grf.rf/gntv_or_sync_fifo.mem/gdm.dm_gen.dm/RAM_reg_0_31_0_5/RAMA/CLK
High Pulse Width  Slow    RAMD32/CLK          n/a            1.250         5.000       3.750      SLICE_X20Y43  design_1_i/axi_interconnect_0/m00_couplers/auto_pc/inst/gen_axi4_axi3.axi3_conv_inst/USE_WRITE.write_addr_inst/USE_BURSTS.cmd_queue/inst/fifo_gen_inst/inst_fifo_gen/gconvfifo.rf/grf.rf/gntv_or_sync_fifo.mem/gdm.dm_gen.dm/RAM_reg_0_31_0_5/RAMA_D1/CLK
High Pulse Width  Fast    RAMD32/CLK          n/a            1.250         5.000       3.750      SLICE_X20Y43  design_1_i/axi_interconnect_0/m00_couplers/auto_pc/inst/gen_axi4_axi3.axi3_conv_inst/USE_WRITE.write_addr_inst/USE_BURSTS.cmd_queue/inst/fifo_gen_inst/inst_fifo_gen/gconvfifo.rf/grf.rf/gntv_or_sync_fifo.mem/gdm.dm_gen.dm/RAM_reg_0_31_0_5/RAMA_D1/CLK
High Pulse Width  Slow    RAMD32/CLK          n/a            1.250         5.000       3.750      SLICE_X20Y43  design_1_i/axi_interconnect_0/m00_couplers/auto_pc/inst/gen_axi4_axi3.axi3_conv_inst/USE_WRITE.write_addr_inst/USE_BURSTS.cmd_queue/inst/fifo_gen_inst/inst_fifo_gen/gconvfifo.rf/grf.rf/gntv_or_sync_fifo.mem/gdm.dm_gen.dm/RAM_reg_0_31_0_5/RAMB/CLK
High Pulse Width  Fast    RAMD32/CLK          n/a            1.250         5.000       3.750      SLICE_X20Y43  design_1_i/axi_interconnect_0/m00_couplers/auto_pc/inst/gen_axi4_axi3.axi3_conv_inst/USE_WRITE.write_addr_inst/USE_BURSTS.cmd_queue/inst/fifo_gen_inst/inst_fifo_gen/gconvfifo.rf/grf.rf/gntv_or_sync_fifo.mem/gdm.dm_gen.dm/RAM_reg_0_31_0_5/RAMB/CLK



---------------------------------------------------------------------------------------------------
Path Group:  **async_default**
From Clock:  clk_fpga_0
  To Clock:  clk_fpga_0

Setup :            0  Failing Endpoints,  Worst Slack        6.314ns,  Total Violation        0.000ns
Hold  :            0  Failing Endpoints,  Worst Slack        0.389ns,  Total Violation        0.000ns
---------------------------------------------------------------------------------------------------


Max Delay Paths
--------------------------------------------------------------------------------------
Slack (MET) :             6.314ns  (required time - arrival time)
  Source:                 design_1_i/axi_interconnect_0/m00_couplers/auto_pc/inst/gen_axi4_axi3.axi3_conv_inst/USE_WRITE.write_addr_inst/USE_BURSTS.cmd_queue/inst/fifo_gen_inst/inst_fifo_gen/gconvfifo.rf/grf.rf/rstblk/ngwrdrst.grst.g7serrst.gnsckt_wrst.gcc_rst.sckt_wr_rst_cc_reg[0]/C
                            (rising edge-triggered cell FDRE clocked by clk_fpga_0  {rise@0.000ns fall@5.000ns period=10.000ns})
  Destination:            design_1_i/axi_interconnect_0/m00_couplers/auto_pc/inst/gen_axi4_axi3.axi3_conv_inst/USE_WRITE.write_addr_inst/USE_BURSTS.cmd_queue/inst/fifo_gen_inst/inst_fifo_gen/gconvfifo.rf/grf.rf/gntv_or_sync_fifo.gl0.rd/grss.rsts/ram_empty_fb_i_reg/PRE
                            (recovery check against rising-edge clock clk_fpga_0  {rise@0.000ns fall@5.000ns period=10.000ns})
  Path Group:             **async_default**
  Path Type:              Recovery (Max at Slow Process Corner)
  Requirement:            10.000ns  (clk_fpga_0 rise@10.000ns - clk_fpga_0 rise@0.000ns)
  Data Path Delay:        3.108ns  (logic 0.580ns (18.660%)  route 2.528ns (81.340%))
  Logic Levels:           1  (LUT3=1)
  Clock Path Skew:        -0.063ns (DCD - SCD + CPR)
    Destination Clock Delay (DCD):    2.758ns = ( 12.759 - 10.000 ) 
    Source Clock Delay      (SCD):    3.051ns
    Clock Pessimism Removal (CPR):    0.230ns
  Clock Uncertainty:      0.154ns  ((TSJ^2 + TIJ^2)^1/2 + DJ) / 2 + PE
    Total System Jitter     (TSJ):    0.071ns
    Total Input Jitter      (TIJ):    0.300ns
    Discrete Jitter          (DJ):    0.000ns
    Phase Error              (PE):    0.000ns

    Location             Delay type                Incr(ns)  Path(ns)    Netlist Resource(s)
  -------------------------------------------------------------------    -------------------
                         (clock clk_fpga_0 rise edge)
                                                      0.000     0.000 r  
    PS7_X0Y0             PS7                          0.000     0.000 r  design_1_i/processing_system7_0/inst/PS7_i/FCLKCLK[0]
                         net (fo=1, routed)           1.193     1.193    design_1_i/processing_system7_0/inst/FCLK_CLK_unbuffered[0]
    BUFGCTRL_X0Y16       BUFG (Prop_bufg_I_O)         0.101     1.294 r  design_1_i/processing_system7_0/inst/buffer_fclk_clk_0.FCLK_CLK_0_BUFG/O
                         net (fo=8817, routed)        1.757     3.051    design_1_i/axi_interconnect_0/m00_couplers/auto_pc/inst/gen_axi4_axi3.axi3_conv_inst/USE_WRITE.write_addr_inst/USE_BURSTS.cmd_queue/inst/fifo_gen_inst/inst_fifo_gen/gconvfifo.rf/grf.rf/rstblk/clk
    SLICE_X15Y43         FDRE                                         r  design_1_i/axi_interconnect_0/m00_couplers/auto_pc/inst/gen_axi4_axi3.axi3_conv_inst/USE_WRITE.write_addr_inst/USE_BURSTS.cmd_queue/inst/fifo_gen_inst/inst_fifo_gen/gconvfifo.rf/grf.rf/rstblk/ngwrdrst.grst.g7serrst.gnsckt_wrst.gcc_rst.sckt_wr_rst_cc_reg[0]/C
  -------------------------------------------------------------------    -------------------
    SLICE_X15Y43         FDRE (Prop_fdre_C_Q)         0.456     3.507 f  design_1_i/axi_interconnect_0/m00_couplers/auto_pc/inst/gen_axi4_axi3.axi3_conv_inst/USE_WRITE.write_addr_inst/USE_BURSTS.cmd_queue/inst/fifo_gen_inst/inst_fifo_gen/gconvfifo.rf/grf.rf/rstblk/ngwrdrst.grst.g7serrst.gnsckt_wrst.gcc_rst.sckt_wr_rst_cc_reg[0]/Q
                         net (fo=3, routed)           1.109     4.616    design_1_i/axi_interconnect_0/m00_couplers/auto_pc/inst/gen_axi4_axi3.axi3_conv_inst/USE_WRITE.write_addr_inst/USE_BURSTS.cmd_queue/inst/fifo_gen_inst/inst_fifo_gen/gconvfifo.rf/grf.rf/rstblk/ngwrdrst.grst.g7serrst.gnsckt_wrst.gcc_rst.sckt_wr_rst_cc[0]
    SLICE_X17Y44         LUT3 (Prop_lut3_I1_O)        0.124     4.740 f  design_1_i/axi_interconnect_0/m00_couplers/auto_pc/inst/gen_axi4_axi3.axi3_conv_inst/USE_WRITE.write_addr_inst/USE_BURSTS.cmd_queue/inst/fifo_gen_inst/inst_fifo_gen/gconvfifo.rf/grf.rf/rstblk/gpregsm1.curr_fwft_state[1]_i_2/O
                         net (fo=32, routed)          1.419     6.159    design_1_i/axi_interconnect_0/m00_couplers/auto_pc/inst/gen_axi4_axi3.axi3_conv_inst/USE_WRITE.write_addr_inst/USE_BURSTS.cmd_queue/inst/fifo_gen_inst/inst_fifo_gen/gconvfifo.rf/grf.rf/gntv_or_sync_fifo.gl0.rd/grss.rsts/ram_empty_i_reg_1
    SLICE_X18Y42         FDPE                                         f  design_1_i/axi_interconnect_0/m00_couplers/auto_pc/inst/gen_axi4_axi3.axi3_conv_inst/USE_WRITE.write_addr_inst/USE_BURSTS.cmd_queue/inst/fifo_gen_inst/inst_fifo_gen/gconvfifo.rf/grf.rf/gntv_or_sync_fifo.gl0.rd/grss.rsts/ram_empty_fb_i_reg/PRE
  -------------------------------------------------------------------    -------------------

                         (clock clk_fpga_0 rise edge)
                                                     10.000    10.000 r  
    PS7_X0Y0             PS7                          0.000    10.000 r  design_1_i/processing_system7_0/inst/PS7_i/FCLKCLK[0]
                         net (fo=1, routed)           1.088    11.088    design_1_i/processing_system7_0/inst/FCLK_CLK_unbuffered[0]
    BUFGCTRL_X0Y16       BUFG (Prop_bufg_I_O)         0.091    11.179 r  design_1_i/processing_system7_0/inst/buffer_fclk_clk_0.FCLK_CLK_0_BUFG/O
                         net (fo=8817, routed)        1.579    12.759    design_1_i/axi_interconnect_0/m00_couplers/auto_pc/inst/gen_axi4_axi3.axi3_conv_inst/USE_WRITE.write_addr_inst/USE_BURSTS.cmd_queue/inst/fifo_gen_inst/inst_fifo_gen/gconvfifo.rf/grf.rf/gntv_or_sync_fifo.gl0.rd/grss.rsts/clk
    SLICE_X18Y42         FDPE                                         r  design_1_i/axi_interconnect_0/m00_couplers/auto_pc/inst/gen_axi4_axi3.axi3_conv_inst/USE_WRITE.write_addr_inst/USE_BURSTS.cmd_queue/inst/fifo_gen_inst/inst_fifo_gen/gconvfifo.rf/grf.rf/gntv_or_sync_fifo.gl0.rd/grss.rsts/ram_empty_fb_i_reg/C
                         clock pessimism              0.230    12.988    
                         clock uncertainty           -0.154    12.834    
    SLICE_X18Y42         FDPE (Recov_fdpe_C_PRE)     -0.361    12.473    design_1_i/axi_interconnect_0/m00_couplers/auto_pc/inst/gen_axi4_axi3.axi3_conv_inst/USE_WRITE.write_addr_inst/USE_BURSTS.cmd_queue/inst/fifo_gen_inst/inst_fifo_gen/gconvfifo.rf/grf.rf/gntv_or_sync_fifo.gl0.rd/grss.rsts/ram_empty_fb_i_reg
  -------------------------------------------------------------------
                         required time                         12.473    
                         arrival time                          -6.159    
  -------------------------------------------------------------------
                         slack                                  6.314    

Slack (MET) :             6.314ns  (required time - arrival time)
  Source:                 design_1_i/axi_interconnect_0/m00_couplers/auto_pc/inst/gen_axi4_axi3.axi3_conv_inst/USE_WRITE.write_addr_inst/USE_BURSTS.cmd_queue/inst/fifo_gen_inst/inst_fifo_gen/gconvfifo.rf/grf.rf/rstblk/ngwrdrst.grst.g7serrst.gnsckt_wrst.gcc_rst.sckt_wr_rst_cc_reg[0]/C
                            (rising edge-triggered cell FDRE clocked by clk_fpga_0  {rise@0.000ns fall@5.000ns period=10.000ns})
  Destination:            design_1_i/axi_interconnect_0/m00_couplers/auto_pc/inst/gen_axi4_axi3.axi3_conv_inst/USE_WRITE.write_addr_inst/USE_BURSTS.cmd_queue/inst/fifo_gen_inst/inst_fifo_gen/gconvfifo.rf/grf.rf/gntv_or_sync_fifo.gl0.rd/grss.rsts/ram_empty_i_reg/PRE
                            (recovery check against rising-edge clock clk_fpga_0  {rise@0.000ns fall@5.000ns period=10.000ns})
  Path Group:             **async_default**
  Path Type:              Recovery (Max at Slow Process Corner)
  Requirement:            10.000ns  (clk_fpga_0 rise@10.000ns - clk_fpga_0 rise@0.000ns)
  Data Path Delay:        3.108ns  (logic 0.580ns (18.660%)  route 2.528ns (81.340%))
  Logic Levels:           1  (LUT3=1)
  Clock Path Skew:        -0.063ns (DCD - SCD + CPR)
    Destination Clock Delay (DCD):    2.758ns = ( 12.759 - 10.000 ) 
    Source Clock Delay      (SCD):    3.051ns
    Clock Pessimism Removal (CPR):    0.230ns
  Clock Uncertainty:      0.154ns  ((TSJ^2 + TIJ^2)^1/2 + DJ) / 2 + PE
    Total System Jitter     (TSJ):    0.071ns
    Total Input Jitter      (TIJ):    0.300ns
    Discrete Jitter          (DJ):    0.000ns
    Phase Error              (PE):    0.000ns

    Location             Delay type                Incr(ns)  Path(ns)    Netlist Resource(s)
  -------------------------------------------------------------------    -------------------
                         (clock clk_fpga_0 rise edge)
                                                      0.000     0.000 r  
    PS7_X0Y0             PS7                          0.000     0.000 r  design_1_i/processing_system7_0/inst/PS7_i/FCLKCLK[0]
                         net (fo=1, routed)           1.193     1.193    design_1_i/processing_system7_0/inst/FCLK_CLK_unbuffered[0]
    BUFGCTRL_X0Y16       BUFG (Prop_bufg_I_O)         0.101     1.294 r  design_1_i/processing_system7_0/inst/buffer_fclk_clk_0.FCLK_CLK_0_BUFG/O
                         net (fo=8817, routed)        1.757     3.051    design_1_i/axi_interconnect_0/m00_couplers/auto_pc/inst/gen_axi4_axi3.axi3_conv_inst/USE_WRITE.write_addr_inst/USE_BURSTS.cmd_queue/inst/fifo_gen_inst/inst_fifo_gen/gconvfifo.rf/grf.rf/rstblk/clk
    SLICE_X15Y43         FDRE                                         r  design_1_i/axi_interconnect_0/m00_couplers/auto_pc/inst/gen_axi4_axi3.axi3_conv_inst/USE_WRITE.write_addr_inst/USE_BURSTS.cmd_queue/inst/fifo_gen_inst/inst_fifo_gen/gconvfifo.rf/grf.rf/rstblk/ngwrdrst.grst.g7serrst.gnsckt_wrst.gcc_rst.sckt_wr_rst_cc_reg[0]/C
  -------------------------------------------------------------------    -------------------
    SLICE_X15Y43         FDRE (Prop_fdre_C_Q)         0.456     3.507 f  design_1_i/axi_interconnect_0/m00_couplers/auto_pc/inst/gen_axi4_axi3.axi3_conv_inst/USE_WRITE.write_addr_inst/USE_BURSTS.cmd_queue/inst/fifo_gen_inst/inst_fifo_gen/gconvfifo.rf/grf.rf/rstblk/ngwrdrst.grst.g7serrst.gnsckt_wrst.gcc_rst.sckt_wr_rst_cc_reg[0]/Q
                         net (fo=3, routed)           1.109     4.616    design_1_i/axi_interconnect_0/m00_couplers/auto_pc/inst/gen_axi4_axi3.axi3_conv_inst/USE_WRITE.write_addr_inst/USE_BURSTS.cmd_queue/inst/fifo_gen_inst/inst_fifo_gen/gconvfifo.rf/grf.rf/rstblk/ngwrdrst.grst.g7serrst.gnsckt_wrst.gcc_rst.sckt_wr_rst_cc[0]
    SLICE_X17Y44         LUT3 (Prop_lut3_I1_O)        0.124     4.740 f  design_1_i/axi_interconnect_0/m00_couplers/auto_pc/inst/gen_axi4_axi3.axi3_conv_inst/USE_WRITE.write_addr_inst/USE_BURSTS.cmd_queue/inst/fifo_gen_inst/inst_fifo_gen/gconvfifo.rf/grf.rf/rstblk/gpregsm1.curr_fwft_state[1]_i_2/O
                         net (fo=32, routed)          1.419     6.159    design_1_i/axi_interconnect_0/m00_couplers/auto_pc/inst/gen_axi4_axi3.axi3_conv_inst/USE_WRITE.write_addr_inst/USE_BURSTS.cmd_queue/inst/fifo_gen_inst/inst_fifo_gen/gconvfifo.rf/grf.rf/gntv_or_sync_fifo.gl0.rd/grss.rsts/ram_empty_i_reg_1
    SLICE_X18Y42         FDPE                                         f  design_1_i/axi_interconnect_0/m00_couplers/auto_pc/inst/gen_axi4_axi3.axi3_conv_inst/USE_WRITE.write_addr_inst/USE_BURSTS.cmd_queue/inst/fifo_gen_inst/inst_fifo_gen/gconvfifo.rf/grf.rf/gntv_or_sync_fifo.gl0.rd/grss.rsts/ram_empty_i_reg/PRE
  -------------------------------------------------------------------    -------------------

                         (clock clk_fpga_0 rise edge)
                                                     10.000    10.000 r  
    PS7_X0Y0             PS7                          0.000    10.000 r  design_1_i/processing_system7_0/inst/PS7_i/FCLKCLK[0]
                         net (fo=1, routed)           1.088    11.088    design_1_i/processing_system7_0/inst/FCLK_CLK_unbuffered[0]
    BUFGCTRL_X0Y16       BUFG (Prop_bufg_I_O)         0.091    11.179 r  design_1_i/processing_system7_0/inst/buffer_fclk_clk_0.FCLK_CLK_0_BUFG/O
                         net (fo=8817, routed)        1.579    12.759    design_1_i/axi_interconnect_0/m00_couplers/auto_pc/inst/gen_axi4_axi3.axi3_conv_inst/USE_WRITE.write_addr_inst/USE_BURSTS.cmd_queue/inst/fifo_gen_inst/inst_fifo_gen/gconvfifo.rf/grf.rf/gntv_or_sync_fifo.gl0.rd/grss.rsts/clk
    SLICE_X18Y42         FDPE                                         r  design_1_i/axi_interconnect_0/m00_couplers/auto_pc/inst/gen_axi4_axi3.axi3_conv_inst/USE_WRITE.write_addr_inst/USE_BURSTS.cmd_queue/inst/fifo_gen_inst/inst_fifo_gen/gconvfifo.rf/grf.rf/gntv_or_sync_fifo.gl0.rd/grss.rsts/ram_empty_i_reg/C
                         clock pessimism              0.230    12.988    
                         clock uncertainty           -0.154    12.834    
    SLICE_X18Y42         FDPE (Recov_fdpe_C_PRE)     -0.361    12.473    design_1_i/axi_interconnect_0/m00_couplers/auto_pc/inst/gen_axi4_axi3.axi3_conv_inst/USE_WRITE.write_addr_inst/USE_BURSTS.cmd_queue/inst/fifo_gen_inst/inst_fifo_gen/gconvfifo.rf/grf.rf/gntv_or_sync_fifo.gl0.rd/grss.rsts/ram_empty_i_reg
  -------------------------------------------------------------------
                         required time                         12.473    
                         arrival time                          -6.159    
  -------------------------------------------------------------------
                         slack                                  6.314    

Slack (MET) :             6.356ns  (required time - arrival time)
  Source:                 design_1_i/axi_interconnect_0/m00_couplers/auto_pc/inst/gen_axi4_axi3.axi3_conv_inst/USE_WRITE.write_addr_inst/USE_BURSTS.cmd_queue/inst/fifo_gen_inst/inst_fifo_gen/gconvfifo.rf/grf.rf/rstblk/ngwrdrst.grst.g7serrst.gnsckt_wrst.gcc_rst.sckt_wr_rst_cc_reg[0]/C
                            (rising edge-triggered cell FDRE clocked by clk_fpga_0  {rise@0.000ns fall@5.000ns period=10.000ns})
  Destination:            design_1_i/axi_interconnect_0/m00_couplers/auto_pc/inst/gen_axi4_axi3.axi3_conv_inst/USE_WRITE.write_addr_inst/USE_BURSTS.cmd_queue/inst/fifo_gen_inst/inst_fifo_gen/gconvfifo.rf/grf.rf/gntv_or_sync_fifo.gl0.wr/gwss.wsts/ram_full_fb_i_reg/CLR
                            (recovery check against rising-edge clock clk_fpga_0  {rise@0.000ns fall@5.000ns period=10.000ns})
  Path Group:             **async_default**
  Path Type:              Recovery (Max at Slow Process Corner)
  Requirement:            10.000ns  (clk_fpga_0 rise@10.000ns - clk_fpga_0 rise@0.000ns)
  Data Path Delay:        3.108ns  (logic 0.580ns (18.660%)  route 2.528ns (81.340%))
  Logic Levels:           1  (LUT3=1)
  Clock Path Skew:        -0.063ns (DCD - SCD + CPR)
    Destination Clock Delay (DCD):    2.758ns = ( 12.759 - 10.000 ) 
    Source Clock Delay      (SCD):    3.051ns
    Clock Pessimism Removal (CPR):    0.230ns
  Clock Uncertainty:      0.154ns  ((TSJ^2 + TIJ^2)^1/2 + DJ) / 2 + PE
    Total System Jitter     (TSJ):    0.071ns
    Total Input Jitter      (TIJ):    0.300ns
    Discrete Jitter          (DJ):    0.000ns
    Phase Error              (PE):    0.000ns

    Location             Delay type                Incr(ns)  Path(ns)    Netlist Resource(s)
  -------------------------------------------------------------------    -------------------
                         (clock clk_fpga_0 rise edge)
                                                      0.000     0.000 r  
    PS7_X0Y0             PS7                          0.000     0.000 r  design_1_i/processing_system7_0/inst/PS7_i/FCLKCLK[0]
                         net (fo=1, routed)           1.193     1.193    design_1_i/processing_system7_0/inst/FCLK_CLK_unbuffered[0]
    BUFGCTRL_X0Y16       BUFG (Prop_bufg_I_O)         0.101     1.294 r  design_1_i/processing_system7_0/inst/buffer_fclk_clk_0.FCLK_CLK_0_BUFG/O
                         net (fo=8817, routed)        1.757     3.051    design_1_i/axi_interconnect_0/m00_couplers/auto_pc/inst/gen_axi4_axi3.axi3_conv_inst/USE_WRITE.write_addr_inst/USE_BURSTS.cmd_queue/inst/fifo_gen_inst/inst_fifo_gen/gconvfifo.rf/grf.rf/rstblk/clk
    SLICE_X15Y43         FDRE                                         r  design_1_i/axi_interconnect_0/m00_couplers/auto_pc/inst/gen_axi4_axi3.axi3_conv_inst/USE_WRITE.write_addr_inst/USE_BURSTS.cmd_queue/inst/fifo_gen_inst/inst_fifo_gen/gconvfifo.rf/grf.rf/rstblk/ngwrdrst.grst.g7serrst.gnsckt_wrst.gcc_rst.sckt_wr_rst_cc_reg[0]/C
  -------------------------------------------------------------------    -------------------
    SLICE_X15Y43         FDRE (Prop_fdre_C_Q)         0.456     3.507 f  design_1_i/axi_interconnect_0/m00_couplers/auto_pc/inst/gen_axi4_axi3.axi3_conv_inst/USE_WRITE.write_addr_inst/USE_BURSTS.cmd_queue/inst/fifo_gen_inst/inst_fifo_gen/gconvfifo.rf/grf.rf/rstblk/ngwrdrst.grst.g7serrst.gnsckt_wrst.gcc_rst.sckt_wr_rst_cc_reg[0]/Q
                         net (fo=3, routed)           1.109     4.616    design_1_i/axi_interconnect_0/m00_couplers/auto_pc/inst/gen_axi4_axi3.axi3_conv_inst/USE_WRITE.write_addr_inst/USE_BURSTS.cmd_queue/inst/fifo_gen_inst/inst_fifo_gen/gconvfifo.rf/grf.rf/rstblk/ngwrdrst.grst.g7serrst.gnsckt_wrst.gcc_rst.sckt_wr_rst_cc[0]
    SLICE_X17Y44         LUT3 (Prop_lut3_I1_O)        0.124     4.740 f  design_1_i/axi_interconnect_0/m00_couplers/auto_pc/inst/gen_axi4_axi3.axi3_conv_inst/USE_WRITE.write_addr_inst/USE_BURSTS.cmd_queue/inst/fifo_gen_inst/inst_fifo_gen/gconvfifo.rf/grf.rf/rstblk/gpregsm1.curr_fwft_state[1]_i_2/O
                         net (fo=32, routed)          1.419     6.159    design_1_i/axi_interconnect_0/m00_couplers/auto_pc/inst/gen_axi4_axi3.axi3_conv_inst/USE_WRITE.write_addr_inst/USE_BURSTS.cmd_queue/inst/fifo_gen_inst/inst_fifo_gen/gconvfifo.rf/grf.rf/gntv_or_sync_fifo.gl0.wr/gwss.wsts/AR[0]
    SLICE_X18Y42         FDCE                                         f  design_1_i/axi_interconnect_0/m00_couplers/auto_pc/inst/gen_axi4_axi3.axi3_conv_inst/USE_WRITE.write_addr_inst/USE_BURSTS.cmd_queue/inst/fifo_gen_inst/inst_fifo_gen/gconvfifo.rf/grf.rf/gntv_or_sync_fifo.gl0.wr/gwss.wsts/ram_full_fb_i_reg/CLR
  -------------------------------------------------------------------    -------------------

                         (clock clk_fpga_0 rise edge)
                                                     10.000    10.000 r  
    PS7_X0Y0             PS7                          0.000    10.000 r  design_1_i/processing_system7_0/inst/PS7_i/FCLKCLK[0]
                         net (fo=1, routed)           1.088    11.088    design_1_i/processing_system7_0/inst/FCLK_CLK_unbuffered[0]
    BUFGCTRL_X0Y16       BUFG (Prop_bufg_I_O)         0.091    11.179 r  design_1_i/processing_system7_0/inst/buffer_fclk_clk_0.FCLK_CLK_0_BUFG/O
                         net (fo=8817, routed)        1.579    12.759    design_1_i/axi_interconnect_0/m00_couplers/auto_pc/inst/gen_axi4_axi3.axi3_conv_inst/USE_WRITE.write_addr_inst/USE_BURSTS.cmd_queue/inst/fifo_gen_inst/inst_fifo_gen/gconvfifo.rf/grf.rf/gntv_or_sync_fifo.gl0.wr/gwss.wsts/clk
    SLICE_X18Y42         FDCE                                         r  design_1_i/axi_interconnect_0/m00_couplers/auto_pc/inst/gen_axi4_axi3.axi3_conv_inst/USE_WRITE.write_addr_inst/USE_BURSTS.cmd_queue/inst/fifo_gen_inst/inst_fifo_gen/gconvfifo.rf/grf.rf/gntv_or_sync_fifo.gl0.wr/gwss.wsts/ram_full_fb_i_reg/C
                         clock pessimism              0.230    12.988    
                         clock uncertainty           -0.154    12.834    
    SLICE_X18Y42         FDCE (Recov_fdce_C_CLR)     -0.319    12.515    design_1_i/axi_interconnect_0/m00_couplers/auto_pc/inst/gen_axi4_axi3.axi3_conv_inst/USE_WRITE.write_addr_inst/USE_BURSTS.cmd_queue/inst/fifo_gen_inst/inst_fifo_gen/gconvfifo.rf/grf.rf/gntv_or_sync_fifo.gl0.wr/gwss.wsts/ram_full_fb_i_reg
  -------------------------------------------------------------------
                         required time                         12.515    
                         arrival time                          -6.159    
  -------------------------------------------------------------------
                         slack                                  6.356    

Slack (MET) :             6.356ns  (required time - arrival time)
  Source:                 design_1_i/axi_interconnect_0/m00_couplers/auto_pc/inst/gen_axi4_axi3.axi3_conv_inst/USE_WRITE.write_addr_inst/USE_BURSTS.cmd_queue/inst/fifo_gen_inst/inst_fifo_gen/gconvfifo.rf/grf.rf/rstblk/ngwrdrst.grst.g7serrst.gnsckt_wrst.gcc_rst.sckt_wr_rst_cc_reg[0]/C
                            (rising edge-triggered cell FDRE clocked by clk_fpga_0  {rise@0.000ns fall@5.000ns period=10.000ns})
  Destination:            design_1_i/axi_interconnect_0/m00_couplers/auto_pc/inst/gen_axi4_axi3.axi3_conv_inst/USE_WRITE.write_addr_inst/USE_BURSTS.cmd_queue/inst/fifo_gen_inst/inst_fifo_gen/gconvfifo.rf/grf.rf/gntv_or_sync_fifo.gl0.wr/gwss.wsts/ram_full_i_reg/CLR
                            (recovery check against rising-edge clock clk_fpga_0  {rise@0.000ns fall@5.000ns period=10.000ns})
  Path Group:             **async_default**
  Path Type:              Recovery (Max at Slow Process Corner)
  Requirement:            10.000ns  (clk_fpga_0 rise@10.000ns - clk_fpga_0 rise@0.000ns)
  Data Path Delay:        3.108ns  (logic 0.580ns (18.660%)  route 2.528ns (81.340%))
  Logic Levels:           1  (LUT3=1)
  Clock Path Skew:        -0.063ns (DCD - SCD + CPR)
    Destination Clock Delay (DCD):    2.758ns = ( 12.759 - 10.000 ) 
    Source Clock Delay      (SCD):    3.051ns
    Clock Pessimism Removal (CPR):    0.230ns
  Clock Uncertainty:      0.154ns  ((TSJ^2 + TIJ^2)^1/2 + DJ) / 2 + PE
    Total System Jitter     (TSJ):    0.071ns
    Total Input Jitter      (TIJ):    0.300ns
    Discrete Jitter          (DJ):    0.000ns
    Phase Error              (PE):    0.000ns

    Location             Delay type                Incr(ns)  Path(ns)    Netlist Resource(s)
  -------------------------------------------------------------------    -------------------
                         (clock clk_fpga_0 rise edge)
                                                      0.000     0.000 r  
    PS7_X0Y0             PS7                          0.000     0.000 r  design_1_i/processing_system7_0/inst/PS7_i/FCLKCLK[0]
                         net (fo=1, routed)           1.193     1.193    design_1_i/processing_system7_0/inst/FCLK_CLK_unbuffered[0]
    BUFGCTRL_X0Y16       BUFG (Prop_bufg_I_O)         0.101     1.294 r  design_1_i/processing_system7_0/inst/buffer_fclk_clk_0.FCLK_CLK_0_BUFG/O
                         net (fo=8817, routed)        1.757     3.051    design_1_i/axi_interconnect_0/m00_couplers/auto_pc/inst/gen_axi4_axi3.axi3_conv_inst/USE_WRITE.write_addr_inst/USE_BURSTS.cmd_queue/inst/fifo_gen_inst/inst_fifo_gen/gconvfifo.rf/grf.rf/rstblk/clk
    SLICE_X15Y43         FDRE                                         r  design_1_i/axi_interconnect_0/m00_couplers/auto_pc/inst/gen_axi4_axi3.axi3_conv_inst/USE_WRITE.write_addr_inst/USE_BURSTS.cmd_queue/inst/fifo_gen_inst/inst_fifo_gen/gconvfifo.rf/grf.rf/rstblk/ngwrdrst.grst.g7serrst.gnsckt_wrst.gcc_rst.sckt_wr_rst_cc_reg[0]/C
  -------------------------------------------------------------------    -------------------
    SLICE_X15Y43         FDRE (Prop_fdre_C_Q)         0.456     3.507 f  design_1_i/axi_interconnect_0/m00_couplers/auto_pc/inst/gen_axi4_axi3.axi3_conv_inst/USE_WRITE.write_addr_inst/USE_BURSTS.cmd_queue/inst/fifo_gen_inst/inst_fifo_gen/gconvfifo.rf/grf.rf/rstblk/ngwrdrst.grst.g7serrst.gnsckt_wrst.gcc_rst.sckt_wr_rst_cc_reg[0]/Q
                         net (fo=3, routed)           1.109     4.616    design_1_i/axi_interconnect_0/m00_couplers/auto_pc/inst/gen_axi4_axi3.axi3_conv_inst/USE_WRITE.write_addr_inst/USE_BURSTS.cmd_queue/inst/fifo_gen_inst/inst_fifo_gen/gconvfifo.rf/grf.rf/rstblk/ngwrdrst.grst.g7serrst.gnsckt_wrst.gcc_rst.sckt_wr_rst_cc[0]
    SLICE_X17Y44         LUT3 (Prop_lut3_I1_O)        0.124     4.740 f  design_1_i/axi_interconnect_0/m00_couplers/auto_pc/inst/gen_axi4_axi3.axi3_conv_inst/USE_WRITE.write_addr_inst/USE_BURSTS.cmd_queue/inst/fifo_gen_inst/inst_fifo_gen/gconvfifo.rf/grf.rf/rstblk/gpregsm1.curr_fwft_state[1]_i_2/O
                         net (fo=32, routed)          1.419     6.159    design_1_i/axi_interconnect_0/m00_couplers/auto_pc/inst/gen_axi4_axi3.axi3_conv_inst/USE_WRITE.write_addr_inst/USE_BURSTS.cmd_queue/inst/fifo_gen_inst/inst_fifo_gen/gconvfifo.rf/grf.rf/gntv_or_sync_fifo.gl0.wr/gwss.wsts/AR[0]
    SLICE_X18Y42         FDCE                                         f  design_1_i/axi_interconnect_0/m00_couplers/auto_pc/inst/gen_axi4_axi3.axi3_conv_inst/USE_WRITE.write_addr_inst/USE_BURSTS.cmd_queue/inst/fifo_gen_inst/inst_fifo_gen/gconvfifo.rf/grf.rf/gntv_or_sync_fifo.gl0.wr/gwss.wsts/ram_full_i_reg/CLR
  -------------------------------------------------------------------    -------------------

                         (clock clk_fpga_0 rise edge)
                                                     10.000    10.000 r  
    PS7_X0Y0             PS7                          0.000    10.000 r  design_1_i/processing_system7_0/inst/PS7_i/FCLKCLK[0]
                         net (fo=1, routed)           1.088    11.088    design_1_i/processing_system7_0/inst/FCLK_CLK_unbuffered[0]
    BUFGCTRL_X0Y16       BUFG (Prop_bufg_I_O)         0.091    11.179 r  design_1_i/processing_system7_0/inst/buffer_fclk_clk_0.FCLK_CLK_0_BUFG/O
                         net (fo=8817, routed)        1.579    12.759    design_1_i/axi_interconnect_0/m00_couplers/auto_pc/inst/gen_axi4_axi3.axi3_conv_inst/USE_WRITE.write_addr_inst/USE_BURSTS.cmd_queue/inst/fifo_gen_inst/inst_fifo_gen/gconvfifo.rf/grf.rf/gntv_or_sync_fifo.gl0.wr/gwss.wsts/clk
    SLICE_X18Y42         FDCE                                         r  design_1_i/axi_interconnect_0/m00_couplers/auto_pc/inst/gen_axi4_axi3.axi3_conv_inst/USE_WRITE.write_addr_inst/USE_BURSTS.cmd_queue/inst/fifo_gen_inst/inst_fifo_gen/gconvfifo.rf/grf.rf/gntv_or_sync_fifo.gl0.wr/gwss.wsts/ram_full_i_reg/C
                         clock pessimism              0.230    12.988    
                         clock uncertainty           -0.154    12.834    
    SLICE_X18Y42         FDCE (Recov_fdce_C_CLR)     -0.319    12.515    design_1_i/axi_interconnect_0/m00_couplers/auto_pc/inst/gen_axi4_axi3.axi3_conv_inst/USE_WRITE.write_addr_inst/USE_BURSTS.cmd_queue/inst/fifo_gen_inst/inst_fifo_gen/gconvfifo.rf/grf.rf/gntv_or_sync_fifo.gl0.wr/gwss.wsts/ram_full_i_reg
  -------------------------------------------------------------------
                         required time                         12.515    
                         arrival time                          -6.159    
  -------------------------------------------------------------------
                         slack                                  6.356    

Slack (MET) :             6.392ns  (required time - arrival time)
  Source:                 design_1_i/axi_interconnect_0/s02_couplers/auto_us_df/inst/gen_upsizer.gen_full_upsizer.axi_upsizer_inst/USE_WRITE.gen_pktfifo_w_upsizer.pktfifo_write_data_inst/dw_fifogen_aw/inst_fifo_gen/gaxi_full_lite.gwrite_ch.gwach2.axi_wach/grf.rf/rstblk/ngwrdrst.grst.g7serrst.gnsckt_wrst.rst_wr_reg2_inst/arststages_ff_reg[1]/C
                            (rising edge-triggered cell FDPE clocked by clk_fpga_0  {rise@0.000ns fall@5.000ns period=10.000ns})
  Destination:            design_1_i/axi_interconnect_0/s02_couplers/auto_us_df/inst/gen_upsizer.gen_full_upsizer.axi_upsizer_inst/USE_WRITE.gen_pktfifo_w_upsizer.pktfifo_write_data_inst/dw_fifogen_aw/inst_fifo_gen/gaxi_full_lite.gwrite_ch.gwach2.axi_wach/grf.rf/gntv_or_sync_fifo.gl0.wr/wpntr/gcc0.gc0.count_d1_reg[2]/CLR
                            (recovery check against rising-edge clock clk_fpga_0  {rise@0.000ns fall@5.000ns period=10.000ns})
  Path Group:             **async_default**
  Path Type:              Recovery (Max at Slow Process Corner)
  Requirement:            10.000ns  (clk_fpga_0 rise@10.000ns - clk_fpga_0 rise@0.000ns)
  Data Path Delay:        3.032ns  (logic 0.718ns (23.684%)  route 2.314ns (76.316%))
  Logic Levels:           1  (LUT3=1)
  Clock Path Skew:        -0.017ns (DCD - SCD + CPR)
    Destination Clock Delay (DCD):    2.671ns = ( 12.672 - 10.000 ) 
    Source Clock Delay      (SCD):    2.951ns
    Clock Pessimism Removal (CPR):    0.263ns
  Clock Uncertainty:      0.154ns  ((TSJ^2 + TIJ^2)^1/2 + DJ) / 2 + PE
    Total System Jitter     (TSJ):    0.071ns
    Total Input Jitter      (TIJ):    0.300ns
    Discrete Jitter          (DJ):    0.000ns
    Phase Error              (PE):    0.000ns

    Location             Delay type                Incr(ns)  Path(ns)    Netlist Resource(s)
  -------------------------------------------------------------------    -------------------
                         (clock clk_fpga_0 rise edge)
                                                      0.000     0.000 r  
    PS7_X0Y0             PS7                          0.000     0.000 r  design_1_i/processing_system7_0/inst/PS7_i/FCLKCLK[0]
                         net (fo=1, routed)           1.193     1.193    design_1_i/processing_system7_0/inst/FCLK_CLK_unbuffered[0]
    BUFGCTRL_X0Y16       BUFG (Prop_bufg_I_O)         0.101     1.294 r  design_1_i/processing_system7_0/inst/buffer_fclk_clk_0.FCLK_CLK_0_BUFG/O
                         net (fo=8817, routed)        1.657     2.951    design_1_i/axi_interconnect_0/s02_couplers/auto_us_df/inst/gen_upsizer.gen_full_upsizer.axi_upsizer_inst/USE_WRITE.gen_pktfifo_w_upsizer.pktfifo_write_data_inst/dw_fifogen_aw/inst_fifo_gen/gaxi_full_lite.gwrite_ch.gwach2.axi_wach/grf.rf/rstblk/ngwrdrst.grst.g7serrst.gnsckt_wrst.rst_wr_reg2_inst/dest_clk
    SLICE_X40Y31         FDPE                                         r  design_1_i/axi_interconnect_0/s02_couplers/auto_us_df/inst/gen_upsizer.gen_full_upsizer.axi_upsizer_inst/USE_WRITE.gen_pktfifo_w_upsizer.pktfifo_write_data_inst/dw_fifogen_aw/inst_fifo_gen/gaxi_full_lite.gwrite_ch.gwach2.axi_wach/grf.rf/rstblk/ngwrdrst.grst.g7serrst.gnsckt_wrst.rst_wr_reg2_inst/arststages_ff_reg[1]/C
  -------------------------------------------------------------------    -------------------
    SLICE_X40Y31         FDPE (Prop_fdpe_C_Q)         0.419     3.370 f  design_1_i/axi_interconnect_0/s02_couplers/auto_us_df/inst/gen_upsizer.gen_full_upsizer.axi_upsizer_inst/USE_WRITE.gen_pktfifo_w_upsizer.pktfifo_write_data_inst/dw_fifogen_aw/inst_fifo_gen/gaxi_full_lite.gwrite_ch.gwach2.axi_wach/grf.rf/rstblk/ngwrdrst.grst.g7serrst.gnsckt_wrst.rst_wr_reg2_inst/arststages_ff_reg[1]/Q
                         net (fo=7, routed)           0.869     4.239    design_1_i/axi_interconnect_0/s02_couplers/auto_us_df/inst/gen_upsizer.gen_full_upsizer.axi_upsizer_inst/USE_WRITE.gen_pktfifo_w_upsizer.pktfifo_write_data_inst/dw_fifogen_aw/inst_fifo_gen/gaxi_full_lite.gwrite_ch.gwach2.axi_wach/grf.rf/rstblk/ngwrdrst.rst_wr_reg2
    SLICE_X39Y31         LUT3 (Prop_lut3_I2_O)        0.299     4.538 f  design_1_i/axi_interconnect_0/s02_couplers/auto_us_df/inst/gen_upsizer.gen_full_upsizer.axi_upsizer_inst/USE_WRITE.gen_pktfifo_w_upsizer.pktfifo_write_data_inst/dw_fifogen_aw/inst_fifo_gen/gaxi_full_lite.gwrite_ch.gwach2.axi_wach/grf.rf/rstblk/gpregsm2.curr_fwft_state[1]_i_2/O
                         net (fo=32, routed)          1.445     5.983    design_1_i/axi_interconnect_0/s02_couplers/auto_us_df/inst/gen_upsizer.gen_full_upsizer.axi_upsizer_inst/USE_WRITE.gen_pktfifo_w_upsizer.pktfifo_write_data_inst/dw_fifogen_aw/inst_fifo_gen/gaxi_full_lite.gwrite_ch.gwach2.axi_wach/grf.rf/gntv_or_sync_fifo.gl0.wr/wpntr/AR[0]
    SLICE_X40Y38         FDCE                                         f  design_1_i/axi_interconnect_0/s02_couplers/auto_us_df/inst/gen_upsizer.gen_full_upsizer.axi_upsizer_inst/USE_WRITE.gen_pktfifo_w_upsizer.pktfifo_write_data_inst/dw_fifogen_aw/inst_fifo_gen/gaxi_full_lite.gwrite_ch.gwach2.axi_wach/grf.rf/gntv_or_sync_fifo.gl0.wr/wpntr/gcc0.gc0.count_d1_reg[2]/CLR
  -------------------------------------------------------------------    -------------------

                         (clock clk_fpga_0 rise edge)
                                                     10.000    10.000 r  
    PS7_X0Y0             PS7                          0.000    10.000 r  design_1_i/processing_system7_0/inst/PS7_i/FCLKCLK[0]
                         net (fo=1, routed)           1.088    11.088    design_1_i/processing_system7_0/inst/FCLK_CLK_unbuffered[0]
    BUFGCTRL_X0Y16       BUFG (Prop_bufg_I_O)         0.091    11.179 r  design_1_i/processing_system7_0/inst/buffer_fclk_clk_0.FCLK_CLK_0_BUFG/O
                         net (fo=8817, routed)        1.492    12.672    design_1_i/axi_interconnect_0/s02_couplers/auto_us_df/inst/gen_upsizer.gen_full_upsizer.axi_upsizer_inst/USE_WRITE.gen_pktfifo_w_upsizer.pktfifo_write_data_inst/dw_fifogen_aw/inst_fifo_gen/gaxi_full_lite.gwrite_ch.gwach2.axi_wach/grf.rf/gntv_or_sync_fifo.gl0.wr/wpntr/s_aclk
    SLICE_X40Y38         FDCE                                         r  design_1_i/axi_interconnect_0/s02_couplers/auto_us_df/inst/gen_upsizer.gen_full_upsizer.axi_upsizer_inst/USE_WRITE.gen_pktfifo_w_upsizer.pktfifo_write_data_inst/dw_fifogen_aw/inst_fifo_gen/gaxi_full_lite.gwrite_ch.gwach2.axi_wach/grf.rf/gntv_or_sync_fifo.gl0.wr/wpntr/gcc0.gc0.count_d1_reg[2]/C
                         clock pessimism              0.263    12.934    
                         clock uncertainty           -0.154    12.780    
    SLICE_X40Y38         FDCE (Recov_fdce_C_CLR)     -0.405    12.375    design_1_i/axi_interconnect_0/s02_couplers/auto_us_df/inst/gen_upsizer.gen_full_upsizer.axi_upsizer_inst/USE_WRITE.gen_pktfifo_w_upsizer.pktfifo_write_data_inst/dw_fifogen_aw/inst_fifo_gen/gaxi_full_lite.gwrite_ch.gwach2.axi_wach/grf.rf/gntv_or_sync_fifo.gl0.wr/wpntr/gcc0.gc0.count_d1_reg[2]
  -------------------------------------------------------------------
                         required time                         12.375    
                         arrival time                          -5.983    
  -------------------------------------------------------------------
                         slack                                  6.392    

Slack (MET) :             6.392ns  (required time - arrival time)
  Source:                 design_1_i/axi_interconnect_0/s02_couplers/auto_us_df/inst/gen_upsizer.gen_full_upsizer.axi_upsizer_inst/USE_WRITE.gen_pktfifo_w_upsizer.pktfifo_write_data_inst/dw_fifogen_aw/inst_fifo_gen/gaxi_full_lite.gwrite_ch.gwach2.axi_wach/grf.rf/rstblk/ngwrdrst.grst.g7serrst.gnsckt_wrst.rst_wr_reg2_inst/arststages_ff_reg[1]/C
                            (rising edge-triggered cell FDPE clocked by clk_fpga_0  {rise@0.000ns fall@5.000ns period=10.000ns})
  Destination:            design_1_i/axi_interconnect_0/s02_couplers/auto_us_df/inst/gen_upsizer.gen_full_upsizer.axi_upsizer_inst/USE_WRITE.gen_pktfifo_w_upsizer.pktfifo_write_data_inst/dw_fifogen_aw/inst_fifo_gen/gaxi_full_lite.gwrite_ch.gwach2.axi_wach/grf.rf/gntv_or_sync_fifo.gl0.wr/wpntr/gcc0.gc0.count_d1_reg[3]/CLR
                            (recovery check against rising-edge clock clk_fpga_0  {rise@0.000ns fall@5.000ns period=10.000ns})
  Path Group:             **async_default**
  Path Type:              Recovery (Max at Slow Process Corner)
  Requirement:            10.000ns  (clk_fpga_0 rise@10.000ns - clk_fpga_0 rise@0.000ns)
  Data Path Delay:        3.032ns  (logic 0.718ns (23.684%)  route 2.314ns (76.316%))
  Logic Levels:           1  (LUT3=1)
  Clock Path Skew:        -0.017ns (DCD - SCD + CPR)
    Destination Clock Delay (DCD):    2.671ns = ( 12.672 - 10.000 ) 
    Source Clock Delay      (SCD):    2.951ns
    Clock Pessimism Removal (CPR):    0.263ns
  Clock Uncertainty:      0.154ns  ((TSJ^2 + TIJ^2)^1/2 + DJ) / 2 + PE
    Total System Jitter     (TSJ):    0.071ns
    Total Input Jitter      (TIJ):    0.300ns
    Discrete Jitter          (DJ):    0.000ns
    Phase Error              (PE):    0.000ns

    Location             Delay type                Incr(ns)  Path(ns)    Netlist Resource(s)
  -------------------------------------------------------------------    -------------------
                         (clock clk_fpga_0 rise edge)
                                                      0.000     0.000 r  
    PS7_X0Y0             PS7                          0.000     0.000 r  design_1_i/processing_system7_0/inst/PS7_i/FCLKCLK[0]
                         net (fo=1, routed)           1.193     1.193    design_1_i/processing_system7_0/inst/FCLK_CLK_unbuffered[0]
    BUFGCTRL_X0Y16       BUFG (Prop_bufg_I_O)         0.101     1.294 r  design_1_i/processing_system7_0/inst/buffer_fclk_clk_0.FCLK_CLK_0_BUFG/O
                         net (fo=8817, routed)        1.657     2.951    design_1_i/axi_interconnect_0/s02_couplers/auto_us_df/inst/gen_upsizer.gen_full_upsizer.axi_upsizer_inst/USE_WRITE.gen_pktfifo_w_upsizer.pktfifo_write_data_inst/dw_fifogen_aw/inst_fifo_gen/gaxi_full_lite.gwrite_ch.gwach2.axi_wach/grf.rf/rstblk/ngwrdrst.grst.g7serrst.gnsckt_wrst.rst_wr_reg2_inst/dest_clk
    SLICE_X40Y31         FDPE                                         r  design_1_i/axi_interconnect_0/s02_couplers/auto_us_df/inst/gen_upsizer.gen_full_upsizer.axi_upsizer_inst/USE_WRITE.gen_pktfifo_w_upsizer.pktfifo_write_data_inst/dw_fifogen_aw/inst_fifo_gen/gaxi_full_lite.gwrite_ch.gwach2.axi_wach/grf.rf/rstblk/ngwrdrst.grst.g7serrst.gnsckt_wrst.rst_wr_reg2_inst/arststages_ff_reg[1]/C
  -------------------------------------------------------------------    -------------------
    SLICE_X40Y31         FDPE (Prop_fdpe_C_Q)         0.419     3.370 f  design_1_i/axi_interconnect_0/s02_couplers/auto_us_df/inst/gen_upsizer.gen_full_upsizer.axi_upsizer_inst/USE_WRITE.gen_pktfifo_w_upsizer.pktfifo_write_data_inst/dw_fifogen_aw/inst_fifo_gen/gaxi_full_lite.gwrite_ch.gwach2.axi_wach/grf.rf/rstblk/ngwrdrst.grst.g7serrst.gnsckt_wrst.rst_wr_reg2_inst/arststages_ff_reg[1]/Q
                         net (fo=7, routed)           0.869     4.239    design_1_i/axi_interconnect_0/s02_couplers/auto_us_df/inst/gen_upsizer.gen_full_upsizer.axi_upsizer_inst/USE_WRITE.gen_pktfifo_w_upsizer.pktfifo_write_data_inst/dw_fifogen_aw/inst_fifo_gen/gaxi_full_lite.gwrite_ch.gwach2.axi_wach/grf.rf/rstblk/ngwrdrst.rst_wr_reg2
    SLICE_X39Y31         LUT3 (Prop_lut3_I2_O)        0.299     4.538 f  design_1_i/axi_interconnect_0/s02_couplers/auto_us_df/inst/gen_upsizer.gen_full_upsizer.axi_upsizer_inst/USE_WRITE.gen_pktfifo_w_upsizer.pktfifo_write_data_inst/dw_fifogen_aw/inst_fifo_gen/gaxi_full_lite.gwrite_ch.gwach2.axi_wach/grf.rf/rstblk/gpregsm2.curr_fwft_state[1]_i_2/O
                         net (fo=32, routed)          1.445     5.983    design_1_i/axi_interconnect_0/s02_couplers/auto_us_df/inst/gen_upsizer.gen_full_upsizer.axi_upsizer_inst/USE_WRITE.gen_pktfifo_w_upsizer.pktfifo_write_data_inst/dw_fifogen_aw/inst_fifo_gen/gaxi_full_lite.gwrite_ch.gwach2.axi_wach/grf.rf/gntv_or_sync_fifo.gl0.wr/wpntr/AR[0]
    SLICE_X40Y38         FDCE                                         f  design_1_i/axi_interconnect_0/s02_couplers/auto_us_df/inst/gen_upsizer.gen_full_upsizer.axi_upsizer_inst/USE_WRITE.gen_pktfifo_w_upsizer.pktfifo_write_data_inst/dw_fifogen_aw/inst_fifo_gen/gaxi_full_lite.gwrite_ch.gwach2.axi_wach/grf.rf/gntv_or_sync_fifo.gl0.wr/wpntr/gcc0.gc0.count_d1_reg[3]/CLR
  -------------------------------------------------------------------    -------------------

                         (clock clk_fpga_0 rise edge)
                                                     10.000    10.000 r  
    PS7_X0Y0             PS7                          0.000    10.000 r  design_1_i/processing_system7_0/inst/PS7_i/FCLKCLK[0]
                         net (fo=1, routed)           1.088    11.088    design_1_i/processing_system7_0/inst/FCLK_CLK_unbuffered[0]
    BUFGCTRL_X0Y16       BUFG (Prop_bufg_I_O)         0.091    11.179 r  design_1_i/processing_system7_0/inst/buffer_fclk_clk_0.FCLK_CLK_0_BUFG/O
                         net (fo=8817, routed)        1.492    12.672    design_1_i/axi_interconnect_0/s02_couplers/auto_us_df/inst/gen_upsizer.gen_full_upsizer.axi_upsizer_inst/USE_WRITE.gen_pktfifo_w_upsizer.pktfifo_write_data_inst/dw_fifogen_aw/inst_fifo_gen/gaxi_full_lite.gwrite_ch.gwach2.axi_wach/grf.rf/gntv_or_sync_fifo.gl0.wr/wpntr/s_aclk
    SLICE_X40Y38         FDCE                                         r  design_1_i/axi_interconnect_0/s02_couplers/auto_us_df/inst/gen_upsizer.gen_full_upsizer.axi_upsizer_inst/USE_WRITE.gen_pktfifo_w_upsizer.pktfifo_write_data_inst/dw_fifogen_aw/inst_fifo_gen/gaxi_full_lite.gwrite_ch.gwach2.axi_wach/grf.rf/gntv_or_sync_fifo.gl0.wr/wpntr/gcc0.gc0.count_d1_reg[3]/C
                         clock pessimism              0.263    12.934    
                         clock uncertainty           -0.154    12.780    
    SLICE_X40Y38         FDCE (Recov_fdce_C_CLR)     -0.405    12.375    design_1_i/axi_interconnect_0/s02_couplers/auto_us_df/inst/gen_upsizer.gen_full_upsizer.axi_upsizer_inst/USE_WRITE.gen_pktfifo_w_upsizer.pktfifo_write_data_inst/dw_fifogen_aw/inst_fifo_gen/gaxi_full_lite.gwrite_ch.gwach2.axi_wach/grf.rf/gntv_or_sync_fifo.gl0.wr/wpntr/gcc0.gc0.count_d1_reg[3]
  -------------------------------------------------------------------
                         required time                         12.375    
                         arrival time                          -5.983    
  -------------------------------------------------------------------
                         slack                                  6.392    

Slack (MET) :             6.392ns  (required time - arrival time)
  Source:                 design_1_i/axi_interconnect_0/s02_couplers/auto_us_df/inst/gen_upsizer.gen_full_upsizer.axi_upsizer_inst/USE_WRITE.gen_pktfifo_w_upsizer.pktfifo_write_data_inst/dw_fifogen_aw/inst_fifo_gen/gaxi_full_lite.gwrite_ch.gwach2.axi_wach/grf.rf/rstblk/ngwrdrst.grst.g7serrst.gnsckt_wrst.rst_wr_reg2_inst/arststages_ff_reg[1]/C
                            (rising edge-triggered cell FDPE clocked by clk_fpga_0  {rise@0.000ns fall@5.000ns period=10.000ns})
  Destination:            design_1_i/axi_interconnect_0/s02_couplers/auto_us_df/inst/gen_upsizer.gen_full_upsizer.axi_upsizer_inst/USE_WRITE.gen_pktfifo_w_upsizer.pktfifo_write_data_inst/dw_fifogen_aw/inst_fifo_gen/gaxi_full_lite.gwrite_ch.gwach2.axi_wach/grf.rf/gntv_or_sync_fifo.gl0.wr/wpntr/gcc0.gc0.count_d1_reg[4]/CLR
                            (recovery check against rising-edge clock clk_fpga_0  {rise@0.000ns fall@5.000ns period=10.000ns})
  Path Group:             **async_default**
  Path Type:              Recovery (Max at Slow Process Corner)
  Requirement:            10.000ns  (clk_fpga_0 rise@10.000ns - clk_fpga_0 rise@0.000ns)
  Data Path Delay:        3.032ns  (logic 0.718ns (23.684%)  route 2.314ns (76.316%))
  Logic Levels:           1  (LUT3=1)
  Clock Path Skew:        -0.017ns (DCD - SCD + CPR)
    Destination Clock Delay (DCD):    2.671ns = ( 12.672 - 10.000 ) 
    Source Clock Delay      (SCD):    2.951ns
    Clock Pessimism Removal (CPR):    0.263ns
  Clock Uncertainty:      0.154ns  ((TSJ^2 + TIJ^2)^1/2 + DJ) / 2 + PE
    Total System Jitter     (TSJ):    0.071ns
    Total Input Jitter      (TIJ):    0.300ns
    Discrete Jitter          (DJ):    0.000ns
    Phase Error              (PE):    0.000ns

    Location             Delay type                Incr(ns)  Path(ns)    Netlist Resource(s)
  -------------------------------------------------------------------    -------------------
                         (clock clk_fpga_0 rise edge)
                                                      0.000     0.000 r  
    PS7_X0Y0             PS7                          0.000     0.000 r  design_1_i/processing_system7_0/inst/PS7_i/FCLKCLK[0]
                         net (fo=1, routed)           1.193     1.193    design_1_i/processing_system7_0/inst/FCLK_CLK_unbuffered[0]
    BUFGCTRL_X0Y16       BUFG (Prop_bufg_I_O)         0.101     1.294 r  design_1_i/processing_system7_0/inst/buffer_fclk_clk_0.FCLK_CLK_0_BUFG/O
                         net (fo=8817, routed)        1.657     2.951    design_1_i/axi_interconnect_0/s02_couplers/auto_us_df/inst/gen_upsizer.gen_full_upsizer.axi_upsizer_inst/USE_WRITE.gen_pktfifo_w_upsizer.pktfifo_write_data_inst/dw_fifogen_aw/inst_fifo_gen/gaxi_full_lite.gwrite_ch.gwach2.axi_wach/grf.rf/rstblk/ngwrdrst.grst.g7serrst.gnsckt_wrst.rst_wr_reg2_inst/dest_clk
    SLICE_X40Y31         FDPE                                         r  design_1_i/axi_interconnect_0/s02_couplers/auto_us_df/inst/gen_upsizer.gen_full_upsizer.axi_upsizer_inst/USE_WRITE.gen_pktfifo_w_upsizer.pktfifo_write_data_inst/dw_fifogen_aw/inst_fifo_gen/gaxi_full_lite.gwrite_ch.gwach2.axi_wach/grf.rf/rstblk/ngwrdrst.grst.g7serrst.gnsckt_wrst.rst_wr_reg2_inst/arststages_ff_reg[1]/C
  -------------------------------------------------------------------    -------------------
    SLICE_X40Y31         FDPE (Prop_fdpe_C_Q)         0.419     3.370 f  design_1_i/axi_interconnect_0/s02_couplers/auto_us_df/inst/gen_upsizer.gen_full_upsizer.axi_upsizer_inst/USE_WRITE.gen_pktfifo_w_upsizer.pktfifo_write_data_inst/dw_fifogen_aw/inst_fifo_gen/gaxi_full_lite.gwrite_ch.gwach2.axi_wach/grf.rf/rstblk/ngwrdrst.grst.g7serrst.gnsckt_wrst.rst_wr_reg2_inst/arststages_ff_reg[1]/Q
                         net (fo=7, routed)           0.869     4.239    design_1_i/axi_interconnect_0/s02_couplers/auto_us_df/inst/gen_upsizer.gen_full_upsizer.axi_upsizer_inst/USE_WRITE.gen_pktfifo_w_upsizer.pktfifo_write_data_inst/dw_fifogen_aw/inst_fifo_gen/gaxi_full_lite.gwrite_ch.gwach2.axi_wach/grf.rf/rstblk/ngwrdrst.rst_wr_reg2
    SLICE_X39Y31         LUT3 (Prop_lut3_I2_O)        0.299     4.538 f  design_1_i/axi_interconnect_0/s02_couplers/auto_us_df/inst/gen_upsizer.gen_full_upsizer.axi_upsizer_inst/USE_WRITE.gen_pktfifo_w_upsizer.pktfifo_write_data_inst/dw_fifogen_aw/inst_fifo_gen/gaxi_full_lite.gwrite_ch.gwach2.axi_wach/grf.rf/rstblk/gpregsm2.curr_fwft_state[1]_i_2/O
                         net (fo=32, routed)          1.445     5.983    design_1_i/axi_interconnect_0/s02_couplers/auto_us_df/inst/gen_upsizer.gen_full_upsizer.axi_upsizer_inst/USE_WRITE.gen_pktfifo_w_upsizer.pktfifo_write_data_inst/dw_fifogen_aw/inst_fifo_gen/gaxi_full_lite.gwrite_ch.gwach2.axi_wach/grf.rf/gntv_or_sync_fifo.gl0.wr/wpntr/AR[0]
    SLICE_X40Y38         FDCE                                         f  design_1_i/axi_interconnect_0/s02_couplers/auto_us_df/inst/gen_upsizer.gen_full_upsizer.axi_upsizer_inst/USE_WRITE.gen_pktfifo_w_upsizer.pktfifo_write_data_inst/dw_fifogen_aw/inst_fifo_gen/gaxi_full_lite.gwrite_ch.gwach2.axi_wach/grf.rf/gntv_or_sync_fifo.gl0.wr/wpntr/gcc0.gc0.count_d1_reg[4]/CLR
  -------------------------------------------------------------------    -------------------

                         (clock clk_fpga_0 rise edge)
                                                     10.000    10.000 r  
    PS7_X0Y0             PS7                          0.000    10.000 r  design_1_i/processing_system7_0/inst/PS7_i/FCLKCLK[0]
                         net (fo=1, routed)           1.088    11.088    design_1_i/processing_system7_0/inst/FCLK_CLK_unbuffered[0]
    BUFGCTRL_X0Y16       BUFG (Prop_bufg_I_O)         0.091    11.179 r  design_1_i/processing_system7_0/inst/buffer_fclk_clk_0.FCLK_CLK_0_BUFG/O
                         net (fo=8817, routed)        1.492    12.672    design_1_i/axi_interconnect_0/s02_couplers/auto_us_df/inst/gen_upsizer.gen_full_upsizer.axi_upsizer_inst/USE_WRITE.gen_pktfifo_w_upsizer.pktfifo_write_data_inst/dw_fifogen_aw/inst_fifo_gen/gaxi_full_lite.gwrite_ch.gwach2.axi_wach/grf.rf/gntv_or_sync_fifo.gl0.wr/wpntr/s_aclk
    SLICE_X40Y38         FDCE                                         r  design_1_i/axi_interconnect_0/s02_couplers/auto_us_df/inst/gen_upsizer.gen_full_upsizer.axi_upsizer_inst/USE_WRITE.gen_pktfifo_w_upsizer.pktfifo_write_data_inst/dw_fifogen_aw/inst_fifo_gen/gaxi_full_lite.gwrite_ch.gwach2.axi_wach/grf.rf/gntv_or_sync_fifo.gl0.wr/wpntr/gcc0.gc0.count_d1_reg[4]/C
                         clock pessimism              0.263    12.934    
                         clock uncertainty           -0.154    12.780    
    SLICE_X40Y38         FDCE (Recov_fdce_C_CLR)     -0.405    12.375    design_1_i/axi_interconnect_0/s02_couplers/auto_us_df/inst/gen_upsizer.gen_full_upsizer.axi_upsizer_inst/USE_WRITE.gen_pktfifo_w_upsizer.pktfifo_write_data_inst/dw_fifogen_aw/inst_fifo_gen/gaxi_full_lite.gwrite_ch.gwach2.axi_wach/grf.rf/gntv_or_sync_fifo.gl0.wr/wpntr/gcc0.gc0.count_d1_reg[4]
  -------------------------------------------------------------------
                         required time                         12.375    
                         arrival time                          -5.983    
  -------------------------------------------------------------------
                         slack                                  6.392    

Slack (MET) :             6.392ns  (required time - arrival time)
  Source:                 design_1_i/axi_interconnect_0/s02_couplers/auto_us_df/inst/gen_upsizer.gen_full_upsizer.axi_upsizer_inst/USE_WRITE.gen_pktfifo_w_upsizer.pktfifo_write_data_inst/dw_fifogen_aw/inst_fifo_gen/gaxi_full_lite.gwrite_ch.gwach2.axi_wach/grf.rf/rstblk/ngwrdrst.grst.g7serrst.gnsckt_wrst.rst_wr_reg2_inst/arststages_ff_reg[1]/C
                            (rising edge-triggered cell FDPE clocked by clk_fpga_0  {rise@0.000ns fall@5.000ns period=10.000ns})
  Destination:            design_1_i/axi_interconnect_0/s02_couplers/auto_us_df/inst/gen_upsizer.gen_full_upsizer.axi_upsizer_inst/USE_WRITE.gen_pktfifo_w_upsizer.pktfifo_write_data_inst/dw_fifogen_aw/inst_fifo_gen/gaxi_full_lite.gwrite_ch.gwach2.axi_wach/grf.rf/gntv_or_sync_fifo.gl0.wr/wpntr/gcc0.gc0.count_reg[2]/CLR
                            (recovery check against rising-edge clock clk_fpga_0  {rise@0.000ns fall@5.000ns period=10.000ns})
  Path Group:             **async_default**
  Path Type:              Recovery (Max at Slow Process Corner)
  Requirement:            10.000ns  (clk_fpga_0 rise@10.000ns - clk_fpga_0 rise@0.000ns)
  Data Path Delay:        3.032ns  (logic 0.718ns (23.684%)  route 2.314ns (76.316%))
  Logic Levels:           1  (LUT3=1)
  Clock Path Skew:        -0.017ns (DCD - SCD + CPR)
    Destination Clock Delay (DCD):    2.671ns = ( 12.672 - 10.000 ) 
    Source Clock Delay      (SCD):    2.951ns
    Clock Pessimism Removal (CPR):    0.263ns
  Clock Uncertainty:      0.154ns  ((TSJ^2 + TIJ^2)^1/2 + DJ) / 2 + PE
    Total System Jitter     (TSJ):    0.071ns
    Total Input Jitter      (TIJ):    0.300ns
    Discrete Jitter          (DJ):    0.000ns
    Phase Error              (PE):    0.000ns

    Location             Delay type                Incr(ns)  Path(ns)    Netlist Resource(s)
  -------------------------------------------------------------------    -------------------
                         (clock clk_fpga_0 rise edge)
                                                      0.000     0.000 r  
    PS7_X0Y0             PS7                          0.000     0.000 r  design_1_i/processing_system7_0/inst/PS7_i/FCLKCLK[0]
                         net (fo=1, routed)           1.193     1.193    design_1_i/processing_system7_0/inst/FCLK_CLK_unbuffered[0]
    BUFGCTRL_X0Y16       BUFG (Prop_bufg_I_O)         0.101     1.294 r  design_1_i/processing_system7_0/inst/buffer_fclk_clk_0.FCLK_CLK_0_BUFG/O
                         net (fo=8817, routed)        1.657     2.951    design_1_i/axi_interconnect_0/s02_couplers/auto_us_df/inst/gen_upsizer.gen_full_upsizer.axi_upsizer_inst/USE_WRITE.gen_pktfifo_w_upsizer.pktfifo_write_data_inst/dw_fifogen_aw/inst_fifo_gen/gaxi_full_lite.gwrite_ch.gwach2.axi_wach/grf.rf/rstblk/ngwrdrst.grst.g7serrst.gnsckt_wrst.rst_wr_reg2_inst/dest_clk
    SLICE_X40Y31         FDPE                                         r  design_1_i/axi_interconnect_0/s02_couplers/auto_us_df/inst/gen_upsizer.gen_full_upsizer.axi_upsizer_inst/USE_WRITE.gen_pktfifo_w_upsizer.pktfifo_write_data_inst/dw_fifogen_aw/inst_fifo_gen/gaxi_full_lite.gwrite_ch.gwach2.axi_wach/grf.rf/rstblk/ngwrdrst.grst.g7serrst.gnsckt_wrst.rst_wr_reg2_inst/arststages_ff_reg[1]/C
  -------------------------------------------------------------------    -------------------
    SLICE_X40Y31         FDPE (Prop_fdpe_C_Q)         0.419     3.370 f  design_1_i/axi_interconnect_0/s02_couplers/auto_us_df/inst/gen_upsizer.gen_full_upsizer.axi_upsizer_inst/USE_WRITE.gen_pktfifo_w_upsizer.pktfifo_write_data_inst/dw_fifogen_aw/inst_fifo_gen/gaxi_full_lite.gwrite_ch.gwach2.axi_wach/grf.rf/rstblk/ngwrdrst.grst.g7serrst.gnsckt_wrst.rst_wr_reg2_inst/arststages_ff_reg[1]/Q
                         net (fo=7, routed)           0.869     4.239    design_1_i/axi_interconnect_0/s02_couplers/auto_us_df/inst/gen_upsizer.gen_full_upsizer.axi_upsizer_inst/USE_WRITE.gen_pktfifo_w_upsizer.pktfifo_write_data_inst/dw_fifogen_aw/inst_fifo_gen/gaxi_full_lite.gwrite_ch.gwach2.axi_wach/grf.rf/rstblk/ngwrdrst.rst_wr_reg2
    SLICE_X39Y31         LUT3 (Prop_lut3_I2_O)        0.299     4.538 f  design_1_i/axi_interconnect_0/s02_couplers/auto_us_df/inst/gen_upsizer.gen_full_upsizer.axi_upsizer_inst/USE_WRITE.gen_pktfifo_w_upsizer.pktfifo_write_data_inst/dw_fifogen_aw/inst_fifo_gen/gaxi_full_lite.gwrite_ch.gwach2.axi_wach/grf.rf/rstblk/gpregsm2.curr_fwft_state[1]_i_2/O
                         net (fo=32, routed)          1.445     5.983    design_1_i/axi_interconnect_0/s02_couplers/auto_us_df/inst/gen_upsizer.gen_full_upsizer.axi_upsizer_inst/USE_WRITE.gen_pktfifo_w_upsizer.pktfifo_write_data_inst/dw_fifogen_aw/inst_fifo_gen/gaxi_full_lite.gwrite_ch.gwach2.axi_wach/grf.rf/gntv_or_sync_fifo.gl0.wr/wpntr/AR[0]
    SLICE_X40Y38         FDCE                                         f  design_1_i/axi_interconnect_0/s02_couplers/auto_us_df/inst/gen_upsizer.gen_full_upsizer.axi_upsizer_inst/USE_WRITE.gen_pktfifo_w_upsizer.pktfifo_write_data_inst/dw_fifogen_aw/inst_fifo_gen/gaxi_full_lite.gwrite_ch.gwach2.axi_wach/grf.rf/gntv_or_sync_fifo.gl0.wr/wpntr/gcc0.gc0.count_reg[2]/CLR
  -------------------------------------------------------------------    -------------------

                         (clock clk_fpga_0 rise edge)
                                                     10.000    10.000 r  
    PS7_X0Y0             PS7                          0.000    10.000 r  design_1_i/processing_system7_0/inst/PS7_i/FCLKCLK[0]
                         net (fo=1, routed)           1.088    11.088    design_1_i/processing_system7_0/inst/FCLK_CLK_unbuffered[0]
    BUFGCTRL_X0Y16       BUFG (Prop_bufg_I_O)         0.091    11.179 r  design_1_i/processing_system7_0/inst/buffer_fclk_clk_0.FCLK_CLK_0_BUFG/O
                         net (fo=8817, routed)        1.492    12.672    design_1_i/axi_interconnect_0/s02_couplers/auto_us_df/inst/gen_upsizer.gen_full_upsizer.axi_upsizer_inst/USE_WRITE.gen_pktfifo_w_upsizer.pktfifo_write_data_inst/dw_fifogen_aw/inst_fifo_gen/gaxi_full_lite.gwrite_ch.gwach2.axi_wach/grf.rf/gntv_or_sync_fifo.gl0.wr/wpntr/s_aclk
    SLICE_X40Y38         FDCE                                         r  design_1_i/axi_interconnect_0/s02_couplers/auto_us_df/inst/gen_upsizer.gen_full_upsizer.axi_upsizer_inst/USE_WRITE.gen_pktfifo_w_upsizer.pktfifo_write_data_inst/dw_fifogen_aw/inst_fifo_gen/gaxi_full_lite.gwrite_ch.gwach2.axi_wach/grf.rf/gntv_or_sync_fifo.gl0.wr/wpntr/gcc0.gc0.count_reg[2]/C
                         clock pessimism              0.263    12.934    
                         clock uncertainty           -0.154    12.780    
    SLICE_X40Y38         FDCE (Recov_fdce_C_CLR)     -0.405    12.375    design_1_i/axi_interconnect_0/s02_couplers/auto_us_df/inst/gen_upsizer.gen_full_upsizer.axi_upsizer_inst/USE_WRITE.gen_pktfifo_w_upsizer.pktfifo_write_data_inst/dw_fifogen_aw/inst_fifo_gen/gaxi_full_lite.gwrite_ch.gwach2.axi_wach/grf.rf/gntv_or_sync_fifo.gl0.wr/wpntr/gcc0.gc0.count_reg[2]
  -------------------------------------------------------------------
                         required time                         12.375    
                         arrival time                          -5.983    
  -------------------------------------------------------------------
                         slack                                  6.392    

Slack (MET) :             6.392ns  (required time - arrival time)
  Source:                 design_1_i/axi_interconnect_0/s02_couplers/auto_us_df/inst/gen_upsizer.gen_full_upsizer.axi_upsizer_inst/USE_WRITE.gen_pktfifo_w_upsizer.pktfifo_write_data_inst/dw_fifogen_aw/inst_fifo_gen/gaxi_full_lite.gwrite_ch.gwach2.axi_wach/grf.rf/rstblk/ngwrdrst.grst.g7serrst.gnsckt_wrst.rst_wr_reg2_inst/arststages_ff_reg[1]/C
                            (rising edge-triggered cell FDPE clocked by clk_fpga_0  {rise@0.000ns fall@5.000ns period=10.000ns})
  Destination:            design_1_i/axi_interconnect_0/s02_couplers/auto_us_df/inst/gen_upsizer.gen_full_upsizer.axi_upsizer_inst/USE_WRITE.gen_pktfifo_w_upsizer.pktfifo_write_data_inst/dw_fifogen_aw/inst_fifo_gen/gaxi_full_lite.gwrite_ch.gwach2.axi_wach/grf.rf/gntv_or_sync_fifo.gl0.wr/wpntr/gcc0.gc0.count_reg[3]/CLR
                            (recovery check against rising-edge clock clk_fpga_0  {rise@0.000ns fall@5.000ns period=10.000ns})
  Path Group:             **async_default**
  Path Type:              Recovery (Max at Slow Process Corner)
  Requirement:            10.000ns  (clk_fpga_0 rise@10.000ns - clk_fpga_0 rise@0.000ns)
  Data Path Delay:        3.032ns  (logic 0.718ns (23.684%)  route 2.314ns (76.316%))
  Logic Levels:           1  (LUT3=1)
  Clock Path Skew:        -0.017ns (DCD - SCD + CPR)
    Destination Clock Delay (DCD):    2.671ns = ( 12.672 - 10.000 ) 
    Source Clock Delay      (SCD):    2.951ns
    Clock Pessimism Removal (CPR):    0.263ns
  Clock Uncertainty:      0.154ns  ((TSJ^2 + TIJ^2)^1/2 + DJ) / 2 + PE
    Total System Jitter     (TSJ):    0.071ns
    Total Input Jitter      (TIJ):    0.300ns
    Discrete Jitter          (DJ):    0.000ns
    Phase Error              (PE):    0.000ns

    Location             Delay type                Incr(ns)  Path(ns)    Netlist Resource(s)
  -------------------------------------------------------------------    -------------------
                         (clock clk_fpga_0 rise edge)
                                                      0.000     0.000 r  
    PS7_X0Y0             PS7                          0.000     0.000 r  design_1_i/processing_system7_0/inst/PS7_i/FCLKCLK[0]
                         net (fo=1, routed)           1.193     1.193    design_1_i/processing_system7_0/inst/FCLK_CLK_unbuffered[0]
    BUFGCTRL_X0Y16       BUFG (Prop_bufg_I_O)         0.101     1.294 r  design_1_i/processing_system7_0/inst/buffer_fclk_clk_0.FCLK_CLK_0_BUFG/O
                         net (fo=8817, routed)        1.657     2.951    design_1_i/axi_interconnect_0/s02_couplers/auto_us_df/inst/gen_upsizer.gen_full_upsizer.axi_upsizer_inst/USE_WRITE.gen_pktfifo_w_upsizer.pktfifo_write_data_inst/dw_fifogen_aw/inst_fifo_gen/gaxi_full_lite.gwrite_ch.gwach2.axi_wach/grf.rf/rstblk/ngwrdrst.grst.g7serrst.gnsckt_wrst.rst_wr_reg2_inst/dest_clk
    SLICE_X40Y31         FDPE                                         r  design_1_i/axi_interconnect_0/s02_couplers/auto_us_df/inst/gen_upsizer.gen_full_upsizer.axi_upsizer_inst/USE_WRITE.gen_pktfifo_w_upsizer.pktfifo_write_data_inst/dw_fifogen_aw/inst_fifo_gen/gaxi_full_lite.gwrite_ch.gwach2.axi_wach/grf.rf/rstblk/ngwrdrst.grst.g7serrst.gnsckt_wrst.rst_wr_reg2_inst/arststages_ff_reg[1]/C
  -------------------------------------------------------------------    -------------------
    SLICE_X40Y31         FDPE (Prop_fdpe_C_Q)         0.419     3.370 f  design_1_i/axi_interconnect_0/s02_couplers/auto_us_df/inst/gen_upsizer.gen_full_upsizer.axi_upsizer_inst/USE_WRITE.gen_pktfifo_w_upsizer.pktfifo_write_data_inst/dw_fifogen_aw/inst_fifo_gen/gaxi_full_lite.gwrite_ch.gwach2.axi_wach/grf.rf/rstblk/ngwrdrst.grst.g7serrst.gnsckt_wrst.rst_wr_reg2_inst/arststages_ff_reg[1]/Q
                         net (fo=7, routed)           0.869     4.239    design_1_i/axi_interconnect_0/s02_couplers/auto_us_df/inst/gen_upsizer.gen_full_upsizer.axi_upsizer_inst/USE_WRITE.gen_pktfifo_w_upsizer.pktfifo_write_data_inst/dw_fifogen_aw/inst_fifo_gen/gaxi_full_lite.gwrite_ch.gwach2.axi_wach/grf.rf/rstblk/ngwrdrst.rst_wr_reg2
    SLICE_X39Y31         LUT3 (Prop_lut3_I2_O)        0.299     4.538 f  design_1_i/axi_interconnect_0/s02_couplers/auto_us_df/inst/gen_upsizer.gen_full_upsizer.axi_upsizer_inst/USE_WRITE.gen_pktfifo_w_upsizer.pktfifo_write_data_inst/dw_fifogen_aw/inst_fifo_gen/gaxi_full_lite.gwrite_ch.gwach2.axi_wach/grf.rf/rstblk/gpregsm2.curr_fwft_state[1]_i_2/O
                         net (fo=32, routed)          1.445     5.983    design_1_i/axi_interconnect_0/s02_couplers/auto_us_df/inst/gen_upsizer.gen_full_upsizer.axi_upsizer_inst/USE_WRITE.gen_pktfifo_w_upsizer.pktfifo_write_data_inst/dw_fifogen_aw/inst_fifo_gen/gaxi_full_lite.gwrite_ch.gwach2.axi_wach/grf.rf/gntv_or_sync_fifo.gl0.wr/wpntr/AR[0]
    SLICE_X40Y38         FDCE                                         f  design_1_i/axi_interconnect_0/s02_couplers/auto_us_df/inst/gen_upsizer.gen_full_upsizer.axi_upsizer_inst/USE_WRITE.gen_pktfifo_w_upsizer.pktfifo_write_data_inst/dw_fifogen_aw/inst_fifo_gen/gaxi_full_lite.gwrite_ch.gwach2.axi_wach/grf.rf/gntv_or_sync_fifo.gl0.wr/wpntr/gcc0.gc0.count_reg[3]/CLR
  -------------------------------------------------------------------    -------------------

                         (clock clk_fpga_0 rise edge)
                                                     10.000    10.000 r  
    PS7_X0Y0             PS7                          0.000    10.000 r  design_1_i/processing_system7_0/inst/PS7_i/FCLKCLK[0]
                         net (fo=1, routed)           1.088    11.088    design_1_i/processing_system7_0/inst/FCLK_CLK_unbuffered[0]
    BUFGCTRL_X0Y16       BUFG (Prop_bufg_I_O)         0.091    11.179 r  design_1_i/processing_system7_0/inst/buffer_fclk_clk_0.FCLK_CLK_0_BUFG/O
                         net (fo=8817, routed)        1.492    12.672    design_1_i/axi_interconnect_0/s02_couplers/auto_us_df/inst/gen_upsizer.gen_full_upsizer.axi_upsizer_inst/USE_WRITE.gen_pktfifo_w_upsizer.pktfifo_write_data_inst/dw_fifogen_aw/inst_fifo_gen/gaxi_full_lite.gwrite_ch.gwach2.axi_wach/grf.rf/gntv_or_sync_fifo.gl0.wr/wpntr/s_aclk
    SLICE_X40Y38         FDCE                                         r  design_1_i/axi_interconnect_0/s02_couplers/auto_us_df/inst/gen_upsizer.gen_full_upsizer.axi_upsizer_inst/USE_WRITE.gen_pktfifo_w_upsizer.pktfifo_write_data_inst/dw_fifogen_aw/inst_fifo_gen/gaxi_full_lite.gwrite_ch.gwach2.axi_wach/grf.rf/gntv_or_sync_fifo.gl0.wr/wpntr/gcc0.gc0.count_reg[3]/C
                         clock pessimism              0.263    12.934    
                         clock uncertainty           -0.154    12.780    
    SLICE_X40Y38         FDCE (Recov_fdce_C_CLR)     -0.405    12.375    design_1_i/axi_interconnect_0/s02_couplers/auto_us_df/inst/gen_upsizer.gen_full_upsizer.axi_upsizer_inst/USE_WRITE.gen_pktfifo_w_upsizer.pktfifo_write_data_inst/dw_fifogen_aw/inst_fifo_gen/gaxi_full_lite.gwrite_ch.gwach2.axi_wach/grf.rf/gntv_or_sync_fifo.gl0.wr/wpntr/gcc0.gc0.count_reg[3]
  -------------------------------------------------------------------
                         required time                         12.375    
                         arrival time                          -5.983    
  -------------------------------------------------------------------
                         slack                                  6.392    

Slack (MET) :             6.392ns  (required time - arrival time)
  Source:                 design_1_i/axi_interconnect_0/s02_couplers/auto_us_df/inst/gen_upsizer.gen_full_upsizer.axi_upsizer_inst/USE_WRITE.gen_pktfifo_w_upsizer.pktfifo_write_data_inst/dw_fifogen_aw/inst_fifo_gen/gaxi_full_lite.gwrite_ch.gwach2.axi_wach/grf.rf/rstblk/ngwrdrst.grst.g7serrst.gnsckt_wrst.rst_wr_reg2_inst/arststages_ff_reg[1]/C
                            (rising edge-triggered cell FDPE clocked by clk_fpga_0  {rise@0.000ns fall@5.000ns period=10.000ns})
  Destination:            design_1_i/axi_interconnect_0/s02_couplers/auto_us_df/inst/gen_upsizer.gen_full_upsizer.axi_upsizer_inst/USE_WRITE.gen_pktfifo_w_upsizer.pktfifo_write_data_inst/dw_fifogen_aw/inst_fifo_gen/gaxi_full_lite.gwrite_ch.gwach2.axi_wach/grf.rf/gntv_or_sync_fifo.gl0.wr/wpntr/gcc0.gc0.count_reg[4]/CLR
                            (recovery check against rising-edge clock clk_fpga_0  {rise@0.000ns fall@5.000ns period=10.000ns})
  Path Group:             **async_default**
  Path Type:              Recovery (Max at Slow Process Corner)
  Requirement:            10.000ns  (clk_fpga_0 rise@10.000ns - clk_fpga_0 rise@0.000ns)
  Data Path Delay:        3.032ns  (logic 0.718ns (23.684%)  route 2.314ns (76.316%))
  Logic Levels:           1  (LUT3=1)
  Clock Path Skew:        -0.017ns (DCD - SCD + CPR)
    Destination Clock Delay (DCD):    2.671ns = ( 12.672 - 10.000 ) 
    Source Clock Delay      (SCD):    2.951ns
    Clock Pessimism Removal (CPR):    0.263ns
  Clock Uncertainty:      0.154ns  ((TSJ^2 + TIJ^2)^1/2 + DJ) / 2 + PE
    Total System Jitter     (TSJ):    0.071ns
    Total Input Jitter      (TIJ):    0.300ns
    Discrete Jitter          (DJ):    0.000ns
    Phase Error              (PE):    0.000ns

    Location             Delay type                Incr(ns)  Path(ns)    Netlist Resource(s)
  -------------------------------------------------------------------    -------------------
                         (clock clk_fpga_0 rise edge)
                                                      0.000     0.000 r  
    PS7_X0Y0             PS7                          0.000     0.000 r  design_1_i/processing_system7_0/inst/PS7_i/FCLKCLK[0]
                         net (fo=1, routed)           1.193     1.193    design_1_i/processing_system7_0/inst/FCLK_CLK_unbuffered[0]
    BUFGCTRL_X0Y16       BUFG (Prop_bufg_I_O)         0.101     1.294 r  design_1_i/processing_system7_0/inst/buffer_fclk_clk_0.FCLK_CLK_0_BUFG/O
                         net (fo=8817, routed)        1.657     2.951    design_1_i/axi_interconnect_0/s02_couplers/auto_us_df/inst/gen_upsizer.gen_full_upsizer.axi_upsizer_inst/USE_WRITE.gen_pktfifo_w_upsizer.pktfifo_write_data_inst/dw_fifogen_aw/inst_fifo_gen/gaxi_full_lite.gwrite_ch.gwach2.axi_wach/grf.rf/rstblk/ngwrdrst.grst.g7serrst.gnsckt_wrst.rst_wr_reg2_inst/dest_clk
    SLICE_X40Y31         FDPE                                         r  design_1_i/axi_interconnect_0/s02_couplers/auto_us_df/inst/gen_upsizer.gen_full_upsizer.axi_upsizer_inst/USE_WRITE.gen_pktfifo_w_upsizer.pktfifo_write_data_inst/dw_fifogen_aw/inst_fifo_gen/gaxi_full_lite.gwrite_ch.gwach2.axi_wach/grf.rf/rstblk/ngwrdrst.grst.g7serrst.gnsckt_wrst.rst_wr_reg2_inst/arststages_ff_reg[1]/C
  -------------------------------------------------------------------    -------------------
    SLICE_X40Y31         FDPE (Prop_fdpe_C_Q)         0.419     3.370 f  design_1_i/axi_interconnect_0/s02_couplers/auto_us_df/inst/gen_upsizer.gen_full_upsizer.axi_upsizer_inst/USE_WRITE.gen_pktfifo_w_upsizer.pktfifo_write_data_inst/dw_fifogen_aw/inst_fifo_gen/gaxi_full_lite.gwrite_ch.gwach2.axi_wach/grf.rf/rstblk/ngwrdrst.grst.g7serrst.gnsckt_wrst.rst_wr_reg2_inst/arststages_ff_reg[1]/Q
                         net (fo=7, routed)           0.869     4.239    design_1_i/axi_interconnect_0/s02_couplers/auto_us_df/inst/gen_upsizer.gen_full_upsizer.axi_upsizer_inst/USE_WRITE.gen_pktfifo_w_upsizer.pktfifo_write_data_inst/dw_fifogen_aw/inst_fifo_gen/gaxi_full_lite.gwrite_ch.gwach2.axi_wach/grf.rf/rstblk/ngwrdrst.rst_wr_reg2
    SLICE_X39Y31         LUT3 (Prop_lut3_I2_O)        0.299     4.538 f  design_1_i/axi_interconnect_0/s02_couplers/auto_us_df/inst/gen_upsizer.gen_full_upsizer.axi_upsizer_inst/USE_WRITE.gen_pktfifo_w_upsizer.pktfifo_write_data_inst/dw_fifogen_aw/inst_fifo_gen/gaxi_full_lite.gwrite_ch.gwach2.axi_wach/grf.rf/rstblk/gpregsm2.curr_fwft_state[1]_i_2/O
                         net (fo=32, routed)          1.445     5.983    design_1_i/axi_interconnect_0/s02_couplers/auto_us_df/inst/gen_upsizer.gen_full_upsizer.axi_upsizer_inst/USE_WRITE.gen_pktfifo_w_upsizer.pktfifo_write_data_inst/dw_fifogen_aw/inst_fifo_gen/gaxi_full_lite.gwrite_ch.gwach2.axi_wach/grf.rf/gntv_or_sync_fifo.gl0.wr/wpntr/AR[0]
    SLICE_X40Y38         FDCE                                         f  design_1_i/axi_interconnect_0/s02_couplers/auto_us_df/inst/gen_upsizer.gen_full_upsizer.axi_upsizer_inst/USE_WRITE.gen_pktfifo_w_upsizer.pktfifo_write_data_inst/dw_fifogen_aw/inst_fifo_gen/gaxi_full_lite.gwrite_ch.gwach2.axi_wach/grf.rf/gntv_or_sync_fifo.gl0.wr/wpntr/gcc0.gc0.count_reg[4]/CLR
  -------------------------------------------------------------------    -------------------

                         (clock clk_fpga_0 rise edge)
                                                     10.000    10.000 r  
    PS7_X0Y0             PS7                          0.000    10.000 r  design_1_i/processing_system7_0/inst/PS7_i/FCLKCLK[0]
                         net (fo=1, routed)           1.088    11.088    design_1_i/processing_system7_0/inst/FCLK_CLK_unbuffered[0]
    BUFGCTRL_X0Y16       BUFG (Prop_bufg_I_O)         0.091    11.179 r  design_1_i/processing_system7_0/inst/buffer_fclk_clk_0.FCLK_CLK_0_BUFG/O
                         net (fo=8817, routed)        1.492    12.672    design_1_i/axi_interconnect_0/s02_couplers/auto_us_df/inst/gen_upsizer.gen_full_upsizer.axi_upsizer_inst/USE_WRITE.gen_pktfifo_w_upsizer.pktfifo_write_data_inst/dw_fifogen_aw/inst_fifo_gen/gaxi_full_lite.gwrite_ch.gwach2.axi_wach/grf.rf/gntv_or_sync_fifo.gl0.wr/wpntr/s_aclk
    SLICE_X40Y38         FDCE                                         r  design_1_i/axi_interconnect_0/s02_couplers/auto_us_df/inst/gen_upsizer.gen_full_upsizer.axi_upsizer_inst/USE_WRITE.gen_pktfifo_w_upsizer.pktfifo_write_data_inst/dw_fifogen_aw/inst_fifo_gen/gaxi_full_lite.gwrite_ch.gwach2.axi_wach/grf.rf/gntv_or_sync_fifo.gl0.wr/wpntr/gcc0.gc0.count_reg[4]/C
                         clock pessimism              0.263    12.934    
                         clock uncertainty           -0.154    12.780    
    SLICE_X40Y38         FDCE (Recov_fdce_C_CLR)     -0.405    12.375    design_1_i/axi_interconnect_0/s02_couplers/auto_us_df/inst/gen_upsizer.gen_full_upsizer.axi_upsizer_inst/USE_WRITE.gen_pktfifo_w_upsizer.pktfifo_write_data_inst/dw_fifogen_aw/inst_fifo_gen/gaxi_full_lite.gwrite_ch.gwach2.axi_wach/grf.rf/gntv_or_sync_fifo.gl0.wr/wpntr/gcc0.gc0.count_reg[4]
  -------------------------------------------------------------------
                         required time                         12.375    
                         arrival time                          -5.983    
  -------------------------------------------------------------------
                         slack                                  6.392    





Min Delay Paths
--------------------------------------------------------------------------------------
Slack (MET) :             0.389ns  (arrival time - required time)
  Source:                 design_1_i/axi_interconnect_0/s00_couplers/auto_us_df/inst/gen_upsizer.gen_full_upsizer.axi_upsizer_inst/USE_READ.gen_pktfifo_r_upsizer.pktfifo_read_data_inst/dw_fifogen_ar/inst_fifo_gen/gaxi_full_lite.gread_ch.grach2.axi_rach/grf.rf/rstblk/grstd1.grst_full.grst_f.rst_d2_reg/C
                            (rising edge-triggered cell FDPE clocked by clk_fpga_0  {rise@0.000ns fall@5.000ns period=10.000ns})
  Destination:            design_1_i/axi_interconnect_0/s00_couplers/auto_us_df/inst/gen_upsizer.gen_full_upsizer.axi_upsizer_inst/USE_READ.gen_pktfifo_r_upsizer.pktfifo_read_data_inst/dw_fifogen_ar/inst_fifo_gen/gaxi_full_lite.gread_ch.grach2.axi_rach/grf.rf/gntv_or_sync_fifo.gl0.wr/gwss.wsts/ram_full_fb_i_reg/PRE
                            (removal check against rising-edge clock clk_fpga_0  {rise@0.000ns fall@5.000ns period=10.000ns})
  Path Group:             **async_default**
  Path Type:              Removal (Min at Fast Process Corner)
  Requirement:            0.000ns  (clk_fpga_0 rise@0.000ns - clk_fpga_0 rise@0.000ns)
  Data Path Delay:        0.281ns  (logic 0.148ns (52.623%)  route 0.133ns (47.377%))
  Logic Levels:           0  
  Clock Path Skew:        0.016ns (DCD - SCD - CPR)
    Destination Clock Delay (DCD):    1.230ns
    Source Clock Delay      (SCD):    0.931ns
    Clock Pessimism Removal (CPR):    0.283ns

    Location             Delay type                Incr(ns)  Path(ns)    Netlist Resource(s)
  -------------------------------------------------------------------    -------------------
                         (clock clk_fpga_0 rise edge)
                                                      0.000     0.000 r  
    PS7_X0Y0             PS7                          0.000     0.000 r  design_1_i/processing_system7_0/inst/PS7_i/FCLKCLK[0]
                         net (fo=1, routed)           0.310     0.310    design_1_i/processing_system7_0/inst/FCLK_CLK_unbuffered[0]
    BUFGCTRL_X0Y16       BUFG (Prop_bufg_I_O)         0.026     0.336 r  design_1_i/processing_system7_0/inst/buffer_fclk_clk_0.FCLK_CLK_0_BUFG/O
                         net (fo=8817, routed)        0.595     0.931    design_1_i/axi_interconnect_0/s00_couplers/auto_us_df/inst/gen_upsizer.gen_full_upsizer.axi_upsizer_inst/USE_READ.gen_pktfifo_r_upsizer.pktfifo_read_data_inst/dw_fifogen_ar/inst_fifo_gen/gaxi_full_lite.gread_ch.grach2.axi_rach/grf.rf/rstblk/s_aclk
    SLICE_X10Y41         FDPE                                         r  design_1_i/axi_interconnect_0/s00_couplers/auto_us_df/inst/gen_upsizer.gen_full_upsizer.axi_upsizer_inst/USE_READ.gen_pktfifo_r_upsizer.pktfifo_read_data_inst/dw_fifogen_ar/inst_fifo_gen/gaxi_full_lite.gread_ch.grach2.axi_rach/grf.rf/rstblk/grstd1.grst_full.grst_f.rst_d2_reg/C
  -------------------------------------------------------------------    -------------------
    SLICE_X10Y41         FDPE (Prop_fdpe_C_Q)         0.148     1.079 f  design_1_i/axi_interconnect_0/s00_couplers/auto_us_df/inst/gen_upsizer.gen_full_upsizer.axi_upsizer_inst/USE_READ.gen_pktfifo_r_upsizer.pktfifo_read_data_inst/dw_fifogen_ar/inst_fifo_gen/gaxi_full_lite.gread_ch.grach2.axi_rach/grf.rf/rstblk/grstd1.grst_full.grst_f.rst_d2_reg/Q
                         net (fo=3, routed)           0.133     1.212    design_1_i/axi_interconnect_0/s00_couplers/auto_us_df/inst/gen_upsizer.gen_full_upsizer.axi_upsizer_inst/USE_READ.gen_pktfifo_r_upsizer.pktfifo_read_data_inst/dw_fifogen_ar/inst_fifo_gen/gaxi_full_lite.gread_ch.grach2.axi_rach/grf.rf/gntv_or_sync_fifo.gl0.wr/gwss.wsts/ram_full_i_reg_0
    SLICE_X10Y42         FDPE                                         f  design_1_i/axi_interconnect_0/s00_couplers/auto_us_df/inst/gen_upsizer.gen_full_upsizer.axi_upsizer_inst/USE_READ.gen_pktfifo_r_upsizer.pktfifo_read_data_inst/dw_fifogen_ar/inst_fifo_gen/gaxi_full_lite.gread_ch.grach2.axi_rach/grf.rf/gntv_or_sync_fifo.gl0.wr/gwss.wsts/ram_full_fb_i_reg/PRE
  -------------------------------------------------------------------    -------------------

                         (clock clk_fpga_0 rise edge)
                                                      0.000     0.000 r  
    PS7_X0Y0             PS7                          0.000     0.000 r  design_1_i/processing_system7_0/inst/PS7_i/FCLKCLK[0]
                         net (fo=1, routed)           0.337     0.337    design_1_i/processing_system7_0/inst/FCLK_CLK_unbuffered[0]
    BUFGCTRL_X0Y16       BUFG (Prop_bufg_I_O)         0.029     0.366 r  design_1_i/processing_system7_0/inst/buffer_fclk_clk_0.FCLK_CLK_0_BUFG/O
                         net (fo=8817, routed)        0.864     1.230    design_1_i/axi_interconnect_0/s00_couplers/auto_us_df/inst/gen_upsizer.gen_full_upsizer.axi_upsizer_inst/USE_READ.gen_pktfifo_r_upsizer.pktfifo_read_data_inst/dw_fifogen_ar/inst_fifo_gen/gaxi_full_lite.gread_ch.grach2.axi_rach/grf.rf/gntv_or_sync_fifo.gl0.wr/gwss.wsts/s_aclk
    SLICE_X10Y42         FDPE                                         r  design_1_i/axi_interconnect_0/s00_couplers/auto_us_df/inst/gen_upsizer.gen_full_upsizer.axi_upsizer_inst/USE_READ.gen_pktfifo_r_upsizer.pktfifo_read_data_inst/dw_fifogen_ar/inst_fifo_gen/gaxi_full_lite.gread_ch.grach2.axi_rach/grf.rf/gntv_or_sync_fifo.gl0.wr/gwss.wsts/ram_full_fb_i_reg/C
                         clock pessimism             -0.283     0.947    
    SLICE_X10Y42         FDPE (Remov_fdpe_C_PRE)     -0.124     0.823    design_1_i/axi_interconnect_0/s00_couplers/auto_us_df/inst/gen_upsizer.gen_full_upsizer.axi_upsizer_inst/USE_READ.gen_pktfifo_r_upsizer.pktfifo_read_data_inst/dw_fifogen_ar/inst_fifo_gen/gaxi_full_lite.gread_ch.grach2.axi_rach/grf.rf/gntv_or_sync_fifo.gl0.wr/gwss.wsts/ram_full_fb_i_reg
  -------------------------------------------------------------------
                         required time                         -0.822    
                         arrival time                           1.212    
  -------------------------------------------------------------------
                         slack                                  0.389    

Slack (MET) :             0.389ns  (arrival time - required time)
  Source:                 design_1_i/axi_interconnect_0/s00_couplers/auto_us_df/inst/gen_upsizer.gen_full_upsizer.axi_upsizer_inst/USE_READ.gen_pktfifo_r_upsizer.pktfifo_read_data_inst/dw_fifogen_ar/inst_fifo_gen/gaxi_full_lite.gread_ch.grach2.axi_rach/grf.rf/rstblk/grstd1.grst_full.grst_f.rst_d2_reg/C
                            (rising edge-triggered cell FDPE clocked by clk_fpga_0  {rise@0.000ns fall@5.000ns period=10.000ns})
  Destination:            design_1_i/axi_interconnect_0/s00_couplers/auto_us_df/inst/gen_upsizer.gen_full_upsizer.axi_upsizer_inst/USE_READ.gen_pktfifo_r_upsizer.pktfifo_read_data_inst/dw_fifogen_ar/inst_fifo_gen/gaxi_full_lite.gread_ch.grach2.axi_rach/grf.rf/gntv_or_sync_fifo.gl0.wr/gwss.wsts/ram_full_i_reg/PRE
                            (removal check against rising-edge clock clk_fpga_0  {rise@0.000ns fall@5.000ns period=10.000ns})
  Path Group:             **async_default**
  Path Type:              Removal (Min at Fast Process Corner)
  Requirement:            0.000ns  (clk_fpga_0 rise@0.000ns - clk_fpga_0 rise@0.000ns)
  Data Path Delay:        0.281ns  (logic 0.148ns (52.623%)  route 0.133ns (47.377%))
  Logic Levels:           0  
  Clock Path Skew:        0.016ns (DCD - SCD - CPR)
    Destination Clock Delay (DCD):    1.230ns
    Source Clock Delay      (SCD):    0.931ns
    Clock Pessimism Removal (CPR):    0.283ns

    Location             Delay type                Incr(ns)  Path(ns)    Netlist Resource(s)
  -------------------------------------------------------------------    -------------------
                         (clock clk_fpga_0 rise edge)
                                                      0.000     0.000 r  
    PS7_X0Y0             PS7                          0.000     0.000 r  design_1_i/processing_system7_0/inst/PS7_i/FCLKCLK[0]
                         net (fo=1, routed)           0.310     0.310    design_1_i/processing_system7_0/inst/FCLK_CLK_unbuffered[0]
    BUFGCTRL_X0Y16       BUFG (Prop_bufg_I_O)         0.026     0.336 r  design_1_i/processing_system7_0/inst/buffer_fclk_clk_0.FCLK_CLK_0_BUFG/O
                         net (fo=8817, routed)        0.595     0.931    design_1_i/axi_interconnect_0/s00_couplers/auto_us_df/inst/gen_upsizer.gen_full_upsizer.axi_upsizer_inst/USE_READ.gen_pktfifo_r_upsizer.pktfifo_read_data_inst/dw_fifogen_ar/inst_fifo_gen/gaxi_full_lite.gread_ch.grach2.axi_rach/grf.rf/rstblk/s_aclk
    SLICE_X10Y41         FDPE                                         r  design_1_i/axi_interconnect_0/s00_couplers/auto_us_df/inst/gen_upsizer.gen_full_upsizer.axi_upsizer_inst/USE_READ.gen_pktfifo_r_upsizer.pktfifo_read_data_inst/dw_fifogen_ar/inst_fifo_gen/gaxi_full_lite.gread_ch.grach2.axi_rach/grf.rf/rstblk/grstd1.grst_full.grst_f.rst_d2_reg/C
  -------------------------------------------------------------------    -------------------
    SLICE_X10Y41         FDPE (Prop_fdpe_C_Q)         0.148     1.079 f  design_1_i/axi_interconnect_0/s00_couplers/auto_us_df/inst/gen_upsizer.gen_full_upsizer.axi_upsizer_inst/USE_READ.gen_pktfifo_r_upsizer.pktfifo_read_data_inst/dw_fifogen_ar/inst_fifo_gen/gaxi_full_lite.gread_ch.grach2.axi_rach/grf.rf/rstblk/grstd1.grst_full.grst_f.rst_d2_reg/Q
                         net (fo=3, routed)           0.133     1.212    design_1_i/axi_interconnect_0/s00_couplers/auto_us_df/inst/gen_upsizer.gen_full_upsizer.axi_upsizer_inst/USE_READ.gen_pktfifo_r_upsizer.pktfifo_read_data_inst/dw_fifogen_ar/inst_fifo_gen/gaxi_full_lite.gread_ch.grach2.axi_rach/grf.rf/gntv_or_sync_fifo.gl0.wr/gwss.wsts/ram_full_i_reg_0
    SLICE_X10Y42         FDPE                                         f  design_1_i/axi_interconnect_0/s00_couplers/auto_us_df/inst/gen_upsizer.gen_full_upsizer.axi_upsizer_inst/USE_READ.gen_pktfifo_r_upsizer.pktfifo_read_data_inst/dw_fifogen_ar/inst_fifo_gen/gaxi_full_lite.gread_ch.grach2.axi_rach/grf.rf/gntv_or_sync_fifo.gl0.wr/gwss.wsts/ram_full_i_reg/PRE
  -------------------------------------------------------------------    -------------------

                         (clock clk_fpga_0 rise edge)
                                                      0.000     0.000 r  
    PS7_X0Y0             PS7                          0.000     0.000 r  design_1_i/processing_system7_0/inst/PS7_i/FCLKCLK[0]
                         net (fo=1, routed)           0.337     0.337    design_1_i/processing_system7_0/inst/FCLK_CLK_unbuffered[0]
    BUFGCTRL_X0Y16       BUFG (Prop_bufg_I_O)         0.029     0.366 r  design_1_i/processing_system7_0/inst/buffer_fclk_clk_0.FCLK_CLK_0_BUFG/O
                         net (fo=8817, routed)        0.864     1.230    design_1_i/axi_interconnect_0/s00_couplers/auto_us_df/inst/gen_upsizer.gen_full_upsizer.axi_upsizer_inst/USE_READ.gen_pktfifo_r_upsizer.pktfifo_read_data_inst/dw_fifogen_ar/inst_fifo_gen/gaxi_full_lite.gread_ch.grach2.axi_rach/grf.rf/gntv_or_sync_fifo.gl0.wr/gwss.wsts/s_aclk
    SLICE_X10Y42         FDPE                                         r  design_1_i/axi_interconnect_0/s00_couplers/auto_us_df/inst/gen_upsizer.gen_full_upsizer.axi_upsizer_inst/USE_READ.gen_pktfifo_r_upsizer.pktfifo_read_data_inst/dw_fifogen_ar/inst_fifo_gen/gaxi_full_lite.gread_ch.grach2.axi_rach/grf.rf/gntv_or_sync_fifo.gl0.wr/gwss.wsts/ram_full_i_reg/C
                         clock pessimism             -0.283     0.947    
    SLICE_X10Y42         FDPE (Remov_fdpe_C_PRE)     -0.124     0.823    design_1_i/axi_interconnect_0/s00_couplers/auto_us_df/inst/gen_upsizer.gen_full_upsizer.axi_upsizer_inst/USE_READ.gen_pktfifo_r_upsizer.pktfifo_read_data_inst/dw_fifogen_ar/inst_fifo_gen/gaxi_full_lite.gread_ch.grach2.axi_rach/grf.rf/gntv_or_sync_fifo.gl0.wr/gwss.wsts/ram_full_i_reg
  -------------------------------------------------------------------
                         required time                         -0.822    
                         arrival time                           1.212    
  -------------------------------------------------------------------
                         slack                                  0.389    

Slack (MET) :             0.438ns  (arrival time - required time)
  Source:                 design_1_i/axi_interconnect_0/s01_couplers/auto_us_df/inst/gen_upsizer.gen_full_upsizer.axi_upsizer_inst/USE_WRITE.gen_pktfifo_w_upsizer.pktfifo_write_data_inst/dw_fifogen_aw/inst_fifo_gen/gaxi_full_lite.gwrite_ch.gwach2.axi_wach/grf.rf/rstblk/grstd1.grst_full.grst_f.rst_d2_reg/C
                            (rising edge-triggered cell FDPE clocked by clk_fpga_0  {rise@0.000ns fall@5.000ns period=10.000ns})
  Destination:            design_1_i/axi_interconnect_0/s01_couplers/auto_us_df/inst/gen_upsizer.gen_full_upsizer.axi_upsizer_inst/USE_WRITE.gen_pktfifo_w_upsizer.pktfifo_write_data_inst/dw_fifogen_aw/inst_fifo_gen/gaxi_full_lite.gwrite_ch.gwach2.axi_wach/grf.rf/gntv_or_sync_fifo.gl0.wr/gwss.wsts/ram_full_fb_i_reg/PRE
                            (removal check against rising-edge clock clk_fpga_0  {rise@0.000ns fall@5.000ns period=10.000ns})
  Path Group:             **async_default**
  Path Type:              Removal (Min at Fast Process Corner)
  Requirement:            0.000ns  (clk_fpga_0 rise@0.000ns - clk_fpga_0 rise@0.000ns)
  Data Path Delay:        0.323ns  (logic 0.128ns (39.633%)  route 0.195ns (60.367%))
  Logic Levels:           0  
  Clock Path Skew:        0.034ns (DCD - SCD - CPR)
    Destination Clock Delay (DCD):    1.191ns
    Source Clock Delay      (SCD):    0.894ns
    Clock Pessimism Removal (CPR):    0.263ns

    Location             Delay type                Incr(ns)  Path(ns)    Netlist Resource(s)
  -------------------------------------------------------------------    -------------------
                         (clock clk_fpga_0 rise edge)
                                                      0.000     0.000 r  
    PS7_X0Y0             PS7                          0.000     0.000 r  design_1_i/processing_system7_0/inst/PS7_i/FCLKCLK[0]
                         net (fo=1, routed)           0.310     0.310    design_1_i/processing_system7_0/inst/FCLK_CLK_unbuffered[0]
    BUFGCTRL_X0Y16       BUFG (Prop_bufg_I_O)         0.026     0.336 r  design_1_i/processing_system7_0/inst/buffer_fclk_clk_0.FCLK_CLK_0_BUFG/O
                         net (fo=8817, routed)        0.558     0.894    design_1_i/axi_interconnect_0/s01_couplers/auto_us_df/inst/gen_upsizer.gen_full_upsizer.axi_upsizer_inst/USE_WRITE.gen_pktfifo_w_upsizer.pktfifo_write_data_inst/dw_fifogen_aw/inst_fifo_gen/gaxi_full_lite.gwrite_ch.gwach2.axi_wach/grf.rf/rstblk/s_aclk
    SLICE_X47Y35         FDPE                                         r  design_1_i/axi_interconnect_0/s01_couplers/auto_us_df/inst/gen_upsizer.gen_full_upsizer.axi_upsizer_inst/USE_WRITE.gen_pktfifo_w_upsizer.pktfifo_write_data_inst/dw_fifogen_aw/inst_fifo_gen/gaxi_full_lite.gwrite_ch.gwach2.axi_wach/grf.rf/rstblk/grstd1.grst_full.grst_f.rst_d2_reg/C
  -------------------------------------------------------------------    -------------------
    SLICE_X47Y35         FDPE (Prop_fdpe_C_Q)         0.128     1.022 f  design_1_i/axi_interconnect_0/s01_couplers/auto_us_df/inst/gen_upsizer.gen_full_upsizer.axi_upsizer_inst/USE_WRITE.gen_pktfifo_w_upsizer.pktfifo_write_data_inst/dw_fifogen_aw/inst_fifo_gen/gaxi_full_lite.gwrite_ch.gwach2.axi_wach/grf.rf/rstblk/grstd1.grst_full.grst_f.rst_d2_reg/Q
                         net (fo=3, routed)           0.195     1.216    design_1_i/axi_interconnect_0/s01_couplers/auto_us_df/inst/gen_upsizer.gen_full_upsizer.axi_upsizer_inst/USE_WRITE.gen_pktfifo_w_upsizer.pktfifo_write_data_inst/dw_fifogen_aw/inst_fifo_gen/gaxi_full_lite.gwrite_ch.gwach2.axi_wach/grf.rf/gntv_or_sync_fifo.gl0.wr/gwss.wsts/ram_full_i_reg_0
    SLICE_X49Y37         FDPE                                         f  design_1_i/axi_interconnect_0/s01_couplers/auto_us_df/inst/gen_upsizer.gen_full_upsizer.axi_upsizer_inst/USE_WRITE.gen_pktfifo_w_upsizer.pktfifo_write_data_inst/dw_fifogen_aw/inst_fifo_gen/gaxi_full_lite.gwrite_ch.gwach2.axi_wach/grf.rf/gntv_or_sync_fifo.gl0.wr/gwss.wsts/ram_full_fb_i_reg/PRE
  -------------------------------------------------------------------    -------------------

                         (clock clk_fpga_0 rise edge)
                                                      0.000     0.000 r  
    PS7_X0Y0             PS7                          0.000     0.000 r  design_1_i/processing_system7_0/inst/PS7_i/FCLKCLK[0]
                         net (fo=1, routed)           0.337     0.337    design_1_i/processing_system7_0/inst/FCLK_CLK_unbuffered[0]
    BUFGCTRL_X0Y16       BUFG (Prop_bufg_I_O)         0.029     0.366 r  design_1_i/processing_system7_0/inst/buffer_fclk_clk_0.FCLK_CLK_0_BUFG/O
                         net (fo=8817, routed)        0.825     1.191    design_1_i/axi_interconnect_0/s01_couplers/auto_us_df/inst/gen_upsizer.gen_full_upsizer.axi_upsizer_inst/USE_WRITE.gen_pktfifo_w_upsizer.pktfifo_write_data_inst/dw_fifogen_aw/inst_fifo_gen/gaxi_full_lite.gwrite_ch.gwach2.axi_wach/grf.rf/gntv_or_sync_fifo.gl0.wr/gwss.wsts/s_aclk
    SLICE_X49Y37         FDPE                                         r  design_1_i/axi_interconnect_0/s01_couplers/auto_us_df/inst/gen_upsizer.gen_full_upsizer.axi_upsizer_inst/USE_WRITE.gen_pktfifo_w_upsizer.pktfifo_write_data_inst/dw_fifogen_aw/inst_fifo_gen/gaxi_full_lite.gwrite_ch.gwach2.axi_wach/grf.rf/gntv_or_sync_fifo.gl0.wr/gwss.wsts/ram_full_fb_i_reg/C
                         clock pessimism             -0.263     0.928    
    SLICE_X49Y37         FDPE (Remov_fdpe_C_PRE)     -0.149     0.779    design_1_i/axi_interconnect_0/s01_couplers/auto_us_df/inst/gen_upsizer.gen_full_upsizer.axi_upsizer_inst/USE_WRITE.gen_pktfifo_w_upsizer.pktfifo_write_data_inst/dw_fifogen_aw/inst_fifo_gen/gaxi_full_lite.gwrite_ch.gwach2.axi_wach/grf.rf/gntv_or_sync_fifo.gl0.wr/gwss.wsts/ram_full_fb_i_reg
  -------------------------------------------------------------------
                         required time                         -0.778    
                         arrival time                           1.216    
  -------------------------------------------------------------------
                         slack                                  0.438    

Slack (MET) :             0.438ns  (arrival time - required time)
  Source:                 design_1_i/axi_interconnect_0/s01_couplers/auto_us_df/inst/gen_upsizer.gen_full_upsizer.axi_upsizer_inst/USE_WRITE.gen_pktfifo_w_upsizer.pktfifo_write_data_inst/dw_fifogen_aw/inst_fifo_gen/gaxi_full_lite.gwrite_ch.gwach2.axi_wach/grf.rf/rstblk/grstd1.grst_full.grst_f.rst_d2_reg/C
                            (rising edge-triggered cell FDPE clocked by clk_fpga_0  {rise@0.000ns fall@5.000ns period=10.000ns})
  Destination:            design_1_i/axi_interconnect_0/s01_couplers/auto_us_df/inst/gen_upsizer.gen_full_upsizer.axi_upsizer_inst/USE_WRITE.gen_pktfifo_w_upsizer.pktfifo_write_data_inst/dw_fifogen_aw/inst_fifo_gen/gaxi_full_lite.gwrite_ch.gwach2.axi_wach/grf.rf/gntv_or_sync_fifo.gl0.wr/gwss.wsts/ram_full_i_reg/PRE
                            (removal check against rising-edge clock clk_fpga_0  {rise@0.000ns fall@5.000ns period=10.000ns})
  Path Group:             **async_default**
  Path Type:              Removal (Min at Fast Process Corner)
  Requirement:            0.000ns  (clk_fpga_0 rise@0.000ns - clk_fpga_0 rise@0.000ns)
  Data Path Delay:        0.323ns  (logic 0.128ns (39.633%)  route 0.195ns (60.367%))
  Logic Levels:           0  
  Clock Path Skew:        0.034ns (DCD - SCD - CPR)
    Destination Clock Delay (DCD):    1.191ns
    Source Clock Delay      (SCD):    0.894ns
    Clock Pessimism Removal (CPR):    0.263ns

    Location             Delay type                Incr(ns)  Path(ns)    Netlist Resource(s)
  -------------------------------------------------------------------    -------------------
                         (clock clk_fpga_0 rise edge)
                                                      0.000     0.000 r  
    PS7_X0Y0             PS7                          0.000     0.000 r  design_1_i/processing_system7_0/inst/PS7_i/FCLKCLK[0]
                         net (fo=1, routed)           0.310     0.310    design_1_i/processing_system7_0/inst/FCLK_CLK_unbuffered[0]
    BUFGCTRL_X0Y16       BUFG (Prop_bufg_I_O)         0.026     0.336 r  design_1_i/processing_system7_0/inst/buffer_fclk_clk_0.FCLK_CLK_0_BUFG/O
                         net (fo=8817, routed)        0.558     0.894    design_1_i/axi_interconnect_0/s01_couplers/auto_us_df/inst/gen_upsizer.gen_full_upsizer.axi_upsizer_inst/USE_WRITE.gen_pktfifo_w_upsizer.pktfifo_write_data_inst/dw_fifogen_aw/inst_fifo_gen/gaxi_full_lite.gwrite_ch.gwach2.axi_wach/grf.rf/rstblk/s_aclk
    SLICE_X47Y35         FDPE                                         r  design_1_i/axi_interconnect_0/s01_couplers/auto_us_df/inst/gen_upsizer.gen_full_upsizer.axi_upsizer_inst/USE_WRITE.gen_pktfifo_w_upsizer.pktfifo_write_data_inst/dw_fifogen_aw/inst_fifo_gen/gaxi_full_lite.gwrite_ch.gwach2.axi_wach/grf.rf/rstblk/grstd1.grst_full.grst_f.rst_d2_reg/C
  -------------------------------------------------------------------    -------------------
    SLICE_X47Y35         FDPE (Prop_fdpe_C_Q)         0.128     1.022 f  design_1_i/axi_interconnect_0/s01_couplers/auto_us_df/inst/gen_upsizer.gen_full_upsizer.axi_upsizer_inst/USE_WRITE.gen_pktfifo_w_upsizer.pktfifo_write_data_inst/dw_fifogen_aw/inst_fifo_gen/gaxi_full_lite.gwrite_ch.gwach2.axi_wach/grf.rf/rstblk/grstd1.grst_full.grst_f.rst_d2_reg/Q
                         net (fo=3, routed)           0.195     1.216    design_1_i/axi_interconnect_0/s01_couplers/auto_us_df/inst/gen_upsizer.gen_full_upsizer.axi_upsizer_inst/USE_WRITE.gen_pktfifo_w_upsizer.pktfifo_write_data_inst/dw_fifogen_aw/inst_fifo_gen/gaxi_full_lite.gwrite_ch.gwach2.axi_wach/grf.rf/gntv_or_sync_fifo.gl0.wr/gwss.wsts/ram_full_i_reg_0
    SLICE_X49Y37         FDPE                                         f  design_1_i/axi_interconnect_0/s01_couplers/auto_us_df/inst/gen_upsizer.gen_full_upsizer.axi_upsizer_inst/USE_WRITE.gen_pktfifo_w_upsizer.pktfifo_write_data_inst/dw_fifogen_aw/inst_fifo_gen/gaxi_full_lite.gwrite_ch.gwach2.axi_wach/grf.rf/gntv_or_sync_fifo.gl0.wr/gwss.wsts/ram_full_i_reg/PRE
  -------------------------------------------------------------------    -------------------

                         (clock clk_fpga_0 rise edge)
                                                      0.000     0.000 r  
    PS7_X0Y0             PS7                          0.000     0.000 r  design_1_i/processing_system7_0/inst/PS7_i/FCLKCLK[0]
                         net (fo=1, routed)           0.337     0.337    design_1_i/processing_system7_0/inst/FCLK_CLK_unbuffered[0]
    BUFGCTRL_X0Y16       BUFG (Prop_bufg_I_O)         0.029     0.366 r  design_1_i/processing_system7_0/inst/buffer_fclk_clk_0.FCLK_CLK_0_BUFG/O
                         net (fo=8817, routed)        0.825     1.191    design_1_i/axi_interconnect_0/s01_couplers/auto_us_df/inst/gen_upsizer.gen_full_upsizer.axi_upsizer_inst/USE_WRITE.gen_pktfifo_w_upsizer.pktfifo_write_data_inst/dw_fifogen_aw/inst_fifo_gen/gaxi_full_lite.gwrite_ch.gwach2.axi_wach/grf.rf/gntv_or_sync_fifo.gl0.wr/gwss.wsts/s_aclk
    SLICE_X49Y37         FDPE                                         r  design_1_i/axi_interconnect_0/s01_couplers/auto_us_df/inst/gen_upsizer.gen_full_upsizer.axi_upsizer_inst/USE_WRITE.gen_pktfifo_w_upsizer.pktfifo_write_data_inst/dw_fifogen_aw/inst_fifo_gen/gaxi_full_lite.gwrite_ch.gwach2.axi_wach/grf.rf/gntv_or_sync_fifo.gl0.wr/gwss.wsts/ram_full_i_reg/C
                         clock pessimism             -0.263     0.928    
    SLICE_X49Y37         FDPE (Remov_fdpe_C_PRE)     -0.149     0.779    design_1_i/axi_interconnect_0/s01_couplers/auto_us_df/inst/gen_upsizer.gen_full_upsizer.axi_upsizer_inst/USE_WRITE.gen_pktfifo_w_upsizer.pktfifo_write_data_inst/dw_fifogen_aw/inst_fifo_gen/gaxi_full_lite.gwrite_ch.gwach2.axi_wach/grf.rf/gntv_or_sync_fifo.gl0.wr/gwss.wsts/ram_full_i_reg
  -------------------------------------------------------------------
                         required time                         -0.778    
                         arrival time                           1.216    
  -------------------------------------------------------------------
                         slack                                  0.438    

Slack (MET) :             0.482ns  (arrival time - required time)
  Source:                 design_1_i/axi_interconnect_0/s00_couplers/auto_us_df/inst/gen_upsizer.gen_full_upsizer.axi_upsizer_inst/USE_READ.gen_pktfifo_r_upsizer.pktfifo_read_data_inst/dw_fifogen_ar/inst_fifo_gen/gaxi_full_lite.gread_ch.grach2.axi_rach/grf.rf/rstblk/ngwrdrst.grst.g7serrst.gnsckt_wrst.rst_wr_reg2_inst/arststages_ff_reg[1]/C
                            (rising edge-triggered cell FDPE clocked by clk_fpga_0  {rise@0.000ns fall@5.000ns period=10.000ns})
  Destination:            design_1_i/axi_interconnect_0/s00_couplers/auto_us_df/inst/gen_upsizer.gen_full_upsizer.axi_upsizer_inst/USE_READ.gen_pktfifo_r_upsizer.pktfifo_read_data_inst/dw_fifogen_ar/inst_fifo_gen/gaxi_full_lite.gread_ch.grach2.axi_rach/grf.rf/rstblk/grstd1.grst_full.grst_f.rst_d1_reg/PRE
                            (removal check against rising-edge clock clk_fpga_0  {rise@0.000ns fall@5.000ns period=10.000ns})
  Path Group:             **async_default**
  Path Type:              Removal (Min at Fast Process Corner)
  Requirement:            0.000ns  (clk_fpga_0 rise@0.000ns - clk_fpga_0 rise@0.000ns)
  Data Path Delay:        0.393ns  (logic 0.128ns (32.544%)  route 0.265ns (67.456%))
  Logic Levels:           0  
  Clock Path Skew:        0.036ns (DCD - SCD - CPR)
    Destination Clock Delay (DCD):    1.230ns
    Source Clock Delay      (SCD):    0.931ns
    Clock Pessimism Removal (CPR):    0.263ns

    Location             Delay type                Incr(ns)  Path(ns)    Netlist Resource(s)
  -------------------------------------------------------------------    -------------------
                         (clock clk_fpga_0 rise edge)
                                                      0.000     0.000 r  
    PS7_X0Y0             PS7                          0.000     0.000 r  design_1_i/processing_system7_0/inst/PS7_i/FCLKCLK[0]
                         net (fo=1, routed)           0.310     0.310    design_1_i/processing_system7_0/inst/FCLK_CLK_unbuffered[0]
    BUFGCTRL_X0Y16       BUFG (Prop_bufg_I_O)         0.026     0.336 r  design_1_i/processing_system7_0/inst/buffer_fclk_clk_0.FCLK_CLK_0_BUFG/O
                         net (fo=8817, routed)        0.595     0.931    design_1_i/axi_interconnect_0/s00_couplers/auto_us_df/inst/gen_upsizer.gen_full_upsizer.axi_upsizer_inst/USE_READ.gen_pktfifo_r_upsizer.pktfifo_read_data_inst/dw_fifogen_ar/inst_fifo_gen/gaxi_full_lite.gread_ch.grach2.axi_rach/grf.rf/rstblk/ngwrdrst.grst.g7serrst.gnsckt_wrst.rst_wr_reg2_inst/dest_clk
    SLICE_X9Y40          FDPE                                         r  design_1_i/axi_interconnect_0/s00_couplers/auto_us_df/inst/gen_upsizer.gen_full_upsizer.axi_upsizer_inst/USE_READ.gen_pktfifo_r_upsizer.pktfifo_read_data_inst/dw_fifogen_ar/inst_fifo_gen/gaxi_full_lite.gread_ch.grach2.axi_rach/grf.rf/rstblk/ngwrdrst.grst.g7serrst.gnsckt_wrst.rst_wr_reg2_inst/arststages_ff_reg[1]/C
  -------------------------------------------------------------------    -------------------
    SLICE_X9Y40          FDPE (Prop_fdpe_C_Q)         0.128     1.059 f  design_1_i/axi_interconnect_0/s00_couplers/auto_us_df/inst/gen_upsizer.gen_full_upsizer.axi_upsizer_inst/USE_READ.gen_pktfifo_r_upsizer.pktfifo_read_data_inst/dw_fifogen_ar/inst_fifo_gen/gaxi_full_lite.gread_ch.grach2.axi_rach/grf.rf/rstblk/ngwrdrst.grst.g7serrst.gnsckt_wrst.rst_wr_reg2_inst/arststages_ff_reg[1]/Q
                         net (fo=7, routed)           0.265     1.324    design_1_i/axi_interconnect_0/s00_couplers/auto_us_df/inst/gen_upsizer.gen_full_upsizer.axi_upsizer_inst/USE_READ.gen_pktfifo_r_upsizer.pktfifo_read_data_inst/dw_fifogen_ar/inst_fifo_gen/gaxi_full_lite.gread_ch.grach2.axi_rach/grf.rf/rstblk/ngwrdrst.rst_wr_reg2
    SLICE_X10Y41         FDPE                                         f  design_1_i/axi_interconnect_0/s00_couplers/auto_us_df/inst/gen_upsizer.gen_full_upsizer.axi_upsizer_inst/USE_READ.gen_pktfifo_r_upsizer.pktfifo_read_data_inst/dw_fifogen_ar/inst_fifo_gen/gaxi_full_lite.gread_ch.grach2.axi_rach/grf.rf/rstblk/grstd1.grst_full.grst_f.rst_d1_reg/PRE
  -------------------------------------------------------------------    -------------------

                         (clock clk_fpga_0 rise edge)
                                                      0.000     0.000 r  
    PS7_X0Y0             PS7                          0.000     0.000 r  design_1_i/processing_system7_0/inst/PS7_i/FCLKCLK[0]
                         net (fo=1, routed)           0.337     0.337    design_1_i/processing_system7_0/inst/FCLK_CLK_unbuffered[0]
    BUFGCTRL_X0Y16       BUFG (Prop_bufg_I_O)         0.029     0.366 r  design_1_i/processing_system7_0/inst/buffer_fclk_clk_0.FCLK_CLK_0_BUFG/O
                         net (fo=8817, routed)        0.864     1.230    design_1_i/axi_interconnect_0/s00_couplers/auto_us_df/inst/gen_upsizer.gen_full_upsizer.axi_upsizer_inst/USE_READ.gen_pktfifo_r_upsizer.pktfifo_read_data_inst/dw_fifogen_ar/inst_fifo_gen/gaxi_full_lite.gread_ch.grach2.axi_rach/grf.rf/rstblk/s_aclk
    SLICE_X10Y41         FDPE                                         r  design_1_i/axi_interconnect_0/s00_couplers/auto_us_df/inst/gen_upsizer.gen_full_upsizer.axi_upsizer_inst/USE_READ.gen_pktfifo_r_upsizer.pktfifo_read_data_inst/dw_fifogen_ar/inst_fifo_gen/gaxi_full_lite.gread_ch.grach2.axi_rach/grf.rf/rstblk/grstd1.grst_full.grst_f.rst_d1_reg/C
                         clock pessimism             -0.263     0.967    
    SLICE_X10Y41         FDPE (Remov_fdpe_C_PRE)     -0.125     0.842    design_1_i/axi_interconnect_0/s00_couplers/auto_us_df/inst/gen_upsizer.gen_full_upsizer.axi_upsizer_inst/USE_READ.gen_pktfifo_r_upsizer.pktfifo_read_data_inst/dw_fifogen_ar/inst_fifo_gen/gaxi_full_lite.gread_ch.grach2.axi_rach/grf.rf/rstblk/grstd1.grst_full.grst_f.rst_d1_reg
  -------------------------------------------------------------------
                         required time                         -0.841    
                         arrival time                           1.324    
  -------------------------------------------------------------------
                         slack                                  0.482    

Slack (MET) :             0.482ns  (arrival time - required time)
  Source:                 design_1_i/axi_interconnect_0/s00_couplers/auto_us_df/inst/gen_upsizer.gen_full_upsizer.axi_upsizer_inst/USE_READ.gen_pktfifo_r_upsizer.pktfifo_read_data_inst/dw_fifogen_ar/inst_fifo_gen/gaxi_full_lite.gread_ch.grach2.axi_rach/grf.rf/rstblk/ngwrdrst.grst.g7serrst.gnsckt_wrst.rst_wr_reg2_inst/arststages_ff_reg[1]/C
                            (rising edge-triggered cell FDPE clocked by clk_fpga_0  {rise@0.000ns fall@5.000ns period=10.000ns})
  Destination:            design_1_i/axi_interconnect_0/s00_couplers/auto_us_df/inst/gen_upsizer.gen_full_upsizer.axi_upsizer_inst/USE_READ.gen_pktfifo_r_upsizer.pktfifo_read_data_inst/dw_fifogen_ar/inst_fifo_gen/gaxi_full_lite.gread_ch.grach2.axi_rach/grf.rf/rstblk/grstd1.grst_full.grst_f.rst_d2_reg/PRE
                            (removal check against rising-edge clock clk_fpga_0  {rise@0.000ns fall@5.000ns period=10.000ns})
  Path Group:             **async_default**
  Path Type:              Removal (Min at Fast Process Corner)
  Requirement:            0.000ns  (clk_fpga_0 rise@0.000ns - clk_fpga_0 rise@0.000ns)
  Data Path Delay:        0.393ns  (logic 0.128ns (32.544%)  route 0.265ns (67.456%))
  Logic Levels:           0  
  Clock Path Skew:        0.036ns (DCD - SCD - CPR)
    Destination Clock Delay (DCD):    1.230ns
    Source Clock Delay      (SCD):    0.931ns
    Clock Pessimism Removal (CPR):    0.263ns

    Location             Delay type                Incr(ns)  Path(ns)    Netlist Resource(s)
  -------------------------------------------------------------------    -------------------
                         (clock clk_fpga_0 rise edge)
                                                      0.000     0.000 r  
    PS7_X0Y0             PS7                          0.000     0.000 r  design_1_i/processing_system7_0/inst/PS7_i/FCLKCLK[0]
                         net (fo=1, routed)           0.310     0.310    design_1_i/processing_system7_0/inst/FCLK_CLK_unbuffered[0]
    BUFGCTRL_X0Y16       BUFG (Prop_bufg_I_O)         0.026     0.336 r  design_1_i/processing_system7_0/inst/buffer_fclk_clk_0.FCLK_CLK_0_BUFG/O
                         net (fo=8817, routed)        0.595     0.931    design_1_i/axi_interconnect_0/s00_couplers/auto_us_df/inst/gen_upsizer.gen_full_upsizer.axi_upsizer_inst/USE_READ.gen_pktfifo_r_upsizer.pktfifo_read_data_inst/dw_fifogen_ar/inst_fifo_gen/gaxi_full_lite.gread_ch.grach2.axi_rach/grf.rf/rstblk/ngwrdrst.grst.g7serrst.gnsckt_wrst.rst_wr_reg2_inst/dest_clk
    SLICE_X9Y40          FDPE                                         r  design_1_i/axi_interconnect_0/s00_couplers/auto_us_df/inst/gen_upsizer.gen_full_upsizer.axi_upsizer_inst/USE_READ.gen_pktfifo_r_upsizer.pktfifo_read_data_inst/dw_fifogen_ar/inst_fifo_gen/gaxi_full_lite.gread_ch.grach2.axi_rach/grf.rf/rstblk/ngwrdrst.grst.g7serrst.gnsckt_wrst.rst_wr_reg2_inst/arststages_ff_reg[1]/C
  -------------------------------------------------------------------    -------------------
    SLICE_X9Y40          FDPE (Prop_fdpe_C_Q)         0.128     1.059 f  design_1_i/axi_interconnect_0/s00_couplers/auto_us_df/inst/gen_upsizer.gen_full_upsizer.axi_upsizer_inst/USE_READ.gen_pktfifo_r_upsizer.pktfifo_read_data_inst/dw_fifogen_ar/inst_fifo_gen/gaxi_full_lite.gread_ch.grach2.axi_rach/grf.rf/rstblk/ngwrdrst.grst.g7serrst.gnsckt_wrst.rst_wr_reg2_inst/arststages_ff_reg[1]/Q
                         net (fo=7, routed)           0.265     1.324    design_1_i/axi_interconnect_0/s00_couplers/auto_us_df/inst/gen_upsizer.gen_full_upsizer.axi_upsizer_inst/USE_READ.gen_pktfifo_r_upsizer.pktfifo_read_data_inst/dw_fifogen_ar/inst_fifo_gen/gaxi_full_lite.gread_ch.grach2.axi_rach/grf.rf/rstblk/ngwrdrst.rst_wr_reg2
    SLICE_X10Y41         FDPE                                         f  design_1_i/axi_interconnect_0/s00_couplers/auto_us_df/inst/gen_upsizer.gen_full_upsizer.axi_upsizer_inst/USE_READ.gen_pktfifo_r_upsizer.pktfifo_read_data_inst/dw_fifogen_ar/inst_fifo_gen/gaxi_full_lite.gread_ch.grach2.axi_rach/grf.rf/rstblk/grstd1.grst_full.grst_f.rst_d2_reg/PRE
  -------------------------------------------------------------------    -------------------

                         (clock clk_fpga_0 rise edge)
                                                      0.000     0.000 r  
    PS7_X0Y0             PS7                          0.000     0.000 r  design_1_i/processing_system7_0/inst/PS7_i/FCLKCLK[0]
                         net (fo=1, routed)           0.337     0.337    design_1_i/processing_system7_0/inst/FCLK_CLK_unbuffered[0]
    BUFGCTRL_X0Y16       BUFG (Prop_bufg_I_O)         0.029     0.366 r  design_1_i/processing_system7_0/inst/buffer_fclk_clk_0.FCLK_CLK_0_BUFG/O
                         net (fo=8817, routed)        0.864     1.230    design_1_i/axi_interconnect_0/s00_couplers/auto_us_df/inst/gen_upsizer.gen_full_upsizer.axi_upsizer_inst/USE_READ.gen_pktfifo_r_upsizer.pktfifo_read_data_inst/dw_fifogen_ar/inst_fifo_gen/gaxi_full_lite.gread_ch.grach2.axi_rach/grf.rf/rstblk/s_aclk
    SLICE_X10Y41         FDPE                                         r  design_1_i/axi_interconnect_0/s00_couplers/auto_us_df/inst/gen_upsizer.gen_full_upsizer.axi_upsizer_inst/USE_READ.gen_pktfifo_r_upsizer.pktfifo_read_data_inst/dw_fifogen_ar/inst_fifo_gen/gaxi_full_lite.gread_ch.grach2.axi_rach/grf.rf/rstblk/grstd1.grst_full.grst_f.rst_d2_reg/C
                         clock pessimism             -0.263     0.967    
    SLICE_X10Y41         FDPE (Remov_fdpe_C_PRE)     -0.125     0.842    design_1_i/axi_interconnect_0/s00_couplers/auto_us_df/inst/gen_upsizer.gen_full_upsizer.axi_upsizer_inst/USE_READ.gen_pktfifo_r_upsizer.pktfifo_read_data_inst/dw_fifogen_ar/inst_fifo_gen/gaxi_full_lite.gread_ch.grach2.axi_rach/grf.rf/rstblk/grstd1.grst_full.grst_f.rst_d2_reg
  -------------------------------------------------------------------
                         required time                         -0.841    
                         arrival time                           1.324    
  -------------------------------------------------------------------
                         slack                                  0.482    

Slack (MET) :             0.482ns  (arrival time - required time)
  Source:                 design_1_i/axi_interconnect_0/s00_couplers/auto_us_df/inst/gen_upsizer.gen_full_upsizer.axi_upsizer_inst/USE_READ.gen_pktfifo_r_upsizer.pktfifo_read_data_inst/dw_fifogen_ar/inst_fifo_gen/gaxi_full_lite.gread_ch.grach2.axi_rach/grf.rf/rstblk/ngwrdrst.grst.g7serrst.gnsckt_wrst.rst_wr_reg2_inst/arststages_ff_reg[1]/C
                            (rising edge-triggered cell FDPE clocked by clk_fpga_0  {rise@0.000ns fall@5.000ns period=10.000ns})
  Destination:            design_1_i/axi_interconnect_0/s00_couplers/auto_us_df/inst/gen_upsizer.gen_full_upsizer.axi_upsizer_inst/USE_READ.gen_pktfifo_r_upsizer.pktfifo_read_data_inst/dw_fifogen_ar/inst_fifo_gen/gaxi_full_lite.gread_ch.grach2.axi_rach/grf.rf/rstblk/grstd1.grst_full.grst_f.rst_d3_reg/PRE
                            (removal check against rising-edge clock clk_fpga_0  {rise@0.000ns fall@5.000ns period=10.000ns})
  Path Group:             **async_default**
  Path Type:              Removal (Min at Fast Process Corner)
  Requirement:            0.000ns  (clk_fpga_0 rise@0.000ns - clk_fpga_0 rise@0.000ns)
  Data Path Delay:        0.393ns  (logic 0.128ns (32.544%)  route 0.265ns (67.456%))
  Logic Levels:           0  
  Clock Path Skew:        0.036ns (DCD - SCD - CPR)
    Destination Clock Delay (DCD):    1.230ns
    Source Clock Delay      (SCD):    0.931ns
    Clock Pessimism Removal (CPR):    0.263ns

    Location             Delay type                Incr(ns)  Path(ns)    Netlist Resource(s)
  -------------------------------------------------------------------    -------------------
                         (clock clk_fpga_0 rise edge)
                                                      0.000     0.000 r  
    PS7_X0Y0             PS7                          0.000     0.000 r  design_1_i/processing_system7_0/inst/PS7_i/FCLKCLK[0]
                         net (fo=1, routed)           0.310     0.310    design_1_i/processing_system7_0/inst/FCLK_CLK_unbuffered[0]
    BUFGCTRL_X0Y16       BUFG (Prop_bufg_I_O)         0.026     0.336 r  design_1_i/processing_system7_0/inst/buffer_fclk_clk_0.FCLK_CLK_0_BUFG/O
                         net (fo=8817, routed)        0.595     0.931    design_1_i/axi_interconnect_0/s00_couplers/auto_us_df/inst/gen_upsizer.gen_full_upsizer.axi_upsizer_inst/USE_READ.gen_pktfifo_r_upsizer.pktfifo_read_data_inst/dw_fifogen_ar/inst_fifo_gen/gaxi_full_lite.gread_ch.grach2.axi_rach/grf.rf/rstblk/ngwrdrst.grst.g7serrst.gnsckt_wrst.rst_wr_reg2_inst/dest_clk
    SLICE_X9Y40          FDPE                                         r  design_1_i/axi_interconnect_0/s00_couplers/auto_us_df/inst/gen_upsizer.gen_full_upsizer.axi_upsizer_inst/USE_READ.gen_pktfifo_r_upsizer.pktfifo_read_data_inst/dw_fifogen_ar/inst_fifo_gen/gaxi_full_lite.gread_ch.grach2.axi_rach/grf.rf/rstblk/ngwrdrst.grst.g7serrst.gnsckt_wrst.rst_wr_reg2_inst/arststages_ff_reg[1]/C
  -------------------------------------------------------------------    -------------------
    SLICE_X9Y40          FDPE (Prop_fdpe_C_Q)         0.128     1.059 f  design_1_i/axi_interconnect_0/s00_couplers/auto_us_df/inst/gen_upsizer.gen_full_upsizer.axi_upsizer_inst/USE_READ.gen_pktfifo_r_upsizer.pktfifo_read_data_inst/dw_fifogen_ar/inst_fifo_gen/gaxi_full_lite.gread_ch.grach2.axi_rach/grf.rf/rstblk/ngwrdrst.grst.g7serrst.gnsckt_wrst.rst_wr_reg2_inst/arststages_ff_reg[1]/Q
                         net (fo=7, routed)           0.265     1.324    design_1_i/axi_interconnect_0/s00_couplers/auto_us_df/inst/gen_upsizer.gen_full_upsizer.axi_upsizer_inst/USE_READ.gen_pktfifo_r_upsizer.pktfifo_read_data_inst/dw_fifogen_ar/inst_fifo_gen/gaxi_full_lite.gread_ch.grach2.axi_rach/grf.rf/rstblk/ngwrdrst.rst_wr_reg2
    SLICE_X10Y41         FDPE                                         f  design_1_i/axi_interconnect_0/s00_couplers/auto_us_df/inst/gen_upsizer.gen_full_upsizer.axi_upsizer_inst/USE_READ.gen_pktfifo_r_upsizer.pktfifo_read_data_inst/dw_fifogen_ar/inst_fifo_gen/gaxi_full_lite.gread_ch.grach2.axi_rach/grf.rf/rstblk/grstd1.grst_full.grst_f.rst_d3_reg/PRE
  -------------------------------------------------------------------    -------------------

                         (clock clk_fpga_0 rise edge)
                                                      0.000     0.000 r  
    PS7_X0Y0             PS7                          0.000     0.000 r  design_1_i/processing_system7_0/inst/PS7_i/FCLKCLK[0]
                         net (fo=1, routed)           0.337     0.337    design_1_i/processing_system7_0/inst/FCLK_CLK_unbuffered[0]
    BUFGCTRL_X0Y16       BUFG (Prop_bufg_I_O)         0.029     0.366 r  design_1_i/processing_system7_0/inst/buffer_fclk_clk_0.FCLK_CLK_0_BUFG/O
                         net (fo=8817, routed)        0.864     1.230    design_1_i/axi_interconnect_0/s00_couplers/auto_us_df/inst/gen_upsizer.gen_full_upsizer.axi_upsizer_inst/USE_READ.gen_pktfifo_r_upsizer.pktfifo_read_data_inst/dw_fifogen_ar/inst_fifo_gen/gaxi_full_lite.gread_ch.grach2.axi_rach/grf.rf/rstblk/s_aclk
    SLICE_X10Y41         FDPE                                         r  design_1_i/axi_interconnect_0/s00_couplers/auto_us_df/inst/gen_upsizer.gen_full_upsizer.axi_upsizer_inst/USE_READ.gen_pktfifo_r_upsizer.pktfifo_read_data_inst/dw_fifogen_ar/inst_fifo_gen/gaxi_full_lite.gread_ch.grach2.axi_rach/grf.rf/rstblk/grstd1.grst_full.grst_f.rst_d3_reg/C
                         clock pessimism             -0.263     0.967    
    SLICE_X10Y41         FDPE (Remov_fdpe_C_PRE)     -0.125     0.842    design_1_i/axi_interconnect_0/s00_couplers/auto_us_df/inst/gen_upsizer.gen_full_upsizer.axi_upsizer_inst/USE_READ.gen_pktfifo_r_upsizer.pktfifo_read_data_inst/dw_fifogen_ar/inst_fifo_gen/gaxi_full_lite.gread_ch.grach2.axi_rach/grf.rf/rstblk/grstd1.grst_full.grst_f.rst_d3_reg
  -------------------------------------------------------------------
                         required time                         -0.841    
                         arrival time                           1.324    
  -------------------------------------------------------------------
                         slack                                  0.482    

Slack (MET) :             0.493ns  (arrival time - required time)
  Source:                 design_1_i/axi_interconnect_0/s02_couplers/auto_us_df/inst/gen_upsizer.gen_full_upsizer.axi_upsizer_inst/USE_WRITE.gen_pktfifo_w_upsizer.pktfifo_write_data_inst/dw_fifogen_aw/inst_fifo_gen/gaxi_full_lite.gwrite_ch.gwach2.axi_wach/grf.rf/rstblk/grstd1.grst_full.grst_f.rst_d2_reg/C
                            (rising edge-triggered cell FDPE clocked by clk_fpga_0  {rise@0.000ns fall@5.000ns period=10.000ns})
  Destination:            design_1_i/axi_interconnect_0/s02_couplers/auto_us_df/inst/gen_upsizer.gen_full_upsizer.axi_upsizer_inst/USE_WRITE.gen_pktfifo_w_upsizer.pktfifo_write_data_inst/dw_fifogen_aw/inst_fifo_gen/gaxi_full_lite.gwrite_ch.gwach2.axi_wach/grf.rf/gntv_or_sync_fifo.gl0.wr/gwss.wsts/ram_full_fb_i_reg/PRE
                            (removal check against rising-edge clock clk_fpga_0  {rise@0.000ns fall@5.000ns period=10.000ns})
  Path Group:             **async_default**
  Path Type:              Removal (Min at Fast Process Corner)
  Requirement:            0.000ns  (clk_fpga_0 rise@0.000ns - clk_fpga_0 rise@0.000ns)
  Data Path Delay:        0.363ns  (logic 0.148ns (40.750%)  route 0.215ns (59.250%))
  Logic Levels:           0  
  Clock Path Skew:        0.018ns (DCD - SCD - CPR)
    Destination Clock Delay (DCD):    1.190ns
    Source Clock Delay      (SCD):    0.891ns
    Clock Pessimism Removal (CPR):    0.281ns

    Location             Delay type                Incr(ns)  Path(ns)    Netlist Resource(s)
  -------------------------------------------------------------------    -------------------
                         (clock clk_fpga_0 rise edge)
                                                      0.000     0.000 r  
    PS7_X0Y0             PS7                          0.000     0.000 r  design_1_i/processing_system7_0/inst/PS7_i/FCLKCLK[0]
                         net (fo=1, routed)           0.310     0.310    design_1_i/processing_system7_0/inst/FCLK_CLK_unbuffered[0]
    BUFGCTRL_X0Y16       BUFG (Prop_bufg_I_O)         0.026     0.336 r  design_1_i/processing_system7_0/inst/buffer_fclk_clk_0.FCLK_CLK_0_BUFG/O
                         net (fo=8817, routed)        0.555     0.891    design_1_i/axi_interconnect_0/s02_couplers/auto_us_df/inst/gen_upsizer.gen_full_upsizer.axi_upsizer_inst/USE_WRITE.gen_pktfifo_w_upsizer.pktfifo_write_data_inst/dw_fifogen_aw/inst_fifo_gen/gaxi_full_lite.gwrite_ch.gwach2.axi_wach/grf.rf/rstblk/s_aclk
    SLICE_X38Y31         FDPE                                         r  design_1_i/axi_interconnect_0/s02_couplers/auto_us_df/inst/gen_upsizer.gen_full_upsizer.axi_upsizer_inst/USE_WRITE.gen_pktfifo_w_upsizer.pktfifo_write_data_inst/dw_fifogen_aw/inst_fifo_gen/gaxi_full_lite.gwrite_ch.gwach2.axi_wach/grf.rf/rstblk/grstd1.grst_full.grst_f.rst_d2_reg/C
  -------------------------------------------------------------------    -------------------
    SLICE_X38Y31         FDPE (Prop_fdpe_C_Q)         0.148     1.039 f  design_1_i/axi_interconnect_0/s02_couplers/auto_us_df/inst/gen_upsizer.gen_full_upsizer.axi_upsizer_inst/USE_WRITE.gen_pktfifo_w_upsizer.pktfifo_write_data_inst/dw_fifogen_aw/inst_fifo_gen/gaxi_full_lite.gwrite_ch.gwach2.axi_wach/grf.rf/rstblk/grstd1.grst_full.grst_f.rst_d2_reg/Q
                         net (fo=3, routed)           0.215     1.254    design_1_i/axi_interconnect_0/s02_couplers/auto_us_df/inst/gen_upsizer.gen_full_upsizer.axi_upsizer_inst/USE_WRITE.gen_pktfifo_w_upsizer.pktfifo_write_data_inst/dw_fifogen_aw/inst_fifo_gen/gaxi_full_lite.gwrite_ch.gwach2.axi_wach/grf.rf/gntv_or_sync_fifo.gl0.wr/gwss.wsts/ram_full_i_reg_0
    SLICE_X37Y36         FDPE                                         f  design_1_i/axi_interconnect_0/s02_couplers/auto_us_df/inst/gen_upsizer.gen_full_upsizer.axi_upsizer_inst/USE_WRITE.gen_pktfifo_w_upsizer.pktfifo_write_data_inst/dw_fifogen_aw/inst_fifo_gen/gaxi_full_lite.gwrite_ch.gwach2.axi_wach/grf.rf/gntv_or_sync_fifo.gl0.wr/gwss.wsts/ram_full_fb_i_reg/PRE
  -------------------------------------------------------------------    -------------------

                         (clock clk_fpga_0 rise edge)
                                                      0.000     0.000 r  
    PS7_X0Y0             PS7                          0.000     0.000 r  design_1_i/processing_system7_0/inst/PS7_i/FCLKCLK[0]
                         net (fo=1, routed)           0.337     0.337    design_1_i/processing_system7_0/inst/FCLK_CLK_unbuffered[0]
    BUFGCTRL_X0Y16       BUFG (Prop_bufg_I_O)         0.029     0.366 r  design_1_i/processing_system7_0/inst/buffer_fclk_clk_0.FCLK_CLK_0_BUFG/O
                         net (fo=8817, routed)        0.824     1.190    design_1_i/axi_interconnect_0/s02_couplers/auto_us_df/inst/gen_upsizer.gen_full_upsizer.axi_upsizer_inst/USE_WRITE.gen_pktfifo_w_upsizer.pktfifo_write_data_inst/dw_fifogen_aw/inst_fifo_gen/gaxi_full_lite.gwrite_ch.gwach2.axi_wach/grf.rf/gntv_or_sync_fifo.gl0.wr/gwss.wsts/s_aclk
    SLICE_X37Y36         FDPE                                         r  design_1_i/axi_interconnect_0/s02_couplers/auto_us_df/inst/gen_upsizer.gen_full_upsizer.axi_upsizer_inst/USE_WRITE.gen_pktfifo_w_upsizer.pktfifo_write_data_inst/dw_fifogen_aw/inst_fifo_gen/gaxi_full_lite.gwrite_ch.gwach2.axi_wach/grf.rf/gntv_or_sync_fifo.gl0.wr/gwss.wsts/ram_full_fb_i_reg/C
                         clock pessimism             -0.281     0.909    
    SLICE_X37Y36         FDPE (Remov_fdpe_C_PRE)     -0.148     0.761    design_1_i/axi_interconnect_0/s02_couplers/auto_us_df/inst/gen_upsizer.gen_full_upsizer.axi_upsizer_inst/USE_WRITE.gen_pktfifo_w_upsizer.pktfifo_write_data_inst/dw_fifogen_aw/inst_fifo_gen/gaxi_full_lite.gwrite_ch.gwach2.axi_wach/grf.rf/gntv_or_sync_fifo.gl0.wr/gwss.wsts/ram_full_fb_i_reg
  -------------------------------------------------------------------
                         required time                         -0.761    
                         arrival time                           1.254    
  -------------------------------------------------------------------
                         slack                                  0.493    

Slack (MET) :             0.493ns  (arrival time - required time)
  Source:                 design_1_i/axi_interconnect_0/s02_couplers/auto_us_df/inst/gen_upsizer.gen_full_upsizer.axi_upsizer_inst/USE_WRITE.gen_pktfifo_w_upsizer.pktfifo_write_data_inst/dw_fifogen_aw/inst_fifo_gen/gaxi_full_lite.gwrite_ch.gwach2.axi_wach/grf.rf/rstblk/grstd1.grst_full.grst_f.rst_d2_reg/C
                            (rising edge-triggered cell FDPE clocked by clk_fpga_0  {rise@0.000ns fall@5.000ns period=10.000ns})
  Destination:            design_1_i/axi_interconnect_0/s02_couplers/auto_us_df/inst/gen_upsizer.gen_full_upsizer.axi_upsizer_inst/USE_WRITE.gen_pktfifo_w_upsizer.pktfifo_write_data_inst/dw_fifogen_aw/inst_fifo_gen/gaxi_full_lite.gwrite_ch.gwach2.axi_wach/grf.rf/gntv_or_sync_fifo.gl0.wr/gwss.wsts/ram_full_i_reg/PRE
                            (removal check against rising-edge clock clk_fpga_0  {rise@0.000ns fall@5.000ns period=10.000ns})
  Path Group:             **async_default**
  Path Type:              Removal (Min at Fast Process Corner)
  Requirement:            0.000ns  (clk_fpga_0 rise@0.000ns - clk_fpga_0 rise@0.000ns)
  Data Path Delay:        0.363ns  (logic 0.148ns (40.750%)  route 0.215ns (59.250%))
  Logic Levels:           0  
  Clock Path Skew:        0.018ns (DCD - SCD - CPR)
    Destination Clock Delay (DCD):    1.190ns
    Source Clock Delay      (SCD):    0.891ns
    Clock Pessimism Removal (CPR):    0.281ns

    Location             Delay type                Incr(ns)  Path(ns)    Netlist Resource(s)
  -------------------------------------------------------------------    -------------------
                         (clock clk_fpga_0 rise edge)
                                                      0.000     0.000 r  
    PS7_X0Y0             PS7                          0.000     0.000 r  design_1_i/processing_system7_0/inst/PS7_i/FCLKCLK[0]
                         net (fo=1, routed)           0.310     0.310    design_1_i/processing_system7_0/inst/FCLK_CLK_unbuffered[0]
    BUFGCTRL_X0Y16       BUFG (Prop_bufg_I_O)         0.026     0.336 r  design_1_i/processing_system7_0/inst/buffer_fclk_clk_0.FCLK_CLK_0_BUFG/O
                         net (fo=8817, routed)        0.555     0.891    design_1_i/axi_interconnect_0/s02_couplers/auto_us_df/inst/gen_upsizer.gen_full_upsizer.axi_upsizer_inst/USE_WRITE.gen_pktfifo_w_upsizer.pktfifo_write_data_inst/dw_fifogen_aw/inst_fifo_gen/gaxi_full_lite.gwrite_ch.gwach2.axi_wach/grf.rf/rstblk/s_aclk
    SLICE_X38Y31         FDPE                                         r  design_1_i/axi_interconnect_0/s02_couplers/auto_us_df/inst/gen_upsizer.gen_full_upsizer.axi_upsizer_inst/USE_WRITE.gen_pktfifo_w_upsizer.pktfifo_write_data_inst/dw_fifogen_aw/inst_fifo_gen/gaxi_full_lite.gwrite_ch.gwach2.axi_wach/grf.rf/rstblk/grstd1.grst_full.grst_f.rst_d2_reg/C
  -------------------------------------------------------------------    -------------------
    SLICE_X38Y31         FDPE (Prop_fdpe_C_Q)         0.148     1.039 f  design_1_i/axi_interconnect_0/s02_couplers/auto_us_df/inst/gen_upsizer.gen_full_upsizer.axi_upsizer_inst/USE_WRITE.gen_pktfifo_w_upsizer.pktfifo_write_data_inst/dw_fifogen_aw/inst_fifo_gen/gaxi_full_lite.gwrite_ch.gwach2.axi_wach/grf.rf/rstblk/grstd1.grst_full.grst_f.rst_d2_reg/Q
                         net (fo=3, routed)           0.215     1.254    design_1_i/axi_interconnect_0/s02_couplers/auto_us_df/inst/gen_upsizer.gen_full_upsizer.axi_upsizer_inst/USE_WRITE.gen_pktfifo_w_upsizer.pktfifo_write_data_inst/dw_fifogen_aw/inst_fifo_gen/gaxi_full_lite.gwrite_ch.gwach2.axi_wach/grf.rf/gntv_or_sync_fifo.gl0.wr/gwss.wsts/ram_full_i_reg_0
    SLICE_X37Y36         FDPE                                         f  design_1_i/axi_interconnect_0/s02_couplers/auto_us_df/inst/gen_upsizer.gen_full_upsizer.axi_upsizer_inst/USE_WRITE.gen_pktfifo_w_upsizer.pktfifo_write_data_inst/dw_fifogen_aw/inst_fifo_gen/gaxi_full_lite.gwrite_ch.gwach2.axi_wach/grf.rf/gntv_or_sync_fifo.gl0.wr/gwss.wsts/ram_full_i_reg/PRE
  -------------------------------------------------------------------    -------------------

                         (clock clk_fpga_0 rise edge)
                                                      0.000     0.000 r  
    PS7_X0Y0             PS7                          0.000     0.000 r  design_1_i/processing_system7_0/inst/PS7_i/FCLKCLK[0]
                         net (fo=1, routed)           0.337     0.337    design_1_i/processing_system7_0/inst/FCLK_CLK_unbuffered[0]
    BUFGCTRL_X0Y16       BUFG (Prop_bufg_I_O)         0.029     0.366 r  design_1_i/processing_system7_0/inst/buffer_fclk_clk_0.FCLK_CLK_0_BUFG/O
                         net (fo=8817, routed)        0.824     1.190    design_1_i/axi_interconnect_0/s02_couplers/auto_us_df/inst/gen_upsizer.gen_full_upsizer.axi_upsizer_inst/USE_WRITE.gen_pktfifo_w_upsizer.pktfifo_write_data_inst/dw_fifogen_aw/inst_fifo_gen/gaxi_full_lite.gwrite_ch.gwach2.axi_wach/grf.rf/gntv_or_sync_fifo.gl0.wr/gwss.wsts/s_aclk
    SLICE_X37Y36         FDPE                                         r  design_1_i/axi_interconnect_0/s02_couplers/auto_us_df/inst/gen_upsizer.gen_full_upsizer.axi_upsizer_inst/USE_WRITE.gen_pktfifo_w_upsizer.pktfifo_write_data_inst/dw_fifogen_aw/inst_fifo_gen/gaxi_full_lite.gwrite_ch.gwach2.axi_wach/grf.rf/gntv_or_sync_fifo.gl0.wr/gwss.wsts/ram_full_i_reg/C
                         clock pessimism             -0.281     0.909    
    SLICE_X37Y36         FDPE (Remov_fdpe_C_PRE)     -0.148     0.761    design_1_i/axi_interconnect_0/s02_couplers/auto_us_df/inst/gen_upsizer.gen_full_upsizer.axi_upsizer_inst/USE_WRITE.gen_pktfifo_w_upsizer.pktfifo_write_data_inst/dw_fifogen_aw/inst_fifo_gen/gaxi_full_lite.gwrite_ch.gwach2.axi_wach/grf.rf/gntv_or_sync_fifo.gl0.wr/gwss.wsts/ram_full_i_reg
  -------------------------------------------------------------------
                         required time                         -0.761    
                         arrival time                           1.254    
  -------------------------------------------------------------------
                         slack                                  0.493    

Slack (MET) :             0.498ns  (arrival time - required time)
  Source:                 design_1_i/axi_interconnect_0/s02_couplers/auto_us_df/inst/gen_upsizer.gen_full_upsizer.axi_upsizer_inst/USE_WRITE.gen_pktfifo_w_upsizer.pktfifo_write_data_inst/dw_fifogen_aw/inst_fifo_gen/gaxi_full_lite.gwrite_ch.gwach2.axi_wach/grf.rf/rstblk/ngwrdrst.grst.g7serrst.gnsckt_wrst.rst_wr_reg2_inst/arststages_ff_reg[1]/C
                            (rising edge-triggered cell FDPE clocked by clk_fpga_0  {rise@0.000ns fall@5.000ns period=10.000ns})
  Destination:            design_1_i/axi_interconnect_0/s02_couplers/auto_us_df/inst/gen_upsizer.gen_full_upsizer.axi_upsizer_inst/USE_WRITE.gen_pktfifo_w_upsizer.pktfifo_write_data_inst/dw_fifogen_aw/inst_fifo_gen/gaxi_full_lite.gwrite_ch.gwach2.axi_wach/grf.rf/rstblk/grstd1.grst_full.grst_f.rst_d1_reg/PRE
                            (removal check against rising-edge clock clk_fpga_0  {rise@0.000ns fall@5.000ns period=10.000ns})
  Path Group:             **async_default**
  Path Type:              Removal (Min at Fast Process Corner)
  Requirement:            0.000ns  (clk_fpga_0 rise@0.000ns - clk_fpga_0 rise@0.000ns)
  Data Path Delay:        0.405ns  (logic 0.128ns (31.607%)  route 0.277ns (68.392%))
  Logic Levels:           0  
  Clock Path Skew:        0.032ns (DCD - SCD - CPR)
    Destination Clock Delay (DCD):    1.186ns
    Source Clock Delay      (SCD):    0.891ns
    Clock Pessimism Removal (CPR):    0.263ns

    Location             Delay type                Incr(ns)  Path(ns)    Netlist Resource(s)
  -------------------------------------------------------------------    -------------------
                         (clock clk_fpga_0 rise edge)
                                                      0.000     0.000 r  
    PS7_X0Y0             PS7                          0.000     0.000 r  design_1_i/processing_system7_0/inst/PS7_i/FCLKCLK[0]
                         net (fo=1, routed)           0.310     0.310    design_1_i/processing_system7_0/inst/FCLK_CLK_unbuffered[0]
    BUFGCTRL_X0Y16       BUFG (Prop_bufg_I_O)         0.026     0.336 r  design_1_i/processing_system7_0/inst/buffer_fclk_clk_0.FCLK_CLK_0_BUFG/O
                         net (fo=8817, routed)        0.555     0.891    design_1_i/axi_interconnect_0/s02_couplers/auto_us_df/inst/gen_upsizer.gen_full_upsizer.axi_upsizer_inst/USE_WRITE.gen_pktfifo_w_upsizer.pktfifo_write_data_inst/dw_fifogen_aw/inst_fifo_gen/gaxi_full_lite.gwrite_ch.gwach2.axi_wach/grf.rf/rstblk/ngwrdrst.grst.g7serrst.gnsckt_wrst.rst_wr_reg2_inst/dest_clk
    SLICE_X40Y31         FDPE                                         r  design_1_i/axi_interconnect_0/s02_couplers/auto_us_df/inst/gen_upsizer.gen_full_upsizer.axi_upsizer_inst/USE_WRITE.gen_pktfifo_w_upsizer.pktfifo_write_data_inst/dw_fifogen_aw/inst_fifo_gen/gaxi_full_lite.gwrite_ch.gwach2.axi_wach/grf.rf/rstblk/ngwrdrst.grst.g7serrst.gnsckt_wrst.rst_wr_reg2_inst/arststages_ff_reg[1]/C
  -------------------------------------------------------------------    -------------------
    SLICE_X40Y31         FDPE (Prop_fdpe_C_Q)         0.128     1.019 f  design_1_i/axi_interconnect_0/s02_couplers/auto_us_df/inst/gen_upsizer.gen_full_upsizer.axi_upsizer_inst/USE_WRITE.gen_pktfifo_w_upsizer.pktfifo_write_data_inst/dw_fifogen_aw/inst_fifo_gen/gaxi_full_lite.gwrite_ch.gwach2.axi_wach/grf.rf/rstblk/ngwrdrst.grst.g7serrst.gnsckt_wrst.rst_wr_reg2_inst/arststages_ff_reg[1]/Q
                         net (fo=7, routed)           0.277     1.295    design_1_i/axi_interconnect_0/s02_couplers/auto_us_df/inst/gen_upsizer.gen_full_upsizer.axi_upsizer_inst/USE_WRITE.gen_pktfifo_w_upsizer.pktfifo_write_data_inst/dw_fifogen_aw/inst_fifo_gen/gaxi_full_lite.gwrite_ch.gwach2.axi_wach/grf.rf/rstblk/ngwrdrst.rst_wr_reg2
    SLICE_X38Y31         FDPE                                         f  design_1_i/axi_interconnect_0/s02_couplers/auto_us_df/inst/gen_upsizer.gen_full_upsizer.axi_upsizer_inst/USE_WRITE.gen_pktfifo_w_upsizer.pktfifo_write_data_inst/dw_fifogen_aw/inst_fifo_gen/gaxi_full_lite.gwrite_ch.gwach2.axi_wach/grf.rf/rstblk/grstd1.grst_full.grst_f.rst_d1_reg/PRE
  -------------------------------------------------------------------    -------------------

                         (clock clk_fpga_0 rise edge)
                                                      0.000     0.000 r  
    PS7_X0Y0             PS7                          0.000     0.000 r  design_1_i/processing_system7_0/inst/PS7_i/FCLKCLK[0]
                         net (fo=1, routed)           0.337     0.337    design_1_i/processing_system7_0/inst/FCLK_CLK_unbuffered[0]
    BUFGCTRL_X0Y16       BUFG (Prop_bufg_I_O)         0.029     0.366 r  design_1_i/processing_system7_0/inst/buffer_fclk_clk_0.FCLK_CLK_0_BUFG/O
                         net (fo=8817, routed)        0.820     1.186    design_1_i/axi_interconnect_0/s02_couplers/auto_us_df/inst/gen_upsizer.gen_full_upsizer.axi_upsizer_inst/USE_WRITE.gen_pktfifo_w_upsizer.pktfifo_write_data_inst/dw_fifogen_aw/inst_fifo_gen/gaxi_full_lite.gwrite_ch.gwach2.axi_wach/grf.rf/rstblk/s_aclk
    SLICE_X38Y31         FDPE                                         r  design_1_i/axi_interconnect_0/s02_couplers/auto_us_df/inst/gen_upsizer.gen_full_upsizer.axi_upsizer_inst/USE_WRITE.gen_pktfifo_w_upsizer.pktfifo_write_data_inst/dw_fifogen_aw/inst_fifo_gen/gaxi_full_lite.gwrite_ch.gwach2.axi_wach/grf.rf/rstblk/grstd1.grst_full.grst_f.rst_d1_reg/C
                         clock pessimism             -0.263     0.923    
    SLICE_X38Y31         FDPE (Remov_fdpe_C_PRE)     -0.125     0.798    design_1_i/axi_interconnect_0/s02_couplers/auto_us_df/inst/gen_upsizer.gen_full_upsizer.axi_upsizer_inst/USE_WRITE.gen_pktfifo_w_upsizer.pktfifo_write_data_inst/dw_fifogen_aw/inst_fifo_gen/gaxi_full_lite.gwrite_ch.gwach2.axi_wach/grf.rf/rstblk/grstd1.grst_full.grst_f.rst_d1_reg
  -------------------------------------------------------------------
                         required time                         -0.797    
                         arrival time                           1.295    
  -------------------------------------------------------------------
                         slack                                  0.498    





--------------------------------------------------------------------------------------
Path Group:  (none)
From Clock:  
  To Clock:  clk_fpga_0

Max Delay             1 Endpoint
Min Delay             1 Endpoint
--------------------------------------------------------------------------------------


Max Delay Paths
--------------------------------------------------------------------------------------
Slack:                    inf
  Source:                 design_1_i/processing_system7_0/inst/PS7_i/FCLKRESETN[0]
                            (internal pin)
  Destination:            design_1_i/rst_ps7_0_50M/U0/EXT_LPF/ACTIVE_LOW_EXT.ACT_LO_EXT/GENERATE_LEVEL_P_S_CDC.SINGLE_BIT.CROSS_PLEVEL_IN2SCNDRY_IN_cdc_to/D
                            (rising edge-triggered cell FDRE clocked by clk_fpga_0  {rise@0.000ns fall@5.000ns period=10.000ns})
  Path Group:             (none)
  Path Type:              Setup (Max at Slow Process Corner)
  Data Path Delay:        4.400ns  (logic 0.124ns (2.818%)  route 4.276ns (97.182%))
  Logic Levels:           1  (LUT1=1)
  Clock Uncertainty:      0.152ns  ((TSJ^2 + TIJ^2)^1/2 + DJ) / 2 + PE
    Total System Jitter     (TSJ):    0.050ns
    Total Input Jitter      (TIJ):    0.300ns
    Discrete Jitter          (DJ):    0.000ns
    Phase Error              (PE):    0.000ns
  Timing Exception:       False Path

    Location             Delay type                Incr(ns)  Path(ns)    Netlist Resource(s)
  -------------------------------------------------------------------    -------------------
    PS7_X0Y0             PS7                          0.000     0.000 f  design_1_i/processing_system7_0/inst/PS7_i/FCLKRESETN[0]
                         net (fo=1, routed)           3.552     3.552    design_1_i/rst_ps7_0_50M/U0/EXT_LPF/ACTIVE_LOW_EXT.ACT_LO_EXT/ext_reset_in
    SLICE_X14Y28         LUT1 (Prop_lut1_I0_O)        0.124     3.676 r  design_1_i/rst_ps7_0_50M/U0/EXT_LPF/ACTIVE_LOW_EXT.ACT_LO_EXT/GENERATE_LEVEL_P_S_CDC.SINGLE_BIT.CROSS_PLEVEL_IN2SCNDRY_IN_cdc_to_i_1/O
                         net (fo=1, routed)           0.724     4.400    design_1_i/rst_ps7_0_50M/U0/EXT_LPF/ACTIVE_LOW_EXT.ACT_LO_EXT/exr_d1
    SLICE_X7Y26          FDRE                                         r  design_1_i/rst_ps7_0_50M/U0/EXT_LPF/ACTIVE_LOW_EXT.ACT_LO_EXT/GENERATE_LEVEL_P_S_CDC.SINGLE_BIT.CROSS_PLEVEL_IN2SCNDRY_IN_cdc_to/D
  -------------------------------------------------------------------    -------------------

                         (clock clk_fpga_0 rise edge)
                                                      0.000     0.000 r  
    PS7_X0Y0             PS7                          0.000     0.000 r  design_1_i/processing_system7_0/inst/PS7_i/FCLKCLK[0]
                         net (fo=1, routed)           1.088     1.088    design_1_i/processing_system7_0/inst/FCLK_CLK_unbuffered[0]
    BUFGCTRL_X0Y16       BUFG (Prop_bufg_I_O)         0.091     1.179 r  design_1_i/processing_system7_0/inst/buffer_fclk_clk_0.FCLK_CLK_0_BUFG/O
                         net (fo=8817, routed)        1.643     2.822    design_1_i/rst_ps7_0_50M/U0/EXT_LPF/ACTIVE_LOW_EXT.ACT_LO_EXT/slowest_sync_clk
    SLICE_X7Y26          FDRE                                         r  design_1_i/rst_ps7_0_50M/U0/EXT_LPF/ACTIVE_LOW_EXT.ACT_LO_EXT/GENERATE_LEVEL_P_S_CDC.SINGLE_BIT.CROSS_PLEVEL_IN2SCNDRY_IN_cdc_to/C





Min Delay Paths
--------------------------------------------------------------------------------------
Slack:                    inf
  Source:                 design_1_i/processing_system7_0/inst/PS7_i/FCLKRESETN[0]
                            (internal pin)
  Destination:            design_1_i/rst_ps7_0_50M/U0/EXT_LPF/ACTIVE_LOW_EXT.ACT_LO_EXT/GENERATE_LEVEL_P_S_CDC.SINGLE_BIT.CROSS_PLEVEL_IN2SCNDRY_IN_cdc_to/D
                            (rising edge-triggered cell FDRE clocked by clk_fpga_0  {rise@0.000ns fall@5.000ns period=10.000ns})
  Path Group:             (none)
  Path Type:              Hold (Min at Fast Process Corner)
  Data Path Delay:        1.850ns  (logic 0.045ns (2.432%)  route 1.805ns (97.568%))
  Logic Levels:           1  (LUT1=1)
  Clock Uncertainty:      0.152ns  ((TSJ^2 + TIJ^2)^1/2 + DJ) / 2 + PE
    Total System Jitter     (TSJ):    0.050ns
    Total Input Jitter      (TIJ):    0.300ns
    Discrete Jitter          (DJ):    0.000ns
    Phase Error              (PE):    0.000ns
  Timing Exception:       False Path

    Location             Delay type                Incr(ns)  Path(ns)    Netlist Resource(s)
  -------------------------------------------------------------------    -------------------
    PS7_X0Y0             PS7                          0.000     0.000 f  design_1_i/processing_system7_0/inst/PS7_i/FCLKRESETN[0]
                         net (fo=1, routed)           1.487     1.487    design_1_i/rst_ps7_0_50M/U0/EXT_LPF/ACTIVE_LOW_EXT.ACT_LO_EXT/ext_reset_in
    SLICE_X14Y28         LUT1 (Prop_lut1_I0_O)        0.045     1.532 r  design_1_i/rst_ps7_0_50M/U0/EXT_LPF/ACTIVE_LOW_EXT.ACT_LO_EXT/GENERATE_LEVEL_P_S_CDC.SINGLE_BIT.CROSS_PLEVEL_IN2SCNDRY_IN_cdc_to_i_1/O
                         net (fo=1, routed)           0.318     1.850    design_1_i/rst_ps7_0_50M/U0/EXT_LPF/ACTIVE_LOW_EXT.ACT_LO_EXT/exr_d1
    SLICE_X7Y26          FDRE                                         r  design_1_i/rst_ps7_0_50M/U0/EXT_LPF/ACTIVE_LOW_EXT.ACT_LO_EXT/GENERATE_LEVEL_P_S_CDC.SINGLE_BIT.CROSS_PLEVEL_IN2SCNDRY_IN_cdc_to/D
  -------------------------------------------------------------------    -------------------

                         (clock clk_fpga_0 rise edge)
                                                      0.000     0.000 r  
    PS7_X0Y0             PS7                          0.000     0.000 r  design_1_i/processing_system7_0/inst/PS7_i/FCLKCLK[0]
                         net (fo=1, routed)           0.337     0.337    design_1_i/processing_system7_0/inst/FCLK_CLK_unbuffered[0]
    BUFGCTRL_X0Y16       BUFG (Prop_bufg_I_O)         0.029     0.366 r  design_1_i/processing_system7_0/inst/buffer_fclk_clk_0.FCLK_CLK_0_BUFG/O
                         net (fo=8817, routed)        0.879     1.245    design_1_i/rst_ps7_0_50M/U0/EXT_LPF/ACTIVE_LOW_EXT.ACT_LO_EXT/slowest_sync_clk
    SLICE_X7Y26          FDRE                                         r  design_1_i/rst_ps7_0_50M/U0/EXT_LPF/ACTIVE_LOW_EXT.ACT_LO_EXT/GENERATE_LEVEL_P_S_CDC.SINGLE_BIT.CROSS_PLEVEL_IN2SCNDRY_IN_cdc_to/C





--------------------------------------------------------------------------------------
Path Group:  (none)
From Clock:  clk_fpga_0
  To Clock:  clk_fpga_0

Max Delay            12 Endpoints
Min Delay            12 Endpoints
--------------------------------------------------------------------------------------


Max Delay Paths
--------------------------------------------------------------------------------------
Slack:                    inf
  Source:                 design_1_i/rst_ps7_0_50M/U0/ACTIVE_LOW_PR_OUT_DFF[0].FDRE_PER_N/C
                            (rising edge-triggered cell FDRE clocked by clk_fpga_0  {rise@0.000ns fall@5.000ns period=10.000ns})
  Destination:            design_1_i/axi_interconnect_0/s01_couplers/auto_us_df/inst/gen_upsizer.gen_full_upsizer.axi_upsizer_inst/USE_WRITE.gen_pktfifo_w_upsizer.pktfifo_write_data_inst/dw_fifogen_aw/inst_fifo_gen/gaxi_full_lite.gwrite_ch.gwach2.axi_wach/grf.rf/rstblk/ngwrdrst.grst.g7serrst.gnsckt_wrst.rst_wr_reg2_inst/arststages_ff_reg[0]/PRE
                            (recovery check against rising-edge clock clk_fpga_0  {rise@0.000ns fall@5.000ns period=10.000ns})
  Path Group:             (none)
  Path Type:              Recovery (Max at Slow Process Corner)
  Data Path Delay:        6.039ns  (logic 0.642ns (10.631%)  route 5.397ns (89.369%))
  Logic Levels:           1  (LUT1=1)
  Clock Path Skew:        -0.363ns (DCD - SCD + CPR)
    Destination Clock Delay (DCD):    2.668ns
    Source Clock Delay      (SCD):    3.031ns
    Clock Pessimism Removal (CPR):    0.000ns
  Clock Uncertainty:      0.154ns  ((TSJ^2 + TIJ^2)^1/2 + DJ) / 2 + PE
    Total System Jitter     (TSJ):    0.071ns
    Total Input Jitter      (TIJ):    0.300ns
    Discrete Jitter          (DJ):    0.000ns
    Phase Error              (PE):    0.000ns
  Timing Exception:       False Path

    Location             Delay type                Incr(ns)  Path(ns)    Netlist Resource(s)
  -------------------------------------------------------------------    -------------------
                         (clock clk_fpga_0 rise edge)
                                                      0.000     0.000 r  
    PS7_X0Y0             PS7                          0.000     0.000 r  design_1_i/processing_system7_0/inst/PS7_i/FCLKCLK[0]
                         net (fo=1, routed)           1.193     1.193    design_1_i/processing_system7_0/inst/FCLK_CLK_unbuffered[0]
    BUFGCTRL_X0Y16       BUFG (Prop_bufg_I_O)         0.101     1.294 r  design_1_i/processing_system7_0/inst/buffer_fclk_clk_0.FCLK_CLK_0_BUFG/O
                         net (fo=8817, routed)        1.737     3.031    design_1_i/rst_ps7_0_50M/U0/slowest_sync_clk
    SLICE_X10Y24         FDRE                                         r  design_1_i/rst_ps7_0_50M/U0/ACTIVE_LOW_PR_OUT_DFF[0].FDRE_PER_N/C
  -------------------------------------------------------------------    -------------------
    SLICE_X10Y24         FDRE (Prop_fdre_C_Q)         0.518     3.549 r  design_1_i/rst_ps7_0_50M/U0/ACTIVE_LOW_PR_OUT_DFF[0].FDRE_PER_N/Q
                         net (fo=86, routed)          4.728     8.277    design_1_i/axi_interconnect_0/s01_couplers/auto_us_df/inst/gen_upsizer.gen_full_upsizer.axi_upsizer_inst/USE_WRITE.gen_pktfifo_w_upsizer.pktfifo_write_data_inst/dw_fifogen_aw/inst_fifo_gen/s_aresetn
    SLICE_X40Y31         LUT1 (Prop_lut1_I0_O)        0.124     8.401 f  design_1_i/axi_interconnect_0/s01_couplers/auto_us_df/inst/gen_upsizer.gen_full_upsizer.axi_upsizer_inst/USE_WRITE.gen_pktfifo_w_upsizer.pktfifo_write_data_inst/dw_fifogen_aw/inst_fifo_gen/inverted_reset/O
                         net (fo=2, routed)           0.669     9.070    design_1_i/axi_interconnect_0/s01_couplers/auto_us_df/inst/gen_upsizer.gen_full_upsizer.axi_upsizer_inst/USE_WRITE.gen_pktfifo_w_upsizer.pktfifo_write_data_inst/dw_fifogen_aw/inst_fifo_gen/gaxi_full_lite.gwrite_ch.gwach2.axi_wach/grf.rf/rstblk/ngwrdrst.grst.g7serrst.gnsckt_wrst.rst_wr_reg2_inst/src_arst
    SLICE_X40Y34         FDPE                                         f  design_1_i/axi_interconnect_0/s01_couplers/auto_us_df/inst/gen_upsizer.gen_full_upsizer.axi_upsizer_inst/USE_WRITE.gen_pktfifo_w_upsizer.pktfifo_write_data_inst/dw_fifogen_aw/inst_fifo_gen/gaxi_full_lite.gwrite_ch.gwach2.axi_wach/grf.rf/rstblk/ngwrdrst.grst.g7serrst.gnsckt_wrst.rst_wr_reg2_inst/arststages_ff_reg[0]/PRE
  -------------------------------------------------------------------    -------------------

                         (clock clk_fpga_0 rise edge)
                                                      0.000     0.000 r  
    PS7_X0Y0             PS7                          0.000     0.000 r  design_1_i/processing_system7_0/inst/PS7_i/FCLKCLK[0]
                         net (fo=1, routed)           1.088     1.088    design_1_i/processing_system7_0/inst/FCLK_CLK_unbuffered[0]
    BUFGCTRL_X0Y16       BUFG (Prop_bufg_I_O)         0.091     1.179 r  design_1_i/processing_system7_0/inst/buffer_fclk_clk_0.FCLK_CLK_0_BUFG/O
                         net (fo=8817, routed)        1.489     2.668    design_1_i/axi_interconnect_0/s01_couplers/auto_us_df/inst/gen_upsizer.gen_full_upsizer.axi_upsizer_inst/USE_WRITE.gen_pktfifo_w_upsizer.pktfifo_write_data_inst/dw_fifogen_aw/inst_fifo_gen/gaxi_full_lite.gwrite_ch.gwach2.axi_wach/grf.rf/rstblk/ngwrdrst.grst.g7serrst.gnsckt_wrst.rst_wr_reg2_inst/dest_clk
    SLICE_X40Y34         FDPE                                         r  design_1_i/axi_interconnect_0/s01_couplers/auto_us_df/inst/gen_upsizer.gen_full_upsizer.axi_upsizer_inst/USE_WRITE.gen_pktfifo_w_upsizer.pktfifo_write_data_inst/dw_fifogen_aw/inst_fifo_gen/gaxi_full_lite.gwrite_ch.gwach2.axi_wach/grf.rf/rstblk/ngwrdrst.grst.g7serrst.gnsckt_wrst.rst_wr_reg2_inst/arststages_ff_reg[0]/C

Slack:                    inf
  Source:                 design_1_i/rst_ps7_0_50M/U0/ACTIVE_LOW_PR_OUT_DFF[0].FDRE_PER_N/C
                            (rising edge-triggered cell FDRE clocked by clk_fpga_0  {rise@0.000ns fall@5.000ns period=10.000ns})
  Destination:            design_1_i/axi_interconnect_0/s01_couplers/auto_us_df/inst/gen_upsizer.gen_full_upsizer.axi_upsizer_inst/USE_WRITE.gen_pktfifo_w_upsizer.pktfifo_write_data_inst/dw_fifogen_aw/inst_fifo_gen/gaxi_full_lite.gwrite_ch.gwach2.axi_wach/grf.rf/rstblk/ngwrdrst.grst.g7serrst.gnsckt_wrst.rst_wr_reg2_inst/arststages_ff_reg[1]/PRE
                            (recovery check against rising-edge clock clk_fpga_0  {rise@0.000ns fall@5.000ns period=10.000ns})
  Path Group:             (none)
  Path Type:              Recovery (Max at Slow Process Corner)
  Data Path Delay:        6.039ns  (logic 0.642ns (10.631%)  route 5.397ns (89.369%))
  Logic Levels:           1  (LUT1=1)
  Clock Path Skew:        -0.363ns (DCD - SCD + CPR)
    Destination Clock Delay (DCD):    2.668ns
    Source Clock Delay      (SCD):    3.031ns
    Clock Pessimism Removal (CPR):    0.000ns
  Clock Uncertainty:      0.154ns  ((TSJ^2 + TIJ^2)^1/2 + DJ) / 2 + PE
    Total System Jitter     (TSJ):    0.071ns
    Total Input Jitter      (TIJ):    0.300ns
    Discrete Jitter          (DJ):    0.000ns
    Phase Error              (PE):    0.000ns
  Timing Exception:       False Path

    Location             Delay type                Incr(ns)  Path(ns)    Netlist Resource(s)
  -------------------------------------------------------------------    -------------------
                         (clock clk_fpga_0 rise edge)
                                                      0.000     0.000 r  
    PS7_X0Y0             PS7                          0.000     0.000 r  design_1_i/processing_system7_0/inst/PS7_i/FCLKCLK[0]
                         net (fo=1, routed)           1.193     1.193    design_1_i/processing_system7_0/inst/FCLK_CLK_unbuffered[0]
    BUFGCTRL_X0Y16       BUFG (Prop_bufg_I_O)         0.101     1.294 r  design_1_i/processing_system7_0/inst/buffer_fclk_clk_0.FCLK_CLK_0_BUFG/O
                         net (fo=8817, routed)        1.737     3.031    design_1_i/rst_ps7_0_50M/U0/slowest_sync_clk
    SLICE_X10Y24         FDRE                                         r  design_1_i/rst_ps7_0_50M/U0/ACTIVE_LOW_PR_OUT_DFF[0].FDRE_PER_N/C
  -------------------------------------------------------------------    -------------------
    SLICE_X10Y24         FDRE (Prop_fdre_C_Q)         0.518     3.549 r  design_1_i/rst_ps7_0_50M/U0/ACTIVE_LOW_PR_OUT_DFF[0].FDRE_PER_N/Q
                         net (fo=86, routed)          4.728     8.277    design_1_i/axi_interconnect_0/s01_couplers/auto_us_df/inst/gen_upsizer.gen_full_upsizer.axi_upsizer_inst/USE_WRITE.gen_pktfifo_w_upsizer.pktfifo_write_data_inst/dw_fifogen_aw/inst_fifo_gen/s_aresetn
    SLICE_X40Y31         LUT1 (Prop_lut1_I0_O)        0.124     8.401 f  design_1_i/axi_interconnect_0/s01_couplers/auto_us_df/inst/gen_upsizer.gen_full_upsizer.axi_upsizer_inst/USE_WRITE.gen_pktfifo_w_upsizer.pktfifo_write_data_inst/dw_fifogen_aw/inst_fifo_gen/inverted_reset/O
                         net (fo=2, routed)           0.669     9.070    design_1_i/axi_interconnect_0/s01_couplers/auto_us_df/inst/gen_upsizer.gen_full_upsizer.axi_upsizer_inst/USE_WRITE.gen_pktfifo_w_upsizer.pktfifo_write_data_inst/dw_fifogen_aw/inst_fifo_gen/gaxi_full_lite.gwrite_ch.gwach2.axi_wach/grf.rf/rstblk/ngwrdrst.grst.g7serrst.gnsckt_wrst.rst_wr_reg2_inst/src_arst
    SLICE_X40Y34         FDPE                                         f  design_1_i/axi_interconnect_0/s01_couplers/auto_us_df/inst/gen_upsizer.gen_full_upsizer.axi_upsizer_inst/USE_WRITE.gen_pktfifo_w_upsizer.pktfifo_write_data_inst/dw_fifogen_aw/inst_fifo_gen/gaxi_full_lite.gwrite_ch.gwach2.axi_wach/grf.rf/rstblk/ngwrdrst.grst.g7serrst.gnsckt_wrst.rst_wr_reg2_inst/arststages_ff_reg[1]/PRE
  -------------------------------------------------------------------    -------------------

                         (clock clk_fpga_0 rise edge)
                                                      0.000     0.000 r  
    PS7_X0Y0             PS7                          0.000     0.000 r  design_1_i/processing_system7_0/inst/PS7_i/FCLKCLK[0]
                         net (fo=1, routed)           1.088     1.088    design_1_i/processing_system7_0/inst/FCLK_CLK_unbuffered[0]
    BUFGCTRL_X0Y16       BUFG (Prop_bufg_I_O)         0.091     1.179 r  design_1_i/processing_system7_0/inst/buffer_fclk_clk_0.FCLK_CLK_0_BUFG/O
                         net (fo=8817, routed)        1.489     2.668    design_1_i/axi_interconnect_0/s01_couplers/auto_us_df/inst/gen_upsizer.gen_full_upsizer.axi_upsizer_inst/USE_WRITE.gen_pktfifo_w_upsizer.pktfifo_write_data_inst/dw_fifogen_aw/inst_fifo_gen/gaxi_full_lite.gwrite_ch.gwach2.axi_wach/grf.rf/rstblk/ngwrdrst.grst.g7serrst.gnsckt_wrst.rst_wr_reg2_inst/dest_clk
    SLICE_X40Y34         FDPE                                         r  design_1_i/axi_interconnect_0/s01_couplers/auto_us_df/inst/gen_upsizer.gen_full_upsizer.axi_upsizer_inst/USE_WRITE.gen_pktfifo_w_upsizer.pktfifo_write_data_inst/dw_fifogen_aw/inst_fifo_gen/gaxi_full_lite.gwrite_ch.gwach2.axi_wach/grf.rf/rstblk/ngwrdrst.grst.g7serrst.gnsckt_wrst.rst_wr_reg2_inst/arststages_ff_reg[1]/C

Slack:                    inf
  Source:                 design_1_i/rst_ps7_0_50M/U0/ACTIVE_LOW_PR_OUT_DFF[0].FDRE_PER_N/C
                            (rising edge-triggered cell FDRE clocked by clk_fpga_0  {rise@0.000ns fall@5.000ns period=10.000ns})
  Destination:            design_1_i/axi_interconnect_0/s02_couplers/auto_us_df/inst/gen_upsizer.gen_full_upsizer.axi_upsizer_inst/USE_WRITE.gen_pktfifo_w_upsizer.pktfifo_write_data_inst/dw_fifogen_aw/inst_fifo_gen/gaxi_full_lite.gwrite_ch.gwach2.axi_wach/grf.rf/rstblk/ngwrdrst.grst.g7serrst.gnsckt_wrst.rst_wr_reg2_inst/arststages_ff_reg[0]/PRE
                            (recovery check against rising-edge clock clk_fpga_0  {rise@0.000ns fall@5.000ns period=10.000ns})
  Path Group:             (none)
  Path Type:              Recovery (Max at Slow Process Corner)
  Data Path Delay:        5.941ns  (logic 0.670ns (11.278%)  route 5.271ns (88.722%))
  Logic Levels:           1  (LUT1=1)
  Clock Path Skew:        -0.367ns (DCD - SCD + CPR)
    Destination Clock Delay (DCD):    2.664ns
    Source Clock Delay      (SCD):    3.031ns
    Clock Pessimism Removal (CPR):    0.000ns
  Clock Uncertainty:      0.154ns  ((TSJ^2 + TIJ^2)^1/2 + DJ) / 2 + PE
    Total System Jitter     (TSJ):    0.071ns
    Total Input Jitter      (TIJ):    0.300ns
    Discrete Jitter          (DJ):    0.000ns
    Phase Error              (PE):    0.000ns
  Timing Exception:       False Path

    Location             Delay type                Incr(ns)  Path(ns)    Netlist Resource(s)
  -------------------------------------------------------------------    -------------------
                         (clock clk_fpga_0 rise edge)
                                                      0.000     0.000 r  
    PS7_X0Y0             PS7                          0.000     0.000 r  design_1_i/processing_system7_0/inst/PS7_i/FCLKCLK[0]
                         net (fo=1, routed)           1.193     1.193    design_1_i/processing_system7_0/inst/FCLK_CLK_unbuffered[0]
    BUFGCTRL_X0Y16       BUFG (Prop_bufg_I_O)         0.101     1.294 r  design_1_i/processing_system7_0/inst/buffer_fclk_clk_0.FCLK_CLK_0_BUFG/O
                         net (fo=8817, routed)        1.737     3.031    design_1_i/rst_ps7_0_50M/U0/slowest_sync_clk
    SLICE_X10Y24         FDRE                                         r  design_1_i/rst_ps7_0_50M/U0/ACTIVE_LOW_PR_OUT_DFF[0].FDRE_PER_N/C
  -------------------------------------------------------------------    -------------------
    SLICE_X10Y24         FDRE (Prop_fdre_C_Q)         0.518     3.549 r  design_1_i/rst_ps7_0_50M/U0/ACTIVE_LOW_PR_OUT_DFF[0].FDRE_PER_N/Q
                         net (fo=86, routed)          4.728     8.277    design_1_i/axi_interconnect_0/s02_couplers/auto_us_df/inst/gen_upsizer.gen_full_upsizer.axi_upsizer_inst/USE_WRITE.gen_pktfifo_w_upsizer.pktfifo_write_data_inst/dw_fifogen_aw/inst_fifo_gen/s_aresetn
    SLICE_X40Y31         LUT1 (Prop_lut1_I0_O)        0.152     8.429 f  design_1_i/axi_interconnect_0/s02_couplers/auto_us_df/inst/gen_upsizer.gen_full_upsizer.axi_upsizer_inst/USE_WRITE.gen_pktfifo_w_upsizer.pktfifo_write_data_inst/dw_fifogen_aw/inst_fifo_gen/inverted_reset/O
                         net (fo=2, routed)           0.542     8.972    design_1_i/axi_interconnect_0/s02_couplers/auto_us_df/inst/gen_upsizer.gen_full_upsizer.axi_upsizer_inst/USE_WRITE.gen_pktfifo_w_upsizer.pktfifo_write_data_inst/dw_fifogen_aw/inst_fifo_gen/gaxi_full_lite.gwrite_ch.gwach2.axi_wach/grf.rf/rstblk/ngwrdrst.grst.g7serrst.gnsckt_wrst.rst_wr_reg2_inst/src_arst
    SLICE_X40Y31         FDPE                                         f  design_1_i/axi_interconnect_0/s02_couplers/auto_us_df/inst/gen_upsizer.gen_full_upsizer.axi_upsizer_inst/USE_WRITE.gen_pktfifo_w_upsizer.pktfifo_write_data_inst/dw_fifogen_aw/inst_fifo_gen/gaxi_full_lite.gwrite_ch.gwach2.axi_wach/grf.rf/rstblk/ngwrdrst.grst.g7serrst.gnsckt_wrst.rst_wr_reg2_inst/arststages_ff_reg[0]/PRE
  -------------------------------------------------------------------    -------------------

                         (clock clk_fpga_0 rise edge)
                                                      0.000     0.000 r  
    PS7_X0Y0             PS7                          0.000     0.000 r  design_1_i/processing_system7_0/inst/PS7_i/FCLKCLK[0]
                         net (fo=1, routed)           1.088     1.088    design_1_i/processing_system7_0/inst/FCLK_CLK_unbuffered[0]
    BUFGCTRL_X0Y16       BUFG (Prop_bufg_I_O)         0.091     1.179 r  design_1_i/processing_system7_0/inst/buffer_fclk_clk_0.FCLK_CLK_0_BUFG/O
                         net (fo=8817, routed)        1.485     2.664    design_1_i/axi_interconnect_0/s02_couplers/auto_us_df/inst/gen_upsizer.gen_full_upsizer.axi_upsizer_inst/USE_WRITE.gen_pktfifo_w_upsizer.pktfifo_write_data_inst/dw_fifogen_aw/inst_fifo_gen/gaxi_full_lite.gwrite_ch.gwach2.axi_wach/grf.rf/rstblk/ngwrdrst.grst.g7serrst.gnsckt_wrst.rst_wr_reg2_inst/dest_clk
    SLICE_X40Y31         FDPE                                         r  design_1_i/axi_interconnect_0/s02_couplers/auto_us_df/inst/gen_upsizer.gen_full_upsizer.axi_upsizer_inst/USE_WRITE.gen_pktfifo_w_upsizer.pktfifo_write_data_inst/dw_fifogen_aw/inst_fifo_gen/gaxi_full_lite.gwrite_ch.gwach2.axi_wach/grf.rf/rstblk/ngwrdrst.grst.g7serrst.gnsckt_wrst.rst_wr_reg2_inst/arststages_ff_reg[0]/C

Slack:                    inf
  Source:                 design_1_i/rst_ps7_0_50M/U0/ACTIVE_LOW_PR_OUT_DFF[0].FDRE_PER_N/C
                            (rising edge-triggered cell FDRE clocked by clk_fpga_0  {rise@0.000ns fall@5.000ns period=10.000ns})
  Destination:            design_1_i/axi_interconnect_0/s02_couplers/auto_us_df/inst/gen_upsizer.gen_full_upsizer.axi_upsizer_inst/USE_WRITE.gen_pktfifo_w_upsizer.pktfifo_write_data_inst/dw_fifogen_aw/inst_fifo_gen/gaxi_full_lite.gwrite_ch.gwach2.axi_wach/grf.rf/rstblk/ngwrdrst.grst.g7serrst.gnsckt_wrst.rst_wr_reg2_inst/arststages_ff_reg[1]/PRE
                            (recovery check against rising-edge clock clk_fpga_0  {rise@0.000ns fall@5.000ns period=10.000ns})
  Path Group:             (none)
  Path Type:              Recovery (Max at Slow Process Corner)
  Data Path Delay:        5.941ns  (logic 0.670ns (11.278%)  route 5.271ns (88.722%))
  Logic Levels:           1  (LUT1=1)
  Clock Path Skew:        -0.367ns (DCD - SCD + CPR)
    Destination Clock Delay (DCD):    2.664ns
    Source Clock Delay      (SCD):    3.031ns
    Clock Pessimism Removal (CPR):    0.000ns
  Clock Uncertainty:      0.154ns  ((TSJ^2 + TIJ^2)^1/2 + DJ) / 2 + PE
    Total System Jitter     (TSJ):    0.071ns
    Total Input Jitter      (TIJ):    0.300ns
    Discrete Jitter          (DJ):    0.000ns
    Phase Error              (PE):    0.000ns
  Timing Exception:       False Path

    Location             Delay type                Incr(ns)  Path(ns)    Netlist Resource(s)
  -------------------------------------------------------------------    -------------------
                         (clock clk_fpga_0 rise edge)
                                                      0.000     0.000 r  
    PS7_X0Y0             PS7                          0.000     0.000 r  design_1_i/processing_system7_0/inst/PS7_i/FCLKCLK[0]
                         net (fo=1, routed)           1.193     1.193    design_1_i/processing_system7_0/inst/FCLK_CLK_unbuffered[0]
    BUFGCTRL_X0Y16       BUFG (Prop_bufg_I_O)         0.101     1.294 r  design_1_i/processing_system7_0/inst/buffer_fclk_clk_0.FCLK_CLK_0_BUFG/O
                         net (fo=8817, routed)        1.737     3.031    design_1_i/rst_ps7_0_50M/U0/slowest_sync_clk
    SLICE_X10Y24         FDRE                                         r  design_1_i/rst_ps7_0_50M/U0/ACTIVE_LOW_PR_OUT_DFF[0].FDRE_PER_N/C
  -------------------------------------------------------------------    -------------------
    SLICE_X10Y24         FDRE (Prop_fdre_C_Q)         0.518     3.549 r  design_1_i/rst_ps7_0_50M/U0/ACTIVE_LOW_PR_OUT_DFF[0].FDRE_PER_N/Q
                         net (fo=86, routed)          4.728     8.277    design_1_i/axi_interconnect_0/s02_couplers/auto_us_df/inst/gen_upsizer.gen_full_upsizer.axi_upsizer_inst/USE_WRITE.gen_pktfifo_w_upsizer.pktfifo_write_data_inst/dw_fifogen_aw/inst_fifo_gen/s_aresetn
    SLICE_X40Y31         LUT1 (Prop_lut1_I0_O)        0.152     8.429 f  design_1_i/axi_interconnect_0/s02_couplers/auto_us_df/inst/gen_upsizer.gen_full_upsizer.axi_upsizer_inst/USE_WRITE.gen_pktfifo_w_upsizer.pktfifo_write_data_inst/dw_fifogen_aw/inst_fifo_gen/inverted_reset/O
                         net (fo=2, routed)           0.542     8.972    design_1_i/axi_interconnect_0/s02_couplers/auto_us_df/inst/gen_upsizer.gen_full_upsizer.axi_upsizer_inst/USE_WRITE.gen_pktfifo_w_upsizer.pktfifo_write_data_inst/dw_fifogen_aw/inst_fifo_gen/gaxi_full_lite.gwrite_ch.gwach2.axi_wach/grf.rf/rstblk/ngwrdrst.grst.g7serrst.gnsckt_wrst.rst_wr_reg2_inst/src_arst
    SLICE_X40Y31         FDPE                                         f  design_1_i/axi_interconnect_0/s02_couplers/auto_us_df/inst/gen_upsizer.gen_full_upsizer.axi_upsizer_inst/USE_WRITE.gen_pktfifo_w_upsizer.pktfifo_write_data_inst/dw_fifogen_aw/inst_fifo_gen/gaxi_full_lite.gwrite_ch.gwach2.axi_wach/grf.rf/rstblk/ngwrdrst.grst.g7serrst.gnsckt_wrst.rst_wr_reg2_inst/arststages_ff_reg[1]/PRE
  -------------------------------------------------------------------    -------------------

                         (clock clk_fpga_0 rise edge)
                                                      0.000     0.000 r  
    PS7_X0Y0             PS7                          0.000     0.000 r  design_1_i/processing_system7_0/inst/PS7_i/FCLKCLK[0]
                         net (fo=1, routed)           1.088     1.088    design_1_i/processing_system7_0/inst/FCLK_CLK_unbuffered[0]
    BUFGCTRL_X0Y16       BUFG (Prop_bufg_I_O)         0.091     1.179 r  design_1_i/processing_system7_0/inst/buffer_fclk_clk_0.FCLK_CLK_0_BUFG/O
                         net (fo=8817, routed)        1.485     2.664    design_1_i/axi_interconnect_0/s02_couplers/auto_us_df/inst/gen_upsizer.gen_full_upsizer.axi_upsizer_inst/USE_WRITE.gen_pktfifo_w_upsizer.pktfifo_write_data_inst/dw_fifogen_aw/inst_fifo_gen/gaxi_full_lite.gwrite_ch.gwach2.axi_wach/grf.rf/rstblk/ngwrdrst.grst.g7serrst.gnsckt_wrst.rst_wr_reg2_inst/dest_clk
    SLICE_X40Y31         FDPE                                         r  design_1_i/axi_interconnect_0/s02_couplers/auto_us_df/inst/gen_upsizer.gen_full_upsizer.axi_upsizer_inst/USE_WRITE.gen_pktfifo_w_upsizer.pktfifo_write_data_inst/dw_fifogen_aw/inst_fifo_gen/gaxi_full_lite.gwrite_ch.gwach2.axi_wach/grf.rf/rstblk/ngwrdrst.grst.g7serrst.gnsckt_wrst.rst_wr_reg2_inst/arststages_ff_reg[1]/C

Slack:                    inf
  Source:                 design_1_i/rst_ps7_0_50M/U0/ACTIVE_LOW_PR_OUT_DFF[0].FDRE_PER_N/C
                            (rising edge-triggered cell FDRE clocked by clk_fpga_0  {rise@0.000ns fall@5.000ns period=10.000ns})
  Destination:            design_1_i/axi_interconnect_0/m00_couplers/auto_pc/inst/gen_axi4_axi3.axi3_conv_inst/USE_READ.USE_SPLIT_R.read_addr_inst/USE_R_CHANNEL.cmd_queue/inst/fifo_gen_inst/inst_fifo_gen/gconvfifo.rf/grf.rf/rstblk/ngwrdrst.grst.g7serrst.gnsckt_wrst.rst_wr_reg2_inst/arststages_ff_reg[0]/PRE
                            (recovery check against rising-edge clock clk_fpga_0  {rise@0.000ns fall@5.000ns period=10.000ns})
  Path Group:             (none)
  Path Type:              Recovery (Max at Slow Process Corner)
  Data Path Delay:        5.773ns  (logic 0.670ns (11.606%)  route 5.103ns (88.394%))
  Logic Levels:           1  (LUT1=1)
  Clock Path Skew:        -0.194ns (DCD - SCD + CPR)
    Destination Clock Delay (DCD):    2.837ns
    Source Clock Delay      (SCD):    3.031ns
    Clock Pessimism Removal (CPR):    0.000ns
  Clock Uncertainty:      0.154ns  ((TSJ^2 + TIJ^2)^1/2 + DJ) / 2 + PE
    Total System Jitter     (TSJ):    0.071ns
    Total Input Jitter      (TIJ):    0.300ns
    Discrete Jitter          (DJ):    0.000ns
    Phase Error              (PE):    0.000ns
  Timing Exception:       False Path

    Location             Delay type                Incr(ns)  Path(ns)    Netlist Resource(s)
  -------------------------------------------------------------------    -------------------
                         (clock clk_fpga_0 rise edge)
                                                      0.000     0.000 r  
    PS7_X0Y0             PS7                          0.000     0.000 r  design_1_i/processing_system7_0/inst/PS7_i/FCLKCLK[0]
                         net (fo=1, routed)           1.193     1.193    design_1_i/processing_system7_0/inst/FCLK_CLK_unbuffered[0]
    BUFGCTRL_X0Y16       BUFG (Prop_bufg_I_O)         0.101     1.294 r  design_1_i/processing_system7_0/inst/buffer_fclk_clk_0.FCLK_CLK_0_BUFG/O
                         net (fo=8817, routed)        1.737     3.031    design_1_i/rst_ps7_0_50M/U0/slowest_sync_clk
    SLICE_X10Y24         FDRE                                         r  design_1_i/rst_ps7_0_50M/U0/ACTIVE_LOW_PR_OUT_DFF[0].FDRE_PER_N/C
  -------------------------------------------------------------------    -------------------
    SLICE_X10Y24         FDRE (Prop_fdre_C_Q)         0.518     3.549 r  design_1_i/rst_ps7_0_50M/U0/ACTIVE_LOW_PR_OUT_DFF[0].FDRE_PER_N/Q
                         net (fo=86, routed)          3.478     7.027    design_1_i/axi_interconnect_0/m00_couplers/auto_pc/inst/gen_axi4_axi3.axi3_conv_inst/USE_WRITE.write_addr_inst/USE_BURSTS.cmd_queue/inst/aresetn
    SLICE_X20Y42         LUT1 (Prop_lut1_I0_O)        0.152     7.179 f  design_1_i/axi_interconnect_0/m00_couplers/auto_pc/inst/gen_axi4_axi3.axi3_conv_inst/USE_WRITE.write_addr_inst/USE_BURSTS.cmd_queue/inst/S_AXI_AREADY_I_i_1/O
                         net (fo=288, routed)         1.625     8.804    design_1_i/axi_interconnect_0/m00_couplers/auto_pc/inst/gen_axi4_axi3.axi3_conv_inst/USE_READ.USE_SPLIT_R.read_addr_inst/USE_R_CHANNEL.cmd_queue/inst/fifo_gen_inst/inst_fifo_gen/gconvfifo.rf/grf.rf/rstblk/ngwrdrst.grst.g7serrst.gnsckt_wrst.rst_wr_reg2_inst/src_arst
    SLICE_X4Y43          FDPE                                         f  design_1_i/axi_interconnect_0/m00_couplers/auto_pc/inst/gen_axi4_axi3.axi3_conv_inst/USE_READ.USE_SPLIT_R.read_addr_inst/USE_R_CHANNEL.cmd_queue/inst/fifo_gen_inst/inst_fifo_gen/gconvfifo.rf/grf.rf/rstblk/ngwrdrst.grst.g7serrst.gnsckt_wrst.rst_wr_reg2_inst/arststages_ff_reg[0]/PRE
  -------------------------------------------------------------------    -------------------

                         (clock clk_fpga_0 rise edge)
                                                      0.000     0.000 r  
    PS7_X0Y0             PS7                          0.000     0.000 r  design_1_i/processing_system7_0/inst/PS7_i/FCLKCLK[0]
                         net (fo=1, routed)           1.088     1.088    design_1_i/processing_system7_0/inst/FCLK_CLK_unbuffered[0]
    BUFGCTRL_X0Y16       BUFG (Prop_bufg_I_O)         0.091     1.179 r  design_1_i/processing_system7_0/inst/buffer_fclk_clk_0.FCLK_CLK_0_BUFG/O
                         net (fo=8817, routed)        1.658     2.837    design_1_i/axi_interconnect_0/m00_couplers/auto_pc/inst/gen_axi4_axi3.axi3_conv_inst/USE_READ.USE_SPLIT_R.read_addr_inst/USE_R_CHANNEL.cmd_queue/inst/fifo_gen_inst/inst_fifo_gen/gconvfifo.rf/grf.rf/rstblk/ngwrdrst.grst.g7serrst.gnsckt_wrst.rst_wr_reg2_inst/dest_clk
    SLICE_X4Y43          FDPE                                         r  design_1_i/axi_interconnect_0/m00_couplers/auto_pc/inst/gen_axi4_axi3.axi3_conv_inst/USE_READ.USE_SPLIT_R.read_addr_inst/USE_R_CHANNEL.cmd_queue/inst/fifo_gen_inst/inst_fifo_gen/gconvfifo.rf/grf.rf/rstblk/ngwrdrst.grst.g7serrst.gnsckt_wrst.rst_wr_reg2_inst/arststages_ff_reg[0]/C

Slack:                    inf
  Source:                 design_1_i/rst_ps7_0_50M/U0/ACTIVE_LOW_PR_OUT_DFF[0].FDRE_PER_N/C
                            (rising edge-triggered cell FDRE clocked by clk_fpga_0  {rise@0.000ns fall@5.000ns period=10.000ns})
  Destination:            design_1_i/axi_interconnect_0/m00_couplers/auto_pc/inst/gen_axi4_axi3.axi3_conv_inst/USE_READ.USE_SPLIT_R.read_addr_inst/USE_R_CHANNEL.cmd_queue/inst/fifo_gen_inst/inst_fifo_gen/gconvfifo.rf/grf.rf/rstblk/ngwrdrst.grst.g7serrst.gnsckt_wrst.rst_wr_reg2_inst/arststages_ff_reg[1]/PRE
                            (recovery check against rising-edge clock clk_fpga_0  {rise@0.000ns fall@5.000ns period=10.000ns})
  Path Group:             (none)
  Path Type:              Recovery (Max at Slow Process Corner)
  Data Path Delay:        5.773ns  (logic 0.670ns (11.606%)  route 5.103ns (88.394%))
  Logic Levels:           1  (LUT1=1)
  Clock Path Skew:        -0.194ns (DCD - SCD + CPR)
    Destination Clock Delay (DCD):    2.837ns
    Source Clock Delay      (SCD):    3.031ns
    Clock Pessimism Removal (CPR):    0.000ns
  Clock Uncertainty:      0.154ns  ((TSJ^2 + TIJ^2)^1/2 + DJ) / 2 + PE
    Total System Jitter     (TSJ):    0.071ns
    Total Input Jitter      (TIJ):    0.300ns
    Discrete Jitter          (DJ):    0.000ns
    Phase Error              (PE):    0.000ns
  Timing Exception:       False Path

    Location             Delay type                Incr(ns)  Path(ns)    Netlist Resource(s)
  -------------------------------------------------------------------    -------------------
                         (clock clk_fpga_0 rise edge)
                                                      0.000     0.000 r  
    PS7_X0Y0             PS7                          0.000     0.000 r  design_1_i/processing_system7_0/inst/PS7_i/FCLKCLK[0]
                         net (fo=1, routed)           1.193     1.193    design_1_i/processing_system7_0/inst/FCLK_CLK_unbuffered[0]
    BUFGCTRL_X0Y16       BUFG (Prop_bufg_I_O)         0.101     1.294 r  design_1_i/processing_system7_0/inst/buffer_fclk_clk_0.FCLK_CLK_0_BUFG/O
                         net (fo=8817, routed)        1.737     3.031    design_1_i/rst_ps7_0_50M/U0/slowest_sync_clk
    SLICE_X10Y24         FDRE                                         r  design_1_i/rst_ps7_0_50M/U0/ACTIVE_LOW_PR_OUT_DFF[0].FDRE_PER_N/C
  -------------------------------------------------------------------    -------------------
    SLICE_X10Y24         FDRE (Prop_fdre_C_Q)         0.518     3.549 r  design_1_i/rst_ps7_0_50M/U0/ACTIVE_LOW_PR_OUT_DFF[0].FDRE_PER_N/Q
                         net (fo=86, routed)          3.478     7.027    design_1_i/axi_interconnect_0/m00_couplers/auto_pc/inst/gen_axi4_axi3.axi3_conv_inst/USE_WRITE.write_addr_inst/USE_BURSTS.cmd_queue/inst/aresetn
    SLICE_X20Y42         LUT1 (Prop_lut1_I0_O)        0.152     7.179 f  design_1_i/axi_interconnect_0/m00_couplers/auto_pc/inst/gen_axi4_axi3.axi3_conv_inst/USE_WRITE.write_addr_inst/USE_BURSTS.cmd_queue/inst/S_AXI_AREADY_I_i_1/O
                         net (fo=288, routed)         1.625     8.804    design_1_i/axi_interconnect_0/m00_couplers/auto_pc/inst/gen_axi4_axi3.axi3_conv_inst/USE_READ.USE_SPLIT_R.read_addr_inst/USE_R_CHANNEL.cmd_queue/inst/fifo_gen_inst/inst_fifo_gen/gconvfifo.rf/grf.rf/rstblk/ngwrdrst.grst.g7serrst.gnsckt_wrst.rst_wr_reg2_inst/src_arst
    SLICE_X4Y43          FDPE                                         f  design_1_i/axi_interconnect_0/m00_couplers/auto_pc/inst/gen_axi4_axi3.axi3_conv_inst/USE_READ.USE_SPLIT_R.read_addr_inst/USE_R_CHANNEL.cmd_queue/inst/fifo_gen_inst/inst_fifo_gen/gconvfifo.rf/grf.rf/rstblk/ngwrdrst.grst.g7serrst.gnsckt_wrst.rst_wr_reg2_inst/arststages_ff_reg[1]/PRE
  -------------------------------------------------------------------    -------------------

                         (clock clk_fpga_0 rise edge)
                                                      0.000     0.000 r  
    PS7_X0Y0             PS7                          0.000     0.000 r  design_1_i/processing_system7_0/inst/PS7_i/FCLKCLK[0]
                         net (fo=1, routed)           1.088     1.088    design_1_i/processing_system7_0/inst/FCLK_CLK_unbuffered[0]
    BUFGCTRL_X0Y16       BUFG (Prop_bufg_I_O)         0.091     1.179 r  design_1_i/processing_system7_0/inst/buffer_fclk_clk_0.FCLK_CLK_0_BUFG/O
                         net (fo=8817, routed)        1.658     2.837    design_1_i/axi_interconnect_0/m00_couplers/auto_pc/inst/gen_axi4_axi3.axi3_conv_inst/USE_READ.USE_SPLIT_R.read_addr_inst/USE_R_CHANNEL.cmd_queue/inst/fifo_gen_inst/inst_fifo_gen/gconvfifo.rf/grf.rf/rstblk/ngwrdrst.grst.g7serrst.gnsckt_wrst.rst_wr_reg2_inst/dest_clk
    SLICE_X4Y43          FDPE                                         r  design_1_i/axi_interconnect_0/m00_couplers/auto_pc/inst/gen_axi4_axi3.axi3_conv_inst/USE_READ.USE_SPLIT_R.read_addr_inst/USE_R_CHANNEL.cmd_queue/inst/fifo_gen_inst/inst_fifo_gen/gconvfifo.rf/grf.rf/rstblk/ngwrdrst.grst.g7serrst.gnsckt_wrst.rst_wr_reg2_inst/arststages_ff_reg[1]/C

Slack:                    inf
  Source:                 design_1_i/rst_ps7_0_50M/U0/ACTIVE_LOW_PR_OUT_DFF[0].FDRE_PER_N/C
                            (rising edge-triggered cell FDRE clocked by clk_fpga_0  {rise@0.000ns fall@5.000ns period=10.000ns})
  Destination:            design_1_i/axi_interconnect_0/m00_couplers/auto_pc/inst/gen_axi4_axi3.axi3_conv_inst/USE_WRITE.write_addr_inst/USE_B_CHANNEL.cmd_b_queue/inst/fifo_gen_inst/inst_fifo_gen/gconvfifo.rf/grf.rf/rstblk/ngwrdrst.grst.g7serrst.gnsckt_wrst.rst_wr_reg2_inst/arststages_ff_reg[0]/PRE
                            (recovery check against rising-edge clock clk_fpga_0  {rise@0.000ns fall@5.000ns period=10.000ns})
  Path Group:             (none)
  Path Type:              Recovery (Max at Slow Process Corner)
  Data Path Delay:        5.705ns  (logic 0.670ns (11.744%)  route 5.035ns (88.256%))
  Logic Levels:           1  (LUT1=1)
  Clock Path Skew:        -0.281ns (DCD - SCD + CPR)
    Destination Clock Delay (DCD):    2.750ns
    Source Clock Delay      (SCD):    3.031ns
    Clock Pessimism Removal (CPR):    0.000ns
  Clock Uncertainty:      0.154ns  ((TSJ^2 + TIJ^2)^1/2 + DJ) / 2 + PE
    Total System Jitter     (TSJ):    0.071ns
    Total Input Jitter      (TIJ):    0.300ns
    Discrete Jitter          (DJ):    0.000ns
    Phase Error              (PE):    0.000ns
  Timing Exception:       False Path

    Location             Delay type                Incr(ns)  Path(ns)    Netlist Resource(s)
  -------------------------------------------------------------------    -------------------
                         (clock clk_fpga_0 rise edge)
                                                      0.000     0.000 r  
    PS7_X0Y0             PS7                          0.000     0.000 r  design_1_i/processing_system7_0/inst/PS7_i/FCLKCLK[0]
                         net (fo=1, routed)           1.193     1.193    design_1_i/processing_system7_0/inst/FCLK_CLK_unbuffered[0]
    BUFGCTRL_X0Y16       BUFG (Prop_bufg_I_O)         0.101     1.294 r  design_1_i/processing_system7_0/inst/buffer_fclk_clk_0.FCLK_CLK_0_BUFG/O
                         net (fo=8817, routed)        1.737     3.031    design_1_i/rst_ps7_0_50M/U0/slowest_sync_clk
    SLICE_X10Y24         FDRE                                         r  design_1_i/rst_ps7_0_50M/U0/ACTIVE_LOW_PR_OUT_DFF[0].FDRE_PER_N/C
  -------------------------------------------------------------------    -------------------
    SLICE_X10Y24         FDRE (Prop_fdre_C_Q)         0.518     3.549 r  design_1_i/rst_ps7_0_50M/U0/ACTIVE_LOW_PR_OUT_DFF[0].FDRE_PER_N/Q
                         net (fo=86, routed)          3.478     7.027    design_1_i/axi_interconnect_0/m00_couplers/auto_pc/inst/gen_axi4_axi3.axi3_conv_inst/USE_WRITE.write_addr_inst/USE_BURSTS.cmd_queue/inst/aresetn
    SLICE_X20Y42         LUT1 (Prop_lut1_I0_O)        0.152     7.179 f  design_1_i/axi_interconnect_0/m00_couplers/auto_pc/inst/gen_axi4_axi3.axi3_conv_inst/USE_WRITE.write_addr_inst/USE_BURSTS.cmd_queue/inst/S_AXI_AREADY_I_i_1/O
                         net (fo=288, routed)         1.557     8.736    design_1_i/axi_interconnect_0/m00_couplers/auto_pc/inst/gen_axi4_axi3.axi3_conv_inst/USE_WRITE.write_addr_inst/USE_B_CHANNEL.cmd_b_queue/inst/fifo_gen_inst/inst_fifo_gen/gconvfifo.rf/grf.rf/rstblk/ngwrdrst.grst.g7serrst.gnsckt_wrst.rst_wr_reg2_inst/src_arst
    SLICE_X29Y44         FDPE                                         f  design_1_i/axi_interconnect_0/m00_couplers/auto_pc/inst/gen_axi4_axi3.axi3_conv_inst/USE_WRITE.write_addr_inst/USE_B_CHANNEL.cmd_b_queue/inst/fifo_gen_inst/inst_fifo_gen/gconvfifo.rf/grf.rf/rstblk/ngwrdrst.grst.g7serrst.gnsckt_wrst.rst_wr_reg2_inst/arststages_ff_reg[0]/PRE
  -------------------------------------------------------------------    -------------------

                         (clock clk_fpga_0 rise edge)
                                                      0.000     0.000 r  
    PS7_X0Y0             PS7                          0.000     0.000 r  design_1_i/processing_system7_0/inst/PS7_i/FCLKCLK[0]
                         net (fo=1, routed)           1.088     1.088    design_1_i/processing_system7_0/inst/FCLK_CLK_unbuffered[0]
    BUFGCTRL_X0Y16       BUFG (Prop_bufg_I_O)         0.091     1.179 r  design_1_i/processing_system7_0/inst/buffer_fclk_clk_0.FCLK_CLK_0_BUFG/O
                         net (fo=8817, routed)        1.571     2.750    design_1_i/axi_interconnect_0/m00_couplers/auto_pc/inst/gen_axi4_axi3.axi3_conv_inst/USE_WRITE.write_addr_inst/USE_B_CHANNEL.cmd_b_queue/inst/fifo_gen_inst/inst_fifo_gen/gconvfifo.rf/grf.rf/rstblk/ngwrdrst.grst.g7serrst.gnsckt_wrst.rst_wr_reg2_inst/dest_clk
    SLICE_X29Y44         FDPE                                         r  design_1_i/axi_interconnect_0/m00_couplers/auto_pc/inst/gen_axi4_axi3.axi3_conv_inst/USE_WRITE.write_addr_inst/USE_B_CHANNEL.cmd_b_queue/inst/fifo_gen_inst/inst_fifo_gen/gconvfifo.rf/grf.rf/rstblk/ngwrdrst.grst.g7serrst.gnsckt_wrst.rst_wr_reg2_inst/arststages_ff_reg[0]/C

Slack:                    inf
  Source:                 design_1_i/rst_ps7_0_50M/U0/ACTIVE_LOW_PR_OUT_DFF[0].FDRE_PER_N/C
                            (rising edge-triggered cell FDRE clocked by clk_fpga_0  {rise@0.000ns fall@5.000ns period=10.000ns})
  Destination:            design_1_i/axi_interconnect_0/m00_couplers/auto_pc/inst/gen_axi4_axi3.axi3_conv_inst/USE_WRITE.write_addr_inst/USE_B_CHANNEL.cmd_b_queue/inst/fifo_gen_inst/inst_fifo_gen/gconvfifo.rf/grf.rf/rstblk/ngwrdrst.grst.g7serrst.gnsckt_wrst.rst_wr_reg2_inst/arststages_ff_reg[1]/PRE
                            (recovery check against rising-edge clock clk_fpga_0  {rise@0.000ns fall@5.000ns period=10.000ns})
  Path Group:             (none)
  Path Type:              Recovery (Max at Slow Process Corner)
  Data Path Delay:        5.705ns  (logic 0.670ns (11.744%)  route 5.035ns (88.256%))
  Logic Levels:           1  (LUT1=1)
  Clock Path Skew:        -0.281ns (DCD - SCD + CPR)
    Destination Clock Delay (DCD):    2.750ns
    Source Clock Delay      (SCD):    3.031ns
    Clock Pessimism Removal (CPR):    0.000ns
  Clock Uncertainty:      0.154ns  ((TSJ^2 + TIJ^2)^1/2 + DJ) / 2 + PE
    Total System Jitter     (TSJ):    0.071ns
    Total Input Jitter      (TIJ):    0.300ns
    Discrete Jitter          (DJ):    0.000ns
    Phase Error              (PE):    0.000ns
  Timing Exception:       False Path

    Location             Delay type                Incr(ns)  Path(ns)    Netlist Resource(s)
  -------------------------------------------------------------------    -------------------
                         (clock clk_fpga_0 rise edge)
                                                      0.000     0.000 r  
    PS7_X0Y0             PS7                          0.000     0.000 r  design_1_i/processing_system7_0/inst/PS7_i/FCLKCLK[0]
                         net (fo=1, routed)           1.193     1.193    design_1_i/processing_system7_0/inst/FCLK_CLK_unbuffered[0]
    BUFGCTRL_X0Y16       BUFG (Prop_bufg_I_O)         0.101     1.294 r  design_1_i/processing_system7_0/inst/buffer_fclk_clk_0.FCLK_CLK_0_BUFG/O
                         net (fo=8817, routed)        1.737     3.031    design_1_i/rst_ps7_0_50M/U0/slowest_sync_clk
    SLICE_X10Y24         FDRE                                         r  design_1_i/rst_ps7_0_50M/U0/ACTIVE_LOW_PR_OUT_DFF[0].FDRE_PER_N/C
  -------------------------------------------------------------------    -------------------
    SLICE_X10Y24         FDRE (Prop_fdre_C_Q)         0.518     3.549 r  design_1_i/rst_ps7_0_50M/U0/ACTIVE_LOW_PR_OUT_DFF[0].FDRE_PER_N/Q
                         net (fo=86, routed)          3.478     7.027    design_1_i/axi_interconnect_0/m00_couplers/auto_pc/inst/gen_axi4_axi3.axi3_conv_inst/USE_WRITE.write_addr_inst/USE_BURSTS.cmd_queue/inst/aresetn
    SLICE_X20Y42         LUT1 (Prop_lut1_I0_O)        0.152     7.179 f  design_1_i/axi_interconnect_0/m00_couplers/auto_pc/inst/gen_axi4_axi3.axi3_conv_inst/USE_WRITE.write_addr_inst/USE_BURSTS.cmd_queue/inst/S_AXI_AREADY_I_i_1/O
                         net (fo=288, routed)         1.557     8.736    design_1_i/axi_interconnect_0/m00_couplers/auto_pc/inst/gen_axi4_axi3.axi3_conv_inst/USE_WRITE.write_addr_inst/USE_B_CHANNEL.cmd_b_queue/inst/fifo_gen_inst/inst_fifo_gen/gconvfifo.rf/grf.rf/rstblk/ngwrdrst.grst.g7serrst.gnsckt_wrst.rst_wr_reg2_inst/src_arst
    SLICE_X29Y44         FDPE                                         f  design_1_i/axi_interconnect_0/m00_couplers/auto_pc/inst/gen_axi4_axi3.axi3_conv_inst/USE_WRITE.write_addr_inst/USE_B_CHANNEL.cmd_b_queue/inst/fifo_gen_inst/inst_fifo_gen/gconvfifo.rf/grf.rf/rstblk/ngwrdrst.grst.g7serrst.gnsckt_wrst.rst_wr_reg2_inst/arststages_ff_reg[1]/PRE
  -------------------------------------------------------------------    -------------------

                         (clock clk_fpga_0 rise edge)
                                                      0.000     0.000 r  
    PS7_X0Y0             PS7                          0.000     0.000 r  design_1_i/processing_system7_0/inst/PS7_i/FCLKCLK[0]
                         net (fo=1, routed)           1.088     1.088    design_1_i/processing_system7_0/inst/FCLK_CLK_unbuffered[0]
    BUFGCTRL_X0Y16       BUFG (Prop_bufg_I_O)         0.091     1.179 r  design_1_i/processing_system7_0/inst/buffer_fclk_clk_0.FCLK_CLK_0_BUFG/O
                         net (fo=8817, routed)        1.571     2.750    design_1_i/axi_interconnect_0/m00_couplers/auto_pc/inst/gen_axi4_axi3.axi3_conv_inst/USE_WRITE.write_addr_inst/USE_B_CHANNEL.cmd_b_queue/inst/fifo_gen_inst/inst_fifo_gen/gconvfifo.rf/grf.rf/rstblk/ngwrdrst.grst.g7serrst.gnsckt_wrst.rst_wr_reg2_inst/dest_clk
    SLICE_X29Y44         FDPE                                         r  design_1_i/axi_interconnect_0/m00_couplers/auto_pc/inst/gen_axi4_axi3.axi3_conv_inst/USE_WRITE.write_addr_inst/USE_B_CHANNEL.cmd_b_queue/inst/fifo_gen_inst/inst_fifo_gen/gconvfifo.rf/grf.rf/rstblk/ngwrdrst.grst.g7serrst.gnsckt_wrst.rst_wr_reg2_inst/arststages_ff_reg[1]/C

Slack:                    inf
  Source:                 design_1_i/rst_ps7_0_50M/U0/ACTIVE_LOW_PR_OUT_DFF[0].FDRE_PER_N/C
                            (rising edge-triggered cell FDRE clocked by clk_fpga_0  {rise@0.000ns fall@5.000ns period=10.000ns})
  Destination:            design_1_i/axi_interconnect_0/m00_couplers/auto_pc/inst/gen_axi4_axi3.axi3_conv_inst/USE_WRITE.write_addr_inst/USE_BURSTS.cmd_queue/inst/fifo_gen_inst/inst_fifo_gen/gconvfifo.rf/grf.rf/rstblk/ngwrdrst.grst.g7serrst.gnsckt_wrst.rst_wr_reg2_inst/arststages_ff_reg[0]/PRE
                            (recovery check against rising-edge clock clk_fpga_0  {rise@0.000ns fall@5.000ns period=10.000ns})
  Path Group:             (none)
  Path Type:              Recovery (Max at Slow Process Corner)
  Data Path Delay:        5.657ns  (logic 0.670ns (11.844%)  route 4.987ns (88.156%))
  Logic Levels:           1  (LUT1=1)
  Clock Path Skew:        -0.272ns (DCD - SCD + CPR)
    Destination Clock Delay (DCD):    2.759ns
    Source Clock Delay      (SCD):    3.031ns
    Clock Pessimism Removal (CPR):    0.000ns
  Clock Uncertainty:      0.154ns  ((TSJ^2 + TIJ^2)^1/2 + DJ) / 2 + PE
    Total System Jitter     (TSJ):    0.071ns
    Total Input Jitter      (TIJ):    0.300ns
    Discrete Jitter          (DJ):    0.000ns
    Phase Error              (PE):    0.000ns
  Timing Exception:       False Path

    Location             Delay type                Incr(ns)  Path(ns)    Netlist Resource(s)
  -------------------------------------------------------------------    -------------------
                         (clock clk_fpga_0 rise edge)
                                                      0.000     0.000 r  
    PS7_X0Y0             PS7                          0.000     0.000 r  design_1_i/processing_system7_0/inst/PS7_i/FCLKCLK[0]
                         net (fo=1, routed)           1.193     1.193    design_1_i/processing_system7_0/inst/FCLK_CLK_unbuffered[0]
    BUFGCTRL_X0Y16       BUFG (Prop_bufg_I_O)         0.101     1.294 r  design_1_i/processing_system7_0/inst/buffer_fclk_clk_0.FCLK_CLK_0_BUFG/O
                         net (fo=8817, routed)        1.737     3.031    design_1_i/rst_ps7_0_50M/U0/slowest_sync_clk
    SLICE_X10Y24         FDRE                                         r  design_1_i/rst_ps7_0_50M/U0/ACTIVE_LOW_PR_OUT_DFF[0].FDRE_PER_N/C
  -------------------------------------------------------------------    -------------------
    SLICE_X10Y24         FDRE (Prop_fdre_C_Q)         0.518     3.549 r  design_1_i/rst_ps7_0_50M/U0/ACTIVE_LOW_PR_OUT_DFF[0].FDRE_PER_N/Q
                         net (fo=86, routed)          3.478     7.027    design_1_i/axi_interconnect_0/m00_couplers/auto_pc/inst/gen_axi4_axi3.axi3_conv_inst/USE_WRITE.write_addr_inst/USE_BURSTS.cmd_queue/inst/aresetn
    SLICE_X20Y42         LUT1 (Prop_lut1_I0_O)        0.152     7.179 f  design_1_i/axi_interconnect_0/m00_couplers/auto_pc/inst/gen_axi4_axi3.axi3_conv_inst/USE_WRITE.write_addr_inst/USE_BURSTS.cmd_queue/inst/S_AXI_AREADY_I_i_1/O
                         net (fo=288, routed)         1.509     8.688    design_1_i/axi_interconnect_0/m00_couplers/auto_pc/inst/gen_axi4_axi3.axi3_conv_inst/USE_WRITE.write_addr_inst/USE_BURSTS.cmd_queue/inst/fifo_gen_inst/inst_fifo_gen/gconvfifo.rf/grf.rf/rstblk/ngwrdrst.grst.g7serrst.gnsckt_wrst.rst_wr_reg2_inst/src_arst
    SLICE_X15Y44         FDPE                                         f  design_1_i/axi_interconnect_0/m00_couplers/auto_pc/inst/gen_axi4_axi3.axi3_conv_inst/USE_WRITE.write_addr_inst/USE_BURSTS.cmd_queue/inst/fifo_gen_inst/inst_fifo_gen/gconvfifo.rf/grf.rf/rstblk/ngwrdrst.grst.g7serrst.gnsckt_wrst.rst_wr_reg2_inst/arststages_ff_reg[0]/PRE
  -------------------------------------------------------------------    -------------------

                         (clock clk_fpga_0 rise edge)
                                                      0.000     0.000 r  
    PS7_X0Y0             PS7                          0.000     0.000 r  design_1_i/processing_system7_0/inst/PS7_i/FCLKCLK[0]
                         net (fo=1, routed)           1.088     1.088    design_1_i/processing_system7_0/inst/FCLK_CLK_unbuffered[0]
    BUFGCTRL_X0Y16       BUFG (Prop_bufg_I_O)         0.091     1.179 r  design_1_i/processing_system7_0/inst/buffer_fclk_clk_0.FCLK_CLK_0_BUFG/O
                         net (fo=8817, routed)        1.580     2.759    design_1_i/axi_interconnect_0/m00_couplers/auto_pc/inst/gen_axi4_axi3.axi3_conv_inst/USE_WRITE.write_addr_inst/USE_BURSTS.cmd_queue/inst/fifo_gen_inst/inst_fifo_gen/gconvfifo.rf/grf.rf/rstblk/ngwrdrst.grst.g7serrst.gnsckt_wrst.rst_wr_reg2_inst/dest_clk
    SLICE_X15Y44         FDPE                                         r  design_1_i/axi_interconnect_0/m00_couplers/auto_pc/inst/gen_axi4_axi3.axi3_conv_inst/USE_WRITE.write_addr_inst/USE_BURSTS.cmd_queue/inst/fifo_gen_inst/inst_fifo_gen/gconvfifo.rf/grf.rf/rstblk/ngwrdrst.grst.g7serrst.gnsckt_wrst.rst_wr_reg2_inst/arststages_ff_reg[0]/C

Slack:                    inf
  Source:                 design_1_i/rst_ps7_0_50M/U0/ACTIVE_LOW_PR_OUT_DFF[0].FDRE_PER_N/C
                            (rising edge-triggered cell FDRE clocked by clk_fpga_0  {rise@0.000ns fall@5.000ns period=10.000ns})
  Destination:            design_1_i/axi_interconnect_0/m00_couplers/auto_pc/inst/gen_axi4_axi3.axi3_conv_inst/USE_WRITE.write_addr_inst/USE_BURSTS.cmd_queue/inst/fifo_gen_inst/inst_fifo_gen/gconvfifo.rf/grf.rf/rstblk/ngwrdrst.grst.g7serrst.gnsckt_wrst.rst_wr_reg2_inst/arststages_ff_reg[1]/PRE
                            (recovery check against rising-edge clock clk_fpga_0  {rise@0.000ns fall@5.000ns period=10.000ns})
  Path Group:             (none)
  Path Type:              Recovery (Max at Slow Process Corner)
  Data Path Delay:        5.657ns  (logic 0.670ns (11.844%)  route 4.987ns (88.156%))
  Logic Levels:           1  (LUT1=1)
  Clock Path Skew:        -0.272ns (DCD - SCD + CPR)
    Destination Clock Delay (DCD):    2.759ns
    Source Clock Delay      (SCD):    3.031ns
    Clock Pessimism Removal (CPR):    0.000ns
  Clock Uncertainty:      0.154ns  ((TSJ^2 + TIJ^2)^1/2 + DJ) / 2 + PE
    Total System Jitter     (TSJ):    0.071ns
    Total Input Jitter      (TIJ):    0.300ns
    Discrete Jitter          (DJ):    0.000ns
    Phase Error              (PE):    0.000ns
  Timing Exception:       False Path

    Location             Delay type                Incr(ns)  Path(ns)    Netlist Resource(s)
  -------------------------------------------------------------------    -------------------
                         (clock clk_fpga_0 rise edge)
                                                      0.000     0.000 r  
    PS7_X0Y0             PS7                          0.000     0.000 r  design_1_i/processing_system7_0/inst/PS7_i/FCLKCLK[0]
                         net (fo=1, routed)           1.193     1.193    design_1_i/processing_system7_0/inst/FCLK_CLK_unbuffered[0]
    BUFGCTRL_X0Y16       BUFG (Prop_bufg_I_O)         0.101     1.294 r  design_1_i/processing_system7_0/inst/buffer_fclk_clk_0.FCLK_CLK_0_BUFG/O
                         net (fo=8817, routed)        1.737     3.031    design_1_i/rst_ps7_0_50M/U0/slowest_sync_clk
    SLICE_X10Y24         FDRE                                         r  design_1_i/rst_ps7_0_50M/U0/ACTIVE_LOW_PR_OUT_DFF[0].FDRE_PER_N/C
  -------------------------------------------------------------------    -------------------
    SLICE_X10Y24         FDRE (Prop_fdre_C_Q)         0.518     3.549 r  design_1_i/rst_ps7_0_50M/U0/ACTIVE_LOW_PR_OUT_DFF[0].FDRE_PER_N/Q
                         net (fo=86, routed)          3.478     7.027    design_1_i/axi_interconnect_0/m00_couplers/auto_pc/inst/gen_axi4_axi3.axi3_conv_inst/USE_WRITE.write_addr_inst/USE_BURSTS.cmd_queue/inst/aresetn
    SLICE_X20Y42         LUT1 (Prop_lut1_I0_O)        0.152     7.179 f  design_1_i/axi_interconnect_0/m00_couplers/auto_pc/inst/gen_axi4_axi3.axi3_conv_inst/USE_WRITE.write_addr_inst/USE_BURSTS.cmd_queue/inst/S_AXI_AREADY_I_i_1/O
                         net (fo=288, routed)         1.509     8.688    design_1_i/axi_interconnect_0/m00_couplers/auto_pc/inst/gen_axi4_axi3.axi3_conv_inst/USE_WRITE.write_addr_inst/USE_BURSTS.cmd_queue/inst/fifo_gen_inst/inst_fifo_gen/gconvfifo.rf/grf.rf/rstblk/ngwrdrst.grst.g7serrst.gnsckt_wrst.rst_wr_reg2_inst/src_arst
    SLICE_X15Y44         FDPE                                         f  design_1_i/axi_interconnect_0/m00_couplers/auto_pc/inst/gen_axi4_axi3.axi3_conv_inst/USE_WRITE.write_addr_inst/USE_BURSTS.cmd_queue/inst/fifo_gen_inst/inst_fifo_gen/gconvfifo.rf/grf.rf/rstblk/ngwrdrst.grst.g7serrst.gnsckt_wrst.rst_wr_reg2_inst/arststages_ff_reg[1]/PRE
  -------------------------------------------------------------------    -------------------

                         (clock clk_fpga_0 rise edge)
                                                      0.000     0.000 r  
    PS7_X0Y0             PS7                          0.000     0.000 r  design_1_i/processing_system7_0/inst/PS7_i/FCLKCLK[0]
                         net (fo=1, routed)           1.088     1.088    design_1_i/processing_system7_0/inst/FCLK_CLK_unbuffered[0]
    BUFGCTRL_X0Y16       BUFG (Prop_bufg_I_O)         0.091     1.179 r  design_1_i/processing_system7_0/inst/buffer_fclk_clk_0.FCLK_CLK_0_BUFG/O
                         net (fo=8817, routed)        1.580     2.759    design_1_i/axi_interconnect_0/m00_couplers/auto_pc/inst/gen_axi4_axi3.axi3_conv_inst/USE_WRITE.write_addr_inst/USE_BURSTS.cmd_queue/inst/fifo_gen_inst/inst_fifo_gen/gconvfifo.rf/grf.rf/rstblk/ngwrdrst.grst.g7serrst.gnsckt_wrst.rst_wr_reg2_inst/dest_clk
    SLICE_X15Y44         FDPE                                         r  design_1_i/axi_interconnect_0/m00_couplers/auto_pc/inst/gen_axi4_axi3.axi3_conv_inst/USE_WRITE.write_addr_inst/USE_BURSTS.cmd_queue/inst/fifo_gen_inst/inst_fifo_gen/gconvfifo.rf/grf.rf/rstblk/ngwrdrst.grst.g7serrst.gnsckt_wrst.rst_wr_reg2_inst/arststages_ff_reg[1]/C





Min Delay Paths
--------------------------------------------------------------------------------------
Slack:                    inf
  Source:                 design_1_i/rst_ps7_0_50M/U0/ACTIVE_LOW_PR_OUT_DFF[0].FDRE_PER_N/C
                            (rising edge-triggered cell FDRE clocked by clk_fpga_0  {rise@0.000ns fall@5.000ns period=10.000ns})
  Destination:            design_1_i/axi_interconnect_0/s00_couplers/auto_us_df/inst/gen_upsizer.gen_full_upsizer.axi_upsizer_inst/USE_READ.gen_pktfifo_r_upsizer.pktfifo_read_data_inst/dw_fifogen_ar/inst_fifo_gen/gaxi_full_lite.gread_ch.grach2.axi_rach/grf.rf/rstblk/ngwrdrst.grst.g7serrst.gnsckt_wrst.rst_wr_reg2_inst/arststages_ff_reg[0]/PRE
                            (removal check against rising-edge clock clk_fpga_0  {rise@0.000ns fall@5.000ns period=10.000ns})
  Path Group:             (none)
  Path Type:              Removal (Min at Fast Process Corner)
  Data Path Delay:        0.951ns  (logic 0.209ns (21.988%)  route 0.742ns (78.012%))
  Logic Levels:           1  (LUT1=1)
  Clock Path Skew:        0.311ns (DCD - SCD - CPR)
    Destination Clock Delay (DCD):    1.230ns
    Source Clock Delay      (SCD):    0.919ns
    Clock Pessimism Removal (CPR):    -0.000ns
  Clock Uncertainty:      0.154ns  ((TSJ^2 + TIJ^2)^1/2 + DJ) / 2 + PE
    Total System Jitter     (TSJ):    0.071ns
    Total Input Jitter      (TIJ):    0.300ns
    Discrete Jitter          (DJ):    0.000ns
    Phase Error              (PE):    0.000ns
  Timing Exception:       False Path

    Location             Delay type                Incr(ns)  Path(ns)    Netlist Resource(s)
  -------------------------------------------------------------------    -------------------
                         (clock clk_fpga_0 rise edge)
                                                      0.000     0.000 r  
    PS7_X0Y0             PS7                          0.000     0.000 r  design_1_i/processing_system7_0/inst/PS7_i/FCLKCLK[0]
                         net (fo=1, routed)           0.310     0.310    design_1_i/processing_system7_0/inst/FCLK_CLK_unbuffered[0]
    BUFGCTRL_X0Y16       BUFG (Prop_bufg_I_O)         0.026     0.336 r  design_1_i/processing_system7_0/inst/buffer_fclk_clk_0.FCLK_CLK_0_BUFG/O
                         net (fo=8817, routed)        0.583     0.919    design_1_i/rst_ps7_0_50M/U0/slowest_sync_clk
    SLICE_X10Y24         FDRE                                         r  design_1_i/rst_ps7_0_50M/U0/ACTIVE_LOW_PR_OUT_DFF[0].FDRE_PER_N/C
  -------------------------------------------------------------------    -------------------
    SLICE_X10Y24         FDRE (Prop_fdre_C_Q)         0.164     1.082 r  design_1_i/rst_ps7_0_50M/U0/ACTIVE_LOW_PR_OUT_DFF[0].FDRE_PER_N/Q
                         net (fo=86, routed)          0.622     1.705    design_1_i/axi_interconnect_0/s00_couplers/auto_us_df/inst/gen_upsizer.gen_full_upsizer.axi_upsizer_inst/USE_READ.gen_pktfifo_r_upsizer.pktfifo_read_data_inst/dw_fifogen_ar/inst_fifo_gen/s_aresetn
    SLICE_X9Y40          LUT1 (Prop_lut1_I0_O)        0.045     1.750 f  design_1_i/axi_interconnect_0/s00_couplers/auto_us_df/inst/gen_upsizer.gen_full_upsizer.axi_upsizer_inst/USE_READ.gen_pktfifo_r_upsizer.pktfifo_read_data_inst/dw_fifogen_ar/inst_fifo_gen/inverted_reset/O
                         net (fo=2, routed)           0.119     1.869    design_1_i/axi_interconnect_0/s00_couplers/auto_us_df/inst/gen_upsizer.gen_full_upsizer.axi_upsizer_inst/USE_READ.gen_pktfifo_r_upsizer.pktfifo_read_data_inst/dw_fifogen_ar/inst_fifo_gen/gaxi_full_lite.gread_ch.grach2.axi_rach/grf.rf/rstblk/ngwrdrst.grst.g7serrst.gnsckt_wrst.rst_wr_reg2_inst/src_arst
    SLICE_X9Y40          FDPE                                         f  design_1_i/axi_interconnect_0/s00_couplers/auto_us_df/inst/gen_upsizer.gen_full_upsizer.axi_upsizer_inst/USE_READ.gen_pktfifo_r_upsizer.pktfifo_read_data_inst/dw_fifogen_ar/inst_fifo_gen/gaxi_full_lite.gread_ch.grach2.axi_rach/grf.rf/rstblk/ngwrdrst.grst.g7serrst.gnsckt_wrst.rst_wr_reg2_inst/arststages_ff_reg[0]/PRE
  -------------------------------------------------------------------    -------------------

                         (clock clk_fpga_0 rise edge)
                                                      0.000     0.000 r  
    PS7_X0Y0             PS7                          0.000     0.000 r  design_1_i/processing_system7_0/inst/PS7_i/FCLKCLK[0]
                         net (fo=1, routed)           0.337     0.337    design_1_i/processing_system7_0/inst/FCLK_CLK_unbuffered[0]
    BUFGCTRL_X0Y16       BUFG (Prop_bufg_I_O)         0.029     0.366 r  design_1_i/processing_system7_0/inst/buffer_fclk_clk_0.FCLK_CLK_0_BUFG/O
                         net (fo=8817, routed)        0.864     1.230    design_1_i/axi_interconnect_0/s00_couplers/auto_us_df/inst/gen_upsizer.gen_full_upsizer.axi_upsizer_inst/USE_READ.gen_pktfifo_r_upsizer.pktfifo_read_data_inst/dw_fifogen_ar/inst_fifo_gen/gaxi_full_lite.gread_ch.grach2.axi_rach/grf.rf/rstblk/ngwrdrst.grst.g7serrst.gnsckt_wrst.rst_wr_reg2_inst/dest_clk
    SLICE_X9Y40          FDPE                                         r  design_1_i/axi_interconnect_0/s00_couplers/auto_us_df/inst/gen_upsizer.gen_full_upsizer.axi_upsizer_inst/USE_READ.gen_pktfifo_r_upsizer.pktfifo_read_data_inst/dw_fifogen_ar/inst_fifo_gen/gaxi_full_lite.gread_ch.grach2.axi_rach/grf.rf/rstblk/ngwrdrst.grst.g7serrst.gnsckt_wrst.rst_wr_reg2_inst/arststages_ff_reg[0]/C

Slack:                    inf
  Source:                 design_1_i/rst_ps7_0_50M/U0/ACTIVE_LOW_PR_OUT_DFF[0].FDRE_PER_N/C
                            (rising edge-triggered cell FDRE clocked by clk_fpga_0  {rise@0.000ns fall@5.000ns period=10.000ns})
  Destination:            design_1_i/axi_interconnect_0/s00_couplers/auto_us_df/inst/gen_upsizer.gen_full_upsizer.axi_upsizer_inst/USE_READ.gen_pktfifo_r_upsizer.pktfifo_read_data_inst/dw_fifogen_ar/inst_fifo_gen/gaxi_full_lite.gread_ch.grach2.axi_rach/grf.rf/rstblk/ngwrdrst.grst.g7serrst.gnsckt_wrst.rst_wr_reg2_inst/arststages_ff_reg[1]/PRE
                            (removal check against rising-edge clock clk_fpga_0  {rise@0.000ns fall@5.000ns period=10.000ns})
  Path Group:             (none)
  Path Type:              Removal (Min at Fast Process Corner)
  Data Path Delay:        0.951ns  (logic 0.209ns (21.988%)  route 0.742ns (78.012%))
  Logic Levels:           1  (LUT1=1)
  Clock Path Skew:        0.311ns (DCD - SCD - CPR)
    Destination Clock Delay (DCD):    1.230ns
    Source Clock Delay      (SCD):    0.919ns
    Clock Pessimism Removal (CPR):    -0.000ns
  Clock Uncertainty:      0.154ns  ((TSJ^2 + TIJ^2)^1/2 + DJ) / 2 + PE
    Total System Jitter     (TSJ):    0.071ns
    Total Input Jitter      (TIJ):    0.300ns
    Discrete Jitter          (DJ):    0.000ns
    Phase Error              (PE):    0.000ns
  Timing Exception:       False Path

    Location             Delay type                Incr(ns)  Path(ns)    Netlist Resource(s)
  -------------------------------------------------------------------    -------------------
                         (clock clk_fpga_0 rise edge)
                                                      0.000     0.000 r  
    PS7_X0Y0             PS7                          0.000     0.000 r  design_1_i/processing_system7_0/inst/PS7_i/FCLKCLK[0]
                         net (fo=1, routed)           0.310     0.310    design_1_i/processing_system7_0/inst/FCLK_CLK_unbuffered[0]
    BUFGCTRL_X0Y16       BUFG (Prop_bufg_I_O)         0.026     0.336 r  design_1_i/processing_system7_0/inst/buffer_fclk_clk_0.FCLK_CLK_0_BUFG/O
                         net (fo=8817, routed)        0.583     0.919    design_1_i/rst_ps7_0_50M/U0/slowest_sync_clk
    SLICE_X10Y24         FDRE                                         r  design_1_i/rst_ps7_0_50M/U0/ACTIVE_LOW_PR_OUT_DFF[0].FDRE_PER_N/C
  -------------------------------------------------------------------    -------------------
    SLICE_X10Y24         FDRE (Prop_fdre_C_Q)         0.164     1.082 r  design_1_i/rst_ps7_0_50M/U0/ACTIVE_LOW_PR_OUT_DFF[0].FDRE_PER_N/Q
                         net (fo=86, routed)          0.622     1.705    design_1_i/axi_interconnect_0/s00_couplers/auto_us_df/inst/gen_upsizer.gen_full_upsizer.axi_upsizer_inst/USE_READ.gen_pktfifo_r_upsizer.pktfifo_read_data_inst/dw_fifogen_ar/inst_fifo_gen/s_aresetn
    SLICE_X9Y40          LUT1 (Prop_lut1_I0_O)        0.045     1.750 f  design_1_i/axi_interconnect_0/s00_couplers/auto_us_df/inst/gen_upsizer.gen_full_upsizer.axi_upsizer_inst/USE_READ.gen_pktfifo_r_upsizer.pktfifo_read_data_inst/dw_fifogen_ar/inst_fifo_gen/inverted_reset/O
                         net (fo=2, routed)           0.119     1.869    design_1_i/axi_interconnect_0/s00_couplers/auto_us_df/inst/gen_upsizer.gen_full_upsizer.axi_upsizer_inst/USE_READ.gen_pktfifo_r_upsizer.pktfifo_read_data_inst/dw_fifogen_ar/inst_fifo_gen/gaxi_full_lite.gread_ch.grach2.axi_rach/grf.rf/rstblk/ngwrdrst.grst.g7serrst.gnsckt_wrst.rst_wr_reg2_inst/src_arst
    SLICE_X9Y40          FDPE                                         f  design_1_i/axi_interconnect_0/s00_couplers/auto_us_df/inst/gen_upsizer.gen_full_upsizer.axi_upsizer_inst/USE_READ.gen_pktfifo_r_upsizer.pktfifo_read_data_inst/dw_fifogen_ar/inst_fifo_gen/gaxi_full_lite.gread_ch.grach2.axi_rach/grf.rf/rstblk/ngwrdrst.grst.g7serrst.gnsckt_wrst.rst_wr_reg2_inst/arststages_ff_reg[1]/PRE
  -------------------------------------------------------------------    -------------------

                         (clock clk_fpga_0 rise edge)
                                                      0.000     0.000 r  
    PS7_X0Y0             PS7                          0.000     0.000 r  design_1_i/processing_system7_0/inst/PS7_i/FCLKCLK[0]
                         net (fo=1, routed)           0.337     0.337    design_1_i/processing_system7_0/inst/FCLK_CLK_unbuffered[0]
    BUFGCTRL_X0Y16       BUFG (Prop_bufg_I_O)         0.029     0.366 r  design_1_i/processing_system7_0/inst/buffer_fclk_clk_0.FCLK_CLK_0_BUFG/O
                         net (fo=8817, routed)        0.864     1.230    design_1_i/axi_interconnect_0/s00_couplers/auto_us_df/inst/gen_upsizer.gen_full_upsizer.axi_upsizer_inst/USE_READ.gen_pktfifo_r_upsizer.pktfifo_read_data_inst/dw_fifogen_ar/inst_fifo_gen/gaxi_full_lite.gread_ch.grach2.axi_rach/grf.rf/rstblk/ngwrdrst.grst.g7serrst.gnsckt_wrst.rst_wr_reg2_inst/dest_clk
    SLICE_X9Y40          FDPE                                         r  design_1_i/axi_interconnect_0/s00_couplers/auto_us_df/inst/gen_upsizer.gen_full_upsizer.axi_upsizer_inst/USE_READ.gen_pktfifo_r_upsizer.pktfifo_read_data_inst/dw_fifogen_ar/inst_fifo_gen/gaxi_full_lite.gread_ch.grach2.axi_rach/grf.rf/rstblk/ngwrdrst.grst.g7serrst.gnsckt_wrst.rst_wr_reg2_inst/arststages_ff_reg[1]/C

Slack:                    inf
  Source:                 design_1_i/rst_ps7_0_50M/U0/ACTIVE_LOW_PR_OUT_DFF[0].FDRE_PER_N/C
                            (rising edge-triggered cell FDRE clocked by clk_fpga_0  {rise@0.000ns fall@5.000ns period=10.000ns})
  Destination:            design_1_i/axi_interconnect_0/m00_couplers/auto_pc/inst/gen_axi4_axi3.axi3_conv_inst/USE_WRITE.write_addr_inst/USE_BURSTS.cmd_queue/inst/fifo_gen_inst/inst_fifo_gen/gconvfifo.rf/grf.rf/rstblk/ngwrdrst.grst.g7serrst.gnsckt_wrst.rst_wr_reg2_inst/arststages_ff_reg[0]/PRE
                            (removal check against rising-edge clock clk_fpga_0  {rise@0.000ns fall@5.000ns period=10.000ns})
  Path Group:             (none)
  Path Type:              Removal (Min at Fast Process Corner)
  Data Path Delay:        2.406ns  (logic 0.208ns (8.645%)  route 2.198ns (91.355%))
  Logic Levels:           1  (LUT1=1)
  Clock Path Skew:        0.312ns (DCD - SCD - CPR)
    Destination Clock Delay (DCD):    1.231ns
    Source Clock Delay      (SCD):    0.919ns
    Clock Pessimism Removal (CPR):    -0.000ns
  Clock Uncertainty:      0.154ns  ((TSJ^2 + TIJ^2)^1/2 + DJ) / 2 + PE
    Total System Jitter     (TSJ):    0.071ns
    Total Input Jitter      (TIJ):    0.300ns
    Discrete Jitter          (DJ):    0.000ns
    Phase Error              (PE):    0.000ns
  Timing Exception:       False Path

    Location             Delay type                Incr(ns)  Path(ns)    Netlist Resource(s)
  -------------------------------------------------------------------    -------------------
                         (clock clk_fpga_0 rise edge)
                                                      0.000     0.000 r  
    PS7_X0Y0             PS7                          0.000     0.000 r  design_1_i/processing_system7_0/inst/PS7_i/FCLKCLK[0]
                         net (fo=1, routed)           0.310     0.310    design_1_i/processing_system7_0/inst/FCLK_CLK_unbuffered[0]
    BUFGCTRL_X0Y16       BUFG (Prop_bufg_I_O)         0.026     0.336 r  design_1_i/processing_system7_0/inst/buffer_fclk_clk_0.FCLK_CLK_0_BUFG/O
                         net (fo=8817, routed)        0.583     0.919    design_1_i/rst_ps7_0_50M/U0/slowest_sync_clk
    SLICE_X10Y24         FDRE                                         r  design_1_i/rst_ps7_0_50M/U0/ACTIVE_LOW_PR_OUT_DFF[0].FDRE_PER_N/C
  -------------------------------------------------------------------    -------------------
    SLICE_X10Y24         FDRE (Prop_fdre_C_Q)         0.164     1.082 r  design_1_i/rst_ps7_0_50M/U0/ACTIVE_LOW_PR_OUT_DFF[0].FDRE_PER_N/Q
                         net (fo=86, routed)          1.618     2.700    design_1_i/axi_interconnect_0/m00_couplers/auto_pc/inst/gen_axi4_axi3.axi3_conv_inst/USE_WRITE.write_addr_inst/USE_BURSTS.cmd_queue/inst/aresetn
    SLICE_X20Y42         LUT1 (Prop_lut1_I0_O)        0.044     2.744 f  design_1_i/axi_interconnect_0/m00_couplers/auto_pc/inst/gen_axi4_axi3.axi3_conv_inst/USE_WRITE.write_addr_inst/USE_BURSTS.cmd_queue/inst/S_AXI_AREADY_I_i_1/O
                         net (fo=288, routed)         0.580     3.325    design_1_i/axi_interconnect_0/m00_couplers/auto_pc/inst/gen_axi4_axi3.axi3_conv_inst/USE_WRITE.write_addr_inst/USE_BURSTS.cmd_queue/inst/fifo_gen_inst/inst_fifo_gen/gconvfifo.rf/grf.rf/rstblk/ngwrdrst.grst.g7serrst.gnsckt_wrst.rst_wr_reg2_inst/src_arst
    SLICE_X15Y44         FDPE                                         f  design_1_i/axi_interconnect_0/m00_couplers/auto_pc/inst/gen_axi4_axi3.axi3_conv_inst/USE_WRITE.write_addr_inst/USE_BURSTS.cmd_queue/inst/fifo_gen_inst/inst_fifo_gen/gconvfifo.rf/grf.rf/rstblk/ngwrdrst.grst.g7serrst.gnsckt_wrst.rst_wr_reg2_inst/arststages_ff_reg[0]/PRE
  -------------------------------------------------------------------    -------------------

                         (clock clk_fpga_0 rise edge)
                                                      0.000     0.000 r  
    PS7_X0Y0             PS7                          0.000     0.000 r  design_1_i/processing_system7_0/inst/PS7_i/FCLKCLK[0]
                         net (fo=1, routed)           0.337     0.337    design_1_i/processing_system7_0/inst/FCLK_CLK_unbuffered[0]
    BUFGCTRL_X0Y16       BUFG (Prop_bufg_I_O)         0.029     0.366 r  design_1_i/processing_system7_0/inst/buffer_fclk_clk_0.FCLK_CLK_0_BUFG/O
                         net (fo=8817, routed)        0.865     1.231    design_1_i/axi_interconnect_0/m00_couplers/auto_pc/inst/gen_axi4_axi3.axi3_conv_inst/USE_WRITE.write_addr_inst/USE_BURSTS.cmd_queue/inst/fifo_gen_inst/inst_fifo_gen/gconvfifo.rf/grf.rf/rstblk/ngwrdrst.grst.g7serrst.gnsckt_wrst.rst_wr_reg2_inst/dest_clk
    SLICE_X15Y44         FDPE                                         r  design_1_i/axi_interconnect_0/m00_couplers/auto_pc/inst/gen_axi4_axi3.axi3_conv_inst/USE_WRITE.write_addr_inst/USE_BURSTS.cmd_queue/inst/fifo_gen_inst/inst_fifo_gen/gconvfifo.rf/grf.rf/rstblk/ngwrdrst.grst.g7serrst.gnsckt_wrst.rst_wr_reg2_inst/arststages_ff_reg[0]/C

Slack:                    inf
  Source:                 design_1_i/rst_ps7_0_50M/U0/ACTIVE_LOW_PR_OUT_DFF[0].FDRE_PER_N/C
                            (rising edge-triggered cell FDRE clocked by clk_fpga_0  {rise@0.000ns fall@5.000ns period=10.000ns})
  Destination:            design_1_i/axi_interconnect_0/m00_couplers/auto_pc/inst/gen_axi4_axi3.axi3_conv_inst/USE_WRITE.write_addr_inst/USE_BURSTS.cmd_queue/inst/fifo_gen_inst/inst_fifo_gen/gconvfifo.rf/grf.rf/rstblk/ngwrdrst.grst.g7serrst.gnsckt_wrst.rst_wr_reg2_inst/arststages_ff_reg[1]/PRE
                            (removal check against rising-edge clock clk_fpga_0  {rise@0.000ns fall@5.000ns period=10.000ns})
  Path Group:             (none)
  Path Type:              Removal (Min at Fast Process Corner)
  Data Path Delay:        2.406ns  (logic 0.208ns (8.645%)  route 2.198ns (91.355%))
  Logic Levels:           1  (LUT1=1)
  Clock Path Skew:        0.312ns (DCD - SCD - CPR)
    Destination Clock Delay (DCD):    1.231ns
    Source Clock Delay      (SCD):    0.919ns
    Clock Pessimism Removal (CPR):    -0.000ns
  Clock Uncertainty:      0.154ns  ((TSJ^2 + TIJ^2)^1/2 + DJ) / 2 + PE
    Total System Jitter     (TSJ):    0.071ns
    Total Input Jitter      (TIJ):    0.300ns
    Discrete Jitter          (DJ):    0.000ns
    Phase Error              (PE):    0.000ns
  Timing Exception:       False Path

    Location             Delay type                Incr(ns)  Path(ns)    Netlist Resource(s)
  -------------------------------------------------------------------    -------------------
                         (clock clk_fpga_0 rise edge)
                                                      0.000     0.000 r  
    PS7_X0Y0             PS7                          0.000     0.000 r  design_1_i/processing_system7_0/inst/PS7_i/FCLKCLK[0]
                         net (fo=1, routed)           0.310     0.310    design_1_i/processing_system7_0/inst/FCLK_CLK_unbuffered[0]
    BUFGCTRL_X0Y16       BUFG (Prop_bufg_I_O)         0.026     0.336 r  design_1_i/processing_system7_0/inst/buffer_fclk_clk_0.FCLK_CLK_0_BUFG/O
                         net (fo=8817, routed)        0.583     0.919    design_1_i/rst_ps7_0_50M/U0/slowest_sync_clk
    SLICE_X10Y24         FDRE                                         r  design_1_i/rst_ps7_0_50M/U0/ACTIVE_LOW_PR_OUT_DFF[0].FDRE_PER_N/C
  -------------------------------------------------------------------    -------------------
    SLICE_X10Y24         FDRE (Prop_fdre_C_Q)         0.164     1.082 r  design_1_i/rst_ps7_0_50M/U0/ACTIVE_LOW_PR_OUT_DFF[0].FDRE_PER_N/Q
                         net (fo=86, routed)          1.618     2.700    design_1_i/axi_interconnect_0/m00_couplers/auto_pc/inst/gen_axi4_axi3.axi3_conv_inst/USE_WRITE.write_addr_inst/USE_BURSTS.cmd_queue/inst/aresetn
    SLICE_X20Y42         LUT1 (Prop_lut1_I0_O)        0.044     2.744 f  design_1_i/axi_interconnect_0/m00_couplers/auto_pc/inst/gen_axi4_axi3.axi3_conv_inst/USE_WRITE.write_addr_inst/USE_BURSTS.cmd_queue/inst/S_AXI_AREADY_I_i_1/O
                         net (fo=288, routed)         0.580     3.325    design_1_i/axi_interconnect_0/m00_couplers/auto_pc/inst/gen_axi4_axi3.axi3_conv_inst/USE_WRITE.write_addr_inst/USE_BURSTS.cmd_queue/inst/fifo_gen_inst/inst_fifo_gen/gconvfifo.rf/grf.rf/rstblk/ngwrdrst.grst.g7serrst.gnsckt_wrst.rst_wr_reg2_inst/src_arst
    SLICE_X15Y44         FDPE                                         f  design_1_i/axi_interconnect_0/m00_couplers/auto_pc/inst/gen_axi4_axi3.axi3_conv_inst/USE_WRITE.write_addr_inst/USE_BURSTS.cmd_queue/inst/fifo_gen_inst/inst_fifo_gen/gconvfifo.rf/grf.rf/rstblk/ngwrdrst.grst.g7serrst.gnsckt_wrst.rst_wr_reg2_inst/arststages_ff_reg[1]/PRE
  -------------------------------------------------------------------    -------------------

                         (clock clk_fpga_0 rise edge)
                                                      0.000     0.000 r  
    PS7_X0Y0             PS7                          0.000     0.000 r  design_1_i/processing_system7_0/inst/PS7_i/FCLKCLK[0]
                         net (fo=1, routed)           0.337     0.337    design_1_i/processing_system7_0/inst/FCLK_CLK_unbuffered[0]
    BUFGCTRL_X0Y16       BUFG (Prop_bufg_I_O)         0.029     0.366 r  design_1_i/processing_system7_0/inst/buffer_fclk_clk_0.FCLK_CLK_0_BUFG/O
                         net (fo=8817, routed)        0.865     1.231    design_1_i/axi_interconnect_0/m00_couplers/auto_pc/inst/gen_axi4_axi3.axi3_conv_inst/USE_WRITE.write_addr_inst/USE_BURSTS.cmd_queue/inst/fifo_gen_inst/inst_fifo_gen/gconvfifo.rf/grf.rf/rstblk/ngwrdrst.grst.g7serrst.gnsckt_wrst.rst_wr_reg2_inst/dest_clk
    SLICE_X15Y44         FDPE                                         r  design_1_i/axi_interconnect_0/m00_couplers/auto_pc/inst/gen_axi4_axi3.axi3_conv_inst/USE_WRITE.write_addr_inst/USE_BURSTS.cmd_queue/inst/fifo_gen_inst/inst_fifo_gen/gconvfifo.rf/grf.rf/rstblk/ngwrdrst.grst.g7serrst.gnsckt_wrst.rst_wr_reg2_inst/arststages_ff_reg[1]/C

Slack:                    inf
  Source:                 design_1_i/rst_ps7_0_50M/U0/ACTIVE_LOW_PR_OUT_DFF[0].FDRE_PER_N/C
                            (rising edge-triggered cell FDRE clocked by clk_fpga_0  {rise@0.000ns fall@5.000ns period=10.000ns})
  Destination:            design_1_i/axi_interconnect_0/m00_couplers/auto_pc/inst/gen_axi4_axi3.axi3_conv_inst/USE_WRITE.write_addr_inst/USE_B_CHANNEL.cmd_b_queue/inst/fifo_gen_inst/inst_fifo_gen/gconvfifo.rf/grf.rf/rstblk/ngwrdrst.grst.g7serrst.gnsckt_wrst.rst_wr_reg2_inst/arststages_ff_reg[0]/PRE
                            (removal check against rising-edge clock clk_fpga_0  {rise@0.000ns fall@5.000ns period=10.000ns})
  Path Group:             (none)
  Path Type:              Removal (Min at Fast Process Corner)
  Data Path Delay:        2.519ns  (logic 0.208ns (8.257%)  route 2.311ns (91.743%))
  Logic Levels:           1  (LUT1=1)
  Clock Path Skew:        0.305ns (DCD - SCD - CPR)
    Destination Clock Delay (DCD):    1.224ns
    Source Clock Delay      (SCD):    0.919ns
    Clock Pessimism Removal (CPR):    -0.000ns
  Clock Uncertainty:      0.154ns  ((TSJ^2 + TIJ^2)^1/2 + DJ) / 2 + PE
    Total System Jitter     (TSJ):    0.071ns
    Total Input Jitter      (TIJ):    0.300ns
    Discrete Jitter          (DJ):    0.000ns
    Phase Error              (PE):    0.000ns
  Timing Exception:       False Path

    Location             Delay type                Incr(ns)  Path(ns)    Netlist Resource(s)
  -------------------------------------------------------------------    -------------------
                         (clock clk_fpga_0 rise edge)
                                                      0.000     0.000 r  
    PS7_X0Y0             PS7                          0.000     0.000 r  design_1_i/processing_system7_0/inst/PS7_i/FCLKCLK[0]
                         net (fo=1, routed)           0.310     0.310    design_1_i/processing_system7_0/inst/FCLK_CLK_unbuffered[0]
    BUFGCTRL_X0Y16       BUFG (Prop_bufg_I_O)         0.026     0.336 r  design_1_i/processing_system7_0/inst/buffer_fclk_clk_0.FCLK_CLK_0_BUFG/O
                         net (fo=8817, routed)        0.583     0.919    design_1_i/rst_ps7_0_50M/U0/slowest_sync_clk
    SLICE_X10Y24         FDRE                                         r  design_1_i/rst_ps7_0_50M/U0/ACTIVE_LOW_PR_OUT_DFF[0].FDRE_PER_N/C
  -------------------------------------------------------------------    -------------------
    SLICE_X10Y24         FDRE (Prop_fdre_C_Q)         0.164     1.082 r  design_1_i/rst_ps7_0_50M/U0/ACTIVE_LOW_PR_OUT_DFF[0].FDRE_PER_N/Q
                         net (fo=86, routed)          1.618     2.700    design_1_i/axi_interconnect_0/m00_couplers/auto_pc/inst/gen_axi4_axi3.axi3_conv_inst/USE_WRITE.write_addr_inst/USE_BURSTS.cmd_queue/inst/aresetn
    SLICE_X20Y42         LUT1 (Prop_lut1_I0_O)        0.044     2.744 f  design_1_i/axi_interconnect_0/m00_couplers/auto_pc/inst/gen_axi4_axi3.axi3_conv_inst/USE_WRITE.write_addr_inst/USE_BURSTS.cmd_queue/inst/S_AXI_AREADY_I_i_1/O
                         net (fo=288, routed)         0.693     3.438    design_1_i/axi_interconnect_0/m00_couplers/auto_pc/inst/gen_axi4_axi3.axi3_conv_inst/USE_WRITE.write_addr_inst/USE_B_CHANNEL.cmd_b_queue/inst/fifo_gen_inst/inst_fifo_gen/gconvfifo.rf/grf.rf/rstblk/ngwrdrst.grst.g7serrst.gnsckt_wrst.rst_wr_reg2_inst/src_arst
    SLICE_X29Y44         FDPE                                         f  design_1_i/axi_interconnect_0/m00_couplers/auto_pc/inst/gen_axi4_axi3.axi3_conv_inst/USE_WRITE.write_addr_inst/USE_B_CHANNEL.cmd_b_queue/inst/fifo_gen_inst/inst_fifo_gen/gconvfifo.rf/grf.rf/rstblk/ngwrdrst.grst.g7serrst.gnsckt_wrst.rst_wr_reg2_inst/arststages_ff_reg[0]/PRE
  -------------------------------------------------------------------    -------------------

                         (clock clk_fpga_0 rise edge)
                                                      0.000     0.000 r  
    PS7_X0Y0             PS7                          0.000     0.000 r  design_1_i/processing_system7_0/inst/PS7_i/FCLKCLK[0]
                         net (fo=1, routed)           0.337     0.337    design_1_i/processing_system7_0/inst/FCLK_CLK_unbuffered[0]
    BUFGCTRL_X0Y16       BUFG (Prop_bufg_I_O)         0.029     0.366 r  design_1_i/processing_system7_0/inst/buffer_fclk_clk_0.FCLK_CLK_0_BUFG/O
                         net (fo=8817, routed)        0.858     1.224    design_1_i/axi_interconnect_0/m00_couplers/auto_pc/inst/gen_axi4_axi3.axi3_conv_inst/USE_WRITE.write_addr_inst/USE_B_CHANNEL.cmd_b_queue/inst/fifo_gen_inst/inst_fifo_gen/gconvfifo.rf/grf.rf/rstblk/ngwrdrst.grst.g7serrst.gnsckt_wrst.rst_wr_reg2_inst/dest_clk
    SLICE_X29Y44         FDPE                                         r  design_1_i/axi_interconnect_0/m00_couplers/auto_pc/inst/gen_axi4_axi3.axi3_conv_inst/USE_WRITE.write_addr_inst/USE_B_CHANNEL.cmd_b_queue/inst/fifo_gen_inst/inst_fifo_gen/gconvfifo.rf/grf.rf/rstblk/ngwrdrst.grst.g7serrst.gnsckt_wrst.rst_wr_reg2_inst/arststages_ff_reg[0]/C

Slack:                    inf
  Source:                 design_1_i/rst_ps7_0_50M/U0/ACTIVE_LOW_PR_OUT_DFF[0].FDRE_PER_N/C
                            (rising edge-triggered cell FDRE clocked by clk_fpga_0  {rise@0.000ns fall@5.000ns period=10.000ns})
  Destination:            design_1_i/axi_interconnect_0/m00_couplers/auto_pc/inst/gen_axi4_axi3.axi3_conv_inst/USE_WRITE.write_addr_inst/USE_B_CHANNEL.cmd_b_queue/inst/fifo_gen_inst/inst_fifo_gen/gconvfifo.rf/grf.rf/rstblk/ngwrdrst.grst.g7serrst.gnsckt_wrst.rst_wr_reg2_inst/arststages_ff_reg[1]/PRE
                            (removal check against rising-edge clock clk_fpga_0  {rise@0.000ns fall@5.000ns period=10.000ns})
  Path Group:             (none)
  Path Type:              Removal (Min at Fast Process Corner)
  Data Path Delay:        2.519ns  (logic 0.208ns (8.257%)  route 2.311ns (91.743%))
  Logic Levels:           1  (LUT1=1)
  Clock Path Skew:        0.305ns (DCD - SCD - CPR)
    Destination Clock Delay (DCD):    1.224ns
    Source Clock Delay      (SCD):    0.919ns
    Clock Pessimism Removal (CPR):    -0.000ns
  Clock Uncertainty:      0.154ns  ((TSJ^2 + TIJ^2)^1/2 + DJ) / 2 + PE
    Total System Jitter     (TSJ):    0.071ns
    Total Input Jitter      (TIJ):    0.300ns
    Discrete Jitter          (DJ):    0.000ns
    Phase Error              (PE):    0.000ns
  Timing Exception:       False Path

    Location             Delay type                Incr(ns)  Path(ns)    Netlist Resource(s)
  -------------------------------------------------------------------    -------------------
                         (clock clk_fpga_0 rise edge)
                                                      0.000     0.000 r  
    PS7_X0Y0             PS7                          0.000     0.000 r  design_1_i/processing_system7_0/inst/PS7_i/FCLKCLK[0]
                         net (fo=1, routed)           0.310     0.310    design_1_i/processing_system7_0/inst/FCLK_CLK_unbuffered[0]
    BUFGCTRL_X0Y16       BUFG (Prop_bufg_I_O)         0.026     0.336 r  design_1_i/processing_system7_0/inst/buffer_fclk_clk_0.FCLK_CLK_0_BUFG/O
                         net (fo=8817, routed)        0.583     0.919    design_1_i/rst_ps7_0_50M/U0/slowest_sync_clk
    SLICE_X10Y24         FDRE                                         r  design_1_i/rst_ps7_0_50M/U0/ACTIVE_LOW_PR_OUT_DFF[0].FDRE_PER_N/C
  -------------------------------------------------------------------    -------------------
    SLICE_X10Y24         FDRE (Prop_fdre_C_Q)         0.164     1.082 r  design_1_i/rst_ps7_0_50M/U0/ACTIVE_LOW_PR_OUT_DFF[0].FDRE_PER_N/Q
                         net (fo=86, routed)          1.618     2.700    design_1_i/axi_interconnect_0/m00_couplers/auto_pc/inst/gen_axi4_axi3.axi3_conv_inst/USE_WRITE.write_addr_inst/USE_BURSTS.cmd_queue/inst/aresetn
    SLICE_X20Y42         LUT1 (Prop_lut1_I0_O)        0.044     2.744 f  design_1_i/axi_interconnect_0/m00_couplers/auto_pc/inst/gen_axi4_axi3.axi3_conv_inst/USE_WRITE.write_addr_inst/USE_BURSTS.cmd_queue/inst/S_AXI_AREADY_I_i_1/O
                         net (fo=288, routed)         0.693     3.438    design_1_i/axi_interconnect_0/m00_couplers/auto_pc/inst/gen_axi4_axi3.axi3_conv_inst/USE_WRITE.write_addr_inst/USE_B_CHANNEL.cmd_b_queue/inst/fifo_gen_inst/inst_fifo_gen/gconvfifo.rf/grf.rf/rstblk/ngwrdrst.grst.g7serrst.gnsckt_wrst.rst_wr_reg2_inst/src_arst
    SLICE_X29Y44         FDPE                                         f  design_1_i/axi_interconnect_0/m00_couplers/auto_pc/inst/gen_axi4_axi3.axi3_conv_inst/USE_WRITE.write_addr_inst/USE_B_CHANNEL.cmd_b_queue/inst/fifo_gen_inst/inst_fifo_gen/gconvfifo.rf/grf.rf/rstblk/ngwrdrst.grst.g7serrst.gnsckt_wrst.rst_wr_reg2_inst/arststages_ff_reg[1]/PRE
  -------------------------------------------------------------------    -------------------

                         (clock clk_fpga_0 rise edge)
                                                      0.000     0.000 r  
    PS7_X0Y0             PS7                          0.000     0.000 r  design_1_i/processing_system7_0/inst/PS7_i/FCLKCLK[0]
                         net (fo=1, routed)           0.337     0.337    design_1_i/processing_system7_0/inst/FCLK_CLK_unbuffered[0]
    BUFGCTRL_X0Y16       BUFG (Prop_bufg_I_O)         0.029     0.366 r  design_1_i/processing_system7_0/inst/buffer_fclk_clk_0.FCLK_CLK_0_BUFG/O
                         net (fo=8817, routed)        0.858     1.224    design_1_i/axi_interconnect_0/m00_couplers/auto_pc/inst/gen_axi4_axi3.axi3_conv_inst/USE_WRITE.write_addr_inst/USE_B_CHANNEL.cmd_b_queue/inst/fifo_gen_inst/inst_fifo_gen/gconvfifo.rf/grf.rf/rstblk/ngwrdrst.grst.g7serrst.gnsckt_wrst.rst_wr_reg2_inst/dest_clk
    SLICE_X29Y44         FDPE                                         r  design_1_i/axi_interconnect_0/m00_couplers/auto_pc/inst/gen_axi4_axi3.axi3_conv_inst/USE_WRITE.write_addr_inst/USE_B_CHANNEL.cmd_b_queue/inst/fifo_gen_inst/inst_fifo_gen/gconvfifo.rf/grf.rf/rstblk/ngwrdrst.grst.g7serrst.gnsckt_wrst.rst_wr_reg2_inst/arststages_ff_reg[1]/C

Slack:                    inf
  Source:                 design_1_i/rst_ps7_0_50M/U0/ACTIVE_LOW_PR_OUT_DFF[0].FDRE_PER_N/C
                            (rising edge-triggered cell FDRE clocked by clk_fpga_0  {rise@0.000ns fall@5.000ns period=10.000ns})
  Destination:            design_1_i/axi_interconnect_0/m00_couplers/auto_pc/inst/gen_axi4_axi3.axi3_conv_inst/USE_READ.USE_SPLIT_R.read_addr_inst/USE_R_CHANNEL.cmd_queue/inst/fifo_gen_inst/inst_fifo_gen/gconvfifo.rf/grf.rf/rstblk/ngwrdrst.grst.g7serrst.gnsckt_wrst.rst_wr_reg2_inst/arststages_ff_reg[0]/PRE
                            (removal check against rising-edge clock clk_fpga_0  {rise@0.000ns fall@5.000ns period=10.000ns})
  Path Group:             (none)
  Path Type:              Removal (Min at Fast Process Corner)
  Data Path Delay:        2.560ns  (logic 0.208ns (8.125%)  route 2.352ns (91.875%))
  Logic Levels:           1  (LUT1=1)
  Clock Path Skew:        0.341ns (DCD - SCD - CPR)
    Destination Clock Delay (DCD):    1.260ns
    Source Clock Delay      (SCD):    0.919ns
    Clock Pessimism Removal (CPR):    -0.000ns
  Clock Uncertainty:      0.154ns  ((TSJ^2 + TIJ^2)^1/2 + DJ) / 2 + PE
    Total System Jitter     (TSJ):    0.071ns
    Total Input Jitter      (TIJ):    0.300ns
    Discrete Jitter          (DJ):    0.000ns
    Phase Error              (PE):    0.000ns
  Timing Exception:       False Path

    Location             Delay type                Incr(ns)  Path(ns)    Netlist Resource(s)
  -------------------------------------------------------------------    -------------------
                         (clock clk_fpga_0 rise edge)
                                                      0.000     0.000 r  
    PS7_X0Y0             PS7                          0.000     0.000 r  design_1_i/processing_system7_0/inst/PS7_i/FCLKCLK[0]
                         net (fo=1, routed)           0.310     0.310    design_1_i/processing_system7_0/inst/FCLK_CLK_unbuffered[0]
    BUFGCTRL_X0Y16       BUFG (Prop_bufg_I_O)         0.026     0.336 r  design_1_i/processing_system7_0/inst/buffer_fclk_clk_0.FCLK_CLK_0_BUFG/O
                         net (fo=8817, routed)        0.583     0.919    design_1_i/rst_ps7_0_50M/U0/slowest_sync_clk
    SLICE_X10Y24         FDRE                                         r  design_1_i/rst_ps7_0_50M/U0/ACTIVE_LOW_PR_OUT_DFF[0].FDRE_PER_N/C
  -------------------------------------------------------------------    -------------------
    SLICE_X10Y24         FDRE (Prop_fdre_C_Q)         0.164     1.082 r  design_1_i/rst_ps7_0_50M/U0/ACTIVE_LOW_PR_OUT_DFF[0].FDRE_PER_N/Q
                         net (fo=86, routed)          1.618     2.700    design_1_i/axi_interconnect_0/m00_couplers/auto_pc/inst/gen_axi4_axi3.axi3_conv_inst/USE_WRITE.write_addr_inst/USE_BURSTS.cmd_queue/inst/aresetn
    SLICE_X20Y42         LUT1 (Prop_lut1_I0_O)        0.044     2.744 f  design_1_i/axi_interconnect_0/m00_couplers/auto_pc/inst/gen_axi4_axi3.axi3_conv_inst/USE_WRITE.write_addr_inst/USE_BURSTS.cmd_queue/inst/S_AXI_AREADY_I_i_1/O
                         net (fo=288, routed)         0.734     3.478    design_1_i/axi_interconnect_0/m00_couplers/auto_pc/inst/gen_axi4_axi3.axi3_conv_inst/USE_READ.USE_SPLIT_R.read_addr_inst/USE_R_CHANNEL.cmd_queue/inst/fifo_gen_inst/inst_fifo_gen/gconvfifo.rf/grf.rf/rstblk/ngwrdrst.grst.g7serrst.gnsckt_wrst.rst_wr_reg2_inst/src_arst
    SLICE_X4Y43          FDPE                                         f  design_1_i/axi_interconnect_0/m00_couplers/auto_pc/inst/gen_axi4_axi3.axi3_conv_inst/USE_READ.USE_SPLIT_R.read_addr_inst/USE_R_CHANNEL.cmd_queue/inst/fifo_gen_inst/inst_fifo_gen/gconvfifo.rf/grf.rf/rstblk/ngwrdrst.grst.g7serrst.gnsckt_wrst.rst_wr_reg2_inst/arststages_ff_reg[0]/PRE
  -------------------------------------------------------------------    -------------------

                         (clock clk_fpga_0 rise edge)
                                                      0.000     0.000 r  
    PS7_X0Y0             PS7                          0.000     0.000 r  design_1_i/processing_system7_0/inst/PS7_i/FCLKCLK[0]
                         net (fo=1, routed)           0.337     0.337    design_1_i/processing_system7_0/inst/FCLK_CLK_unbuffered[0]
    BUFGCTRL_X0Y16       BUFG (Prop_bufg_I_O)         0.029     0.366 r  design_1_i/processing_system7_0/inst/buffer_fclk_clk_0.FCLK_CLK_0_BUFG/O
                         net (fo=8817, routed)        0.894     1.260    design_1_i/axi_interconnect_0/m00_couplers/auto_pc/inst/gen_axi4_axi3.axi3_conv_inst/USE_READ.USE_SPLIT_R.read_addr_inst/USE_R_CHANNEL.cmd_queue/inst/fifo_gen_inst/inst_fifo_gen/gconvfifo.rf/grf.rf/rstblk/ngwrdrst.grst.g7serrst.gnsckt_wrst.rst_wr_reg2_inst/dest_clk
    SLICE_X4Y43          FDPE                                         r  design_1_i/axi_interconnect_0/m00_couplers/auto_pc/inst/gen_axi4_axi3.axi3_conv_inst/USE_READ.USE_SPLIT_R.read_addr_inst/USE_R_CHANNEL.cmd_queue/inst/fifo_gen_inst/inst_fifo_gen/gconvfifo.rf/grf.rf/rstblk/ngwrdrst.grst.g7serrst.gnsckt_wrst.rst_wr_reg2_inst/arststages_ff_reg[0]/C

Slack:                    inf
  Source:                 design_1_i/rst_ps7_0_50M/U0/ACTIVE_LOW_PR_OUT_DFF[0].FDRE_PER_N/C
                            (rising edge-triggered cell FDRE clocked by clk_fpga_0  {rise@0.000ns fall@5.000ns period=10.000ns})
  Destination:            design_1_i/axi_interconnect_0/m00_couplers/auto_pc/inst/gen_axi4_axi3.axi3_conv_inst/USE_READ.USE_SPLIT_R.read_addr_inst/USE_R_CHANNEL.cmd_queue/inst/fifo_gen_inst/inst_fifo_gen/gconvfifo.rf/grf.rf/rstblk/ngwrdrst.grst.g7serrst.gnsckt_wrst.rst_wr_reg2_inst/arststages_ff_reg[1]/PRE
                            (removal check against rising-edge clock clk_fpga_0  {rise@0.000ns fall@5.000ns period=10.000ns})
  Path Group:             (none)
  Path Type:              Removal (Min at Fast Process Corner)
  Data Path Delay:        2.560ns  (logic 0.208ns (8.125%)  route 2.352ns (91.875%))
  Logic Levels:           1  (LUT1=1)
  Clock Path Skew:        0.341ns (DCD - SCD - CPR)
    Destination Clock Delay (DCD):    1.260ns
    Source Clock Delay      (SCD):    0.919ns
    Clock Pessimism Removal (CPR):    -0.000ns
  Clock Uncertainty:      0.154ns  ((TSJ^2 + TIJ^2)^1/2 + DJ) / 2 + PE
    Total System Jitter     (TSJ):    0.071ns
    Total Input Jitter      (TIJ):    0.300ns
    Discrete Jitter          (DJ):    0.000ns
    Phase Error              (PE):    0.000ns
  Timing Exception:       False Path

    Location             Delay type                Incr(ns)  Path(ns)    Netlist Resource(s)
  -------------------------------------------------------------------    -------------------
                         (clock clk_fpga_0 rise edge)
                                                      0.000     0.000 r  
    PS7_X0Y0             PS7                          0.000     0.000 r  design_1_i/processing_system7_0/inst/PS7_i/FCLKCLK[0]
                         net (fo=1, routed)           0.310     0.310    design_1_i/processing_system7_0/inst/FCLK_CLK_unbuffered[0]
    BUFGCTRL_X0Y16       BUFG (Prop_bufg_I_O)         0.026     0.336 r  design_1_i/processing_system7_0/inst/buffer_fclk_clk_0.FCLK_CLK_0_BUFG/O
                         net (fo=8817, routed)        0.583     0.919    design_1_i/rst_ps7_0_50M/U0/slowest_sync_clk
    SLICE_X10Y24         FDRE                                         r  design_1_i/rst_ps7_0_50M/U0/ACTIVE_LOW_PR_OUT_DFF[0].FDRE_PER_N/C
  -------------------------------------------------------------------    -------------------
    SLICE_X10Y24         FDRE (Prop_fdre_C_Q)         0.164     1.082 r  design_1_i/rst_ps7_0_50M/U0/ACTIVE_LOW_PR_OUT_DFF[0].FDRE_PER_N/Q
                         net (fo=86, routed)          1.618     2.700    design_1_i/axi_interconnect_0/m00_couplers/auto_pc/inst/gen_axi4_axi3.axi3_conv_inst/USE_WRITE.write_addr_inst/USE_BURSTS.cmd_queue/inst/aresetn
    SLICE_X20Y42         LUT1 (Prop_lut1_I0_O)        0.044     2.744 f  design_1_i/axi_interconnect_0/m00_couplers/auto_pc/inst/gen_axi4_axi3.axi3_conv_inst/USE_WRITE.write_addr_inst/USE_BURSTS.cmd_queue/inst/S_AXI_AREADY_I_i_1/O
                         net (fo=288, routed)         0.734     3.478    design_1_i/axi_interconnect_0/m00_couplers/auto_pc/inst/gen_axi4_axi3.axi3_conv_inst/USE_READ.USE_SPLIT_R.read_addr_inst/USE_R_CHANNEL.cmd_queue/inst/fifo_gen_inst/inst_fifo_gen/gconvfifo.rf/grf.rf/rstblk/ngwrdrst.grst.g7serrst.gnsckt_wrst.rst_wr_reg2_inst/src_arst
    SLICE_X4Y43          FDPE                                         f  design_1_i/axi_interconnect_0/m00_couplers/auto_pc/inst/gen_axi4_axi3.axi3_conv_inst/USE_READ.USE_SPLIT_R.read_addr_inst/USE_R_CHANNEL.cmd_queue/inst/fifo_gen_inst/inst_fifo_gen/gconvfifo.rf/grf.rf/rstblk/ngwrdrst.grst.g7serrst.gnsckt_wrst.rst_wr_reg2_inst/arststages_ff_reg[1]/PRE
  -------------------------------------------------------------------    -------------------

                         (clock clk_fpga_0 rise edge)
                                                      0.000     0.000 r  
    PS7_X0Y0             PS7                          0.000     0.000 r  design_1_i/processing_system7_0/inst/PS7_i/FCLKCLK[0]
                         net (fo=1, routed)           0.337     0.337    design_1_i/processing_system7_0/inst/FCLK_CLK_unbuffered[0]
    BUFGCTRL_X0Y16       BUFG (Prop_bufg_I_O)         0.029     0.366 r  design_1_i/processing_system7_0/inst/buffer_fclk_clk_0.FCLK_CLK_0_BUFG/O
                         net (fo=8817, routed)        0.894     1.260    design_1_i/axi_interconnect_0/m00_couplers/auto_pc/inst/gen_axi4_axi3.axi3_conv_inst/USE_READ.USE_SPLIT_R.read_addr_inst/USE_R_CHANNEL.cmd_queue/inst/fifo_gen_inst/inst_fifo_gen/gconvfifo.rf/grf.rf/rstblk/ngwrdrst.grst.g7serrst.gnsckt_wrst.rst_wr_reg2_inst/dest_clk
    SLICE_X4Y43          FDPE                                         r  design_1_i/axi_interconnect_0/m00_couplers/auto_pc/inst/gen_axi4_axi3.axi3_conv_inst/USE_READ.USE_SPLIT_R.read_addr_inst/USE_R_CHANNEL.cmd_queue/inst/fifo_gen_inst/inst_fifo_gen/gconvfifo.rf/grf.rf/rstblk/ngwrdrst.grst.g7serrst.gnsckt_wrst.rst_wr_reg2_inst/arststages_ff_reg[1]/C

Slack:                    inf
  Source:                 design_1_i/rst_ps7_0_50M/U0/ACTIVE_LOW_PR_OUT_DFF[0].FDRE_PER_N/C
                            (rising edge-triggered cell FDRE clocked by clk_fpga_0  {rise@0.000ns fall@5.000ns period=10.000ns})
  Destination:            design_1_i/axi_interconnect_0/s02_couplers/auto_us_df/inst/gen_upsizer.gen_full_upsizer.axi_upsizer_inst/USE_WRITE.gen_pktfifo_w_upsizer.pktfifo_write_data_inst/dw_fifogen_aw/inst_fifo_gen/gaxi_full_lite.gwrite_ch.gwach2.axi_wach/grf.rf/rstblk/ngwrdrst.grst.g7serrst.gnsckt_wrst.rst_wr_reg2_inst/arststages_ff_reg[0]/PRE
                            (removal check against rising-edge clock clk_fpga_0  {rise@0.000ns fall@5.000ns period=10.000ns})
  Path Group:             (none)
  Path Type:              Removal (Min at Fast Process Corner)
  Data Path Delay:        2.564ns  (logic 0.207ns (8.075%)  route 2.357ns (91.925%))
  Logic Levels:           1  (LUT1=1)
  Clock Path Skew:        0.267ns (DCD - SCD - CPR)
    Destination Clock Delay (DCD):    1.186ns
    Source Clock Delay      (SCD):    0.919ns
    Clock Pessimism Removal (CPR):    -0.000ns
  Clock Uncertainty:      0.154ns  ((TSJ^2 + TIJ^2)^1/2 + DJ) / 2 + PE
    Total System Jitter     (TSJ):    0.071ns
    Total Input Jitter      (TIJ):    0.300ns
    Discrete Jitter          (DJ):    0.000ns
    Phase Error              (PE):    0.000ns
  Timing Exception:       False Path

    Location             Delay type                Incr(ns)  Path(ns)    Netlist Resource(s)
  -------------------------------------------------------------------    -------------------
                         (clock clk_fpga_0 rise edge)
                                                      0.000     0.000 r  
    PS7_X0Y0             PS7                          0.000     0.000 r  design_1_i/processing_system7_0/inst/PS7_i/FCLKCLK[0]
                         net (fo=1, routed)           0.310     0.310    design_1_i/processing_system7_0/inst/FCLK_CLK_unbuffered[0]
    BUFGCTRL_X0Y16       BUFG (Prop_bufg_I_O)         0.026     0.336 r  design_1_i/processing_system7_0/inst/buffer_fclk_clk_0.FCLK_CLK_0_BUFG/O
                         net (fo=8817, routed)        0.583     0.919    design_1_i/rst_ps7_0_50M/U0/slowest_sync_clk
    SLICE_X10Y24         FDRE                                         r  design_1_i/rst_ps7_0_50M/U0/ACTIVE_LOW_PR_OUT_DFF[0].FDRE_PER_N/C
  -------------------------------------------------------------------    -------------------
    SLICE_X10Y24         FDRE (Prop_fdre_C_Q)         0.164     1.082 r  design_1_i/rst_ps7_0_50M/U0/ACTIVE_LOW_PR_OUT_DFF[0].FDRE_PER_N/Q
                         net (fo=86, routed)          2.168     3.251    design_1_i/axi_interconnect_0/s02_couplers/auto_us_df/inst/gen_upsizer.gen_full_upsizer.axi_upsizer_inst/USE_WRITE.gen_pktfifo_w_upsizer.pktfifo_write_data_inst/dw_fifogen_aw/inst_fifo_gen/s_aresetn
    SLICE_X40Y31         LUT1 (Prop_lut1_I0_O)        0.043     3.294 f  design_1_i/axi_interconnect_0/s02_couplers/auto_us_df/inst/gen_upsizer.gen_full_upsizer.axi_upsizer_inst/USE_WRITE.gen_pktfifo_w_upsizer.pktfifo_write_data_inst/dw_fifogen_aw/inst_fifo_gen/inverted_reset/O
                         net (fo=2, routed)           0.188     3.482    design_1_i/axi_interconnect_0/s02_couplers/auto_us_df/inst/gen_upsizer.gen_full_upsizer.axi_upsizer_inst/USE_WRITE.gen_pktfifo_w_upsizer.pktfifo_write_data_inst/dw_fifogen_aw/inst_fifo_gen/gaxi_full_lite.gwrite_ch.gwach2.axi_wach/grf.rf/rstblk/ngwrdrst.grst.g7serrst.gnsckt_wrst.rst_wr_reg2_inst/src_arst
    SLICE_X40Y31         FDPE                                         f  design_1_i/axi_interconnect_0/s02_couplers/auto_us_df/inst/gen_upsizer.gen_full_upsizer.axi_upsizer_inst/USE_WRITE.gen_pktfifo_w_upsizer.pktfifo_write_data_inst/dw_fifogen_aw/inst_fifo_gen/gaxi_full_lite.gwrite_ch.gwach2.axi_wach/grf.rf/rstblk/ngwrdrst.grst.g7serrst.gnsckt_wrst.rst_wr_reg2_inst/arststages_ff_reg[0]/PRE
  -------------------------------------------------------------------    -------------------

                         (clock clk_fpga_0 rise edge)
                                                      0.000     0.000 r  
    PS7_X0Y0             PS7                          0.000     0.000 r  design_1_i/processing_system7_0/inst/PS7_i/FCLKCLK[0]
                         net (fo=1, routed)           0.337     0.337    design_1_i/processing_system7_0/inst/FCLK_CLK_unbuffered[0]
    BUFGCTRL_X0Y16       BUFG (Prop_bufg_I_O)         0.029     0.366 r  design_1_i/processing_system7_0/inst/buffer_fclk_clk_0.FCLK_CLK_0_BUFG/O
                         net (fo=8817, routed)        0.820     1.186    design_1_i/axi_interconnect_0/s02_couplers/auto_us_df/inst/gen_upsizer.gen_full_upsizer.axi_upsizer_inst/USE_WRITE.gen_pktfifo_w_upsizer.pktfifo_write_data_inst/dw_fifogen_aw/inst_fifo_gen/gaxi_full_lite.gwrite_ch.gwach2.axi_wach/grf.rf/rstblk/ngwrdrst.grst.g7serrst.gnsckt_wrst.rst_wr_reg2_inst/dest_clk
    SLICE_X40Y31         FDPE                                         r  design_1_i/axi_interconnect_0/s02_couplers/auto_us_df/inst/gen_upsizer.gen_full_upsizer.axi_upsizer_inst/USE_WRITE.gen_pktfifo_w_upsizer.pktfifo_write_data_inst/dw_fifogen_aw/inst_fifo_gen/gaxi_full_lite.gwrite_ch.gwach2.axi_wach/grf.rf/rstblk/ngwrdrst.grst.g7serrst.gnsckt_wrst.rst_wr_reg2_inst/arststages_ff_reg[0]/C

Slack:                    inf
  Source:                 design_1_i/rst_ps7_0_50M/U0/ACTIVE_LOW_PR_OUT_DFF[0].FDRE_PER_N/C
                            (rising edge-triggered cell FDRE clocked by clk_fpga_0  {rise@0.000ns fall@5.000ns period=10.000ns})
  Destination:            design_1_i/axi_interconnect_0/s02_couplers/auto_us_df/inst/gen_upsizer.gen_full_upsizer.axi_upsizer_inst/USE_WRITE.gen_pktfifo_w_upsizer.pktfifo_write_data_inst/dw_fifogen_aw/inst_fifo_gen/gaxi_full_lite.gwrite_ch.gwach2.axi_wach/grf.rf/rstblk/ngwrdrst.grst.g7serrst.gnsckt_wrst.rst_wr_reg2_inst/arststages_ff_reg[1]/PRE
                            (removal check against rising-edge clock clk_fpga_0  {rise@0.000ns fall@5.000ns period=10.000ns})
  Path Group:             (none)
  Path Type:              Removal (Min at Fast Process Corner)
  Data Path Delay:        2.564ns  (logic 0.207ns (8.075%)  route 2.357ns (91.925%))
  Logic Levels:           1  (LUT1=1)
  Clock Path Skew:        0.267ns (DCD - SCD - CPR)
    Destination Clock Delay (DCD):    1.186ns
    Source Clock Delay      (SCD):    0.919ns
    Clock Pessimism Removal (CPR):    -0.000ns
  Clock Uncertainty:      0.154ns  ((TSJ^2 + TIJ^2)^1/2 + DJ) / 2 + PE
    Total System Jitter     (TSJ):    0.071ns
    Total Input Jitter      (TIJ):    0.300ns
    Discrete Jitter          (DJ):    0.000ns
    Phase Error              (PE):    0.000ns
  Timing Exception:       False Path

    Location             Delay type                Incr(ns)  Path(ns)    Netlist Resource(s)
  -------------------------------------------------------------------    -------------------
                         (clock clk_fpga_0 rise edge)
                                                      0.000     0.000 r  
    PS7_X0Y0             PS7                          0.000     0.000 r  design_1_i/processing_system7_0/inst/PS7_i/FCLKCLK[0]
                         net (fo=1, routed)           0.310     0.310    design_1_i/processing_system7_0/inst/FCLK_CLK_unbuffered[0]
    BUFGCTRL_X0Y16       BUFG (Prop_bufg_I_O)         0.026     0.336 r  design_1_i/processing_system7_0/inst/buffer_fclk_clk_0.FCLK_CLK_0_BUFG/O
                         net (fo=8817, routed)        0.583     0.919    design_1_i/rst_ps7_0_50M/U0/slowest_sync_clk
    SLICE_X10Y24         FDRE                                         r  design_1_i/rst_ps7_0_50M/U0/ACTIVE_LOW_PR_OUT_DFF[0].FDRE_PER_N/C
  -------------------------------------------------------------------    -------------------
    SLICE_X10Y24         FDRE (Prop_fdre_C_Q)         0.164     1.082 r  design_1_i/rst_ps7_0_50M/U0/ACTIVE_LOW_PR_OUT_DFF[0].FDRE_PER_N/Q
                         net (fo=86, routed)          2.168     3.251    design_1_i/axi_interconnect_0/s02_couplers/auto_us_df/inst/gen_upsizer.gen_full_upsizer.axi_upsizer_inst/USE_WRITE.gen_pktfifo_w_upsizer.pktfifo_write_data_inst/dw_fifogen_aw/inst_fifo_gen/s_aresetn
    SLICE_X40Y31         LUT1 (Prop_lut1_I0_O)        0.043     3.294 f  design_1_i/axi_interconnect_0/s02_couplers/auto_us_df/inst/gen_upsizer.gen_full_upsizer.axi_upsizer_inst/USE_WRITE.gen_pktfifo_w_upsizer.pktfifo_write_data_inst/dw_fifogen_aw/inst_fifo_gen/inverted_reset/O
                         net (fo=2, routed)           0.188     3.482    design_1_i/axi_interconnect_0/s02_couplers/auto_us_df/inst/gen_upsizer.gen_full_upsizer.axi_upsizer_inst/USE_WRITE.gen_pktfifo_w_upsizer.pktfifo_write_data_inst/dw_fifogen_aw/inst_fifo_gen/gaxi_full_lite.gwrite_ch.gwach2.axi_wach/grf.rf/rstblk/ngwrdrst.grst.g7serrst.gnsckt_wrst.rst_wr_reg2_inst/src_arst
    SLICE_X40Y31         FDPE                                         f  design_1_i/axi_interconnect_0/s02_couplers/auto_us_df/inst/gen_upsizer.gen_full_upsizer.axi_upsizer_inst/USE_WRITE.gen_pktfifo_w_upsizer.pktfifo_write_data_inst/dw_fifogen_aw/inst_fifo_gen/gaxi_full_lite.gwrite_ch.gwach2.axi_wach/grf.rf/rstblk/ngwrdrst.grst.g7serrst.gnsckt_wrst.rst_wr_reg2_inst/arststages_ff_reg[1]/PRE
  -------------------------------------------------------------------    -------------------

                         (clock clk_fpga_0 rise edge)
                                                      0.000     0.000 r  
    PS7_X0Y0             PS7                          0.000     0.000 r  design_1_i/processing_system7_0/inst/PS7_i/FCLKCLK[0]
                         net (fo=1, routed)           0.337     0.337    design_1_i/processing_system7_0/inst/FCLK_CLK_unbuffered[0]
    BUFGCTRL_X0Y16       BUFG (Prop_bufg_I_O)         0.029     0.366 r  design_1_i/processing_system7_0/inst/buffer_fclk_clk_0.FCLK_CLK_0_BUFG/O
                         net (fo=8817, routed)        0.820     1.186    design_1_i/axi_interconnect_0/s02_couplers/auto_us_df/inst/gen_upsizer.gen_full_upsizer.axi_upsizer_inst/USE_WRITE.gen_pktfifo_w_upsizer.pktfifo_write_data_inst/dw_fifogen_aw/inst_fifo_gen/gaxi_full_lite.gwrite_ch.gwach2.axi_wach/grf.rf/rstblk/ngwrdrst.grst.g7serrst.gnsckt_wrst.rst_wr_reg2_inst/dest_clk
    SLICE_X40Y31         FDPE                                         r  design_1_i/axi_interconnect_0/s02_couplers/auto_us_df/inst/gen_upsizer.gen_full_upsizer.axi_upsizer_inst/USE_WRITE.gen_pktfifo_w_upsizer.pktfifo_write_data_inst/dw_fifogen_aw/inst_fifo_gen/gaxi_full_lite.gwrite_ch.gwach2.axi_wach/grf.rf/rstblk/ngwrdrst.grst.g7serrst.gnsckt_wrst.rst_wr_reg2_inst/arststages_ff_reg[1]/C





