==============================================================
Vitis HLS - High-Level Synthesis from C, C++ and OpenCL v2023.2 (64-bit)
Tool Version Limit: 2023.10
Copyright 1986-2022 Xilinx, Inc. All Rights Reserved.
Copyright 2022-2023 Advanced Micro Devices, Inc. All Rights Reserved.

==============================================================
INFO: [SYN 201-201] Setting up clock 'default' with a period of 10ns.
INFO: [SYN 201-201] Setting up clock 'default' with an uncertainty of 1.25ns.
INFO: [HLS 200-1611] Setting target device to 'xczu7ev-ffvc1156-2-e'
INFO: [HLS 200-1505] Using flow_target 'vivado'
INFO: [HLS 200-1510] Running: set_part xczu7ev-ffvc1156-2-e 
INFO: [HLS 200-1510] Running: create_clock -period 10 -name default 
INFO: [SYN 201-201] Setting up clock 'default' with a period of 10ns.
INFO: [HLS 200-1510] Running: set_clock_uncertainty 1.25 
INFO: [HLS 200-1510] Running: csim_design -quiet 
INFO: [SIM 211-2] *************** CSIM start ***************
INFO: [SIM 211-4] CSIM will launch GCC as the compiler.
INFO: [HLS 200-2036] Building debug C Simulation binaries
ERROR: [SIM 211-100] 'csim_design' failed: compilation error(s).
INFO: [SIM 211-3] *************** CSIM finish ***************
INFO: [HLS 200-111] Finished Command csim_design CPU user time: 1 seconds. CPU system time: 0 seconds. Elapsed time: 9.367 seconds; current allocated memory: 0.387 MB.
==============================================================
Vitis HLS - High-Level Synthesis from C, C++ and OpenCL v2023.2 (64-bit)
Tool Version Limit: 2023.10
Copyright 1986-2022 Xilinx, Inc. All Rights Reserved.
Copyright 2022-2023 Advanced Micro Devices, Inc. All Rights Reserved.

==============================================================
INFO: [SYN 201-201] Setting up clock 'default' with a period of 10ns.
INFO: [SYN 201-201] Setting up clock 'default' with an uncertainty of 1.25ns.
INFO: [HLS 200-1611] Setting target device to 'xczu7ev-ffvc1156-2-e'
INFO: [HLS 200-1505] Using flow_target 'vivado'
INFO: [HLS 200-1510] Running: set_part xczu7ev-ffvc1156-2-e 
INFO: [HLS 200-1510] Running: create_clock -period 10 -name default 
INFO: [HLS 200-1510] Running: set_clock_uncertainty 1.25 
INFO: [HLS 200-1510] Running: csim_design -quiet 
INFO: [SIM 211-2] *************** CSIM start ***************
INFO: [SIM 211-4] CSIM will launch GCC as the compiler.
INFO: [HLS 200-2036] Building debug C Simulation binaries
ERROR: [SIM 211-100] 'csim_design' failed: compilation error(s).
INFO: [SIM 211-3] *************** CSIM finish ***************
INFO: [HLS 200-111] Finished Command csim_design CPU user time: 0 seconds. CPU system time: 0 seconds. Elapsed time: 4.942 seconds; current allocated memory: 0.422 MB.
==============================================================
Vitis HLS - High-Level Synthesis from C, C++ and OpenCL v2023.2 (64-bit)
Tool Version Limit: 2023.10
Copyright 1986-2022 Xilinx, Inc. All Rights Reserved.
Copyright 2022-2023 Advanced Micro Devices, Inc. All Rights Reserved.

==============================================================
INFO: [SYN 201-201] Setting up clock 'default' with a period of 10ns.
INFO: [SYN 201-201] Setting up clock 'default' with an uncertainty of 1.25ns.
INFO: [HLS 200-1611] Setting target device to 'xczu7ev-ffvc1156-2-e'
INFO: [HLS 200-1505] Using flow_target 'vivado'
INFO: [HLS 200-1510] Running: set_part xczu7ev-ffvc1156-2-e 
INFO: [HLS 200-1510] Running: create_clock -period 10 -name default 
INFO: [HLS 200-1510] Running: set_clock_uncertainty 1.25 
INFO: [HLS 200-1510] Running: csim_design -quiet 
INFO: [SIM 211-2] *************** CSIM start ***************
INFO: [SIM 211-4] CSIM will launch GCC as the compiler.
INFO: [HLS 200-2036] Building debug C Simulation binaries
INFO: [SIM 211-1] CSim done with 0 errors.
INFO: [SIM 211-3] *************** CSIM finish ***************
INFO: [HLS 200-111] Finished Command csim_design CPU user time: 0 seconds. CPU system time: 0 seconds. Elapsed time: 14.179 seconds; current allocated memory: 0.605 MB.
==============================================================
Vitis HLS - High-Level Synthesis from C, C++ and OpenCL v2023.2 (64-bit)
Tool Version Limit: 2023.10
Copyright 1986-2022 Xilinx, Inc. All Rights Reserved.
Copyright 2022-2023 Advanced Micro Devices, Inc. All Rights Reserved.

==============================================================
INFO: [SYN 201-201] Setting up clock 'default' with a period of 10ns.
INFO: [SYN 201-201] Setting up clock 'default' with an uncertainty of 1.25ns.
INFO: [HLS 200-1611] Setting target device to 'xczu7ev-ffvc1156-2-e'
INFO: [HLS 200-1505] Using flow_target 'vivado'
INFO: [HLS 200-1510] Running: set_part xczu7ev-ffvc1156-2-e 
INFO: [HLS 200-1510] Running: create_clock -period 10 -name default 
INFO: [HLS 200-1510] Running: set_clock_uncertainty 1.25 
INFO: [HLS 200-1510] Running: csynth_design 
INFO: [HLS 200-111] Finished File checks and directory preparation: CPU user time: 0 seconds. CPU system time: 0 seconds. Elapsed time: 0.144 seconds; current allocated memory: 131.949 MB.
INFO: [HLS 200-10] Analyzing design file 'fns_cmplx.cpp' ... 
INFO: [HLS 200-10] Analyzing design file 'top_cmplx.cpp' ... 
INFO: [HLS 200-111] Finished Source Code Analysis and Preprocessing: CPU user time: 1 seconds. CPU system time: 0 seconds. Elapsed time: 22.706 seconds; current allocated memory: 137.695 MB.
INFO: [HLS 200-777] Using interface defaults for 'Vivado' flow target.
INFO: [HLS 200-1995] There were 3,219 instructions in the design after the 'Compile/Link' phase of compilation. See the Design Size Report for more details: C:/Users/varad/OneDrive/Documents/GitHub/Matrix_Inversion/COMPLEX_QR/CGR_QR_WBS/solution1/syn/report/csynth_design_size.rpt
INFO: [HLS 200-1995] There were 204 instructions in the design after the 'Unroll/Inline (step 1)' phase of compilation. See the Design Size Report for more details: C:/Users/varad/OneDrive/Documents/GitHub/Matrix_Inversion/COMPLEX_QR/CGR_QR_WBS/solution1/syn/report/csynth_design_size.rpt
INFO: [HLS 200-1995] There were 144 instructions in the design after the 'Unroll/Inline (step 2)' phase of compilation. See the Design Size Report for more details: C:/Users/varad/OneDrive/Documents/GitHub/Matrix_Inversion/COMPLEX_QR/CGR_QR_WBS/solution1/syn/report/csynth_design_size.rpt
INFO: [HLS 200-1995] There were 139 instructions in the design after the 'Unroll/Inline (step 3)' phase of compilation. See the Design Size Report for more details: C:/Users/varad/OneDrive/Documents/GitHub/Matrix_Inversion/COMPLEX_QR/CGR_QR_WBS/solution1/syn/report/csynth_design_size.rpt
INFO: [HLS 200-1995] There were 139 instructions in the design after the 'Unroll/Inline (step 4)' phase of compilation. See the Design Size Report for more details: C:/Users/varad/OneDrive/Documents/GitHub/Matrix_Inversion/COMPLEX_QR/CGR_QR_WBS/solution1/syn/report/csynth_design_size.rpt
INFO: [HLS 200-1995] There were 522 instructions in the design after the 'Array/Struct (step 1)' phase of compilation. See the Design Size Report for more details: C:/Users/varad/OneDrive/Documents/GitHub/Matrix_Inversion/COMPLEX_QR/CGR_QR_WBS/solution1/syn/report/csynth_design_size.rpt
INFO: [HLS 200-1995] There were 438 instructions in the design after the 'Array/Struct (step 2)' phase of compilation. See the Design Size Report for more details: C:/Users/varad/OneDrive/Documents/GitHub/Matrix_Inversion/COMPLEX_QR/CGR_QR_WBS/solution1/syn/report/csynth_design_size.rpt
INFO: [HLS 200-1995] There were 438 instructions in the design after the 'Array/Struct (step 3)' phase of compilation. See the Design Size Report for more details: C:/Users/varad/OneDrive/Documents/GitHub/Matrix_Inversion/COMPLEX_QR/CGR_QR_WBS/solution1/syn/report/csynth_design_size.rpt
INFO: [HLS 200-1995] There were 435 instructions in the design after the 'Array/Struct (step 4)' phase of compilation. See the Design Size Report for more details: C:/Users/varad/OneDrive/Documents/GitHub/Matrix_Inversion/COMPLEX_QR/CGR_QR_WBS/solution1/syn/report/csynth_design_size.rpt
INFO: [HLS 200-1995] There were 441 instructions in the design after the 'Array/Struct (step 5)' phase of compilation. See the Design Size Report for more details: C:/Users/varad/OneDrive/Documents/GitHub/Matrix_Inversion/COMPLEX_QR/CGR_QR_WBS/solution1/syn/report/csynth_design_size.rpt
INFO: [HLS 200-1995] There were 441 instructions in the design after the 'Performance (step 1)' phase of compilation. See the Design Size Report for more details: C:/Users/varad/OneDrive/Documents/GitHub/Matrix_Inversion/COMPLEX_QR/CGR_QR_WBS/solution1/syn/report/csynth_design_size.rpt
INFO: [HLS 200-1995] There were 620 instructions in the design after the 'Performance (step 2)' phase of compilation. See the Design Size Report for more details: C:/Users/varad/OneDrive/Documents/GitHub/Matrix_Inversion/COMPLEX_QR/CGR_QR_WBS/solution1/syn/report/csynth_design_size.rpt
INFO: [HLS 200-1995] There were 1,350 instructions in the design after the 'Performance (step 3)' phase of compilation. See the Design Size Report for more details: C:/Users/varad/OneDrive/Documents/GitHub/Matrix_Inversion/COMPLEX_QR/CGR_QR_WBS/solution1/syn/report/csynth_design_size.rpt
INFO: [HLS 200-1995] There were 804 instructions in the design after the 'Performance (step 4)' phase of compilation. See the Design Size Report for more details: C:/Users/varad/OneDrive/Documents/GitHub/Matrix_Inversion/COMPLEX_QR/CGR_QR_WBS/solution1/syn/report/csynth_design_size.rpt
INFO: [HLS 200-1995] There were 870 instructions in the design after the 'HW Transforms (step 1)' phase of compilation. See the Design Size Report for more details: C:/Users/varad/OneDrive/Documents/GitHub/Matrix_Inversion/COMPLEX_QR/CGR_QR_WBS/solution1/syn/report/csynth_design_size.rpt
INFO: [HLS 200-1995] There were 896 instructions in the design after the 'HW Transforms (step 2)' phase of compilation. See the Design Size Report for more details: C:/Users/varad/OneDrive/Documents/GitHub/Matrix_Inversion/COMPLEX_QR/CGR_QR_WBS/solution1/syn/report/csynth_design_size.rpt
INFO: [HLS 214-248] Applying array_partition to 'Q.real': Complete partitioning on dimension 2. (top_cmplx.cpp:19:7)
INFO: [HLS 214-248] Applying array_partition to 'Q.imag': Complete partitioning on dimension 2. (top_cmplx.cpp:19:7)
INFO: [HLS 214-248] Applying array_partition to 'R.real': Complete partitioning on dimension 2. (top_cmplx.cpp:20:7)
INFO: [HLS 214-248] Applying array_partition to 'R.imag': Complete partitioning on dimension 2. (top_cmplx.cpp:20:7)
INFO: [HLS 214-376] automatically set the pipeline for Loop< VITIS_LOOP_35_1> at top_cmplx.cpp:35:22 
INFO: [HLS 214-376] automatically set the pipeline for Loop< DUMMY_STAGE> at top_cmplx.cpp:68:1 
INFO: [HLS 214-376] automatically set the pipeline for Loop< VITIS_LOOP_96_3> at top_cmplx.cpp:96:22 
INFO: [HLS 214-376] automatically set the pipeline for Loop< VITIS_LOOP_107_4> at top_cmplx.cpp:107:23 
INFO: [HLS 214-291] Loop 'VITIS_LOOP_70_2' is marked as complete unroll implied by the pipeline pragma (top_cmplx.cpp:70:22)
INFO: [HLS 214-186] Unrolling loop 'VITIS_LOOP_70_2' (top_cmplx.cpp:70:22) in function 'top' completely with a factor of 8 (top_cmplx.cpp:8:0)
INFO: [HLS 214-270] Inferring pragma 'array_partition type=complete dim=2' for array 'Q_out.imag' due to pipeline pragma (top_cmplx.cpp:22:7)
INFO: [HLS 214-270] Inferring pragma 'array_partition type=complete dim=2' for array 'Q_out.real' due to pipeline pragma (top_cmplx.cpp:22:7)
INFO: [HLS 214-270] Inferring pragma 'array_partition type=complete dim=2' for array 'R_out.imag' due to pipeline pragma (top_cmplx.cpp:23:7)
INFO: [HLS 214-270] Inferring pragma 'array_partition type=complete dim=2' for array 'R_out.real' due to pipeline pragma (top_cmplx.cpp:23:7)
INFO: [HLS 214-248] Applying array_partition to 'Q_out.real': Complete partitioning on dimension 2. (top_cmplx.cpp:22:7)
INFO: [HLS 214-248] Applying array_partition to 'Q_out.imag': Complete partitioning on dimension 2. (top_cmplx.cpp:22:7)
INFO: [HLS 214-248] Applying array_partition to 'R_out.real': Complete partitioning on dimension 2. (top_cmplx.cpp:23:7)
INFO: [HLS 214-248] Applying array_partition to 'R_out.imag': Complete partitioning on dimension 2. (top_cmplx.cpp:23:7)
INFO: [HLS 200-111] Finished Compiling Optimization and Transform: CPU user time: 0 seconds. CPU system time: 0 seconds. Elapsed time: 9.169 seconds; current allocated memory: 139.336 MB.
INFO: [HLS 200-111] Finished Checking Pragmas: CPU user time: 0 seconds. CPU system time: 0 seconds. Elapsed time: 0.007 seconds; current allocated memory: 139.340 MB.
INFO: [HLS 200-10] Starting code transformations ...
INFO: [HLS 200-111] Finished Standard Transforms: CPU user time: 0 seconds. CPU system time: 0 seconds. Elapsed time: 0.22 seconds; current allocated memory: 145.793 MB.
INFO: [HLS 200-10] Checking synthesizability ...
INFO: [HLS 200-111] Finished Checking Synthesizability: CPU user time: 0 seconds. CPU system time: 0 seconds. Elapsed time: 0.129 seconds; current allocated memory: 147.594 MB.
INFO: [HLS 200-111] Finished Loop, function and other optimizations: CPU user time: 1 seconds. CPU system time: 0 seconds. Elapsed time: 0.319 seconds; current allocated memory: 172.090 MB.
INFO: [HLS 200-2061] Successfully converted nested loops 'READ_INIT'(top_cmplx.cpp:33:1) and 'VITIS_LOOP_35_1'(top_cmplx.cpp:35:22) in function 'top' into perfectly nested loops.
INFO: [HLS 200-2061] Successfully converted nested loops 'WRITE_Q'(top_cmplx.cpp:94:1) and 'VITIS_LOOP_96_3'(top_cmplx.cpp:96:22) in function 'top' into perfectly nested loops.
INFO: [HLS 200-2061] Successfully converted nested loops 'WRITE_R'(top_cmplx.cpp:105:1) and 'VITIS_LOOP_107_4'(top_cmplx.cpp:107:23) in function 'top' into perfectly nested loops.
INFO: [XFORM 203-541] Flattening a loop nest 'READ_INIT' (top_cmplx.cpp:33:1) in function 'top'.
INFO: [XFORM 203-541] Flattening a loop nest 'WRITE_Q' (top_cmplx.cpp:94:1) in function 'top'.
INFO: [XFORM 203-541] Flattening a loop nest 'WRITE_R' (top_cmplx.cpp:105:1) in function 'top'.
WARNING: [SYN 201-506] Unknown intrinsic op [_ssdm_op_FloatingPoint_Mul.i32.i32.i32]
WARNING: [SYN 201-506] Unknown intrinsic op [_ssdm_op_FloatingPoint_Mul.i32.i32.i32]
WARNING: [SYN 201-506] Unknown intrinsic op [_ssdm_op_FloatingPoint_Mul.i32.i32.i32]
WARNING: [SYN 201-506] Unknown intrinsic op [_ssdm_op_FloatingPoint_Mul.i32.i32.i32]
WARNING: [SYN 201-506] Unknown intrinsic op [_ssdm_op_FloatingPoint_Mul.i32.i32.i32]
WARNING: [SYN 201-506] Unknown intrinsic op [_ssdm_op_FloatingPoint_Mul.i32.i32.i32]
WARNING: [SYN 201-506] Unknown intrinsic op [_ssdm_op_FloatingPoint_Mul.i32.i32.i32]
WARNING: [SYN 201-506] Unknown intrinsic op [_ssdm_op_FloatingPoint_Mul.i32.i32.i32]
WARNING: [SYN 201-506] Unknown intrinsic op [_ssdm_op_FloatingPoint_Mul.i32.i32.i32]
WARNING: [SYN 201-506] Unknown intrinsic op [_ssdm_op_FloatingPoint_Mul.i32.i32.i32]
WARNING: [SYN 201-506] Unknown intrinsic op [_ssdm_op_FloatingPoint_Mul.i32.i32.i32]
WARNING: [SYN 201-506] Unknown intrinsic op [_ssdm_op_FloatingPoint_Mul.i32.i32.i32]
WARNING: [SYN 201-506] Unknown intrinsic op [_ssdm_op_FloatingPoint_Mul.i32.i32.i32]
WARNING: [SYN 201-506] Unknown intrinsic op [_ssdm_op_FloatingPoint_Mul.i32.i32.i32]
WARNING: [SYN 201-506] Unknown intrinsic op [_ssdm_op_FloatingPoint_Mul.i32.i32.i32]
WARNING: [SYN 201-506] Unknown intrinsic op [_ssdm_op_FloatingPoint_Mul.i32.i32.i32]
WARNING: [SYN 201-506] Unknown intrinsic op [_ssdm_op_FloatingPoint_Mul.i32.i32.i32]
WARNING: [SYN 201-506] Unknown intrinsic op [_ssdm_op_FloatingPoint_Mul.i32.i32.i32]
WARNING: [SYN 201-506] Unknown intrinsic op [_ssdm_op_FloatingPoint_Mul.i32.i32.i32]
WARNING: [SYN 201-506] Unknown intrinsic op [_ssdm_op_FloatingPoint_Mul.i32.i32.i32]
WARNING: [SYN 201-506] Unknown intrinsic op [_ssdm_op_FloatingPoint_Mul.i32.i32.i32]
WARNING: [SYN 201-506] Unknown intrinsic op [_ssdm_op_FloatingPoint_Mul.i32.i32.i32]
WARNING: [SYN 201-506] Unknown intrinsic op [_ssdm_op_FloatingPoint_Mul.i32.i32.i32]
WARNING: [SYN 201-506] Unknown intrinsic op [_ssdm_op_FloatingPoint_Mul.i32.i32.i32]
WARNING: [SYN 201-506] Unknown intrinsic op [_ssdm_op_FloatingPoint_Mul.i32.i32.i32]
WARNING: [SYN 201-506] Unknown intrinsic op [_ssdm_op_FloatingPoint_Mul.i32.i32.i32]
WARNING: [SYN 201-506] Unknown intrinsic op [_ssdm_op_FloatingPoint_Mul.i32.i32.i32]
WARNING: [SYN 201-506] Unknown intrinsic op [_ssdm_op_FloatingPoint_Mul.i32.i32.i32]
WARNING: [SYN 201-506] Unknown intrinsic op [_ssdm_op_FloatingPoint_Add.i32.i32.i32]
WARNING: [SYN 201-506] Unknown intrinsic op [_ssdm_op_FloatingPoint_Add.i32.i32.i32]
WARNING: [SYN 201-506] Unknown intrinsic op [_ssdm_op_FloatingPoint_Mul.i32.i32.i32]
WARNING: [SYN 201-506] Unknown intrinsic op [_ssdm_op_FloatingPoint_Mul.i32.i32.i32]
WARNING: [SYN 201-506] Unknown intrinsic op [_ssdm_op_FloatingPoint_Mul.i32.i32.i32]
WARNING: [SYN 201-506] Unknown intrinsic op [_ssdm_op_FloatingPoint_Mul.i32.i32.i32]
WARNING: [SYN 201-506] Unknown intrinsic op [_ssdm_op_FloatingPoint_Add.i32.i32.i32]
WARNING: [SYN 201-506] Unknown intrinsic op [_ssdm_op_FloatingPoint_Add.i32.i32.i32]
WARNING: [SYN 201-506] Unknown intrinsic op [_ssdm_op_FloatingPoint_Add.i32.i32.i32]
WARNING: [SYN 201-506] Unknown intrinsic op [_ssdm_op_FloatingPoint_Add.i32.i32.i32]
WARNING: [SYN 201-506] Unknown intrinsic op [_ssdm_op_FloatingPoint_Add.i32.i32.i32]
WARNING: [SYN 201-506] Unknown intrinsic op [_ssdm_op_FloatingPoint_Add.i32.i32.i32]
WARNING: [SYN 201-506] Unknown intrinsic op [_ssdm_op_FloatingPoint_Add.i32.i32.i32]
WARNING: [SYN 201-506] Unknown intrinsic op [_ssdm_op_FloatingPoint_Add.i32.i32.i32]
WARNING: [SYN 201-506] Unknown intrinsic op [_ssdm_op_FloatingPoint_Add.i32.i32.i32]
WARNING: [SYN 201-506] Unknown intrinsic op [_ssdm_op_FloatingPoint_Add.i32.i32.i32]
WARNING: [SYN 201-506] Unknown intrinsic op [_ssdm_op_FloatingPoint_Add.i32.i32.i32]
WARNING: [SYN 201-506] Unknown intrinsic op [_ssdm_op_FloatingPoint_Add.i32.i32.i32]
WARNING: [SYN 201-506] Unknown intrinsic op [_ssdm_op_FloatingPoint_Add.i32.i32.i32]
WARNING: [SYN 201-506] Unknown intrinsic op [_ssdm_op_FloatingPoint_Add.i32.i32.i32]
WARNING: [SYN 201-506] Unknown intrinsic op [_ssdm_op_FloatingPoint_Mul.i32.i32.i32]
WARNING: [SYN 201-506] Unknown intrinsic op [_ssdm_op_FloatingPoint_Mul.i32.i32.i32]
WARNING: [SYN 201-506] Unknown intrinsic op [_ssdm_op_FloatingPoint_Mul.i32.i32.i32]
WARNING: [SYN 201-506] Unknown intrinsic op [_ssdm_op_FloatingPoint_Mul.i32.i32.i32]
WARNING: [SYN 201-506] Unknown intrinsic op [_ssdm_op_FloatingPoint_Add.i32.i32.i32]
WARNING: [SYN 201-506] Unknown intrinsic op [_ssdm_op_FloatingPoint_Add.i32.i32.i32]
WARNING: [SYN 201-506] Unknown intrinsic op [_ssdm_op_FloatingPoint_Mul.i32.i32.i32]
WARNING: [SYN 201-506] Unknown intrinsic op [_ssdm_op_FloatingPoint_Mul.i32.i32.i32]
WARNING: [SYN 201-506] Unknown intrinsic op [_ssdm_op_FloatingPoint_Mul.i32.i32.i32]
WARNING: [SYN 201-506] Unknown intrinsic op [_ssdm_op_FloatingPoint_Mul.i32.i32.i32]
WARNING: [SYN 201-506] Unknown intrinsic op [_ssdm_op_FloatingPoint_Add.i32.i32.i32]
WARNING: [SYN 201-506] Unknown intrinsic op [_ssdm_op_FloatingPoint_Add.i32.i32.i32]
WARNING: [SYN 201-506] Unknown intrinsic op [_ssdm_op_FloatingPoint_Mul.i32.i32.i32]
WARNING: [SYN 201-506] Unknown intrinsic op [_ssdm_op_FloatingPoint_Mul.i32.i32.i32]
WARNING: [SYN 201-506] Unknown intrinsic op [_ssdm_op_FloatingPoint_Mul.i32.i32.i32]
WARNING: [SYN 201-506] Unknown intrinsic op [_ssdm_op_FloatingPoint_Mul.i32.i32.i32]
WARNING: [SYN 201-506] Unknown intrinsic op [_ssdm_op_FloatingPoint_Add.i32.i32.i32]
WARNING: [SYN 201-506] Unknown intrinsic op [_ssdm_op_FloatingPoint_Add.i32.i32.i32]
WARNING: [SYN 201-506] Unknown intrinsic op [_ssdm_op_FloatingPoint_Mul.i32.i32.i32]
WARNING: [SYN 201-506] Unknown intrinsic op [_ssdm_op_FloatingPoint_Mul.i32.i32.i32]
WARNING: [SYN 201-506] Unknown intrinsic op [_ssdm_op_FloatingPoint_Mul.i32.i32.i32]
WARNING: [SYN 201-506] Unknown intrinsic op [_ssdm_op_FloatingPoint_Mul.i32.i32.i32]
WARNING: [SYN 201-506] Unknown intrinsic op [_ssdm_op_FloatingPoint_Add.i32.i32.i32]
WARNING: [SYN 201-506] Unknown intrinsic op [_ssdm_op_FloatingPoint_Add.i32.i32.i32]
WARNING: [SYN 201-506] Unknown intrinsic op [_ssdm_op_FloatingPoint_Mul.i32.i32.i32]
WARNING: [SYN 201-506] Unknown intrinsic op [_ssdm_op_FloatingPoint_Mul.i32.i32.i32]
WARNING: [SYN 201-506] Unknown intrinsic op [_ssdm_op_FloatingPoint_Mul.i32.i32.i32]
WARNING: [SYN 201-506] Unknown intrinsic op [_ssdm_op_FloatingPoint_Mul.i32.i32.i32]
WARNING: [SYN 201-506] Unknown intrinsic op [_ssdm_op_FloatingPoint_Add.i32.i32.i32]
WARNING: [SYN 201-506] Unknown intrinsic op [_ssdm_op_FloatingPoint_Add.i32.i32.i32]
WARNING: [SYN 201-506] Unknown intrinsic op [_ssdm_op_FloatingPoint_Mul.i32.i32.i32]
WARNING: [SYN 201-506] Unknown intrinsic op [_ssdm_op_FloatingPoint_Mul.i32.i32.i32]
WARNING: [SYN 201-506] Unknown intrinsic op [_ssdm_op_FloatingPoint_Mul.i32.i32.i32]
WARNING: [SYN 201-506] Unknown intrinsic op [_ssdm_op_FloatingPoint_Mul.i32.i32.i32]
WARNING: [SYN 201-506] Unknown intrinsic op [_ssdm_op_FloatingPoint_Add.i32.i32.i32]
WARNING: [SYN 201-506] Unknown intrinsic op [_ssdm_op_FloatingPoint_Add.i32.i32.i32]
WARNING: [SYN 201-506] Unknown intrinsic op [_ssdm_op_FloatingPoint_Mul.i32.i32.i32]
WARNING: [SYN 201-506] Unknown intrinsic op [_ssdm_op_FloatingPoint_Mul.i32.i32.i32]
WARNING: [SYN 201-506] Unknown intrinsic op [_ssdm_op_FloatingPoint_Mul.i32.i32.i32]
WARNING: [SYN 201-506] Unknown intrinsic op [_ssdm_op_FloatingPoint_Mul.i32.i32.i32]
WARNING: [SYN 201-506] Unknown intrinsic op [_ssdm_op_FloatingPoint_Add.i32.i32.i32]
WARNING: [SYN 201-506] Unknown intrinsic op [_ssdm_op_FloatingPoint_Add.i32.i32.i32]
WARNING: [SYN 201-506] Unknown intrinsic op [_ssdm_op_FloatingPoint_Mul.i32.i32.i32]
WARNING: [SYN 201-506] Unknown intrinsic op [_ssdm_op_FloatingPoint_Mul.i32.i32.i32]
WARNING: [SYN 201-506] Unknown intrinsic op [_ssdm_op_FloatingPoint_Mul.i32.i32.i32]
WARNING: [SYN 201-506] Unknown intrinsic op [_ssdm_op_FloatingPoint_Mul.i32.i32.i32]
WARNING: [SYN 201-506] Unknown intrinsic op [_ssdm_op_FloatingPoint_Add.i32.i32.i32]
WARNING: [SYN 201-506] Unknown intrinsic op [_ssdm_op_FloatingPoint_Add.i32.i32.i32]
WARNING: [SYN 201-506] Unknown intrinsic op [_ssdm_op_FloatingPoint_Mul.i32.i32.i32]
WARNING: [SYN 201-506] Unknown intrinsic op [_ssdm_op_FloatingPoint_Mul.i32.i32.i32]
WARNING: [SYN 201-506] Unknown intrinsic op [_ssdm_op_FloatingPoint_Mul.i32.i32.i32]
WARNING: [SYN 201-506] Unknown intrinsic op [_ssdm_op_FloatingPoint_Mul.i32.i32.i32]
WARNING: [SYN 201-506] Unknown intrinsic op [_ssdm_op_FloatingPoint_Mul.i32.i32.i32]
WARNING: [SYN 201-506] Unknown intrinsic op [_ssdm_op_FloatingPoint_Mul.i32.i32.i32]
WARNING: [SYN 201-506] Unknown intrinsic op [_ssdm_op_FloatingPoint_Mul.i32.i32.i32]
WARNING: [SYN 201-506] Unknown intrinsic op [_ssdm_op_FloatingPoint_Mul.i32.i32.i32]
WARNING: [SYN 201-506] Unknown intrinsic op [_ssdm_op_FloatingPoint_Mul.i32.i32.i32]
WARNING: [SYN 201-506] Unknown intrinsic op [_ssdm_op_FloatingPoint_Mul.i32.i32.i32]
WARNING: [SYN 201-506] Unknown intrinsic op [_ssdm_op_FloatingPoint_Mul.i32.i32.i32]
WARNING: [SYN 201-506] Unknown intrinsic op [_ssdm_op_FloatingPoint_Mul.i32.i32.i32]
WARNING: [SYN 201-506] Unknown intrinsic op [_ssdm_op_FloatingPoint_Mul.i32.i32.i32]
WARNING: [SYN 201-506] Unknown intrinsic op [_ssdm_op_FloatingPoint_Mul.i32.i32.i32]
WARNING: [SYN 201-506] Unknown intrinsic op [_ssdm_op_FloatingPoint_Mul.i32.i32.i32]
WARNING: [SYN 201-506] Unknown intrinsic op [_ssdm_op_FloatingPoint_Mul.i32.i32.i32]
WARNING: [SYN 201-506] Unknown intrinsic op [_ssdm_op_FloatingPoint_Mul.i32.i32.i32]
WARNING: [SYN 201-506] Unknown intrinsic op [_ssdm_op_FloatingPoint_Mul.i32.i32.i32]
WARNING: [SYN 201-506] Unknown intrinsic op [_ssdm_op_FloatingPoint_Mul.i32.i32.i32]
WARNING: [SYN 201-506] Unknown intrinsic op [_ssdm_op_FloatingPoint_Mul.i32.i32.i32]
WARNING: [SYN 201-506] Unknown intrinsic op [_ssdm_op_FloatingPoint_Mul.i32.i32.i32]
WARNING: [SYN 201-506] Unknown intrinsic op [_ssdm_op_FloatingPoint_Mul.i32.i32.i32]
WARNING: [SYN 201-506] Unknown intrinsic op [_ssdm_op_FloatingPoint_Mul.i32.i32.i32]
WARNING: [SYN 201-506] Unknown intrinsic op [_ssdm_op_FloatingPoint_Mul.i32.i32.i32]
WARNING: [SYN 201-506] Unknown intrinsic op [_ssdm_op_FloatingPoint_Mul.i32.i32.i32]
WARNING: [SYN 201-506] Unknown intrinsic op [_ssdm_op_FloatingPoint_Mul.i32.i32.i32]
WARNING: [SYN 201-506] Unknown intrinsic op [_ssdm_op_FloatingPoint_Mul.i32.i32.i32]
WARNING: [SYN 201-506] Unknown intrinsic op [_ssdm_op_FloatingPoint_Mul.i32.i32.i32]
WARNING: [SYN 201-506] Unknown intrinsic op [_ssdm_op_FloatingPoint_Mul.i32.i32.i32]
WARNING: [SYN 201-506] Unknown intrinsic op [_ssdm_op_FloatingPoint_Mul.i32.i32.i32]
WARNING: [SYN 201-506] Unknown intrinsic op [_ssdm_op_FloatingPoint_Mul.i32.i32.==============================================================
Vitis HLS - High-Level Synthesis from C, C++ and OpenCL v2023.2 (64-bit)
Tool Version Limit: 2023.10
Copyright 1986-2022 Xilinx, Inc. All Rights Reserved.
Copyright 2022-2023 Advanced Micro Devices, Inc. All Rights Reserved.

==============================================================
INFO: [SYN 201-201] Setting up clock 'default' with a period of 10ns.
INFO: [SYN 201-201] Setting up clock 'default' with an uncertainty of 1.25ns.
INFO: [HLS 200-1611] Setting target device to 'xczu7ev-ffvc1156-2-e'
INFO: [HLS 200-1505] Using flow_target 'vivado'
INFO: [HLS 200-1510] Running: set_part xczu7ev-ffvc1156-2-e 
INFO: [HLS 200-1510] Running: create_clock -period 10 -name default 
INFO: [HLS 200-1510] Running: set_clock_uncertainty 1.25 
INFO: [HLS 200-1510] Running: csim_design -quiet 
INFO: [SIM 211-2] *************** CSIM start ***************
INFO: [SIM 211-4] CSIM will launch GCC as the compiler.
INFO: [HLS 200-2036] Building debug C Simulation binaries
INFO: [SIM 211-1] CSim done with 0 errors.
INFO: [SIM 211-3] *************** CSIM finish ***************
INFO: [HLS 200-111] Finished Command csim_design CPU user time: 0 seconds. CPU system time: 0 seconds. Elapsed time: 9.732 seconds; current allocated memory: 0.457 MB.
==============================================================
Vitis HLS - High-Level Synthesis from C, C++ and OpenCL v2023.2 (64-bit)
Tool Version Limit: 2023.10
Copyright 1986-2022 Xilinx, Inc. All Rights Reserved.
Copyright 2022-2023 Advanced Micro Devices, Inc. All Rights Reserved.

==============================================================
INFO: [SYN 201-201] Setting up clock 'default' with a period of 10ns.
INFO: [SYN 201-201] Setting up clock 'default' with an uncertainty of 1.25ns.
INFO: [HLS 200-1611] Setting target device to 'xczu7ev-ffvc1156-2-e'
INFO: [HLS 200-1505] Using flow_target 'vivado'
INFO: [HLS 200-1510] Running: set_part xczu7ev-ffvc1156-2-e 
INFO: [HLS 200-1510] Running: create_clock -period 10 -name default 
INFO: [HLS 200-1510] Running: set_clock_uncertainty 1.25 
INFO: [HLS 200-1510] Running: csim_design -quiet 
INFO: [SIM 211-2] *************** CSIM start ***************
INFO: [SIM 211-4] CSIM will launch GCC as the compiler.
INFO: [HLS 200-2036] Building debug C Simulation binaries
INFO: [SIM 211-1] CSim done with 0 errors.
INFO: [SIM 211-3] *************** CSIM finish ***************
INFO: [HLS 200-111] Finished Command csim_design CPU user time: 0 seconds. CPU system time: 0 seconds. Elapsed time: 5.452 seconds; current allocated memory: 0.457 MB.
==============================================================
Vitis HLS - High-Level Synthesis from C, C++ and OpenCL v2023.2 (64-bit)
Tool Version Limit: 2023.10
Copyright 1986-2022 Xilinx, Inc. All Rights Reserved.
Copyright 2022-2023 Advanced Micro Devices, Inc. All Rights Reserved.

==============================================================
INFO: [SYN 201-201] Setting up clock 'default' with a period of 10ns.
INFO: [SYN 201-201] Setting up clock 'default' with an uncertainty of 1.25ns.
INFO: [HLS 200-1611] Setting target device to 'xczu7ev-ffvc1156-2-e'
INFO: [HLS 200-1505] Using flow_target 'vivado'
INFO: [HLS 200-1510] Running: set_part xczu7ev-ffvc1156-2-e 
INFO: [HLS 200-1510] Running: create_clock -period 10 -name default 
INFO: [HLS 200-1510] Running: set_clock_uncertainty 1.25 
INFO: [HLS 200-1510] Running: csim_design -quiet 
INFO: [SIM 211-2] *************** CSIM start ***************
INFO: [SIM 211-4] CSIM will launch GCC as the compiler.
INFO: [HLS 200-2036] Building debug C Simulation binaries
INFO: [SIM 211-1] CSim done with 0 errors.
INFO: [SIM 211-3] *************** CSIM finish ***************
INFO: [HLS 200-111] Finished Command csim_design CPU user time: 0 seconds. CPU system time: 0 seconds. Elapsed time: 8.57 seconds; current allocated memory: 0.473 MB.
==============================================================
Vitis HLS - High-Level Synthesis from C, C++ and OpenCL v2023.2 (64-bit)
Tool Version Limit: 2023.10
Copyright 1986-2022 Xilinx, Inc. All Rights Reserved.
Copyright 2022-2023 Advanced Micro Devices, Inc. All Rights Reserved.

==============================================================
INFO: [SYN 201-201] Setting up clock 'default' with a period of 10ns.
INFO: [SYN 201-201] Setting up clock 'default' with an uncertainty of 1.25ns.
INFO: [HLS 200-1611] Setting target device to 'xczu7ev-ffvc1156-2-e'
INFO: [HLS 200-1505] Using flow_target 'vivado'
INFO: [HLS 200-1510] Running: set_part xczu7ev-ffvc1156-2-e 
INFO: [HLS 200-1510] Running: create_clock -period 10 -name default 
INFO: [HLS 200-1510] Running: set_clock_uncertainty 1.25 
INFO: [HLS 200-1510] Running: csim_design -quiet 
INFO: [SIM 211-2] *************** CSIM start ***************
INFO: [SIM 211-4] CSIM will launch GCC as the compiler.
INFO: [HLS 200-2036] Building debug C Simulation binaries
INFO: [SIM 211-1] CSim done with 0 errors.
INFO: [SIM 211-3] *************** CSIM finish ***************
INFO: [HLS 200-111] Finished Command csim_design CPU user time: 0 seconds. CPU system time: 0 seconds. Elapsed time: 8.543 seconds; current allocated memory: 0.527 MB.
==============================================================
Vitis HLS - High-Level Synthesis from C, C++ and OpenCL v2023.2 (64-bit)
Tool Version Limit: 2023.10
Copyright 1986-2022 Xilinx, Inc. All Rights Reserved.
Copyright 2022-2023 Advanced Micro Devices, Inc. All Rights Reserved.

==============================================================
INFO: [SYN 201-201] Setting up clock 'default' with a period of 10ns.
INFO: [SYN 201-201] Setting up clock 'default' with an uncertainty of 1.25ns.
INFO: [HLS 200-1611] Setting target device to 'xczu7ev-ffvc1156-2-e'
INFO: [HLS 200-1505] Using flow_target 'vivado'
INFO: [HLS 200-1510] Running: set_part xczu7ev-ffvc1156-2-e 
INFO: [HLS 200-1510] Running: create_clock -period 10 -name default 
INFO: [HLS 200-1510] Running: set_clock_uncertainty 1.25 
INFO: [HLS 200-1510] Running: csim_design -quiet 
INFO: [SIM 211-2] *************** CSIM start ***************
INFO: [SIM 211-4] CSIM will launch GCC as the compiler.
INFO: [HLS 200-2036] Building debug C Simulation binaries
INFO: [SIM 211-1] CSim done with 0 errors.
INFO: [SIM 211-3] *************** CSIM finish ***************
INFO: [HLS 200-111] Finished Command csim_design CPU user time: 0 seconds. CPU system time: 0 seconds. Elapsed time: 5.859 seconds; current allocated memory: 0.449 MB.
==============================================================
Vitis HLS - High-Level Synthesis from C, C++ and OpenCL v2023.2 (64-bit)
Tool Version Limit: 2023.10
Copyright 1986-2022 Xilinx, Inc. All Rights Reserved.
Copyright 2022-2023 Advanced Micro Devices, Inc. All Rights Reserved.

==============================================================
INFO: [SYN 201-201] Setting up clock 'default' with a period of 10ns.
INFO: [SYN 201-201] Setting up clock 'default' with an uncertainty of 1.25ns.
INFO: [HLS 200-1611] Setting target device to 'xczu7ev-ffvc1156-2-e'
INFO: [HLS 200-1505] Using flow_target 'vivado'
INFO: [HLS 200-1510] Running: set_part xczu7ev-ffvc1156-2-e 
INFO: [HLS 200-1510] Running: create_clock -period 10 -name default 
INFO: [HLS 200-1510] Running: set_clock_uncertainty 1.25 
INFO: [HLS 200-1510] Running: csim_design -quiet 
INFO: [SIM 211-2] *************** CSIM start ***************
INFO: [SIM 211-4] CSIM will launch GCC as the compiler.
INFO: [HLS 200-2036] Building debug C Simulation binaries
INFO: [SIM 211-1] CSim done with 0 errors.
INFO: [SIM 211-3] *************** CSIM finish ***************
INFO: [HLS 200-111] Finished Command csim_design CPU user time: 0 seconds. CPU system time: 0 seconds. Elapsed time: 5.014 seconds; current allocated memory: 0.449 MB.
==============================================================
Vitis HLS - High-Level Synthesis from C, C++ and OpenCL v2023.2 (64-bit)
Tool Version Limit: 2023.10
Copyright 1986-2022 Xilinx, Inc. All Rights Reserved.
Copyright 2022-2023 Advanced Micro Devices, Inc. All Rights Reserved.

==============================================================
==============================================================
Vitis HLS - High-Level Synthesis from C, C++ and OpenCL v2023.2 (64-bit)
Tool Version Limit: 2023.10
Copyright 1986-2022 Xilinx, Inc. All Rights Reserved.
Copyright 2022-2023 Advanced Micro Devices, Inc. All Rights Reserved.

==============================================================
INFO: [SYN 201-201] Setting up clock 'default' with a period of 10ns.
INFO: [SYN 201-201] Setting up clock 'default' with an uncertainty of 1.25ns.
INFO: [HLS 200-1611] Setting target device to 'xczu7ev-ffvc1156-2-e'
INFO: [HLS 200-1505] Using flow_target 'vivado'
INFO: [HLS 200-1510] Running: set_part xczu7ev-ffvc1156-2-e 
INFO: [HLS 200-1510] Running: create_clock -period 10 -name default 
INFO: [HLS 200-1510] Running: set_clock_uncertainty 1.25 
INFO: [HLS 200-1510] Running: csynth_design 
INFO: [HLS 200-111] Finished File checks and directory preparation: CPU user time: 0 seconds. CPU system time: 0 seconds. Elapsed time: 0.122 seconds; current allocated memory: 131.832 MB.
INFO: [HLS 200-10] Analyzing design file 'fns_cmplx.cpp' ... 
INFO: [HLS 200-10] Analyzing design file 'top_cmplx.cpp' ... 
INFO: [HLS 200-111] Finished Source Code Analysis and Preprocessing: CPU user time: 1 seconds. CPU system time: 0 seconds. Elapsed time: 20.871 seconds; current allocated memory: 137.488 MB.
INFO: [HLS 200-777] Using interface defaults for 'Vivado' flow target.
INFO: [HLS 200-1995] There were 314 instructions in the design after the 'Compile/Link' phase of compilation. See the Design Size Report for more details: C:/Users/varad/OneDrive/Documents/GitHub/Matrix_Inversion/COMPLEX_QR/CGR_QR_WBS/solution1/syn/report/csynth_design_size.rpt
INFO: [HLS 200-1995] There were 201 instructions in the design after the 'Unroll/Inline (step 1)' phase of compilation. See the Design Size Report for more details: C:/Users/varad/OneDrive/Documents/GitHub/Matrix_Inversion/COMPLEX_QR/CGR_QR_WBS/solution1/syn/report/csynth_design_size.rpt
INFO: [HLS 200-1995] There were 141 instructions in the design after the 'Unroll/Inline (step 2)' phase of compilation. See the Design Size Report for more details: C:/Users/varad/OneDrive/Documents/GitHub/Matrix_Inversion/COMPLEX_QR/CGR_QR_WBS/solution1/syn/report/csynth_design_size.rpt
INFO: [HLS 200-1995] There were 136 instructions in the design after the 'Unroll/Inline (step 3)' phase of compilation. See the Design Size Report for more details: C:/Users/varad/OneDrive/Documents/GitHub/Matrix_Inversion/COMPLEX_QR/CGR_QR_WBS/solution1/syn/report/csynth_design_size.rpt
INFO: [HLS 200-1995] There were 136 instructions in the design after the 'Unroll/Inline (step 4)' phase of compilation. See the Design Size Report for more details: C:/Users/varad/OneDrive/Documents/GitHub/Matrix_Inversion/COMPLEX_QR/CGR_QR_WBS/solution1/syn/report/csynth_design_size.rpt
INFO: [HLS 200-1995] There were 519 instructions in the design after the 'Array/Struct (step 1)' phase of compilation. See the Design Size Report for more details: C:/Users/varad/OneDrive/Documents/GitHub/Matrix_Inversion/COMPLEX_QR/CGR_QR_WBS/solution1/syn/report/csynth_design_size.rpt
INFO: [HLS 200-1995] There were 435 instructions in the design after the 'Array/Struct (step 2)' phase of compilation. See the Design Size Report for more details: C:/Users/varad/OneDrive/Documents/GitHub/Matrix_Inversion/COMPLEX_QR/CGR_QR_WBS/solution1/syn/report/csynth_design_size.rpt
INFO: [HLS 200-1995] There were 435 instructions in the design after the 'Array/Struct (step 3)' phase of compilation. See the Design Size Report for more details: C:/Users/varad/OneDrive/Documents/GitHub/Matrix_Inversion/COMPLEX_QR/CGR_QR_WBS/solution1/syn/report/csynth_design_size.rpt
INFO: [HLS 200-1995] There were 432 instructions in the design after the 'Array/Struct (step 4)' phase of compilation. See the Design Size Report for more details: C:/Users/varad/OneDrive/Documents/GitHub/Matrix_Inversion/COMPLEX_QR/CGR_QR_WBS/solution1/syn/report/csynth_design_size.rpt
INFO: [HLS 200-1995] There were 450 instructions in the design after the 'Array/Struct (step 5)' phase of compilation. See the Design Size Report for more details: C:/Users/varad/OneDrive/Documents/GitHub/Matrix_Inversion/COMPLEX_QR/CGR_QR_WBS/solution1/syn/report/csynth_design_size.rpt
INFO: [HLS 200-1995] There were 450 instructions in the design after the 'Performance (step 1)' phase of compilation. See the Design Size Report for more details: C:/Users/varad/OneDrive/Documents/GitHub/Matrix_Inversion/COMPLEX_QR/CGR_QR_WBS/solution1/syn/report/csynth_design_size.rpt
INFO: [HLS 200-1995] There were 450 instructions in the design after the 'Performance (step 2)' phase of compilation. See the Design Size Report for more details: C:/Users/varad/OneDrive/Documents/GitHub/Matrix_Inversion/COMPLEX_QR/CGR_QR_WBS/solution1/syn/report/csynth_design_size.rpt
INFO: [HLS 200-1995] There were 450 instructions in the design after the 'Performance (step 3)' phase of compilation. See the Design Size Report for more details: C:/Users/varad/OneDrive/Documents/GitHub/Matrix_Inversion/COMPLEX_QR/CGR_QR_WBS/solution1/syn/report/csynth_design_size.rpt
INFO: [HLS 200-1995] There were 450 instructions in the design after the 'Performance (step 4)' phase of compilation. See the Design Size Report for more details: C:/Users/varad/OneDrive/Documents/GitHub/Matrix_Inversion/COMPLEX_QR/CGR_QR_WBS/solution1/syn/report/csynth_design_size.rpt
INFO: [HLS 200-1995] There were 515 instructions in the design after the 'HW Transforms (step 1)' phase of compilation. See the Design Size Report for more details: C:/Users/varad/OneDrive/Documents/GitHub/Matrix_Inversion/COMPLEX_QR/CGR_QR_WBS/solution1/syn/report/csynth_design_size.rpt
INFO: [HLS 200-1995] There were 552 instructions in the design after the 'HW Transforms (step 2)' phase of compilation. See the Design Size Report for more details: C:/Users/varad/OneDrive/Documents/GitHub/Matrix_Inversion/COMPLEX_QR/CGR_QR_WBS/solution1/syn/report/csynth_design_size.rpt
INFO: [HLS 214-248] Applying array_partition to 'Q.real': Complete partitioning on dimension 2. (top_cmplx.cpp:19:7)
INFO: [HLS 214-248] Applying array_partition to 'Q.imag': Complete partitioning on dimension 2. (top_cmplx.cpp:19:7)
INFO: [HLS 214-248] Applying array_partition to 'R.real': Complete partitioning on dimension 2. (top_cmplx.cpp:20:7)
INFO: [HLS 214-248] Applying array_partition to 'R.imag': Complete partitioning on dimension 2. (top_cmplx.cpp:20:7)
INFO: [HLS 214-376] automatically set the pipeline for Loop< VITIS_LOOP_35_1> at top_cmplx.cpp:35:22 
INFO: [HLS 214-376] automatically set the pipeline for Loop< VITIS_LOOP_70_2> at top_cmplx.cpp:70:22 
INFO: [HLS 214-376] automatically set the pipeline for Loop< VITIS_LOOP_96_3> at top_cmplx.cpp:96:22 
INFO: [HLS 214-376] automatically set the pipeline for Loop< VITIS_LOOP_107_4> at top_cmplx.cpp:107:23 
INFO: [HLS 200-111] Finished Compiling Optimization and Transform: CPU user time: 0 seconds. CPU system time: 0 seconds. Elapsed time: 8.371 seconds; current allocated memory: 139.273 MB.
INFO: [HLS 200-111] Finished Checking Pragmas: CPU user time: 0 seconds. CPU system time: 0 seconds. Elapsed time: 0.014 seconds; current allocated memory: 139.273 MB.
INFO: [HLS 200-10] Starting code transformations ...
INFO: [HLS 200-111] Finished Standard Transforms: CPU user time: 0 seconds. CPU system time: 0 seconds. Elapsed time: 0.227 seconds; current allocated memory: 144.906 MB.
INFO: [HLS 200-10] Checking synthesizability ...
INFO: [HLS 200-111] Finished Checking Synthesizability: CPU user time: 0 seconds. CPU system time: 0 seconds. Elapsed time: 0.086 seconds; current allocated memory: 146.559 MB.
WARNING: [ANALYSIS 214-31] The program may have out of bound access of array variable 'Q_out.real' in function 'top'.
WARNING: [ANALYSIS 214-31] The program may have out of bound access of array variable 'Q_out.imag' in function 'top'.
INFO: [HLS 200-111] Finished Loop, function and other optimizations: CPU user time: 0 seconds. CPU system time: 0 seconds. Elapsed time: 0.264 seconds; current allocated memory: 170.328 MB.
INFO: [HLS 200-2061] Successfully converted nested loops 'READ_INIT'(top_cmplx.cpp:33:1) and 'VITIS_LOOP_35_1'(top_cmplx.cpp:35:22) in function 'top' into perfectly nested loops.
INFO: [HLS 200-2061] Successfully converted nested loops 'DUMMY_STAGE'(top_cmplx.cpp:68:1) and 'VITIS_LOOP_70_2'(top_cmplx.cpp:70:22) in function 'top' into perfectly nested loops.
INFO: [HLS 200-2061] Successfully converted nested loops 'WRITE_Q'(top_cmplx.cpp:94:1) and 'VITIS_LOOP_96_3'(top_cmplx.cpp:96:22) in function 'top' into perfectly nested loops.
INFO: [HLS 200-2061] Successfully converted nested loops 'WRITE_R'(top_cmplx.cpp:105:1) and 'VITIS_LOOP_107_4'(top_cmplx.cpp:107:23) in function 'top' into perfectly nested loops.
INFO: [XFORM 203-541] Flattening a loop nest 'READ_INIT' (top_cmplx.cpp:33:1) in function 'top'.
INFO: [XFORM 203-541] Flattening a loop nest 'DUMMY_STAGE' (top_cmplx.cpp:68:1) in function 'top'.
INFO: [XFORM 203-541] Flattening a loop nest 'WRITE_Q' (top_cmplx.cpp:94:1) in function 'top'.
INFO: [XFORM 203-541] Flattening a loop nest 'WRITE_R' (top_cmplx.cpp:105:1) in function 'top'.
INFO: [HLS 200-111] Finished Architecture Synthesis: CPU user time: 1 seconds. CPU system time: 0 seconds. Elapsed time: 0.354 seconds; current allocated memory: 200.395 MB.
INFO: [HLS 200-10] Starting hardware synthesis ...
INFO: [HLS 200-10] Synthesizing 'top' ...
INFO: [HLS 200-10] ----------------------------------------------------------------
INFO: [HLS 200-42] -- Implementing module 'top_Pipeline_READ_INIT_VITIS_LOOP_35_1' 
INFO: [HLS 200-10] ----------------------------------------------------------------
INFO: [SCHED 204-11] Starting scheduling ...
INFO: [SCHED 204-61] Pipelining loop 'READ_INIT_VITIS_LOOP_35_1'.
WARNING: [HLS 200-885] The II Violation in module 'top_Pipeline_READ_INIT_VITIS_LOOP_35_1' (loop 'READ_INIT_VITIS_LOOP_35_1'): Unable to schedule bus request operation ('memA_load_1_req', top_cmplx.cpp:39) on port 'memA' (top_cmplx.cpp:39) due to limited memory ports (II = 1). Please consider using a memory core with more ports or partitioning the array.
INFO: [HLS 200-1470] Pipelining result : Target II = NA, Final II = 2, Depth = 12, loop 'READ_INIT_VITIS_LOOP_35_1'
INFO: [SCHED 204-11] Finished scheduling.
INFO: [HLS 200-111] Finished Scheduling: CPU user time: 0 seconds. CPU system time: 0 seconds. Elapsed time: 0.551 seconds; current allocated memory: 206.855 MB.
INFO: [BIND 205-100] Starting micro-architecture generation ...
INFO: [BIND 205-101] Performing variable lifetime analysis.
INFO: [BIND 205-101] Exploring resource sharing.
INFO: [BIND 205-101] Binding ...
INFO: [BIND 205-100] Finished micro-architecture generation.
INFO: [HLS 200-111] Finished Binding: CPU user time: 0 seconds. CPU system time: 0 seconds. Elapsed time: 0.151 seconds; current allocated memory: 208.172 MB.
INFO: [HLS 200-10] ----------------------------------------------------------------
INFO: [HLS 200-42] -- Implementing module 'top_Pipeline_DUMMY_STAGE_VITIS_LOOP_70_2' 
INFO: [HLS 200-10] ----------------------------------------------------------------
INFO: [SCHED 204-11] Starting scheduling ...
INFO: [SCHED 204-61] Pipelining loop 'DUMMY_STAGE_VITIS_LOOP_70_2'.
INFO: [HLS 200-1470] Pipelining result : Target II = NA, Final II = 1, Depth = 5, loop 'DUMMY_STAGE_VITIS_LOOP_70_2'
INFO: [SCHED 204-11] Finished scheduling.
INFO: [HLS 200-111] Finished Scheduling: CPU user time: 0 seconds. CPU system time: 0 seconds. Elapsed time: 0.229 seconds; current allocated memory: 209.297 MB.
INFO: [BIND 205-100] Starting micro-architecture generation ...
INFO: [BIND 205-101] Performing variable lifetime analysis.
INFO: [BIND 205-101] Exploring resource sharing.
INFO: [BIND 205-101] Binding ...
INFO: [BIND 205-100] Finished micro-architecture generation.
INFO: [HLS 200-111] Finished Binding: CPU user time: 0 seconds. CPU system time: 0 seconds. Elapsed time: 0.129 seconds; current allocated memory: 209.586 MB.
INFO: [HLS 200-10] ----------------------------------------------------------------
INFO: [HLS 200-42] -- Implementing module 'top_Pipeline_WRITE_Q_VITIS_LOOP_96_3' 
INFO: [HLS 200-10] ----------------------------------------------------------------
INFO: [SCHED 204-11] Starting scheduling ...
INFO: [SCHED 204-61] Pipelining loop 'WRITE_Q_VITIS_LOOP_96_3'.
WARNING: [HLS 200-885] The II Violation in module 'top_Pipeline_WRITE_Q_VITIS_LOOP_96_3' (loop 'WRITE_Q_VITIS_LOOP_96_3'): Unable to schedule bus request operation ('empty_28', top_cmplx.cpp:96) on port 'memQ' (top_cmplx.cpp:96) due to limited memory ports (II = 1). Please consider using a memory core with more ports or partitioning the array.
INFO: [HLS 200-1470] Pipelining result : Target II = NA, Final II = 2, Depth = 9, loop 'WRITE_Q_VITIS_LOOP_96_3'
INFO: [SCHED 204-11] Finished scheduling.
INFO: [HLS 200-111] Finished Scheduling: CPU user time: 0 seconds. CPU system time: 0 seconds. Elapsed time: 0.21 seconds; current allocated memory: 209.988 MB.
INFO: [BIND 205-100] Starting micro-architecture generation ...
INFO: [BIND 205-101] Performing variable lifetime analysis.
INFO: [BIND 205-101] Exploring resource sharing.
INFO: [BIND 205-101] Binding ...
INFO: [BIND 205-100] Finished micro-architecture generation.
INFO: [HLS 200-111] Finished Binding: CPU user time: 0 seconds. CPU system time: 0 seconds. Elapsed time: 0.115 seconds; current allocated memory: 210.453 MB.
INFO: [HLS 200-10] ----------------------------------------------------------------
INFO: [HLS 200-42] -- Implementing module 'top_Pipeline_WRITE_R_VITIS_LOOP_107_4' 
INFO: [HLS 200-10] ----------------------------------------------------------------
INFO: [SCHED 204-11] Starting scheduling ...
INFO: [SCHED 204-61] Pipelining loop 'WRITE_R_VITIS_LOOP_107_4'.
WARNING: [HLS 200-885] The II Violation in module 'top_Pipeline_WRITE_R_VITIS_LOOP_107_4' (loop 'WRITE_R_VITIS_LOOP_107_4'): Unable to schedule bus request operation ('empty_24', top_cmplx.cpp:107) on port 'memR' (top_cmplx.cpp:107) due to limited memory ports (II = 1). Please consider using a memory core with more ports or partitioning the array.
INFO: [HLS 200-1470] Pipelining result : Target II = NA, Final II = 2, Depth = 9, loop 'WRITE_R_VITIS_LOOP_107_4'
INFO: [SCHED 204-11] Finished scheduling.
INFO: [HLS 200-111] Finished Scheduling: CPU user time: 0 seconds. CPU system time: 0 seconds. Elapsed time: 0.197 seconds; current allocated memory: 211.074 MB.
INFO: [BIND 205-100] Starting micro-architecture generation ...
INFO: [BIND 205-101] Performing variable lifetime analysis.
INFO: [BIND 205-101] Exploring resource sharing.
INFO: [BIND 205-101] Binding ...
INFO: [BIND 205-100] Finished micro-architecture generation.
INFO: [HLS 200-111] Finished Binding: CPU user time: 0 seconds. CPU system time: 0 seconds. Elapsed time: 0.129 seconds; current allocated memory: 211.270 MB.
INFO: [HLS 200-10] ----------------------------------------------------------------
INFO: [HLS 200-42] -- Implementing module 'top' 
INFO: [HLS 200-10] ----------------------------------------------------------------
INFO: [SCHED 204-11] Starting scheduling ...
INFO: [SCHED 204-11] Finished scheduling.
INFO: [HLS 200-111] Finished Scheduling: CPU user time: 0 seconds. CPU system time: 0 seconds. Elapsed time: 0.145 seconds; current allocated memory: 211.496 MB.
INFO: [BIND 205-100] Starting micro-architecture generation ...
INFO: [BIND 205-101] Performing variable lifetime analysis.
INFO: [BIND 205-101] Exploring resource sharing.
INFO: [BIND 205-101] Binding ...
INFO: [BIND 205-100] Finished micro-architecture generation.
INFO: [HLS 200-111] Finished Binding: CPU user time: 0 seconds. CPU system time: 0 seconds. Elapsed time: 0.115 seconds; current allocated memory: 211.941 MB.
INFO: [HLS 200-10] ----------------------------------------------------------------
INFO: [HLS 200-10] -- Generating RTL for module 'top_Pipeline_READ_INIT_VITIS_LOOP_35_1' 
INFO: [HLS 200-10] ----------------------------------------------------------------
INFO: [HLS 200-1030] Apply Unified Pipeline Control on module 'top_Pipeline_READ_INIT_VITIS_LOOP_35_1' pipeline 'READ_INIT_VITIS_LOOP_35_1' pipeline type 'loop pipeline'
INFO: [RTGEN 206-100] Finished creating RTL model for 'top_Pipeline_READ_INIT_VITIS_LOOP_35_1'.
INFO: [HLS 200-111] Finished Creating RTL model: CPU user time: 0 seconds. CPU system time: 0 seconds. Elapsed time: 0.152 seconds; current allocated memory: 215.047 MB.
INFO: [HLS 200-10] ----------------------------------------------------------------
INFO: [HLS 200-10] -- Generating RTL for module 'top_Pipeline_DUMMY_STAGE_VITIS_LOOP_70_2' 
INFO: [HLS 200-10] ----------------------------------------------------------------
INFO: [HLS 200-1030] Apply Unified Pipeline Control on module 'top_Pipeline_DUMMY_STAGE_VITIS_LOOP_70_2' pipeline 'DUMMY_STAGE_VITIS_LOOP_70_2' pipeline type 'loop pipeline'
INFO: [RTGEN 206-100] Generating core module 'fadd_32ns_32ns_32_4_full_dsp_1': 2 instance(s).
INFO: [RTGEN 206-100] Generating core module 'fmul_32ns_32ns_32_2_max_dsp_1': 2 instance(s).
INFO: [RTGEN 206-100] Generating core module 'sparsemux_17_3_32_1_1': 6 instance(s).
INFO: [RTGEN 206-100] Finished creating RTL model for 'top_Pipeline_DUMMY_STAGE_VITIS_LOOP_70_2'.
INFO: [HLS 200-111] Finished Creating RTL model: CPU user time: 1 seconds. CPU system time: 0 seconds. Elapsed time: 0.687 seconds; current allocated memory: 220.664 MB.
INFO: [HLS 200-10] ----------------------------------------------------------------
INFO: [HLS 200-10] -- Generating RTL for module 'top_Pipeline_WRITE_Q_VITIS_LOOP_96_3' 
INFO: [HLS 200-10] ----------------------------------------------------------------
INFO: [HLS 200-1030] Apply Unified Pipeline Control on module 'top_Pipeline_WRITE_Q_VITIS_LOOP_96_3' pipeline 'WRITE_Q_VITIS_LOOP_96_3' pipeline type 'loop pipeline'
INFO: [RTGEN 206-100] Finished creating RTL model for 'top_Pipeline_WRITE_Q_VITIS_LOOP_96_3'.
INFO: [HLS 200-111] Finished Creating RTL model: CPU user time: 0 seconds. CPU system time: 1 seconds. Elapsed time: 0.359 seconds; current allocated memory: 223.516 MB.
INFO: [HLS 200-10] ----------------------------------------------------------------
INFO: [HLS 200-10] -- Generating RTL for module 'top_Pipeline_WRITE_R_VITIS_LOOP_107_4' 
INFO: [HLS 200-10] ----------------------------------------------------------------
INFO: [HLS 200-1030] Apply Unified Pipeline Control on module 'top_Pipeline_WRITE_R_VITIS_LOOP_107_4' pipeline 'WRITE_R_VITIS_LOOP_107_4' pipeline type 'loop pipeline'
INFO: [RTGEN 206-100] Finished creating RTL model for 'top_Pipeline_WRITE_R_VITIS_LOOP_107_4'.
INFO: [HLS 200-111] Finished Creating RTL model: CPU user time: 0 seconds. CPU system time: 0 seconds. Elapsed time: 0.273 seconds; current allocated memory: 226.355 MB.
INFO: [HLS 200-10] ----------------------------------------------------------------
INFO: [HLS 200-10] -- Generating RTL for module 'top' 
INFO: [HLS 200-10] ----------------------------------------------------------------
WARNING: [RTGEN 206-101] Design contains AXI ports. Reset is fixed to synchronous and active low.
INFO: [RTGEN 206-500] Setting interface mode on port 'top/memA' to 'm_axi'.
INFO: [RTGEN 206-500] Setting interface mode on port 'top/memQ' to 'm_axi'.
INFO: [RTGEN 206-500] Setting interface mode on port 'top/memR' to 'm_axi'.
INFO: [RTGEN 206-500] Setting interface mode on port 'top/A_DRAM' to 's_axilite & ap_none'.
INFO: [RTGEN 206-500] Setting interface mode on port 'top/Q_DRAM' to 's_axilite & ap_none'.
INFO: [RTGEN 206-500] Setting interface mode on port 'top/R_DRAM' to 's_axilite & ap_none'.
INFO: [RTGEN 206-500] Setting interface mode on function 'top' to 's_axilite & ap_ctrl_hs'.
INFO: [RTGEN 206-100] Bundling port 'A_DRAM', 'Q_DRAM', 'R_DRAM' to AXI-Lite port control.
INFO: [RTGEN 206-100] Finished creating RTL model for 'top'.
INFO: [RTMG 210-278] Implementing memory 'top_Q_real_RAM_AUTO_1R1W' using auto RAMs.
INFO: [RTMG 210-278] Implementing memory 'top_Q_out_real_RAM_AUTO_1R1W' using auto RAMs.
INFO: [HLS 200-111] Finished Creating RTL model: CPU user time: 0 seconds. CPU system time: 0 seconds. Elapsed time: 0.719 seconds; current allocated memory: 231.758 MB.
INFO: [HLS 200-111] Finished Generating all RTL models: CPU user time: 0 seconds. CPU system time: 0 seconds. Elapsed time: 1.425 seconds; current allocated memory: 236.711 MB.
INFO: [HLS 200-111] Finished Updating report files: CPU user time: 2 seconds. CPU system time: 1 seconds. Elapsed time: 2.675 seconds; current allocated memory: 247.953 MB.
INFO: [VHDL 208-304] Generating VHDL RTL for top.
INFO: [VLOG 209-307] Generating Verilog RTL for top.
INFO: [HLS 200-790] **** Loop Constraint Status: All loop constraints were NOT satisfied.
INFO: [HLS 200-789] **** Estimated Fmax: 114.29 MHz
INFO: [HLS 200-111] Finished Command csynth_design CPU user time: 5 seconds. CPU system time: 2 seconds. Elapsed time: 38.945 seconds; current allocated memory: 116.613 MB.
==============================================================
Vitis HLS - High-Level Synthesis from C, C++ and OpenCL v2023.2 (64-bit)
Tool Version Limit: 2023.10
Copyright 1986-2022 Xilinx, Inc. All Rights Reserved.
Copyright 2022-2023 Advanced Micro Devices, Inc. All Rights Reserved.

==============================================================
INFO: [SYN 201-201] Setting up clock 'default' with a period of 10ns.
INFO: [SYN 201-201] Setting up clock 'default' with an uncertainty of 1.25ns.
INFO: [HLS 200-1611] Setting target device to 'xczu7ev-ffvc1156-2-e'
INFO: [HLS 200-1505] Using flow_target 'vivado'
INFO: [HLS 200-1510] Running: set_part xczu7ev-ffvc1156-2-e 
INFO: [HLS 200-1510] Running: create_clock -period 10 -name default 
INFO: [HLS 200-1510] Running: set_clock_uncertainty 1.25 
INFO: [HLS 200-1510] Running: csynth_design 
INFO: [HLS 200-111] Finished File checks and directory preparation: CPU user time: 0 seconds. CPU system time: 0 seconds. Elapsed time: 0.134 seconds; current allocated memory: 132.074 MB.
INFO: [HLS 200-10] Analyzing design file 'fns_cmplx.cpp' ... 
INFO: [HLS 200-10] Analyzing design file 'top_cmplx.cpp' ... 
INFO: [HLS 200-111] Finished Source Code Analysis and Preprocessing: CPU user time: 1 seconds. CPU system time: 0 seconds. Elapsed time: 20.942 seconds; current allocated memory: 138.520 MB.
INFO: [HLS 200-777] Using interface defaults for 'Vivado' flow target.
INFO: [HLS 200-1995] There were 316 instructions in the design after the 'Compile/Link' phase of compilation. See the Design Size Report for more details: C:/Users/varad/OneDrive/Documents/GitHub/Matrix_Inversion/COMPLEX_QR/CGR_QR_WBS/solution1/syn/report/csynth_design_size.rpt
INFO: [HLS 200-1995] There were 455 instructions in the design after the 'Unroll/Inline (step 1)' phase of compilation. See the Design Size Report for more details: C:/Users/varad/OneDrive/Documents/GitHub/Matrix_Inversion/COMPLEX_QR/CGR_QR_WBS/solution1/syn/report/csynth_design_size.rpt
INFO: [HLS 200-1995] There were 407 instructions in the design after the 'Unroll/Inline (step 2)' phase of compilation. See the Design Size Report for more details: C:/Users/varad/OneDrive/Documents/GitHub/Matrix_Inversion/COMPLEX_QR/CGR_QR_WBS/solution1/syn/report/csynth_design_size.rpt
INFO: [HLS 200-1995] There were 405 instructions in the design after the 'Unroll/Inline (step 3)' phase of compilation. See the Design Size Report for more details: C:/Users/varad/OneDrive/Documents/GitHub/Matrix_Inversion/COMPLEX_QR/CGR_QR_WBS/solution1/syn/report/csynth_design_size.rpt
INFO: [HLS 200-1995] There were 405 instructions in the design after the 'Unroll/Inline (step 4)' phase of compilation. See the Design Size Report for more details: C:/Users/varad/OneDrive/Documents/GitHub/Matrix_Inversion/COMPLEX_QR/CGR_QR_WBS/solution1/syn/report/csynth_design_size.rpt
INFO: [HLS 200-1995] There were 1,424 instructions in the design after the 'Array/Struct (step 1)' phase of compilation. See the Design Size Report for more details: C:/Users/varad/OneDrive/Documents/GitHub/Matrix_Inversion/COMPLEX_QR/CGR_QR_WBS/solution1/syn/report/csynth_design_size.rpt
INFO: [HLS 200-1995] There were 770 instructions in the design after the 'Array/Struct (step 2)' phase of compilation. See the Design Size Report for more details: C:/Users/varad/OneDrive/Documents/GitHub/Matrix_Inversion/COMPLEX_QR/CGR_QR_WBS/solution1/syn/report/csynth_design_size.rpt
INFO: [HLS 200-1995] There were 770 instructions in the design after the 'Array/Struct (step 3)' phase of compilation. See the Design Size Report for more details: C:/Users/varad/OneDrive/Documents/GitHub/Matrix_Inversion/COMPLEX_QR/CGR_QR_WBS/solution1/syn/report/csynth_design_size.rpt
INFO: [HLS 200-1995] There were 767 instructions in the design after the 'Array/Struct (step 4)' phase of compilation. See the Design Size Report for more details: C:/Users/varad/OneDrive/Documents/GitHub/Matrix_Inversion/COMPLEX_QR/CGR_QR_WBS/solution1/syn/report/csynth_design_size.rpt
INFO: [HLS 200-1995] There were 776 instructions in the design after the 'Array/Struct (step 5)' phase of compilation. See the Design Size Report for more details: C:/Users/varad/OneDrive/Documents/GitHub/Matrix_Inversion/COMPLEX_QR/CGR_QR_WBS/solution1/syn/report/csynth_design_size.rpt
INFO: [HLS 200-1995] There were 776 instructions in the design after the 'Performance (step 1)' phase of compilation. See the Design Size Report for more details: C:/Users/varad/OneDrive/Documents/GitHub/Matrix_Inversion/COMPLEX_QR/CGR_QR_WBS/solution1/syn/report/csynth_design_size.rpt
INFO: [HLS 200-1995] There were 776 instructions in the design after the 'Performance (step 2)' phase of compilation. See the Design Size Report for more details: C:/Users/varad/OneDrive/Documents/GitHub/Matrix_Inversion/COMPLEX_QR/CGR_QR_WBS/solution1/syn/report/csynth_design_size.rpt
INFO: [HLS 200-1995] There were 776 instructions in the design after the 'Performance (step 3)' phase of compilation. See the Design Size Report for more details: C:/Users/varad/OneDrive/Documents/GitHub/Matrix_Inversion/COMPLEX_QR/CGR_QR_WBS/solution1/syn/report/csynth_design_size.rpt
INFO: [HLS 200-1995] There were 776 instructions in the design after the 'Performance (step 4)' phase of compilation. See the Design Size Report for more details: C:/Users/varad/OneDrive/Documents/GitHub/Matrix_Inversion/COMPLEX_QR/CGR_QR_WBS/solution1/syn/report/csynth_design_size.rpt
INFO: [HLS 200-1995] There were 1,314 instructions in the design after the 'HW Transforms (step 1)' phase of compilation. See the Design Size Report for more details: C:/Users/varad/OneDrive/Documents/GitHub/Matrix_Inversion/COMPLEX_QR/CGR_QR_WBS/solution1/syn/report/csynth_design_size.rpt
INFO: [HLS 200-1995] There were 1,398 instructions in the design after the 'HW Transforms (step 2)' phase of compilation. See the Design Size Report for more details: C:/Users/varad/OneDrive/Documents/GitHub/Matrix_Inversion/COMPLEX_QR/CGR_QR_WBS/solution1/syn/report/csynth_design_size.rpt
INFO: [HLS 214-291] Loop 'VITIS_LOOP_112_4' is marked as complete unroll implied by the pipeline pragma (top_cmplx.cpp:112:23)
INFO: [HLS 214-291] Loop 'VITIS_LOOP_100_3' is marked as complete unroll implied by the pipeline pragma (top_cmplx.cpp:100:23)
INFO: [HLS 214-291] Loop 'VITIS_LOOP_38_1' is marked as complete unroll implied by the pipeline pragma (top_cmplx.cpp:38:22)
INFO: [HLS 214-186] Unrolling loop 'VITIS_LOOP_112_4' (top_cmplx.cpp:112:23) in function 'top' completely with a factor of 8 (top_cmplx.cpp:8:0)
INFO: [HLS 214-186] Unrolling loop 'VITIS_LOOP_100_3' (top_cmplx.cpp:100:23) in function 'top' completely with a factor of 8 (top_cmplx.cpp:8:0)
INFO: [HLS 214-186] Unrolling loop 'VITIS_LOOP_38_1' (top_cmplx.cpp:38:22) in function 'top' completely with a factor of 8 (top_cmplx.cpp:8:0)
INFO: [HLS 214-248] Applying array_partition to 'Q.real': Complete partitioning on dimension 2. (top_cmplx.cpp:19:7)
INFO: [HLS 214-248] Applying array_partition to 'Q.imag': Complete partitioning on dimension 2. (top_cmplx.cpp:19:7)
INFO: [HLS 214-248] Applying array_partition to 'R.real': Complete partitioning on dimension 2. (top_cmplx.cpp:20:7)
INFO: [HLS 214-248] Applying array_partition to 'R.imag': Complete partitioning on dimension 2. (top_cmplx.cpp:20:7)
INFO: [HLS 214-248] Applying array_partition to 'Q_out.real': Complete partitioning on dimension 2. (top_cmplx.cpp:22:7)
INFO: [HLS 214-248] Applying array_partition to 'Q_out.imag': Complete partitioning on dimension 2. (top_cmplx.cpp:22:7)
INFO: [HLS 214-248] Applying array_partition to 'R_out.real': Complete partitioning on dimension 2. (top_cmplx.cpp:23:7)
INFO: [HLS 214-248] Applying array_partition to 'R_out.imag': Complete partitioning on dimension 2. (top_cmplx.cpp:23:7)
INFO: [HLS 214-376] automatically set the pipeline for Loop< VITIS_LOOP_73_2> at top_cmplx.cpp:73:22 
INFO: [HLS 200-111] Finished Compiling Optimization and Transform: CPU user time: 0 seconds. CPU system time: 0 seconds. Elapsed time: 8.638 seconds; current allocated memory: 140.211 MB.
INFO: [HLS 200-111] Finished Checking Pragmas: CPU user time: 0 seconds. CPU system time: 0 seconds. Elapsed time: 0.006 seconds; current allocated memory: 140.211 MB.
INFO: [HLS 200-10] Starting code transformations ...
INFO: [HLS 200-111] Finished Standard Transforms: CPU user time: 0 seconds. CPU system time: 0 seconds. Elapsed time: 0.131 seconds; current allocated memory: 147.191 MB.
INFO: [HLS 200-10] Checking synthesizability ...
INFO: [HLS 200-111] Finished Checking Synthesizability: CPU user time: 0 seconds. CPU system time: 0 seconds. Elapsed time: 0.091 seconds; current allocated memory: 148.766 MB.
INFO: [HLS 200-111] Finished Loop, function and other optimizations: CPU user time: 0 seconds. CPU system time: 0 seconds. Elapsed time: 0.308 seconds; current allocated memory: 174.004 MB.
INFO: [HLS 200-2061] Successfully converted nested loops 'DUMMY_STAGE'(top_cmplx.cpp:71:1) and 'VITIS_LOOP_73_2'(top_cmplx.cpp:73:22) in function 'top' into perfectly nested loops.
INFO: [XFORM 203-541] Flattening a loop nest 'DUMMY_STAGE' (top_cmplx.cpp:71:1) in function 'top'.
INFO: [HLS 200-111] Finished Architecture Synthesis: CPU user time: 1 seconds. CPU system time: 0 seconds. Elapsed time: 0.345 seconds; current allocated memory: 208.066 MB.
INFO: [HLS 200-10] Starting hardware synthesis ...
INFO: [HLS 200-10] Synthesizing 'top' ...
INFO: [HLS 200-10] ----------------------------------------------------------------
INFO: [HLS 200-42] -- Implementing module 'top_Pipeline_READ_INIT' 
INFO: [HLS 200-10] ----------------------------------------------------------------
INFO: [SCHED 204-11] Starting scheduling ...
INFO: [SCHED 204-61] Pipelining loop 'READ_INIT'.
WARNING: [HLS 200-885] The II Violation in module 'top_Pipeline_READ_INIT' (loop 'READ_INIT'): Unable to schedule bus request operation ('memA_load_1_req', top_cmplx.cpp:42) on port 'memA' (top_cmplx.cpp:42) due to limited memory ports (II = 1). Please consider using a memory core with more ports or partitioning the array.
WARNING: [HLS 200-885] The II Violation in module 'top_Pipeline_READ_INIT' (loop 'READ_INIT'): Unable to schedule bus request operation ('memA_load_2_req', top_cmplx.cpp:42) on port 'memA' (top_cmplx.cpp:42) due to limited memory ports (II = 2). Please consider using a memory core with more ports or partitioning the array.
WARNING: [HLS 200-885] The II Violation in module 'top_Pipeline_READ_INIT' (loop 'READ_INIT'): Unable to schedule bus request operation ('memA_load_3_req', top_cmplx.cpp:42) on port 'memA' (top_cmplx.cpp:42) due to limited memory ports (II = 3). Please consider using a memory core with more ports or partitioning the array.
WARNING: [HLS 200-885] The II Violation in module 'top_Pipeline_READ_INIT' (loop 'READ_INIT'): Unable to schedule bus request operation ('memA_load_4_req', top_cmplx.cpp:42) on port 'memA' (top_cmplx.cpp:42) due to limited memory ports (II = 4). Please consider using a memory core with more ports or partitioning the array.
WARNING: [HLS 200-885] The II Violation in module 'top_Pipeline_READ_INIT' (loop 'READ_INIT'): Unable to schedule bus request operation ('memA_load_11_req', top_cmplx.cpp:42) on port 'memA' (top_cmplx.cpp:42) due to limited memory ports (II = 11). Please consider using a memory core with more ports or partitioning the array.
WARNING: [HLS 200-885] The II Violation in module 'top_Pipeline_READ_INIT' (loop 'READ_INIT'): Unable to schedule bus request operation ('memA_load_15_req', top_cmplx.cpp:42) on port 'memA' (top_cmplx.cpp:42) due to limited memory ports (II = 15). Please consider using a memory core with more ports or partitioning the array.
INFO: [HLS 200-1470] Pipelining result : Target II = NA, Final II = 16, Depth = 26, loop 'READ_INIT'
INFO: [SCHED 204-11] Finished scheduling.
INFO: [HLS 200-111] Finished Scheduling: CPU user time: 0 seconds. CPU system time: 0 seconds. Elapsed time: 0.736 seconds; current allocated memory: 215.961 MB.
INFO: [BIND 205-100] Starting micro-architecture generation ...
INFO: [BIND 205-101] Performing variable lifetime analysis.
INFO: [BIND 205-101] Exploring resource sharing.
INFO: [BIND 205-101] Binding ...
INFO: [BIND 205-100] Finished micro-architecture generation.
INFO: [HLS 200-111] Finished Binding: CPU user time: 0 seconds. CPU system time: 0 seconds. Elapsed time: 0.232 seconds; current allocated memory: 217.238 MB.
INFO: [HLS 200-10] ----------------------------------------------------------------
INFO: [HLS 200-42] -- Implementing module 'top_Pipeline_DUMMY_STAGE_VITIS_LOOP_73_2' 
INFO: [HLS 200-10] ----------------------------------------------------------------
INFO: [SCHED 204-11] Starting scheduling ...
INFO: [SCHED 204-61] Pipelining loop 'DUMMY_STAGE_VITIS_LOOP_73_2'.
INFO: [HLS 200-1470] Pipelining result : Target II = NA, Final II = 1, Depth = 5, loop 'DUMMY_STAGE_VITIS_LOOP_73_2'
INFO: [SCHED 204-11] Finished scheduling.
INFO: [HLS 200-111] Finished Scheduling: CPU user time: 0 seconds. CPU system time: 0 seconds. Elapsed time: 0.408 seconds; current allocated memory: 219.500 MB.
INFO: [BIND 205-100] Starting micro-architecture generation ...
INFO: [BIND 205-101] Performing variable lifetime analysis.
INFO: [BIND 205-101] Exploring resource sharing.
INFO: [BIND 205-101] Binding ...
INFO: [BIND 205-100] Finished micro-architecture generation.
INFO: [HLS 200-111] Finished Binding: CPU user time: 1 seconds. CPU system time: 0 seconds. Elapsed time: 0.184 seconds; current allocated memory: 219.902 MB.
INFO: [HLS 200-10] ----------------------------------------------------------------
INFO: [HLS 200-42] -- Implementing module 'top_Pipeline_WRITE_Q' 
INFO: [HLS 200-10] ----------------------------------------------------------------
INFO: [SCHED 204-11] Starting scheduling ...
INFO: [SCHED 204-61] Pipelining loop 'WRITE_Q'.
WARNING: [HLS 200-885] The II Violation in module 'top_Pipeline_WRITE_Q' (loop 'WRITE_Q'): Unable to schedule bus request operation ('empty_55', top_cmplx.cpp:97) on port 'memQ' (top_cmplx.cpp:97) due to limited memory ports (II = 1). Please consider using a memory core with more ports or partitioning the array.
WARNING: [HLS 200-885] The II Violation in module 'top_Pipeline_WRITE_Q' (loop 'WRITE_Q'): Unable to schedule bus request operation ('empty_57', top_cmplx.cpp:97) on port 'memQ' (top_cmplx.cpp:97) due to limited memory ports (II = 2). Please consider using a memory core with more ports or partitioning the array.
WARNING: [HLS 200-885] The II Violation in module 'top_Pipeline_WRITE_Q' (loop 'WRITE_Q'): Unable to schedule bus request operation ('empty_59', top_cmplx.cpp:97) on port 'memQ' (top_cmplx.cpp:97) due to limited memory ports (II = 3). Please consider using a memory core with more ports or partitioning the array.
WARNING: [HLS 200-885] The II Violation in module 'top_Pipeline_WRITE_Q' (loop 'WRITE_Q'): Unable to schedule bus request operation ('empty_61', top_cmplx.cpp:97) on port 'memQ' (top_cmplx.cpp:97) due to limited memory ports (II = 4). Please consider using a memory core with more ports or partitioning the array.
WARNING: [HLS 200-885] The II Violation in module 'top_Pipeline_WRITE_Q' (loop 'WRITE_Q'): Unable to schedule bus request operation ('empty_75', top_cmplx.cpp:97) on port 'memQ' (top_cmplx.cpp:97) due to limited memory ports (II = 11). Please consider using a memory core with more ports or partitioning the array.
WARNING: [HLS 200-885] The II Violation in module 'top_Pipeline_WRITE_Q' (loop 'WRITE_Q'): Unable to schedule bus request operation ('empty_83', top_cmplx.cpp:97) on port 'memQ' (top_cmplx.cpp:97) due to limited memory ports (II = 15). Please consider using a memory core with more ports or partitioning the array.
INFO: [HLS 200-1470] Pipelining result : Target II = NA, Final II = 16, Depth = 23, loop 'WRITE_Q'
INFO: [SCHED 204-11] Finished scheduling.
INFO: [HLS 200-111] Finished Scheduling: CPU user time: 0 seconds. CPU system time: 0 seconds. Elapsed time: 0.508 seconds; current allocated memory: 221.289 MB.
INFO: [BIND 205-100] Starting micro-architecture generation ...
INFO: [BIND 205-101] Performing variable lifetime analysis.
INFO: [BIND 205-101] Exploring resource sharing.
INFO: [BIND 205-101] Binding ...
INFO: [BIND 205-100] Finished micro-architecture generation.
INFO: [HLS 200-111] Finished Binding: CPU user time: 0 seconds. CPU system time: 0 seconds. Elapsed time: 0.175 seconds; current allocated memory: 221.785 MB.
INFO: [HLS 200-10] ----------------------------------------------------------------
INFO: [HLS 200-42] -- Implementing module 'top_Pipeline_WRITE_R' 
INFO: [HLS 200-10] ----------------------------------------------------------------
INFO: [SCHED 204-11] Starting scheduling ...
INFO: [SCHED 204-61] Pipelining loop 'WRITE_R'.
WARNING: [HLS 200-885] The II Violation in module 'top_Pipeline_WRITE_R' (loop 'WRITE_R'): Unable to schedule bus request operation ('empty_23', top_cmplx.cpp:109) on port 'memR' (top_cmplx.cpp:109) due to limited memory ports (II = 1). Please consider using a memory core with more ports or partitioning the array.
WARNING: [HLS 200-885] The II Violation in module 'top_Pipeline_WRITE_R' (loop 'WRITE_R'): Unable to schedule bus request operation ('empty_25', top_cmplx.cpp:109) on port 'memR' (top_cmplx.cpp:109) due to limited memory ports (II = 2). Please consider using a memory core with more ports or partitioning the array.
WARNING: [HLS 200-885] The II Violation in module 'top_Pipeline_WRITE_R' (loop 'WRITE_R'): Unable to schedule bus request operation ('empty_27', top_cmplx.cpp:109) on port 'memR' (top_cmplx.cpp:109) due to limited memory ports (II = 3). Please consider using a memory core with more ports or partitioning the array.
WARNING: [HLS 200-885] The II Violation in module 'top_Pipeline_WRITE_R' (loop 'WRITE_R'): Unable to schedule bus request operation ('empty_29', top_cmplx.cpp:109) on port 'memR' (top_cmplx.cpp:109) due to limited memory ports (II = 4). Please consider using a memory core with more ports or partitioning the array.
WARNING: [HLS 200-885] The II Violation in module 'top_Pipeline_WRITE_R' (loop 'WRITE_R'): Unable to schedule bus request operation ('empty_43', top_cmplx.cpp:109) on port 'memR' (top_cmplx.cpp:109) due to limited memory ports (II = 11). Please consider using a memory core with more ports or partitioning the array.
WARNING: [HLS 200-885] The II Violation in module 'top_Pipeline_WRITE_R' (loop 'WRITE_R'): Unable to schedule bus request operation ('empty_51', top_cmplx.cpp:109) on port 'memR' (top_cmplx.cpp:109) due to limited memory ports (II = 15). Please consider using a memory core with more ports or partitioning the array.
INFO: [HLS 200-1470] Pipelining result : Target II = NA, Final II = 16, Depth = 23, loop 'WRITE_R'
INFO: [SCHED 204-11] Finished scheduling.
INFO: [HLS 200-111] Finished Scheduling: CPU user time: 0 seconds. CPU system time: 0 seconds. Elapsed time: 0.557 seconds; current allocated memory: 223.891 MB.
INFO: [BIND 205-100] Starting micro-architecture generation ...
INFO: [BIND 205-101] Performing variable lifetime analysis.
INFO: [BIND 205-101] Exploring resource sharing.
INFO: [BIND 205-101] Binding ...
INFO: [BIND 205-100] Finished micro-architecture generation.
INFO: [HLS 200-111] Finished Binding: CPU user time: 1 seconds. CPU system time: 0 seconds. Elapsed time: 0.195 seconds; current allocated memory: 224.367 MB.
INFO: [HLS 200-10] ----------------------------------------------------------------
INFO: [HLS 200-42] -- Implementing module 'top' 
INFO: [HLS 200-10] ----------------------------------------------------------------
INFO: [SCHED 204-11] Starting scheduling ...
INFO: [SCHED 204-11] Finished scheduling.
INFO: [HLS 200-111] Finished Scheduling: CPU user time: 0 seconds. CPU system time: 0 seconds. Elapsed time: 0.171 seconds; current allocated memory: 224.590 MB.
INFO: [BIND 205-100] Starting micro-architecture generation ...
INFO: [BIND 205-101] Performing variable lifetime analysis.
INFO: [BIND 205-101] Exploring resource sharing.
INFO: [BIND 205-101] Binding ...
INFO: [BIND 205-100] Finished micro-architecture generation.
INFO: [HLS 200-111] Finished Binding: CPU user time: 0 seconds. CPU system time: 0 seconds. Elapsed time: 0.128 seconds; current allocated memory: 224.980 MB.
INFO: [HLS 200-10] ----------------------------------------------------------------
INFO: [HLS 200-10] -- Generating RTL for module 'top_Pipeline_READ_INIT' 
INFO: [HLS 200-10] ----------------------------------------------------------------
INFO: [HLS 200-1030] Apply Unified Pipeline Control on module 'top_Pipeline_READ_INIT' pipeline 'READ_INIT' pipeline type 'loop pipeline'
INFO: [RTGEN 206-100] Finished creating RTL model for 'top_Pipeline_READ_INIT'.
INFO: [HLS 200-111] Finished Creating RTL model: CPU user time: 0 seconds. CPU system time: 0 seconds. Elapsed time: 0.191 seconds; current allocated memory: 229.297 MB.
INFO: [HLS 200-10] ----------------------------------------------------------------
INFO: [HLS 200-10] -- Generating RTL for module 'top_Pipeline_DUMMY_STAGE_VITIS_LOOP_73_2' 
INFO: [HLS 200-10] ----------------------------------------------------------------
INFO: [HLS 200-1030] Apply Unified Pipeline Control on module 'top_Pipeline_DUMMY_STAGE_VITIS_LOOP_73_2' pipeline 'DUMMY_STAGE_VITIS_LOOP_73_2' pipeline type 'loop pipeline'
INFO: [RTGEN 206-100] Generating core module 'fadd_32ns_32ns_32_4_full_dsp_1': 2 instance(s).
INFO: [RTGEN 206-100] Generating core module 'fmul_32ns_32ns_32_2_max_dsp_1': 2 instance(s).
INFO: [RTGEN 206-100] Generating core module 'sparsemux_17_3_32_1_1': 6 instance(s).
INFO: [RTGEN 206-100] Finished creating RTL model for 'top_Pipeline_DUMMY_STAGE_VITIS_LOOP_73_2'.
INFO: [HLS 200-111] Finished Creating RTL model: CPU user time: 0 seconds. CPU system time: 1 seconds. Elapsed time: 0.753 seconds; current allocated memory: 237.336 MB.
INFO: [HLS 200-10] ----------------------------------------------------------------
INFO: [HLS 200-10] -- Generating RTL for module 'top_Pipeline_WRITE_Q' 
INFO: [HLS 200-10] ----------------------------------------------------------------
INFO: [HLS 200-1030] Apply Unified Pipeline Control on module 'top_Pipeline_WRITE_Q' pipeline 'WRITE_Q' pipeline type 'loop pipeline'
INFO: [RTGEN 206-100] Finished creating RTL model for 'top_Pipeline_WRITE_Q'.
INFO: [HLS 200-111] Finished Creating RTL model: CPU user time: 0 seconds. CPU system time: 0 seconds. Elapsed time: 0.562 seconds; current allocated memory: 243.254 MB.
INFO: [HLS 200-10] ----------------------------------------------------------------
INFO: [HLS 200-10] -- Generating RTL for module 'top_Pipeline_WRITE_R' 
INFO: [HLS 200-10] ----------------------------------------------------------------
INFO: [HLS 200-1030] Apply Unified Pipeline Control on module 'top_Pipeline_WRITE_R' pipeline 'WRITE_R' pipeline type 'loop pipeline'
INFO: [RTGEN 206-100] Finished creating RTL model for 'top_Pipeline_WRITE_R'.
INFO: [HLS 200-111] Finished Creating RTL model: CPU user time: 1 seconds. CPU system time: 0 seconds. Elapsed time: 0.836 seconds; current allocated memory: 249.285 MB.
INFO: [HLS 200-10] ----------------------------------------------------------------
INFO: [HLS 200-10] -- Generating RTL for module 'top' 
INFO: [HLS 200-10] ----------------------------------------------------------------
WARNING: [RTGEN 206-101] Design contains AXI ports. Reset is fixed to synchronous and active low.
INFO: [RTGEN 206-500] Setting interface mode on port 'top/memA' to 'm_axi'.
INFO: [RTGEN 206-500] Setting interface mode on port 'top/memQ' to 'm_axi'.
INFO: [RTGEN 206-500] Setting interface mode on port 'top/memR' to 'm_axi'.
INFO: [RTGEN 206-500] Setting interface mode on port 'top/A_DRAM' to 's_axilite & ap_none'.
INFO: [RTGEN 206-500] Setting interface mode on port 'top/Q_DRAM' to 's_axilite & ap_none'.
INFO: [RTGEN 206-500] Setting interface mode on port 'top/R_DRAM' to 's_axilite & ap_none'.
INFO: [RTGEN 206-500] Setting interface mode on function 'top' to 's_axilite & ap_ctrl_hs'.
INFO: [RTGEN 206-100] Bundling port 'A_DRAM', 'Q_DRAM', 'R_DRAM' to AXI-Lite port control.
INFO: [RTGEN 206-100] Finished creating RTL model for 'top'.
INFO: [RTMG 210-278] Implementing memory 'top_Q_real_RAM_AUTO_1R1W' using auto RAMs.
INFO: [HLS 200-111] Finished Creating RTL model: CPU user time: 0 seconds. CPU system time: 1 seconds. Elapsed time: 0.957 seconds; current allocated memory: 259.023 MB.
INFO: [HLS 200-111] Finished Generating all RTL models: CPU user time: 0 seconds. CPU system time: 0 seconds. Elapsed time: 1.095 seconds; current allocated memory: 265.301 MB.
INFO: [HLS 200-111] Finished Updating report files: CPU user time: 2 seconds. CPU system time: 0 seconds. Elapsed time: 2.653 seconds; current allocated memory: 277.867 MB.
INFO: [VHDL 208-304] Generating VHDL RTL for top.
INFO: [VLOG 209-307] Generating Verilog RTL for top.
INFO: [HLS 200-790] **** Loop Constraint Status: All loop constraints were NOT satisfied.
INFO: [HLS 200-789] **** Estimated Fmax: 114.29 MHz
INFO: [HLS 200-111] Finished Command csynth_design CPU user time: 7 seconds. CPU system time: 2 seconds. Elapsed time: 41.398 seconds; current allocated memory: 146.051 MB.
==============================================================
Vitis HLS - High-Level Synthesis from C, C++ and OpenCL v2023.2 (64-bit)
Tool Version Limit: 2023.10
Copyright 1986-2022 Xilinx, Inc. All Rights Reserved.
Copyright 2022-2023 Advanced Micro Devices, Inc. All Rights Reserved.

==============================================================
INFO: [SYN 201-201] Setting up clock 'default' with a period of 10ns.
INFO: [SYN 201-201] Setting up clock 'default' with an uncertainty of 1.25ns.
INFO: [HLS 200-1611] Setting target device to 'xczu7ev-ffvc1156-2-e'
INFO: [HLS 200-1505] Using flow_target 'vivado'
INFO: [HLS 200-1510] Running: set_part xczu7ev-ffvc1156-2-e 
INFO: [HLS 200-1510] Running: create_clock -period 10 -name default 
INFO: [HLS 200-1510] Running: set_clock_uncertainty 1.25 
INFO: [HLS 200-1510] Running: csynth_design 
INFO: [HLS 200-111] Finished File checks and directory preparation: CPU user time: 0 seconds. CPU system time: 0 seconds. Elapsed time: 0.133 seconds; current allocated memory: 132.250 MB.
INFO: [HLS 200-10] Analyzing design file 'fns_cmplx.cpp' ... 
INFO: [HLS 200-10] Analyzing design file 'top_cmplx.cpp' ... 
INFO: [HLS 200-111] Finished Source Code Analysis and Preprocessing: CPU user time: 1 seconds. CPU system time: 0 seconds. Elapsed time: 21.214 seconds; current allocated memory: 138.391 MB.
INFO: [HLS 200-777] Using interface defaults for 'Vivado' flow target.
INFO: [HLS 200-1995] There were 316 instructions in the design after the 'Compile/Link' phase of compilation. See the Design Size Report for more details: C:/Users/varad/OneDrive/Documents/GitHub/Matrix_Inversion/COMPLEX_QR/CGR_QR_WBS/solution1/syn/report/csynth_design_size.rpt
INFO: [HLS 200-1995] There were 413 instructions in the design after the 'Unroll/Inline (step 1)' phase of compilation. See the Design Size Report for more details: C:/Users/varad/OneDrive/Documents/GitHub/Matrix_Inversion/COMPLEX_QR/CGR_QR_WBS/solution1/syn/report/csynth_design_size.rpt
INFO: [HLS 200-1995] There were 363 instructions in the design after the 'Unroll/Inline (step 2)' phase of compilation. See the Design Size Report for more details: C:/Users/varad/OneDrive/Documents/GitHub/Matrix_Inversion/COMPLEX_QR/CGR_QR_WBS/solution1/syn/report/csynth_design_size.rpt
INFO: [HLS 200-1995] There were 359 instructions in the design after the 'Unroll/Inline (step 3)' phase of compilation. See the Design Size Report for more details: C:/Users/varad/OneDrive/Documents/GitHub/Matrix_Inversion/COMPLEX_QR/CGR_QR_WBS/solution1/syn/report/csynth_design_size.rpt
INFO: [HLS 200-1995] There were 359 instructions in the design after the 'Unroll/Inline (step 4)' phase of compilation. See the Design Size Report for more details: C:/Users/varad/OneDrive/Documents/GitHub/Matrix_Inversion/COMPLEX_QR/CGR_QR_WBS/solution1/syn/report/csynth_design_size.rpt
INFO: [HLS 200-1995] There were 1,486 instructions in the design after the 'Array/Struct (step 1)' phase of compilation. See the Design Size Report for more details: C:/Users/varad/OneDrive/Documents/GitHub/Matrix_Inversion/COMPLEX_QR/CGR_QR_WBS/solution1/syn/report/csynth_design_size.rpt
INFO: [HLS 200-1995] There were 756 instructions in the design after the 'Array/Struct (step 2)' phase of compilation. See the Design Size Report for more details: C:/Users/varad/OneDrive/Documents/GitHub/Matrix_Inversion/COMPLEX_QR/CGR_QR_WBS/solution1/syn/report/csynth_design_size.rpt
INFO: [HLS 200-1995] There were 756 instructions in the design after the 'Array/Struct (step 3)' phase of compilation. See the Design Size Report for more details: C:/Users/varad/OneDrive/Documents/GitHub/Matrix_Inversion/COMPLEX_QR/CGR_QR_WBS/solution1/syn/report/csynth_design_size.rpt
INFO: [HLS 200-1995] There were 753 instructions in the design after the 'Array/Struct (step 4)' phase of compilation. See the Design Size Report for more details: C:/Users/varad/OneDrive/Documents/GitHub/Matrix_Inversion/COMPLEX_QR/CGR_QR_WBS/solution1/syn/report/csynth_design_size.rpt
INFO: [HLS 200-1995] There were 771 instructions in the design after the 'Array/Struct (step 5)' phase of compilation. See the Design Size Report for more details: C:/Users/varad/OneDrive/Documents/GitHub/Matrix_Inversion/COMPLEX_QR/CGR_QR_WBS/solution1/syn/report/csynth_design_size.rpt
INFO: [HLS 200-1995] There were 771 instructions in the design after the 'Performance (step 1)' phase of compilation. See the Design Size Report for more details: C:/Users/varad/OneDrive/Documents/GitHub/Matrix_Inversion/COMPLEX_QR/CGR_QR_WBS/solution1/syn/report/csynth_design_size.rpt
INFO: [HLS 200-1995] There were 771 instructions in the design after the 'Performance (step 2)' phase of compilation. See the Design Size Report for more details: C:/Users/varad/OneDrive/Documents/GitHub/Matrix_Inversion/COMPLEX_QR/CGR_QR_WBS/solution1/syn/report/csynth_design_size.rpt
INFO: [HLS 200-1995] There were 771 instructions in the design after the 'Performance (step 3)' phase of compilation. See the Design Size Report for more details: C:/Users/varad/OneDrive/Documents/GitHub/Matrix_Inversion/COMPLEX_QR/CGR_QR_WBS/solution1/syn/report/csynth_design_size.rpt
INFO: [HLS 200-1995] There were 771 instructions in the design after the 'Performance (step 4)' phase of compilation. See the Design Size Report for more details: C:/Users/varad/OneDrive/Documents/GitHub/Matrix_Inversion/COMPLEX_QR/CGR_QR_WBS/solution1/syn/report/csynth_design_size.rpt
INFO: [HLS 200-1995] There were 836 instructions in the design after the 'HW Transforms (step 1)' phase of compilation. See the Design Size Report for more details: C:/Users/varad/OneDrive/Documents/GitHub/Matrix_Inversion/COMPLEX_QR/CGR_QR_WBS/solution1/syn/report/csynth_design_size.rpt
INFO: [HLS 200-1995] There were 870 instructions in the design after the 'HW Transforms (step 2)' phase of compilation. See the Design Size Report for more details: C:/Users/varad/OneDrive/Documents/GitHub/Matrix_Inversion/COMPLEX_QR/CGR_QR_WBS/solution1/syn/report/csynth_design_size.rpt
INFO: [HLS 214-291] Loop 'VITIS_LOOP_73_2' is marked as complete unroll implied by the pipeline pragma (top_cmplx.cpp:73:22)
INFO: [HLS 214-186] Unrolling loop 'VITIS_LOOP_73_2' (top_cmplx.cpp:73:22) in function 'top' completely with a factor of 8 (top_cmplx.cpp:8:0)
INFO: [HLS 214-248] Applying array_partition to 'Q.real': Complete partitioning on dimension 2. (top_cmplx.cpp:19:7)
INFO: [HLS 214-248] Applying array_partition to 'Q.imag': Complete partitioning on dimension 2. (top_cmplx.cpp:19:7)
INFO: [HLS 214-248] Applying array_partition to 'R.real': Complete partitioning on dimension 2. (top_cmplx.cpp:20:7)
INFO: [HLS 214-248] Applying array_partition to 'R.imag': Complete partitioning on dimension 2. (top_cmplx.cpp:20:7)
INFO: [HLS 214-248] Applying array_partition to 'Q_out.real': Complete partitioning on dimension 2. (top_cmplx.cpp:22:7)
INFO: [HLS 214-248] Applying array_partition to 'Q_out.imag': Complete partitioning on dimension 2. (top_cmplx.cpp:22:7)
INFO: [HLS 214-248] Applying array_partition to 'R_out.real': Complete partitioning on dimension 2. (top_cmplx.cpp:23:7)
INFO: [HLS 214-248] Applying array_partition to 'R_out.imag': Complete partitioning on dimension 2. (top_cmplx.cpp:23:7)
INFO: [HLS 214-376] automatically set the pipeline for Loop< VITIS_LOOP_37_1> at top_cmplx.cpp:37:22 
INFO: [HLS 214-376] automatically set the pipeline for Loop< VITIS_LOOP_99_3> at top_cmplx.cpp:99:22 
INFO: [HLS 214-376] automatically set the pipeline for Loop< VITIS_LOOP_110_4> at top_cmplx.cpp:110:23 
INFO: [HLS 200-111] Finished Compiling Optimization and Transform: CPU user time: 0 seconds. CPU system time: 0 seconds. Elapsed time: 8.358 seconds; current allocated memory: 139.969 MB.
INFO: [HLS 200-111] Finished Checking Pragmas: CPU user time: 0 seconds. CPU system time: 0 seconds. Elapsed time: 0.013 seconds; current allocated memory: 139.973 MB.
INFO: [HLS 200-10] Starting code transformations ...
INFO: [HLS 200-111] Finished Standard Transforms: CPU user time: 0 seconds. CPU system time: 0 seconds. Elapsed time: 0.125 seconds; current allocated memory: 146.250 MB.
INFO: [HLS 200-10] Checking synthesizability ...
INFO: [HLS 200-111] Finished Checking Synthesizability: CPU user time: 0 seconds. CPU system time: 0 seconds. Elapsed time: 0.102 seconds; current allocated memory: 147.867 MB.
INFO: [HLS 200-111] Finished Loop, function and other optimizations: CPU user time: 0 seconds. CPU system time: 0 seconds. Elapsed time: 0.292 seconds; current allocated memory: 171.938 MB.
INFO: [HLS 200-2061] Successfully converted nested loops 'READ_INIT'(top_cmplx.cpp:35:1) and 'VITIS_LOOP_37_1'(top_cmplx.cpp:37:22) in function 'top' into perfectly nested loops.
INFO: [HLS 200-2061] Successfully converted nested loops 'WRITE_Q'(top_cmplx.cpp:97:1) and 'VITIS_LOOP_99_3'(top_cmplx.cpp:99:22) in function 'top' into perfectly nested loops.
INFO: [HLS 200-2061] Successfully converted nested loops 'WRITE_R'(top_cmplx.cpp:108:1) and 'VITIS_LOOP_110_4'(top_cmplx.cpp:110:23) in function 'top' into perfectly nested loops.
INFO: [XFORM 203-541] Flattening a loop nest 'READ_INIT' (top_cmplx.cpp:35:1) in function 'top'.
INFO: [XFORM 203-541] Flattening a loop nest 'WRITE_Q' (top_cmplx.cpp:97:1) in function 'top'.
INFO: [XFORM 203-541] Flattening a loop nest 'WRITE_R' (top_cmplx.cpp:108:1) in function 'top'.
INFO: [HLS 200-111] Finished Architecture Synthesis: CPU user time: 0 seconds. CPU system time: 0 seconds. Elapsed time: 0.334 seconds; current allocated memory: 204.039 MB.
INFO: [HLS 200-10] Starting hardware synthesis ...
INFO: [HLS 200-10] Synthesizing 'top' ...
INFO: [HLS 200-10] ----------------------------------------------------------------
INFO: [HLS 200-42] -- Implementing module 'top_Pipeline_READ_INIT_VITIS_LOOP_37_1' 
INFO: [HLS 200-10] ----------------------------------------------------------------
INFO: [SCHED 204-11] Starting scheduling ...
INFO: [SCHED 204-61] Pipelining loop 'READ_INIT_VITIS_LOOP_37_1'.
WARNING: [HLS 200-885] The II Violation in module 'top_Pipeline_READ_INIT_VITIS_LOOP_37_1' (loop 'READ_INIT_VITIS_LOOP_37_1'): Unable to schedule bus request operation ('memA_load_1_req', top_cmplx.cpp:41) on port 'memA' (top_cmplx.cpp:41) due to limited memory ports (II = 1). Please consider using a memory core with more ports or partitioning the array.
INFO: [HLS 200-1470] Pipelining result : Target II = NA, Final II = 2, Depth = 12, loop 'READ_INIT_VITIS_LOOP_37_1'
INFO: [SCHED 204-11] Finished scheduling.
INFO: [HLS 200-111] Finished Scheduling: CPU user time: 1 seconds. CPU system time: 0 seconds. Elapsed time: 0.452 seconds; current allocated memory: 211.074 MB.
INFO: [BIND 205-100] Starting micro-architecture generation ...
INFO: [BIND 205-101] Performing variable lifetime analysis.
INFO: [BIND 205-101] Exploring resource sharing.
INFO: [BIND 205-101] Binding ...
INFO: [BIND 205-100] Finished micro-architecture generation.
INFO: [HLS 200-111] Finished Binding: CPU user time: 0 seconds. CPU system time: 0 seconds. Elapsed time: 0.166 seconds; current allocated memory: 212.266 MB.
INFO: [HLS 200-10] ----------------------------------------------------------------
INFO: [HLS 200-42] -- Implementing module 'top_Pipeline_DUMMY_STAGE' 
INFO: [HLS 200-10] ----------------------------------------------------------------
INFO: [SCHED 204-11] Starting scheduling ...
INFO: [SCHED 204-61] Pipelining loop 'DUMMY_STAGE'.
INFO: [HLS 200-1470] Pipelining result : Target II = NA, Final II = 1, Depth = 5, loop 'DUMMY_STAGE'
INFO: [SCHED 204-11] Finished scheduling.
INFO: [HLS 200-111] Finished Scheduling: CPU user time: 0 seconds. CPU system time: 0 seconds. Elapsed time: 0.31 seconds; current allocated memory: 214.062 MB.
INFO: [BIND 205-100] Starting micro-architecture generation ...
INFO: [BIND 205-101] Performing variable lifetime analysis.
INFO: [BIND 205-101] Exploring resource sharing.
INFO: [BIND 205-101] Binding ...
INFO: [BIND 205-100] Finished micro-architecture generation.
INFO: [HLS 200-111] Finished Binding: CPU user time: 0 seconds. CPU system time: 0 seconds. Elapsed time: 0.188 seconds; current allocated memory: 214.453 MB.
INFO: [HLS 200-10] ----------------------------------------------------------------
INFO: [HLS 200-42] -- Implementing module 'top_Pipeline_WRITE_Q_VITIS_LOOP_99_3' 
INFO: [HLS 200-10] ----------------------------------------------------------------
INFO: [SCHED 204-11] Starting scheduling ...
INFO: [SCHED 204-61] Pipelining loop 'WRITE_Q_VITIS_LOOP_99_3'.
WARNING: [HLS 200-885] The II Violation in module 'top_Pipeline_WRITE_Q_VITIS_LOOP_99_3' (loop 'WRITE_Q_VITIS_LOOP_99_3'): Unable to schedule bus request operation ('empty_29', top_cmplx.cpp:99) on port 'memQ' (top_cmplx.cpp:99) due to limited memory ports (II = 1). Please consider using a memory core with more ports or partitioning the array.
INFO: [HLS 200-1470] Pipelining result : Target II = NA, Final II = 2, Depth = 10, loop 'WRITE_Q_VITIS_LOOP_99_3'
INFO: [SCHED 204-11] Finished scheduling.
INFO: [HLS 200-111] Finished Scheduling: CPU user time: 0 seconds. CPU system time: 0 seconds. Elapsed time: 0.32 seconds; current allocated memory: 215.758 MB.
INFO: [BIND 205-100] Starting micro-architecture generation ...
INFO: [BIND 205-101] Performing variable lifetime analysis.
INFO: [BIND 205-101] Exploring resource sharing.
INFO: [BIND 205-101] Binding ...
INFO: [BIND 205-100] Finished micro-architecture generation.
INFO: [HLS 200-111] Finished Binding: CPU user time: 0 seconds. CPU system time: 0 seconds. Elapsed time: 0.145 seconds; current allocated memory: 216.129 MB.
INFO: [HLS 200-10] ----------------------------------------------------------------
INFO: [HLS 200-42] -- Implementing module 'top_Pipeline_WRITE_R_VITIS_LOOP_110_4' 
INFO: [HLS 200-10] ----------------------------------------------------------------
INFO: [SCHED 204-11] Starting scheduling ...
INFO: [SCHED 204-61] Pipelining loop 'WRITE_R_VITIS_LOOP_110_4'.
WARNING: [HLS 200-885] The II Violation in module 'top_Pipeline_WRITE_R_VITIS_LOOP_110_4' (loop 'WRITE_R_VITIS_LOOP_110_4'): Unable to schedule bus request operation ('empty_25', top_cmplx.cpp:110) on port 'memR' (top_cmplx.cpp:110) due to limited memory ports (II = 1). Please consider using a memory core with more ports or partitioning the array.
INFO: [HLS 200-1470] Pipelining result : Target II = NA, Final II = 2, Depth = 10, loop 'WRITE_R_VITIS_LOOP_110_4'
INFO: [SCHED 204-11] Finished scheduling.
INFO: [HLS 200-111] Finished Scheduling: CPU user time: 0 seconds. CPU system time: 0 seconds. Elapsed time: 0.278 seconds; current allocated memory: 217.188 MB.
INFO: [BIND 205-100] Starting micro-architecture generation ...
INFO: [BIND 205-101] Performing variable lifetime analysis.
INFO: [BIND 205-101] Exploring resource sharing.
INFO: [BIND 205-101] Binding ...
INFO: [BIND 205-100] Finished micro-architecture generation.
INFO: [HLS 200-111] Finished Binding: CPU user time: 0 seconds. CPU system time: 0 seconds. Elapsed time: 0.168 seconds; current allocated memory: 217.465 MB.
INFO: [HLS 200-10] ----------------------------------------------------------------
INFO: [HLS 200-42] -- Implementing module 'top' 
INFO: [HLS 200-10] ----------------------------------------------------------------
INFO: [SCHED 204-11] Starting scheduling ...
INFO: [SCHED 204-11] Finished scheduling.
INFO: [HLS 200-111] Finished Scheduling: CPU user time: 1 seconds. CPU system time: 0 seconds. Elapsed time: 0.23 seconds; current allocated memory: 218.203 MB.
INFO: [BIND 205-100] Starting micro-architecture generation ...
INFO: [BIND 205-101] Performing variable lifetime analysis.
INFO: [BIND 205-101] Exploring resource sharing.
INFO: [BIND 205-101] Binding ...
INFO: [BIND 205-100] Finished micro-architecture generation.
INFO: [HLS 200-111] Finished Binding: CPU user time: 0 seconds. CPU system time: 0 seconds. Elapsed time: 0.158 seconds; current allocated memory: 218.629 MB.
INFO: [HLS 200-10] ----------------------------------------------------------------
INFO: [HLS 200-10] -- Generating RTL for module 'top_Pipeline_READ_INIT_VITIS_LOOP_37_1' 
INFO: [HLS 200-10] ----------------------------------------------------------------
INFO: [HLS 200-1030] Apply Unified Pipeline Control on module 'top_Pipeline_READ_INIT_VITIS_LOOP_37_1' pipeline 'READ_INIT_VITIS_LOOP_37_1' pipeline type 'loop pipeline'
INFO: [RTGEN 206-100] Finished creating RTL model for 'top_Pipeline_READ_INIT_VITIS_LOOP_37_1'.
INFO: [HLS 200-111] Finished Creating RTL model: CPU user time: 0 seconds. CPU system time: 0 seconds. Elapsed time: 0.191 seconds; current allocated memory: 221.586 MB.
INFO: [HLS 200-10] ----------------------------------------------------------------
INFO: [HLS 200-10] -- Generating RTL for module 'top_Pipeline_DUMMY_STAGE' 
INFO: [HLS 200-10] ----------------------------------------------------------------
INFO: [HLS 200-1030] Apply Unified Pipeline Control on module 'top_Pipeline_DUMMY_STAGE' pipeline 'DUMMY_STAGE' pipeline type 'loop pipeline'
INFO: [RTGEN 206-100] Generating core module 'fmul_32ns_32ns_32_2_max_dsp_1': 16 instance(s).
INFO: [RTGEN 206-100] Finished creating RTL model for 'top_Pipeline_DUMMY_STAGE'.
INFO: [HLS 200-111] Finished Creating RTL model: CPU user time: 0 seconds. CPU system time: 1 seconds. Elapsed time: 0.597 seconds; current allocated memory: 227.867 MB.
INFO: [HLS 200-10] ----------------------------------------------------------------
INFO: [HLS 200-10] -- Generating RTL for module 'top_Pipeline_WRITE_Q_VITIS_LOOP_99_3' 
INFO: [HLS 200-10] ----------------------------------------------------------------
INFO: [HLS 200-1030] Apply Unified Pipeline Control on module 'top_Pipeline_WRITE_Q_VITIS_LOOP_99_3' pipeline 'WRITE_Q_VITIS_LOOP_99_3' pipeline type 'loop pipeline'
INFO: [RTGEN 206-100] Generating core module 'sparsemux_17_3_32_1_1': 2 instance(s).
INFO: [RTGEN 206-100] Finished creating RTL model for 'top_Pipeline_WRITE_Q_VITIS_LOOP_99_3'.
INFO: [HLS 200-111] Finished Creating RTL model: CPU user time: 0 seconds. CPU system time: 0 seconds. Elapsed time: 0.641 seconds; current allocated memory: 233.410 MB.
INFO: [HLS 200-10] ----------------------------------------------------------------
INFO: [HLS 200-10] -- Generating RTL for module 'top_Pipeline_WRITE_R_VITIS_LOOP_110_4' 
INFO: [HLS 200-10] ----------------------------------------------------------------
INFO: [HLS 200-1030] Apply Unified Pipeline Control on module 'top_Pipeline_WRITE_R_VITIS_LOOP_110_4' pipeline 'WRITE_R_VITIS_LOOP_110_4' pipeline type 'loop pipeline'
INFO: [RTGEN 206-100] Generating core module 'sparsemux_17_3_32_1_1': 2 instance(s).
INFO: [RTGEN 206-100] Finished creating RTL model for 'top_Pipeline_WRITE_R_VITIS_LOOP_110_4'.
INFO: [HLS 200-111] Finished Creating RTL model: CPU user time: 0 seconds. CPU system time: 0 seconds. Elapsed time: 0.449 seconds; current allocated memory: 237.539 MB.
INFO: [HLS 200-10] ----------------------------------------------------------------
INFO: [HLS 200-10] -- Generating RTL for module 'top' 
INFO: [HLS 200-10] ----------------------------------------------------------------
WARNING: [RTGEN 206-101] Design contains AXI ports. Reset is fixed to synchronous and active low.
INFO: [RTGEN 206-500] Setting interface mode on port 'top/memA' to 'm_axi'.
INFO: [RTGEN 206-500] Setting interface mode on port 'top/memQ' to 'm_axi'.
INFO: [RTGEN 206-500] Setting interface mode on port 'top/memR' to 'm_axi'.
INFO: [RTGEN 206-500] Setting interface mode on port 'top/A_DRAM' to 's_axilite & ap_none'.
INFO: [RTGEN 206-500] Setting interface mode on port 'top/Q_DRAM' to 's_axilite & ap_none'.
INFO: [RTGEN 206-500] Setting interface mode on port 'top/R_DRAM' to 's_axilite & ap_none'.
INFO: [RTGEN 206-500] Setting interface mode on function 'top' to 's_axilite & ap_ctrl_hs'.
INFO: [RTGEN 206-100] Bundling port 'A_DRAM', 'Q_DRAM', 'R_DRAM' to AXI-Lite port control.
INFO: [RTGEN 206-100] Generating core module 'fadd_32ns_32ns_32_4_full_dsp_1': 16 instance(s).
INFO: [RTGEN 206-100] Finished creating RTL model for 'top'.
INFO: [RTMG 210-278] Implementing memory 'top_Q_real_RAM_AUTO_1R1W' using auto RAMs.
INFO: [HLS 200-111] Finished Creating RTL model: CPU user time: 1 seconds. CPU system time: 0 seconds. Elapsed time: 0.762 seconds; current allocated memory: 246.031 MB.
INFO: [HLS 200-111] Finished Generating all RTL models: CPU user time: 0 seconds. CPU system time: 1 seconds. Elapsed time: 1.113 seconds; current allocated memory: 253.094 MB.
INFO: [HLS 200-111] Finished Updating report files: CPU user time: 2 seconds. CPU system time: 0 seconds. Elapsed time: 2.582 seconds; current allocated memory: 265.887 MB.
INFO: [VHDL 208-304] Generating VHDL RTL for top.
INFO: [VLOG 209-307] Generating Verilog RTL for top.
INFO: [HLS 200-790] **** Loop Constraint Status: All loop constraints were NOT satisfied.
INFO: [HLS 200-789] **** Estimated Fmax: 114.29 MHz
INFO: [HLS 200-111] Finished Command csynth_design CPU user time: 6 seconds. CPU system time: 2 seconds. Elapsed time: 39.82 seconds; current allocated memory: 133.730 MB.
==============================================================
Vitis HLS - High-Level Synthesis from C, C++ and OpenCL v2023.2 (64-bit)
Tool Version Limit: 2023.10
Copyright 1986-2022 Xilinx, Inc. All Rights Reserved.
Copyright 2022-2023 Advanced Micro Devices, Inc. All Rights Reserved.

==============================================================
INFO: [SYN 201-201] Setting up clock 'default' with a period of 10ns.
INFO: [SYN 201-201] Setting up clock 'default' with an uncertainty of 1.25ns.
INFO: [HLS 200-1611] Setting target device to 'xczu7ev-ffvc1156-2-e'
INFO: [HLS 200-1505] Using flow_target 'vivado'
INFO: [HLS 200-1464] Running solution command: config_cosim -tool=xsim
INFO: [HLS 200-1464] Running solution command: config_cosim -trace_level=all
INFO: [HLS 200-1510] Running: set_part xczu7ev-ffvc1156-2-e 
INFO: [HLS 200-1510] Running: create_clock -period 10 -name default 
INFO: [SYN 201-201] Setting up clock 'default' with a period of 10ns.
INFO: [HLS 200-1510] Running: config_cosim -tool xsim -trace_level all 
INFO: [HLS 200-1510] Running: set_clock_uncertainty 1.25 
INFO: [HLS 200-1510] Running: cosim_design -trace_level all 
INFO: [COSIM 212-47] Using XSIM for RTL simulation.
INFO: [COSIM 212-14] Instrumenting C test bench ...
INFO: [COSIM 212-302] Starting C TB testing ... 
INFO: [COSIM 212-333] Generating C post check test bench ...
INFO: [COSIM 212-12] Generating RTL test bench ...
INFO: [COSIM 212-1] *** C/RTL co-simulation file generation completed. ***
INFO: [COSIM 212-323] Starting verilog simulation. 
INFO: [COSIM 212-15] Starting XSIM ...
INFO: [COSIM 212-316] Starting C post checking ...
INFO: [COSIM 212-1000] *** C/RTL co-simulation finished: PASS ***
INFO: [COSIM 212-211] II is measurable only when transaction number is greater than 1 in RTL simulation. Otherwise, they will be marked as all NA. If user wants to calculate them, please make sure there are at least 2 transactions in RTL simulation.
INFO: [HLS 200-111] Finished Command cosim_design CPU user time: 2 seconds. CPU system time: 1 seconds. Elapsed time: 116.432 seconds; current allocated memory: 13.020 MB.
==============================================================
Vitis HLS - High-Level Synthesis from C, C++ and OpenCL v2023.2 (64-bit)
Tool Version Limit: 2023.10
Copyright 1986-2022 Xilinx, Inc. All Rights Reserved.
Copyright 2022-2023 Advanced Micro Devices, Inc. All Rights Reserved.

==============================================================
INFO: [SYN 201-201] Setting up clock 'default' with a period of 10ns.
INFO: [SYN 201-201] Setting up clock 'default' with an uncertainty of 1.25ns.
INFO: [HLS 200-1611] Setting target device to 'xczu7ev-ffvc1156-2-e'
INFO: [HLS 200-1505] Using flow_target 'vivado'
INFO: [HLS 200-1464] Running solution command: config_cosim -tool=xsim
INFO: [HLS 200-1464] Running solution command: config_cosim -trace_level=all
INFO: [HLS 200-1464] Running solution command: config_export -output=C:/Users/varad/OneDrive/Documents/GitHub/Matrix_Inversion/COMPLEX_QR/IP_INTRFACE_DRAM_BRAM_BASIC
INFO: [HLS 200-1510] Running: set_part xczu7ev-ffvc1156-2-e 
INFO: [HLS 200-1510] Running: create_clock -period 10 -name default 
INFO: [SYN 201-201] Setting up clock 'default' with a period of 10ns.
INFO: [HLS 200-1510] Running: config_cosim -tool xsim -trace_level all 
INFO: [HLS 200-1510] Running: config_export -output C:/Users/varad/OneDrive/Documents/GitHub/Matrix_Inversion/COMPLEX_QR/IP_INTRFACE_DRAM_BRAM_BASIC 
INFO: [HLS 200-1510] Running: set_clock_uncertainty 1.25 
INFO: [HLS 200-1510] Running: export_design -rtl verilog -format ip_catalog -output C:/Users/varad/OneDrive/Documents/GitHub/Matrix_Inversion/COMPLEX_QR/IP_INTRFACE_DRAM_BRAM_BASIC 
INFO: [IMPL 213-8] Exporting RTL as a Vivado IP.
INFO: [HLS 200-802] Generated output file IP_INTRFACE_DRAM_BRAM_BASIC/export.zip
INFO: [HLS 200-111] Finished Command export_design CPU user time: 2 seconds. CPU system time: 0 seconds. Elapsed time: 29.421 seconds; current allocated memory: 11.086 MB.
==============================================================
Vitis HLS - High-Level Synthesis from C, C++ and OpenCL v2023.2 (64-bit)
Tool Version Limit: 2023.10
Copyright 1986-2022 Xilinx, Inc. All Rights Reserved.
Copyright 2022-2023 Advanced Micro Devices, Inc. All Rights Reserved.

==============================================================
INFO: [SYN 201-201] Setting up clock 'default' with a period of 10ns.
INFO: [SYN 201-201] Setting up clock 'default' with an uncertainty of 1.25ns.
INFO: [HLS 200-1611] Setting target device to 'xczu7ev-ffvc1156-2-e'
INFO: [HLS 200-1505] Using flow_target 'vivado'
INFO: [HLS 200-1464] Running solution command: config_cosim -tool=xsim
INFO: [HLS 200-1464] Running solution command: config_cosim -trace_level=all
INFO: [HLS 200-1464] Running solution command: config_export -output=C:/Users/varad/OneDrive/Documents/GitHub/Matrix_Inversion/COMPLEX_QR/IP_INTRFACE_DRAM_BRAM_BASIC
INFO: [HLS 200-1464] Running solution command: config_export -format=ip_catalog
INFO: [HLS 200-1464] Running solution command: config_export -rtl=verilog
INFO: [HLS 200-1510] Running: set_part xczu7ev-ffvc1156-2-e 
INFO: [HLS 200-1510] Running: create_clock -period 10 -name default 
INFO: [HLS 200-1510] Running: config_cosim -tool xsim -trace_level all 
INFO: [HLS 200-1510] Running: config_export -format ip_catalog -output C:/Users/varad/OneDrive/Documents/GitHub/Matrix_Inversion/COMPLEX_QR/IP_INTRFACE_DRAM_BRAM_BASIC -rtl verilog 
INFO: [HLS 200-1510] Running: set_clock_uncertainty 1.25 
INFO: [HLS 200-1510] Running: source ./CGR_QR_WBS/solution1/directives.tcl
INFO: [HLS 200-1510] Running: set_directive_top -name top top 
INFO: [HLS 200-1510] Running: csynth_design 
INFO: [HLS 200-111] Finished File checks and directory preparation: CPU user time: 0 seconds. CPU system time: 0 seconds. Elapsed time: 0.104 seconds; current allocated memory: 132.117 MB.
INFO: [HLS 200-10] Analyzing design file 'fns_cmplx.cpp' ... 
INFO: [HLS 200-10] Analyzing design file 'top_cmplx.cpp' ... 
INFO: [HLS 200-111] Finished Source Code Analysis and Preprocessing: CPU user time: 1 seconds. CPU system time: 0 seconds. Elapsed time: 21.605 seconds; current allocated memory: 138.645 MB.
INFO: [HLS 200-777] Using interface defaults for 'Vivado' flow target.
INFO: [HLS 200-1995] There were 316 instructions in the design after the 'Compile/Link' phase of compilation. See the Design Size Report for more details: C:/Users/varad/OneDrive/Documents/GitHub/Matrix_Inversion/COMPLEX_QR/CGR_QR_WBS/solution1/syn/report/csynth_design_size.rpt
INFO: [HLS 200-1995] There were 253 instructions in the design after the 'Unroll/Inline (step 1)' phase of compilation. See the Design Size Report for more details: C:/Users/varad/OneDrive/Documents/GitHub/Matrix_Inversion/COMPLEX_QR/CGR_QR_WBS/solution1/syn/report/csynth_design_size.rpt
INFO: [HLS 200-1995] There were 203 instructions in the design after the 'Unroll/Inline (step 2)' phase of compilation. See the Design Size Report for more details: C:/Users/varad/OneDrive/Documents/GitHub/Matrix_Inversion/COMPLEX_QR/CGR_QR_WBS/solution1/syn/report/csynth_design_size.rpt
INFO: [HLS 200-1995] There were 199 instructions in the design after the 'Unroll/Inline (step 3)' phase of compilation. See the Design Size Report for more details: C:/Users/varad/OneDrive/Documents/GitHub/Matrix_Inversion/COMPLEX_QR/CGR_QR_WBS/solution1/syn/report/csynth_design_size.rpt
INFO: [HLS 200-1995] There were 199 instructions in the design after the 'Unroll/Inline (step 4)' phase of compilation. See the Design Size Report for more details: C:/Users/varad/OneDrive/Documents/GitHub/Matrix_Inversion/COMPLEX_QR/CGR_QR_WBS/solution1/syn/report/csynth_design_size.rpt
INFO: [HLS 200-1995] There were 436 instructions in the design after the 'Array/Struct (step 1)' phase of compilation. See the Design Size Report for more details: C:/Users/varad/OneDrive/Documents/GitHub/Matrix_Inversion/COMPLEX_QR/CGR_QR_WBS/solution1/syn/report/csynth_design_size.rpt
INFO: [HLS 200-1995] There were 333 instructions in the design after the 'Array/Struct (step 2)' phase of compilation. See the Design Size Report for more details: C:/Users/varad/OneDrive/Documents/GitHub/Matrix_Inversion/COMPLEX_QR/CGR_QR_WBS/solution1/syn/report/csynth_design_size.rpt
INFO: [HLS 200-1995] There were 333 instructions in the design after the 'Array/Struct (step 3)' phase of compilation. See the Design Size Report for more details: C:/Users/varad/OneDrive/Documents/GitHub/Matrix_Inversion/COMPLEX_QR/CGR_QR_WBS/solution1/syn/report/csynth_design_size.rpt
INFO: [HLS 200-1995] There were 332 instructions in the design after the 'Array/Struct (step 4)' phase of compilation. See the Design Size Report for more details: C:/Users/varad/OneDrive/Documents/GitHub/Matrix_Inversion/COMPLEX_QR/CGR_QR_WBS/solution1/syn/report/csynth_design_size.rpt
INFO: [HLS 200-1995] There were 350 instructions in the design after the 'Array/Struct (step 5)' phase of compilation. See the Design Size Report for more details: C:/Users/varad/OneDrive/Documents/GitHub/Matrix_Inversion/COMPLEX_QR/CGR_QR_WBS/solution1/syn/report/csynth_design_size.rpt
INFO: [HLS 200-1995] There were 350 instructions in the design after the 'Performance (step 1)' phase of compilation. See the Design Size Report for more details: C:/Users/varad/OneDrive/Documents/GitHub/Matrix_Inversion/COMPLEX_QR/CGR_QR_WBS/solution1/syn/report/csynth_design_size.rpt
INFO: [HLS 200-1995] There were 350 instructions in the design after the 'Performance (step 2)' phase of compilation. See the Design Size Report for more details: C:/Users/varad/OneDrive/Documents/GitHub/Matrix_Inversion/COMPLEX_QR/CGR_QR_WBS/solution1/syn/report/csynth_design_size.rpt
INFO: [HLS 200-1995] There were 350 instructions in the design after the 'Performance (step 3)' phase of compilation. See the Design Size Report for more details: C:/Users/varad/OneDrive/Documents/GitHub/Matrix_Inversion/COMPLEX_QR/CGR_QR_WBS/solution1/syn/report/csynth_design_size.rpt
INFO: [HLS 200-1995] There were 350 instructions in the design after the 'Performance (step 4)' phase of compilation. See the Design Size Report for more details: C:/Users/varad/OneDrive/Documents/GitHub/Matrix_Inversion/COMPLEX_QR/CGR_QR_WBS/solution1/syn/report/csynth_design_size.rpt
INFO: [HLS 200-1995] There were 415 instructions in the design after the 'HW Transforms (step 1)' phase of compilation. See the Design Size Report for more details: C:/Users/varad/OneDrive/Documents/GitHub/Matrix_Inversion/COMPLEX_QR/CGR_QR_WBS/solution1/syn/report/csynth_design_size.rpt
INFO: [HLS 200-1995] There were 449 instructions in the design after the 'HW Transforms (step 2)' phase of compilation. See the Design Size Report for more details: C:/Users/varad/OneDrive/Documents/GitHub/Matrix_Inversion/COMPLEX_QR/CGR_QR_WBS/solution1/syn/report/csynth_design_size.rpt
INFO: [HLS 214-291] Loop 'VITIS_LOOP_73_2' is marked as complete unroll implied by the pipeline pragma (top_cmplx.cpp:73:22)
INFO: [HLS 214-186] Unrolling loop 'VITIS_LOOP_73_2' (top_cmplx.cpp:73:22) in function 'top' completely with a factor of 3 (top_cmplx.cpp:8:0)
INFO: [HLS 214-248] Applying array_partition to 'Q.real': Complete partitioning on dimension 2. (top_cmplx.cpp:19:7)
INFO: [HLS 214-248] Applying array_partition to 'Q.imag': Complete partitioning on dimension 2. (top_cmplx.cpp:19:7)
INFO: [HLS 214-248] Applying array_partition to 'R.real': Complete partitioning on dimension 2. (top_cmplx.cpp:20:7)
INFO: [HLS 214-248] Applying array_partition to 'R.imag': Complete partitioning on dimension 2. (top_cmplx.cpp:20:7)
INFO: [HLS 214-248] Applying array_partition to 'Q_out.real': Complete partitioning on dimension 2. (top_cmplx.cpp:22:7)
INFO: [HLS 214-248] Applying array_partition to 'Q_out.imag': Complete partitioning on dimension 2. (top_cmplx.cpp:22:7)
INFO: [HLS 214-248] Applying array_partition to 'R_out.real': Complete partitioning on dimension 2. (top_cmplx.cpp:23:7)
INFO: [HLS 214-248] Applying array_partition to 'R_out.imag': Complete partitioning on dimension 2. (top_cmplx.cpp:23:7)
INFO: [HLS 214-376] automatically set the pipeline for Loop< VITIS_LOOP_37_1> at top_cmplx.cpp:37:22 
INFO: [HLS 214-376] automatically set the pipeline for Loop< VITIS_LOOP_99_3> at top_cmplx.cpp:99:22 
INFO: [HLS 214-376] automatically set the pipeline for Loop< VITIS_LOOP_110_4> at top_cmplx.cpp:110:23 
INFO: [HLS 200-111] Finished Compiling Optimization and Transform: CPU user time: 0 seconds. CPU system time: 0 seconds. Elapsed time: 9.65 seconds; current allocated memory: 140.426 MB.
INFO: [HLS 200-111] Finished Checking Pragmas: CPU user time: 0 seconds. CPU system time: 0 seconds. Elapsed time: 0.022 seconds; current allocated memory: 140.426 MB.
INFO: [HLS 200-10] Starting code transformations ...
INFO: [HLS 200-111] Finished Standard Transforms: CPU user time: 1 seconds. CPU system time: 0 seconds. Elapsed time: 0.414 seconds; current allocated memory: 145.547 MB.
INFO: [HLS 200-10] Checking synthesizability ...
INFO: [HLS 200-111] Finished Checking Synthesizability: CPU user time: 0 seconds. CPU system time: 0 seconds. Elapsed time: 0.166 seconds; current allocated memory: 147.160 MB.
INFO: [HLS 200-111] Finished Loop, function and other optimizations: CPU user time: 0 seconds. CPU system time: 0 seconds. Elapsed time: 0.36 seconds; current allocated memory: 170.000 MB.
INFO: [HLS 200-2061] Successfully converted nested loops 'READ_INIT'(top_cmplx.cpp:35:1) and 'VITIS_LOOP_37_1'(top_cmplx.cpp:37:22) in function 'top' into perfectly nested loops.
INFO: [HLS 200-2061] Successfully converted nested loops 'WRITE_Q'(top_cmplx.cpp:97:1) and 'VITIS_LOOP_99_3'(top_cmplx.cpp:99:22) in function 'top' into perfectly nested loops.
INFO: [HLS 200-2061] Successfully converted nested loops 'WRITE_R'(top_cmplx.cpp:108:1) and 'VITIS_LOOP_110_4'(top_cmplx.cpp:110:23) in function 'top' into perfectly nested loops.
INFO: [XFORM 203-541] Flattening a loop nest 'READ_INIT' (top_cmplx.cpp:35:1) in function 'top'.
INFO: [XFORM 203-541] Flattening a loop nest 'WRITE_Q' (top_cmplx.cpp:97:1) in function 'top'.
INFO: [XFORM 203-541] Flattening a loop nest 'WRITE_R' (top_cmplx.cpp:108:1) in function 'top'.
INFO: [HLS 200-111] Finished Architecture Synthesis: CPU user time: 0 seconds. CPU system time: 0 seconds. Elapsed time: 0.548 seconds; current allocated memory: 200.504 MB.
INFO: [HLS 200-10] Starting hardware synthesis ...
INFO: [HLS 200-10] Synthesizing 'top' ...
INFO: [HLS 200-10] ----------------------------------------------------------------
INFO: [HLS 200-42] -- Implementing module 'top_Pipeline_READ_INIT_VITIS_LOOP_37_1' 
INFO: [HLS 200-10] ----------------------------------------------------------------
INFO: [SCHED 204-11] Starting scheduling ...
INFO: [SCHED 204-61] Pipelining loop 'READ_INIT_VITIS_LOOP_37_1'.
WARNING: [HLS 200-885] The II Violation in module 'top_Pipeline_READ_INIT_VITIS_LOOP_37_1' (loop 'READ_INIT_VITIS_LOOP_37_1'): Unable to schedule bus request operation ('memA_load_1_req', top_cmplx.cpp:41) on port 'memA' (top_cmplx.cpp:41) due to limited memory ports (II = 1). Please consider using a memory core with more ports or partitioning the array.
INFO: [HLS 200-1470] Pipelining result : Target II = NA, Final II = 2, Depth = 12, loop 'READ_INIT_VITIS_LOOP_37_1'
INFO: [SCHED 204-11] Finished scheduling.
INFO: [HLS 200-111] Finished Scheduling: CPU user time: 1 seconds. CPU system time: 1 seconds. Elapsed time: 0.871 seconds; current allocated memory: 206.648 MB.
INFO: [BIND 205-100] Starting micro-architecture generation ...
INFO: [BIND 205-101] Performing variable lifetime analysis.
INFO: [BIND 205-101] Exploring resource sharing.
INFO: [BIND 205-101] Binding ...
INFO: [BIND 205-100] Finished micro-architecture generation.
INFO: [HLS 200-111] Finished Binding: CPU user time: 0 seconds. CPU system time: 0 seconds. Elapsed time: 0.242 seconds; current allocated memory: 207.828 MB.
INFO: [HLS 200-10] ----------------------------------------------------------------
INFO: [HLS 200-42] -- Implementing module 'top_Pipeline_DUMMY_STAGE' 
INFO: [HLS 200-10] ----------------------------------------------------------------
INFO: [SCHED 204-11] Starting scheduling ...
INFO: [SCHED 204-61] Pipelining loop 'DUMMY_STAGE'.
INFO: [HLS 200-1470] Pipelining result : Target II = NA, Final II = 1, Depth = 5, loop 'DUMMY_STAGE'
INFO: [SCHED 204-11] Finished scheduling.
INFO: [HLS 200-111] Finished Scheduling: CPU user time: 0 seconds. CPU system time: 0 seconds. Elapsed time: 0.275 seconds; current allocated memory: 208.672 MB.
INFO: [BIND 205-100] Starting micro-architecture generation ...
INFO: [BIND 205-101] Performing variable lifetime analysis.
INFO: [BIND 205-101] Exploring resource sharing.
INFO: [BIND 205-101] Binding ...
INFO: [BIND 205-100] Finished micro-architecture generation.
INFO: [HLS 200-111] Finished Binding: CPU user time: 0 seconds. CPU system time: 0 seconds. Elapsed time: 0.232 seconds; current allocated memory: 208.723 MB.
INFO: [HLS 200-10] ----------------------------------------------------------------
INFO: [HLS 200-42] -- Implementing module 'top_Pipeline_WRITE_Q_VITIS_LOOP_99_3' 
INFO: [HLS 200-10] ----------------------------------------------------------------
INFO: [SCHED 204-11] Starting scheduling ...
INFO: [SCHED 204-61] Pipelining loop 'WRITE_Q_VITIS_LOOP_99_3'.
WARNING: [HLS 200-885] The II Violation in module 'top_Pipeline_WRITE_Q_VITIS_LOOP_99_3' (loop 'WRITE_Q_VITIS_LOOP_99_3'): Unable to schedule bus request operation ('empty_25', top_cmplx.cpp:99) on port 'memQ' (top_cmplx.cpp:99) due to limited memory ports (II = 1). Please consider using a memory core with more ports or partitioning the array.
INFO: [HLS 200-1470] Pipelining result : Target II = NA, Final II = 2, Depth = 10, loop 'WRITE_Q_VITIS_LOOP_99_3'
INFO: [SCHED 204-11] Finished scheduling.
INFO: [HLS 200-111] Finished Scheduling: CPU user time: 0 seconds. CPU system time: 0 seconds. Elapsed time: 0.379 seconds; current allocated memory: 209.809 MB.
INFO: [BIND 205-100] Starting micro-architecture generation ...
INFO: [BIND 205-101] Performing variable lifetime analysis.
INFO: [BIND 205-101] Exploring resource sharing.
INFO: [BIND 205-101] Binding ...
INFO: [BIND 205-100] Finished micro-architecture generation.
INFO: [HLS 200-111] Finished Binding: CPU user time: 0 seconds. CPU system time: 0 seconds. Elapsed time: 0.22 seconds; current allocated memory: 210.020 MB.
INFO: [HLS 200-10] ----------------------------------------------------------------
INFO: [HLS 200-42] -- Implementing module 'top_Pipeline_WRITE_R_VITIS_LOOP_110_4' 
INFO: [HLS 200-10] ----------------------------------------------------------------
INFO: [SCHED 204-11] Starting scheduling ...
INFO: [SCHED 204-61] Pipelining loop 'WRITE_R_VITIS_LOOP_110_4'.
WARNING: [HLS 200-885] The II Violation in module 'top_Pipeline_WRITE_R_VITIS_LOOP_110_4' (loop 'WRITE_R_VITIS_LOOP_110_4'): Unable to schedule bus request operation ('empty_21', top_cmplx.cpp:110) on port 'memR' (top_cmplx.cpp:110) due to limited memory ports (II = 1). Please consider using a memory core with more ports or partitioning the array.
INFO: [HLS 200-1470] Pipelining result : Target II = NA, Final II = 2, Depth = 10, loop 'WRITE_R_VITIS_LOOP_110_4'
INFO: [SCHED 204-11] Finished scheduling.
INFO: [HLS 200-111] Finished Scheduling: CPU user time: 0 seconds. CPU system time: 0 seconds. Elapsed time: 0.36 seconds; current allocated memory: 210.996 MB.
INFO: [BIND 205-100] Starting micro-architecture generation ...
INFO: [BIND 205-101] Performing variable lifetime analysis.
INFO: [BIND 205-101] Exploring resource sharing.
INFO: [BIND 205-101] Binding ...
INFO: [BIND 205-100] Finished micro-architecture generation.
INFO: [HLS 200-111] Finished Binding: CPU user time: 0 seconds. CPU system time: 0 seconds. Elapsed time: 0.163 seconds; current allocated memory: 211.273 MB.
INFO: [HLS 200-10] ----------------------------------------------------------------
INFO: [HLS 200-42] -- Implementing module 'top' 
INFO: [HLS 200-10] ----------------------------------------------------------------
INFO: [SCHED 204-11] Starting scheduling ...
INFO: [SCHED 204-11] Finished scheduling.
INFO: [HLS 200-111] Finished Scheduling: CPU user time: 1 seconds. CPU system time: 0 seconds. Elapsed time: 0.235 seconds; current allocated memory: 211.715 MB.
INFO: [BIND 205-100] Starting micro-architecture generation ...
INFO: [BIND 205-101] Performing variable lifetime analysis.
INFO: [BIND 205-101] Exploring resource sharing.
INFO: [BIND 205-101] Binding ...
INFO: [BIND 205-100] Finished micro-architecture generation.
INFO: [HLS 200-111] Finished Binding: CPU user time: 0 seconds. CPU system time: 0 seconds. Elapsed time: 0.159 seconds; current allocated memory: 211.977 MB.
INFO: [HLS 200-10] ----------------------------------------------------------------
INFO: [HLS 200-10] -- Generating RTL for module 'top_Pipeline_READ_INIT_VITIS_LOOP_37_1' 
INFO: [HLS 200-10] ----------------------------------------------------------------
INFO: [HLS 200-1030] Apply Unified Pipeline Control on module 'top_Pipeline_READ_INIT_VITIS_LOOP_37_1' pipeline 'READ_INIT_VITIS_LOOP_37_1' pipeline type 'loop pipeline'
INFO: [RTGEN 206-100] Finished creating RTL model for 'top_Pipeline_READ_INIT_VITIS_LOOP_37_1'.
INFO: [HLS 200-111] Finished Creating RTL model: CPU user time: 0 seconds. CPU system time: 0 seconds. Elapsed time: 0.263 seconds; current allocated memory: 214.750 MB.
INFO: [HLS 200-10] ----------------------------------------------------------------
INFO: [HLS 200-10] -- Generating RTL for module 'top_Pipeline_DUMMY_STAGE' 
INFO: [HLS 200-10] ----------------------------------------------------------------
INFO: [HLS 200-1030] Apply Unified Pipeline Control on module 'top_Pipeline_DUMMY_STAGE' pipeline 'DUMMY_STAGE' pipeline type 'loop pipeline'
INFO: [RTGEN 206-100] Generating core module 'fmul_32ns_32ns_32_2_max_dsp_1': 6 instance(s).
INFO: [RTGEN 206-100] Finished creating RTL model for 'top_Pipeline_DUMMY_STAGE'.
INFO: [HLS 200-111] Finished Creating RTL model: CPU user time: 0 seconds. CPU system time: 0 seconds. Elapsed time: 0.91 seconds; current allocated memory: 218.898 MB.
INFO: [HLS 200-10] ----------------------------------------------------------------
INFO: [HLS 200-10] -- Generating RTL for module 'top_Pipeline_WRITE_Q_VITIS_LOOP_99_3' 
INFO: [HLS 200-10] ----------------------------------------------------------------
INFO: [HLS 200-1030] Apply Unified Pipeline Control on module 'top_Pipeline_WRITE_Q_VITIS_LOOP_99_3' pipeline 'WRITE_Q_VITIS_LOOP_99_3' pipeline type 'loop pipeline'
INFO: [RTGEN 206-100] Generating core module 'sparsemux_7_2_32_1_1': 2 instance(s).
INFO: [RTGEN 206-100] Finished creating RTL model for 'top_Pipeline_WRITE_Q_VITIS_LOOP_99_3'.
INFO: [HLS 200-111] Finished Creating RTL model: CPU user time: 0 seconds. CPU system time: 1 seconds. Elapsed time: 0.729 seconds; current allocated memory: 221.805 MB.
INFO: [HLS 200-10] ----------------------------------------------------------------
INFO: [HLS 200-10] -- Generating RTL for module 'top_Pipeline_WRITE_R_VITIS_LOOP_110_4' 
INFO: [HLS 200-10] ----------------------------------------------------------------
INFO: [HLS 200-1030] Apply Unified Pipeline Control on module 'top_Pipeline_WRITE_R_VITIS_LOOP_110_4' pipeline 'WRITE_R_VITIS_LOOP_110_4' pipeline type 'loop pipeline'
INFO: [RTGEN 206-100] Generating core module 'sparsemux_7_2_32_1_1': 2 instance(s).
INFO: [RTGEN 206-100] Finished creating RTL model for 'top_Pipeline_WRITE_R_VITIS_LOOP_110_4'.
INFO: [HLS 200-111] Finished Creating RTL model: CPU user time: 1 seconds. CPU system time: 0 seconds. Elapsed time: 0.755 seconds; current allocated memory: 224.660 MB.
INFO: [HLS 200-10] ----------------------------------------------------------------
INFO: [HLS 200-10] -- Generating RTL for module 'top' 
INFO: [HLS 200-10] ----------------------------------------------------------------
WARNING: [RTGEN 206-101] Design contains AXI ports. Reset is fixed to synchronous and active low.
INFO: [RTGEN 206-500] Setting interface mode on port 'top/memA' to 'm_axi'.
INFO: [RTGEN 206-500] Setting interface mode on port 'top/memQ' to 'm_axi'.
INFO: [RTGEN 206-500] Setting interface mode on port 'top/memR' to 'm_axi'.
INFO: [RTGEN 206-500] Setting interface mode on port 'top/A_DRAM' to 's_axilite & ap_none'.
INFO: [RTGEN 206-500] Setting interface mode on port 'top/Q_DRAM' to 's_axilite & ap_none'.
INFO: [RTGEN 206-500] Setting interface mode on port 'top/R_DRAM' to 's_axilite & ap_none'.
INFO: [RTGEN 206-500] Setting interface mode on function 'top' to 's_axilite & ap_ctrl_hs'.
INFO: [RTGEN 206-100] Bundling port 'A_DRAM', 'Q_DRAM', 'R_DRAM' to AXI-Lite port control.
INFO: [RTGEN 206-100] Generating core module 'fadd_32ns_32ns_32_4_full_dsp_1': 6 instance(s).
INFO: [RTGEN 206-100] Finished creating RTL model for 'top'.
INFO: [RTMG 210-278] Implementing memory 'top_Q_real_RAM_AUTO_1R1W' using auto RAMs.
INFO: [HLS 200-111] Finished Creating RTL model: CPU user time: 0 seconds. CPU system time: 1 seconds. Elapsed time: 1.265 seconds; current allocated memory: 230.461 MB.
INFO: [HLS 200-111] Finished Generating all RTL models: CPU user time: 1 seconds. CPU system time: 1 seconds. Elapsed time: 1.89 seconds; current allocated memory: 235.648 MB.
INFO: [HLS 200-111] Finished Updating report files: CPU user time: 2 seconds. CPU system time: 1 seconds. Elapsed time: 4.905 seconds; current allocated memory: 246.895 MB.
INFO: [VHDL 208-304] Generating VHDL RTL for top.
INFO: [VLOG 209-307] Generating Verilog RTL for top.
INFO: [HLS 200-790] **** Loop Constraint Status: All loop constraints were NOT satisfied.
INFO: [HLS 200-789] **** Estimated Fmax: 114.29 MHz
INFO: [HLS 200-111] Finished Command csynth_design CPU user time: 8 seconds. CPU system time: 5 seconds. Elapsed time: 47.149 seconds; current allocated memory: 115.203 MB.
==============================================================
Vitis HLS - High-Level Synthesis from C, C++ and OpenCL v2023.2 (64-bit)
Tool Version Limit: 2023.10
Copyright 1986-2022 Xilinx, Inc. All Rights Reserved.
Copyright 2022-2023 Advanced Micro Devices, Inc. All Rights Reserved.

==============================================================
INFO: [SYN 201-201] Setting up clock 'default' with a period of 10ns.
INFO: [SYN 201-201] Setting up clock 'default' with an uncertainty of 1.25ns.
INFO: [HLS 200-1611] Setting target device to 'xczu7ev-ffvc1156-2-e'
INFO: [HLS 200-1505] Using flow_target 'vivado'
INFO: [HLS 200-1464] Running solution command: config_cosim -tool=xsim
INFO: [HLS 200-1464] Running solution command: config_cosim -trace_level=all
INFO: [HLS 200-1464] Running solution command: config_export -output=C:/Users/varad/OneDrive/Documents/GitHub/Matrix_Inversion/COMPLEX_QR/IP_INTRFACE_DRAM_BRAM_BASIC
INFO: [HLS 200-1464] Running solution command: config_export -format=ip_catalog
INFO: [HLS 200-1464] Running solution command: config_export -rtl=verilog
INFO: [HLS 200-1510] Running: set_part xczu7ev-ffvc1156-2-e 
INFO: [HLS 200-1510] Running: create_clock -period 10 -name default 
INFO: [HLS 200-1510] Running: config_cosim -tool xsim -trace_level all 
INFO: [HLS 200-1510] Running: config_export -format ip_catalog -output C:/Users/varad/OneDrive/Documents/GitHub/Matrix_Inversion/COMPLEX_QR/IP_INTRFACE_DRAM_BRAM_BASIC -rtl verilog 
INFO: [HLS 200-1510] Running: set_clock_uncertainty 1.25 
INFO: [HLS 200-1510] Running: source ./CGR_QR_WBS/solution1/directives.tcl
INFO: [HLS 200-1510] Running: set_directive_top -name top top 
INFO: [HLS 200-1510] Running: csim_design -quiet 
INFO: [SIM 211-2] *************** CSIM start ***************
INFO: [SIM 211-4] CSIM will launch GCC as the compiler.
INFO: [HLS 200-2036] Building debug C Simulation binaries
INFO: [SIM 211-1] CSim done with 0 errors.
INFO: [SIM 211-3] *************** CSIM finish ***************
INFO: [HLS 200-111] Finished Command csim_design CPU user time: 0 seconds. CPU system time: 0 seconds. Elapsed time: 14.532 seconds; current allocated memory: 0.426 MB.
==============================================================
Vitis HLS - High-Level Synthesis from C, C++ and OpenCL v2023.2 (64-bit)
Tool Version Limit: 2023.10
Copyright 1986-2022 Xilinx, Inc. All Rights Reserved.
Copyright 2022-2023 Advanced Micro Devices, Inc. All Rights Reserved.

==============================================================
INFO: [SYN 201-201] Setting up clock 'default' with a period of 10ns.
INFO: [SYN 201-201] Setting up clock 'default' with an uncertainty of 1.25ns.
INFO: [HLS 200-1611] Setting target device to 'xczu7ev-ffvc1156-2-e'
INFO: [HLS 200-1505] Using flow_target 'vivado'
INFO: [HLS 200-1464] Running solution command: config_cosim -tool=xsim
INFO: [HLS 200-1464] Running solution command: config_cosim -trace_level=all
INFO: [HLS 200-1464] Running solution command: config_export -format=ip_catalog
INFO: [HLS 200-1464] Running solution command: config_export -output=C:/Users/varad/OneDrive/Documents/GitHub/Matrix_Inversion/COMPLEX_QR/IP_INTRFACE_DRAM_BRAM_BASIC
INFO: [HLS 200-1464] Running solution command: config_export -rtl=verilog
INFO: [HLS 200-1510] Running: set_part xczu7ev-ffvc1156-2-e 
INFO: [HLS 200-1510] Running: create_clock -period 10 -name default 
INFO: [HLS 200-1510] Running: config_cosim -tool xsim -trace_level all 
INFO: [HLS 200-1510] Running: config_export -format ip_catalog -output C:/Users/varad/OneDrive/Documents/GitHub/Matrix_Inversion/COMPLEX_QR/IP_INTRFACE_DRAM_BRAM_BASIC -rtl verilog 
INFO: [HLS 200-1510] Running: set_clock_uncertainty 1.25 
INFO: [HLS 200-1510] Running: source ./CGR_QR_WBS/solution1/directives.tcl
INFO: [HLS 200-1510] Running: set_directive_top -name top top 
INFO: [HLS 200-1510] Running: csim_design -quiet 
INFO: [SIM 211-2] *************** CSIM start ***************
INFO: [SIM 211-4] CSIM will launch GCC as the compiler.
INFO: [HLS 200-2036] Building debug C Simulation binaries
ERROR: [SIM 211-100] 'csim_design' failed: compilation error(s).
INFO: [SIM 211-3] *************** CSIM finish ***************
INFO: [HLS 200-111] Finished Command csim_design CPU user time: 0 seconds. CPU system time: 0 seconds. Elapsed time: 7.408 seconds; current allocated memory: 0.340 MB.
==============================================================
Vitis HLS - High-Level Synthesis from C, C++ and OpenCL v2023.2 (64-bit)
Tool Version Limit: 2023.10
Copyright 1986-2022 Xilinx, Inc. All Rights Reserved.
Copyright 2022-2023 Advanced Micro Devices, Inc. All Rights Reserved.

==============================================================
INFO: [SYN 201-201] Setting up clock 'default' with a period of 10ns.
INFO: [SYN 201-201] Setting up clock 'default' with an uncertainty of 1.25ns.
INFO: [HLS 200-1611] Setting target device to 'xczu7ev-ffvc1156-2-e'
INFO: [HLS 200-1505] Using flow_target 'vivado'
INFO: [HLS 200-1464] Running solution command: config_cosim -tool=xsim
INFO: [HLS 200-1464] Running solution command: config_cosim -trace_level=all
INFO: [HLS 200-1464] Running solution command: config_export -format=ip_catalog
INFO: [HLS 200-1464] Running solution command: config_export -output=C:/Users/varad/OneDrive/Documents/GitHub/Matrix_Inversion/COMPLEX_QR/IP_INTRFACE_DRAM_BRAM_BASIC
INFO: [HLS 200-1464] Running solution command: config_export -rtl=verilog
INFO: [HLS 200-1510] Running: set_part xczu7ev-ffvc1156-2-e 
INFO: [HLS 200-1510] Running: create_clock -period 10 -name default 
INFO: [HLS 200-1510] Running: config_cosim -tool xsim -trace_level all 
INFO: [HLS 200-1510] Running: config_export -format ip_catalog -output C:/Users/varad/OneDrive/Documents/GitHub/Matrix_Inversion/COMPLEX_QR/IP_INTRFACE_DRAM_BRAM_BASIC -rtl verilog 
INFO: [HLS 200-1510] Running: set_clock_uncertainty 1.25 
INFO: [HLS 200-1510] Running: source ./CGR_QR_WBS/solution1/directives.tcl
INFO: [HLS 200-1510] Running: set_directive_top -name top top 
INFO: [HLS 200-1510] Running: csim_design -quiet 
INFO: [SIM 211-2] *************** CSIM start ***************
INFO: [SIM 211-4] CSIM will launch GCC as the compiler.
INFO: [HLS 200-2036] Building debug C Simulation binaries
ERROR: [SIM 211-100] 'csim_design' failed: compilation error(s).
INFO: [SIM 211-3] *************** CSIM finish ***************
INFO: [HLS 200-111] Finished Command csim_design CPU user time: 0 seconds. CPU system time: 0 seconds. Elapsed time: 4.274 seconds; current allocated memory: 0.367 MB.
==============================================================
Vitis HLS - High-Level Synthesis from C, C++ and OpenCL v2023.2 (64-bit)
Tool Version Limit: 2023.10
Copyright 1986-2022 Xilinx, Inc. All Rights Reserved.
Copyright 2022-2023 Advanced Micro Devices, Inc. All Rights Reserved.

==============================================================
INFO: [SYN 201-201] Setting up clock 'default' with a period of 10ns.
INFO: [SYN 201-201] Setting up clock 'default' with an uncertainty of 1.25ns.
INFO: [HLS 200-1611] Setting target device to 'xczu7ev-ffvc1156-2-e'
INFO: [HLS 200-1505] Using flow_target 'vivado'
INFO: [HLS 200-1464] Running solution command: config_cosim -tool=xsim
INFO: [HLS 200-1464] Running solution command: config_cosim -trace_level=all
INFO: [HLS 200-1464] Running solution command: config_export -format=ip_catalog
INFO: [HLS 200-1464] Running solution command: config_export -output=C:/Users/varad/OneDrive/Documents/GitHub/Matrix_Inversion/COMPLEX_QR/IP_INTRFACE_DRAM_BRAM_BASIC
INFO: [HLS 200-1464] Running solution command: config_export -rtl=verilog
INFO: [HLS 200-1510] Running: set_part xczu7ev-ffvc1156-2-e 
INFO: [HLS 200-1510] Running: create_clock -period 10 -name default 
INFO: [HLS 200-1510] Running: config_cosim -tool xsim -trace_level all 
INFO: [HLS 200-1510] Running: config_export -format ip_catalog -output C:/Users/varad/OneDrive/Documents/GitHub/Matrix_Inversion/COMPLEX_QR/IP_INTRFACE_DRAM_BRAM_BASIC -rtl verilog 
INFO: [HLS 200-1510] Running: set_clock_uncertainty 1.25 
INFO: [HLS 200-1510] Running: source ./CGR_QR_WBS/solution1/directives.tcl
INFO: [HLS 200-1510] Running: set_directive_top -name top top 
INFO: [HLS 200-1510] Running: csim_design -quiet 
INFO: [SIM 211-2] *************** CSIM start ***************
INFO: [SIM 211-4] CSIM will launch GCC as the compiler.
INFO: [HLS 200-2036] Building debug C Simulation binaries
ERROR: [SIM 211-100] 'csim_design' failed: compilation error(s).
INFO: [SIM 211-3] *************** CSIM finish ***************
INFO: [HLS 200-111] Finished Command csim_design CPU user time: 0 seconds. CPU system time: 0 seconds. Elapsed time: 5.011 seconds; current allocated memory: 0.367 MB.
==============================================================
Vitis HLS - High-Level Synthesis from C, C++ and OpenCL v2023.2 (64-bit)
Tool Version Limit: 2023.10
Copyright 1986-2022 Xilinx, Inc. All Rights Reserved.
Copyright 2022-2023 Advanced Micro Devices, Inc. All Rights Reserved.

==============================================================
INFO: [SYN 201-201] Setting up clock 'default' with a period of 10ns.
INFO: [SYN 201-201] Setting up clock 'default' with an uncertainty of 1.25ns.
INFO: [HLS 200-1611] Setting target device to 'xczu7ev-ffvc1156-2-e'
INFO: [HLS 200-1505] Using flow_target 'vivado'
INFO: [HLS 200-1464] Running solution command: config_cosim -tool=xsim
INFO: [HLS 200-1464] Running solution command: config_cosim -trace_level=all
INFO: [HLS 200-1464] Running solution command: config_export -format=ip_catalog
INFO: [HLS 200-1464] Running solution command: config_export -output=C:/Users/varad/OneDrive/Documents/GitHub/Matrix_Inversion/COMPLEX_QR/IP_INTRFACE_DRAM_BRAM_BASIC
INFO: [HLS 200-1464] Running solution command: config_export -rtl=verilog
INFO: [HLS 200-1510] Running: set_part xczu7ev-ffvc1156-2-e 
INFO: [HLS 200-1510] Running: create_clock -period 10 -name default 
INFO: [HLS 200-1510] Running: config_cosim -tool xsim -trace_level all 
INFO: [HLS 200-1510] Running: config_export -format ip_catalog -output C:/Users/varad/OneDrive/Documents/GitHub/Matrix_Inversion/COMPLEX_QR/IP_INTRFACE_DRAM_BRAM_BASIC -rtl verilog 
INFO: [HLS 200-1510] Running: set_clock_uncertainty 1.25 
INFO: [HLS 200-1510] Running: source ./CGR_QR_WBS/solution1/directives.tcl
INFO: [HLS 200-1510] Running: set_directive_top -name top top 
INFO: [HLS 200-1510] Running: csim_design -quiet 
INFO: [SIM 211-2] *************** CSIM start ***************
INFO: [SIM 211-4] CSIM will launch GCC as the compiler.
INFO: [HLS 200-2036] Building debug C Simulation binaries
INFO: [SIM 211-1] CSim done with 0 errors.
INFO: [SIM 211-3] *************** CSIM finish ***************
INFO: [HLS 200-111] Finished Command csim_design CPU user time: 0 seconds. CPU system time: 0 seconds. Elapsed time: 7.581 seconds; current allocated memory: 0.434 MB.
==============================================================
Vitis HLS - High-Level Synthesis from C, C++ and OpenCL v2023.2 (64-bit)
Tool Version Limit: 2023.10
Copyright 1986-2022 Xilinx, Inc. All Rights Reserved.
Copyright 2022-2023 Advanced Micro Devices, Inc. All Rights Reserved.

==============================================================
INFO: [SYN 201-201] Setting up clock 'default' with a period of 10ns.
INFO: [SYN 201-201] Setting up clock 'default' with an uncertainty of 1.25ns.
INFO: [HLS 200-1611] Setting target device to 'xczu7ev-ffvc1156-2-e'
INFO: [HLS 200-1505] Using flow_target 'vivado'
INFO: [HLS 200-1464] Running solution command: config_cosim -tool=xsim
INFO: [HLS 200-1464] Running solution command: config_cosim -trace_level=all
INFO: [HLS 200-1464] Running solution command: config_export -format=ip_catalog
INFO: [HLS 200-1464] Running solution command: config_export -output=C:/Users/varad/OneDrive/Documents/GitHub/Matrix_Inversion/COMPLEX_QR/IP_INTRFACE_DRAM_BRAM_BASIC
INFO: [HLS 200-1464] Running solution command: config_export -rtl=verilog
INFO: [HLS 200-1510] Running: set_part xczu7ev-ffvc1156-2-e 
INFO: [HLS 200-1510] Running: create_clock -period 10 -name default 
INFO: [HLS 200-1510] Running: config_cosim -tool xsim -trace_level all 
INFO: [HLS 200-1510] Running: config_export -format ip_catalog -output C:/Users/varad/OneDrive/Documents/GitHub/Matrix_Inversion/COMPLEX_QR/IP_INTRFACE_DRAM_BRAM_BASIC -rtl verilog 
INFO: [HLS 200-1510] Running: set_clock_uncertainty 1.25 
INFO: [HLS 200-1510] Running: source ./CGR_QR_WBS/solution1/directives.tcl
INFO: [HLS 200-1510] Running: set_directive_top -name top top 
INFO: [HLS 200-1510] Running: csim_design -quiet 
INFO: [SIM 211-2] *************** CSIM start ***************
INFO: [SIM 211-4] CSIM will launch GCC as the compiler.
INFO: [HLS 200-2036] Building debug C Simulation binaries
ERROR: [SIM 211-100] 'csim_design' failed: compilation error(s).
INFO: [SIM 211-3] *************** CSIM finish ***************
INFO: [HLS 200-111] Finished Command csim_design CPU user time: 0 seconds. CPU system time: 0 seconds. Elapsed time: 9.248 seconds; current allocated memory: 0.438 MB.
==============================================================
Vitis HLS - High-Level Synthesis from C, C++ and OpenCL v2023.2 (64-bit)
Tool Version Limit: 2023.10
Copyright 1986-2022 Xilinx, Inc. All Rights Reserved.
Copyright 2022-2023 Advanced Micro Devices, Inc. All Rights Reserved.

==============================================================
INFO: [SYN 201-201] Setting up clock 'default' with a period of 10ns.
INFO: [SYN 201-201] Setting up clock 'default' with an uncertainty of 1.25ns.
INFO: [HLS 200-1611] Setting target device to 'xczu7ev-ffvc1156-2-e'
INFO: [HLS 200-1505] Using flow_target 'vivado'
INFO: [HLS 200-1464] Running solution command: config_cosim -tool=xsim
INFO: [HLS 200-1464] Running solution command: config_cosim -trace_level=all
INFO: [HLS 200-1464] Running solution command: config_export -format=ip_catalog
INFO: [HLS 200-1464] Running solution command: config_export -output=C:/Users/varad/OneDrive/Documents/GitHub/Matrix_Inversion/COMPLEX_QR/IP_INTRFACE_DRAM_BRAM_BASIC
INFO: [HLS 200-1464] Running solution command: config_export -rtl=verilog
INFO: [HLS 200-1510] Running: set_part xczu7ev-ffvc1156-2-e 
INFO: [HLS 200-1510] Running: create_clock -period 10 -name default 
INFO: [HLS 200-1510] Running: config_cosim -tool xsim -trace_level all 
INFO: [HLS 200-1510] Running: config_export -format ip_catalog -output C:/Users/varad/OneDrive/Documents/GitHub/Matrix_Inversion/COMPLEX_QR/IP_INTRFACE_DRAM_BRAM_BASIC -rtl verilog 
INFO: [HLS 200-1510] Running: set_clock_uncertainty 1.25 
INFO: [HLS 200-1510] Running: source ./CGR_QR_WBS/solution1/directives.tcl
INFO: [HLS 200-1510] Running: set_directive_top -name top top 
INFO: [HLS 200-1510] Running: csim_design -quiet 
INFO: [SIM 211-2] *************** CSIM start ***************
INFO: [SIM 211-4] CSIM will launch GCC as the compiler.
INFO: [HLS 200-2036] Building debug C Simulation binaries
INFO: [SIM 211-1] CSim done with 0 errors.
INFO: [SIM 211-3] *************** CSIM finish ***************
INFO: [HLS 200-111] Finished Command csim_design CPU user time: 1 seconds. CPU system time: 0 seconds. Elapsed time: 5.514 seconds; current allocated memory: 0.406 MB.
==============================================================
Vitis HLS - High-Level Synthesis from C, C++ and OpenCL v2023.2 (64-bit)
Tool Version Limit: 2023.10
Copyright 1986-2022 Xilinx, Inc. All Rights Reserved.
Copyright 2022-2023 Advanced Micro Devices, Inc. All Rights Reserved.

==============================================================
INFO: [SYN 201-201] Setting up clock 'default' with a period of 10ns.
INFO: [SYN 201-201] Setting up clock 'default' with an uncertainty of 1.25ns.
INFO: [HLS 200-1611] Setting target device to 'xczu7ev-ffvc1156-2-e'
INFO: [HLS 200-1505] Using flow_target 'vivado'
INFO: [HLS 200-1464] Running solution command: config_cosim -tool=xsim
INFO: [HLS 200-1464] Running solution command: config_cosim -trace_level=all
INFO: [HLS 200-1464] Running solution command: config_export -format=ip_catalog
INFO: [HLS 200-1464] Running solution command: config_export -output=C:/Users/varad/OneDrive/Documents/GitHub/Matrix_Inversion/COMPLEX_QR/IP_INTRFACE_DRAM_BRAM_BASIC
INFO: [HLS 200-1464] Running solution command: config_export -rtl=verilog
INFO: [HLS 200-1510] Running: set_part xczu7ev-ffvc1156-2-e 
INFO: [HLS 200-1510] Running: create_clock -period 10 -name default 
INFO: [HLS 200-1510] Running: config_cosim -tool xsim -trace_level all 
INFO: [HLS 200-1510] Running: config_export -format ip_catalog -output C:/Users/varad/OneDrive/Documents/GitHub/Matrix_Inversion/COMPLEX_QR/IP_INTRFACE_DRAM_BRAM_BASIC -rtl verilog 
INFO: [HLS 200-1510] Running: set_clock_uncertainty 1.25 
INFO: [HLS 200-1510] Running: source ./CGR_QR_WBS/solution1/directives.tcl
INFO: [HLS 200-1510] Running: set_directive_top -name top top 
INFO: [HLS 200-1510] Running: csynth_design 
INFO: [HLS 200-111] Finished File checks and directory preparation: CPU user time: 0 seconds. CPU system time: 0 seconds. Elapsed time: 0.131 seconds; current allocated memory: 131.648 MB.
INFO: [HLS 200-10] Analyzing design file 'fns_cmplx.cpp' ... 
INFO: [HLS 200-10] Analyzing design file 'top_cmplx.cpp' ... 
INFO: [HLS 200-111] Finished Source Code Analysis and Preprocessing: CPU user time: 1 seconds. CPU system time: 0 seconds. Elapsed time: 22.33 seconds; current allocated memory: 138.258 MB.
INFO: [HLS 200-777] Using interface defaults for 'Vivado' flow target.
INFO: [HLS 200-1995] There were 501 instructions in the design after the 'Compile/Link' phase of compilation. See the Design Size Report for more details: C:/Users/varad/OneDrive/Documents/GitHub/Matrix_Inversion/COMPLEX_QR/CGR_QR_WBS/solution1/syn/report/csynth_design_size.rpt
INFO: [HLS 200-1995] There were 397 instructions in the design after the 'Unroll/Inline (step 1)' phase of compilation. See the Design Size Report for more details: C:/Users/varad/OneDrive/Documents/GitHub/Matrix_Inversion/COMPLEX_QR/CGR_QR_WBS/solution1/syn/report/csynth_design_size.rpt
INFO: [HLS 200-1995] There were 287 instructions in the design after the 'Unroll/Inline (step 2)' phase of compilation. See the Design Size Report for more details: C:/Users/varad/OneDrive/Documents/GitHub/Matrix_Inversion/COMPLEX_QR/CGR_QR_WBS/solution1/syn/report/csynth_design_size.rpt
INFO: [HLS 200-1995] There were 261 instructions in the design after the 'Unroll/Inline (step 3)' phase of compilation. See the Design Size Report for more details: C:/Users/varad/OneDrive/Documents/GitHub/Matrix_Inversion/COMPLEX_QR/CGR_QR_WBS/solution1/syn/report/csynth_design_size.rpt
INFO: [HLS 200-1995] There were 244 instructions in the design after the 'Unroll/Inline (step 4)' phase of compilation. See the Design Size Report for more details: C:/Users/varad/OneDrive/Documents/GitHub/Matrix_Inversion/COMPLEX_QR/CGR_QR_WBS/solution1/syn/report/csynth_design_size.rpt
INFO: [HLS 200-1995] There were 773 instructions in the design after the 'Array/Struct (step 1)' phase of compilation. See the Design Size Report for more details: C:/Users/varad/OneDrive/Documents/GitHub/Matrix_Inversion/COMPLEX_QR/CGR_QR_WBS/solution1/syn/report/csynth_design_size.rpt
INFO: [HLS 200-1995] There were 649 instructions in the design after the 'Array/Struct (step 2)' phase of compilation. See the Design Size Report for more details: C:/Users/varad/OneDrive/Documents/GitHub/Matrix_Inversion/COMPLEX_QR/CGR_QR_WBS/solution1/syn/report/csynth_design_size.rpt
INFO: [HLS 200-1995] There were 649 instructions in the design after the 'Array/Struct (step 3)' phase of compilation. See the Design Size Report for more details: C:/Users/varad/OneDrive/Documents/GitHub/Matrix_Inversion/COMPLEX_QR/CGR_QR_WBS/solution1/syn/report/csynth_design_size.rpt
INFO: [HLS 200-1995] There were 641 instructions in the design after the 'Array/Struct (step 4)' phase of compilation. See the Design Size Report for more details: C:/Users/varad/OneDrive/Documents/GitHub/Matrix_Inversion/COMPLEX_QR/CGR_QR_WBS/solution1/syn/report/csynth_design_size.rpt
INFO: [HLS 200-1995] There were 695 instructions in the design after the 'Array/Struct (step 5)' phase of compilation. See the Design Size Report for more details: C:/Users/varad/OneDrive/Documents/GitHub/Matrix_Inversion/COMPLEX_QR/CGR_QR_WBS/solution1/syn/report/csynth_design_size.rpt
INFO: [HLS 200-1995] There were 678 instructions in the design after the 'Performance (step 1)' phase of compilation. See the Design Size Report for more details: C:/Users/varad/OneDrive/Documents/GitHub/Matrix_Inversion/COMPLEX_QR/CGR_QR_WBS/solution1/syn/report/csynth_design_size.rpt
INFO: [HLS 200-1995] There were 793 instructions in the design after the 'Performance (step 2)' phase of compilation. See the Design Size Report for more details: C:/Users/varad/OneDrive/Documents/GitHub/Matrix_Inversion/COMPLEX_QR/CGR_QR_WBS/solution1/syn/report/csynth_design_size.rpt
INFO: [HLS 200-1995] There were 793 instructions in the design after the 'Performance (step 3)' phase of compilation. See the Design Size Report for more details: C:/Users/varad/OneDrive/Documents/GitHub/Matrix_Inversion/COMPLEX_QR/CGR_QR_WBS/solution1/syn/report/csynth_design_size.rpt
INFO: [HLS 200-1995] There were 793 instructions in the design after the 'Performance (step 4)' phase of compilation. See the Design Size Report for more details: C:/Users/varad/OneDrive/Documents/GitHub/Matrix_Inversion/COMPLEX_QR/CGR_QR_WBS/solution1/syn/report/csynth_design_size.rpt
INFO: [HLS 200-1995] There were 866 instructions in the design after the 'HW Transforms (step 1)' phase of compilation. See the Design Size Report for more details: C:/Users/varad/OneDrive/Documents/GitHub/Matrix_Inversion/COMPLEX_QR/CGR_QR_WBS/solution1/syn/report/csynth_design_size.rpt
INFO: [HLS 200-1995] There were 917 instructions in the design after the 'HW Transforms (step 2)' phase of compilation. See the Design Size Report for more details: C:/Users/varad/OneDrive/Documents/GitHub/Matrix_Inversion/COMPLEX_QR/CGR_QR_WBS/solution1/syn/report/csynth_design_size.rpt
INFO: [HLS 214-178] Inlining function 'std::sqrt(float)' into 'compute_givens_rotation(float, float, float&, float&)' (top_cmplx.cpp:6:0)
INFO: [HLS 214-178] Inlining function 'std::sqrt(float)' into 'top(re_im (*) [4], re_im (*) [4], re_im (*) [4])' (top_cmplx.cpp:56:0)
INFO: [HLS 214-178] Inlining function 'compute_givens_rotation(float, float, float&, float&)' into 'top(re_im (*) [4], re_im (*) [4], re_im (*) [4])' (top_cmplx.cpp:56:0)
INFO: [HLS 214-178] Inlining function 'rotate_rows(re_im (*) [4], int, int, float, float, int)' into 'top(re_im (*) [4], re_im (*) [4], re_im (*) [4])' (top_cmplx.cpp:56:0)
INFO: [HLS 214-248] Applying array_partition to 'Q.real': Complete partitioning on dimension 2. (top_cmplx.cpp:67:7)
INFO: [HLS 214-248] Applying array_partition to 'Q.imag': Complete partitioning on dimension 2. (top_cmplx.cpp:67:7)
INFO: [HLS 214-248] Applying array_partition to 'R.real': Complete partitioning on dimension 2. (top_cmplx.cpp:68:7)
INFO: [HLS 214-248] Applying array_partition to 'R.imag': Complete partitioning on dimension 2. (top_cmplx.cpp:68:7)
INFO: [HLS 214-248] Applying array_partition to 'Q_out.real': Complete partitioning on dimension 2. (top_cmplx.cpp:70:7)
INFO: [HLS 214-248] Applying array_partition to 'Q_out.imag': Complete partitioning on dimension 2. (top_cmplx.cpp:70:7)
INFO: [HLS 214-248] Applying array_partition to 'R_out.real': Complete partitioning on dimension 2. (top_cmplx.cpp:71:7)
INFO: [HLS 214-248] Applying array_partition to 'R_out.imag': Complete partitioning on dimension 2. (top_cmplx.cpp:71:7)
INFO: [HLS 214-376] automatically set the pipeline for Loop< VITIS_LOOP_87_1> at top_cmplx.cpp:87:22 
INFO: [HLS 214-376] automatically set the pipeline for Loop< VITIS_LOOP_119_2> at top_cmplx.cpp:119:23 
INFO: [HLS 214-376] automatically set the pipeline for Loop< VITIS_LOOP_182_7> at top_cmplx.cpp:182:23 
INFO: [HLS 214-376] automatically set the pipeline for Loop< VITIS_LOOP_190_9> at top_cmplx.cpp:190:23 
INFO: [HLS 214-376] automatically set the pipeline for Loop< VITIS_LOOP_203_10> at top_cmplx.cpp:203:24 
INFO: [HLS 214-376] automatically set the pipeline for Loop< VITIS_LOOP_212_11> at top_cmplx.cpp:212:24 
INFO: [HLS 214-291] Loop 'VITIS_LOOP_139_4' is marked as complete unroll implied by the pipeline pragma (top_cmplx.cpp:139:31)
INFO: [HLS 214-291] Loop 'VITIS_LOOP_159_5' is marked as complete unroll implied by the pipeline pragma (top_cmplx.cpp:159:27)
INFO: [HLS 214-186] Unrolling loop 'VITIS_LOOP_139_4' (top_cmplx.cpp:139:31) in function 'top' completely with a factor of 4 (top_cmplx.cpp:56:0)
INFO: [HLS 214-186] Unrolling loop 'VITIS_LOOP_159_5' (top_cmplx.cpp:159:27) in function 'top' completely with a factor of 4 (top_cmplx.cpp:56:0)
INFO: [HLS 200-111] Finished Compiling Optimization and Transform: CPU user time: 0 seconds. CPU system time: 0 seconds. Elapsed time: 9.206 seconds; current allocated memory: 139.961 MB.
INFO: [HLS 200-111] Finished Checking Pragmas: CPU user time: 0 seconds. CPU system time: 0 seconds. Elapsed time: 0.009 seconds; current allocated memory: 139.961 MB.
INFO: [HLS 200-10] Starting code transformations ...
INFO: [HLS 200-111] Finished Standard Transforms: CPU user time: 0 seconds. CPU system time: 0 seconds. Elapsed time: 0.295 seconds; current allocated memory: 147.148 MB.
INFO: [HLS 200-10] Checking synthesizability ...
INFO: [HLS 200-111] Finished Checking Synthesizability: CPU user time: 0 seconds. CPU system time: 0 seconds. Elapsed time: 0.119 seconds; current allocated memory: 149.020 MB.
INFO: [HLS 200-111] Finished Loop, function and other optimizations: CPU user time: 1 seconds. CPU system time: 0 seconds. Elapsed time: 0.325 seconds; current allocated memory: 173.031 MB.
INFO: [HLS 200-2061] Successfully converted nested loops 'READ_INIT'(top_cmplx.cpp:85:1) and 'VITIS_LOOP_87_1'(top_cmplx.cpp:87:22) in function 'top' into perfectly nested loops.
INFO: [HLS 200-2061] Successfully converted nested loops 'VITIS_LOOP_180_6'(top_cmplx.cpp:180:19) and 'VITIS_LOOP_182_7'(top_cmplx.cpp:182:23) in function 'top' into perfectly nested loops.
INFO: [HLS 200-2061] Successfully converted nested loops 'VITIS_LOOP_188_8'(top_cmplx.cpp:188:19) and 'VITIS_LOOP_190_9'(top_cmplx.cpp:190:23) in function 'top' into perfectly nested loops.
INFO: [HLS 200-2061] Successfully converted nested loops 'WRITE_Q'(top_cmplx.cpp:201:1) and 'VITIS_LOOP_203_10'(top_cmplx.cpp:203:24) in function 'top' into perfectly nested loops.
INFO: [HLS 200-2061] Successfully converted nested loops 'WRITE_R'(top_cmplx.cpp:210:1) and 'VITIS_LOOP_212_11'(top_cmplx.cpp:212:24) in function 'top' into perfectly nested loops.
INFO: [XFORM 203-541] Flattening a loop nest 'READ_INIT' (top_cmplx.cpp:85:1) in function 'top'.
WARNING: [HLS 200-960] Cannot flatten loop 'GIVENS_QRD' (top_cmplx.cpp:117:1) in function 'top' the outer loop is not a perfect loop because either the parent loop or the sub loop has no invariant trip count.
INFO: [XFORM 203-541] Flattening a loop nest 'VITIS_LOOP_180_6' (top_cmplx.cpp:180:19) in function 'top'.
INFO: [XFORM 203-541] Flattening a loop nest 'VITIS_LOOP_188_8' (top_cmplx.cpp:188:19) in function 'top'.
INFO: [XFORM 203-541] Flattening a loop nest 'WRITE_Q' (top_cmplx.cpp:201:1) in function 'top'.
INFO: [XFORM 203-541] Flattening a loop nest 'WRITE_R' (top_cmplx.cpp:210:1) in function 'top'.
INFO: [HLS 200-111] Finished Architecture Synthesis: CPU user time: 0 seconds. CPU system time: 0 seconds. Elapsed time: 0.576 seconds; current allocated memory: 223.172 MB.
INFO: [HLS 200-10] Starting hardware synthesis ...
INFO: [HLS 200-10] Synthesizing 'top' ...
INFO: [HLS 200-10] ----------------------------------------------------------------
INFO: [HLS 200-42] -- Implementing module 'top_Pipeline_READ_INIT_VITIS_LOOP_87_1' 
INFO: [HLS 200-10] ----------------------------------------------------------------
INFO: [SCHED 204-11] Starting scheduling ...
INFO: [SCHED 204-61] Pipelining loop 'READ_INIT_VITIS_LOOP_87_1'.
WARNING: [HLS 200-885] The II Violation in module 'top_Pipeline_READ_INIT_VITIS_LOOP_87_1' (loop 'READ_INIT_VITIS_LOOP_87_1'): Unable to schedule bus request operation ('memA_load_1_req', top_cmplx.cpp:91) on port 'memA' (top_cmplx.cpp:91) due to limited memory ports (II = 1). Please consider using a memory core with more ports or partitioning the array.
INFO: [HLS 200-1470] Pipelining result : Target II = NA, Final II = 2, Depth = 12, loop 'READ_INIT_VITIS_LOOP_87_1'
INFO: [SCHED 204-11] Finished scheduling.
INFO: [HLS 200-111] Finished Scheduling: CPU user time: 0 seconds. CPU system time: 0 seconds. Elapsed time: 0.704 seconds; current allocated memory: 228.984 MB.
INFO: [BIND 205-100] Starting micro-architecture generation ...
INFO: [BIND 205-101] Performing variable lifetime analysis.
INFO: [BIND 205-101] Exploring resource sharing.
INFO: [BIND 205-101] Binding ...
INFO: [BIND 205-100] Finished micro-architecture generation.
INFO: [HLS 200-111] Finished Binding: CPU user time: 0 seconds. CPU system time: 0 seconds. Elapsed time: 0.165 seconds; current allocated memory: 230.270 MB.
INFO: [HLS 200-10] ----------------------------------------------------------------
INFO: [HLS 200-42] -- Implementing module 'top_Pipeline_VITIS_LOOP_119_2' 
INFO: [HLS 200-10] ----------------------------------------------------------------
INFO: [SCHED 204-11] Starting scheduling ...
INFO: [SCHED 204-61] Pipelining loop 'VITIS_LOOP_119_2'.
WARNING: [HLS 200-880] The II Violation in module 'top_Pipeline_VITIS_LOOP_119_2' (loop 'VITIS_LOOP_119_2'): Unable to enforce a carried dependence constraint (II = 1, distance = 1, offset = 1) between 'store' operation 0 bit ('Q_imag_addr_write_ln168', top_cmplx.cpp:168) of variable 'sub1', top_cmplx.cpp:168 on array 'Q_imag' and 'load' operation 32 bit ('qj_i', top_cmplx.cpp:171) on array 'Q_imag'.
WARNING: [HLS 200-880] The II Violation in module 'top_Pipeline_VITIS_LOOP_119_2' (loop 'VITIS_LOOP_119_2'): Unable to enforce a carried dependence constraint (II = 2, distance = 1, offset = 1) between 'store' operation 0 bit ('Q_imag_addr_write_ln168', top_cmplx.cpp:168) of variable 'sub1', top_cmplx.cpp:168 on array 'Q_imag' and 'load' operation 32 bit ('qj_i', top_cmplx.cpp:171) on array 'Q_imag'.
WARNING: [HLS 200-880] The II Violation in module 'top_Pipeline_VITIS_LOOP_119_2' (loop 'VITIS_LOOP_119_2'): Unable to enforce a carried dependence constraint (II = 3, distance = 1, offset = 1) between 'store' operation 0 bit ('Q_imag_addr_write_ln168', top_cmplx.cpp:168) of variable 'sub1', top_cmplx.cpp:168 on array 'Q_imag' and 'load' operation 32 bit ('qj_i', top_cmplx.cpp:171) on array 'Q_imag'.
WARNING: [HLS 200-880] The II Violation in module 'top_Pipeline_VITIS_LOOP_119_2' (loop 'VITIS_LOOP_119_2'): Unable to enforce a carried dependence constraint (II = 4, distance = 1, offset = 1) between 'store' operation 0 bit ('Q_imag_addr_write_ln168', top_cmplx.cpp:168) of variable 'sub1', top_cmplx.cpp:168 on array 'Q_imag' and 'load' operation 32 bit ('qj_i', top_cmplx.cpp:171) on array 'Q_imag'.
WARNING: [HLS 200-880] The II Violation in module 'top_Pipeline_VITIS_LOOP_119_2' (loop 'VITIS_LOOP_119_2'): Unable to enforce a carried dependence constraint (II = 35, distance = 1, offset = 1) between 'store' operation 0 bit ('R_imag_addr_write_ln42', top_cmplx.cpp:42->top_cmplx.cpp:145) of variable 'sub25_i', top_cmplx.cpp:42->top_cmplx.cpp:145 on array 'R_imag' and 'load' operation 32 bit ('R_imag_load_1', top_cmplx.cpp:128) on array 'R_imag'.
WARNING: [HLS 200-880] The II Violation in module 'top_Pipeline_VITIS_LOOP_119_2' (loop 'VITIS_LOOP_119_2'): Unable to enforce a carried dependence constraint (II = 51, distance = 1, offset = 1) between 'store' operation 0 bit ('R_imag_5_addr_write_ln42', top_cmplx.cpp:42->top_cmplx.cpp:145) of variable 'sub25_i_2', top_cmplx.cpp:42->top_cmplx.cpp:145 on array 'R_imag_5' and 'load' operation 32 bit ('R_imag_5_load_1', top_cmplx.cpp:128) on array 'R_imag_5'.
WARNING: [HLS 200-880] The II Violation in module 'top_Pipeline_VITIS_LOOP_119_2' (loop 'VITIS_LOOP_119_2'): Unable to enforce a carried dependence constraint (II = 59, distance = 1, offset = 1) between 'store' operation 0 bit ('R_imag_6_addr_write_ln42', top_cmplx.cpp:42->top_cmplx.cpp:145) of variable 'sub25_i_3', top_cmplx.cpp:42->top_cmplx.cpp:145 on array 'R_imag_6' and 'load' operation 32 bit ('R_imag_6_load_1', top_cmplx.cpp:128) on array 'R_imag_6'.
WARNING: [HLS 200-880] The II Violation in module 'top_Pipeline_VITIS_LOOP_119_2' (loop 'VITIS_LOOP_119_2'): Unable to enforce a carried dependence constraint (II = 60, distance = 1, offset = 1) between 'store' operation 0 bit ('R_imag_6_addr_write_ln42', top_cmplx.cpp:42->top_cmplx.cpp:145) of variable 'sub25_i_3', top_cmplx.cpp:42->top_cmplx.cpp:145 on array 'R_imag_6' and 'load' operation 32 bit ('R_imag_6_load_1', top_cmplx.cpp:128) on array 'R_imag_6'.
INFO: [HLS 200-1470] Pipelining result : Target II = NA, Final II = 61, Depth = 63, loop 'VITIS_LOOP_119_2'
INFO: [SCHED 204-11] Finished scheduling.
INFO: [HLS 200-111] Finished Scheduling: CPU user time: 1 seconds. CPU system time: 0 seconds. Elapsed time: 0.793 seconds; current allocated memory: 237.465 MB.
INFO: [BIND 205-100] Starting micro-architecture generation ...
INFO: [BIND 205-101] Performing variable lifetime analysis.
INFO: [BIND 205-101] Exploring resource sharing.
INFO: [BIND 205-101] Binding ...
INFO: [BIND 205-100] Finished micro-architecture generation.
INFO: [HLS 200-111] Finished Binding: CPU user time: 0 seconds. CPU system time: 0 seconds. Elapsed time: 0.22 seconds; current allocated memory: 237.492 MB.
INFO: [HLS 200-10] ----------------------------------------------------------------
INFO: [HLS 200-42] -- Implementing module 'top_Pipeline_VITIS_LOOP_180_6_VITIS_LOOP_182_7' 
INFO: [HLS 200-10] ----------------------------------------------------------------
INFO: [SCHED 204-11] Starting scheduling ...
INFO: [SCHED 204-61] Pipelining loop 'VITIS_LOOP_180_6_VITIS_LOOP_182_7'.
INFO: [HLS 200-1470] Pipelining result : Target II = NA, Final II = 1, Depth = 2, loop 'VITIS_LOOP_180_6_VITIS_LOOP_182_7'
INFO: [SCHED 204-11] Finished scheduling.
INFO: [HLS 200-111] Finished Scheduling: CPU user time: 0 seconds. CPU system time: 0 seconds. Elapsed time: 0.248 seconds; current allocated memory: 237.598 MB.
INFO: [BIND 205-100] Starting micro-architecture generation ...
INFO: [BIND 205-101] Performing variable lifetime analysis.
INFO: [BIND 205-101] Exploring resource sharing.
INFO: [BIND 205-101] Binding ...
INFO: [BIND 205-100] Finished micro-architecture generation.
INFO: [HLS 200-111] Finished Binding: CPU user time: 0 seconds. CPU system time: 0 seconds. Elapsed time: 0.134 seconds; current allocated memory: 237.609 MB.
INFO: [HLS 200-10] ----------------------------------------------------------------
INFO: [HLS 200-42] -- Implementing module 'top_Pipeline_VITIS_LOOP_188_8_VITIS_LOOP_190_9' 
INFO: [HLS 200-10] ----------------------------------------------------------------
INFO: [SCHED 204-11] Starting scheduling ...
INFO: [SCHED 204-61] Pipelining loop 'VITIS_LOOP_188_8_VITIS_LOOP_190_9'.
INFO: [HLS 200-1470] Pipelining result : Target II = NA, Final II = 1, Depth = 2, loop 'VITIS_LOOP_188_8_VITIS_LOOP_190_9'
INFO: [SCHED 204-11] Finished scheduling.
INFO: [HLS 200-111] Finished Scheduling: CPU user time: 0 seconds. CPU system time: 0 seconds. Elapsed time: 0.192 seconds; current allocated memory: 237.723 MB.
INFO: [BIND 205-100] Starting micro-architecture generation ...
INFO: [BIND 205-101] Performing variable lifetime analysis.
INFO: [BIND 205-101] Exploring resource sharing.
INFO: [BIND 205-101] Binding ...
INFO: [BIND 205-100] Finished micro-architecture generation.
INFO: [HLS 200-111] Finished Binding: CPU user time: 0 seconds. CPU system time: 0 seconds. Elapsed time: 0.13 seconds; current allocated memory: 237.727 MB.
INFO: [HLS 200-10] ----------------------------------------------------------------
INFO: [HLS 200-42] -- Implementing module 'top_Pipeline_WRITE_Q_VITIS_LOOP_203_10' 
INFO: [HLS 200-10] ----------------------------------------------------------------
INFO: [SCHED 204-11] Starting scheduling ...
INFO: [SCHED 204-61] Pipelining loop 'WRITE_Q_VITIS_LOOP_203_10'.
WARNING: [HLS 200-880] The II Violation in module 'top_Pipeline_WRITE_Q_VITIS_LOOP_203_10' (loop 'WRITE_Q_VITIS_LOOP_203_10'): Unable to enforce a carried dependence constraint (II = 1, distance = 1, offset = 1) between bus write operation ('memQ_addr_write_ln205', top_cmplx.cpp:205) on port 'memQ' (top_cmplx.cpp:205) and bus write operation ('memQ_addr_write_ln205', top_cmplx.cpp:205) on port 'memQ' (top_cmplx.cpp:205).
INFO: [HLS 200-1470] Pipelining result : Target II = NA, Final II = 2, Depth = 11, loop 'WRITE_Q_VITIS_LOOP_203_10'
INFO: [SCHED 204-11] Finished scheduling.
INFO: [HLS 200-111] Finished Scheduling: CPU user time: 0 seconds. CPU system time: 0 seconds. Elapsed time: 0.209 seconds; current allocated memory: 238.164 MB.
INFO: [BIND 205-100] Starting micro-architecture generation ...
INFO: [BIND 205-101] Performing variable lifetime analysis.
INFO: [BIND 205-101] Exploring resource sharing.
INFO: [BIND 205-101] Binding ...
INFO: [BIND 205-100] Finished micro-architecture generation.
INFO: [HLS 200-111] Finished Binding: CPU user time: 0 seconds. CPU system time: 0 seconds. Elapsed time: 0.149 seconds; current allocated memory: 238.367 MB.
INFO: [HLS 200-10] ----------------------------------------------------------------
INFO: [HLS 200-42] -- Implementing module 'top_Pipeline_WRITE_R_VITIS_LOOP_212_11' 
INFO: [HLS 200-10] ----------------------------------------------------------------
INFO: [SCHED 204-11] Starting scheduling ...
INFO: [SCHED 204-61] Pipelining loop 'WRITE_R_VITIS_LOOP_212_11'.
WARNING: [HLS 200-880] The II Violation in module 'top_Pipeline_WRITE_R_VITIS_LOOP_212_11' (loop 'WRITE_R_VITIS_LOOP_212_11'): Unable to enforce a carried dependence constraint (II = 1, distance = 1, offset = 1) between bus write operation ('memR_addr_write_ln214', top_cmplx.cpp:214) on port 'memR' (top_cmplx.cpp:214) and bus write operation ('memR_addr_write_ln214', top_cmplx.cpp:214) on port 'memR' (top_cmplx.cpp:214).
INFO: [HLS 200-1470] Pipelining result : Target II = NA, Final II = 2, Depth = 11, loop 'WRITE_R_VITIS_LOOP_212_11'
INFO: [SCHED 204-11] Finished scheduling.
INFO: [HLS 200-111] Finished Scheduling: CPU user time: 0 seconds. CPU system time: 0 seconds. Elapsed time: 0.248 seconds; current allocated memory: 238.746 MB.
INFO: [BIND 205-100] Starting micro-architecture generation ...
INFO: [BIND 205-101] Performing variable lifetime analysis.
INFO: [BIND 205-101] Exploring resource sharing.
INFO: [BIND 205-101] Binding ...
INFO: [BIND 205-100] Finished micro-architecture generation.
INFO: [HLS 200-111] Finished Binding: CPU user time: 0 seconds. CPU system time: 0 seconds. Elapsed time: 0.156 seconds; current allocated memory: 238.750 MB.
INFO: [HLS 200-10] ----------------------------------------------------------------
INFO: [HLS 200-42] -- Implementing module 'top' 
INFO: [HLS 200-10] ----------------------------------------------------------------
INFO: [SCHED 204-11] Starting scheduling ...
INFO: [SCHED 204-11] Finished scheduling.
INFO: [HLS 200-111] Finished Scheduling: CPU user time: 0 seconds. CPU system time: 0 seconds. Elapsed time: 0.163 seconds; current allocated memory: 238.988 MB.
INFO: [BIND 205-100] Starting micro-architecture generation ...
INFO: [BIND 205-101] Performing variable lifetime analysis.
INFO: [BIND 205-101] Exploring resource sharing.
INFO: [BIND 205-101] Binding ...
INFO: [BIND 205-100] Finished micro-architecture generation.
INFO: [HLS 200-111] Finished Binding: CPU user time: 0 seconds. CPU system time: 0 seconds. Elapsed time: 0.18 seconds; current allocated memory: 239.582 MB.
INFO: [HLS 200-10] ----------------------------------------------------------------
INFO: [HLS 200-10] -- Generating RTL for module 'top_Pipeline_READ_INIT_VITIS_LOOP_87_1' 
INFO: [HLS 200-10] ----------------------------------------------------------------
INFO: [HLS 200-1030] Apply Unified Pipeline Control on module 'top_Pipeline_READ_INIT_VITIS_LOOP_87_1' pipeline 'READ_INIT_VITIS_LOOP_87_1' pipeline type 'loop pipeline'
INFO: [RTGEN 206-100] Finished creating RTL model for 'top_Pipeline_READ_INIT_VITIS_LOOP_87_1'.
INFO: [HLS 200-111] Finished Creating RTL model: CPU user time: 1 seconds. CPU system time: 0 seconds. Elapsed time: 0.203 seconds; current allocated memory: 242.094 MB.
INFO: [HLS 200-10] ----------------------------------------------------------------
INFO: [HLS 200-10] -- Generating RTL for module 'top_Pipeline_VITIS_LOOP_119_2' 
INFO: [HLS 200-10] ----------------------------------------------------------------
INFO: [HLS 200-1030] Apply Unified Pipeline Control on module 'top_Pipeline_VITIS_LOOP_119_2' pipeline 'VITIS_LOOP_119_2' pipeline type 'loop pipeline'
INFO: [RTGEN 206-100] Generating core module 'fadd_32ns_32ns_32_4_full_dsp_1': 2 instance(s).
INFO: [RTGEN 206-100] Generating core module 'faddfsub_32ns_32ns_32_4_full_dsp_1': 2 instance(s).
INFO: [RTGEN 206-100] Generating core module 'fcmp_32ns_32ns_1_2_no_dsp_1': 1 instance(s).
INFO: [RTGEN 206-100] Generating core module 'fdiv_32ns_32ns_32_8_no_dsp_1': 2 instance(s).
INFO: [RTGEN 206-100] Generating core module 'fmul_32ns_32ns_32_2_max_dsp_1': 8 instance(s).
INFO: [RTGEN 206-100] Generating core module 'fsqrt_32ns_32ns_32_7_no_dsp_1': 2 instance(s).
INFO: [RTGEN 206-100] Generating core module 'sparsemux_7_2_32_1_1': 4 instance(s).
INFO: [RTGEN 206-100] Generating core module 'sparsemux_9_2_32_1_1': 4 instance(s).
INFO: [RTGEN 206-100] Finished creating RTL model for 'top_Pipeline_VITIS_LOOP_119_2'.
INFO: [HLS 200-111] Finished Creating RTL model: CPU user time: 0 seconds. CPU system time: 1 seconds. Elapsed time: 0.989 seconds; current allocated memory: 248.676 MB.
INFO: [HLS 200-10] ----------------------------------------------------------------
INFO: [HLS 200-10] -- Generating RTL for module 'top_Pipeline_VITIS_LOOP_180_6_VITIS_LOOP_182_7' 
INFO: [HLS 200-10] ----------------------------------------------------------------
INFO: [HLS 200-1030] Apply Unified Pipeline Control on module 'top_Pipeline_VITIS_LOOP_180_6_VITIS_LOOP_182_7' pipeline 'VITIS_LOOP_180_6_VITIS_LOOP_182_7' pipeline type 'loop pipeline'
INFO: [RTGEN 206-100] Generating core module 'sparsemux_9_2_32_1_1': 2 instance(s).
INFO: [RTGEN 206-100] Finished creating RTL model for 'top_Pipeline_VITIS_LOOP_180_6_VITIS_LOOP_182_7'.
INFO: [HLS 200-111] Finished Creating RTL model: CPU user time: 0 seconds. CPU system time: 0 seconds. Elapsed time: 0.923 seconds; current allocated memory: 256.539 MB.
INFO: [HLS 200-10] ----------------------------------------------------------------
INFO: [HLS 200-10] -- Generating RTL for module 'top_Pipeline_VITIS_LOOP_188_8_VITIS_LOOP_190_9' 
INFO: [HLS 200-10] ----------------------------------------------------------------
INFO: [HLS 200-1030] Apply Unified Pipeline Control on module 'top_Pipeline_VITIS_LOOP_188_8_VITIS_LOOP_190_9' pipeline 'VITIS_LOOP_188_8_VITIS_LOOP_190_9' pipeline type 'loop pipeline'
INFO: [RTGEN 206-100] Generating core module 'sparsemux_9_2_32_1_1': 2 instance(s).
INFO: [RTGEN 206-100] Finished creating RTL model for 'top_Pipeline_VITIS_LOOP_188_8_VITIS_LOOP_190_9'.
INFO: [HLS 200-111] Finished Creating RTL model: CPU user time: 0 seconds. CPU system time: 0 seconds. Elapsed time: 0.349 seconds; current allocated memory: 257.492 MB.
INFO: [HLS 200-10] ----------------------------------------------------------------
INFO: [HLS 200-10] -- Generating RTL for module 'top_Pipeline_WRITE_Q_VITIS_LOOP_203_10' 
INFO: [HLS 200-10] ----------------------------------------------------------------
INFO: [HLS 200-1030] Apply Unified Pipeline Control on module 'top_Pipeline_WRITE_Q_VITIS_LOOP_203_10' pipeline 'WRITE_Q_VITIS_LOOP_203_10' pipeline type 'loop pipeline'
INFO: [RTGEN 206-100] Generating core module 'sparsemux_9_2_32_1_1': 2 instance(s).
INFO: [RTGEN 206-100] Finished creating RTL model for 'top_Pipeline_WRITE_Q_VITIS_LOOP_203_10'.
INFO: [HLS 200-111] Finished Creating RTL model: CPU user time: 0 seconds. CPU system time: 0 seconds. Elapsed time: 0.334 seconds; current allocated memory: 260.008 MB.
INFO: [HLS 200-10] ----------------------------------------------------------------
INFO: [HLS 200-10] -- Generating RTL for module 'top_Pipeline_WRITE_R_VITIS_LOOP_212_11' 
INFO: [HLS 200-10] ----------------------------------------------------------------
INFO: [HLS 200-1030] Apply Unified Pipeline Control on module 'top_Pipeline_WRITE_R_VITIS_LOOP_212_11' pipeline 'WRITE_R_VITIS_LOOP_212_11' pipeline type 'loop pipeline'
INFO: [RTGEN 206-100] Generating core module 'sparsemux_9_2_32_1_1': 2 instance(s).
INFO: [RTGEN 206-100] Finished creating RTL model for 'top_Pipeline_WRITE_R_VITIS_LOOP_212_11'.
INFO: [HLS 200-111] Finished Creating RTL model: CPU user time: 1 seconds. CPU system time: 0 seconds. Elapsed time: 0.415 seconds; current allocated memory: 263.035 MB.
INFO: [HLS 200-10] ----------------------------------------------------------------
INFO: [HLS 200-10] -- Generating RTL for module 'top' 
INFO: [HLS 200-10] ----------------------------------------------------------------
WARNING: [RTGEN 206-101] Design contains AXI ports. Reset is fixed to synchronous and active low.
INFO: [RTGEN 206-500] Setting interface mode on port 'top/memA' to 'm_axi'.
INFO: [RTGEN 206-500] Setting interface mode on port 'top/memQ' to 'm_axi'.
INFO: [RTGEN 206-500] Setting interface mode on port 'top/memR' to 'm_axi'.
INFO: [RTGEN 206-500] Setting interface mode on port 'top/A_DRAM' to 's_axilite & ap_none'.
INFO: [RTGEN 206-500] Setting interface mode on port 'top/Q_DRAM' to 's_axilite & ap_none'.
INFO: [RTGEN 206-500] Setting interface mode on port 'top/R_DRAM' to 's_axilite & ap_none'.
INFO: [RTGEN 206-500] Setting interface mode on function 'top' to 's_axilite & ap_ctrl_hs'.
INFO: [RTGEN 206-100] Bundling port 'A_DRAM', 'Q_DRAM', 'R_DRAM' and 'return' to AXI-Lite port control.
INFO: [RTGEN 206-100] Finished creating RTL model for 'top'.
INFO: [RTMG 210-278] Implementing memory 'top_Q_real_RAM_AUTO_1R1W' using auto RAMs.
INFO: [RTMG 210-278] Implementing memory 'top_Q_out_real_RAM_AUTO_1R1W' using auto RAMs.
INFO: [HLS 200-111] Finished Creating RTL model: CPU user time: 0 seconds. CPU system time: 1 seconds. Elapsed time: 0.919 seconds; current allocated memory: 269.543 MB.
INFO: [HLS 200-111] Finished Generating all RTL models: CPU user time: 0 seconds. CPU system time: 0 seconds. Elapsed time: 1.789 seconds; current allocated memory: 275.188 MB.
INFO: [HLS 200-111] Finished Updating report files: CPU user time: 2 seconds. CPU system time: 1 seconds. Elapsed time: 3.253 seconds; current allocated memory: 289.168 MB.
INFO: [VHDL 208-304] Generating VHDL RTL for top.
INFO: [VLOG 209-307] Generating Verilog RTL for top.
INFO: [HLS 200-790] **** Loop Constraint Status: All loop constraints were NOT satisfied.
INFO: [HLS 200-789] **** Estimated Fmax: 114.29 MHz
INFO: [HLS 200-111] Finished Command csynth_design CPU user time: 7 seconds. CPU system time: 3 seconds. Elapsed time: 46.533 seconds; current allocated memory: 157.926 MB.
==============================================================
Vitis HLS - High-Level Synthesis from C, C++ and OpenCL v2023.2 (64-bit)
Tool Version Limit: 2023.10
Copyright 1986-2022 Xilinx, Inc. All Rights Reserved.
Copyright 2022-2023 Advanced Micro Devices, Inc. All Rights Reserved.

==============================================================
==============================================================
Vitis HLS - High-Level Synthesis from C, C++ and OpenCL v2023.2 (64-bit)
Tool Version Limit: 2023.10
Copyright 1986-2022 Xilinx, Inc. All Rights Reserved.
Copyright 2022-2023 Advanced Micro Devices, Inc. All Rights Reserved.

==============================================================
INFO: [SYN 201-201] Setting up clock 'default' with a period of 10ns.
INFO: [SYN 201-201] Setting up clock 'default' with an uncertainty of 1.25ns.
INFO: [HLS 200-1611] Setting target device to 'xczu7ev-ffvc1156-2-e'
INFO: [HLS 200-1505] Using flow_target 'vivado'
INFO: [HLS 200-1464] Running solution command: config_cosim -tool=xsim
INFO: [HLS 200-1464] Running solution command: config_cosim -trace_level=all
INFO: [HLS 200-1464] Running solution command: config_export -format=ip_catalog
INFO: [HLS 200-1464] Running solution command: config_export -output=C:/Users/varad/OneDrive/Documents/GitHub/Matrix_Inversion/COMPLEX_QR/IP_INTRFACE_DRAM_BRAM_BASIC
INFO: [HLS 200-1464] Running solution command: config_export -rtl=verilog
INFO: [HLS 200-1510] Running: set_part xczu7ev-ffvc1156-2-e 
INFO: [HLS 200-1510] Running: create_clock -period 10 -name default 
INFO: [HLS 200-1510] Running: config_cosim -tool xsim -trace_level all 
INFO: [HLS 200-1510] Running: config_export -format ip_catalog -output C:/Users/varad/OneDrive/Documents/GitHub/Matrix_Inversion/COMPLEX_QR/IP_INTRFACE_DRAM_BRAM_BASIC -rtl verilog 
INFO: [HLS 200-1510] Running: set_clock_uncertainty 1.25 
INFO: [HLS 200-1510] Running: source ./CGR_QR_WBS/solution1/directives.tcl
INFO: [HLS 200-1510] Running: set_directive_top -name top top 
INFO: [HLS 200-1510] Running: csynth_design 
INFO: [HLS 200-111] Finished File checks and directory preparation: CPU user time: 0 seconds. CPU system time: 0 seconds. Elapsed time: 0.128 seconds; current allocated memory: 131.598 MB.
INFO: [HLS 200-10] Analyzing design file 'fns_cmplx.cpp' ... 
INFO: [HLS 200-10] Analyzing design file 'top_cmplx.cpp' ... 
INFO: [HLS 200-111] Finished Source Code Analysis and Preprocessing: CPU user time: 1 seconds. CPU system time: 0 seconds. Elapsed time: 20.858 seconds; current allocated memory: 138.188 MB.
INFO: [HLS 200-777] Using interface defaults for 'Vivado' flow target.
INFO: [HLS 200-1995] There were 501 instructions in the design after the 'Compile/Link' phase of compilation. See the Design Size Report for more details: C:/Users/varad/OneDrive/Documents/GitHub/Matrix_Inversion/COMPLEX_QR/CGR_QR_WBS/solution1/syn/report/csynth_design_size.rpt
INFO: [HLS 200-1995] There were 541 instructions in the design after the 'Unroll/Inline (step 1)' phase of compilation. See the Design Size Report for more details: C:/Users/varad/OneDrive/Documents/GitHub/Matrix_Inversion/COMPLEX_QR/CGR_QR_WBS/solution1/syn/report/csynth_design_size.rpt
INFO: [HLS 200-1995] There were 380 instructions in the design after the 'Unroll/Inline (step 2)' phase of compilation. See the Design Size Report for more details: C:/Users/varad/OneDrive/Documents/GitHub/Matrix_Inversion/COMPLEX_QR/CGR_QR_WBS/solution1/syn/report/csynth_design_size.rpt
INFO: [HLS 200-1995] There were 347 instructions in the design after the 'Unroll/Inline (step 3)' phase of compilation. See the Design Size Report for more details: C:/Users/varad/OneDrive/Documents/GitHub/Matrix_Inversion/COMPLEX_QR/CGR_QR_WBS/solution1/syn/report/csynth_design_size.rpt
INFO: [HLS 200-1995] There were 320 instructions in the design after the 'Unroll/Inline (step 4)' phase of compilation. See the Design Size Report for more details: C:/Users/varad/OneDrive/Documents/GitHub/Matrix_Inversion/COMPLEX_QR/CGR_QR_WBS/solution1/syn/report/csynth_design_size.rpt
INFO: [HLS 200-1995] There were 3,823 instructions in the design after the 'Array/Struct (step 1)' phase of compilation. See the Design Size Report for more details: C:/Users/varad/OneDrive/Documents/GitHub/Matrix_Inversion/COMPLEX_QR/CGR_QR_WBS/solution1/syn/report/csynth_design_size.rpt
INFO: [HLS 200-1995] There were 2,461 instructions in the design after the 'Array/Struct (step 2)' phase of compilation. See the Design Size Report for more details: C:/Users/varad/OneDrive/Documents/GitHub/Matrix_Inversion/COMPLEX_QR/CGR_QR_WBS/solution1/syn/report/csynth_design_size.rpt
INFO: [HLS 200-1995] There were 2,461 instructions in the design after the 'Array/Struct (step 3)' phase of compilation. See the Design Size Report for more details: C:/Users/varad/OneDrive/Documents/GitHub/Matrix_Inversion/COMPLEX_QR/CGR_QR_WBS/solution1/syn/report/csynth_design_size.rpt
INFO: [HLS 200-1995] There were 2,319 instructions in the design after the 'Array/Struct (step 4)' phase of compilation. See the Design Size Report for more details: C:/Users/varad/OneDrive/Documents/GitHub/Matrix_Inversion/COMPLEX_QR/CGR_QR_WBS/solution1/syn/report/csynth_design_size.rpt
INFO: [HLS 200-1995] There were 2,554 instructions in the design after the 'Array/Struct (step 5)' phase of compilation. See the Design Size Report for more details: C:/Users/varad/OneDrive/Documents/GitHub/Matrix_Inversion/COMPLEX_QR/CGR_QR_WBS/solution1/syn/report/csynth_design_size.rpt
INFO: [HLS 200-1995] There were 2,169 instructions in the design after the 'Performance (step 1)' phase of compilation. See the Design Size Report for more details: C:/Users/varad/OneDrive/Documents/GitHub/Matrix_Inversion/COMPLEX_QR/CGR_QR_WBS/solution1/syn/report/csynth_design_size.rpt
INFO: [HLS 200-1995] There were 2,145 instructions in the design after the 'Performance (step 2)' phase of compilation. See the Design Size Report for more details: C:/Users/varad/OneDrive/Documents/GitHub/Matrix_Inversion/COMPLEX_QR/CGR_QR_WBS/solution1/syn/report/csynth_design_size.rpt
INFO: [HLS 200-1995] There were 2,145 instructions in the design after the 'Performance (step 3)' phase of compilation. See the Design Size Report for more details: C:/Users/varad/OneDrive/Documents/GitHub/Matrix_Inversion/COMPLEX_QR/CGR_QR_WBS/solution1/syn/report/csynth_design_size.rpt
INFO: [HLS 200-1995] There were 2,068 instructions in the design after the 'Performance (step 4)' phase of compilation. See the Design Size Report for more details: C:/Users/varad/OneDrive/Documents/GitHub/Matrix_Inversion/COMPLEX_QR/CGR_QR_WBS/solution1/syn/report/csynth_design_size.rpt
INFO: [HLS 200-1995] There were 2,141 instructions in the design after the 'HW Transforms (step 1)' phase of compilation. See the Design Size Report for more details: C:/Users/varad/OneDrive/Documents/GitHub/Matrix_Inversion/COMPLEX_QR/CGR_QR_WBS/solution1/syn/report/csynth_design_size.rpt
INFO: [HLS 200-1995] There were 2,192 instructions in the design after the 'HW Transforms (step 2)' phase of compilation. See the Design Size Report for more details: C:/Users/varad/OneDrive/Documents/GitHub/Matrix_Inversion/COMPLEX_QR/CGR_QR_WBS/solution1/syn/report/csynth_design_size.rpt
INFO: [HLS 214-291] Loop 'VITIS_LOOP_140_4' is marked as complete unroll implied by the pipeline pragma (top_cmplx.cpp:140:20)
INFO: [HLS 214-186] Unrolling loop 'VITIS_LOOP_140_4' (top_cmplx.cpp:140:20) in function 'top' completely with a factor of 4 (top_cmplx.cpp:56:0)
INFO: [HLS 214-178] Inlining function 'std::sqrt(float)' into 'compute_givens_rotation(float, float, float&, float&)' (top_cmplx.cpp:6:0)
INFO: [HLS 214-178] Inlining function 'std::sqrt(float)' into 'top(re_im (*) [4], re_im (*) [4], re_im (*) [4])' (top_cmplx.cpp:56:0)
INFO: [HLS 214-178] Inlining function 'compute_givens_rotation(float, float, float&, float&)' into 'top(re_im (*) [4], re_im (*) [4], re_im (*) [4])' (top_cmplx.cpp:56:0)
INFO: [HLS 214-178] Inlining function 'rotate_rows(re_im (*) [4], int, int, float, float, int)' into 'top(re_im (*) [4], re_im (*) [4], re_im (*) [4])' (top_cmplx.cpp:56:0)
INFO: [HLS 214-248] Applying array_partition to 'Q.real': Complete partitioning on dimension 1. Complete partitioning on dimension 2. (top_cmplx.cpp:67:7)
INFO: [HLS 214-248] Applying array_partition to 'Q.imag': Complete partitioning on dimension 1. Complete partitioning on dimension 2. (top_cmplx.cpp:67:7)
INFO: [HLS 214-248] Applying array_partition to 'R.real': Complete partitioning on dimension 1. Complete partitioning on dimension 2. (top_cmplx.cpp:68:7)
INFO: [HLS 214-248] Applying array_partition to 'R.imag': Complete partitioning on dimension 1. Complete partitioning on dimension 2. (top_cmplx.cpp:68:7)
INFO: [HLS 214-248] Applying array_partition to 'Q_out.real': Complete partitioning on dimension 2. (top_cmplx.cpp:70:7)
INFO: [HLS 214-248] Applying array_partition to 'Q_out.imag': Complete partitioning on dimension 2. (top_cmplx.cpp:70:7)
INFO: [HLS 214-248] Applying array_partition to 'R_out.real': Complete partitioning on dimension 2. (top_cmplx.cpp:71:7)
INFO: [HLS 214-248] Applying array_partition to 'R_out.imag': Complete partitioning on dimension 2. (top_cmplx.cpp:71:7)
INFO: [HLS 214-376] automatically set the pipeline for Loop< VITIS_LOOP_87_1> at top_cmplx.cpp:87:22 
INFO: [HLS 214-376] automatically set the pipeline for Loop< VITIS_LOOP_119_2> at top_cmplx.cpp:119:23 
INFO: [HLS 214-376] automatically set the pipeline for Loop< VITIS_LOOP_183_7> at top_cmplx.cpp:183:23 
INFO: [HLS 214-376] automatically set the pipeline for Loop< VITIS_LOOP_191_9> at top_cmplx.cpp:191:23 
INFO: [HLS 214-376] automatically set the pipeline for Loop< VITIS_LOOP_204_10> at top_cmplx.cpp:204:24 
INFO: [HLS 214-376] automatically set the pipeline for Loop< VITIS_LOOP_213_11> at top_cmplx.cpp:213:24 
INFO: [HLS 214-291] Loop 'VITIS_LOOP_160_5' is marked as complete unroll implied by the pipeline pragma (top_cmplx.cpp:160:27)
INFO: [HLS 214-186] Unrolling loop 'VITIS_LOOP_160_5' (top_cmplx.cpp:160:27) in function 'top' completely with a factor of 4 (top_cmplx.cpp:56:0)
INFO: [HLS 200-111] Finished Compiling Optimization and Transform: CPU user time: 0 seconds. CPU system time: 0 seconds. Elapsed time: 8.858 seconds; current allocated memory: 139.664 MB.
INFO: [HLS 200-111] Finished Checking Pragmas: CPU user time: 0 seconds. CPU system time: 0 seconds. Elapsed time: 0.007 seconds; current allocated memory: 139.664 MB.
INFO: [HLS 200-10] Starting code transformations ...
INFO: [HLS 200-111] Finished Standard Transforms: CPU user time: 0 seconds. CPU system time: 0 seconds. Elapsed time: 0.263 seconds; current allocated memory: 152.305 MB.
INFO: [HLS 200-10] Checking synthesizability ...
INFO: [HLS 200-111] Finished Checking Synthesizability: CPU user time: 0 seconds. CPU system time: 0 seconds. Elapsed time: 0.169 seconds; current allocated memory: 154.938 MB.
INFO: [XFORM 203-401] Performing if-conversion on hyperblock from (top_cmplx.cpp:87:30) to (top_cmplx.cpp:98:12) in function 'top'... converting 30 basic blocks.
INFO: [XFORM 203-401] Performing if-conversion on hyperblock from (top_cmplx.cpp:121:15) to (top_cmplx.cpp:45:20) in function 'top'... converting 26 basic blocks.
INFO: [XFORM 203-401] Performing if-conversion on hyperblock from (top_cmplx.cpp:32:62) to (top_cmplx.cpp:45:20) in function 'top'... converting 20 basic blocks.
INFO: [XFORM 203-401] Performing if-conversion on hyperblock from (top_cmplx.cpp:32:62) to (top_cmplx.cpp:46:20) in function 'top'... converting 22 basic blocks.
INFO: [XFORM 203-401] Performing if-conversion on hyperblock from (top_cmplx.cpp:32:62) to (top_cmplx.cpp:46:20) in function 'top'... converting 19 basic blocks.
INFO: [XFORM 203-11] Balancing expressions in function 'top' (top_cmplx.cpp:7:20)...25 expression(s) balanced.
INFO: [HLS 200-111] Finished Loop, function and other optimizations: CPU user time: 1 seconds. CPU system time: 0 seconds. Elapsed time: 0.976 seconds; current allocated memory: 182.117 MB.
INFO: [HLS 200-2061] Successfully converted nested loops 'READ_INIT'(top_cmplx.cpp:85:1) and 'VITIS_LOOP_87_1'(top_cmplx.cpp:87:22) in function 'top' into perfectly nested loops.
INFO: [HLS 200-2061] Successfully converted nested loops 'VITIS_LOOP_181_6'(top_cmplx.cpp:181:19) and 'VITIS_LOOP_183_7'(top_cmplx.cpp:183:23) in function 'top' into perfectly nested loops.
INFO: [HLS 200-2061] Successfully converted nested loops 'VITIS_LOOP_189_8'(top_cmplx.cpp:189:19) and 'VITIS_LOOP_191_9'(top_cmplx.cpp:191:23) in function 'top' into perfectly nested loops.
INFO: [HLS 200-2061] Successfully converted nested loops 'WRITE_Q'(top_cmplx.cpp:202:1) and 'VITIS_LOOP_204_10'(top_cmplx.cpp:204:24) in function 'top' into perfectly nested loops.
INFO: [HLS 200-2061] Successfully converted nested loops 'WRITE_R'(top_cmplx.cpp:211:1) and 'VITIS_LOOP_213_11'(top_cmplx.cpp:213:24) in function 'top' into perfectly nested loops.
INFO: [XFORM 203-541] Flattening a loop nest 'READ_INIT' (top_cmplx.cpp:85:1) in function 'top'.
WARNING: [HLS 200-960] Cannot flatten loop 'GIVENS_QRD' (top_cmplx.cpp:117:1) in function 'top' the outer loop is not a perfect loop because either the parent loop or the sub loop has no invariant trip count.
INFO: [XFORM 203-541] Flattening a loop nest 'VITIS_LOOP_181_6' (top_cmplx.cpp:181:19) in function 'top'.
INFO: [XFORM 203-541] Flattening a loop nest 'VITIS_LOOP_189_8' (top_cmplx.cpp:189:19) in function 'top'.
INFO: [XFORM 203-541] Flattening a loop nest 'WRITE_Q' (top_cmplx.cpp:202:1) in function 'top'.
INFO: [XFORM 203-541] Flattening a loop nest 'WRITE_R' (top_cmplx.cpp:211:1) in function 'top'.
INFO: [HLS 200-111] Finished Architecture Synthesis: CPU user time: 1 seconds. CPU system time: 0 seconds. Elapsed time: 0.937 seconds; current allocated memory: 249.906 MB.
INFO: [HLS 200-10] Starting hardware synthesis ...
INFO: [HLS 200-10] Synthesizing 'top' ...
INFO: [HLS 200-10] ----------------------------------------------------------------
INFO: [HLS 200-42] -- Implementing module 'top_Pipeline_READ_INIT_VITIS_LOOP_87_1' 
INFO: [HLS 200-10] ----------------------------------------------------------------
INFO: [SCHED 204-11] Starting scheduling ...
INFO: [SCHED 204-61] Pipelining loop 'READ_INIT_VITIS_LOOP_87_1'.
WARNING: [HLS 200-885] The II Violation in module 'top_Pipeline_READ_INIT_VITIS_LOOP_87_1' (loop 'READ_INIT_VITIS_LOOP_87_1'): Unable to schedule bus request operation ('memA_load_1_req', top_cmplx.cpp:91) on port 'memA' (top_cmplx.cpp:91) due to limited memory ports (II = 1). Please consider using a memory core with more ports or partitioning the array.
INFO: [HLS 200-1470] Pipelining result : Target II = NA, Final II = 2, Depth = 12, loop 'READ_INIT_VITIS_LOOP_87_1'
INFO: [SCHED 204-11] Finished scheduling.
INFO: [HLS 200-111] Finished Scheduling: CPU user time: 0 seconds. CPU system time: 0 seconds. Elapsed time: 0.624 seconds; current allocated memory: 258.508 MB.
INFO: [BIND 205-100] Starting micro-architecture generation ...
INFO: [BIND 205-101] Performing variable lifetime analysis.
INFO: [BIND 205-101] Exploring resource sharing.
INFO: [BIND 205-101] Binding ...
INFO: [BIND 205-100] Finished micro-architecture generation.
INFO: [HLS 200-111] Finished Binding: CPU user time: 0 seconds. CPU system time: 0 seconds. Elapsed time: 0.181 seconds; current allocated memory: 259.676 MB.
INFO: [HLS 200-10] ----------------------------------------------------------------
INFO: [HLS 200-42] -- Implementing module 'top_Pipeline_VITIS_LOOP_119_2' 
INFO: [HLS 200-10] ----------------------------------------------------------------
INFO: [SCHED 204-11] Starting scheduling ...
INFO: [SCHED 204-61] Pipelining loop 'VITIS_LOOP_119_2'.
WARNING: [HLS 200-880] The II Violation in module 'top_Pipeline_VITIS_LOOP_119_2' (loop 'VITIS_LOOP_119_2'): Unable to enforce a carried dependence constraint (II = 1, distance = 1, offset = 1) between 'switch' operation 0 bit ('_ln41', top_cmplx.cpp:41->top_cmplx.cpp:146) and 'sparsemux' operation 32 bit ('ar', top_cmplx.cpp:124).
WARNING: [HLS 200-880] The II Violation in module 'top_Pipeline_VITIS_LOOP_119_2' (loop 'VITIS_LOOP_119_2'): Unable to enforce a carried dependence constraint (II = 2, distance = 1, offset = 1) between 'switch' operation 0 bit ('_ln41', top_cmplx.cpp:41->top_cmplx.cpp:146) and 'sparsemux' operation 32 bit ('ar', top_cmplx.cpp:124).
WARNING: [HLS 200-880] The II Violation in module 'top_Pipeline_VITIS_LOOP_119_2' (loop 'VITIS_LOOP_119_2'): Unable to enforce a carried dependence constraint (II = 3, distance = 1, offset = 1) between 'switch' operation 0 bit ('_ln41', top_cmplx.cpp:41->top_cmplx.cpp:146) and 'sparsemux' operation 32 bit ('ar', top_cmplx.cpp:124).
WARNING: [HLS 200-880] The II Violation in module 'top_Pipeline_VITIS_LOOP_119_2' (loop 'VITIS_LOOP_119_2'): Unable to enforce a carried dependence constraint (II = 4, distance = 1, offset = 1) between 'switch' operation 0 bit ('_ln41', top_cmplx.cpp:41->top_cmplx.cpp:146) and 'sparsemux' operation 32 bit ('ar', top_cmplx.cpp:124).
WARNING: [HLS 200-880] The II Violation in module 'top_Pipeline_VITIS_LOOP_119_2' (loop 'VITIS_LOOP_119_2'): Unable to enforce a carried dependence constraint (II = 35, distance = 1, offset = 1) between 'switch' operation 0 bit ('_ln41', top_cmplx.cpp:41->top_cmplx.cpp:146) and 'sparsemux' operation 32 bit ('ar', top_cmplx.cpp:124).
WARNING: [HLS 200-880] The II Violation in module 'top_Pipeline_VITIS_LOOP_119_2' (loop 'VITIS_LOOP_119_2'): Unable to enforce a carried dependence constraint (II = 51, distance = 1, offset = 1) between 'fsub' operation 32 bit ('R.real', top_cmplx.cpp:41->top_cmplx.cpp:146) and 'sparsemux' operation 32 bit ('tmp', top_cmplx.cpp:124).
WARNING: [HLS 200-880] The II Violation in module 'top_Pipeline_VITIS_LOOP_119_2' (loop 'VITIS_LOOP_119_2'): Unable to enforce a carried dependence constraint (II = 59, distance = 1, offset = 0) between 'store' operation 0 bit ('mux_case_3_write_ln41', top_cmplx.cpp:41->top_cmplx.cpp:146) of variable 'R.real' on local variable 'mux_case_3' and 'load' operation 32 bit ('mux_case_3_load') on local variable 'mux_case_3'.
WARNING: [HLS 200-880] The II Violation in module 'top_Pipeline_VITIS_LOOP_119_2' (loop 'VITIS_LOOP_119_2'): Unable to enforce a carried dependence constraint (II = 61, distance = 1, offset = 0) between 'store' operation 0 bit ('mux_case_090_write_ln41', top_cmplx.cpp:41->top_cmplx.cpp:146) of variable 'mux_case_09028845867628866786953750678278488', top_cmplx.cpp:41->top_cmplx.cpp:146 on local variable 'mux_case_090' and 'load' operation 32 bit ('mux_case_090_load') on local variable 'mux_case_090'.
INFO: [HLS 200-1470] Pipelining result : Target II = NA, Final II = 62, Depth = 64, loop 'VITIS_LOOP_119_2'
INFO: [SCHED 204-11] Finished scheduling.
INFO: [HLS 200-111] Finished Scheduling: CPU user time: 24 seconds. CPU system time: 0 seconds. Elapsed time: 23.755 seconds; current allocated memory: 327.984 MB.
INFO: [BIND 205-100] Starting micro-architecture generation ...
INFO: [BIND 205-101] Performing variable lifetime analysis.
INFO: [BIND 205-101] Exploring resource sharing.
INFO: [BIND 205-101] Binding ...
INFO: [BIND 205-100] Finished micro-architecture generation.
INFO: [HLS 200-111] Finished Binding: CPU user time: 1 seconds. CPU system time: 0 seconds. Elapsed time: 1.147 seconds; current allocated memory: 327.984 MB.
INFO: [HLS 200-10] ----------------------------------------------------------------
INFO: [HLS 200-42] -- Implementing module 'top_Pipeline_VITIS_LOOP_181_6_VITIS_LOOP_183_7' 
INFO: [HLS 200-10] ----------------------------------------------------------------
INFO: [SCHED 204-11] Starting scheduling ...
INFO: [SCHED 204-61] Pipelining loop 'VITIS_LOOP_181_6_VITIS_LOOP_183_7'.
INFO: [HLS 200-1470] Pipelining result : Target II = NA, Final II = 1, Depth = 1, loop 'VITIS_LOOP_181_6_VITIS_LOOP_183_7'
INFO: [SCHED 204-11] Finished scheduling.
INFO: [HLS 200-111] Finished Scheduling: CPU user time: 1 seconds. CPU system time: 1 seconds. Elapsed time: 0.923 seconds; current allocated memory: 327.984 MB.
INFO: [BIND 205-100] Starting micro-architecture generation ...
INFO: [BIND 205-101] Performing variable lifetime analysis.
INFO: [BIND 205-101] Exploring resource sharing.
INFO: [BIND 205-101] Binding ...
INFO: [BIND 205-100] Finished micro-architecture generation.
INFO: [HLS 200-111] Finished Binding: CPU user time: 0 seconds. CPU system time: 0 seconds. Elapsed time: 0.167 seconds; current allocated memory: 327.984 MB.
INFO: [HLS 200-10] ----------------------------------------------------------------
INFO: [HLS 200-42] -- Implementing module 'top_Pipeline_VITIS_LOOP_189_8_VITIS_LOOP_191_9' 
INFO: [HLS 200-10] ----------------------------------------------------------------
INFO: [SCHED 204-11] Starting scheduling ...
INFO: [SCHED 204-61] Pipelining loop 'VITIS_LOOP_189_8_VITIS_LOOP_191_9'.
INFO: [HLS 200-1470] Pipelining result : Target II = NA, Final II = 1, Depth = 1, loop 'VITIS_LOOP_189_8_VITIS_LOOP_191_9'
INFO: [SCHED 204-11] Finished scheduling.
INFO: [HLS 200-111] Finished Scheduling: CPU user time: 0 seconds. CPU system time: 0 seconds. Elapsed time: 0.227 seconds; current allocated memory: 327.984 MB.
INFO: [BIND 205-100] Starting micro-architecture generation ...
INFO: [BIND 205-101] Performing variable lifetime analysis.
INFO: [BIND 205-101] Exploring resource sharing.
INFO: [BIND 205-101] Binding ...
INFO: [BIND 205-100] Finished micro-architecture generation.
INFO: [HLS 200-111] Finished Binding: CPU user time: 0 seconds. CPU system time: 0 seconds. Elapsed time: 0.163 seconds; current allocated memory: 327.984 MB.
INFO: [HLS 200-10] ----------------------------------------------------------------
INFO: [HLS 200-42] -- Implementing module 'top_Pipeline_WRITE_Q_VITIS_LOOP_204_10' 
INFO: [HLS 200-10] ----------------------------------------------------------------
INFO: [SCHED 204-11] Starting scheduling ...
INFO: [SCHED 204-61] Pipelining loop 'WRITE_Q_VITIS_LOOP_204_10'.
WARNING: [HLS 200-880] The II Violation in module 'top_Pipeline_WRITE_Q_VITIS_LOOP_204_10' (loop 'WRITE_Q_VITIS_LOOP_204_10'): Unable to enforce a carried dependence constraint (II = 1, distance = 1, offset = 1) between bus write operation ('memQ_addr_write_ln206', top_cmplx.cpp:206) on port 'memQ' (top_cmplx.cpp:206) and bus write operation ('memQ_addr_write_ln206', top_cmplx.cpp:206) on port 'memQ' (top_cmplx.cpp:206).
INFO: [HLS 200-1470] Pipelining result : Target II = NA, Final II = 2, Depth = 11, loop 'WRITE_Q_VITIS_LOOP_204_10'
INFO: [SCHED 204-11] Finished scheduling.
INFO: [HLS 200-111] Finished Scheduling: CPU user time: 0 seconds. CPU system time: 0 seconds. Elapsed time: 0.268 seconds; current allocated memory: 327.984 MB.
INFO: [BIND 205-100] Starting micro-architecture generation ...
INFO: [BIND 205-101] Performing variable lifetime analysis.
INFO: [BIND 205-101] Exploring resource sharing.
INFO: [BIND 205-101] Binding ...
INFO: [BIND 205-100] Finished micro-architecture generation.
INFO: [HLS 200-111] Finished Binding: CPU user time: 0 seconds. CPU system time: 0 seconds. Elapsed time: 0.153 seconds; current allocated memory: 327.984 MB.
INFO: [HLS 200-10] ----------------------------------------------------------------
INFO: [HLS 200-42] -- Implementing module 'top_Pipeline_WRITE_R_VITIS_LOOP_213_11' 
INFO: [HLS 200-10] ----------------------------------------------------------------
INFO: [SCHED 204-11] Starting scheduling ...
INFO: [SCHED 204-61] Pipelining loop 'WRITE_R_VITIS_LOOP_213_11'.
WARNING: [HLS 200-880] The II Violation in module 'top_Pipeline_WRITE_R_VITIS_LOOP_213_11' (loop 'WRITE_R_VITIS_LOOP_213_11'): Unable to enforce a carried dependence constraint (II = 1, distance = 1, offset = 1) between bus write operation ('memR_addr_write_ln215', top_cmplx.cpp:215) on port 'memR' (top_cmplx.cpp:215) and bus write operation ('memR_addr_write_ln215', top_cmplx.cpp:215) on port 'memR' (top_cmplx.cpp:215).
INFO: [HLS 200-1470] Pipelining result : Target II = NA, Final II = 2, Depth = 11, loop 'WRITE_R_VITIS_LOOP_213_11'
INFO: [SCHED 204-11] Finished scheduling.
INFO: [HLS 200-111] Finished Scheduling: CPU user time: 0 seconds. CPU system time: 0 seconds. Elapsed time: 0.304 seconds; current allocated memory: 327.984 MB.
INFO: [BIND 205-100] Starting micro-architecture generation ...
INFO: [BIND 205-101] Performing variable lifetime analysis.
INFO: [BIND 205-101] Exploring resource sharing.
INFO: [BIND 205-101] Binding ...
INFO: [BIND 205-100] Finished micro-architecture generation.
INFO: [HLS 200-111] Finished Binding: CPU user time: 0 seconds. CPU system time: 0 seconds. Elapsed time: 0.187 seconds; current allocated memory: 327.984 MB.
INFO: [HLS 200-10] ----------------------------------------------------------------
INFO: [HLS 200-42] -- Implementing module 'top' 
INFO: [HLS 200-10] ----------------------------------------------------------------
INFO: [SCHED 204-11] Starting scheduling ...
INFO: [SCHED 204-11] Finished scheduling.
INFO: [HLS 200-111] Finished Scheduling: CPU user time: 1 seconds. CPU system time: 0 seconds. Elapsed time: 0.272 seconds; current allocated memory: 327.984 MB.
INFO: [BIND 205-100] Starting micro-architecture generation ...
INFO: [BIND 205-101] Performing variable lifetime analysis.
INFO: [BIND 205-101] Exploring resource sharing.
INFO: [BIND 205-101] Binding ...
INFO: [BIND 205-100] Finished micro-architecture generation.
INFO: [HLS 200-111] Finished Binding: CPU user time: 0 seconds. CPU system time: 0 seconds. Elapsed time: 0.233 seconds; current allocated memory: 327.984 MB.
INFO: [HLS 200-10] ----------------------------------------------------------------
INFO: [HLS 200-10] -- Generating RTL for module 'top_Pipeline_READ_INIT_VITIS_LOOP_87_1' 
INFO: [HLS 200-10] ----------------------------------------------------------------
INFO: [HLS 200-1030] Apply Unified Pipeline Control on module 'top_Pipeline_READ_INIT_VITIS_LOOP_87_1' pipeline 'READ_INIT_VITIS_LOOP_87_1' pipeline type 'loop pipeline'
INFO: [RTGEN 206-100] Finished creating RTL model for 'top_Pipeline_READ_INIT_VITIS_LOOP_87_1'.
INFO: [HLS 200-111] Finished Creating RTL model: CPU user time: 0 seconds. CPU system time: 0 seconds. Elapsed time: 0.254 seconds; current allocated memory: 327.984 MB.
INFO: [HLS 200-10] ----------------------------------------------------------------
INFO: [HLS 200-10] -- Generating RTL for module 'top_Pipeline_VITIS_LOOP_119_2' 
INFO: [HLS 200-10] ----------------------------------------------------------------
INFO: [HLS 200-1030] Apply Unified Pipeline Control on module 'top_Pipeline_VITIS_LOOP_119_2' pipeline 'VITIS_LOOP_119_2' pipeline type 'loop pipeline'
INFO: [RTGEN 206-100] Generating core module 'fadd_32ns_32ns_32_4_full_dsp_1': 2 instance(s).
INFO: [RTGEN 206-100] Generating core module 'faddfsub_32ns_32ns_32_4_full_dsp_1': 2 instance(s).
INFO: [RTGEN 206-100] Generating core module 'fcmp_32ns_32ns_1_2_no_dsp_1': 1 instance(s).
INFO: [RTGEN 206-100] Generating core module 'fdiv_32ns_32ns_32_8_no_dsp_1': 2 instance(s).
INFO: [RTGEN 206-100] Generating core module 'fmul_32ns_32ns_32_2_max_dsp_1': 8 instance(s).
INFO: [RTGEN 206-100] Generating core module 'fsqrt_32ns_32ns_32_7_no_dsp_1': 2 instance(s).
INFO: [RTGEN 206-100] Generating core module 'sparsemux_13_3_32_1_1': 32 instance(s).
INFO: [RTGEN 206-100] Generating core module 'sparsemux_7_2_32_1_1': 14 instance(s).
INFO: [RTGEN 206-100] Generating core module 'sparsemux_9_2_32_1_1': 14 instance(s).
INFO: [RTGEN 206-100] Finished creating RTL model for 'top_Pipeline_VITIS_LOOP_119_2'.
INFO: [HLS 200-111] Finished Creating RTL model: CPU user time: 2 seconds. CPU system time: 0 seconds. Elapsed time: 2.17 seconds; current allocated memory: 327.984 MB.
INFO: [HLS 200-10] ----------------------------------------------------------------
INFO: [HLS 200-10] -- Generating RTL for module 'top_Pipeline_VITIS_LOOP_181_6_VITIS_LOOP_183_7' 
INFO: [HLS 200-10] ----------------------------------------------------------------
INFO: [RTGEN 206-100] Generating core module 'sparsemux_15_3_32_1_1': 2 instance(s).
INFO: [RTGEN 206-100] Generating core module 'sparsemux_9_2_32_1_1': 14 instance(s).
INFO: [RTGEN 206-100] Finished creating RTL model for 'top_Pipeline_VITIS_LOOP_181_6_VITIS_LOOP_183_7'.
INFO: [HLS 200-111] Finished Creating RTL model: CPU user time: 1 seconds. CPU system time: 2 seconds. Elapsed time: 3.441 seconds; current allocated memory: 372.332 MB.
INFO: [HLS 200-10] ----------------------------------------------------------------
INFO: [HLS 200-10] -- Generating RTL for module 'top_Pipeline_VITIS_LOOP_189_8_VITIS_LOOP_191_9' 
INFO: [HLS 200-10] ----------------------------------------------------------------
INFO: [RTGEN 206-100] Generating core module 'sparsemux_9_2_32_1_1': 10 instance(s).
INFO: [RTGEN 206-100] Finished creating RTL model for 'top_Pipeline_VITIS_LOOP_189_8_VITIS_LOOP_191_9'.
INFO: [HLS 200-111] Finished Creating RTL model: CPU user time: 0 seconds. CPU system time: 0 seconds. Elapsed time: 0.369 seconds; current allocated memory: 372.332 MB.
INFO: [HLS 200-10] ----------------------------------------------------------------
INFO: [HLS 200-10] -- Generating RTL for module 'top_Pipeline_WRITE_Q_VITIS_LOOP_204_10' 
INFO: [HLS 200-10] ----------------------------------------------------------------
INFO: [HLS 200-1030] Apply Unified Pipeline Control on module 'top_Pipeline_WRITE_Q_VITIS_LOOP_204_10' pipeline 'WRITE_Q_VITIS_LOOP_204_10' pipeline type 'loop pipeline'
INFO: [RTGEN 206-100] Generating core module 'sparsemux_9_2_32_1_1': 2 instance(s).
INFO: [RTGEN 206-100] Finished creating RTL model for 'top_Pipeline_WRITE_Q_VITIS_LOOP_204_10'.
INFO: [HLS 200-111] Finished Creating RTL model: CPU user time: 0 seconds. CPU system time: 0 seconds. Elapsed time: 0.363 seconds; current allocated memory: 372.332 MB.
INFO: [HLS 200-10] ----------------------------------------------------------------
INFO: [HLS 200-10] -- Generating RTL for module 'top_Pipeline_WRITE_R_VITIS_LOOP_213_11' 
INFO: [HLS 200-10] ----------------------------------------------------------------
INFO: [HLS 200-1030] Apply Unified Pipeline Control on module 'top_Pipeline_WRITE_R_VITIS_LOOP_213_11' pipeline 'WRITE_R_VITIS_LOOP_213_11' pipeline type 'loop pipeline'
INFO: [RTGEN 206-100] Generating core module 'sparsemux_9_2_32_1_1': 2 instance(s).
INFO: [RTGEN 206-100] Finished creating RTL model for 'top_Pipeline_WRITE_R_VITIS_LOOP_213_11'.
INFO: [HLS 200-111] Finished Creating RTL model: CPU user time: 0 seconds. CPU system time: 0 seconds. Elapsed time: 0.425 seconds; current allocated memory: 372.332 MB.
INFO: [HLS 200-10] ----------------------------------------------------------------
INFO: [HLS 200-10] -- Generating RTL for module 'top' 
INFO: [HLS 200-10] ----------------------------------------------------------------
WARNING: [RTGEN 206-101] Design contains AXI ports. Reset is fixed to synchronous and active low.
INFO: [RTGEN 206-500] Setting interface mode on port 'top/memA' to 'm_axi'.
INFO: [RTGEN 206-500] Setting interface mode on port 'top/memQ' to 'm_axi'.
INFO: [RTGEN 206-500] Setting interface mode on port 'top/memR' to 'm_axi'.
INFO: [RTGEN 206-500] Setting interface mode on port 'top/A_DRAM' to 's_axilite & ap_none'.
INFO: [RTGEN 206-500] Setting interface mode on port 'top/Q_DRAM' to 's_axilite & ap_none'.
INFO: [RTGEN 206-500] Setting interface mode on port 'top/R_DRAM' to 's_axilite & ap_none'.
INFO: [RTGEN 206-500] Setting interface mode on function 'top' to 's_axilite & ap_ctrl_hs'.
INFO: [RTGEN 206-100] Bundling port 'A_DRAM', 'Q_DRAM', 'R_DRAM' and 'return' to AXI-Lite port control.
INFO: [RTGEN 206-100] Finished creating RTL model for 'top'.
INFO: [RTMG 210-278] Implementing memory 'top_Q_out_real_RAM_AUTO_1R1W' using auto RAMs.
INFO: [HLS 200-111] Finished Creating RTL model: CPU user time: 1 seconds. CPU system time: 0 seconds. Elapsed time: 0.713 seconds; current allocated memory: 378.523 MB.
INFO: [HLS 200-111] Finished Generating all RTL models: CPU user time: 0 seconds. CPU system time: 1 seconds. Elapsed time: 1.467 seconds; current allocated memory: 389.477 MB.
INFO: [HLS 200-111] Finished Updating report files: CPU user time: 2 seconds. CPU system time: 1 seconds. Elapsed time: 3.905 seconds; current allocated memory: 403.355 MB.
INFO: [VHDL 208-304] Generating VHDL RTL for top.
INFO: [VLOG 209-307] Generating Verilog RTL for top.
INFO: [HLS 200-790] **** Loop Constraint Status: All loop constraints were NOT satisfied.
INFO: [HLS 200-789] **** Estimated Fmax: 114.29 MHz
INFO: [HLS 200-111] Finished Command csynth_design CPU user time: 36 seconds. CPU system time: 5 seconds. Elapsed time: 74.546 seconds; current allocated memory: 271.805 MB.
==============================================================
Vitis HLS - High-Level Synthesis from C, C++ and OpenCL v2023.2 (64-bit)
Tool Version Limit: 2023.10
Copyright 1986-2022 Xilinx, Inc. All Rights Reserved.
Copyright 2022-2023 Advanced Micro Devices, Inc. All Rights Reserved.

==============================================================
INFO: [SYN 201-201] Setting up clock 'default' with a period of 10ns.
INFO: [SYN 201-201] Setting up clock 'default' with an uncertainty of 1.25ns.
INFO: [HLS 200-1611] Setting target device to 'xczu7ev-ffvc1156-2-e'
INFO: [HLS 200-1505] Using flow_target 'vivado'
INFO: [HLS 200-1464] Running solution command: config_cosim -tool=xsim
INFO: [HLS 200-1464] Running solution command: config_cosim -trace_level=all
INFO: [HLS 200-1464] Running solution command: config_export -format=ip_catalog
INFO: [HLS 200-1464] Running solution command: config_export -output=C:/Users/varad/OneDrive/Documents/GitHub/Matrix_Inversion/COMPLEX_QR/IP_INTRFACE_DRAM_BRAM_BASIC
INFO: [HLS 200-1464] Running solution command: config_export -rtl=verilog
INFO: [HLS 200-1510] Running: set_part xczu7ev-ffvc1156-2-e 
INFO: [HLS 200-1510] Running: create_clock -period 10 -name default 
INFO: [HLS 200-1510] Running: config_cosim -tool xsim -trace_level all 
INFO: [HLS 200-1510] Running: config_export -format ip_catalog -output C:/Users/varad/OneDrive/Documents/GitHub/Matrix_Inversion/COMPLEX_QR/IP_INTRFACE_DRAM_BRAM_BASIC -rtl verilog 
INFO: [HLS 200-1510] Running: set_clock_uncertainty 1.25 
INFO: [HLS 200-1510] Running: source ./CGR_QR_WBS/solution1/directives.tcl
INFO: [HLS 200-1510] Running: set_directive_top -name top top 
INFO: [HLS 200-1510] Running: csynth_design 
INFO: [HLS 200-111] Finished File checks and directory preparation: CPU user time: 0 seconds. CPU system time: 0 seconds. Elapsed time: 0.118 seconds; current allocated memory: 132.660 MB.
INFO: [HLS 200-10] Analyzing design file 'fns_cmplx.cpp' ... 
INFO: [HLS 200-10] Analyzing design file 'top_cmplx.cpp' ... 
INFO: [HLS 200-111] Finished Source Code Analysis and Preprocessing: CPU user time: 1 seconds. CPU system time: 0 seconds. Elapsed time: 21.008 seconds; current allocated memory: 138.883 MB.
INFO: [HLS 200-777] Using interface defaults for 'Vivado' flow target.
INFO: [HLS 200-1995] There were 501 instructions in the design after the 'Compile/Link' phase of compilation. See the Design Size Report for more details: C:/Users/varad/OneDrive/Documents/GitHub/Matrix_Inversion/COMPLEX_QR/CGR_QR_WBS/solution1/syn/report/csynth_design_size.rpt
INFO: [HLS 200-1995] There were 397 instructions in the design after the 'Unroll/Inline (step 1)' phase of compilation. See the Design Size Report for more details: C:/Users/varad/OneDrive/Documents/GitHub/Matrix_Inversion/COMPLEX_QR/CGR_QR_WBS/solution1/syn/report/csynth_design_size.rpt
INFO: [HLS 200-1995] There were 287 instructions in the design after the 'Unroll/Inline (step 2)' phase of compilation. See the Design Size Report for more details: C:/Users/varad/OneDrive/Documents/GitHub/Matrix_Inversion/COMPLEX_QR/CGR_QR_WBS/solution1/syn/report/csynth_design_size.rpt
INFO: [HLS 200-1995] There were 261 instructions in the design after the 'Unroll/Inline (step 3)' phase of compilation. See the Design Size Report for more details: C:/Users/varad/OneDrive/Documents/GitHub/Matrix_Inversion/COMPLEX_QR/CGR_QR_WBS/solution1/syn/report/csynth_design_size.rpt
INFO: [HLS 200-1995] There were 244 instructions in the design after the 'Unroll/Inline (step 4)' phase of compilation. See the Design Size Report for more details: C:/Users/varad/OneDrive/Documents/GitHub/Matrix_Inversion/COMPLEX_QR/CGR_QR_WBS/solution1/syn/report/csynth_design_size.rpt
INFO: [HLS 200-1995] There were 2,379 instructions in the design after the 'Array/Struct (step 1)' phase of compilation. See the Design Size Report for more details: C:/Users/varad/OneDrive/Documents/GitHub/Matrix_Inversion/COMPLEX_QR/CGR_QR_WBS/solution1/syn/report/csynth_design_size.rpt
INFO: [HLS 200-1995] There were 1,593 instructions in the design after the 'Array/Struct (step 2)' phase of compilation. See the Design Size Report for more details: C:/Users/varad/OneDrive/Documents/GitHub/Matrix_Inversion/COMPLEX_QR/CGR_QR_WBS/solution1/syn/report/csynth_design_size.rpt
INFO: [HLS 200-1995] There were 1,593 instructions in the design after the 'Array/Struct (step 3)' phase of compilation. See the Design Size Report for more details: C:/Users/varad/OneDrive/Documents/GitHub/Matrix_Inversion/COMPLEX_QR/CGR_QR_WBS/solution1/syn/report/csynth_design_size.rpt
INFO: [HLS 200-1995] There were 1,535 instructions in the design after the 'Array/Struct (step 4)' phase of compilation. See the Design Size Report for more details: C:/Users/varad/OneDrive/Documents/GitHub/Matrix_Inversion/COMPLEX_QR/CGR_QR_WBS/solution1/syn/report/csynth_design_size.rpt
INFO: [HLS 200-1995] There were 1,826 instructions in the design after the 'Array/Struct (step 5)' phase of compilation. See the Design Size Report for more details: C:/Users/varad/OneDrive/Documents/GitHub/Matrix_Inversion/COMPLEX_QR/CGR_QR_WBS/solution1/syn/report/csynth_design_size.rpt
INFO: [HLS 200-1995] There were 1,384 instructions in the design after the 'Performance (step 1)' phase of compilation. See the Design Size Report for more details: C:/Users/varad/OneDrive/Documents/GitHub/Matrix_Inversion/COMPLEX_QR/CGR_QR_WBS/solution1/syn/report/csynth_design_size.rpt
INFO: [HLS 200-1995] There were 1,384 instructions in the design after the 'Performance (step 2)' phase of compilation. See the Design Size Report for more details: C:/Users/varad/OneDrive/Documents/GitHub/Matrix_Inversion/COMPLEX_QR/CGR_QR_WBS/solution1/syn/report/csynth_design_size.rpt
INFO: [HLS 200-1995] There were 1,384 instructions in the design after the 'Performance (step 3)' phase of compilation. See the Design Size Report for more details: C:/Users/varad/OneDrive/Documents/GitHub/Matrix_Inversion/COMPLEX_QR/CGR_QR_WBS/solution1/syn/report/csynth_design_size.rpt
INFO: [HLS 200-1995] There were 1,384 instructions in the design after the 'Performance (step 4)' phase of compilation. See the Design Size Report for more details: C:/Users/varad/OneDrive/Documents/GitHub/Matrix_Inversion/COMPLEX_QR/CGR_QR_WBS/solution1/syn/report/csynth_design_size.rpt
INFO: [HLS 200-1995] There were 1,457 instructions in the design after the 'HW Transforms (step 1)' phase of compilation. See the Design Size Report for more details: C:/Users/varad/OneDrive/Documents/GitHub/Matrix_Inversion/COMPLEX_QR/CGR_QR_WBS/solution1/syn/report/csynth_design_size.rpt
INFO: [HLS 200-1995] There were 1,515 instructions in the design after the 'HW Transforms (step 2)' phase of compilation. See the Design Size Report for more details: C:/Users/varad/OneDrive/Documents/GitHub/Matrix_Inversion/COMPLEX_QR/CGR_QR_WBS/solution1/syn/report/csynth_design_size.rpt
INFO: [HLS 214-178] Inlining function 'std::sqrt(float)' into 'compute_givens_rotation(float, float, float&, float&)' (top_cmplx.cpp:6:0)
INFO: [HLS 214-178] Inlining function 'std::sqrt(float)' into 'top(re_im (*) [4], re_im (*) [4], re_im (*) [4])' (top_cmplx.cpp:56:0)
INFO: [HLS 214-178] Inlining function 'compute_givens_rotation(float, float, float&, float&)' into 'top(re_im (*) [4], re_im (*) [4], re_im (*) [4])' (top_cmplx.cpp:56:0)
INFO: [HLS 214-178] Inlining function 'rotate_rows(re_im (*) [4], int, int, float, float, int)' into 'top(re_im (*) [4], re_im (*) [4], re_im (*) [4])' (top_cmplx.cpp:56:0)
INFO: [HLS 214-248] Applying array_partition to 'Q.real': Complete partitioning on dimension 1. Complete partitioning on dimension 2. (top_cmplx.cpp:67:7)
INFO: [HLS 214-248] Applying array_partition to 'Q.imag': Complete partitioning on dimension 1. Complete partitioning on dimension 2. (top_cmplx.cpp:67:7)
INFO: [HLS 214-248] Applying array_partition to 'R.real': Complete partitioning on dimension 1. Complete partitioning on dimension 2. (top_cmplx.cpp:68:7)
INFO: [HLS 214-248] Applying array_partition to 'R.imag': Complete partitioning on dimension 1. Complete partitioning on dimension 2. (top_cmplx.cpp:68:7)
INFO: [HLS 214-248] Applying array_partition to 'Q_out.real': Complete partitioning on dimension 2. (top_cmplx.cpp:70:7)
INFO: [HLS 214-248] Applying array_partition to 'Q_out.imag': Complete partitioning on dimension 2. (top_cmplx.cpp:70:7)
INFO: [HLS 214-248] Applying array_partition to 'R_out.real': Complete partitioning on dimension 2. (top_cmplx.cpp:71:7)
INFO: [HLS 214-248] Applying array_partition to 'R_out.imag': Complete partitioning on dimension 2. (top_cmplx.cpp:71:7)
INFO: [HLS 214-376] automatically set the pipeline for Loop< VITIS_LOOP_87_1> at top_cmplx.cpp:87:22 
INFO: [HLS 214-376] automatically set the pipeline for Loop< VITIS_LOOP_160_5> at top_cmplx.cpp:160:27 
INFO: [HLS 214-376] automatically set the pipeline for Loop< VITIS_LOOP_183_7> at top_cmplx.cpp:183:23 
INFO: [HLS 214-376] automatically set the pipeline for Loop< VITIS_LOOP_191_9> at top_cmplx.cpp:191:23 
INFO: [HLS 214-376] automatically set the pipeline for Loop< VITIS_LOOP_204_10> at top_cmplx.cpp:204:24 
INFO: [HLS 214-376] automatically set the pipeline for Loop< VITIS_LOOP_213_11> at top_cmplx.cpp:213:24 
INFO: [HLS 200-111] Finished Compiling Optimization and Transform: CPU user time: 0 seconds. CPU system time: 0 seconds. Elapsed time: 8.792 seconds; current allocated memory: 140.773 MB.
INFO: [HLS 200-111] Finished Checking Pragmas: CPU user time: 0 seconds. CPU system time: 0 seconds. Elapsed time: 0.01 seconds; current allocated memory: 140.773 MB.
INFO: [HLS 200-10] Starting code transformations ...
INFO: [HLS 200-111] Finished Standard Transforms: CPU user time: 0 seconds. CPU system time: 0 seconds. Elapsed time: 0.188 seconds; current allocated memory: 150.055 MB.
INFO: [HLS 200-10] Checking synthesizability ...
INFO: [HLS 200-111] Finished Checking Synthesizability: CPU user time: 0 seconds. CPU system time: 0 seconds. Elapsed time: 0.123 seconds; current allocated memory: 152.547 MB.
INFO: [XFORM 203-401] Performing if-conversion on hyperblock from (top_cmplx.cpp:87:30) to (top_cmplx.cpp:98:12) in function 'top'... converting 30 basic blocks.
INFO: [XFORM 203-401] Performing if-conversion on hyperblock from (top_cmplx.cpp:32:62) to (top_cmplx.cpp:45:20) in function 'top'... converting 26 basic blocks.
INFO: [XFORM 203-401] Performing if-conversion on hyperblock from (top_cmplx.cpp:152:22) to (top_cmplx.cpp:160:27) in function 'top'... converting 26 basic blocks.
INFO: [HLS 200-111] Finished Loop, function and other optimizations: CPU user time: 1 seconds. CPU system time: 0 seconds. Elapsed time: 0.671 seconds; current allocated memory: 182.488 MB.
INFO: [HLS 200-2061] Successfully converted nested loops 'READ_INIT'(top_cmplx.cpp:85:1) and 'VITIS_LOOP_87_1'(top_cmplx.cpp:87:22) in function 'top' into perfectly nested loops.
INFO: [HLS 200-2061] Successfully converted nested loops 'VITIS_LOOP_181_6'(top_cmplx.cpp:181:19) and 'VITIS_LOOP_183_7'(top_cmplx.cpp:183:23) in function 'top' into perfectly nested loops.
INFO: [HLS 200-2061] Successfully converted nested loops 'VITIS_LOOP_189_8'(top_cmplx.cpp:189:19) and 'VITIS_LOOP_191_9'(top_cmplx.cpp:191:23) in function 'top' into perfectly nested loops.
INFO: [HLS 200-2061] Successfully converted nested loops 'WRITE_Q'(top_cmplx.cpp:202:1) and 'VITIS_LOOP_204_10'(top_cmplx.cpp:204:24) in function 'top' into perfectly nested loops.
INFO: [HLS 200-2061] Successfully converted nested loops 'WRITE_R'(top_cmplx.cpp:211:1) and 'VITIS_LOOP_213_11'(top_cmplx.cpp:213:24) in function 'top' into perfectly nested loops.
INFO: [XFORM 203-541] Flattening a loop nest 'READ_INIT' (top_cmplx.cpp:85:1) in function 'top'.
WARNING: [HLS 200-960] Cannot flatten loop 'GIVENS_QRD' (top_cmplx.cpp:117:1) in function 'top' the outer loop is not a perfect loop because either the parent loop or the sub loop has no invariant trip count.
INFO: [XFORM 203-541] Flattening a loop nest 'VITIS_LOOP_181_6' (top_cmplx.cpp:181:19) in function 'top'.
INFO: [XFORM 203-541] Flattening a loop nest 'VITIS_LOOP_189_8' (top_cmplx.cpp:189:19) in function 'top'.
INFO: [XFORM 203-541] Flattening a loop nest 'WRITE_Q' (top_cmplx.cpp:202:1) in function 'top'.
INFO: [XFORM 203-541] Flattening a loop nest 'WRITE_R' (top_cmplx.cpp:211:1) in function 'top'.
INFO: [HLS 200-111] Finished Architecture Synthesis: CPU user time: 1 seconds. CPU system time: 0 seconds. Elapsed time: 0.792 seconds; current allocated memory: 247.676 MB.
INFO: [HLS 200-10] Starting hardware synthesis ...
INFO: [HLS 200-10] Synthesizing 'top' ...
INFO: [HLS 200-10] ----------------------------------------------------------------
INFO: [HLS 200-42] -- Implementing module 'top_Pipeline_READ_INIT_VITIS_LOOP_87_1' 
INFO: [HLS 200-10] ----------------------------------------------------------------
INFO: [SCHED 204-11] Starting scheduling ...
INFO: [SCHED 204-61] Pipelining loop 'READ_INIT_VITIS_LOOP_87_1'.
WARNING: [HLS 200-885] The II Violation in module 'top_Pipeline_READ_INIT_VITIS_LOOP_87_1' (loop 'READ_INIT_VITIS_LOOP_87_1'): Unable to schedule bus request operation ('memA_load_1_req', top_cmplx.cpp:91) on port 'memA' (top_cmplx.cpp:91) due to limited memory ports (II = 1). Please consider using a memory core with more ports or partitioning the array.
INFO: [HLS 200-1470] Pipelining result : Target II = NA, Final II = 2, Depth = 12, loop 'READ_INIT_VITIS_LOOP_87_1'
INFO: [SCHED 204-11] Finished scheduling.
INFO: [HLS 200-111] Finished Scheduling: CPU user time: 0 seconds. CPU system time: 0 seconds. Elapsed time: 0.591 seconds; current allocated memory: 255.602 MB.
INFO: [BIND 205-100] Starting micro-architecture generation ...
INFO: [BIND 205-101] Performing variable lifetime analysis.
INFO: [BIND 205-101] Exploring resource sharing.
INFO: [BIND 205-101] Binding ...
INFO: [BIND 205-100] Finished micro-architecture generation.
INFO: [HLS 200-111] Finished Binding: CPU user time: 0 seconds. CPU system time: 0 seconds. Elapsed time: 0.198 seconds; current allocated memory: 256.797 MB.
INFO: [HLS 200-10] ----------------------------------------------------------------
INFO: [HLS 200-42] -- Implementing module 'top_Pipeline_VITIS_LOOP_139_4' 
INFO: [HLS 200-10] ----------------------------------------------------------------
INFO: [SCHED 204-11] Starting scheduling ...
INFO: [SCHED 204-61] Pipelining loop 'VITIS_LOOP_139_4'.
WARNING: [HLS 200-880] The II Violation in module 'top_Pipeline_VITIS_LOOP_139_4' (loop 'VITIS_LOOP_139_4'): Unable to enforce a carried dependence constraint (II = 1, distance = 1, offset = 0) between 'store' operation 0 bit ('mux_case_0706_write_ln41', top_cmplx.cpp:41->top_cmplx.cpp:146) of variable 'R.real', top_cmplx.cpp:41->top_cmplx.cpp:146 on local variable 'mux_case_0706' and 'load' operation 32 bit ('mux_case_0706_load_1', top_cmplx.cpp:34->top_cmplx.cpp:146) on local variable 'mux_case_0706'.
WARNING: [HLS 200-880] The II Violation in module 'top_Pipeline_VITIS_LOOP_139_4' (loop 'VITIS_LOOP_139_4'): Unable to enforce a carried dependence constraint (II = 2, distance = 1, offset = 0) between 'store' operation 0 bit ('mux_case_0706_write_ln41', top_cmplx.cpp:41->top_cmplx.cpp:146) of variable 'R.real', top_cmplx.cpp:41->top_cmplx.cpp:146 on local variable 'mux_case_0706' and 'load' operation 32 bit ('mux_case_0706_load_1', top_cmplx.cpp:34->top_cmplx.cpp:146) on local variable 'mux_case_0706'.
WARNING: [HLS 200-880] The II Violation in module 'top_Pipeline_VITIS_LOOP_139_4' (loop 'VITIS_LOOP_139_4'): Unable to enforce a carried dependence constraint (II = 3, distance = 1, offset = 0) between 'store' operation 0 bit ('mux_case_0706_write_ln41', top_cmplx.cpp:41->top_cmplx.cpp:146) of variable 'R.real', top_cmplx.cpp:41->top_cmplx.cpp:146 on local variable 'mux_case_0706' and 'load' operation 32 bit ('mux_case_0706_load_1', top_cmplx.cpp:34->top_cmplx.cpp:146) on local variable 'mux_case_0706'.
INFO: [HLS 200-1470] Pipelining result : Target II = 1, Final II = 4, Depth = 6, loop 'VITIS_LOOP_139_4'
WARNING: [HLS 200-871] Estimated clock period (14.856 ns) exceeds the target (target clock period: 10.000 ns, clock uncertainty: 1.250 ns, effective delay budget: 8.750 ns).
WARNING: [HLS 200-1016] The critical path in module 'top_Pipeline_VITIS_LOOP_139_4' consists of the following:
	'fmul' operation 32 bit ('mul38_i', top_cmplx.cpp:46->top_cmplx.cpp:146) [562]  (8.419 ns)
	'fadd' operation 32 bit ('R.imag', top_cmplx.cpp:46->top_cmplx.cpp:146) [564]  (6.437 ns)

INFO: [SCHED 204-11] Finished scheduling.
INFO: [HLS 200-111] Finished Scheduling: CPU user time: 0 seconds. CPU system time: 0 seconds. Elapsed time: 0.683 seconds; current allocated memory: 262.578 MB.
INFO: [BIND 205-100] Starting micro-architecture generation ...
INFO: [BIND 205-101] Performing variable lifetime analysis.
INFO: [BIND 205-101] Exploring resource sharing.
INFO: [BIND 205-101] Binding ...
INFO: [BIND 205-100] Finished micro-architecture generation.
INFO: [HLS 200-111] Finished Binding: CPU user time: 1 seconds. CPU system time: 0 seconds. Elapsed time: 0.258 seconds; current allocated memory: 262.621 MB.
INFO: [HLS 200-10] ----------------------------------------------------------------
INFO: [HLS 200-42] -- Implementing module 'top_Pipeline_VITIS_LOOP_160_5' 
INFO: [HLS 200-10] ----------------------------------------------------------------
INFO: [SCHED 204-11] Starting scheduling ...
INFO: [SCHED 204-61] Pipelining loop 'VITIS_LOOP_160_5'.
WARNING: [HLS 200-880] The II Violation in module 'top_Pipeline_VITIS_LOOP_160_5' (loop 'VITIS_LOOP_160_5'): Unable to enforce a carried dependence constraint (II = 1, distance = 1, offset = 0) between 'store' operation 0 bit ('mux_case_0272_out_write_ln168', top_cmplx.cpp:168) of variable 'Q.real', top_cmplx.cpp:168 on local variable 'mux_case_0272_out' and 'load' operation 32 bit ('mux_case_0272_out_load', top_cmplx.cpp:162) on local variable 'mux_case_0272_out'.
WARNING: [HLS 200-880] The II Violation in module 'top_Pipeline_VITIS_LOOP_160_5' (loop 'VITIS_LOOP_160_5'): Unable to enforce a carried dependence constraint (II = 2, distance = 1, offset = 0) between 'store' operation 0 bit ('mux_case_0272_out_write_ln168', top_cmplx.cpp:168) of variable 'Q.real', top_cmplx.cpp:168 on local variable 'mux_case_0272_out' and 'load' operation 32 bit ('mux_case_0272_out_load', top_cmplx.cpp:162) on local variable 'mux_case_0272_out'.
WARNING: [HLS 200-880] The II Violation in module 'top_Pipeline_VITIS_LOOP_160_5' (loop 'VITIS_LOOP_160_5'): Unable to enforce a carried dependence constraint (II = 3, distance = 1, offset = 0) between 'store' operation 0 bit ('mux_case_0272_out_write_ln168', top_cmplx.cpp:168) of variable 'Q.real', top_cmplx.cpp:168 on local variable 'mux_case_0272_out' and 'load' operation 32 bit ('mux_case_0272_out_load', top_cmplx.cpp:162) on local variable 'mux_case_0272_out'.
WARNING: [HLS 200-880] The II Violation in module 'top_Pipeline_VITIS_LOOP_160_5' (loop 'VITIS_LOOP_160_5'): Unable to enforce a carried dependence constraint (II = 4, distance = 1, offset = 0) between 'store' operation 0 bit ('mux_case_0272_out_write_ln168', top_cmplx.cpp:168) of variable 'Q.real', top_cmplx.cpp:168 on local variable 'mux_case_0272_out' and 'load' operation 32 bit ('mux_case_0272_out_load', top_cmplx.cpp:162) on local variable 'mux_case_0272_out'.
WARNING: [HLS 200-880] The II Violation in module 'top_Pipeline_VITIS_LOOP_160_5' (loop 'VITIS_LOOP_160_5'): Unable to enforce a carried dependence constraint (II = 5, distance = 1, offset = 0) between 'store' operation 0 bit ('mux_case_0272_out_write_ln168', top_cmplx.cpp:168) of variable 'Q.real', top_cmplx.cpp:168 on local variable 'mux_case_0272_out' and 'load' operation 32 bit ('mux_case_0272_out_load', top_cmplx.cpp:162) on local variable 'mux_case_0272_out'.
INFO: [HLS 200-1470] Pipelining result : Target II = NA, Final II = 6, Depth = 7, loop 'VITIS_LOOP_160_5'
INFO: [SCHED 204-11] Finished scheduling.
INFO: [HLS 200-111] Finished Scheduling: CPU user time: 0 seconds. CPU system time: 0 seconds. Elapsed time: 0.623 seconds; current allocated memory: 263.648 MB.
INFO: [BIND 205-100] Starting micro-architecture generation ...
INFO: [BIND 205-101] Performing variable lifetime analysis.
INFO: [BIND 205-101] Exploring resource sharing.
INFO: [BIND 205-101] Binding ...
INFO: [BIND 205-100] Finished micro-architecture generation.
INFO: [HLS 200-111] Finished Binding: CPU user time: 0 seconds. CPU system time: 0 seconds. Elapsed time: 0.183 seconds; current allocated memory: 263.855 MB.
INFO: [HLS 200-10] ----------------------------------------------------------------
INFO: [HLS 200-42] -- Implementing module 'top_Pipeline_VITIS_LOOP_181_6_VITIS_LOOP_183_7' 
INFO: [HLS 200-10] ----------------------------------------------------------------
INFO: [SCHED 204-11] Starting scheduling ...
INFO: [SCHED 204-61] Pipelining loop 'VITIS_LOOP_181_6_VITIS_LOOP_183_7'.
INFO: [HLS 200-1470] Pipelining result : Target II = NA, Final II = 1, Depth = 1, loop 'VITIS_LOOP_181_6_VITIS_LOOP_183_7'
INFO: [SCHED 204-11] Finished scheduling.
INFO: [HLS 200-111] Finished Scheduling: CPU user time: 0 seconds. CPU system time: 0 seconds. Elapsed time: 0.245 seconds; current allocated memory: 264.332 MB.
INFO: [BIND 205-100] Starting micro-architecture generation ...
INFO: [BIND 205-101] Performing variable lifetime analysis.
INFO: [BIND 205-101] Exploring resource sharing.
INFO: [BIND 205-101] Binding ...
INFO: [BIND 205-100] Finished micro-architecture generation.
INFO: [HLS 200-111] Finished Binding: CPU user time: 0 seconds. CPU system time: 0 seconds. Elapsed time: 0.154 seconds; current allocated memory: 264.426 MB.
INFO: [HLS 200-10] ----------------------------------------------------------------
INFO: [HLS 200-42] -- Implementing module 'top_Pipeline_VITIS_LOOP_189_8_VITIS_LOOP_191_9' 
INFO: [HLS 200-10] ----------------------------------------------------------------
INFO: [SCHED 204-11] Starting scheduling ...
INFO: [SCHED 204-61] Pipelining loop 'VITIS_LOOP_189_8_VITIS_LOOP_191_9'.
INFO: [HLS 200-1470] Pipelining result : Target II = NA, Final II = 1, Depth = 1, loop 'VITIS_LOOP_189_8_VITIS_LOOP_191_9'
INFO: [SCHED 204-11] Finished scheduling.
INFO: [HLS 200-111] Finished Scheduling: CPU user time: 0 seconds. CPU system time: 0 seconds. Elapsed time: 0.204 seconds; current allocated memory: 264.824 MB.
INFO: [BIND 205-100] Starting micro-architecture generation ...
INFO: [BIND 205-101] Performing variable lifetime analysis.
INFO: [BIND 205-101] Exploring resource sharing.
INFO: [BIND 205-101] Binding ...
INFO: [BIND 205-100] Finished micro-architecture generation.
INFO: [HLS 200-111] Finished Binding: CPU user time: 0 seconds. CPU system time: 0 seconds. Elapsed time: 0.145 seconds; current allocated memory: 264.996 MB.
INFO: [HLS 200-10] ----------------------------------------------------------------
INFO: [HLS 200-42] -- Implementing module 'top_Pipeline_WRITE_Q_VITIS_LOOP_204_10' 
INFO: [HLS 200-10] ----------------------------------------------------------------
INFO: [SCHED 204-11] Starting scheduling ...
INFO: [SCHED 204-61] Pipelining loop 'WRITE_Q_VITIS_LOOP_204_10'.
WARNING: [HLS 200-880] The II Violation in module 'top_Pipeline_WRITE_Q_VITIS_LOOP_204_10' (loop 'WRITE_Q_VITIS_LOOP_204_10'): Unable to enforce a carried dependence constraint (II = 1, distance = 1, offset = 1) between bus write operation ('memQ_addr_write_ln206', top_cmplx.cpp:206) on port 'memQ' (top_cmplx.cpp:206) and bus write operation ('memQ_addr_write_ln206', top_cmplx.cpp:206) on port 'memQ' (top_cmplx.cpp:206).
INFO: [HLS 200-1470] Pipelining result : Target II = NA, Final II = 2, Depth = 11, loop 'WRITE_Q_VITIS_LOOP_204_10'
INFO: [SCHED 204-11] Finished scheduling.
INFO: [HLS 200-111] Finished Scheduling: CPU user time: 1 seconds. CPU system time: 0 seconds. Elapsed time: 0.226 seconds; current allocated memory: 265.922 MB.
INFO: [BIND 205-100] Starting micro-architecture generation ...
INFO: [BIND 205-101] Performing variable lifetime analysis.
INFO: [BIND 205-101] Exploring resource sharing.
INFO: [BIND 205-101] Binding ...
INFO: [BIND 205-100] Finished micro-architecture generation.
INFO: [HLS 200-111] Finished Binding: CPU user time: 0 seconds. CPU system time: 0 seconds. Elapsed time: 0.139 seconds; current allocated memory: 266.301 MB.
INFO: [HLS 200-10] ----------------------------------------------------------------
INFO: [HLS 200-42] -- Implementing module 'top_Pipeline_WRITE_R_VITIS_LOOP_213_11' 
INFO: [HLS 200-10] ----------------------------------------------------------------
INFO: [SCHED 204-11] Starting scheduling ...
INFO: [SCHED 204-61] Pipelining loop 'WRITE_R_VITIS_LOOP_213_11'.
WARNING: [HLS 200-880] The II Violation in module 'top_Pipeline_WRITE_R_VITIS_LOOP_213_11' (loop 'WRITE_R_VITIS_LOOP_213_11'): Unable to enforce a carried dependence constraint (II = 1, distance = 1, offset = 1) between bus write operation ('memR_addr_write_ln215', top_cmplx.cpp:215) on port 'memR' (top_cmplx.cpp:215) and bus write operation ('memR_addr_write_ln215', top_cmplx.cpp:215) on port 'memR' (top_cmplx.cpp:215).
INFO: [HLS 200-1470] Pipelining result : Target II = NA, Final II = 2, Depth = 11, loop 'WRITE_R_VITIS_LOOP_213_11'
INFO: [SCHED 204-11] Finished scheduling.
INFO: [HLS 200-111] Finished Scheduling: CPU user time: 0 seconds. CPU system time: 0 seconds. Elapsed time: 0.23 seconds; current allocated memory: 266.863 MB.
INFO: [BIND 205-100] Starting micro-architecture generation ...
INFO: [BIND 205-101] Performing variable lifetime analysis.
INFO: [BIND 205-101] Exploring resource sharing.
INFO: [BIND 205-101] Binding ...
INFO: [BIND 205-100] Finished micro-architecture generation.
INFO: [HLS 200-111] Finished Binding: CPU user time: 0 seconds. CPU system time: 0 seconds. Elapsed time: 0.157 seconds; current allocated memory: 266.895 MB.
INFO: [HLS 200-10] ----------------------------------------------------------------
INFO: [HLS 200-42] -- Implementing module 'top' 
INFO: [HLS 200-10] ----------------------------------------------------------------
INFO: [SCHED 204-11] Starting scheduling ...
INFO: [SCHED 204-11] Finished scheduling.
INFO: [HLS 200-111] Finished Scheduling: CPU user time: 0 seconds. CPU system time: 0 seconds. Elapsed time: 0.508 seconds; current allocated memory: 278.387 MB.
INFO: [BIND 205-100] Starting micro-architecture generation ...
INFO: [BIND 205-101] Performing variable lifetime analysis.
INFO: [BIND 205-101] Exploring resource sharing.
INFO: [BIND 205-101] Binding ...
INFO: [BIND 205-100] Finished micro-architecture generation.
INFO: [HLS 200-111] Finished Binding: CPU user time: 0 seconds. CPU system time: 0 seconds. Elapsed time: 0.372 seconds; current allocated memory: 278.797 MB.
INFO: [HLS 200-10] ----------------------------------------------------------------
INFO: [HLS 200-10] -- Generating RTL for module 'top_Pipeline_READ_INIT_VITIS_LOOP_87_1' 
INFO: [HLS 200-10] ----------------------------------------------------------------
INFO: [HLS 200-1030] Apply Unified Pipeline Control on module 'top_Pipeline_READ_INIT_VITIS_LOOP_87_1' pipeline 'READ_INIT_VITIS_LOOP_87_1' pipeline type 'loop pipeline'
INFO: [RTGEN 206-100] Finished creating RTL model for 'top_Pipeline_READ_INIT_VITIS_LOOP_87_1'.
INFO: [HLS 200-111] Finished Creating RTL model: CPU user time: 1 seconds. CPU system time: 0 seconds. Elapsed time: 0.356 seconds; current allocated memory: 280.441 MB.
INFO: [HLS 200-10] ----------------------------------------------------------------
INFO: [HLS 200-10] -- Generating RTL for module 'top_Pipeline_VITIS_LOOP_139_4' 
INFO: [HLS 200-10] ----------------------------------------------------------------
INFO: [HLS 200-1030] Apply Unified Pipeline Control on module 'top_Pipeline_VITIS_LOOP_139_4' pipeline 'VITIS_LOOP_139_4' pipeline type 'loop pipeline'
INFO: [RTGEN 206-100] Generating core module 'fadd_32ns_32ns_32_4_full_dsp_1': 2 instance(s).
INFO: [RTGEN 206-100] Generating core module 'faddfsub_32ns_32ns_32_4_full_dsp_1': 2 instance(s).
INFO: [RTGEN 206-100] Generating core module 'fmul_32ns_32ns_32_2_max_dsp_1': 8 instance(s).
INFO: [RTGEN 206-100] Generating core module 'sparsemux_13_3_32_1_1': 4 instance(s).
INFO: [RTGEN 206-100] Generating core module 'sparsemux_9_2_32_1_1': 14 instance(s).
INFO: [RTGEN 206-100] Finished creating RTL model for 'top_Pipeline_VITIS_LOOP_139_4'.
INFO: [HLS 200-111] Finished Creating RTL model: CPU user time: 0 seconds. CPU system time: 1 seconds. Elapsed time: 0.826 seconds; current allocated memory: 286.172 MB.
INFO: [HLS 200-10] ----------------------------------------------------------------
INFO: [HLS 200-10] -- Generating RTL for module 'top_Pipeline_VITIS_LOOP_160_5' 
INFO: [HLS 200-10] ----------------------------------------------------------------
INFO: [HLS 200-1030] Apply Unified Pipeline Control on module 'top_Pipeline_VITIS_LOOP_160_5' pipeline 'VITIS_LOOP_160_5' pipeline type 'loop pipeline'
INFO: [RTGEN 206-100] Generating core module 'fadd_32ns_32ns_32_4_full_dsp_1': 2 instance(s).
INFO: [RTGEN 206-100] Generating core module 'faddfsub_32ns_32ns_32_4_full_dsp_1': 2 instance(s).
INFO: [RTGEN 206-100] Generating core module 'fmul_32ns_32ns_32_2_max_dsp_1': 8 instance(s).
INFO: [RTGEN 206-100] Generating core module 'sparsemux_13_3_32_1_1': 4 instance(s).
INFO: [RTGEN 206-100] Generating core module 'sparsemux_9_2_32_1_1': 14 instance(s).
INFO: [RTGEN 206-100] Finished creating RTL model for 'top_Pipeline_VITIS_LOOP_160_5'.
INFO: [HLS 200-111] Finished Creating RTL model: CPU user time: 0 seconds. CPU system time: 0 seconds. Elapsed time: 1.129 seconds; current allocated memory: 297.707 MB.
INFO: [HLS 200-10] ----------------------------------------------------------------
INFO: [HLS 200-10] -- Generating RTL for module 'top_Pipeline_VITIS_LOOP_181_6_VITIS_LOOP_183_7' 
INFO: [HLS 200-10] ----------------------------------------------------------------
INFO: [RTGEN 206-100] Generating core module 'sparsemux_15_3_32_1_1': 2 instance(s).
INFO: [RTGEN 206-100] Generating core module 'sparsemux_9_2_32_1_1': 14 instance(s).
INFO: [RTGEN 206-100] Finished creating RTL model for 'top_Pipeline_VITIS_LOOP_181_6_VITIS_LOOP_183_7'.
INFO: [HLS 200-111] Finished Creating RTL model: CPU user time: 1 seconds. CPU system time: 1 seconds. Elapsed time: 0.69 seconds; current allocated memory: 302.910 MB.
INFO: [HLS 200-10] ----------------------------------------------------------------
INFO: [HLS 200-10] -- Generating RTL for module 'top_Pipeline_VITIS_LOOP_189_8_VITIS_LOOP_191_9' 
INFO: [HLS 200-10] ----------------------------------------------------------------
INFO: [RTGEN 206-100] Generating core module 'sparsemux_9_2_32_1_1': 10 instance(s).
INFO: [RTGEN 206-100] Finished creating RTL model for 'top_Pipeline_VITIS_LOOP_189_8_VITIS_LOOP_191_9'.
INFO: [HLS 200-111] Finished Creating RTL model: CPU user time: 0 seconds. CPU system time: 0 seconds. Elapsed time: 0.326 seconds; current allocated memory: 305.820 MB.
INFO: [HLS 200-10] ----------------------------------------------------------------
INFO: [HLS 200-10] -- Generating RTL for module 'top_Pipeline_WRITE_Q_VITIS_LOOP_204_10' 
INFO: [HLS 200-10] ----------------------------------------------------------------
INFO: [HLS 200-1030] Apply Unified Pipeline Control on module 'top_Pipeline_WRITE_Q_VITIS_LOOP_204_10' pipeline 'WRITE_Q_VITIS_LOOP_204_10' pipeline type 'loop pipeline'
INFO: [RTGEN 206-100] Generating core module 'sparsemux_9_2_32_1_1': 2 instance(s).
INFO: [RTGEN 206-100] Finished creating RTL model for 'top_Pipeline_WRITE_Q_VITIS_LOOP_204_10'.
INFO: [HLS 200-111] Finished Creating RTL model: CPU user time: 0 seconds. CPU system time: 0 seconds. Elapsed time: 0.346 seconds; current allocated memory: 308.586 MB.
INFO: [HLS 200-10] ----------------------------------------------------------------
INFO: [HLS 200-10] -- Generating RTL for module 'top_Pipeline_WRITE_R_VITIS_LOOP_213_11' 
INFO: [HLS 200-10] ----------------------------------------------------------------
INFO: [HLS 200-1030] Apply Unified Pipeline Control on module 'top_Pipeline_WRITE_R_VITIS_LOOP_213_11' pipeline 'WRITE_R_VITIS_LOOP_213_11' pipeline type 'loop pipeline'
INFO: [RTGEN 206-100] Generating core module 'sparsemux_9_2_32_1_1': 2 instance(s).
INFO: [RTGEN 206-100] Finished creating RTL model for 'top_Pipeline_WRITE_R_VITIS_LOOP_213_11'.
INFO: [HLS 200-111] Finished Creating RTL model: CPU user time: 0 seconds. CPU system time: 0 seconds. Elapsed time: 0.424 seconds; current allocated memory: 311.238 MB.
INFO: [HLS 200-10] ----------------------------------------------------------------
INFO: [HLS 200-10] -- Generating RTL for module 'top' 
INFO: [HLS 200-10] ----------------------------------------------------------------
WARNING: [RTGEN 206-101] Design contains AXI ports. Reset is fixed to synchronous and active low.
INFO: [RTGEN 206-500] Setting interface mode on port 'top/memA' to 'm_axi'.
INFO: [RTGEN 206-500] Setting interface mode on port 'top/memQ' to 'm_axi'.
INFO: [RTGEN 206-500] Setting interface mode on port 'top/memR' to 'm_axi'.
INFO: [RTGEN 206-500] Setting interface mode on port 'top/A_DRAM' to 's_axilite & ap_none'.
INFO: [RTGEN 206-500] Setting interface mode on port 'top/Q_DRAM' to 's_axilite & ap_none'.
INFO: [RTGEN 206-500] Setting interface mode on port 'top/R_DRAM' to 's_axilite & ap_none'.
INFO: [RTGEN 206-500] Setting interface mode on function 'top' to 's_axilite & ap_ctrl_hs'.
INFO: [RTGEN 206-100] Bundling port 'A_DRAM', 'Q_DRAM', 'R_DRAM' and 'return' to AXI-Lite port control.
INFO: [RTGEN 206-100] Generating core module 'fadd_32ns_32ns_32_4_full_dsp_1': 2 instance(s).
INFO: [RTGEN 206-100] Generating core module 'faddfsub_32ns_32ns_32_4_full_dsp_1': 2 instance(s).
INFO: [RTGEN 206-100] Generating core module 'fcmp_32ns_32ns_1_2_no_dsp_1': 1 instance(s).
INFO: [RTGEN 206-100] Generating core module 'fdiv_32ns_32ns_32_8_no_dsp_1': 2 instance(s).
INFO: [RTGEN 206-100] Generating core module 'fmul_32ns_32ns_32_2_max_dsp_1': 8 instance(s).
INFO: [RTGEN 206-100] Generating core module 'fsqrt_32ns_32ns_32_7_no_dsp_1': 2 instance(s).
INFO: [RTGEN 206-100] Generating core module 'sparsemux_13_3_32_1_1': 4 instance(s).
INFO: [RTGEN 206-100] Generating core module 'sparsemux_9_2_32_1_1': 14 instance(s).
INFO: [RTGEN 206-100] Finished creating RTL model for 'top'.
INFO: [RTMG 210-278] Implementing memory 'top_Q_out_real_RAM_AUTO_1R1W' using auto RAMs.
INFO: [HLS 200-111] Finished Creating RTL model: CPU user time: 1 seconds. CPU system time: 0 seconds. Elapsed time: 1.244 seconds; current allocated memory: 325.410 MB.
INFO: [HLS 200-111] Finished Generating all RTL models: CPU user time: 0 seconds. CPU system time: 1 seconds. Elapsed time: 1.862 seconds; current allocated memory: 341.746 MB.
INFO: [HLS 200-111] Finished Updating report files: CPU user time: 2 seconds. CPU system time: 0 seconds. Elapsed time: 3.299 seconds; current allocated memory: 355.031 MB.
INFO: [VHDL 208-304] Generating VHDL RTL for top.
INFO: [VLOG 209-307] Generating Verilog RTL for top.
INFO: [HLS 200-790] **** Loop Constraint Status: All loop constraints were NOT satisfied.
INFO: [HLS 200-789] **** Estimated Fmax: 67.31 MHz
INFO: [HLS 200-111] Finished Command csynth_design CPU user time: 10 seconds. CPU system time: 3 seconds. Elapsed time: 47.826 seconds; current allocated memory: 222.703 MB.
==============================================================
Vitis HLS - High-Level Synthesis from C, C++ and OpenCL v2023.2 (64-bit)
Tool Version Limit: 2023.10
Copyright 1986-2022 Xilinx, Inc. All Rights Reserved.
Copyright 2022-2023 Advanced Micro Devices, Inc. All Rights Reserved.

==============================================================
INFO: [SYN 201-201] Setting up clock 'default' with a period of 10ns.
INFO: [SYN 201-201] Setting up clock 'default' with an uncertainty of 1.25ns.
INFO: [HLS 200-1611] Setting target device to 'xczu7ev-ffvc1156-2-e'
INFO: [HLS 200-1505] Using flow_target 'vivado'
INFO: [HLS 200-1464] Running solution command: config_cosim -tool=xsim
INFO: [HLS 200-1464] Running solution command: config_cosim -trace_level=all
INFO: [HLS 200-1464] Running solution command: config_export -format=ip_catalog
INFO: [HLS 200-1464] Running solution command: config_export -output=C:/Users/varad/OneDrive/Documents/GitHub/Matrix_Inversion/COMPLEX_QR/IP_INTRFACE_DRAM_BRAM_BASIC
INFO: [HLS 200-1464] Running solution command: config_export -rtl=verilog
INFO: [HLS 200-1510] Running: set_part xczu7ev-ffvc1156-2-e 
INFO: [HLS 200-1510] Running: create_clock -period 10 -name default 
INFO: [HLS 200-1510] Running: config_cosim -tool xsim -trace_level all 
INFO: [HLS 200-1510] Running: config_export -format ip_catalog -output C:/Users/varad/OneDrive/Documents/GitHub/Matrix_Inversion/COMPLEX_QR/IP_INTRFACE_DRAM_BRAM_BASIC -rtl verilog 
INFO: [HLS 200-1510] Running: set_clock_uncertainty 1.25 
INFO: [HLS 200-1510] Running: source ./CGR_QR_WBS/solution1/directives.tcl
INFO: [HLS 200-1510] Running: set_directive_top -name top top 
INFO: [HLS 200-1510] Running: csynth_design 
INFO: [HLS 200-111] Finished File checks and directory preparation: CPU user time: 0 seconds. CPU system time: 0 seconds. Elapsed time: 0.124 seconds; current allocated memory: 138.297 MB.
INFO: [HLS 200-10] Analyzing design file 'fns_cmplx.cpp' ... 
INFO: [HLS 200-10] Analyzing design file 'top_cmplx.cpp' ... 
INFO: [HLS 200-111] Finished Source Code Analysis and Preprocessing: CPU user time: 1 seconds. CPU system time: 0 seconds. Elapsed time: 20.697 seconds; current allocated memory: 144.332 MB.
INFO: [HLS 200-777] Using interface defaults for 'Vivado' flow target.
INFO: [HLS 200-1995] There were 501 instructions in the design after the 'Compile/Link' phase of compilation. See the Design Size Report for more details: C:/Users/varad/OneDrive/Documents/GitHub/Matrix_Inversion/COMPLEX_QR/CGR_QR_WBS/solution1/syn/report/csynth_design_size.rpt
INFO: [HLS 200-1995] There were 541 instructions in the design after the 'Unroll/Inline (step 1)' phase of compilation. See the Design Size Report for more details: C:/Users/varad/OneDrive/Documents/GitHub/Matrix_Inversion/COMPLEX_QR/CGR_QR_WBS/solution1/syn/report/csynth_design_size.rpt
INFO: [HLS 200-1995] There were 380 instructions in the design after the 'Unroll/Inline (step 2)' phase of compilation. See the Design Size Report for more details: C:/Users/varad/OneDrive/Documents/GitHub/Matrix_Inversion/COMPLEX_QR/CGR_QR_WBS/solution1/syn/report/csynth_design_size.rpt
INFO: [HLS 200-1995] There were 347 instructions in the design after the 'Unroll/Inline (step 3)' phase of compilation. See the Design Size Report for more details: C:/Users/varad/OneDrive/Documents/GitHub/Matrix_Inversion/COMPLEX_QR/CGR_QR_WBS/solution1/syn/report/csynth_design_size.rpt
INFO: [HLS 200-1995] There were 320 instructions in the design after the 'Unroll/Inline (step 4)' phase of compilation. See the Design Size Report for more details: C:/Users/varad/OneDrive/Documents/GitHub/Matrix_Inversion/COMPLEX_QR/CGR_QR_WBS/solution1/syn/report/csynth_design_size.rpt
INFO: [HLS 200-1995] There were 3,823 instructions in the design after the 'Array/Struct (step 1)' phase of compilation. See the Design Size Report for more details: C:/Users/varad/OneDrive/Documents/GitHub/Matrix_Inversion/COMPLEX_QR/CGR_QR_WBS/solution1/syn/report/csynth_design_size.rpt
INFO: [HLS 200-1995] There were 2,461 instructions in the design after the 'Array/Struct (step 2)' phase of compilation. See the Design Size Report for more details: C:/Users/varad/OneDrive/Documents/GitHub/Matrix_Inversion/COMPLEX_QR/CGR_QR_WBS/solution1/syn/report/csynth_design_size.rpt
INFO: [HLS 200-1995] There were 2,461 instructions in the design after the 'Array/Struct (step 3)' phase of compilation. See the Design Size Report for more details: C:/Users/varad/OneDrive/Documents/GitHub/Matrix_Inversion/COMPLEX_QR/CGR_QR_WBS/solution1/syn/report/csynth_design_size.rpt
INFO: [HLS 200-1995] There were 2,319 instructions in the design after the 'Array/Struct (step 4)' phase of compilation. See the Design Size Report for more details: C:/Users/varad/OneDrive/Documents/GitHub/Matrix_Inversion/COMPLEX_QR/CGR_QR_WBS/solution1/syn/report/csynth_design_size.rpt
INFO: [HLS 200-1995] There were 2,554 instructions in the design after the 'Array/Struct (step 5)' phase of compilation. See the Design Size Report for more details: C:/Users/varad/OneDrive/Documents/GitHub/Matrix_Inversion/COMPLEX_QR/CGR_QR_WBS/solution1/syn/report/csynth_design_size.rpt
INFO: [HLS 200-1995] There were 2,169 instructions in the design after the 'Performance (step 1)' phase of compilation. See the Design Size Report for more details: C:/Users/varad/OneDrive/Documents/GitHub/Matrix_Inversion/COMPLEX_QR/CGR_QR_WBS/solution1/syn/report/csynth_design_size.rpt
INFO: [HLS 200-1995] There were 2,145 instructions in the design after the 'Performance (step 2)' phase of compilation. See the Design Size Report for more details: C:/Users/varad/OneDrive/Documents/GitHub/Matrix_Inversion/COMPLEX_QR/CGR_QR_WBS/solution1/syn/report/csynth_design_size.rpt
INFO: [HLS 200-1995] There were 2,145 instructions in the design after the 'Performance (step 3)' phase of compilation. See the Design Size Report for more details: C:/Users/varad/OneDrive/Documents/GitHub/Matrix_Inversion/COMPLEX_QR/CGR_QR_WBS/solution1/syn/report/csynth_design_size.rpt
INFO: [HLS 200-1995] There were 2,068 instructions in the design after the 'Performance (step 4)' phase of compilation. See the Design Size Report for more details: C:/Users/varad/OneDrive/Documents/GitHub/Matrix_Inversion/COMPLEX_QR/CGR_QR_WBS/solution1/syn/report/csynth_design_size.rpt
INFO: [HLS 200-1995] There were 2,141 instructions in the design after the 'HW Transforms (step 1)' phase of compilation. See the Design Size Report for more details: C:/Users/varad/OneDrive/Documents/GitHub/Matrix_Inversion/COMPLEX_QR/CGR_QR_WBS/solution1/syn/report/csynth_design_size.rpt
INFO: [HLS 200-1995] There were 2,192 instructions in the design after the 'HW Transforms (step 2)' phase of compilation. See the Design Size Report for more details: C:/Users/varad/OneDrive/Documents/GitHub/Matrix_Inversion/COMPLEX_QR/CGR_QR_WBS/solution1/syn/report/csynth_design_size.rpt
INFO: [HLS 214-291] Loop 'VITIS_LOOP_140_4' is marked as complete unroll implied by the pipeline pragma (top_cmplx.cpp:140:20)
INFO: [HLS 214-186] Unrolling loop 'VITIS_LOOP_140_4' (top_cmplx.cpp:140:20) in function 'top' completely with a factor of 4 (top_cmplx.cpp:56:0)
INFO: [HLS 214-178] Inlining function 'std::sqrt(float)' into 'compute_givens_rotation(float, float, float&, float&)' (top_cmplx.cpp:6:0)
INFO: [HLS 214-178] Inlining function 'std::sqrt(float)' into 'top(re_im (*) [4], re_im (*) [4], re_im (*) [4])' (top_cmplx.cpp:56:0)
INFO: [HLS 214-178] Inlining function 'compute_givens_rotation(float, float, float&, float&)' into 'top(re_im (*) [4], re_im (*) [4], re_im (*) [4])' (top_cmplx.cpp:56:0)
INFO: [HLS 214-178] Inlining function 'rotate_rows(re_im (*) [4], int, int, float, float, int)' into 'top(re_im (*) [4], re_im (*) [4], re_im (*) [4])' (top_cmplx.cpp:56:0)
INFO: [HLS 214-248] Applying array_partition to 'Q.real': Complete partitioning on dimension 1. Complete partitioning on dimension 2. (top_cmplx.cpp:67:7)
INFO: [HLS 214-248] Applying array_partition to 'Q.imag': Complete partitioning on dimension 1. Complete partitioning on dimension 2. (top_cmplx.cpp:67:7)
INFO: [HLS 214-248] Applying array_partition to 'R.real': Complete partitioning on dimension 1. Complete partitioning on dimension 2. (top_cmplx.cpp:68:7)
INFO: [HLS 214-248] Applying array_partition to 'R.imag': Complete partitioning on dimension 1. Complete partitioning on dimension 2. (top_cmplx.cpp:68:7)
INFO: [HLS 214-248] Applying array_partition to 'Q_out.real': Complete partitioning on dimension 2. (top_cmplx.cpp:70:7)
INFO: [HLS 214-248] Applying array_partition to 'Q_out.imag': Complete partitioning on dimension 2. (top_cmplx.cpp:70:7)
INFO: [HLS 214-248] Applying array_partition to 'R_out.real': Complete partitioning on dimension 2. (top_cmplx.cpp:71:7)
INFO: [HLS 214-248] Applying array_partition to 'R_out.imag': Complete partitioning on dimension 2. (top_cmplx.cpp:71:7)
INFO: [HLS 214-376] automatically set the pipeline for Loop< VITIS_LOOP_87_1> at top_cmplx.cpp:87:22 
INFO: [HLS 214-376] automatically set the pipeline for Loop< VITIS_LOOP_119_2> at top_cmplx.cpp:119:23 
INFO: [HLS 214-376] automatically set the pipeline for Loop< VITIS_LOOP_183_7> at top_cmplx.cpp:183:23 
INFO: [HLS 214-376] automatically set the pipeline for Loop< VITIS_LOOP_191_9> at top_cmplx.cpp:191:23 
INFO: [HLS 214-376] automatically set the pipeline for Loop< VITIS_LOOP_204_10> at top_cmplx.cpp:204:24 
INFO: [HLS 214-376] automatically set the pipeline for Loop< VITIS_LOOP_213_11> at top_cmplx.cpp:213:24 
INFO: [HLS 214-291] Loop 'VITIS_LOOP_160_5' is marked as complete unroll implied by the pipeline pragma (top_cmplx.cpp:160:27)
INFO: [HLS 214-186] Unrolling loop 'VITIS_LOOP_160_5' (top_cmplx.cpp:160:27) in function 'top' completely with a factor of 4 (top_cmplx.cpp:56:0)
INFO: [HLS 200-111] Finished Compiling Optimization and Transform: CPU user time: 0 seconds. CPU system time: 0 seconds. Elapsed time: 8.644 seconds; current allocated memory: 145.863 MB.
INFO: [HLS 200-111] Finished Checking Pragmas: CPU user time: 0 seconds. CPU system time: 0 seconds. Elapsed time: 0.008 seconds; current allocated memory: 145.863 MB.
INFO: [HLS 200-10] Starting code transformations ...
INFO: [HLS 200-111] Finished Standard Transforms: CPU user time: 0 seconds. CPU system time: 0 seconds. Elapsed time: 0.242 seconds; current allocated memory: 158.637 MB.
INFO: [HLS 200-10] Checking synthesizability ...
INFO: [HLS 200-111] Finished Checking Synthesizability: CPU user time: 0 seconds. CPU system time: 0 seconds. Elapsed time: 0.187 seconds; current allocated memory: 161.027 MB.
INFO: [XFORM 203-401] Performing if-conversion on hyperblock from (top_cmplx.cpp:87:30) to (top_cmplx.cpp:98:12) in function 'top'... converting 30 basic blocks.
INFO: [XFORM 203-401] Performing if-conversion on hyperblock from (top_cmplx.cpp:121:15) to (top_cmplx.cpp:45:20) in function 'top'... converting 26 basic blocks.
INFO: [XFORM 203-401] Performing if-conversion on hyperblock from (top_cmplx.cpp:32:62) to (top_cmplx.cpp:45:20) in function 'top'... converting 20 basic blocks.
INFO: [XFORM 203-401] Performing if-conversion on hyperblock from (top_cmplx.cpp:32:62) to (top_cmplx.cpp:46:20) in function 'top'... converting 22 basic blocks.
INFO: [XFORM 203-401] Performing if-conversion on hyperblock from (top_cmplx.cpp:32:62) to (top_cmplx.cpp:46:20) in function 'top'... converting 19 basic blocks.
INFO: [XFORM 203-11] Balancing expressions in function 'top' (top_cmplx.cpp:7:20)...25 expression(s) balanced.
INFO: [HLS 200-111] Finished Loop, function and other optimizations: CPU user time: 1 seconds. CPU system time: 0 seconds. Elapsed time: 0.977 seconds; current allocated memory: 188.500 MB.
INFO: [HLS 200-2061] Successfully converted nested loops 'READ_INIT'(top_cmplx.cpp:85:1) and 'VITIS_LOOP_87_1'(top_cmplx.cpp:87:22) in function 'top' into perfectly nested loops.
INFO: [HLS 200-2061] Successfully converted nested loops 'VITIS_LOOP_181_6'(top_cmplx.cpp:181:19) and 'VITIS_LOOP_183_7'(top_cmplx.cpp:183:23) in function 'top' into perfectly nested loops.
INFO: [HLS 200-2061] Successfully converted nested loops 'VITIS_LOOP_189_8'(top_cmplx.cpp:189:19) and 'VITIS_LOOP_191_9'(top_cmplx.cpp:191:23) in function 'top' into perfectly nested loops.
INFO: [HLS 200-2061] Successfully converted nested loops 'WRITE_Q'(top_cmplx.cpp:202:1) and 'VITIS_LOOP_204_10'(top_cmplx.cpp:204:24) in function 'top' into perfectly nested loops.
INFO: [HLS 200-2061] Successfully converted nested loops 'WRITE_R'(top_cmplx.cpp:211:1) and 'VITIS_LOOP_213_11'(top_cmplx.cpp:213:24) in function 'top' into perfectly nested loops.
INFO: [XFORM 203-541] Flattening a loop nest 'READ_INIT' (top_cmplx.cpp:85:1) in function 'top'.
WARNING: [HLS 200-960] Cannot flatten loop 'GIVENS_QRD' (top_cmplx.cpp:117:1) in function 'top' the outer loop is not a perfect loop because either the parent loop or the sub loop has no invariant trip count.
INFO: [XFORM 203-541] Flattening a loop nest 'VITIS_LOOP_181_6' (top_cmplx.cpp:181:19) in function 'top'.
INFO: [XFORM 203-541] Flattening a loop nest 'VITIS_LOOP_189_8' (top_cmplx.cpp:189:19) in function 'top'.
INFO: [XFORM 203-541] Flattening a loop nest 'WRITE_Q' (top_cmplx.cpp:202:1) in function 'top'.
INFO: [XFORM 203-541] Flattening a loop nest 'WRITE_R' (top_cmplx.cpp:211:1) in function 'top'.
INFO: [HLS 200-111] Finished Architecture Synthesis: CPU user time: 1 seconds. CPU system time: 0 seconds. Elapsed time: 0.968 seconds; current allocated memory: 256.375 MB.
INFO: [HLS 200-10] Starting hardware synthesis ...
INFO: [HLS 200-10] Synthesizing 'top' ...
INFO: [HLS 200-10] ----------------------------------------------------------------
INFO: [HLS 200-42] -- Implementing module 'top_Pipeline_READ_INIT_VITIS_LOOP_87_1' 
INFO: [HLS 200-10] ----------------------------------------------------------------
INFO: [SCHED 204-11] Starting scheduling ...
INFO: [SCHED 204-61] Pipelining loop 'READ_INIT_VITIS_LOOP_87_1'.
WARNING: [HLS 200-885] The II Violation in module 'top_Pipeline_READ_INIT_VITIS_LOOP_87_1' (loop 'READ_INIT_VITIS_LOOP_87_1'): Unable to schedule bus request operation ('memA_load_1_req', top_cmplx.cpp:91) on port 'memA' (top_cmplx.cpp:91) due to limited memory ports (II = 1). Please consider using a memory core with more ports or partitioning the array.
INFO: [HLS 200-1470] Pipelining result : Target II = NA, Final II = 2, Depth = 12, loop 'READ_INIT_VITIS_LOOP_87_1'
INFO: [SCHED 204-11] Finished scheduling.
INFO: [HLS 200-111] Finished Scheduling: CPU user time: 0 seconds. CPU system time: 0 seconds. Elapsed time: 0.582 seconds; current allocated memory: 265.172 MB.
INFO: [BIND 205-100] Starting micro-architecture generation ...
INFO: [BIND 205-101] Performing variable lifetime analysis.
INFO: [BIND 205-101] Exploring resource sharing.
INFO: [BIND 205-101] Binding ...
INFO: [BIND 205-100] Finished micro-architecture generation.
INFO: [HLS 200-111] Finished Binding: CPU user time: 0 seconds. CPU system time: 0 seconds. Elapsed time: 0.174 seconds; current allocated memory: 266.367 MB.
INFO: [HLS 200-10] ----------------------------------------------------------------
INFO: [HLS 200-42] -- Implementing module 'top_Pipeline_VITIS_LOOP_119_2' 
INFO: [HLS 200-10] ----------------------------------------------------------------
INFO: [SCHED 204-11] Starting scheduling ...
INFO: [SCHED 204-61] Pipelining loop 'VITIS_LOOP_119_2'.
WARNING: [HLS 200-880] The II Violation in module 'top_Pipeline_VITIS_LOOP_119_2' (loop 'VITIS_LOOP_119_2'): Unable to enforce a carried dependence constraint (II = 1, distance = 1, offset = 1) between 'switch' operation 0 bit ('_ln41', top_cmplx.cpp:41->top_cmplx.cpp:146) and 'sparsemux' operation 32 bit ('ar', top_cmplx.cpp:124).
WARNING: [HLS 200-880] The II Violation in module 'top_Pipeline_VITIS_LOOP_119_2' (loop 'VITIS_LOOP_119_2'): Unable to enforce a carried dependence constraint (II = 2, distance = 1, offset = 1) between 'switch' operation 0 bit ('_ln41', top_cmplx.cpp:41->top_cmplx.cpp:146) and 'sparsemux' operation 32 bit ('ar', top_cmplx.cpp:124).
WARNING: [HLS 200-880] The II Violation in module 'top_Pipeline_VITIS_LOOP_119_2' (loop 'VITIS_LOOP_119_2'): Unable to enforce a carried dependence constraint (II = 3, distance = 1, offset = 1) between 'switch' operation 0 bit ('_ln41', top_cmplx.cpp:41->top_cmplx.cpp:146) and 'sparsemux' operation 32 bit ('ar', top_cmplx.cpp:124).
WARNING: [HLS 200-880] The II Violation in module 'top_Pipeline_VITIS_LOOP_119_2' (loop 'VITIS_LOOP_119_2'): Unable to enforce a carried dependence constraint (II = 4, distance = 1, offset = 1) between 'switch' operation 0 bit ('_ln41', top_cmplx.cpp:41->top_cmplx.cpp:146) and 'sparsemux' operation 32 bit ('ar', top_cmplx.cpp:124).
WARNING: [HLS 200-880] The II Violation in module 'top_Pipeline_VITIS_LOOP_119_2' (loop 'VITIS_LOOP_119_2'): Unable to enforce a carried dependence constraint (II = 35, distance = 1, offset = 1) between 'switch' operation 0 bit ('_ln41', top_cmplx.cpp:41->top_cmplx.cpp:146) and 'sparsemux' operation 32 bit ('ar', top_cmplx.cpp:124).
WARNING: [HLS 200-880] The II Violation in module 'top_Pipeline_VITIS_LOOP_119_2' (loop 'VITIS_LOOP_119_2'): Unable to enforce a carried dependence constraint (II = 51, distance = 1, offset = 1) between 'fsub' operation 32 bit ('R.real', top_cmplx.cpp:41->top_cmplx.cpp:146) and 'sparsemux' operation 32 bit ('tmp', top_cmplx.cpp:124).
WARNING: [HLS 200-880] The II Violation in module 'top_Pipeline_VITIS_LOOP_119_2' (loop 'VITIS_LOOP_119_2'): Unable to enforce a carried dependence constraint (II = 59, distance = 1, offset = 0) between 'store' operation 0 bit ('mux_case_3_write_ln41', top_cmplx.cpp:41->top_cmplx.cpp:146) of variable 'R.real' on local variable 'mux_case_3' and 'load' operation 32 bit ('mux_case_3_load') on local variable 'mux_case_3'.
WARNING: [HLS 200-880] The II Violation in module 'top_Pipeline_VITIS_LOOP_119_2' (loop 'VITIS_LOOP_119_2'): Unable to enforce a carried dependence constraint (II = 61, distance = 1, offset = 0) between 'store' operation 0 bit ('mux_case_090_write_ln41', top_cmplx.cpp:41->top_cmplx.cpp:146) of variable 'mux_case_09028845867628866786953750678278488', top_cmplx.cpp:41->top_cmplx.cpp:146 on local variable 'mux_case_090' and 'load' operation 32 bit ('mux_case_090_load') on local variable 'mux_case_090'.
INFO: [HLS 200-1470] Pipelining result : Target II = NA, Final II = 62, Depth = 64, loop 'VITIS_LOOP_119_2'
INFO: [SCHED 204-11] Finished scheduling.
INFO: [HLS 200-111] Finished Scheduling: CPU user time: 24 seconds. CPU system time: 0 seconds. Elapsed time: 24.314 seconds; current allocated memory: 334.719 MB.
INFO: [BIND 205-100] Starting micro-architecture generation ...
INFO: [BIND 205-101] Performing variable lifetime analysis.
INFO: [BIND 205-101] Exploring resource sharing.
INFO: [BIND 205-101] Binding ...
INFO: [BIND 205-100] Finished micro-architecture generation.
INFO: [HLS 200-111] Finished Binding: CPU user time: 1 seconds. CPU system time: 0 seconds. Elapsed time: 1.09 seconds; current allocated memory: 334.719 MB.
INFO: [HLS 200-10] ----------------------------------------------------------------
INFO: [HLS 200-42] -- Implementing module 'top_Pipeline_VITIS_LOOP_181_6_VITIS_LOOP_183_7' 
INFO: [HLS 200-10] ----------------------------------------------------------------
INFO: [SCHED 204-11] Starting scheduling ...
INFO: [SCHED 204-61] Pipelining loop 'VITIS_LOOP_181_6_VITIS_LOOP_183_7'.
INFO: [HLS 200-1470] Pipelining result : Target II = NA, Final II = 1, Depth = 1, loop 'VITIS_LOOP_181_6_VITIS_LOOP_183_7'
INFO: [SCHED 204-11] Finished scheduling.
INFO: [HLS 200-111] Finished Scheduling: CPU user time: 1 seconds. CPU system time: 0 seconds. Elapsed time: 0.828 seconds; current allocated memory: 334.719 MB.
INFO: [BIND 205-100] Starting micro-architecture generation ...
INFO: [BIND 205-101] Performing variable lifetime analysis.
INFO: [BIND 205-101] Exploring resource sharing.
INFO: [BIND 205-101] Binding ...
INFO: [BIND 205-100] Finished micro-architecture generation.
INFO: [HLS 200-111] Finished Binding: CPU user time: 0 seconds. CPU system time: 0 seconds. Elapsed time: 0.149 seconds; current allocated memory: 334.719 MB.
INFO: [HLS 200-10] ----------------------------------------------------------------
INFO: [HLS 200-42] -- Implementing module 'top_Pipeline_VITIS_LOOP_189_8_VITIS_LOOP_191_9' 
INFO: [HLS 200-10] ----------------------------------------------------------------
INFO: [SCHED 204-11] Starting scheduling ...
INFO: [SCHED 204-61] Pipelining loop 'VITIS_LOOP_189_8_VITIS_LOOP_191_9'.
INFO: [HLS 200-1470] Pipelining result : Target II = NA, Final II = 1, Depth = 1, loop 'VITIS_LOOP_189_8_VITIS_LOOP_191_9'
INFO: [SCHED 204-11] Finished scheduling.
INFO: [HLS 200-111] Finished Scheduling: CPU user time: 0 seconds. CPU system time: 0 seconds. Elapsed time: 0.228 seconds; current allocated memory: 334.719 MB.
INFO: [BIND 205-100] Starting micro-architecture generation ...
INFO: [BIND 205-101] Performing variable lifetime analysis.
INFO: [BIND 205-101] Exploring resource sharing.
INFO: [BIND 205-101] Binding ...
INFO: [BIND 205-100] Finished micro-architecture generation.
INFO: [HLS 200-111] Finished Binding: CPU user time: 0 seconds. CPU system time: 1 seconds. Elapsed time: 0.175 seconds; current allocated memory: 334.719 MB.
INFO: [HLS 200-10] ----------------------------------------------------------------
INFO: [HLS 200-42] -- Implementing module 'top_Pipeline_WRITE_Q_VITIS_LOOP_204_10' 
INFO: [HLS 200-10] ----------------------------------------------------------------
INFO: [SCHED 204-11] Starting scheduling ...
INFO: [SCHED 204-61] Pipelining loop 'WRITE_Q_VITIS_LOOP_204_10'.
WARNING: [HLS 200-880] The II Violation in module 'top_Pipeline_WRITE_Q_VITIS_LOOP_204_10' (loop 'WRITE_Q_VITIS_LOOP_204_10'): Unable to enforce a carried dependence constraint (II = 1, distance = 1, offset = 1) between bus write operation ('memQ_addr_write_ln206', top_cmplx.cpp:206) on port 'memQ' (top_cmplx.cpp:206) and bus write operation ('memQ_addr_write_ln206', top_cmplx.cpp:206) on port 'memQ' (top_cmplx.cpp:206).
INFO: [HLS 200-1470] Pipelining result : Target II = NA, Final II = 2, Depth = 11, loop 'WRITE_Q_VITIS_LOOP_204_10'
INFO: [SCHED 204-11] Finished scheduling.
INFO: [HLS 200-111] Finished Scheduling: CPU user time: 0 seconds. CPU system time: 0 seconds. Elapsed time: 0.262 seconds; current allocated memory: 334.719 MB.
INFO: [BIND 205-100] Starting micro-architecture generation ...
INFO: [BIND 205-101] Performing variable lifetime analysis.
INFO: [BIND 205-101] Exploring resource sharing.
INFO: [BIND 205-101] Binding ...
INFO: [BIND 205-100] Finished micro-architecture generation.
INFO: [HLS 200-111] Finished Binding: CPU user time: 0 seconds. CPU system time: 0 seconds. Elapsed time: 0.183 seconds; current allocated memory: 334.719 MB.
INFO: [HLS 200-10] ----------------------------------------------------------------
INFO: [HLS 200-42] -- Implementing module 'top_Pipeline_WRITE_R_VITIS_LOOP_213_11' 
INFO: [HLS 200-10] ----------------------------------------------------------------
INFO: [SCHED 204-11] Starting scheduling ...
INFO: [SCHED 204-61] Pipelining loop 'WRITE_R_VITIS_LOOP_213_11'.
WARNING: [HLS 200-880] The II Violation in module 'top_Pipeline_WRITE_R_VITIS_LOOP_213_11' (loop 'WRITE_R_VITIS_LOOP_213_11'): Unable to enforce a carried dependence constraint (II = 1, distance = 1, offset = 1) between bus write operation ('memR_addr_write_ln215', top_cmplx.cpp:215) on port 'memR' (top_cmplx.cpp:215) and bus write operation ('memR_addr_write_ln215', top_cmplx.cpp:215) on port 'memR' (top_cmplx.cpp:215).
INFO: [HLS 200-1470] Pipelining result : Target II = NA, Final II = 2, Depth = 11, loop 'WRITE_R_VITIS_LOOP_213_11'
INFO: [SCHED 204-11] Finished scheduling.
INFO: [HLS 200-111] Finished Scheduling: CPU user time: 1 seconds. CPU system time: 0 seconds. Elapsed time: 0.284 seconds; current allocated memory: 334.719 MB.
INFO: [BIND 205-100] Starting micro-architecture generation ...
INFO: [BIND 205-101] Performing variable lifetime analysis.
INFO: [BIND 205-101] Exploring resource sharing.
INFO: [BIND 205-101] Binding ...
INFO: [BIND 205-100] Finished micro-architecture generation.
INFO: [HLS 200-111] Finished Binding: CPU user time: 0 seconds. CPU system time: 0 seconds. Elapsed time: 0.181 seconds; current allocated memory: 334.719 MB.
INFO: [HLS 200-10] ----------------------------------------------------------------
INFO: [HLS 200-42] -- Implementing module 'top' 
INFO: [HLS 200-10] ----------------------------------------------------------------
INFO: [SCHED 204-11] Starting scheduling ...
INFO: [SCHED 204-11] Finished scheduling.
INFO: [HLS 200-111] Finished Scheduling: CPU user time: 0 seconds. CPU system time: 0 seconds. Elapsed time: 0.343 seconds; current allocated memory: 334.719 MB.
INFO: [BIND 205-100] Starting micro-architecture generation ...
INFO: [BIND 205-101] Performing variable lifetime analysis.
INFO: [BIND 205-101] Exploring resource sharing.
INFO: [BIND 205-101] Binding ...
INFO: [BIND 205-100] Finished micro-architecture generation.
INFO: [HLS 200-111] Finished Binding: CPU user time: 0 seconds. CPU system time: 0 seconds. Elapsed time: 0.245 seconds; current allocated memory: 334.719 MB.
INFO: [HLS 200-10] ----------------------------------------------------------------
INFO: [HLS 200-10] -- Generating RTL for module 'top_Pipeline_READ_INIT_VITIS_LOOP_87_1' 
INFO: [HLS 200-10] ----------------------------------------------------------------
INFO: [HLS 200-1030] Apply Unified Pipeline Control on module 'top_Pipeline_READ_INIT_VITIS_LOOP_87_1' pipeline 'READ_INIT_VITIS_LOOP_87_1' pipeline type 'loop pipeline'
INFO: [RTGEN 206-100] Finished creating RTL model for 'top_Pipeline_READ_INIT_VITIS_LOOP_87_1'.
INFO: [HLS 200-111] Finished Creating RTL model: CPU user time: 0 seconds. CPU system time: 0 seconds. Elapsed time: 0.296 seconds; current allocated memory: 334.719 MB.
INFO: [HLS 200-10] ----------------------------------------------------------------
INFO: [HLS 200-10] -- Generating RTL for module 'top_Pipeline_VITIS_LOOP_119_2' 
INFO: [HLS 200-10] ----------------------------------------------------------------
INFO: [HLS 200-1030] Apply Unified Pipeline Control on module 'top_Pipeline_VITIS_LOOP_119_2' pipeline 'VITIS_LOOP_119_2' pipeline type 'loop pipeline'
INFO: [RTGEN 206-100] Generating core module 'fadd_32ns_32ns_32_4_full_dsp_1': 2 instance(s).
INFO: [RTGEN 206-100] Generating core module 'faddfsub_32ns_32ns_32_4_full_dsp_1': 2 instance(s).
INFO: [RTGEN 206-100] Generating core module 'fcmp_32ns_32ns_1_2_no_dsp_1': 1 instance(s).
INFO: [RTGEN 206-100] Generating core module 'fdiv_32ns_32ns_32_8_no_dsp_1': 2 instance(s).
INFO: [RTGEN 206-100] Generating core module 'fmul_32ns_32ns_32_2_max_dsp_1': 8 instance(s).
INFO: [RTGEN 206-100] Generating core module 'fsqrt_32ns_32ns_32_7_no_dsp_1': 2 instance(s).
INFO: [RTGEN 206-100] Generating core module 'sparsemux_13_3_32_1_1': 32 instance(s).
INFO: [RTGEN 206-100] Generating core module 'sparsemux_7_2_32_1_1': 14 instance(s).
INFO: [RTGEN 206-100] Generating core module 'sparsemux_9_2_32_1_1': 14 instance(s).
INFO: [RTGEN 206-100] Finished creating RTL model for 'top_Pipeline_VITIS_LOOP_119_2'.
INFO: [HLS 200-111] Finished Creating RTL model: CPU user time: 2 seconds. CPU system time: 0 seconds. Elapsed time: 2.227 seconds; current allocated memory: 334.719 MB.
INFO: [HLS 200-10] ----------------------------------------------------------------
INFO: [HLS 200-10] -- Generating RTL for module 'top_Pipeline_VITIS_LOOP_181_6_VITIS_LOOP_183_7' 
INFO: [HLS 200-10] ----------------------------------------------------------------
INFO: [RTGEN 206-100] Generating core module 'sparsemux_15_3_32_1_1': 2 instance(s).
INFO: [RTGEN 206-100] Generating core module 'sparsemux_9_2_32_1_1': 14 instance(s).
INFO: [RTGEN 206-100] Finished creating RTL model for 'top_Pipeline_VITIS_LOOP_181_6_VITIS_LOOP_183_7'.
INFO: [HLS 200-111] Finished Creating RTL model: CPU user time: 1 seconds. CPU system time: 2 seconds. Elapsed time: 3.531 seconds; current allocated memory: 378.277 MB.
INFO: [HLS 200-10] ----------------------------------------------------------------
INFO: [HLS 200-10] -- Generating RTL for module 'top_Pipeline_VITIS_LOOP_189_8_VITIS_LOOP_191_9' 
INFO: [HLS 200-10] ----------------------------------------------------------------
INFO: [RTGEN 206-100] Generating core module 'sparsemux_9_2_32_1_1': 10 instance(s).
INFO: [RTGEN 206-100] Finished creating RTL model for 'top_Pipeline_VITIS_LOOP_189_8_VITIS_LOOP_191_9'.
INFO: [HLS 200-111] Finished Creating RTL model: CPU user time: 0 seconds. CPU system time: 0 seconds. Elapsed time: 0.335 seconds; current allocated memory: 378.277 MB.
INFO: [HLS 200-10] ----------------------------------------------------------------
INFO: [HLS 200-10] -- Generating RTL for module 'top_Pipeline_WRITE_Q_VITIS_LOOP_204_10' 
INFO: [HLS 200-10] ----------------------------------------------------------------
INFO: [HLS 200-1030] Apply Unified Pipeline Control on module 'top_Pipeline_WRITE_Q_VITIS_LOOP_204_10' pipeline 'WRITE_Q_VITIS_LOOP_204_10' pipeline type 'loop pipeline'
INFO: [RTGEN 206-100] Generating core module 'sparsemux_9_2_32_1_1': 2 instance(s).
INFO: [RTGEN 206-100] Finished creating RTL model for 'top_Pipeline_WRITE_Q_VITIS_LOOP_204_10'.
INFO: [HLS 200-111] Finished Creating RTL model: CPU user time: 1 seconds. CPU system time: 0 seconds. Elapsed time: 0.365 seconds; current allocated memory: 378.277 MB.
INFO: [HLS 200-10] ----------------------------------------------------------------
INFO: [HLS 200-10] -- Generating RTL for module 'top_Pipeline_WRITE_R_VITIS_LOOP_213_11' 
INFO: [HLS 200-10] ----------------------------------------------------------------
INFO: [HLS 200-1030] Apply Unified Pipeline Control on module 'top_Pipeline_WRITE_R_VITIS_LOOP_213_11' pipeline 'WRITE_R_VITIS_LOOP_213_11' pipeline type 'loop pipeline'
INFO: [RTGEN 206-100] Generating core module 'sparsemux_9_2_32_1_1': 2 instance(s).
INFO: [RTGEN 206-100] Finished creating RTL model for 'top_Pipeline_WRITE_R_VITIS_LOOP_213_11'.
INFO: [HLS 200-111] Finished Creating RTL model: CPU user time: 0 seconds. CPU system time: 0 seconds. Elapsed time: 0.469 seconds; current allocated memory: 378.367 MB.
INFO: [HLS 200-10] ----------------------------------------------------------------
INFO: [HLS 200-10] -- Generating RTL for module 'top' 
INFO: [HLS 200-10] ----------------------------------------------------------------
WARNING: [RTGEN 206-101] Design contains AXI ports. Reset is fixed to synchronous and active low.
INFO: [RTGEN 206-500] Setting interface mode on port 'top/memA' to 'm_axi'.
INFO: [RTGEN 206-500] Setting interface mode on port 'top/memQ' to 'm_axi'.
INFO: [RTGEN 206-500] Setting interface mode on port 'top/memR' to 'm_axi'.
INFO: [RTGEN 206-500] Setting interface mode on port 'top/A_DRAM' to 's_axilite & ap_none'.
INFO: [RTGEN 206-500] Setting interface mode on port 'top/Q_DRAM' to 's_axilite & ap_none'.
INFO: [RTGEN 206-500] Setting interface mode on port 'top/R_DRAM' to 's_axilite & ap_none'.
INFO: [RTGEN 206-500] Setting interface mode on function 'top' to 's_axilite & ap_ctrl_hs'.
INFO: [RTGEN 206-100] Bundling port 'A_DRAM', 'Q_DRAM', 'R_DRAM' and 'return' to AXI-Lite port control.
INFO: [RTGEN 206-100] Finished creating RTL model for 'top'.
INFO: [RTMG 210-278] Implementing memory 'top_Q_out_real_RAM_AUTO_1R1W' using auto RAMs.
INFO: [HLS 200-111] Finished Creating RTL model: CPU user time: 0 seconds. CPU system time: 0 seconds. Elapsed time: 0.708 seconds; current allocated memory: 384.867 MB.
INFO: [HLS 200-111] Finished Generating all RTL models: CPU user time: 1 seconds. CPU system time: 1 seconds. Elapsed time: 1.286 seconds; current allocated memory: 395.723 MB.
INFO: [HLS 200-111] Finished Updating report files: CPU user time: 2 seconds. CPU system time: 0 seconds. Elapsed time: 3.856 seconds; current allocated memory: 408.250 MB.
INFO: [VHDL 208-304] Generating VHDL RTL for top.
INFO: [VLOG 209-307] Generating Verilog RTL for top.
INFO: [HLS 200-790] **** Loop Constraint Status: All loop constraints were NOT satisfied.
INFO: [HLS 200-789] **** Estimated Fmax: 114.29 MHz
INFO: [HLS 200-111] Finished Command csynth_design CPU user time: 37 seconds. CPU system time: 4 seconds. Elapsed time: 74.628 seconds; current allocated memory: 270.344 MB.
==============================================================
Vitis HLS - High-Level Synthesis from C, C++ and OpenCL v2023.2 (64-bit)
Tool Version Limit: 2023.10
Copyright 1986-2022 Xilinx, Inc. All Rights Reserved.
Copyright 2022-2023 Advanced Micro Devices, Inc. All Rights Reserved.

==============================================================
INFO: [SYN 201-201] Setting up clock 'default' with a period of 10ns.
INFO: [SYN 201-201] Setting up clock 'default' with an uncertainty of 1.25ns.
INFO: [HLS 200-1611] Setting target device to 'xczu7ev-ffvc1156-2-e'
INFO: [HLS 200-1505] Using flow_target 'vivado'
INFO: [HLS 200-1464] Running solution command: config_cosim -tool=xsim
INFO: [HLS 200-1464] Running solution command: config_cosim -trace_level=all
INFO: [HLS 200-1464] Running solution command: config_export -format=ip_catalog
INFO: [HLS 200-1464] Running solution command: config_export -output=C:/Users/varad/OneDrive/Documents/GitHub/Matrix_Inversion/COMPLEX_QR/IP_INTRFACE_DRAM_BRAM_BASIC
INFO: [HLS 200-1464] Running solution command: config_export -rtl=verilog
INFO: [HLS 200-1510] Running: set_part xczu7ev-ffvc1156-2-e 
INFO: [HLS 200-1510] Running: create_clock -period 10 -name default 
INFO: [HLS 200-1510] Running: config_cosim -tool xsim -trace_level all 
INFO: [HLS 200-1510] Running: config_export -format ip_catalog -output C:/Users/varad/OneDrive/Documents/GitHub/Matrix_Inversion/COMPLEX_QR/IP_INTRFACE_DRAM_BRAM_BASIC -rtl verilog 
INFO: [HLS 200-1510] Running: set_clock_uncertainty 1.25 
INFO: [HLS 200-1510] Running: source ./CGR_QR_WBS/solution1/directives.tcl
INFO: [HLS 200-1510] Running: set_directive_top -name top top 
INFO: [HLS 200-1510] Running: csynth_design 
INFO: [HLS 200-111] Finished File checks and directory preparation: CPU user time: 0 seconds. CPU system time: 0 seconds. Elapsed time: 0.123 seconds; current allocated memory: 132.344 MB.
INFO: [HLS 200-10] Analyzing design file 'fns_cmplx.cpp' ... 
INFO: [HLS 200-10] Analyzing design file 'top_cmplx.cpp' ... 
INFO: [HLS 200-111] Finished Source Code Analysis and Preprocessing: CPU user time: 1 seconds. CPU system time: 0 seconds. Elapsed time: 21.415 seconds; current allocated memory: 139.066 MB.
INFO: [HLS 200-777] Using interface defaults for 'Vivado' flow target.
INFO: [HLS 200-1995] There were 557 instructions in the design after the 'Compile/Link' phase of compilation. See the Design Size Report for more details: C:/Users/varad/OneDrive/Documents/GitHub/Matrix_Inversion/COMPLEX_QR/CGR_QR_WBS/solution1/syn/report/csynth_design_size.rpt
INFO: [HLS 200-1995] There were 557 instructions in the design after the 'Unroll/Inline (step 1)' phase of compilation. See the Design Size Report for more details: C:/Users/varad/OneDrive/Documents/GitHub/Matrix_Inversion/COMPLEX_QR/CGR_QR_WBS/solution1/syn/report/csynth_design_size.rpt
INFO: [HLS 200-1995] There were 378 instructions in the design after the 'Unroll/Inline (step 2)' phase of compilation. See the Design Size Report for more details: C:/Users/varad/OneDrive/Documents/GitHub/Matrix_Inversion/COMPLEX_QR/CGR_QR_WBS/solution1/syn/report/csynth_design_size.rpt
INFO: [HLS 200-1995] There were 345 instructions in the design after the 'Unroll/Inline (step 3)' phase of compilation. See the Design Size Report for more details: C:/Users/varad/OneDrive/Documents/GitHub/Matrix_Inversion/COMPLEX_QR/CGR_QR_WBS/solution1/syn/report/csynth_design_size.rpt
INFO: [HLS 200-1995] There were 318 instructions in the design after the 'Unroll/Inline (step 4)' phase of compilation. See the Design Size Report for more details: C:/Users/varad/OneDrive/Documents/GitHub/Matrix_Inversion/COMPLEX_QR/CGR_QR_WBS/solution1/syn/report/csynth_design_size.rpt
INFO: [HLS 200-1995] There were 3,797 instructions in the design after the 'Array/Struct (step 1)' phase of compilation. See the Design Size Report for more details: C:/Users/varad/OneDrive/Documents/GitHub/Matrix_Inversion/COMPLEX_QR/CGR_QR_WBS/solution1/syn/report/csynth_design_size.rpt
INFO: [HLS 200-1995] There were 2,456 instructions in the design after the 'Array/Struct (step 2)' phase of compilation. See the Design Size Report for more details: C:/Users/varad/OneDrive/Documents/GitHub/Matrix_Inversion/COMPLEX_QR/CGR_QR_WBS/solution1/syn/report/csynth_design_size.rpt
INFO: [HLS 200-1995] There were 2,456 instructions in the design after the 'Array/Struct (step 3)' phase of compilation. See the Design Size Report for more details: C:/Users/varad/OneDrive/Documents/GitHub/Matrix_Inversion/COMPLEX_QR/CGR_QR_WBS/solution1/syn/report/csynth_design_size.rpt
INFO: [HLS 200-1995] There were 2,314 instructions in the design after the 'Array/Struct (step 4)' phase of compilation. See the Design Size Report for more details: C:/Users/varad/OneDrive/Documents/GitHub/Matrix_Inversion/COMPLEX_QR/CGR_QR_WBS/solution1/syn/report/csynth_design_size.rpt
INFO: [HLS 200-1995] There were 2,545 instructions in the design after the 'Array/Struct (step 5)' phase of compilation. See the Design Size Report for more details: C:/Users/varad/OneDrive/Documents/GitHub/Matrix_Inversion/COMPLEX_QR/CGR_QR_WBS/solution1/syn/report/csynth_design_size.rpt
INFO: [HLS 200-1995] There were 2,176 instructions in the design after the 'Performance (step 1)' phase of compilation. See the Design Size Report for more details: C:/Users/varad/OneDrive/Documents/GitHub/Matrix_Inversion/COMPLEX_QR/CGR_QR_WBS/solution1/syn/report/csynth_design_size.rpt
INFO: [HLS 200-1995] There were 2,152 instructions in the design after the 'Performance (step 2)' phase of compilation. See the Design Size Report for more details: C:/Users/varad/OneDrive/Documents/GitHub/Matrix_Inversion/COMPLEX_QR/CGR_QR_WBS/solution1/syn/report/csynth_design_size.rpt
INFO: [HLS 200-1995] There were 2,152 instructions in the design after the 'Performance (step 3)' phase of compilation. See the Design Size Report for more details: C:/Users/varad/OneDrive/Documents/GitHub/Matrix_Inversion/COMPLEX_QR/CGR_QR_WBS/solution1/syn/report/csynth_design_size.rpt
INFO: [HLS 200-1995] There were 2,075 instructions in the design after the 'Performance (step 4)' phase of compilation. See the Design Size Report for more details: C:/Users/varad/OneDrive/Documents/GitHub/Matrix_Inversion/COMPLEX_QR/CGR_QR_WBS/solution1/syn/report/csynth_design_size.rpt
INFO: [HLS 200-1995] There were 2,140 instructions in the design after the 'HW Transforms (step 1)' phase of compilation. See the Design Size Report for more details: C:/Users/varad/OneDrive/Documents/GitHub/Matrix_Inversion/COMPLEX_QR/CGR_QR_WBS/solution1/syn/report/csynth_design_size.rpt
INFO: [HLS 200-1995] There were 2,191 instructions in the design after the 'HW Transforms (step 2)' phase of compilation. See the Design Size Report for more details: C:/Users/varad/OneDrive/Documents/GitHub/Matrix_Inversion/COMPLEX_QR/CGR_QR_WBS/solution1/syn/report/csynth_design_size.rpt
INFO: [HLS 214-291] Loop 'VITIS_LOOP_140_4' is marked as complete unroll implied by the pipeline pragma (top_cmplx.cpp:140:20)
INFO: [HLS 214-186] Unrolling loop 'VITIS_LOOP_140_4' (top_cmplx.cpp:140:20) in function 'top' completely with a factor of 4 (top_cmplx.cpp:56:0)
INFO: [HLS 214-178] Inlining function 'std::sqrt(float)' into 'compute_givens_rotation(float, float, float&, float&)' (top_cmplx.cpp:6:0)
INFO: [HLS 214-178] Inlining function 'std::sqrt(float)' into 'top(re_im (*) [4], re_im (*) [4], re_im (*) [4])' (top_cmplx.cpp:56:0)
INFO: [HLS 214-178] Inlining function 'compute_givens_rotation(float, float, float&, float&)' into 'top(re_im (*) [4], re_im (*) [4], re_im (*) [4])' (top_cmplx.cpp:56:0)
INFO: [HLS 214-178] Inlining function 'rotate_rows(re_im (*) [4], int, int, float, float, int)' into 'top(re_im (*) [4], re_im (*) [4], re_im (*) [4])' (top_cmplx.cpp:56:0)
INFO: [HLS 214-248] Applying array_partition to 'Q.real': Complete partitioning on dimension 1. Complete partitioning on dimension 2. (top_cmplx.cpp:67:7)
INFO: [HLS 214-248] Applying array_partition to 'Q.imag': Complete partitioning on dimension 1. Complete partitioning on dimension 2. (top_cmplx.cpp:67:7)
INFO: [HLS 214-248] Applying array_partition to 'R.real': Complete partitioning on dimension 1. Complete partitioning on dimension 2. (top_cmplx.cpp:68:7)
INFO: [HLS 214-248] Applying array_partition to 'R.imag': Complete partitioning on dimension 1. Complete partitioning on dimension 2. (top_cmplx.cpp:68:7)
INFO: [HLS 214-248] Applying array_partition to 'Q_out.real': Complete partitioning on dimension 2. (top_cmplx.cpp:70:7)
INFO: [HLS 214-248] Applying array_partition to 'Q_out.imag': Complete partitioning on dimension 2. (top_cmplx.cpp:70:7)
INFO: [HLS 214-248] Applying array_partition to 'R_out.real': Complete partitioning on dimension 2. (top_cmplx.cpp:71:7)
INFO: [HLS 214-248] Applying array_partition to 'R_out.imag': Complete partitioning on dimension 2. (top_cmplx.cpp:71:7)
INFO: [HLS 214-376] automatically set the pipeline for Loop< VITIS_LOOP_87_1> at top_cmplx.cpp:87:22 
INFO: [HLS 214-376] automatically set the pipeline for Loop< VITIS_LOOP_119_2> at top_cmplx.cpp:119:23 
INFO: [HLS 214-376] automatically set the pipeline for Loop< VITIS_LOOP_183_7> at top_cmplx.cpp:183:23 
INFO: [HLS 214-376] automatically set the pipeline for Loop< VITIS_LOOP_192_9> at top_cmplx.cpp:192:23 
INFO: [HLS 214-376] automatically set the pipeline for Loop< VITIS_LOOP_206_10> at top_cmplx.cpp:206:24 
INFO: [HLS 214-376] automatically set the pipeline for Loop< VITIS_LOOP_216_11> at top_cmplx.cpp:216:24 
INFO: [HLS 214-291] Loop 'VITIS_LOOP_160_5' is marked as complete unroll implied by the pipeline pragma (top_cmplx.cpp:160:27)
INFO: [HLS 214-186] Unrolling loop 'VITIS_LOOP_160_5' (top_cmplx.cpp:160:27) in function 'top' completely with a factor of 4 (top_cmplx.cpp:56:0)
INFO: [HLS 200-111] Finished Compiling Optimization and Transform: CPU user time: 0 seconds. CPU system time: 0 seconds. Elapsed time: 8.85 seconds; current allocated memory: 140.723 MB.
INFO: [HLS 200-111] Finished Checking Pragmas: CPU user time: 0 seconds. CPU system time: 0 seconds. Elapsed time: 0.007 seconds; current allocated memory: 140.723 MB.
INFO: [HLS 200-10] Starting code transformations ...
INFO: [HLS 200-111] Finished Standard Transforms: CPU user time: 0 seconds. CPU system time: 0 seconds. Elapsed time: 0.254 seconds; current allocated memory: 152.926 MB.
INFO: [HLS 200-10] Checking synthesizability ...
INFO: [HLS 200-111] Finished Checking Synthesizability: CPU user time: 0 seconds. CPU system time: 0 seconds. Elapsed time: 0.184 seconds; current allocated memory: 155.672 MB.
INFO: [XFORM 203-401] Performing if-conversion on hyperblock from (top_cmplx.cpp:87:30) to (top_cmplx.cpp:98:12) in function 'top'... converting 30 basic blocks.
INFO: [XFORM 203-401] Performing if-conversion on hyperblock from (top_cmplx.cpp:121:15) to (top_cmplx.cpp:45:20) in function 'top'... converting 26 basic blocks.
INFO: [XFORM 203-401] Performing if-conversion on hyperblock from (top_cmplx.cpp:32:62) to (top_cmplx.cpp:45:20) in function 'top'... converting 20 basic blocks.
INFO: [XFORM 203-401] Performing if-conversion on hyperblock from (top_cmplx.cpp:32:62) to (top_cmplx.cpp:46:20) in function 'top'... converting 22 basic blocks.
INFO: [XFORM 203-401] Performing if-conversion on hyperblock from (top_cmplx.cpp:32:62) to (top_cmplx.cpp:46:20) in function 'top'... converting 19 basic blocks.
INFO: [XFORM 203-11] Balancing expressions in function 'top' (top_cmplx.cpp:7:20)...25 expression(s) balanced.
INFO: [HLS 200-111] Finished Loop, function and other optimizations: CPU user time: 1 seconds. CPU system time: 0 seconds. Elapsed time: 0.947 seconds; current allocated memory: 182.969 MB.
INFO: [HLS 200-2061] Successfully converted nested loops 'READ_INIT'(top_cmplx.cpp:85:1) and 'VITIS_LOOP_87_1'(top_cmplx.cpp:87:22) in function 'top' into perfectly nested loops.
INFO: [HLS 200-2061] Successfully converted nested loops 'VITIS_LOOP_181_6'(top_cmplx.cpp:181:19) and 'VITIS_LOOP_183_7'(top_cmplx.cpp:183:23) in function 'top' into perfectly nested loops.
INFO: [HLS 200-2061] Successfully converted nested loops 'VITIS_LOOP_190_8'(top_cmplx.cpp:190:19) and 'VITIS_LOOP_192_9'(top_cmplx.cpp:192:23) in function 'top' into perfectly nested loops.
INFO: [HLS 200-2061] Successfully converted nested loops 'WRITE_Q'(top_cmplx.cpp:204:1) and 'VITIS_LOOP_206_10'(top_cmplx.cpp:206:24) in function 'top' into perfectly nested loops.
INFO: [HLS 200-2061] Successfully converted nested loops 'WRITE_R'(top_cmplx.cpp:214:1) and 'VITIS_LOOP_216_11'(top_cmplx.cpp:216:24) in function 'top' into perfectly nested loops.
INFO: [XFORM 203-541] Flattening a loop nest 'READ_INIT' (top_cmplx.cpp:85:1) in function 'top'.
WARNING: [HLS 200-960] Cannot flatten loop 'GIVENS_QRD' (top_cmplx.cpp:117:1) in function 'top' the outer loop is not a perfect loop because either the parent loop or the sub loop has no invariant trip count.
INFO: [XFORM 203-541] Flattening a loop nest 'VITIS_LOOP_181_6' (top_cmplx.cpp:181:19) in function 'top'.
INFO: [XFORM 203-541] Flattening a loop nest 'VITIS_LOOP_190_8' (top_cmplx.cpp:190:19) in function 'top'.
INFO: [XFORM 203-541] Flattening a loop nest 'WRITE_Q' (top_cmplx.cpp:204:1) in function 'top'.
INFO: [XFORM 203-541] Flattening a loop nest 'WRITE_R' (top_cmplx.cpp:214:1) in function 'top'.
INFO: [HLS 200-111] Finished Architecture Synthesis: CPU user time: 1 seconds. CPU system time: 0 seconds. Elapsed time: 0.919 seconds; current allocated memory: 250.582 MB.
INFO: [HLS 200-10] Starting hardware synthesis ...
INFO: [HLS 200-10] Synthesizing 'top' ...
INFO: [HLS 200-10] ----------------------------------------------------------------
INFO: [HLS 200-42] -- Implementing module 'top_Pipeline_READ_INIT_VITIS_LOOP_87_1' 
INFO: [HLS 200-10] ----------------------------------------------------------------
INFO: [SCHED 204-11] Starting scheduling ...
INFO: [SCHED 204-61] Pipelining loop 'READ_INIT_VITIS_LOOP_87_1'.
WARNING: [HLS 200-885] The II Violation in module 'top_Pipeline_READ_INIT_VITIS_LOOP_87_1' (loop 'READ_INIT_VITIS_LOOP_87_1'): Unable to schedule bus request operation ('memA_load_1_req', top_cmplx.cpp:91) on port 'memA' (top_cmplx.cpp:91) due to limited memory ports (II = 1). Please consider using a memory core with more ports or partitioning the array.
INFO: [HLS 200-1470] Pipelining result : Target II = NA, Final II = 2, Depth = 12, loop 'READ_INIT_VITIS_LOOP_87_1'
INFO: [SCHED 204-11] Finished scheduling.
INFO: [HLS 200-111] Finished Scheduling: CPU user time: 0 seconds. CPU system time: 0 seconds. Elapsed time: 0.606 seconds; current allocated memory: 259.316 MB.
INFO: [BIND 205-100] Starting micro-architecture generation ...
INFO: [BIND 205-101] Performing variable lifetime analysis.
INFO: [BIND 205-101] Exploring resource sharing.
INFO: [BIND 205-101] Binding ...
INFO: [BIND 205-100] Finished micro-architecture generation.
INFO: [HLS 200-111] Finished Binding: CPU user time: 0 seconds. CPU system time: 0 seconds. Elapsed time: 0.175 seconds; current allocated memory: 260.484 MB.
INFO: [HLS 200-10] ----------------------------------------------------------------
INFO: [HLS 200-42] -- Implementing module 'top_Pipeline_VITIS_LOOP_119_2' 
INFO: [HLS 200-10] ----------------------------------------------------------------
INFO: [SCHED 204-11] Starting scheduling ...
INFO: [SCHED 204-61] Pipelining loop 'VITIS_LOOP_119_2'.
WARNING: [HLS 200-880] The II Violation in module 'top_Pipeline_VITIS_LOOP_119_2' (loop 'VITIS_LOOP_119_2'): Unable to enforce a carried dependence constraint (II = 1, distance = 1, offset = 1) between 'switch' operation 0 bit ('_ln41', top_cmplx.cpp:41->top_cmplx.cpp:146) and 'sparsemux' operation 32 bit ('ar', top_cmplx.cpp:124).
WARNING: [HLS 200-880] The II Violation in module 'top_Pipeline_VITIS_LOOP_119_2' (loop 'VITIS_LOOP_119_2'): Unable to enforce a carried dependence constraint (II = 2, distance = 1, offset = 1) between 'switch' operation 0 bit ('_ln41', top_cmplx.cpp:41->top_cmplx.cpp:146) and 'sparsemux' operation 32 bit ('ar', top_cmplx.cpp:124).
WARNING: [HLS 200-880] The II Violation in module 'top_Pipeline_VITIS_LOOP_119_2' (loop 'VITIS_LOOP_119_2'): Unable to enforce a carried dependence constraint (II = 3, distance = 1, offset = 1) between 'switch' operation 0 bit ('_ln41', top_cmplx.cpp:41->top_cmplx.cpp:146) and 'sparsemux' operation 32 bit ('ar', top_cmplx.cpp:124).
WARNING: [HLS 200-880] The II Violation in module 'top_Pipeline_VITIS_LOOP_119_2' (loop 'VITIS_LOOP_119_2'): Unable to enforce a carried dependence constraint (II = 4, distance = 1, offset = 1) between 'switch' operation 0 bit ('_ln41', top_cmplx.cpp:41->top_cmplx.cpp:146) and 'sparsemux' operation 32 bit ('ar', top_cmplx.cpp:124).
WARNING: [HLS 200-880] The II Violation in module 'top_Pipeline_VITIS_LOOP_119_2' (loop 'VITIS_LOOP_119_2'): Unable to enforce a carried dependence constraint (II = 35, distance = 1, offset = 1) between 'switch' operation 0 bit ('_ln41', top_cmplx.cpp:41->top_cmplx.cpp:146) and 'sparsemux' operation 32 bit ('ar', top_cmplx.cpp:124).
WARNING: [HLS 200-880] The II Violation in module 'top_Pipeline_VITIS_LOOP_119_2' (loop 'VITIS_LOOP_119_2'): Unable to enforce a carried dependence constraint (II = 51, distance = 1, offset = 1) between 'fsub' operation 32 bit ('R.real', top_cmplx.cpp:41->top_cmplx.cpp:146) and 'sparsemux' operation 32 bit ('tmp', top_cmplx.cpp:124).
WARNING: [HLS 200-880] The II Violation in module 'top_Pipeline_VITIS_LOOP_119_2' (loop 'VITIS_LOOP_119_2'): Unable to enforce a carried dependence constraint (II = 59, distance = 1, offset = 0) between 'store' operation 0 bit ('mux_case_3_write_ln41', top_cmplx.cpp:41->top_cmplx.cpp:146) of variable 'R.real' on local variable 'mux_case_3' and 'load' operation 32 bit ('mux_case_3_load') on local variable 'mux_case_3'.
WARNING: [HLS 200-880] The II Violation in module 'top_Pipeline_VITIS_LOOP_119_2' (loop 'VITIS_LOOP_119_2'): Unable to enforce a carried dependence constraint (II = 61, distance = 1, offset = 0) between 'store' operation 0 bit ('mux_case_092_write_ln41', top_cmplx.cpp:41->top_cmplx.cpp:146) of variable 'mux_case_09228665817624066306905745877798440', top_cmplx.cpp:41->top_cmplx.cpp:146 on local variable 'mux_case_092' and 'load' operation 32 bit ('mux_case_092_load') on local variable 'mux_case_092'.
INFO: [HLS 200-1470] Pipelining result : Target II = NA, Final II = 62, Depth = 64, loop 'VITIS_LOOP_119_2'
INFO: [SCHED 204-11] Finished scheduling.
INFO: [HLS 200-111] Finished Scheduling: CPU user time: 24 seconds. CPU system time: 0 seconds. Elapsed time: 23.724 seconds; current allocated memory: 329.340 MB.
INFO: [BIND 205-100] Starting micro-architecture generation ...
INFO: [BIND 205-101] Performing variable lifetime analysis.
INFO: [BIND 205-101] Exploring resource sharing.
INFO: [BIND 205-101] Binding ...
INFO: [BIND 205-100] Finished micro-architecture generation.
INFO: [HLS 200-111] Finished Binding: CPU user time: 1 seconds. CPU system time: 0 seconds. Elapsed time: 1.14 seconds; current allocated memory: 329.340 MB.
INFO: [HLS 200-10] ----------------------------------------------------------------
INFO: [HLS 200-42] -- Implementing module 'top_Pipeline_VITIS_LOOP_181_6_VITIS_LOOP_183_7' 
INFO: [HLS 200-10] ----------------------------------------------------------------
INFO: [SCHED 204-11] Starting scheduling ...
INFO: [SCHED 204-61] Pipelining loop 'VITIS_LOOP_181_6_VITIS_LOOP_183_7'.
INFO: [HLS 200-1470] Pipelining result : Target II = NA, Final II = 1, Depth = 1, loop 'VITIS_LOOP_181_6_VITIS_LOOP_183_7'
INFO: [SCHED 204-11] Finished scheduling.
INFO: [HLS 200-111] Finished Scheduling: CPU user time: 1 seconds. CPU system time: 0 seconds. Elapsed time: 0.896 seconds; current allocated memory: 329.340 MB.
INFO: [BIND 205-100] Starting micro-architecture generation ...
INFO: [BIND 205-101] Performing variable lifetime analysis.
INFO: [BIND 205-101] Exploring resource sharing.
INFO: [BIND 205-101] Binding ...
INFO: [BIND 205-100] Finished micro-architecture generation.
INFO: [HLS 200-111] Finished Binding: CPU user time: 0 seconds. CPU system time: 0 seconds. Elapsed time: 0.157 seconds; current allocated memory: 329.340 MB.
INFO: [HLS 200-10] ----------------------------------------------------------------
INFO: [HLS 200-42] -- Implementing module 'top_Pipeline_VITIS_LOOP_190_8_VITIS_LOOP_192_9' 
INFO: [HLS 200-10] ----------------------------------------------------------------
INFO: [SCHED 204-11] Starting scheduling ...
INFO: [SCHED 204-61] Pipelining loop 'VITIS_LOOP_190_8_VITIS_LOOP_192_9'.
INFO: [HLS 200-1470] Pipelining result : Target II = NA, Final II = 1, Depth = 1, loop 'VITIS_LOOP_190_8_VITIS_LOOP_192_9'
INFO: [SCHED 204-11] Finished scheduling.
INFO: [HLS 200-111] Finished Scheduling: CPU user time: 0 seconds. CPU system time: 0 seconds. Elapsed time: 0.245 seconds; current allocated memory: 329.340 MB.
INFO: [BIND 205-100] Starting micro-architecture generation ...
INFO: [BIND 205-101] Performing variable lifetime analysis.
INFO: [BIND 205-101] Exploring resource sharing.
INFO: [BIND 205-101] Binding ...
INFO: [BIND 205-100] Finished micro-architecture generation.
INFO: [HLS 200-111] Finished Binding: CPU user time: 0 seconds. CPU system time: 0 seconds. Elapsed time: 0.147 seconds; current allocated memory: 329.340 MB.
INFO: [HLS 200-10] ----------------------------------------------------------------
INFO: [HLS 200-42] -- Implementing module 'top_Pipeline_WRITE_Q_VITIS_LOOP_206_10' 
INFO: [HLS 200-10] ----------------------------------------------------------------
INFO: [SCHED 204-11] Starting scheduling ...
INFO: [SCHED 204-61] Pipelining loop 'WRITE_Q_VITIS_LOOP_206_10'.
WARNING: [HLS 200-885] The II Violation in module 'top_Pipeline_WRITE_Q_VITIS_LOOP_206_10' (loop 'WRITE_Q_VITIS_LOOP_206_10'): Unable to schedule bus request operation ('empty_37', top_cmplx.cpp:206) on port 'memQ' (top_cmplx.cpp:206) due to limited memory ports (II = 1). Please consider using a memory core with more ports or partitioning the array.
INFO: [HLS 200-1470] Pipelining result : Target II = NA, Final II = 2, Depth = 10, loop 'WRITE_Q_VITIS_LOOP_206_10'
INFO: [SCHED 204-11] Finished scheduling.
INFO: [HLS 200-111] Finished Scheduling: CPU user time: 0 seconds. CPU system time: 0 seconds. Elapsed time: 0.252 seconds; current allocated memory: 329.340 MB.
INFO: [BIND 205-100] Starting micro-architecture generation ...
INFO: [BIND 205-101] Performing variable lifetime analysis.
INFO: [BIND 205-101] Exploring resource sharing.
INFO: [BIND 205-101] Binding ...
INFO: [BIND 205-100] Finished micro-architecture generation.
INFO: [HLS 200-111] Finished Binding: CPU user time: 0 seconds. CPU system time: 0 seconds. Elapsed time: 0.158 seconds; current allocated memory: 329.340 MB.
INFO: [HLS 200-10] ----------------------------------------------------------------
INFO: [HLS 200-42] -- Implementing module 'top_Pipeline_WRITE_R_VITIS_LOOP_216_11' 
INFO: [HLS 200-10] ----------------------------------------------------------------
INFO: [SCHED 204-11] Starting scheduling ...
INFO: [SCHED 204-61] Pipelining loop 'WRITE_R_VITIS_LOOP_216_11'.
WARNING: [HLS 200-885] The II Violation in module 'top_Pipeline_WRITE_R_VITIS_LOOP_216_11' (loop 'WRITE_R_VITIS_LOOP_216_11'): Unable to schedule bus request operation ('empty_33', top_cmplx.cpp:216) on port 'memR' (top_cmplx.cpp:216) due to limited memory ports (II = 1). Please consider using a memory core with more ports or partitioning the array.
INFO: [HLS 200-1470] Pipelining result : Target II = NA, Final II = 2, Depth = 10, loop 'WRITE_R_VITIS_LOOP_216_11'
INFO: [SCHED 204-11] Finished scheduling.
INFO: [HLS 200-111] Finished Scheduling: CPU user time: 0 seconds. CPU system time: 1 seconds. Elapsed time: 0.256 seconds; current allocated memory: 329.340 MB.
INFO: [BIND 205-100] Starting micro-architecture generation ...
INFO: [BIND 205-101] Performing variable lifetime analysis.
INFO: [BIND 205-101] Exploring resource sharing.
INFO: [BIND 205-101] Binding ...
INFO: [BIND 205-100] Finished micro-architecture generation.
INFO: [HLS 200-111] Finished Binding: CPU user time: 0 seconds. CPU system time: 0 seconds. Elapsed time: 0.153 seconds; current allocated memory: 329.340 MB.
INFO: [HLS 200-10] ----------------------------------------------------------------
INFO: [HLS 200-42] -- Implementing module 'top' 
INFO: [HLS 200-10] ----------------------------------------------------------------
INFO: [SCHED 204-11] Starting scheduling ...
INFO: [SCHED 204-11] Finished scheduling.
INFO: [HLS 200-111] Finished Scheduling: CPU user time: 1 seconds. CPU system time: 0 seconds. Elapsed time: 0.289 seconds; current allocated memory: 329.340 MB.
INFO: [BIND 205-100] Starting micro-architecture generation ...
INFO: [BIND 205-101] Performing variable lifetime analysis.
INFO: [BIND 205-101] Exploring resource sharing.
INFO: [BIND 205-101] Binding ...
INFO: [BIND 205-100] Finished micro-architecture generation.
INFO: [HLS 200-111] Finished Binding: CPU user time: 0 seconds. CPU system time: 0 seconds. Elapsed time: 0.209 seconds; current allocated memory: 329.340 MB.
INFO: [HLS 200-10] ----------------------------------------------------------------
INFO: [HLS 200-10] -- Generating RTL for module 'top_Pipeline_READ_INIT_VITIS_LOOP_87_1' 
INFO: [HLS 200-10] ----------------------------------------------------------------
INFO: [HLS 200-1030] Apply Unified Pipeline Control on module 'top_Pipeline_READ_INIT_VITIS_LOOP_87_1' pipeline 'READ_INIT_VITIS_LOOP_87_1' pipeline type 'loop pipeline'
INFO: [RTGEN 206-100] Finished creating RTL model for 'top_Pipeline_READ_INIT_VITIS_LOOP_87_1'.
INFO: [HLS 200-111] Finished Creating RTL model: CPU user time: 0 seconds. CPU system time: 0 seconds. Elapsed time: 0.263 seconds; current allocated memory: 329.340 MB.
INFO: [HLS 200-10] ----------------------------------------------------------------
INFO: [HLS 200-10] -- Generating RTL for module 'top_Pipeline_VITIS_LOOP_119_2' 
INFO: [HLS 200-10] ----------------------------------------------------------------
INFO: [HLS 200-1030] Apply Unified Pipeline Control on module 'top_Pipeline_VITIS_LOOP_119_2' pipeline 'VITIS_LOOP_119_2' pipeline type 'loop pipeline'
INFO: [RTGEN 206-100] Generating core module 'fadd_32ns_32ns_32_4_full_dsp_1': 2 instance(s).
INFO: [RTGEN 206-100] Generating core module 'faddfsub_32ns_32ns_32_4_full_dsp_1': 2 instance(s).
INFO: [RTGEN 206-100] Generating core module 'fcmp_32ns_32ns_1_2_no_dsp_1': 1 instance(s).
INFO: [RTGEN 206-100] Generating core module 'fdiv_32ns_32ns_32_8_no_dsp_1': 2 instance(s).
INFO: [RTGEN 206-100] Generating core module 'fmul_32ns_32ns_32_2_max_dsp_1': 8 instance(s).
INFO: [RTGEN 206-100] Generating core module 'fsqrt_32ns_32ns_32_7_no_dsp_1': 2 instance(s).
INFO: [RTGEN 206-100] Generating core module 'sparsemux_13_3_32_1_1': 32 instance(s).
INFO: [RTGEN 206-100] Generating core module 'sparsemux_7_2_32_1_1': 14 instance(s).
INFO: [RTGEN 206-100] Generating core module 'sparsemux_9_2_32_1_1': 14 instance(s).
INFO: [RTGEN 206-100] Finished creating RTL model for 'top_Pipeline_VITIS_LOOP_119_2'.
INFO: [HLS 200-111] Finished Creating RTL model: CPU user time: 2 seconds. CPU system time: 0 seconds. Elapsed time: 2.178 seconds; current allocated memory: 329.340 MB.
INFO: [HLS 200-10] ----------------------------------------------------------------
INFO: [HLS 200-10] -- Generating RTL for module 'top_Pipeline_VITIS_LOOP_181_6_VITIS_LOOP_183_7' 
INFO: [HLS 200-10] ----------------------------------------------------------------
INFO: [RTGEN 206-100] Generating core module 'sparsemux_15_3_32_1_1': 2 instance(s).
INFO: [RTGEN 206-100] Generating core module 'sparsemux_9_2_32_1_1': 14 instance(s).
INFO: [RTGEN 206-100] Finished creating RTL model for 'top_Pipeline_VITIS_LOOP_181_6_VITIS_LOOP_183_7'.
INFO: [HLS 200-111] Finished Creating RTL model: CPU user time: 1 seconds. CPU system time: 1 seconds. Elapsed time: 3.348 seconds; current allocated memory: 372.254 MB.
INFO: [HLS 200-10] ----------------------------------------------------------------
INFO: [HLS 200-10] -- Generating RTL for module 'top_Pipeline_VITIS_LOOP_190_8_VITIS_LOOP_192_9' 
INFO: [HLS 200-10] ----------------------------------------------------------------
INFO: [RTGEN 206-100] Generating core module 'sparsemux_9_2_32_1_1': 5 instance(s).
INFO: [RTGEN 206-100] Finished creating RTL model for 'top_Pipeline_VITIS_LOOP_190_8_VITIS_LOOP_192_9'.
INFO: [HLS 200-111] Finished Creating RTL model: CPU user time: 0 seconds. CPU system time: 1 seconds. Elapsed time: 0.352 seconds; current allocated memory: 372.254 MB.
INFO: [HLS 200-10] ----------------------------------------------------------------
INFO: [HLS 200-10] -- Generating RTL for module 'top_Pipeline_WRITE_Q_VITIS_LOOP_206_10' 
INFO: [HLS 200-10] ----------------------------------------------------------------
INFO: [HLS 200-1030] Apply Unified Pipeline Control on module 'top_Pipeline_WRITE_Q_VITIS_LOOP_206_10' pipeline 'WRITE_Q_VITIS_LOOP_206_10' pipeline type 'loop pipeline'
INFO: [RTGEN 206-100] Generating core module 'sparsemux_9_2_32_1_1': 2 instance(s).
INFO: [RTGEN 206-100] Finished creating RTL model for 'top_Pipeline_WRITE_Q_VITIS_LOOP_206_10'.
INFO: [HLS 200-111] Finished Creating RTL model: CPU user time: 0 seconds. CPU system time: 0 seconds. Elapsed time: 0.339 seconds; current allocated memory: 372.254 MB.
INFO: [HLS 200-10] ----------------------------------------------------------------
INFO: [HLS 200-10] -- Generating RTL for module 'top_Pipeline_WRITE_R_VITIS_LOOP_216_11' 
INFO: [HLS 200-10] ----------------------------------------------------------------
INFO: [HLS 200-1030] Apply Unified Pipeline Control on module 'top_Pipeline_WRITE_R_VITIS_LOOP_216_11' pipeline 'WRITE_R_VITIS_LOOP_216_11' pipeline type 'loop pipeline'
INFO: [RTGEN 206-100] Generating core module 'sparsemux_9_2_32_1_1': 2 instance(s).
INFO: [RTGEN 206-100] Finished creating RTL model for 'top_Pipeline_WRITE_R_VITIS_LOOP_216_11'.
INFO: [HLS 200-111] Finished Creating RTL model: CPU user time: 0 seconds. CPU system time: 0 seconds. Elapsed time: 0.39 seconds; current allocated memory: 372.254 MB.
INFO: [HLS 200-10] ----------------------------------------------------------------
INFO: [HLS 200-10] -- Generating RTL for module 'top' 
INFO: [HLS 200-10] ----------------------------------------------------------------
WARNING: [RTGEN 206-101] Design contains AXI ports. Reset is fixed to synchronous and active low.
INFO: [RTGEN 206-500] Setting interface mode on port 'top/memA' to 'm_axi'.
INFO: [RTGEN 206-500] Setting interface mode on port 'top/memQ' to 'm_axi'.
INFO: [RTGEN 206-500] Setting interface mode on port 'top/memR' to 'm_axi'.
INFO: [RTGEN 206-500] Setting interface mode on port 'top/A_DRAM' to 's_axilite & ap_none'.
INFO: [RTGEN 206-500] Setting interface mode on port 'top/Q_DRAM' to 's_axilite & ap_none'.
INFO: [RTGEN 206-500] Setting interface mode on port 'top/R_DRAM' to 's_axilite & ap_none'.
INFO: [RTGEN 206-500] Setting interface mode on function 'top' to 's_axilite & ap_ctrl_hs'.
INFO: [RTGEN 206-100] Bundling port 'A_DRAM', 'Q_DRAM', 'R_DRAM' and 'return' to AXI-Lite port control.
INFO: [RTGEN 206-100] Finished creating RTL model for 'top'.
INFO: [RTMG 210-278] Implementing memory 'top_Q_out_real_RAM_AUTO_1R1W' using auto RAMs.
INFO: [HLS 200-111] Finished Creating RTL model: CPU user time: 1 seconds. CPU system time: 0 seconds. Elapsed time: 0.724 seconds; current allocated memory: 378.566 MB.
INFO: [HLS 200-111] Finished Generating all RTL models: CPU user time: 0 seconds. CPU system time: 0 seconds. Elapsed time: 1.512 seconds; current allocated memory: 388.699 MB.
INFO: [HLS 200-111] Finished Updating report files: CPU user time: 3 seconds. CPU system time: 0 seconds. Elapsed time: 4.025 seconds; current allocated memory: 401.961 MB.
INFO: [VHDL 208-304] Generating VHDL RTL for top.
INFO: [VLOG 209-307] Generating Verilog RTL for top.
INFO: [HLS 200-790] **** Loop Constraint Status: All loop constraints were NOT satisfied.
INFO: [HLS 200-789] **** Estimated Fmax: 114.29 MHz
INFO: [HLS 200-111] Finished Command csynth_design CPU user time: 37 seconds. CPU system time: 4 seconds. Elapsed time: 74.86 seconds; current allocated memory: 270.062 MB.
==============================================================
Vitis HLS - High-Level Synthesis from C, C++ and OpenCL v2023.2 (64-bit)
Tool Version Limit: 2023.10
Copyright 1986-2022 Xilinx, Inc. All Rights Reserved.
Copyright 2022-2023 Advanced Micro Devices, Inc. All Rights Reserved.

==============================================================
INFO: [SYN 201-201] Setting up clock 'default' with a period of 10ns.
INFO: [SYN 201-201] Setting up clock 'default' with an uncertainty of 1.25ns.
INFO: [HLS 200-1611] Setting target device to 'xczu7ev-ffvc1156-2-e'
INFO: [HLS 200-1505] Using flow_target 'vivado'
INFO: [HLS 200-1464] Running solution command: config_cosim -tool=xsim
INFO: [HLS 200-1464] Running solution command: config_cosim -trace_level=all
INFO: [HLS 200-1464] Running solution command: config_export -format=ip_catalog
INFO: [HLS 200-1464] Running solution command: config_export -output=C:/Users/varad/OneDrive/Documents/GitHub/Matrix_Inversion/COMPLEX_QR/IP_INTRFACE_DRAM_BRAM_BASIC
INFO: [HLS 200-1464] Running solution command: config_export -rtl=verilog
INFO: [HLS 200-1510] Running: set_part xczu7ev-ffvc1156-2-e 
INFO: [HLS 200-1510] Running: create_clock -period 10 -name default 
INFO: [HLS 200-1510] Running: config_cosim -tool xsim -trace_level all 
INFO: [HLS 200-1510] Running: config_export -format ip_catalog -output C:/Users/varad/OneDrive/Documents/GitHub/Matrix_Inversion/COMPLEX_QR/IP_INTRFACE_DRAM_BRAM_BASIC -rtl verilog 
INFO: [HLS 200-1510] Running: set_clock_uncertainty 1.25 
INFO: [HLS 200-1510] Running: source ./CGR_QR_WBS/solution1/directives.tcl
INFO: [HLS 200-1510] Running: set_directive_top -name top top 
INFO: [HLS 200-1510] Running: csim_design -quiet 
INFO: [SIM 211-2] *************** CSIM start ***************
INFO: [SIM 211-4] CSIM will launch GCC as the compiler.
INFO: [HLS 200-2036] Building debug C Simulation binaries
ERROR: [SIM 211-100] 'csim_design' failed: nonzero return value.
INFO: [SIM 211-3] *************** CSIM finish ***************
INFO: [HLS 200-111] Finished Command csim_design CPU user time: 0 seconds. CPU system time: 0 seconds. Elapsed time: 14.415 seconds; current allocated memory: 0.418 MB.
