remark: top_cmplx.cpp:140:20: Loop 'VITIS_LOOP_140_4' is marked as complete unroll implied by the pipeline pragma
remark: top_cmplx.cpp:56:0: Unrolling loop 'VITIS_LOOP_140_4' (top_cmplx.cpp:140:20) in function 'top' completely with a factor of 4
remark: top_cmplx.cpp:6:0: Inlining function 'std::sqrt(float)' into 'compute_givens_rotation(float, float, float&, float&)'
remark: top_cmplx.cpp:56:0: Inlining function 'std::sqrt(float)' into 'top(re_im (*) [4], re_im (*) [4], re_im (*) [4])'
remark: top_cmplx.cpp:56:0: Inlining function 'compute_givens_rotation(float, float, float&, float&)' into 'top(re_im (*) [4], re_im (*) [4], re_im (*) [4])'
remark: top_cmplx.cpp:56:0: Inlining function 'rotate_rows(re_im (*) [4], int, int, float, float, int)' into 'top(re_im (*) [4], re_im (*) [4], re_im (*) [4])'
remark: top_cmplx.cpp:67:7: Applying array_partition to 'Q.real': Complete partitioning on dimension 1. Complete partitioning on dimension 2.
remark: top_cmplx.cpp:67:7: Applying array_partition to 'Q.imag': Complete partitioning on dimension 1. Complete partitioning on dimension 2.
remark: top_cmplx.cpp:68:7: Applying array_partition to 'R.real': Complete partitioning on dimension 1. Complete partitioning on dimension 2.
remark: top_cmplx.cpp:68:7: Applying array_partition to 'R.imag': Complete partitioning on dimension 1. Complete partitioning on dimension 2.
remark: top_cmplx.cpp:70:7: Applying array_partition to 'Q_out.real': Complete partitioning on dimension 2.
remark: top_cmplx.cpp:70:7: Applying array_partition to 'Q_out.imag': Complete partitioning on dimension 2.
remark: top_cmplx.cpp:71:7: Applying array_partition to 'R_out.real': Complete partitioning on dimension 2.
remark: top_cmplx.cpp:71:7: Applying array_partition to 'R_out.imag': Complete partitioning on dimension 2.
remark: top_cmplx.cpp:85:1: Sequential read of length 56 has been inferred _XLX_SEP_ A_DRAM6118seqA_DRAM memA READ_INIT top_cmplx.cpp:85:1 top(re_im (*) [4], re_im (*) [4], re_im (*) [4])  _XLX_SEP_ loadreadfor.body4.load.72loadreadfor.body4.load.75
remark: top_cmplx.cpp:204:1: Sequential write of length 56 has been inferred _XLX_SEP_ Q_DRAM6119seqQ_DRAM memQ WRITE_Q top_cmplx.cpp:204:1 top(re_im (*) [4], re_im (*) [4], re_im (*) [4])  _XLX_SEP_ storewritefor.inc282.store.16storewritefor.inc282.store.27
remark: top_cmplx.cpp:214:1: Sequential write of length 32 has been inferred _XLX_SEP_ R_DRAM6120seqR_DRAM memR WRITE_R top_cmplx.cpp:214:1 top(re_im (*) [4], re_im (*) [4], re_im (*) [4])  _XLX_SEP_ storewritefor.inc318.store.16storewritefor.inc318.store.27
remark: top_cmplx.cpp:214:1: Could not widen since type float size is greater than or equal to the max_widen_bitwidth threshold of 0 _XLX_SEP_ callwriteR_DRAM6120seqR_DRAM memR VITIS_LOOP_216_11 top_cmplx.cpp:216:24 top(re_im (*) [4], re_im (*) [4], re_im (*) [4]) 
remark: top_cmplx.cpp:204:1: Could not widen since type float size is greater than or equal to the max_widen_bitwidth threshold of 0 _XLX_SEP_ callwriteQ_DRAM6119seqQ_DRAM memQ VITIS_LOOP_206_10 top_cmplx.cpp:206:24 top(re_im (*) [4], re_im (*) [4], re_im (*) [4]) 
remark: top_cmplx.cpp:85:1: Could not widen since type float size is greater than or equal to the max_widen_bitwidth threshold of 0 _XLX_SEP_ callreadA_DRAM6118seqA_DRAM memA VITIS_LOOP_87_1 top_cmplx.cpp:87:22 top(re_im (*) [4], re_im (*) [4], re_im (*) [4]) 
remark: automatically set the pipeline for Loop< VITIS_LOOP_87_1> at top_cmplx.cpp:87:22 
remark: automatically set the pipeline for Loop< VITIS_LOOP_119_2> at top_cmplx.cpp:119:23 
remark: automatically set the pipeline for Loop< VITIS_LOOP_183_7> at top_cmplx.cpp:183:23 
remark: automatically set the pipeline for Loop< VITIS_LOOP_192_9> at top_cmplx.cpp:192:23 
remark: automatically set the pipeline for Loop< VITIS_LOOP_206_10> at top_cmplx.cpp:206:24 
remark: automatically set the pipeline for Loop< VITIS_LOOP_216_11> at top_cmplx.cpp:216:24 
remark: top_cmplx.cpp:160:27: Loop 'VITIS_LOOP_160_5' is marked as complete unroll implied by the pipeline pragma
remark: top_cmplx.cpp:56:0: Unrolling loop 'VITIS_LOOP_160_5' (top_cmplx.cpp:160:27) in function 'top' completely with a factor of 4
remark: top_cmplx.cpp:85:1: Inferred burst reverted due to burst accesses data width is different from m_axi port width _XLX_SEP_ callreadA_DRAM6118seq A_DRAM top(re_im (*) [4], re_im (*) [4], re_im (*) [4]) 
remark: top_cmplx.cpp:204:1: Inferred burst reverted due to burst accesses data width is different from m_axi port width _XLX_SEP_ callwriteQ_DRAM6119seq Q_DRAM top(re_im (*) [4], re_im (*) [4], re_im (*) [4]) 
remark: top_cmplx.cpp:214:1: Inferred burst reverted due to burst accesses data width is different from m_axi port width _XLX_SEP_ callwriteR_DRAM6120seq R_DRAM top(re_im (*) [4], re_im (*) [4], re_im (*) [4]) 
===-------------------------------------------------------------------------===
                         Miscellaneous Ungrouped Timers
===-------------------------------------------------------------------------===

   ---User Time---   --System Time--   --User+System--   ---Wall Time---  --- Name ---
   1.2344 (100.0%)   0.0313 (100.0%)   1.2656 (100.0%)   1.2544 (100.0%)  Code Generation Time
   1.2344 (100.0%)   0.0313 (100.0%)   1.2656 (100.0%)   1.2544 (100.0%)  Total

===-------------------------------------------------------------------------===
                      ... Pass execution timing report ...
===-------------------------------------------------------------------------===
  Total Execution Time: 1.1875 seconds (1.2360 wall clock)

   ---User Time---   --System Time--   --User+System--   ---Wall Time---  --- Name ---
   0.1563 ( 13.5%)   0.0000 (  0.0%)   0.1563 ( 13.2%)   0.1460 ( 11.8%)  Global Value Numbering
   0.1250 ( 10.8%)   0.0000 (  0.0%)   0.1250 ( 10.5%)   0.1247 ( 10.1%)  Global Value Numbering
   0.0781 (  6.8%)   0.0000 (  0.0%)   0.0781 (  6.6%)   0.0739 (  6.0%)  Jump Threading
   0.0156 (  1.4%)   0.0156 ( 50.0%)   0.0313 (  2.6%)   0.0316 (  2.6%)  Build loop flatten cost model
   0.0313 (  2.7%)   0.0000 (  0.0%)   0.0313 (  2.6%)   0.0273 (  2.2%)  Automatically infer occurrence information
   0.0156 (  1.4%)   0.0000 (  0.0%)   0.0156 (  1.3%)   0.0223 (  1.8%)  Jump Threading
   0.0313 (  2.7%)   0.0000 (  0.0%)   0.0313 (  2.6%)   0.0199 (  1.6%)  Value Propagation
   0.0156 (  1.4%)   0.0000 (  0.0%)   0.0156 (  1.3%)   0.0171 (  1.4%)  ArrayPartition - Partition Arrays into Banks
   0.0156 (  1.4%)   0.0000 (  0.0%)   0.0156 (  1.3%)   0.0149 (  1.2%)  Value Propagation
   0.0156 (  1.4%)   0.0000 (  0.0%)   0.0156 (  1.3%)   0.0149 (  1.2%)  Value Propagation
   0.0156 (  1.4%)   0.0000 (  0.0%)   0.0156 (  1.3%)   0.0148 (  1.2%)  Generate HLS compatible IR
   0.0156 (  1.4%)   0.0000 (  0.0%)   0.0156 (  1.3%)   0.0147 (  1.2%)  Value Propagation
   0.0156 (  1.4%)   0.0000 (  0.0%)   0.0156 (  1.3%)   0.0145 (  1.2%)  Value Propagation
   0.0156 (  1.4%)   0.0000 (  0.0%)   0.0156 (  1.3%)   0.0137 (  1.1%)  Value Propagation
   0.0156 (  1.4%)   0.0000 (  0.0%)   0.0156 (  1.3%)   0.0136 (  1.1%)  Value Propagation
   0.0156 (  1.4%)   0.0000 (  0.0%)   0.0156 (  1.3%)   0.0135 (  1.1%)  Value Propagation
   0.0156 (  1.4%)   0.0000 (  0.0%)   0.0156 (  1.3%)   0.0135 (  1.1%)  Value Propagation
   0.0156 (  1.4%)   0.0000 (  0.0%)   0.0156 (  1.3%)   0.0135 (  1.1%)  Value Propagation
   0.0156 (  1.4%)   0.0000 (  0.0%)   0.0156 (  1.3%)   0.0103 (  0.8%)  PredicateAnalyzer - Predidate Analysis
   0.0156 (  1.4%)   0.0000 (  0.0%)   0.0156 (  1.3%)   0.0102 (  0.8%)  PredicateAnalyzer - Predidate Analysis
   0.0000 (  0.0%)   0.0000 (  0.0%)   0.0000 (  0.0%)   0.0097 (  0.8%)  Auto automatic array partition analysis
   0.0000 (  0.0%)   0.0000 (  0.0%)   0.0000 (  0.0%)   0.0095 (  0.8%)  Lower intermediate type generated by HLSGen
   0.0000 (  0.0%)   0.0000 (  0.0%)   0.0000 (  0.0%)   0.0092 (  0.7%)  Global Value Numbering
   0.0000 (  0.0%)   0.0000 (  0.0%)   0.0000 (  0.0%)   0.0091 (  0.7%)  Simplify the CFG
   0.0156 (  1.4%)   0.0000 (  0.0%)   0.0156 (  1.3%)   0.0086 (  0.7%)  Automatic array partition transformation
   0.0156 (  1.4%)   0.0000 (  0.0%)   0.0156 (  1.3%)   0.0076 (  0.6%)  Detach IR Wrapper
   0.0156 (  1.4%)   0.0000 (  0.0%)   0.0156 (  1.3%)   0.0075 (  0.6%)  Memory SSA
   0.0000 (  0.0%)   0.0000 (  0.0%)   0.0000 (  0.0%)   0.0074 (  0.6%)  Memory SSA
   0.0000 (  0.0%)   0.0000 (  0.0%)   0.0000 (  0.0%)   0.0070 (  0.6%)  Simplify the CFG
   0.0156 (  1.4%)   0.0000 (  0.0%)   0.0156 (  1.3%)   0.0067 (  0.5%)  Combine redundant instructions
   0.0156 (  1.4%)   0.0000 (  0.0%)   0.0156 (  1.3%)   0.0066 (  0.5%)  Reflow pragma unroll loops
   0.0156 (  1.4%)   0.0000 (  0.0%)   0.0156 (  1.3%)   0.0063 (  0.5%)  Simplify the CFG
   0.0156 (  1.4%)   0.0000 (  0.0%)   0.0156 (  1.3%)   0.0060 (  0.5%)  Induction Variable Simplification
   0.0000 (  0.0%)   0.0000 (  0.0%)   0.0000 (  0.0%)   0.0059 (  0.5%)   automatic function inline driven by performance to break up circuit dependence
   0.0000 (  0.0%)   0.0000 (  0.0%)   0.0000 (  0.0%)   0.0057 (  0.5%)   automatic function inline driven by performance to break up circuit dependence
   0.0000 (  0.0%)   0.0000 (  0.0%)   0.0000 (  0.0%)   0.0054 (  0.4%)  Auto automatic array partition analysis
   0.0000 (  0.0%)   0.0000 (  0.0%)   0.0000 (  0.0%)   0.0053 (  0.4%)  Auto automatic array partition analysis
   0.0156 (  1.4%)   0.0000 (  0.0%)   0.0156 (  1.3%)   0.0052 (  0.4%)  Auto automatic array partition analysis
   0.0156 (  1.4%)   0.0000 (  0.0%)   0.0156 (  1.3%)   0.0049 (  0.4%)  Combine redundant instructions
   0.0000 (  0.0%)   0.0000 (  0.0%)   0.0000 (  0.0%)   0.0048 (  0.4%)  Lower HLS related loops
   0.0000 (  0.0%)   0.0000 (  0.0%)   0.0000 (  0.0%)   0.0044 (  0.4%)  Reflow pragma unroll loops
   0.0000 (  0.0%)   0.0000 (  0.0%)   0.0000 (  0.0%)   0.0044 (  0.4%)  Reflow pragma unroll loops
   0.0000 (  0.0%)   0.0000 (  0.0%)   0.0000 (  0.0%)   0.0044 (  0.4%)  Global Value Numbering
   0.0000 (  0.0%)   0.0000 (  0.0%)   0.0000 (  0.0%)   0.0043 (  0.3%)  Induction Variable Simplification
   0.0156 (  1.4%)   0.0000 (  0.0%)   0.0156 (  1.3%)   0.0041 (  0.3%)  Analyze sequential accesses
   0.0000 (  0.0%)   0.0000 (  0.0%)   0.0000 (  0.0%)   0.0041 (  0.3%)  Interprocedural Sparse Conditional Constant Propagation
   0.0000 (  0.0%)   0.0000 (  0.0%)   0.0000 (  0.0%)   0.0039 (  0.3%)  Simplify the CFG
   0.0000 (  0.0%)   0.0000 (  0.0%)   0.0000 (  0.0%)   0.0039 (  0.3%)  Reflow pragma unroll loops
   0.0000 (  0.0%)   0.0000 (  0.0%)   0.0000 (  0.0%)   0.0035 (  0.3%)  Early GVN Hoisting of Expressions
   0.0000 (  0.0%)   0.0000 (  0.0%)   0.0000 (  0.0%)   0.0033 (  0.3%)  Induction Variable Simplification
   0.0000 (  0.0%)   0.0000 (  0.0%)   0.0000 (  0.0%)   0.0032 (  0.3%)  Print module to file
   0.0000 (  0.0%)   0.0000 (  0.0%)   0.0000 (  0.0%)   0.0032 (  0.3%)  Simplify the CFG
   0.0000 (  0.0%)   0.0000 (  0.0%)   0.0000 (  0.0%)   0.0031 (  0.2%)  Induction Variable Simplification
   0.0000 (  0.0%)   0.0000 (  0.0%)   0.0000 (  0.0%)   0.0030 (  0.2%)  Early GVN Hoisting of Expressions
   0.0000 (  0.0%)   0.0000 (  0.0%)   0.0000 (  0.0%)   0.0030 (  0.2%)  Induction Variable Simplification
   0.0000 (  0.0%)   0.0000 (  0.0%)   0.0000 (  0.0%)   0.0030 (  0.2%)  Global Value Numbering
   0.0000 (  0.0%)   0.0000 (  0.0%)   0.0000 (  0.0%)   0.0029 (  0.2%)  Reflow pipeline loop automatically
   0.0000 (  0.0%)   0.0000 (  0.0%)   0.0000 (  0.0%)   0.0029 (  0.2%)  Collect complexity metrics for FE reflow
   0.0000 (  0.0%)   0.0000 (  0.0%)   0.0000 (  0.0%)   0.0028 (  0.2%)  Interprocedural Sparse Conditional Constant Propagation
   0.0000 (  0.0%)   0.0000 (  0.0%)   0.0000 (  0.0%)   0.0026 (  0.2%)  Remove redundant instructions
   0.0000 (  0.0%)   0.0000 (  0.0%)   0.0000 (  0.0%)   0.0026 (  0.2%)  Induction Variable Simplification
   0.0000 (  0.0%)   0.0000 (  0.0%)   0.0000 (  0.0%)   0.0026 (  0.2%)  Remove redundant instructions
   0.0000 (  0.0%)   0.0000 (  0.0%)   0.0000 (  0.0%)   0.0025 (  0.2%)  Bitcode for HLS
   0.0000 (  0.0%)   0.0000 (  0.0%)   0.0000 (  0.0%)   0.0025 (  0.2%)  WidenBurst - Widen bursts
   0.0156 (  1.4%)   0.0000 (  0.0%)   0.0156 (  1.3%)   0.0025 (  0.2%)  Global Value Numbering
   0.0000 (  0.0%)   0.0000 (  0.0%)   0.0000 (  0.0%)   0.0023 (  0.2%)  Global Value Numbering
   0.0000 (  0.0%)   0.0000 (  0.0%)   0.0000 (  0.0%)   0.0023 (  0.2%)  Lower HLS related attributes
   0.0000 (  0.0%)   0.0000 (  0.0%)   0.0000 (  0.0%)   0.0023 (  0.2%)  Automatic inliner in reflow
   0.0000 (  0.0%)   0.0000 (  0.0%)   0.0000 (  0.0%)   0.0020 (  0.2%)  AlignMemory - Align memory accesses
   0.0000 (  0.0%)   0.0000 (  0.0%)   0.0000 (  0.0%)   0.0019 (  0.2%)  Dump HBM driver helper code
   0.0000 (  0.0%)   0.0000 (  0.0%)   0.0000 (  0.0%)   0.0019 (  0.2%)  Loop-Closed SSA Form Pass
   0.0000 (  0.0%)   0.0000 (  0.0%)   0.0000 (  0.0%)   0.0019 (  0.2%)  Loop-Closed SSA Form Pass
   0.0000 (  0.0%)   0.0000 (  0.0%)   0.0000 (  0.0%)   0.0019 (  0.2%)  Loop-Closed SSA Form Pass
   0.0000 (  0.0%)   0.0000 (  0.0%)   0.0000 (  0.0%)   0.0019 (  0.2%)  Loop-Closed SSA Form Pass
   0.0000 (  0.0%)   0.0000 (  0.0%)   0.0000 (  0.0%)   0.0019 (  0.2%)  LegacyShiftRegisterRecognize - Recognize shift registers and memory
   0.0000 (  0.0%)   0.0000 (  0.0%)   0.0000 (  0.0%)   0.0019 (  0.2%)  AlignMemory - Align memory accesses
   0.0000 (  0.0%)   0.0000 (  0.0%)   0.0000 (  0.0%)   0.0018 (  0.1%)  Simplify the CFG
   0.0000 (  0.0%)   0.0000 (  0.0%)   0.0000 (  0.0%)   0.0018 (  0.1%)  Global Value Numbering
   0.0000 (  0.0%)   0.0000 (  0.0%)   0.0000 (  0.0%)   0.0018 (  0.1%)  Synthesis checker
   0.0000 (  0.0%)   0.0000 (  0.0%)   0.0000 (  0.0%)   0.0018 (  0.1%)  Early GVN Hoisting of Expressions
   0.0000 (  0.0%)   0.0000 (  0.0%)   0.0000 (  0.0%)   0.0018 (  0.1%)  Simplify the CFG
   0.0000 (  0.0%)   0.0000 (  0.0%)   0.0000 (  0.0%)   0.0018 (  0.1%)  Collect complexity metrics for FE reflow
   0.0000 (  0.0%)   0.0000 (  0.0%)   0.0000 (  0.0%)   0.0018 (  0.1%)  Early GVN Hoisting of Expressions
   0.0000 (  0.0%)   0.0000 (  0.0%)   0.0000 (  0.0%)   0.0017 (  0.1%)  Simplify the CFG
   0.0000 (  0.0%)   0.0000 (  0.0%)   0.0000 (  0.0%)   0.0017 (  0.1%)  Simplify the CFG
   0.0000 (  0.0%)   0.0000 (  0.0%)   0.0000 (  0.0%)   0.0017 (  0.1%)  Simplify the CFG
   0.0000 (  0.0%)   0.0000 (  0.0%)   0.0000 (  0.0%)   0.0017 (  0.1%)  Simplify the CFG
   0.0000 (  0.0%)   0.0000 (  0.0%)   0.0000 (  0.0%)   0.0017 (  0.1%)  Early GVN Hoisting of Expressions
   0.0000 (  0.0%)   0.0000 (  0.0%)   0.0000 (  0.0%)   0.0017 (  0.1%)  Simplify the CFG
   0.0000 (  0.0%)   0.0000 (  0.0%)   0.0000 (  0.0%)   0.0017 (  0.1%)  Simplify the CFG
   0.0000 (  0.0%)   0.0000 (  0.0%)   0.0000 (  0.0%)   0.0017 (  0.1%)  Early GVN Hoisting of Expressions
   0.0000 (  0.0%)   0.0000 (  0.0%)   0.0000 (  0.0%)   0.0017 (  0.1%)  Early GVN Hoisting of Expressions
   0.0000 (  0.0%)   0.0000 (  0.0%)   0.0000 (  0.0%)   0.0016 (  0.1%)  Global Value Numbering
   0.0000 (  0.0%)   0.0000 (  0.0%)   0.0000 (  0.0%)   0.0016 (  0.1%)  Global Value Numbering
   0.0000 (  0.0%)   0.0000 (  0.0%)   0.0000 (  0.0%)   0.0016 (  0.1%)  Global Value Numbering
   0.0000 (  0.0%)   0.0000 (  0.0%)   0.0000 (  0.0%)   0.0016 (  0.1%)  Global Value Numbering
   0.0000 (  0.0%)   0.0000 (  0.0%)   0.0000 (  0.0%)   0.0016 (  0.1%)  AlignMemory - Align memory accesses
   0.0000 (  0.0%)   0.0000 (  0.0%)   0.0000 (  0.0%)   0.0016 (  0.1%)  Global Value Numbering
   0.0000 (  0.0%)   0.0000 (  0.0%)   0.0000 (  0.0%)   0.0016 (  0.1%)  Global Value Numbering
   0.0000 (  0.0%)   0.0000 (  0.0%)   0.0000 (  0.0%)   0.0016 (  0.1%)  AlignMemory - Align memory accesses
   0.0000 (  0.0%)   0.0000 (  0.0%)   0.0000 (  0.0%)   0.0016 (  0.1%)  Global Value Numbering
   0.0156 (  1.4%)   0.0000 (  0.0%)   0.0156 (  1.3%)   0.0016 (  0.1%)  Global Value Numbering
   0.0000 (  0.0%)   0.0000 (  0.0%)   0.0000 (  0.0%)   0.0015 (  0.1%)  Global Value Numbering
   0.0000 (  0.0%)   0.0000 (  0.0%)   0.0000 (  0.0%)   0.0015 (  0.1%)  Global Value Numbering
   0.0000 (  0.0%)   0.0000 (  0.0%)   0.0000 (  0.0%)   0.0015 (  0.1%)  Simplify the CFG
   0.0000 (  0.0%)   0.0000 (  0.0%)   0.0000 (  0.0%)   0.0015 (  0.1%)  Global Value Numbering
   0.0000 (  0.0%)   0.0000 (  0.0%)   0.0000 (  0.0%)   0.0015 (  0.1%)  Global Value Numbering
   0.0000 (  0.0%)   0.0000 (  0.0%)   0.0000 (  0.0%)   0.0015 (  0.1%)  Global Value Numbering
   0.0000 (  0.0%)   0.0000 (  0.0%)   0.0000 (  0.0%)   0.0015 (  0.1%)  Global Value Numbering
   0.0000 (  0.0%)   0.0000 (  0.0%)   0.0000 (  0.0%)   0.0015 (  0.1%)  Global Value Numbering
   0.0000 (  0.0%)   0.0000 (  0.0%)   0.0000 (  0.0%)   0.0015 (  0.1%)  Global Value Numbering
   0.0000 (  0.0%)   0.0000 (  0.0%)   0.0000 (  0.0%)   0.0015 (  0.1%)  Global Value Numbering
   0.0000 (  0.0%)   0.0000 (  0.0%)   0.0000 (  0.0%)   0.0015 (  0.1%)  Global Value Numbering
   0.0000 (  0.0%)   0.0000 (  0.0%)   0.0000 (  0.0%)   0.0015 (  0.1%)  Global Value Numbering
   0.0156 (  1.4%)   0.0000 (  0.0%)   0.0156 (  1.3%)   0.0015 (  0.1%)  Global Value Numbering
   0.0000 (  0.0%)   0.0000 (  0.0%)   0.0000 (  0.0%)   0.0015 (  0.1%)  Array out of bound check
   0.0000 (  0.0%)   0.0000 (  0.0%)   0.0000 (  0.0%)   0.0014 (  0.1%)  Global Value Numbering
   0.0000 (  0.0%)   0.0000 (  0.0%)   0.0000 (  0.0%)   0.0014 (  0.1%)  Array out of bound check
   0.0000 (  0.0%)   0.0000 (  0.0%)   0.0000 (  0.0%)   0.0014 (  0.1%)  Array out of bound check
   0.0000 (  0.0%)   0.0000 (  0.0%)   0.0000 (  0.0%)   0.0014 (  0.1%)  Produce message if basic block has too many instructions
   0.0000 (  0.0%)   0.0000 (  0.0%)   0.0000 (  0.0%)   0.0014 (  0.1%)  Array out of bound check
   0.0156 (  1.4%)   0.0000 (  0.0%)   0.0156 (  1.3%)   0.0014 (  0.1%)  Global Value Numbering
   0.0000 (  0.0%)   0.0000 (  0.0%)   0.0000 (  0.0%)   0.0014 (  0.1%)  Post-Dominator Tree Construction
   0.0000 (  0.0%)   0.0000 (  0.0%)   0.0000 (  0.0%)   0.0014 (  0.1%)  Combine redundant instructions
   0.0156 (  1.4%)   0.0000 (  0.0%)   0.0156 (  1.3%)   0.0014 (  0.1%)  Global Value Numbering
   0.0000 (  0.0%)   0.0000 (  0.0%)   0.0000 (  0.0%)   0.0014 (  0.1%)  Global Value Numbering
   0.0156 (  1.4%)   0.0000 (  0.0%)   0.0156 (  1.3%)   0.0013 (  0.1%)  Global Value Numbering
   0.0000 (  0.0%)   0.0000 (  0.0%)   0.0000 (  0.0%)   0.0013 (  0.1%)  Post-Dominator Tree Construction
   0.0000 (  0.0%)   0.0000 (  0.0%)   0.0000 (  0.0%)   0.0013 (  0.1%)  Combine redundant instructions
   0.0000 (  0.0%)   0.0000 (  0.0%)   0.0000 (  0.0%)   0.0013 (  0.1%)  Loop-Closed SSA Form Pass
   0.0000 (  0.0%)   0.0000 (  0.0%)   0.0000 (  0.0%)   0.0013 (  0.1%)  Induction Variable Simplification
   0.0000 (  0.0%)   0.0000 (  0.0%)   0.0000 (  0.0%)   0.0013 (  0.1%)  Global Value Numbering
   0.0000 (  0.0%)   0.0000 (  0.0%)   0.0000 (  0.0%)   0.0013 (  0.1%)  Collect complexity metrics for FE reflow
   0.0000 (  0.0%)   0.0000 (  0.0%)   0.0000 (  0.0%)   0.0013 (  0.1%)  Collect complexity metrics for FE reflow
   0.0156 (  1.4%)   0.0000 (  0.0%)   0.0156 (  1.3%)   0.0013 (  0.1%)  Collect complexity metrics for FE reflow
   0.0000 (  0.0%)   0.0000 (  0.0%)   0.0000 (  0.0%)   0.0013 (  0.1%)  Global Value Numbering
   0.0156 (  1.4%)   0.0000 (  0.0%)   0.0156 (  1.3%)   0.0013 (  0.1%)  Loop Invariant Code Motion
   0.0156 (  1.4%)   0.0000 (  0.0%)   0.0156 (  1.3%)   0.0013 (  0.1%)  Loop-Closed SSA Form Pass
   0.0000 (  0.0%)   0.0000 (  0.0%)   0.0000 (  0.0%)   0.0012 (  0.1%)  Collect complexity metrics for FE reflow
   0.0000 (  0.0%)   0.0000 (  0.0%)   0.0000 (  0.0%)   0.0012 (  0.1%)  Loop-Closed SSA Form Pass
   0.0000 (  0.0%)   0.0000 (  0.0%)   0.0000 (  0.0%)   0.0012 (  0.1%)  Undecay arrays
   0.0000 (  0.0%)   0.0000 (  0.0%)   0.0000 (  0.0%)   0.0012 (  0.1%)  Collect complexity metrics for FE reflow
   0.0000 (  0.0%)   0.0000 (  0.0%)   0.0000 (  0.0%)   0.0012 (  0.1%)  Loop-Closed SSA Form Pass
   0.0000 (  0.0%)   0.0000 (  0.0%)   0.0000 (  0.0%)   0.0012 (  0.1%)  Detect single entry single exit regions
   0.0000 (  0.0%)   0.0000 (  0.0%)   0.0000 (  0.0%)   0.0012 (  0.1%)  Aggressive Dead Code Elimination
   0.0000 (  0.0%)   0.0000 (  0.0%)   0.0000 (  0.0%)   0.0012 (  0.1%)  Collect complexity metrics for FE reflow
   0.0000 (  0.0%)   0.0000 (  0.0%)   0.0000 (  0.0%)   0.0012 (  0.1%)  Loop-Closed SSA Form Pass
   0.0000 (  0.0%)   0.0000 (  0.0%)   0.0000 (  0.0%)   0.0012 (  0.1%)  Collect complexity metrics for FE reflow
   0.0000 (  0.0%)   0.0000 (  0.0%)   0.0000 (  0.0%)   0.0012 (  0.1%)  Induction Variable Simplification
   0.0000 (  0.0%)   0.0000 (  0.0%)   0.0000 (  0.0%)   0.0012 (  0.1%)  Collect complexity metrics for FE reflow
   0.0000 (  0.0%)   0.0000 (  0.0%)   0.0000 (  0.0%)   0.0011 (  0.1%)  Aggressive Dead Code Elimination
   0.0000 (  0.0%)   0.0000 (  0.0%)   0.0000 (  0.0%)   0.0011 (  0.1%)  Detect single entry single exit regions
   0.0000 (  0.0%)   0.0000 (  0.0%)   0.0000 (  0.0%)   0.0011 (  0.1%)  Infer complete unroll based on pipeline pragma
   0.0000 (  0.0%)   0.0000 (  0.0%)   0.0000 (  0.0%)   0.0011 (  0.1%)  Memory SSA
   0.0000 (  0.0%)   0.0000 (  0.0%)   0.0000 (  0.0%)   0.0011 (  0.1%)  Memory SSA
   0.0000 (  0.0%)   0.0000 (  0.0%)   0.0000 (  0.0%)   0.0011 (  0.1%)  Collect complexity metrics for FE reflow
   0.0156 (  1.4%)   0.0000 (  0.0%)   0.0156 (  1.3%)   0.0011 (  0.1%)  Aggressive Dead Code Elimination
   0.0000 (  0.0%)   0.0000 (  0.0%)   0.0000 (  0.0%)   0.0011 (  0.1%)  Collect complexity metrics for FE reflow
   0.0000 (  0.0%)   0.0000 (  0.0%)   0.0000 (  0.0%)   0.0011 (  0.1%)  dump pragma info via xml format
   0.0000 (  0.0%)   0.0000 (  0.0%)   0.0000 (  0.0%)   0.0011 (  0.1%)  Aggressive Dead Code Elimination
   0.0000 (  0.0%)   0.0000 (  0.0%)   0.0000 (  0.0%)   0.0011 (  0.1%)  Aggressive Dead Code Elimination
   0.0000 (  0.0%)   0.0000 (  0.0%)   0.0000 (  0.0%)   0.0011 (  0.1%)  Aggressive Dead Code Elimination
   0.0000 (  0.0%)   0.0000 (  0.0%)   0.0000 (  0.0%)   0.0011 (  0.1%)  Collect complexity metrics for FE reflow
   0.0000 (  0.0%)   0.0000 (  0.0%)   0.0000 (  0.0%)   0.0011 (  0.1%)  Loop-Closed SSA Form Pass
   0.0000 (  0.0%)   0.0000 (  0.0%)   0.0000 (  0.0%)   0.0011 (  0.1%)  Aggressive Dead Code Elimination
   0.0000 (  0.0%)   0.0000 (  0.0%)   0.0000 (  0.0%)   0.0011 (  0.1%)  Aggressive Dead Code Elimination
   0.0000 (  0.0%)   0.0000 (  0.0%)   0.0000 (  0.0%)   0.0011 (  0.1%)  Aggressive Dead Code Elimination
   0.0000 (  0.0%)   0.0000 (  0.0%)   0.0000 (  0.0%)   0.0011 (  0.1%)  Aggressive Dead Code Elimination
   0.0156 (  1.4%)   0.0000 (  0.0%)   0.0156 (  1.3%)   0.0011 (  0.1%)  Aggressive Dead Code Elimination
   0.0000 (  0.0%)   0.0000 (  0.0%)   0.0000 (  0.0%)   0.0011 (  0.1%)  Aggressive Dead Code Elimination
   0.0000 (  0.0%)   0.0000 (  0.0%)   0.0000 (  0.0%)   0.0011 (  0.1%)  LoopDepAnalysis - Reflow Loop Dependence Annotation
   0.0000 (  0.0%)   0.0000 (  0.0%)   0.0000 (  0.0%)   0.0011 (  0.1%)  Aggressive Dead Code Elimination
   0.0000 (  0.0%)   0.0000 (  0.0%)   0.0000 (  0.0%)   0.0011 (  0.1%)  Aggressive Dead Code Elimination
   0.0000 (  0.0%)   0.0000 (  0.0%)   0.0000 (  0.0%)   0.0010 (  0.1%)  Aggressive Dead Code Elimination
   0.0000 (  0.0%)   0.0000 (  0.0%)   0.0000 (  0.0%)   0.0010 (  0.1%)  Aggressive Dead Code Elimination
   0.0000 (  0.0%)   0.0000 (  0.0%)   0.0000 (  0.0%)   0.0010 (  0.1%)  Aggressive Dead Code Elimination
   0.0000 (  0.0%)   0.0000 (  0.0%)   0.0000 (  0.0%)   0.0010 (  0.1%)  SeqAccessesInference - Infer Sequential accesses for HLS C/C++
   0.0000 (  0.0%)   0.0000 (  0.0%)   0.0000 (  0.0%)   0.0010 (  0.1%)  Aggressive Dead Code Elimination
   0.0000 (  0.0%)   0.0000 (  0.0%)   0.0000 (  0.0%)   0.0010 (  0.1%)  Aggressive Dead Code Elimination
   0.0000 (  0.0%)   0.0000 (  0.0%)   0.0000 (  0.0%)   0.0010 (  0.1%)  Aggressive Dead Code Elimination
   0.0000 (  0.0%)   0.0000 (  0.0%)   0.0000 (  0.0%)   0.0010 (  0.1%)  Aggressive Dead Code Elimination
   0.0000 (  0.0%)   0.0000 (  0.0%)   0.0000 (  0.0%)   0.0010 (  0.1%)  AlignMemory - Align memory accesses
   0.0000 (  0.0%)   0.0000 (  0.0%)   0.0000 (  0.0%)   0.0010 (  0.1%)  Aggressive Dead Code Elimination
   0.0000 (  0.0%)   0.0000 (  0.0%)   0.0000 (  0.0%)   0.0010 (  0.1%)  Aggressive Dead Code Elimination
   0.0000 (  0.0%)   0.0000 (  0.0%)   0.0000 (  0.0%)   0.0010 (  0.1%)  Aggressive Dead Code Elimination
   0.0000 (  0.0%)   0.0000 (  0.0%)   0.0000 (  0.0%)   0.0009 (  0.1%)  Aggressive Dead Code Elimination
   0.0000 (  0.0%)   0.0000 (  0.0%)   0.0000 (  0.0%)   0.0009 (  0.1%)  Infer complete unroll based on pipeline pragma
   0.0000 (  0.0%)   0.0000 (  0.0%)   0.0000 (  0.0%)   0.0009 (  0.1%)  Dominator Tree Construction
   0.0000 (  0.0%)   0.0000 (  0.0%)   0.0000 (  0.0%)   0.0009 (  0.1%)  Dominator Tree Construction
   0.0000 (  0.0%)   0.0000 (  0.0%)   0.0000 (  0.0%)   0.0009 (  0.1%)  Collect complexity metrics for FE reflow
   0.0000 (  0.0%)   0.0000 (  0.0%)   0.0000 (  0.0%)   0.0009 (  0.1%)  Aggressive Dead Code Elimination
   0.0000 (  0.0%)   0.0000 (  0.0%)   0.0000 (  0.0%)   0.0009 (  0.1%)  Aggressive Dead Code Elimination
   0.0000 (  0.0%)   0.0000 (  0.0%)   0.0000 (  0.0%)   0.0009 (  0.1%)  Natural Loop Information
   0.0000 (  0.0%)   0.0000 (  0.0%)   0.0000 (  0.0%)   0.0009 (  0.1%)  Aggressive Dead Code Elimination
   0.0000 (  0.0%)   0.0000 (  0.0%)   0.0000 (  0.0%)   0.0009 (  0.1%)  AlignMemory - Align memory accesses
   0.0000 (  0.0%)   0.0000 (  0.0%)   0.0000 (  0.0%)   0.0009 (  0.1%)  Collect complexity metrics for FE reflow
   0.0000 (  0.0%)   0.0000 (  0.0%)   0.0000 (  0.0%)   0.0009 (  0.1%)  Dominance Frontier Construction
   0.0156 (  1.4%)   0.0000 (  0.0%)   0.0156 (  1.3%)   0.0009 (  0.1%)  AlignMemory - Align memory accesses
   0.0000 (  0.0%)   0.0000 (  0.0%)   0.0000 (  0.0%)   0.0009 (  0.1%)  Dominance Frontier Construction
   0.0000 (  0.0%)   0.0000 (  0.0%)   0.0000 (  0.0%)   0.0009 (  0.1%)  AlignMemory - Align memory accesses
   0.0000 (  0.0%)   0.0000 (  0.0%)   0.0000 (  0.0%)   0.0009 (  0.1%)  AlignMemory - Align memory accesses
   0.0000 (  0.0%)   0.0000 (  0.0%)   0.0000 (  0.0%)   0.0009 (  0.1%)  Natural Loop Information
   0.0000 (  0.0%)   0.0000 (  0.0%)   0.0000 (  0.0%)   0.0008 (  0.1%)  Reflow pragma unroll loops
   0.0000 (  0.0%)   0.0000 (  0.0%)   0.0000 (  0.0%)   0.0008 (  0.1%)  Global Value Numbering
   0.0000 (  0.0%)   0.0000 (  0.0%)   0.0000 (  0.0%)   0.0008 (  0.1%)  Global Value Numbering
   0.0000 (  0.0%)   0.0000 (  0.0%)   0.0000 (  0.0%)   0.0008 (  0.1%)  Global Value Numbering
   0.0000 (  0.0%)   0.0000 (  0.0%)   0.0000 (  0.0%)   0.0007 (  0.1%)  Memory Summary
   0.0000 (  0.0%)   0.0000 (  0.0%)   0.0000 (  0.0%)   0.0007 (  0.1%)  Loop Load Elimination
   0.0000 (  0.0%)   0.0000 (  0.0%)   0.0000 (  0.0%)   0.0007 (  0.1%)  Merge accesses
   0.0000 (  0.0%)   0.0000 (  0.0%)   0.0000 (  0.0%)   0.0007 (  0.1%)  Infer complete unroll based on pipeline pragma
   0.0000 (  0.0%)   0.0000 (  0.0%)   0.0000 (  0.0%)   0.0007 (  0.1%)  Global Value Numbering
   0.0000 (  0.0%)   0.0000 (  0.0%)   0.0000 (  0.0%)   0.0007 (  0.1%)  Loop Invariant Code Motion
   0.0000 (  0.0%)   0.0000 (  0.0%)   0.0000 (  0.0%)   0.0007 (  0.1%)  Loop-Closed SSA Form Pass
   0.0000 (  0.0%)   0.0000 (  0.0%)   0.0000 (  0.0%)   0.0007 (  0.1%)  Dominator Tree Construction
   0.0000 (  0.0%)   0.0000 (  0.0%)   0.0000 (  0.0%)   0.0007 (  0.1%)  Natural Loop Information
   0.0000 (  0.0%)   0.0000 (  0.0%)   0.0000 (  0.0%)   0.0007 (  0.1%)  LegacyShiftRegisterRecognize - Recognize shift registers and memory
   0.0000 (  0.0%)   0.0000 (  0.0%)   0.0000 (  0.0%)   0.0007 (  0.1%)  Dominator Tree Construction
   0.0000 (  0.0%)   0.0000 (  0.0%)   0.0000 (  0.0%)   0.0007 (  0.1%)  Loop-Closed SSA Form Pass
   0.0000 (  0.0%)   0.0000 (  0.0%)   0.0000 (  0.0%)   0.0007 (  0.1%)  Natural Loop Information
   0.0000 (  0.0%)   0.0000 (  0.0%)   0.0000 (  0.0%)   0.0007 (  0.1%)  Combine redundant instructions
   0.0000 (  0.0%)   0.0000 (  0.0%)   0.0000 (  0.0%)   0.0007 (  0.1%)  Achieval II estimation - estimate acheival II lower bound according to constraint
   0.0156 (  1.4%)   0.0000 (  0.0%)   0.0156 (  1.3%)   0.0007 (  0.1%)  Natural Loop Information
   0.0000 (  0.0%)   0.0000 (  0.0%)   0.0000 (  0.0%)   0.0007 (  0.1%)  Dominator Tree Construction
   0.0000 (  0.0%)   0.0000 (  0.0%)   0.0000 (  0.0%)   0.0007 (  0.1%)  Combine redundant instructions
   0.0000 (  0.0%)   0.0000 (  0.0%)   0.0000 (  0.0%)   0.0006 (  0.1%)  Natural Loop Information
   0.0000 (  0.0%)   0.0000 (  0.0%)   0.0000 (  0.0%)   0.0006 (  0.1%)  Combine redundant instructions
   0.0000 (  0.0%)   0.0000 (  0.0%)   0.0000 (  0.0%)   0.0006 (  0.1%)  Combine redundant instructions
   0.0000 (  0.0%)   0.0000 (  0.0%)   0.0000 (  0.0%)   0.0006 (  0.1%)  Dominator Tree Construction
   0.0000 (  0.0%)   0.0000 (  0.0%)   0.0000 (  0.0%)   0.0006 (  0.1%)  Dominator Tree Construction
   0.0000 (  0.0%)   0.0000 (  0.0%)   0.0000 (  0.0%)   0.0006 (  0.1%)  Combine redundant instructions
   0.0000 (  0.0%)   0.0000 (  0.0%)   0.0000 (  0.0%)   0.0006 (  0.1%)  Natural Loop Information
   0.0000 (  0.0%)   0.0000 (  0.0%)   0.0000 (  0.0%)   0.0006 (  0.1%)  Rotate Loops
   0.0000 (  0.0%)   0.0000 (  0.0%)   0.0000 (  0.0%)   0.0006 (  0.1%)  Combine redundant instructions
   0.0000 (  0.0%)   0.0000 (  0.0%)   0.0000 (  0.0%)   0.0006 (  0.1%)  Merge accesses
   0.0000 (  0.0%)   0.0000 (  0.0%)   0.0000 (  0.0%)   0.0006 (  0.1%)  Canonicalize natural loops
   0.0000 (  0.0%)   0.0000 (  0.0%)   0.0000 (  0.0%)   0.0006 (  0.1%)  Dominator Tree Construction
   0.0000 (  0.0%)   0.0000 (  0.0%)   0.0000 (  0.0%)   0.0006 (  0.1%)  Dominator Tree Construction
   0.0000 (  0.0%)   0.0000 (  0.0%)   0.0000 (  0.0%)   0.0006 (  0.1%)  Natural Loop Information
   0.0000 (  0.0%)   0.0000 (  0.0%)   0.0000 (  0.0%)   0.0006 (  0.0%)  Combine redundant instructions
   0.0000 (  0.0%)   0.0000 (  0.0%)   0.0000 (  0.0%)   0.0006 (  0.0%)  Natural Loop Information
   0.0000 (  0.0%)   0.0000 (  0.0%)   0.0000 (  0.0%)   0.0006 (  0.0%)  Post-Dominator Tree Construction
   0.0000 (  0.0%)   0.0000 (  0.0%)   0.0000 (  0.0%)   0.0006 (  0.0%)  Remove redundant instructions
   0.0000 (  0.0%)   0.0000 (  0.0%)   0.0000 (  0.0%)   0.0006 (  0.0%)  Combine redundant instructions
   0.0000 (  0.0%)   0.0000 (  0.0%)   0.0000 (  0.0%)   0.0006 (  0.0%)  Combine redundant instructions
   0.0000 (  0.0%)   0.0000 (  0.0%)   0.0000 (  0.0%)   0.0006 (  0.0%)  Dominator Tree Construction
   0.0000 (  0.0%)   0.0000 (  0.0%)   0.0000 (  0.0%)   0.0006 (  0.0%)  Post-Dominator Tree Construction
   0.0000 (  0.0%)   0.0000 (  0.0%)   0.0000 (  0.0%)   0.0006 (  0.0%)  Combine redundant instructions
   0.0000 (  0.0%)   0.0000 (  0.0%)   0.0000 (  0.0%)   0.0006 (  0.0%)  Combine redundant instructions
   0.0000 (  0.0%)   0.0000 (  0.0%)   0.0000 (  0.0%)   0.0006 (  0.0%)  Natural Loop Information
   0.0000 (  0.0%)   0.0000 (  0.0%)   0.0000 (  0.0%)   0.0006 (  0.0%)  Collect complexity metrics for FE reflow
   0.0000 (  0.0%)   0.0000 (  0.0%)   0.0000 (  0.0%)   0.0006 (  0.0%)  Post-Dominator Tree Construction
   0.0000 (  0.0%)   0.0000 (  0.0%)   0.0000 (  0.0%)   0.0006 (  0.0%)  MemSSAOpt - Memory SSA based optimizations
   0.0000 (  0.0%)   0.0000 (  0.0%)   0.0000 (  0.0%)   0.0006 (  0.0%)  Collect complexity metrics for FE reflow
   0.0000 (  0.0%)   0.0000 (  0.0%)   0.0000 (  0.0%)   0.0006 (  0.0%)  Memory Summary
   0.0000 (  0.0%)   0.0000 (  0.0%)   0.0000 (  0.0%)   0.0006 (  0.0%)  Combine redundant instructions
   0.0000 (  0.0%)   0.0000 (  0.0%)   0.0000 (  0.0%)   0.0006 (  0.0%)  Interleave memory accesses
   0.0000 (  0.0%)   0.0000 (  0.0%)   0.0000 (  0.0%)   0.0006 (  0.0%)  Canonicalize natural loops
   0.0000 (  0.0%)   0.0000 (  0.0%)   0.0000 (  0.0%)   0.0006 (  0.0%)  Canonicalize natural loops
   0.0000 (  0.0%)   0.0000 (  0.0%)   0.0000 (  0.0%)   0.0006 (  0.0%)  Memory Summary
   0.0000 (  0.0%)   0.0000 (  0.0%)   0.0000 (  0.0%)   0.0006 (  0.0%)  Loop-Closed SSA Form Pass
   0.0000 (  0.0%)   0.0000 (  0.0%)   0.0000 (  0.0%)   0.0005 (  0.0%)  Combine redundant instructions
   0.0000 (  0.0%)   0.0000 (  0.0%)   0.0000 (  0.0%)   0.0005 (  0.0%)  Combine redundant instructions
   0.0000 (  0.0%)   0.0000 (  0.0%)   0.0000 (  0.0%)   0.0005 (  0.0%)  Simple constant propagation
   0.0000 (  0.0%)   0.0000 (  0.0%)   0.0000 (  0.0%)   0.0005 (  0.0%)  Combine redundant instructions
   0.0000 (  0.0%)   0.0000 (  0.0%)   0.0000 (  0.0%)   0.0005 (  0.0%)  Post-Dominator Tree Construction
   0.0000 (  0.0%)   0.0000 (  0.0%)   0.0000 (  0.0%)   0.0005 (  0.0%)  Loop-Closed SSA Form Pass
   0.0000 (  0.0%)   0.0000 (  0.0%)   0.0000 (  0.0%)   0.0005 (  0.0%)  Memory SSA
   0.0000 (  0.0%)   0.0000 (  0.0%)   0.0000 (  0.0%)   0.0005 (  0.0%)  Loop Invariant Code Motion
   0.0000 (  0.0%)   0.0000 (  0.0%)   0.0000 (  0.0%)   0.0005 (  0.0%)  Combine redundant instructions
   0.0000 (  0.0%)   0.0000 (  0.0%)   0.0000 (  0.0%)   0.0005 (  0.0%)  Memory SSA
   0.0000 (  0.0%)   0.0000 (  0.0%)   0.0000 (  0.0%)   0.0005 (  0.0%)  Loop-Closed SSA Form Pass
   0.0000 (  0.0%)   0.0000 (  0.0%)   0.0000 (  0.0%)   0.0005 (  0.0%)  Dominator Tree Construction
   0.0000 (  0.0%)   0.0000 (  0.0%)   0.0000 (  0.0%)   0.0005 (  0.0%)  Memory SSA
   0.0000 (  0.0%)   0.0000 (  0.0%)   0.0000 (  0.0%)   0.0005 (  0.0%)  Memory SSA
   0.0000 (  0.0%)   0.0000 (  0.0%)   0.0000 (  0.0%)   0.0005 (  0.0%)  Natural Loop Information
   0.0000 (  0.0%)   0.0000 (  0.0%)   0.0000 (  0.0%)   0.0005 (  0.0%)  Memory SSA
   0.0000 (  0.0%)   0.0000 (  0.0%)   0.0000 (  0.0%)   0.0005 (  0.0%)  Dominator Tree Construction
   0.0000 (  0.0%)   0.0000 (  0.0%)   0.0000 (  0.0%)   0.0005 (  0.0%)  Merge accesses
   0.0000 (  0.0%)   0.0000 (  0.0%)   0.0000 (  0.0%)   0.0005 (  0.0%)  Memory SSA
   0.0000 (  0.0%)   0.0000 (  0.0%)   0.0000 (  0.0%)   0.0005 (  0.0%)  Extract dataflow loop
   0.0000 (  0.0%)   0.0000 (  0.0%)   0.0000 (  0.0%)   0.0005 (  0.0%)  Automatic data reuse optimization
   0.0000 (  0.0%)   0.0000 (  0.0%)   0.0000 (  0.0%)   0.0005 (  0.0%)  Dominator Tree Construction
   0.0000 (  0.0%)   0.0000 (  0.0%)   0.0000 (  0.0%)   0.0005 (  0.0%)  Memory SSA
   0.0000 (  0.0%)   0.0000 (  0.0%)   0.0000 (  0.0%)   0.0005 (  0.0%)  Deduce function attributes
   0.0000 (  0.0%)   0.0000 (  0.0%)   0.0000 (  0.0%)   0.0005 (  0.0%)  Memory SSA
   0.0000 (  0.0%)   0.0000 (  0.0%)   0.0000 (  0.0%)   0.0005 (  0.0%)  AccessGroup - Group the memory access for the same object
   0.0000 (  0.0%)   0.0000 (  0.0%)   0.0000 (  0.0%)   0.0005 (  0.0%)  Generate IR Wrapper
   0.0000 (  0.0%)   0.0000 (  0.0%)   0.0000 (  0.0%)   0.0005 (  0.0%)  Natural Loop Information
   0.0000 (  0.0%)   0.0000 (  0.0%)   0.0000 (  0.0%)   0.0005 (  0.0%)  Canonicalize natural loops
   0.0000 (  0.0%)   0.0000 (  0.0%)   0.0000 (  0.0%)   0.0005 (  0.0%)  Memory Summary
   0.0000 (  0.0%)   0.0000 (  0.0%)   0.0000 (  0.0%)   0.0005 (  0.0%)  Natural Loop Information
   0.0000 (  0.0%)   0.0000 (  0.0%)   0.0000 (  0.0%)   0.0005 (  0.0%)  Dominator Tree Construction
   0.0000 (  0.0%)   0.0000 (  0.0%)   0.0000 (  0.0%)   0.0005 (  0.0%)  Natural Loop Information
   0.0000 (  0.0%)   0.0000 (  0.0%)   0.0000 (  0.0%)   0.0005 (  0.0%)  Canonicalize natural loops
   0.0000 (  0.0%)   0.0000 (  0.0%)   0.0000 (  0.0%)   0.0005 (  0.0%)  Canonicalize natural loops
   0.0000 (  0.0%)   0.0000 (  0.0%)   0.0000 (  0.0%)   0.0005 (  0.0%)  Dominator Tree Construction
   0.0000 (  0.0%)   0.0000 (  0.0%)   0.0000 (  0.0%)   0.0005 (  0.0%)  Post-Dominator Tree Construction
   0.0000 (  0.0%)   0.0000 (  0.0%)   0.0000 (  0.0%)   0.0004 (  0.0%)  Remove redundant instructions
   0.0000 (  0.0%)   0.0000 (  0.0%)   0.0000 (  0.0%)   0.0004 (  0.0%)  Dominator Tree Construction
   0.0000 (  0.0%)   0.0000 (  0.0%)   0.0000 (  0.0%)   0.0004 (  0.0%)  Natural Loop Information
   0.0000 (  0.0%)   0.0000 (  0.0%)   0.0000 (  0.0%)   0.0004 (  0.0%)  Inliner for always_inline functions
   0.0000 (  0.0%)   0.0000 (  0.0%)   0.0000 (  0.0%)   0.0004 (  0.0%)  Post-Dominator Tree Construction
   0.0000 (  0.0%)   0.0000 (  0.0%)   0.0000 (  0.0%)   0.0004 (  0.0%)  Post-Dominator Tree Construction
   0.0000 (  0.0%)   0.0000 (  0.0%)   0.0000 (  0.0%)   0.0004 (  0.0%)  Canonicalize natural loops
   0.0000 (  0.0%)   0.0000 (  0.0%)   0.0000 (  0.0%)   0.0004 (  0.0%)  Natural Loop Information
   0.0000 (  0.0%)   0.0000 (  0.0%)   0.0000 (  0.0%)   0.0004 (  0.0%)  Natural Loop Information
   0.0000 (  0.0%)   0.0000 (  0.0%)   0.0000 (  0.0%)   0.0004 (  0.0%)  Infer complete unroll based on pipeline pragma
   0.0000 (  0.0%)   0.0000 (  0.0%)   0.0000 (  0.0%)   0.0004 (  0.0%)  Post-Dominator Tree Construction
   0.0000 (  0.0%)   0.0000 (  0.0%)   0.0000 (  0.0%)   0.0004 (  0.0%)  Dominator Tree Construction
   0.0000 (  0.0%)   0.0000 (  0.0%)   0.0000 (  0.0%)   0.0004 (  0.0%)  Synthesis checker
   0.0000 (  0.0%)   0.0000 (  0.0%)   0.0000 (  0.0%)   0.0004 (  0.0%)  Natural Loop Information
   0.0000 (  0.0%)   0.0000 (  0.0%)   0.0000 (  0.0%)   0.0004 (  0.0%)  Post-Dominator Tree Construction
   0.0000 (  0.0%)   0.0000 (  0.0%)   0.0000 (  0.0%)   0.0004 (  0.0%)  Loop Invariant Code Motion
   0.0000 (  0.0%)   0.0000 (  0.0%)   0.0000 (  0.0%)   0.0004 (  0.0%)  Global Value Numbering
   0.0000 (  0.0%)   0.0000 (  0.0%)   0.0000 (  0.0%)   0.0004 (  0.0%)  Dominator Tree Construction
   0.0000 (  0.0%)   0.0000 (  0.0%)   0.0000 (  0.0%)   0.0004 (  0.0%)  Memory SSA
   0.0000 (  0.0%)   0.0000 (  0.0%)   0.0000 (  0.0%)   0.0004 (  0.0%)  Dominator Tree Construction
   0.0000 (  0.0%)   0.0000 (  0.0%)   0.0000 (  0.0%)   0.0004 (  0.0%)  Dominator Tree Construction
   0.0000 (  0.0%)   0.0000 (  0.0%)   0.0000 (  0.0%)   0.0004 (  0.0%)  Dominator Tree Construction
   0.0000 (  0.0%)   0.0000 (  0.0%)   0.0000 (  0.0%)   0.0004 (  0.0%)  Remove redundant instructions
   0.0000 (  0.0%)   0.0000 (  0.0%)   0.0000 (  0.0%)   0.0004 (  0.0%)  Post-Dominator Tree Construction
   0.0000 (  0.0%)   0.0000 (  0.0%)   0.0000 (  0.0%)   0.0004 (  0.0%)  Post-Dominator Tree Construction
   0.0000 (  0.0%)   0.0000 (  0.0%)   0.0000 (  0.0%)   0.0004 (  0.0%)  Memory SSA
   0.0000 (  0.0%)   0.0000 (  0.0%)   0.0000 (  0.0%)   0.0004 (  0.0%)  Post-Dominator Tree Construction
   0.0000 (  0.0%)   0.0000 (  0.0%)   0.0000 (  0.0%)   0.0004 (  0.0%)  Post-Dominator Tree Construction
   0.0156 (  1.4%)   0.0000 (  0.0%)   0.0156 (  1.3%)   0.0004 (  0.0%)  Remove redundant instructions
   0.0000 (  0.0%)   0.0000 (  0.0%)   0.0000 (  0.0%)   0.0004 (  0.0%)  Post-Dominator Tree Construction
   0.0000 (  0.0%)   0.0000 (  0.0%)   0.0000 (  0.0%)   0.0004 (  0.0%)  Pragma preprocessing after clang
   0.0000 (  0.0%)   0.0000 (  0.0%)   0.0000 (  0.0%)   0.0004 (  0.0%)  Post-Dominator Tree Construction
   0.0000 (  0.0%)   0.0000 (  0.0%)   0.0000 (  0.0%)   0.0004 (  0.0%)  Deduce function attributes
   0.0000 (  0.0%)   0.0000 (  0.0%)   0.0000 (  0.0%)   0.0004 (  0.0%)  Post-Dominator Tree Construction
   0.0000 (  0.0%)   0.0000 (  0.0%)   0.0000 (  0.0%)   0.0004 (  0.0%)  Post-Dominator Tree Construction
   0.0000 (  0.0%)   0.0000 (  0.0%)   0.0000 (  0.0%)   0.0004 (  0.0%)  Post-Dominator Tree Construction
   0.0000 (  0.0%)   0.0000 (  0.0%)   0.0000 (  0.0%)   0.0004 (  0.0%)  Post-Dominator Tree Construction
   0.0000 (  0.0%)   0.0000 (  0.0%)   0.0000 (  0.0%)   0.0004 (  0.0%)  Dominator Tree Construction
   0.0000 (  0.0%)   0.0000 (  0.0%)   0.0000 (  0.0%)   0.0004 (  0.0%)  Remove redundant instructions
   0.0000 (  0.0%)   0.0000 (  0.0%)   0.0000 (  0.0%)   0.0004 (  0.0%)  Post-Dominator Tree Construction
   0.0000 (  0.0%)   0.0000 (  0.0%)   0.0000 (  0.0%)   0.0004 (  0.0%)  Array out of bound check
   0.0000 (  0.0%)   0.0000 (  0.0%)   0.0000 (  0.0%)   0.0004 (  0.0%)  Detect single entry single exit regions
   0.0000 (  0.0%)   0.0000 (  0.0%)   0.0000 (  0.0%)   0.0004 (  0.0%)  Natural Loop Information
   0.0000 (  0.0%)   0.0000 (  0.0%)   0.0000 (  0.0%)   0.0004 (  0.0%)  Post-Dominator Tree Construction
   0.0000 (  0.0%)   0.0000 (  0.0%)   0.0000 (  0.0%)   0.0004 (  0.0%)  Natural Loop Information
   0.0000 (  0.0%)   0.0000 (  0.0%)   0.0000 (  0.0%)   0.0004 (  0.0%)  Post-Dominator Tree Construction
   0.0000 (  0.0%)   0.0000 (  0.0%)   0.0000 (  0.0%)   0.0004 (  0.0%)  Post-Dominator Tree Construction
   0.0000 (  0.0%)   0.0000 (  0.0%)   0.0000 (  0.0%)   0.0004 (  0.0%)  Early GVN Hoisting of Expressions
   0.0000 (  0.0%)   0.0000 (  0.0%)   0.0000 (  0.0%)   0.0004 (  0.0%)  Post-Dominator Tree Construction
   0.0000 (  0.0%)   0.0000 (  0.0%)   0.0000 (  0.0%)   0.0004 (  0.0%)  Post-Dominator Tree Construction
   0.0000 (  0.0%)   0.0000 (  0.0%)   0.0000 (  0.0%)   0.0004 (  0.0%)  Post-Dominator Tree Construction
   0.0000 (  0.0%)   0.0000 (  0.0%)   0.0000 (  0.0%)   0.0004 (  0.0%)  Dead Store Elimination
   0.0000 (  0.0%)   0.0000 (  0.0%)   0.0000 (  0.0%)   0.0004 (  0.0%)  Post-Dominator Tree Construction
   0.0000 (  0.0%)   0.0000 (  0.0%)   0.0000 (  0.0%)   0.0004 (  0.0%)  Post-Dominator Tree Construction
   0.0000 (  0.0%)   0.0000 (  0.0%)   0.0000 (  0.0%)   0.0004 (  0.0%)  Natural Loop Information
   0.0000 (  0.0%)   0.0000 (  0.0%)   0.0000 (  0.0%)   0.0004 (  0.0%)  Post-Dominator Tree Construction
   0.0000 (  0.0%)   0.0000 (  0.0%)   0.0000 (  0.0%)   0.0004 (  0.0%)  Post-Dominator Tree Construction
   0.0000 (  0.0%)   0.0000 (  0.0%)   0.0000 (  0.0%)   0.0004 (  0.0%)  Post-Dominator Tree Construction
   0.0000 (  0.0%)   0.0000 (  0.0%)   0.0000 (  0.0%)   0.0004 (  0.0%)  Canonicalize natural loops
   0.0000 (  0.0%)   0.0000 (  0.0%)   0.0000 (  0.0%)   0.0004 (  0.0%)  Dead Store Elimination
   0.0000 (  0.0%)   0.0000 (  0.0%)   0.0000 (  0.0%)   0.0004 (  0.0%)  Post-Dominator Tree Construction
   0.0000 (  0.0%)   0.0000 (  0.0%)   0.0000 (  0.0%)   0.0004 (  0.0%)  Dead Store Elimination
   0.0000 (  0.0%)   0.0000 (  0.0%)   0.0000 (  0.0%)   0.0004 (  0.0%)  Dominator Tree Construction
   0.0000 (  0.0%)   0.0000 (  0.0%)   0.0000 (  0.0%)   0.0004 (  0.0%)  Remove redundant instructions
   0.0000 (  0.0%)   0.0000 (  0.0%)   0.0000 (  0.0%)   0.0004 (  0.0%)  Dead Store Elimination
   0.0000 (  0.0%)   0.0000 (  0.0%)   0.0000 (  0.0%)   0.0004 (  0.0%)  Post-Dominator Tree Construction
   0.0000 (  0.0%)   0.0000 (  0.0%)   0.0000 (  0.0%)   0.0003 (  0.0%)  Combine redundant instructions
   0.0000 (  0.0%)   0.0000 (  0.0%)   0.0000 (  0.0%)   0.0003 (  0.0%)  Post-Dominator Tree Construction
   0.0000 (  0.0%)   0.0000 (  0.0%)   0.0000 (  0.0%)   0.0003 (  0.0%)  Deduce function attributes
   0.0000 (  0.0%)   0.0000 (  0.0%)   0.0000 (  0.0%)   0.0003 (  0.0%)  Post-Dominator Tree Construction
   0.0000 (  0.0%)   0.0000 (  0.0%)   0.0000 (  0.0%)   0.0003 (  0.0%)  Natural Loop Information
   0.0000 (  0.0%)   0.0000 (  0.0%)   0.0000 (  0.0%)   0.0003 (  0.0%)  Dead Store Elimination
   0.0000 (  0.0%)   0.0000 (  0.0%)   0.0000 (  0.0%)   0.0003 (  0.0%)  Remove redundant instructions
   0.0000 (  0.0%)   0.0000 (  0.0%)   0.0000 (  0.0%)   0.0003 (  0.0%)  Dead Store Elimination
   0.0000 (  0.0%)   0.0000 (  0.0%)   0.0000 (  0.0%)   0.0003 (  0.0%)  Post-Dominator Tree Construction
   0.0000 (  0.0%)   0.0000 (  0.0%)   0.0000 (  0.0%)   0.0003 (  0.0%)  Post-Dominator Tree Construction
   0.0000 (  0.0%)   0.0000 (  0.0%)   0.0000 (  0.0%)   0.0003 (  0.0%)  Post-Dominator Tree Construction
   0.0000 (  0.0%)   0.0000 (  0.0%)   0.0000 (  0.0%)   0.0003 (  0.0%)  Post-Dominator Tree Construction
   0.0000 (  0.0%)   0.0000 (  0.0%)   0.0000 (  0.0%)   0.0003 (  0.0%)  Dominator Tree Construction
   0.0000 (  0.0%)   0.0000 (  0.0%)   0.0000 (  0.0%)   0.0003 (  0.0%)  Dead Store Elimination
   0.0000 (  0.0%)   0.0000 (  0.0%)   0.0000 (  0.0%)   0.0003 (  0.0%)  Detect single entry single exit regions
   0.0000 (  0.0%)   0.0000 (  0.0%)   0.0000 (  0.0%)   0.0003 (  0.0%)  Remove redundant instructions
   0.0000 (  0.0%)   0.0000 (  0.0%)   0.0000 (  0.0%)   0.0003 (  0.0%)  Dominator Tree Construction
   0.0000 (  0.0%)   0.0000 (  0.0%)   0.0000 (  0.0%)   0.0003 (  0.0%)  Dead Store Elimination
   0.0000 (  0.0%)   0.0000 (  0.0%)   0.0000 (  0.0%)   0.0003 (  0.0%)  Post-Dominator Tree Construction
   0.0000 (  0.0%)   0.0000 (  0.0%)   0.0000 (  0.0%)   0.0003 (  0.0%)  Detect single entry single exit regions
   0.0000 (  0.0%)   0.0000 (  0.0%)   0.0000 (  0.0%)   0.0003 (  0.0%)  Dominator Tree Construction
   0.0000 (  0.0%)   0.0000 (  0.0%)   0.0000 (  0.0%)   0.0003 (  0.0%)  Dominator Tree Construction
   0.0000 (  0.0%)   0.0000 (  0.0%)   0.0000 (  0.0%)   0.0003 (  0.0%)  Early GVN Hoisting of Expressions
   0.0000 (  0.0%)   0.0000 (  0.0%)   0.0000 (  0.0%)   0.0003 (  0.0%)  Remove redundant instructions
   0.0000 (  0.0%)   0.0000 (  0.0%)   0.0000 (  0.0%)   0.0003 (  0.0%)  Control Dependence Analysis
   0.0000 (  0.0%)   0.0000 (  0.0%)   0.0000 (  0.0%)   0.0003 (  0.0%)  Combine redundant instructions
   0.0000 (  0.0%)   0.0000 (  0.0%)   0.0000 (  0.0%)   0.0003 (  0.0%)  Dominator Tree Construction
   0.0000 (  0.0%)   0.0000 (  0.0%)   0.0000 (  0.0%)   0.0003 (  0.0%)  Remove redundant instructions
   0.0000 (  0.0%)   0.0000 (  0.0%)   0.0000 (  0.0%)   0.0003 (  0.0%)  Array out of bound check
   0.0000 (  0.0%)   0.0000 (  0.0%)   0.0000 (  0.0%)   0.0003 (  0.0%)  Dominator Tree Construction
   0.0000 (  0.0%)   0.0000 (  0.0%)   0.0000 (  0.0%)   0.0003 (  0.0%)  Dominator Tree Construction
   0.0000 (  0.0%)   0.0000 (  0.0%)   0.0000 (  0.0%)   0.0003 (  0.0%)  Post-Dominator Tree Construction
   0.0000 (  0.0%)   0.0000 (  0.0%)   0.0000 (  0.0%)   0.0003 (  0.0%)  Natural Loop Information
   0.0000 (  0.0%)   0.0000 (  0.0%)   0.0000 (  0.0%)   0.0003 (  0.0%)  Early GVN Hoisting of Expressions
   0.0000 (  0.0%)   0.0000 (  0.0%)   0.0000 (  0.0%)   0.0003 (  0.0%)  Lower HLS related intrinsics
   0.0000 (  0.0%)   0.0000 (  0.0%)   0.0000 (  0.0%)   0.0003 (  0.0%)  Dominator Tree Construction
   0.0000 (  0.0%)   0.0000 (  0.0%)   0.0000 (  0.0%)   0.0003 (  0.0%)  Remove redundant instructions
   0.0000 (  0.0%)   0.0000 (  0.0%)   0.0000 (  0.0%)   0.0003 (  0.0%)  Dominator Tree Construction
   0.0000 (  0.0%)   0.0000 (  0.0%)   0.0000 (  0.0%)   0.0003 (  0.0%)  Remove redundant instructions
   0.0000 (  0.0%)   0.0000 (  0.0%)   0.0000 (  0.0%)   0.0003 (  0.0%)  Natural Loop Information
   0.0000 (  0.0%)   0.0000 (  0.0%)   0.0000 (  0.0%)   0.0003 (  0.0%)  Produce message if basic block has too many instructions
   0.0000 (  0.0%)   0.0000 (  0.0%)   0.0000 (  0.0%)   0.0003 (  0.0%)  Dominator Tree Construction
   0.0000 (  0.0%)   0.0000 (  0.0%)   0.0000 (  0.0%)   0.0003 (  0.0%)  Deduce function attributes
   0.0000 (  0.0%)   0.0000 (  0.0%)   0.0000 (  0.0%)   0.0003 (  0.0%)  Control Dependence Analysis
   0.0000 (  0.0%)   0.0000 (  0.0%)   0.0000 (  0.0%)   0.0003 (  0.0%)  Post-Dominator Tree Construction
   0.0000 (  0.0%)   0.0000 (  0.0%)   0.0000 (  0.0%)   0.0003 (  0.0%)  Dominator Tree Construction
   0.0000 (  0.0%)   0.0000 (  0.0%)   0.0000 (  0.0%)   0.0003 (  0.0%)  Dominator Tree Construction
   0.0000 (  0.0%)   0.0000 (  0.0%)   0.0000 (  0.0%)   0.0003 (  0.0%)  Dominator Tree Construction
   0.0000 (  0.0%)   0.0000 (  0.0%)   0.0000 (  0.0%)   0.0003 (  0.0%)  Dominance Frontier Construction
   0.0000 (  0.0%)   0.0000 (  0.0%)   0.0000 (  0.0%)   0.0003 (  0.0%)  Dominator Tree Construction
   0.0000 (  0.0%)   0.0000 (  0.0%)   0.0000 (  0.0%)   0.0003 (  0.0%)  Dominator Tree Construction
   0.0000 (  0.0%)   0.0000 (  0.0%)   0.0000 (  0.0%)   0.0003 (  0.0%)  Merge accesses
   0.0000 (  0.0%)   0.0000 (  0.0%)   0.0000 (  0.0%)   0.0003 (  0.0%)  Remove redundant instructions
   0.0000 (  0.0%)   0.0000 (  0.0%)   0.0000 (  0.0%)   0.0003 (  0.0%)  Dominator Tree Construction
   0.0000 (  0.0%)   0.0000 (  0.0%)   0.0000 (  0.0%)   0.0003 (  0.0%)  Post-Dominator Tree Construction
   0.0000 (  0.0%)   0.0000 (  0.0%)   0.0000 (  0.0%)   0.0003 (  0.0%)  Dominator Tree Construction
   0.0000 (  0.0%)   0.0000 (  0.0%)   0.0000 (  0.0%)   0.0003 (  0.0%)  Remove redundant instructions
   0.0000 (  0.0%)   0.0000 (  0.0%)   0.0000 (  0.0%)   0.0003 (  0.0%)  Dominator Tree Construction
   0.0000 (  0.0%)   0.0000 (  0.0%)   0.0000 (  0.0%)   0.0003 (  0.0%)  Post-Dominator Tree Construction
   0.0000 (  0.0%)   0.0000 (  0.0%)   0.0000 (  0.0%)   0.0003 (  0.0%)  Dominator Tree Construction
   0.0000 (  0.0%)   0.0000 (  0.0%)   0.0000 (  0.0%)   0.0003 (  0.0%)  Natural Loop Information
   0.0000 (  0.0%)   0.0000 (  0.0%)   0.0000 (  0.0%)   0.0003 (  0.0%)  Dominator Tree Construction
   0.0000 (  0.0%)   0.0000 (  0.0%)   0.0000 (  0.0%)   0.0003 (  0.0%)  Dominator Tree Construction
   0.0000 (  0.0%)   0.0000 (  0.0%)   0.0000 (  0.0%)   0.0003 (  0.0%)  Dominator Tree Construction
   0.0000 (  0.0%)   0.0000 (  0.0%)   0.0000 (  0.0%)   0.0003 (  0.0%)  Natural Loop Information
   0.0000 (  0.0%)   0.0000 (  0.0%)   0.0000 (  0.0%)   0.0003 (  0.0%)  Dominator Tree Construction
   0.0000 (  0.0%)   0.0000 (  0.0%)   0.0000 (  0.0%)   0.0003 (  0.0%)  Dominator Tree Construction
   0.0000 (  0.0%)   0.0000 (  0.0%)   0.0000 (  0.0%)   0.0003 (  0.0%)  Dominator Tree Construction
   0.0000 (  0.0%)   0.0000 (  0.0%)   0.0000 (  0.0%)   0.0003 (  0.0%)  Dominator Tree Construction
   0.0000 (  0.0%)   0.0000 (  0.0%)   0.0000 (  0.0%)   0.0003 (  0.0%)  Dominance Frontier Construction
   0.0000 (  0.0%)   0.0000 (  0.0%)   0.0000 (  0.0%)   0.0003 (  0.0%)  Dominator Tree Construction
   0.0000 (  0.0%)   0.0000 (  0.0%)   0.0000 (  0.0%)   0.0003 (  0.0%)  Merge accesses
   0.0000 (  0.0%)   0.0000 (  0.0%)   0.0000 (  0.0%)   0.0003 (  0.0%)  Natural Loop Information
   0.0000 (  0.0%)   0.0000 (  0.0%)   0.0000 (  0.0%)   0.0003 (  0.0%)  Natural Loop Information
   0.0000 (  0.0%)   0.0000 (  0.0%)   0.0000 (  0.0%)   0.0003 (  0.0%)  Natural Loop Information
   0.0000 (  0.0%)   0.0000 (  0.0%)   0.0000 (  0.0%)   0.0003 (  0.0%)  Dominator Tree Construction
   0.0000 (  0.0%)   0.0000 (  0.0%)   0.0000 (  0.0%)   0.0003 (  0.0%)  Dominator Tree Construction
   0.0000 (  0.0%)   0.0000 (  0.0%)   0.0000 (  0.0%)   0.0003 (  0.0%)  Dominator Tree Construction
   0.0000 (  0.0%)   0.0000 (  0.0%)   0.0000 (  0.0%)   0.0003 (  0.0%)  Post-Dominator Tree Construction
   0.0000 (  0.0%)   0.0000 (  0.0%)   0.0000 (  0.0%)   0.0003 (  0.0%)  LoopDepAnalysis - Reflow Loop Dependence Annotation
   0.0000 (  0.0%)   0.0000 (  0.0%)   0.0000 (  0.0%)   0.0003 (  0.0%)  Dominator Tree Construction
   0.0000 (  0.0%)   0.0000 (  0.0%)   0.0000 (  0.0%)   0.0003 (  0.0%)  Dominance Frontier Construction
   0.0000 (  0.0%)   0.0000 (  0.0%)   0.0000 (  0.0%)   0.0003 (  0.0%)  Dominator Tree Construction
   0.0000 (  0.0%)   0.0000 (  0.0%)   0.0000 (  0.0%)   0.0003 (  0.0%)  Post-Dominator Tree Construction
   0.0000 (  0.0%)   0.0000 (  0.0%)   0.0000 (  0.0%)   0.0003 (  0.0%)  Dominator Tree Construction
   0.0000 (  0.0%)   0.0000 (  0.0%)   0.0000 (  0.0%)   0.0003 (  0.0%)  Dominator Tree Construction
   0.0000 (  0.0%)   0.0000 (  0.0%)   0.0000 (  0.0%)   0.0003 (  0.0%)  Natural Loop Information
   0.0000 (  0.0%)   0.0000 (  0.0%)   0.0000 (  0.0%)   0.0003 (  0.0%)  Dominator Tree Construction
   0.0000 (  0.0%)   0.0000 (  0.0%)   0.0000 (  0.0%)   0.0003 (  0.0%)  Canonicalize natural loops
   0.0000 (  0.0%)   0.0000 (  0.0%)   0.0000 (  0.0%)   0.0003 (  0.0%)  Dead Store Elimination
   0.0000 (  0.0%)   0.0000 (  0.0%)   0.0000 (  0.0%)   0.0003 (  0.0%)  Dominator Tree Construction
   0.0000 (  0.0%)   0.0000 (  0.0%)   0.0000 (  0.0%)   0.0003 (  0.0%)  Dominator Tree Construction
   0.0000 (  0.0%)   0.0000 (  0.0%)   0.0000 (  0.0%)   0.0003 (  0.0%)  Dominator Tree Construction
   0.0000 (  0.0%)   0.0000 (  0.0%)   0.0000 (  0.0%)   0.0003 (  0.0%)  Promote Memory to Register
   0.0000 (  0.0%)   0.0000 (  0.0%)   0.0000 (  0.0%)   0.0003 (  0.0%)  Natural Loop Information
   0.0000 (  0.0%)   0.0000 (  0.0%)   0.0000 (  0.0%)   0.0003 (  0.0%)  Natural Loop Information
   0.0000 (  0.0%)   0.0000 (  0.0%)   0.0000 (  0.0%)   0.0003 (  0.0%)  Natural Loop Information
   0.0000 (  0.0%)   0.0000 (  0.0%)   0.0000 (  0.0%)   0.0003 (  0.0%)  Dominator Tree Construction
   0.0000 (  0.0%)   0.0000 (  0.0%)   0.0000 (  0.0%)   0.0003 (  0.0%)  Dominator Tree Construction
   0.0000 (  0.0%)   0.0000 (  0.0%)   0.0000 (  0.0%)   0.0003 (  0.0%)  Dominator Tree Construction
   0.0000 (  0.0%)   0.0000 (  0.0%)   0.0000 (  0.0%)   0.0003 (  0.0%)  Dominator Tree Construction
   0.0000 (  0.0%)   0.0000 (  0.0%)   0.0000 (  0.0%)   0.0003 (  0.0%)  Dominator Tree Construction
   0.0000 (  0.0%)   0.0000 (  0.0%)   0.0000 (  0.0%)   0.0003 (  0.0%)  Dominator Tree Construction
   0.0000 (  0.0%)   0.0000 (  0.0%)   0.0000 (  0.0%)   0.0003 (  0.0%)  Dominator Tree Construction
   0.0000 (  0.0%)   0.0000 (  0.0%)   0.0000 (  0.0%)   0.0003 (  0.0%)  Dominator Tree Construction
   0.0000 (  0.0%)   0.0000 (  0.0%)   0.0000 (  0.0%)   0.0003 (  0.0%)  Dominator Tree Construction
   0.0000 (  0.0%)   0.0000 (  0.0%)   0.0000 (  0.0%)   0.0003 (  0.0%)  Natural Loop Information
   0.0000 (  0.0%)   0.0000 (  0.0%)   0.0000 (  0.0%)   0.0003 (  0.0%)  Combine redundant instructions
   0.0000 (  0.0%)   0.0000 (  0.0%)   0.0000 (  0.0%)   0.0003 (  0.0%)  Natural Loop Information
   0.0000 (  0.0%)   0.0000 (  0.0%)   0.0000 (  0.0%)   0.0003 (  0.0%)  Post-Dominator Tree Construction
   0.0000 (  0.0%)   0.0000 (  0.0%)   0.0000 (  0.0%)   0.0003 (  0.0%)  Natural Loop Information
   0.0000 (  0.0%)   0.0000 (  0.0%)   0.0000 (  0.0%)   0.0003 (  0.0%)  Dominator Tree Construction
   0.0156 (  1.4%)   0.0000 (  0.0%)   0.0156 (  1.3%)   0.0003 (  0.0%)  Dominator Tree Construction
   0.0000 (  0.0%)   0.0000 (  0.0%)   0.0000 (  0.0%)   0.0003 (  0.0%)  Natural Loop Information
   0.0000 (  0.0%)   0.0000 (  0.0%)   0.0000 (  0.0%)   0.0003 (  0.0%)  Dominator Tree Construction
   0.0000 (  0.0%)   0.0000 (  0.0%)   0.0000 (  0.0%)   0.0003 (  0.0%)  Natural Loop Information
   0.0000 (  0.0%)   0.0000 (  0.0%)   0.0000 (  0.0%)   0.0003 (  0.0%)  Object Decomposition
   0.0000 (  0.0%)   0.0000 (  0.0%)   0.0000 (  0.0%)   0.0003 (  0.0%)  Dominator Tree Construction
   0.0000 (  0.0%)   0.0000 (  0.0%)   0.0000 (  0.0%)   0.0003 (  0.0%)  Dominator Tree Construction
   0.0000 (  0.0%)   0.0000 (  0.0%)   0.0000 (  0.0%)   0.0003 (  0.0%)  Natural Loop Information
   0.0000 (  0.0%)   0.0000 (  0.0%)   0.0000 (  0.0%)   0.0003 (  0.0%)  Dominator Tree Construction
   0.0000 (  0.0%)   0.0000 (  0.0%)   0.0000 (  0.0%)   0.0003 (  0.0%)  Natural Loop Information
   0.0000 (  0.0%)   0.0000 (  0.0%)   0.0000 (  0.0%)   0.0003 (  0.0%)  Natural Loop Information
   0.0000 (  0.0%)   0.0000 (  0.0%)   0.0000 (  0.0%)   0.0003 (  0.0%)  Memory SSA
   0.0000 (  0.0%)   0.0000 (  0.0%)   0.0000 (  0.0%)   0.0003 (  0.0%)  Post-Dominator Tree Construction
   0.0000 (  0.0%)   0.0000 (  0.0%)   0.0000 (  0.0%)   0.0003 (  0.0%)  Dominator Tree Construction
   0.0000 (  0.0%)   0.0000 (  0.0%)   0.0000 (  0.0%)   0.0003 (  0.0%)  Post-Dominator Tree Construction
   0.0000 (  0.0%)   0.0000 (  0.0%)   0.0000 (  0.0%)   0.0003 (  0.0%)  Natural Loop Information
   0.0000 (  0.0%)   0.0000 (  0.0%)   0.0000 (  0.0%)   0.0003 (  0.0%)  Natural Loop Information
   0.0000 (  0.0%)   0.0000 (  0.0%)   0.0000 (  0.0%)   0.0003 (  0.0%)  Natural Loop Information
   0.0000 (  0.0%)   0.0000 (  0.0%)   0.0000 (  0.0%)   0.0003 (  0.0%)  Natural Loop Information
   0.0000 (  0.0%)   0.0000 (  0.0%)   0.0000 (  0.0%)   0.0003 (  0.0%)  Dominator Tree Construction
   0.0000 (  0.0%)   0.0000 (  0.0%)   0.0000 (  0.0%)   0.0003 (  0.0%)  Natural Loop Information
   0.0000 (  0.0%)   0.0000 (  0.0%)   0.0000 (  0.0%)   0.0003 (  0.0%)  Straight line strength reduction
   0.0000 (  0.0%)   0.0000 (  0.0%)   0.0000 (  0.0%)   0.0003 (  0.0%)  Reflow pragma unroll loops
   0.0000 (  0.0%)   0.0000 (  0.0%)   0.0000 (  0.0%)   0.0003 (  0.0%)  Loop Invariant Code Motion
   0.0000 (  0.0%)   0.0000 (  0.0%)   0.0000 (  0.0%)   0.0003 (  0.0%)  Detect single entry single exit regions
   0.0000 (  0.0%)   0.0000 (  0.0%)   0.0000 (  0.0%)   0.0003 (  0.0%)  Natural Loop Information
   0.0000 (  0.0%)   0.0000 (  0.0%)   0.0000 (  0.0%)   0.0003 (  0.0%)  Natural Loop Information
   0.0000 (  0.0%)   0.0000 (  0.0%)   0.0000 (  0.0%)   0.0003 (  0.0%)  Natural Loop Information
   0.0000 (  0.0%)   0.0000 (  0.0%)   0.0000 (  0.0%)   0.0003 (  0.0%)  Natural Loop Information
   0.0000 (  0.0%)   0.0000 (  0.0%)   0.0000 (  0.0%)   0.0003 (  0.0%)  Dominator Tree Construction
   0.0000 (  0.0%)   0.0000 (  0.0%)   0.0000 (  0.0%)   0.0003 (  0.0%)  Dominator Tree Construction
   0.0000 (  0.0%)   0.0000 (  0.0%)   0.0000 (  0.0%)   0.0003 (  0.0%)  Natural Loop Information
   0.0000 (  0.0%)   0.0000 (  0.0%)   0.0000 (  0.0%)   0.0003 (  0.0%)  Dominator Tree Construction
   0.0000 (  0.0%)   0.0000 (  0.0%)   0.0000 (  0.0%)   0.0003 (  0.0%)  Natural Loop Information
   0.0000 (  0.0%)   0.0000 (  0.0%)   0.0000 (  0.0%)   0.0003 (  0.0%)  Natural Loop Information
   0.0000 (  0.0%)   0.0000 (  0.0%)   0.0000 (  0.0%)   0.0003 (  0.0%)  Natural Loop Information
   0.0000 (  0.0%)   0.0000 (  0.0%)   0.0000 (  0.0%)   0.0002 (  0.0%)  Dominator Tree Construction
   0.0000 (  0.0%)   0.0000 (  0.0%)   0.0000 (  0.0%)   0.0002 (  0.0%)  Dominator Tree Construction
   0.0000 (  0.0%)   0.0000 (  0.0%)   0.0000 (  0.0%)   0.0002 (  0.0%)  Natural Loop Information
   0.0000 (  0.0%)   0.0000 (  0.0%)   0.0000 (  0.0%)   0.0002 (  0.0%)  Natural Loop Information
   0.0000 (  0.0%)   0.0000 (  0.0%)   0.0000 (  0.0%)   0.0002 (  0.0%)  Dominator Tree Construction
   0.0000 (  0.0%)   0.0000 (  0.0%)   0.0000 (  0.0%)   0.0002 (  0.0%)  Dominator Tree Construction
   0.0000 (  0.0%)   0.0000 (  0.0%)   0.0000 (  0.0%)   0.0002 (  0.0%)  Natural Loop Information
   0.0000 (  0.0%)   0.0000 (  0.0%)   0.0000 (  0.0%)   0.0002 (  0.0%)  Natural Loop Information
   0.0000 (  0.0%)   0.0000 (  0.0%)   0.0000 (  0.0%)   0.0002 (  0.0%)  Value Propagation
   0.0000 (  0.0%)   0.0000 (  0.0%)   0.0000 (  0.0%)   0.0002 (  0.0%)  Natural Loop Information
   0.0000 (  0.0%)   0.0000 (  0.0%)   0.0000 (  0.0%)   0.0002 (  0.0%)  Natural Loop Information
   0.0000 (  0.0%)   0.0000 (  0.0%)   0.0000 (  0.0%)   0.0002 (  0.0%)  Dominator Tree Construction
   0.0000 (  0.0%)   0.0000 (  0.0%)   0.0000 (  0.0%)   0.0002 (  0.0%)  Canonicalize natural loops
   0.0000 (  0.0%)   0.0000 (  0.0%)   0.0000 (  0.0%)   0.0002 (  0.0%)  Dominator Tree Construction
   0.0000 (  0.0%)   0.0000 (  0.0%)   0.0000 (  0.0%)   0.0002 (  0.0%)  Natural Loop Information
   0.0000 (  0.0%)   0.0000 (  0.0%)   0.0000 (  0.0%)   0.0002 (  0.0%)  Dominator Tree Construction
   0.0000 (  0.0%)   0.0000 (  0.0%)   0.0000 (  0.0%)   0.0002 (  0.0%)  Natural Loop Information
   0.0000 (  0.0%)   0.0000 (  0.0%)   0.0000 (  0.0%)   0.0002 (  0.0%)  Natural Loop Information
   0.0000 (  0.0%)   0.0000 (  0.0%)   0.0000 (  0.0%)   0.0002 (  0.0%)  Dominator Tree Construction
   0.0000 (  0.0%)   0.0000 (  0.0%)   0.0000 (  0.0%)   0.0002 (  0.0%)  Natural Loop Information
   0.0000 (  0.0%)   0.0000 (  0.0%)   0.0000 (  0.0%)   0.0002 (  0.0%)  Natural Loop Information
   0.0000 (  0.0%)   0.0000 (  0.0%)   0.0000 (  0.0%)   0.0002 (  0.0%)  Dominator Tree Construction
   0.0000 (  0.0%)   0.0000 (  0.0%)   0.0000 (  0.0%)   0.0002 (  0.0%)  Infer loop trip count
   0.0000 (  0.0%)   0.0000 (  0.0%)   0.0000 (  0.0%)   0.0002 (  0.0%)  Natural Loop Information
   0.0000 (  0.0%)   0.0000 (  0.0%)   0.0000 (  0.0%)   0.0002 (  0.0%)  ROM inference pass
   0.0000 (  0.0%)   0.0000 (  0.0%)   0.0000 (  0.0%)   0.0002 (  0.0%)  Dominator Tree Construction
   0.0000 (  0.0%)   0.0000 (  0.0%)   0.0000 (  0.0%)   0.0002 (  0.0%)  Dominator Tree Construction
   0.0000 (  0.0%)   0.0000 (  0.0%)   0.0000 (  0.0%)   0.0002 (  0.0%)  Natural Loop Information
   0.0000 (  0.0%)   0.0000 (  0.0%)   0.0000 (  0.0%)   0.0002 (  0.0%)  Dominator Tree Construction
   0.0000 (  0.0%)   0.0000 (  0.0%)   0.0000 (  0.0%)   0.0002 (  0.0%)  Dominator Tree Construction
   0.0000 (  0.0%)   0.0000 (  0.0%)   0.0000 (  0.0%)   0.0002 (  0.0%)  Canonicalize natural loops
   0.0000 (  0.0%)   0.0000 (  0.0%)   0.0000 (  0.0%)   0.0002 (  0.0%)  Natural Loop Information
   0.0000 (  0.0%)   0.0000 (  0.0%)   0.0000 (  0.0%)   0.0002 (  0.0%)  Natural Loop Information
   0.0000 (  0.0%)   0.0000 (  0.0%)   0.0000 (  0.0%)   0.0002 (  0.0%)  Dominator Tree Construction
   0.0000 (  0.0%)   0.0000 (  0.0%)   0.0000 (  0.0%)   0.0002 (  0.0%)  Natural Loop Information
   0.0000 (  0.0%)   0.0000 (  0.0%)   0.0000 (  0.0%)   0.0002 (  0.0%)  Natural Loop Information
   0.0000 (  0.0%)   0.0000 (  0.0%)   0.0000 (  0.0%)   0.0002 (  0.0%)  Dominator Tree Construction
   0.0000 (  0.0%)   0.0000 (  0.0%)   0.0000 (  0.0%)   0.0002 (  0.0%)  Merge accesses in the same region
   0.0000 (  0.0%)   0.0000 (  0.0%)   0.0000 (  0.0%)   0.0002 (  0.0%)  Dominator Tree Construction
   0.0000 (  0.0%)   0.0000 (  0.0%)   0.0000 (  0.0%)   0.0002 (  0.0%)  Dominator Tree Construction
   0.0000 (  0.0%)   0.0000 (  0.0%)   0.0000 (  0.0%)   0.0002 (  0.0%)  Canonicalize natural loops
   0.0000 (  0.0%)   0.0000 (  0.0%)   0.0000 (  0.0%)   0.0002 (  0.0%)  Dominator Tree Construction
   0.0000 (  0.0%)   0.0000 (  0.0%)   0.0000 (  0.0%)   0.0002 (  0.0%)  Dominator Tree Construction
   0.0000 (  0.0%)   0.0000 (  0.0%)   0.0000 (  0.0%)   0.0002 (  0.0%)  Canonicalize natural loops
   0.0000 (  0.0%)   0.0000 (  0.0%)   0.0000 (  0.0%)   0.0002 (  0.0%)  Loop Invariant Code Motion
   0.0000 (  0.0%)   0.0000 (  0.0%)   0.0000 (  0.0%)   0.0002 (  0.0%)  Loop Invariant Code Motion
   0.0000 (  0.0%)   0.0000 (  0.0%)   0.0000 (  0.0%)   0.0002 (  0.0%)  Dominator Tree Construction
   0.0000 (  0.0%)   0.0000 (  0.0%)   0.0000 (  0.0%)   0.0002 (  0.0%)  Canonicalize natural loops
   0.0000 (  0.0%)   0.0000 (  0.0%)   0.0000 (  0.0%)   0.0002 (  0.0%)  Dominator Tree Construction
   0.0000 (  0.0%)   0.0000 (  0.0%)   0.0000 (  0.0%)   0.0002 (  0.0%)  Canonicalize natural loops
   0.0000 (  0.0%)   0.0000 (  0.0%)   0.0000 (  0.0%)   0.0002 (  0.0%)  Dominance Frontier Construction
   0.0000 (  0.0%)   0.0000 (  0.0%)   0.0000 (  0.0%)   0.0002 (  0.0%)  Canonicalize natural loops
   0.0000 (  0.0%)   0.0000 (  0.0%)   0.0000 (  0.0%)   0.0002 (  0.0%)  Natural Loop Information
   0.0000 (  0.0%)   0.0000 (  0.0%)   0.0000 (  0.0%)   0.0002 (  0.0%)  ROM inference pass
   0.0000 (  0.0%)   0.0000 (  0.0%)   0.0000 (  0.0%)   0.0002 (  0.0%)  Natural Loop Information
   0.0000 (  0.0%)   0.0000 (  0.0%)   0.0000 (  0.0%)   0.0002 (  0.0%)  Natural Loop Information
   0.0000 (  0.0%)   0.0000 (  0.0%)   0.0000 (  0.0%)   0.0002 (  0.0%)  Natural Loop Information
   0.0000 (  0.0%)   0.0000 (  0.0%)   0.0000 (  0.0%)   0.0002 (  0.0%)  Dominator Tree Construction
   0.0000 (  0.0%)   0.0000 (  0.0%)   0.0000 (  0.0%)   0.0002 (  0.0%)  Dominator Tree Construction
   0.0000 (  0.0%)   0.0000 (  0.0%)   0.0000 (  0.0%)   0.0002 (  0.0%)  Natural Loop Information
   0.0000 (  0.0%)   0.0000 (  0.0%)   0.0000 (  0.0%)   0.0002 (  0.0%)  Dominator Tree Construction
   0.0000 (  0.0%)   0.0000 (  0.0%)   0.0000 (  0.0%)   0.0002 (  0.0%)  Canonicalize natural loops
   0.0000 (  0.0%)   0.0000 (  0.0%)   0.0000 (  0.0%)   0.0002 (  0.0%)  Natural Loop Information
   0.0000 (  0.0%)   0.0000 (  0.0%)   0.0000 (  0.0%)   0.0002 (  0.0%)  Dominator Tree Construction
   0.0000 (  0.0%)   0.0000 (  0.0%)   0.0000 (  0.0%)   0.0002 (  0.0%)  Dominator Tree Construction
   0.0000 (  0.0%)   0.0000 (  0.0%)   0.0000 (  0.0%)   0.0002 (  0.0%)  Natural Loop Information
   0.0000 (  0.0%)   0.0000 (  0.0%)   0.0000 (  0.0%)   0.0002 (  0.0%)  Natural Loop Information
   0.0000 (  0.0%)   0.0000 (  0.0%)   0.0000 (  0.0%)   0.0002 (  0.0%)  Memory SSA
   0.0000 (  0.0%)   0.0000 (  0.0%)   0.0000 (  0.0%)   0.0002 (  0.0%)  Natural Loop Information
   0.0000 (  0.0%)   0.0000 (  0.0%)   0.0000 (  0.0%)   0.0002 (  0.0%)  Dominator Tree Construction
   0.0000 (  0.0%)   0.0000 (  0.0%)   0.0000 (  0.0%)   0.0002 (  0.0%)  Canonicalize natural loops
   0.0000 (  0.0%)   0.0000 (  0.0%)   0.0000 (  0.0%)   0.0002 (  0.0%)  Canonicalize natural loops
   0.0000 (  0.0%)   0.0000 (  0.0%)   0.0000 (  0.0%)   0.0002 (  0.0%)  Dominator Tree Construction
   0.0000 (  0.0%)   0.0000 (  0.0%)   0.0000 (  0.0%)   0.0002 (  0.0%)  Dominator Tree Construction
   0.0156 (  1.4%)   0.0000 (  0.0%)   0.0156 (  1.3%)   0.0002 (  0.0%)  Dominator Tree Construction
   0.0000 (  0.0%)   0.0000 (  0.0%)   0.0000 (  0.0%)   0.0002 (  0.0%)  Assign names to anonymous instructions (structure based)
   0.0000 (  0.0%)   0.0000 (  0.0%)   0.0000 (  0.0%)   0.0002 (  0.0%)  Value Propagation
   0.0000 (  0.0%)   0.0000 (  0.0%)   0.0000 (  0.0%)   0.0002 (  0.0%)  Natural Loop Information
   0.0000 (  0.0%)   0.0000 (  0.0%)   0.0000 (  0.0%)   0.0002 (  0.0%)  Canonicalize natural loops
   0.0000 (  0.0%)   0.0000 (  0.0%)   0.0000 (  0.0%)   0.0002 (  0.0%)  Combine redundant instructions
   0.0000 (  0.0%)   0.0000 (  0.0%)   0.0000 (  0.0%)   0.0002 (  0.0%)  Canonicalize natural loops
   0.0000 (  0.0%)   0.0000 (  0.0%)   0.0000 (  0.0%)   0.0002 (  0.0%)  Dominator Tree Construction
   0.0000 (  0.0%)   0.0000 (  0.0%)   0.0000 (  0.0%)   0.0002 (  0.0%)  DefaultInterfaceBuilderNew - Build Default Top Interface
   0.0000 (  0.0%)   0.0000 (  0.0%)   0.0000 (  0.0%)   0.0002 (  0.0%)  Natural Loop Information
   0.0000 (  0.0%)   0.0000 (  0.0%)   0.0000 (  0.0%)   0.0002 (  0.0%)  Dominator Tree Construction
   0.0000 (  0.0%)   0.0000 (  0.0%)   0.0000 (  0.0%)   0.0002 (  0.0%)  Natural Loop Information
   0.0000 (  0.0%)   0.0000 (  0.0%)   0.0000 (  0.0%)   0.0002 (  0.0%)  Natural Loop Information
   0.0000 (  0.0%)   0.0000 (  0.0%)   0.0000 (  0.0%)   0.0002 (  0.0%)  Dead Store Elimination
   0.0000 (  0.0%)   0.0000 (  0.0%)   0.0000 (  0.0%)   0.0002 (  0.0%)  Natural Loop Information
   0.0000 (  0.0%)   0.0000 (  0.0%)   0.0000 (  0.0%)   0.0002 (  0.0%)  Dominator Tree Construction
   0.0000 (  0.0%)   0.0000 (  0.0%)   0.0000 (  0.0%)   0.0002 (  0.0%)  Natural Loop Information
   0.0000 (  0.0%)   0.0000 (  0.0%)   0.0000 (  0.0%)   0.0002 (  0.0%)  Natural Loop Information
   0.0000 (  0.0%)   0.0000 (  0.0%)   0.0000 (  0.0%)   0.0002 (  0.0%)  Natural Loop Information
   0.0000 (  0.0%)   0.0000 (  0.0%)   0.0000 (  0.0%)   0.0002 (  0.0%)  Dominator Tree Construction
   0.0000 (  0.0%)   0.0000 (  0.0%)   0.0000 (  0.0%)   0.0002 (  0.0%)  Natural Loop Information
   0.0000 (  0.0%)   0.0000 (  0.0%)   0.0000 (  0.0%)   0.0002 (  0.0%)  Natural Loop Information
   0.0000 (  0.0%)   0.0000 (  0.0%)   0.0000 (  0.0%)   0.0002 (  0.0%)  Dominator Tree Construction
   0.0000 (  0.0%)   0.0000 (  0.0%)   0.0000 (  0.0%)   0.0002 (  0.0%)  Value Propagation
   0.0000 (  0.0%)   0.0000 (  0.0%)   0.0000 (  0.0%)   0.0002 (  0.0%)  Dominator Tree Construction
   0.0000 (  0.0%)   0.0000 (  0.0%)   0.0000 (  0.0%)   0.0002 (  0.0%)  Interprocedural Sparse Conditional Constant Propagation
   0.0000 (  0.0%)   0.0000 (  0.0%)   0.0000 (  0.0%)   0.0002 (  0.0%)  Memory SSA
   0.0000 (  0.0%)   0.0000 (  0.0%)   0.0000 (  0.0%)   0.0002 (  0.0%)  Value Propagation
   0.0000 (  0.0%)   0.0000 (  0.0%)   0.0000 (  0.0%)   0.0002 (  0.0%)  Memory SSA
   0.0000 (  0.0%)   0.0000 (  0.0%)   0.0000 (  0.0%)   0.0002 (  0.0%)  Value Propagation
   0.0000 (  0.0%)   0.0000 (  0.0%)   0.0000 (  0.0%)   0.0002 (  0.0%)  Dead Store Elimination
   0.0000 (  0.0%)   0.0000 (  0.0%)   0.0000 (  0.0%)   0.0002 (  0.0%)  Natural Loop Information
   0.0000 (  0.0%)   0.0000 (  0.0%)   0.0000 (  0.0%)   0.0002 (  0.0%)  Value Propagation
   0.0000 (  0.0%)   0.0000 (  0.0%)   0.0000 (  0.0%)   0.0002 (  0.0%)  Natural Loop Information
   0.0000 (  0.0%)   0.0000 (  0.0%)   0.0000 (  0.0%)   0.0002 (  0.0%)  Natural Loop Information
   0.0000 (  0.0%)   0.0000 (  0.0%)   0.0000 (  0.0%)   0.0002 (  0.0%)  Natural Loop Information
   0.0000 (  0.0%)   0.0000 (  0.0%)   0.0000 (  0.0%)   0.0002 (  0.0%)  Natural Loop Information
   0.0000 (  0.0%)   0.0000 (  0.0%)   0.0000 (  0.0%)   0.0002 (  0.0%)  Natural Loop Information
   0.0000 (  0.0%)   0.0000 (  0.0%)   0.0000 (  0.0%)   0.0002 (  0.0%)  Memory SSA
   0.0000 (  0.0%)   0.0000 (  0.0%)   0.0000 (  0.0%)   0.0002 (  0.0%)  Structure stription
   0.0000 (  0.0%)   0.0000 (  0.0%)   0.0000 (  0.0%)   0.0002 (  0.0%)  Dead Store Elimination
   0.0000 (  0.0%)   0.0000 (  0.0%)   0.0000 (  0.0%)   0.0002 (  0.0%)  AnnotateNoAlias - Annotate NoAlias Attribute on Arguments
   0.0000 (  0.0%)   0.0000 (  0.0%)   0.0000 (  0.0%)   0.0002 (  0.0%)  Value Propagation
   0.0000 (  0.0%)   0.0000 (  0.0%)   0.0000 (  0.0%)   0.0002 (  0.0%)  Natural Loop Information
   0.0000 (  0.0%)   0.0000 (  0.0%)   0.0000 (  0.0%)   0.0002 (  0.0%)  Dead Store Elimination
   0.0000 (  0.0%)   0.0000 (  0.0%)   0.0000 (  0.0%)   0.0002 (  0.0%)  Dominator Tree Construction
   0.0000 (  0.0%)   0.0000 (  0.0%)   0.0000 (  0.0%)   0.0002 (  0.0%)  Value Propagation
   0.0000 (  0.0%)   0.0000 (  0.0%)   0.0000 (  0.0%)   0.0002 (  0.0%)  Value Propagation
   0.0000 (  0.0%)   0.0000 (  0.0%)   0.0000 (  0.0%)   0.0002 (  0.0%)  Natural Loop Information
   0.0000 (  0.0%)   0.0000 (  0.0%)   0.0000 (  0.0%)   0.0002 (  0.0%)  Memory SSA
   0.0000 (  0.0%)   0.0000 (  0.0%)   0.0000 (  0.0%)   0.0002 (  0.0%)  Memory SSA
   0.0000 (  0.0%)   0.0000 (  0.0%)   0.0000 (  0.0%)   0.0002 (  0.0%)  Natural Loop Information
   0.0000 (  0.0%)   0.0000 (  0.0%)   0.0000 (  0.0%)   0.0002 (  0.0%)  Infer nuw/nsw flags for instructions
   0.0156 (  1.4%)   0.0000 (  0.0%)   0.0156 (  1.3%)   0.0002 (  0.0%)  Dead Store Elimination
   0.0000 (  0.0%)   0.0000 (  0.0%)   0.0000 (  0.0%)   0.0002 (  0.0%)  Infer nuw/nsw flags for instructions
   0.0000 (  0.0%)   0.0000 (  0.0%)   0.0000 (  0.0%)   0.0002 (  0.0%)  Dead Store Elimination
   0.0000 (  0.0%)   0.0000 (  0.0%)   0.0000 (  0.0%)   0.0002 (  0.0%)  Dead Store Elimination
   0.0000 (  0.0%)   0.0000 (  0.0%)   0.0000 (  0.0%)   0.0002 (  0.0%)  Dead Store Elimination
   0.0000 (  0.0%)   0.0000 (  0.0%)   0.0000 (  0.0%)   0.0002 (  0.0%)  Dead Store Elimination
   0.0000 (  0.0%)   0.0000 (  0.0%)   0.0000 (  0.0%)   0.0002 (  0.0%)  Eliminate pointer selection
   0.0000 (  0.0%)   0.0000 (  0.0%)   0.0000 (  0.0%)   0.0002 (  0.0%)  Value Propagation
   0.0000 (  0.0%)   0.0000 (  0.0%)   0.0000 (  0.0%)   0.0002 (  0.0%)  Dead Store Elimination
   0.0000 (  0.0%)   0.0000 (  0.0%)   0.0000 (  0.0%)   0.0002 (  0.0%)  Dead Store Elimination
   0.0000 (  0.0%)   0.0000 (  0.0%)   0.0000 (  0.0%)   0.0002 (  0.0%)  Remove redundant instructions
   0.0000 (  0.0%)   0.0000 (  0.0%)   0.0000 (  0.0%)   0.0002 (  0.0%)  Dead Store Elimination
   0.0000 (  0.0%)   0.0000 (  0.0%)   0.0000 (  0.0%)   0.0002 (  0.0%)  Dead Store Elimination
   0.0000 (  0.0%)   0.0000 (  0.0%)   0.0000 (  0.0%)   0.0002 (  0.0%)  Canonicalize natural loops
   0.0000 (  0.0%)   0.0000 (  0.0%)   0.0000 (  0.0%)   0.0002 (  0.0%)  Simplify the CFG
   0.0000 (  0.0%)   0.0000 (  0.0%)   0.0000 (  0.0%)   0.0002 (  0.0%)  Dead Store Elimination
   0.0000 (  0.0%)   0.0000 (  0.0%)   0.0000 (  0.0%)   0.0002 (  0.0%)  Dead Store Elimination
   0.0000 (  0.0%)   0.0000 (  0.0%)   0.0000 (  0.0%)   0.0002 (  0.0%)  Dead Store Elimination
   0.0000 (  0.0%)   0.0000 (  0.0%)   0.0000 (  0.0%)   0.0002 (  0.0%)  Dead Store Elimination
   0.0000 (  0.0%)   0.0000 (  0.0%)   0.0000 (  0.0%)   0.0002 (  0.0%)  Loop-Closed SSA Form Pass
   0.0000 (  0.0%)   0.0000 (  0.0%)   0.0000 (  0.0%)   0.0002 (  0.0%)  Combine redundant instructions
   0.0000 (  0.0%)   0.0000 (  0.0%)   0.0000 (  0.0%)   0.0002 (  0.0%)  Combine redundant instructions
   0.0000 (  0.0%)   0.0000 (  0.0%)   0.0000 (  0.0%)   0.0002 (  0.0%)  Dead Store Elimination
   0.0000 (  0.0%)   0.0000 (  0.0%)   0.0000 (  0.0%)   0.0002 (  0.0%)  Remove redundant instructions
   0.0000 (  0.0%)   0.0000 (  0.0%)   0.0000 (  0.0%)   0.0002 (  0.0%)  Dead Store Elimination
   0.0000 (  0.0%)   0.0000 (  0.0%)   0.0000 (  0.0%)   0.0002 (  0.0%)  Eliminate pointer selection
   0.0000 (  0.0%)   0.0000 (  0.0%)   0.0000 (  0.0%)   0.0002 (  0.0%)  AnnotateNoAlias - Annotate NoAlias Attribute on Arguments
   0.0000 (  0.0%)   0.0000 (  0.0%)   0.0000 (  0.0%)   0.0001 (  0.0%)  Dead Store Elimination
   0.0000 (  0.0%)   0.0000 (  0.0%)   0.0000 (  0.0%)   0.0001 (  0.0%)  Canonicalize natural loops
   0.0000 (  0.0%)   0.0000 (  0.0%)   0.0000 (  0.0%)   0.0001 (  0.0%)  Pragma preprocessing after clang
   0.0000 (  0.0%)   0.0000 (  0.0%)   0.0000 (  0.0%)   0.0001 (  0.0%)  Dead Store Elimination
   0.0000 (  0.0%)   0.0000 (  0.0%)   0.0000 (  0.0%)   0.0001 (  0.0%)  Canonicalize natural loops
   0.0000 (  0.0%)   0.0000 (  0.0%)   0.0000 (  0.0%)   0.0001 (  0.0%)  Infer nuw/nsw flags for instructions
   0.0000 (  0.0%)   0.0000 (  0.0%)   0.0000 (  0.0%)   0.0001 (  0.0%)  Dead Store Elimination
   0.0000 (  0.0%)   0.0000 (  0.0%)   0.0000 (  0.0%)   0.0001 (  0.0%)  Simplify the CFG
   0.0000 (  0.0%)   0.0000 (  0.0%)   0.0000 (  0.0%)   0.0001 (  0.0%)  Eliminate pointer selection
   0.0000 (  0.0%)   0.0000 (  0.0%)   0.0000 (  0.0%)   0.0001 (  0.0%)  Function Alias Analysis Results
   0.0000 (  0.0%)   0.0000 (  0.0%)   0.0000 (  0.0%)   0.0001 (  0.0%)  Function Alias Analysis Results
   0.0000 (  0.0%)   0.0000 (  0.0%)   0.0000 (  0.0%)   0.0001 (  0.0%)  Infer nuw/nsw flags for instructions
   0.0000 (  0.0%)   0.0000 (  0.0%)   0.0000 (  0.0%)   0.0001 (  0.0%)  Jump Threading
   0.0000 (  0.0%)   0.0000 (  0.0%)   0.0000 (  0.0%)   0.0001 (  0.0%)  Aggressive Dead Code Elimination
   0.0000 (  0.0%)   0.0000 (  0.0%)   0.0000 (  0.0%)   0.0001 (  0.0%)  Simplify the CFG
   0.0000 (  0.0%)   0.0000 (  0.0%)   0.0000 (  0.0%)   0.0001 (  0.0%)  Infer nuw/nsw flags for instructions
   0.0000 (  0.0%)   0.0000 (  0.0%)   0.0000 (  0.0%)   0.0001 (  0.0%)  Dead Store Elimination
   0.0000 (  0.0%)   0.0000 (  0.0%)   0.0000 (  0.0%)   0.0001 (  0.0%)  Simplify the CFG
   0.0000 (  0.0%)   0.0000 (  0.0%)   0.0000 (  0.0%)   0.0001 (  0.0%)  Combine redundant instructions
   0.0000 (  0.0%)   0.0000 (  0.0%)   0.0000 (  0.0%)   0.0001 (  0.0%)  Aggressive Dead Code Elimination
   0.0000 (  0.0%)   0.0000 (  0.0%)   0.0000 (  0.0%)   0.0001 (  0.0%)  Function Alias Analysis Results
   0.0000 (  0.0%)   0.0000 (  0.0%)   0.0000 (  0.0%)   0.0001 (  0.0%)  Function Alias Analysis Results
   0.0000 (  0.0%)   0.0000 (  0.0%)   0.0000 (  0.0%)   0.0001 (  0.0%)  Aggressive Dead Code Elimination
   0.0000 (  0.0%)   0.0000 (  0.0%)   0.0000 (  0.0%)   0.0001 (  0.0%)  ReflowCheckPragmaConflicts - check pragma conflicts in reflow
   0.0000 (  0.0%)   0.0000 (  0.0%)   0.0000 (  0.0%)   0.0001 (  0.0%)  Aggressive Dead Code Elimination
   0.0000 (  0.0%)   0.0000 (  0.0%)   0.0000 (  0.0%)   0.0001 (  0.0%)  Function Alias Analysis Results
   0.0000 (  0.0%)   0.0000 (  0.0%)   0.0000 (  0.0%)   0.0001 (  0.0%)  Recursively inline barriers caller to kernel
   0.0000 (  0.0%)   0.0000 (  0.0%)   0.0000 (  0.0%)   0.0001 (  0.0%)  Aggressive Dead Code Elimination
   0.0000 (  0.0%)   0.0000 (  0.0%)   0.0000 (  0.0%)   0.0001 (  0.0%)  Function Alias Analysis Results
   0.0000 (  0.0%)   0.0000 (  0.0%)   0.0000 (  0.0%)   0.0001 (  0.0%)  Infer nuw/nsw flags for instructions
   0.0000 (  0.0%)   0.0000 (  0.0%)   0.0000 (  0.0%)   0.0001 (  0.0%)  Aggressive Dead Code Elimination
   0.0000 (  0.0%)   0.0000 (  0.0%)   0.0000 (  0.0%)   0.0001 (  0.0%)  Disaggregation preprocessing
   0.0000 (  0.0%)   0.0000 (  0.0%)   0.0000 (  0.0%)   0.0001 (  0.0%)  Combine redundant instructions
   0.0000 (  0.0%)   0.0000 (  0.0%)   0.0000 (  0.0%)   0.0001 (  0.0%)  Aggressive Dead Code Elimination
   0.0000 (  0.0%)   0.0000 (  0.0%)   0.0000 (  0.0%)   0.0001 (  0.0%)  Infer nuw/nsw flags for instructions
   0.0000 (  0.0%)   0.0000 (  0.0%)   0.0000 (  0.0%)   0.0001 (  0.0%)  Aggressive Dead Code Elimination
   0.0000 (  0.0%)   0.0000 (  0.0%)   0.0000 (  0.0%)   0.0001 (  0.0%)  Function Alias Analysis Results
   0.0000 (  0.0%)   0.0000 (  0.0%)   0.0000 (  0.0%)   0.0001 (  0.0%)  InterfaceEncodingChange - Change Interface Encoding format
   0.0000 (  0.0%)   0.0000 (  0.0%)   0.0000 (  0.0%)   0.0001 (  0.0%)  Function Alias Analysis Results
   0.0000 (  0.0%)   0.0000 (  0.0%)   0.0000 (  0.0%)   0.0001 (  0.0%)  Function Alias Analysis Results
   0.0000 (  0.0%)   0.0000 (  0.0%)   0.0000 (  0.0%)   0.0001 (  0.0%)  Aggressive Dead Code Elimination
   0.0000 (  0.0%)   0.0000 (  0.0%)   0.0000 (  0.0%)   0.0001 (  0.0%)  Aggressive Dead Code Elimination
   0.0000 (  0.0%)   0.0000 (  0.0%)   0.0000 (  0.0%)   0.0001 (  0.0%)  Aggressive Dead Code Elimination
   0.0000 (  0.0%)   0.0000 (  0.0%)   0.0000 (  0.0%)   0.0001 (  0.0%)  Unswitch loops
   0.0000 (  0.0%)   0.0000 (  0.0%)   0.0000 (  0.0%)   0.0001 (  0.0%)  Simplify loop CFG
   0.0000 (  0.0%)   0.0000 (  0.0%)   0.0000 (  0.0%)   0.0001 (  0.0%)  RemoveConflictingBurst - Remove port conflicting bursts
   0.0000 (  0.0%)   0.0000 (  0.0%)   0.0000 (  0.0%)   0.0001 (  0.0%)  Function Alias Analysis Results
   0.0000 (  0.0%)   0.0000 (  0.0%)   0.0000 (  0.0%)   0.0001 (  0.0%)  Function Alias Analysis Results
   0.0000 (  0.0%)   0.0000 (  0.0%)   0.0000 (  0.0%)   0.0001 (  0.0%)  Function Alias Analysis Results
   0.0000 (  0.0%)   0.0000 (  0.0%)   0.0000 (  0.0%)   0.0001 (  0.0%)  Aggressive Dead Code Elimination
   0.0000 (  0.0%)   0.0000 (  0.0%)   0.0000 (  0.0%)   0.0001 (  0.0%)  Aggressive Dead Code Elimination
   0.0000 (  0.0%)   0.0000 (  0.0%)   0.0000 (  0.0%)   0.0001 (  0.0%)  Eliminate pointer selection
   0.0000 (  0.0%)   0.0000 (  0.0%)   0.0000 (  0.0%)   0.0001 (  0.0%)  Aggressive Dead Code Elimination
   0.0000 (  0.0%)   0.0000 (  0.0%)   0.0000 (  0.0%)   0.0001 (  0.0%)  Aggressive Dead Code Elimination
   0.0000 (  0.0%)   0.0000 (  0.0%)   0.0000 (  0.0%)   0.0001 (  0.0%)  Remove redundant instructions
   0.0000 (  0.0%)   0.0000 (  0.0%)   0.0000 (  0.0%)   0.0001 (  0.0%)  Aggressive Dead Code Elimination
   0.0000 (  0.0%)   0.0000 (  0.0%)   0.0000 (  0.0%)   0.0001 (  0.0%)  Function Alias Analysis Results
   0.0000 (  0.0%)   0.0000 (  0.0%)   0.0000 (  0.0%)   0.0001 (  0.0%)  Function Alias Analysis Results
   0.0000 (  0.0%)   0.0000 (  0.0%)   0.0000 (  0.0%)   0.0001 (  0.0%)  Infer nuw/nsw flags for instructions
   0.0000 (  0.0%)   0.0000 (  0.0%)   0.0000 (  0.0%)   0.0001 (  0.0%)  Function Alias Analysis Results
   0.0000 (  0.0%)   0.0000 (  0.0%)   0.0000 (  0.0%)   0.0001 (  0.0%)  Function Alias Analysis Results
   0.0000 (  0.0%)   0.0000 (  0.0%)   0.0000 (  0.0%)   0.0001 (  0.0%)  Function Alias Analysis Results
   0.0000 (  0.0%)   0.0000 (  0.0%)   0.0000 (  0.0%)   0.0001 (  0.0%)  Function Alias Analysis Results
   0.0000 (  0.0%)   0.0000 (  0.0%)   0.0000 (  0.0%)   0.0001 (  0.0%)  Function Alias Analysis Results
   0.0000 (  0.0%)   0.0000 (  0.0%)   0.0000 (  0.0%)   0.0001 (  0.0%)  Function Alias Analysis Results
   0.0000 (  0.0%)   0.0000 (  0.0%)   0.0000 (  0.0%)   0.0001 (  0.0%)  Infer nuw/nsw flags for instructions
   0.0000 (  0.0%)   0.0000 (  0.0%)   0.0000 (  0.0%)   0.0001 (  0.0%)  Infer nuw/nsw flags for instructions
   0.0000 (  0.0%)   0.0000 (  0.0%)   0.0000 (  0.0%)   0.0001 (  0.0%)  Aggressive Dead Code Elimination
   0.0000 (  0.0%)   0.0000 (  0.0%)   0.0000 (  0.0%)   0.0001 (  0.0%)  Function Alias Analysis Results
   0.0000 (  0.0%)   0.0000 (  0.0%)   0.0000 (  0.0%)   0.0001 (  0.0%)  Simplify the CFG
   0.0000 (  0.0%)   0.0000 (  0.0%)   0.0000 (  0.0%)   0.0001 (  0.0%)  Function Alias Analysis Results
   0.0000 (  0.0%)   0.0000 (  0.0%)   0.0000 (  0.0%)   0.0001 (  0.0%)  Function Alias Analysis Results
   0.0000 (  0.0%)   0.0000 (  0.0%)   0.0000 (  0.0%)   0.0001 (  0.0%)  Post-Dominator Tree Construction
   0.0000 (  0.0%)   0.0000 (  0.0%)   0.0000 (  0.0%)   0.0001 (  0.0%)  Function Alias Analysis Results
   0.0000 (  0.0%)   0.0000 (  0.0%)   0.0000 (  0.0%)   0.0001 (  0.0%)  Function Alias Analysis Results
   0.0000 (  0.0%)   0.0000 (  0.0%)   0.0000 (  0.0%)   0.0001 (  0.0%)  Simple constant propagation
   0.0000 (  0.0%)   0.0000 (  0.0%)   0.0000 (  0.0%)   0.0001 (  0.0%)  Simplify loop CFG
   0.0000 (  0.0%)   0.0000 (  0.0%)   0.0000 (  0.0%)   0.0001 (  0.0%)  Infer nuw/nsw flags for instructions
   0.0000 (  0.0%)   0.0000 (  0.0%)   0.0000 (  0.0%)   0.0001 (  0.0%)  Eliminate pointer selection
   0.0000 (  0.0%)   0.0000 (  0.0%)   0.0000 (  0.0%)   0.0001 (  0.0%)  Function Alias Analysis Results
   0.0000 (  0.0%)   0.0000 (  0.0%)   0.0000 (  0.0%)   0.0001 (  0.0%)  Aggressive Dead Code Elimination
   0.0000 (  0.0%)   0.0000 (  0.0%)   0.0000 (  0.0%)   0.0001 (  0.0%)  Function Alias Analysis Results
   0.0000 (  0.0%)   0.0000 (  0.0%)   0.0000 (  0.0%)   0.0001 (  0.0%)  Function Alias Analysis Results
   0.0000 (  0.0%)   0.0000 (  0.0%)   0.0000 (  0.0%)   0.0001 (  0.0%)  Simplify loop CFG
   0.0000 (  0.0%)   0.0000 (  0.0%)   0.0000 (  0.0%)   0.0001 (  0.0%)  Aggressive Dead Code Elimination
   0.0000 (  0.0%)   0.0000 (  0.0%)   0.0000 (  0.0%)   0.0001 (  0.0%)  Function Alias Analysis Results
   0.0000 (  0.0%)   0.0000 (  0.0%)   0.0000 (  0.0%)   0.0001 (  0.0%)  Aggressive Dead Code Elimination
   0.0000 (  0.0%)   0.0000 (  0.0%)   0.0000 (  0.0%)   0.0001 (  0.0%)  Function Alias Analysis Results
   0.0000 (  0.0%)   0.0000 (  0.0%)   0.0000 (  0.0%)   0.0001 (  0.0%)  Aggressive Dead Code Elimination
   0.0000 (  0.0%)   0.0000 (  0.0%)   0.0000 (  0.0%)   0.0001 (  0.0%)  Function Alias Analysis Results
   0.0000 (  0.0%)   0.0000 (  0.0%)   0.0000 (  0.0%)   0.0001 (  0.0%)  Function Alias Analysis Results
   0.0000 (  0.0%)   0.0000 (  0.0%)   0.0000 (  0.0%)   0.0001 (  0.0%)  Function Alias Analysis Results
   0.0000 (  0.0%)   0.0000 (  0.0%)   0.0000 (  0.0%)   0.0001 (  0.0%)  Function Alias Analysis Results
   0.0000 (  0.0%)   0.0000 (  0.0%)   0.0000 (  0.0%)   0.0001 (  0.0%)  Function Alias Analysis Results
   0.0000 (  0.0%)   0.0000 (  0.0%)   0.0000 (  0.0%)   0.0001 (  0.0%)  Function Alias Analysis Results
   0.0000 (  0.0%)   0.0000 (  0.0%)   0.0000 (  0.0%)   0.0001 (  0.0%)  Special handling of axis with side-channels
   0.0000 (  0.0%)   0.0000 (  0.0%)   0.0000 (  0.0%)   0.0001 (  0.0%)  Function Alias Analysis Results
   0.0000 (  0.0%)   0.0000 (  0.0%)   0.0000 (  0.0%)   0.0001 (  0.0%)  Function Alias Analysis Results
   0.0000 (  0.0%)   0.0000 (  0.0%)   0.0000 (  0.0%)   0.0001 (  0.0%)  Function Alias Analysis Results
   0.0000 (  0.0%)   0.0000 (  0.0%)   0.0000 (  0.0%)   0.0001 (  0.0%)  Function Alias Analysis Results
   0.0000 (  0.0%)   0.0000 (  0.0%)   0.0000 (  0.0%)   0.0001 (  0.0%)  Function Alias Analysis Results
   0.0000 (  0.0%)   0.0000 (  0.0%)   0.0000 (  0.0%)   0.0001 (  0.0%)  Function Alias Analysis Results
   0.0000 (  0.0%)   0.0000 (  0.0%)   0.0000 (  0.0%)   0.0001 (  0.0%)  Function Alias Analysis Results
   0.0000 (  0.0%)   0.0000 (  0.0%)   0.0000 (  0.0%)   0.0001 (  0.0%)  Function Alias Analysis Results
   0.0000 (  0.0%)   0.0000 (  0.0%)   0.0000 (  0.0%)   0.0001 (  0.0%)  Function Alias Analysis Results
   0.0000 (  0.0%)   0.0000 (  0.0%)   0.0000 (  0.0%)   0.0001 (  0.0%)  Function Alias Analysis Results
   0.0000 (  0.0%)   0.0000 (  0.0%)   0.0000 (  0.0%)   0.0001 (  0.0%)  Function Alias Analysis Results
   0.0000 (  0.0%)   0.0000 (  0.0%)   0.0000 (  0.0%)   0.0001 (  0.0%)  Function Alias Analysis Results
   0.0000 (  0.0%)   0.0000 (  0.0%)   0.0000 (  0.0%)   0.0001 (  0.0%)  Function Alias Analysis Results
   0.0000 (  0.0%)   0.0000 (  0.0%)   0.0000 (  0.0%)   0.0001 (  0.0%)  Function Alias Analysis Results
   0.0000 (  0.0%)   0.0000 (  0.0%)   0.0000 (  0.0%)   0.0001 (  0.0%)  Function Alias Analysis Results
   0.0000 (  0.0%)   0.0000 (  0.0%)   0.0000 (  0.0%)   0.0001 (  0.0%)  Function Alias Analysis Results
   0.0000 (  0.0%)   0.0000 (  0.0%)   0.0000 (  0.0%)   0.0001 (  0.0%)  Infer nuw/nsw flags for instructions
   0.0000 (  0.0%)   0.0000 (  0.0%)   0.0000 (  0.0%)   0.0001 (  0.0%)  Function Alias Analysis Results
   0.0000 (  0.0%)   0.0000 (  0.0%)   0.0000 (  0.0%)   0.0001 (  0.0%)  LegalizeName - Check interface name in terms of HDL syntax
   0.0000 (  0.0%)   0.0000 (  0.0%)   0.0000 (  0.0%)   0.0001 (  0.0%)  Infer nuw/nsw flags for instructions
   0.0000 (  0.0%)   0.0000 (  0.0%)   0.0000 (  0.0%)   0.0001 (  0.0%)  Function Alias Analysis Results
   0.0000 (  0.0%)   0.0000 (  0.0%)   0.0000 (  0.0%)   0.0001 (  0.0%)  Function Alias Analysis Results
   0.0000 (  0.0%)   0.0000 (  0.0%)   0.0000 (  0.0%)   0.0001 (  0.0%)  Function Alias Analysis Results
   0.0000 (  0.0%)   0.0000 (  0.0%)   0.0000 (  0.0%)   0.0001 (  0.0%)  Function Alias Analysis Results
   0.0000 (  0.0%)   0.0000 (  0.0%)   0.0000 (  0.0%)   0.0001 (  0.0%)  Infer nuw/nsw flags for instructions
   0.0000 (  0.0%)   0.0000 (  0.0%)   0.0000 (  0.0%)   0.0001 (  0.0%)  Function Alias Analysis Results
   0.0000 (  0.0%)   0.0000 (  0.0%)   0.0000 (  0.0%)   0.0001 (  0.0%)  Function Alias Analysis Results
   0.0000 (  0.0%)   0.0000 (  0.0%)   0.0000 (  0.0%)   0.0001 (  0.0%)  Function Alias Analysis Results
   0.0000 (  0.0%)   0.0000 (  0.0%)   0.0000 (  0.0%)   0.0001 (  0.0%)  Function Alias Analysis Results
   0.0000 (  0.0%)   0.0000 (  0.0%)   0.0000 (  0.0%)   0.0001 (  0.0%)  Function Alias Analysis Results
   0.0000 (  0.0%)   0.0000 (  0.0%)   0.0000 (  0.0%)   0.0001 (  0.0%)  Infer nuw/nsw flags for instructions
   0.0000 (  0.0%)   0.0000 (  0.0%)   0.0000 (  0.0%)   0.0001 (  0.0%)  Function Alias Analysis Results
   0.0000 (  0.0%)   0.0000 (  0.0%)   0.0000 (  0.0%)   0.0001 (  0.0%)  Function Alias Analysis Results
   0.0000 (  0.0%)   0.0000 (  0.0%)   0.0000 (  0.0%)   0.0001 (  0.0%)  Eliminate dead debug information intrinsic
   0.0000 (  0.0%)   0.0000 (  0.0%)   0.0000 (  0.0%)   0.0001 (  0.0%)  Function Alias Analysis Results
   0.0000 (  0.0%)   0.0000 (  0.0%)   0.0000 (  0.0%)   0.0001 (  0.0%)  Function Alias Analysis Results
   0.0000 (  0.0%)   0.0000 (  0.0%)   0.0000 (  0.0%)   0.0001 (  0.0%)  Function Alias Analysis Results
   0.0000 (  0.0%)   0.0000 (  0.0%)   0.0000 (  0.0%)   0.0001 (  0.0%)  LowerPredicate - Lower predicates to control-flow
   0.0000 (  0.0%)   0.0000 (  0.0%)   0.0000 (  0.0%)   0.0001 (  0.0%)  Function Alias Analysis Results
   0.0000 (  0.0%)   0.0000 (  0.0%)   0.0000 (  0.0%)   0.0001 (  0.0%)  Simple constant propagation
   0.0000 (  0.0%)   0.0000 (  0.0%)   0.0000 (  0.0%)   0.0001 (  0.0%)  Remove redundant instructions
   0.0000 (  0.0%)   0.0000 (  0.0%)   0.0000 (  0.0%)   0.0001 (  0.0%)  Function Alias Analysis Results
   0.0156 (  1.4%)   0.0000 (  0.0%)   0.0156 (  1.3%)   0.0001 (  0.0%)  Function Alias Analysis Results
   0.0000 (  0.0%)   0.0000 (  0.0%)   0.0000 (  0.0%)   0.0001 (  0.0%)  Function Alias Analysis Results
   0.0000 (  0.0%)   0.0000 (  0.0%)   0.0000 (  0.0%)   0.0001 (  0.0%)  Function Alias Analysis Results
   0.0000 (  0.0%)   0.0000 (  0.0%)   0.0000 (  0.0%)   0.0001 (  0.0%)  Function Alias Analysis Results
   0.0000 (  0.0%)   0.0000 (  0.0%)   0.0000 (  0.0%)   0.0001 (  0.0%)  Aggressive Dead Code Elimination
   0.0000 (  0.0%)   0.0000 (  0.0%)   0.0000 (  0.0%)   0.0001 (  0.0%)  Infer nuw/nsw flags for instructions
   0.0000 (  0.0%)   0.0000 (  0.0%)   0.0000 (  0.0%)   0.0001 (  0.0%)  Function Alias Analysis Results
   0.0000 (  0.0%)   0.0000 (  0.0%)   0.0000 (  0.0%)   0.0001 (  0.0%)  Function Alias Analysis Results
   0.0000 (  0.0%)   0.0000 (  0.0%)   0.0000 (  0.0%)   0.0001 (  0.0%)  Function Alias Analysis Results
   0.0000 (  0.0%)   0.0000 (  0.0%)   0.0000 (  0.0%)   0.0001 (  0.0%)  Function Alias Analysis Results
   0.0000 (  0.0%)   0.0000 (  0.0%)   0.0000 (  0.0%)   0.0001 (  0.0%)  Function Alias Analysis Results
   0.0000 (  0.0%)   0.0000 (  0.0%)   0.0000 (  0.0%)   0.0001 (  0.0%)  Function Alias Analysis Results
   0.0000 (  0.0%)   0.0000 (  0.0%)   0.0000 (  0.0%)   0.0001 (  0.0%)  Function Alias Analysis Results
   0.0000 (  0.0%)   0.0000 (  0.0%)   0.0000 (  0.0%)   0.0001 (  0.0%)  Function Alias Analysis Results
   0.0000 (  0.0%)   0.0000 (  0.0%)   0.0000 (  0.0%)   0.0001 (  0.0%)  Eliminate pointer selection
   0.0000 (  0.0%)   0.0000 (  0.0%)   0.0000 (  0.0%)   0.0001 (  0.0%)  Function Alias Analysis Results
   0.0000 (  0.0%)   0.0000 (  0.0%)   0.0000 (  0.0%)   0.0001 (  0.0%)  Function Alias Analysis Results
   0.0000 (  0.0%)   0.0000 (  0.0%)   0.0000 (  0.0%)   0.0001 (  0.0%)  Function Alias Analysis Results
   0.0000 (  0.0%)   0.0000 (  0.0%)   0.0000 (  0.0%)   0.0001 (  0.0%)  Function Alias Analysis Results
   0.0000 (  0.0%)   0.0000 (  0.0%)   0.0000 (  0.0%)   0.0001 (  0.0%)  Function Alias Analysis Results
   0.0000 (  0.0%)   0.0000 (  0.0%)   0.0000 (  0.0%)   0.0001 (  0.0%)  Function Alias Analysis Results
   0.0000 (  0.0%)   0.0000 (  0.0%)   0.0000 (  0.0%)   0.0001 (  0.0%)  Function Alias Analysis Results
   0.0000 (  0.0%)   0.0000 (  0.0%)   0.0000 (  0.0%)   0.0001 (  0.0%)  Function Alias Analysis Results
   0.0000 (  0.0%)   0.0000 (  0.0%)   0.0000 (  0.0%)   0.0001 (  0.0%)  Simplify the CFG
   0.0000 (  0.0%)   0.0000 (  0.0%)   0.0000 (  0.0%)   0.0001 (  0.0%)  Function Alias Analysis Results
   0.0000 (  0.0%)   0.0000 (  0.0%)   0.0000 (  0.0%)   0.0001 (  0.0%)  Function Alias Analysis Results
   0.0000 (  0.0%)   0.0000 (  0.0%)   0.0000 (  0.0%)   0.0001 (  0.0%)  Function Alias Analysis Results
   0.0000 (  0.0%)   0.0000 (  0.0%)   0.0000 (  0.0%)   0.0001 (  0.0%)  Function Alias Analysis Results
   0.0000 (  0.0%)   0.0000 (  0.0%)   0.0000 (  0.0%)   0.0001 (  0.0%)  Function Alias Analysis Results
   0.0000 (  0.0%)   0.0000 (  0.0%)   0.0000 (  0.0%)   0.0001 (  0.0%)  Infer nuw/nsw flags for instructions
   0.0000 (  0.0%)   0.0000 (  0.0%)   0.0000 (  0.0%)   0.0001 (  0.0%)  Function Alias Analysis Results
   0.0000 (  0.0%)   0.0000 (  0.0%)   0.0000 (  0.0%)   0.0001 (  0.0%)  AccessGroup - Group the memory access for the same object
   0.0000 (  0.0%)   0.0000 (  0.0%)   0.0000 (  0.0%)   0.0001 (  0.0%)  Function Alias Analysis Results
   0.0000 (  0.0%)   0.0000 (  0.0%)   0.0000 (  0.0%)   0.0001 (  0.0%)  Infer nuw/nsw flags for instructions
   0.0000 (  0.0%)   0.0000 (  0.0%)   0.0000 (  0.0%)   0.0001 (  0.0%)  Infer nuw/nsw flags for instructions
   0.0000 (  0.0%)   0.0000 (  0.0%)   0.0000 (  0.0%)   0.0001 (  0.0%)  Aggressive Dead Code Elimination
   0.0000 (  0.0%)   0.0000 (  0.0%)   0.0000 (  0.0%)   0.0001 (  0.0%)  Function Alias Analysis Results
   0.0000 (  0.0%)   0.0000 (  0.0%)   0.0000 (  0.0%)   0.0001 (  0.0%)  Function Alias Analysis Results
   0.0000 (  0.0%)   0.0000 (  0.0%)   0.0000 (  0.0%)   0.0001 (  0.0%)  Function Alias Analysis Results
   0.0000 (  0.0%)   0.0000 (  0.0%)   0.0000 (  0.0%)   0.0001 (  0.0%)  Simplify the CFG
   0.0000 (  0.0%)   0.0000 (  0.0%)   0.0000 (  0.0%)   0.0001 (  0.0%)  Function Alias Analysis Results
   0.0000 (  0.0%)   0.0000 (  0.0%)   0.0000 (  0.0%)   0.0001 (  0.0%)  Infer nuw/nsw flags for instructions
   0.0000 (  0.0%)   0.0000 (  0.0%)   0.0000 (  0.0%)   0.0001 (  0.0%)  Function Alias Analysis Results
   0.0000 (  0.0%)   0.0000 (  0.0%)   0.0000 (  0.0%)   0.0001 (  0.0%)  Dominator Tree Construction
   0.0000 (  0.0%)   0.0000 (  0.0%)   0.0000 (  0.0%)   0.0001 (  0.0%)  Function Alias Analysis Results
   0.0000 (  0.0%)   0.0000 (  0.0%)   0.0000 (  0.0%)   0.0001 (  0.0%)  Delete dead loops
   0.0000 (  0.0%)   0.0000 (  0.0%)   0.0000 (  0.0%)   0.0001 (  0.0%)  Function Alias Analysis Results
   0.0000 (  0.0%)   0.0000 (  0.0%)   0.0000 (  0.0%)   0.0001 (  0.0%)  Function Alias Analysis Results
   0.0000 (  0.0%)   0.0000 (  0.0%)   0.0000 (  0.0%)   0.0001 (  0.0%)  Function Alias Analysis Results
   0.0000 (  0.0%)   0.0000 (  0.0%)   0.0000 (  0.0%)   0.0001 (  0.0%)  Function Alias Analysis Results
   0.0000 (  0.0%)   0.0000 (  0.0%)   0.0000 (  0.0%)   0.0001 (  0.0%)  Function Alias Analysis Results
   0.0000 (  0.0%)   0.0000 (  0.0%)   0.0000 (  0.0%)   0.0001 (  0.0%)  Function Alias Analysis Results
   0.0000 (  0.0%)   0.0000 (  0.0%)   0.0000 (  0.0%)   0.0001 (  0.0%)  Function Alias Analysis Results
   0.0000 (  0.0%)   0.0000 (  0.0%)   0.0000 (  0.0%)   0.0001 (  0.0%)  Remove redundant instructions
   0.0000 (  0.0%)   0.0000 (  0.0%)   0.0000 (  0.0%)   0.0001 (  0.0%)  Function Alias Analysis Results
   0.0000 (  0.0%)   0.0000 (  0.0%)   0.0000 (  0.0%)   0.0001 (  0.0%)  Promote 'by reference' arguments to scalars
   0.0000 (  0.0%)   0.0000 (  0.0%)   0.0000 (  0.0%)   0.0001 (  0.0%)  Eliminate pointer selection
   0.0000 (  0.0%)   0.0000 (  0.0%)   0.0000 (  0.0%)   0.0001 (  0.0%)  Function Alias Analysis Results
   0.0000 (  0.0%)   0.0000 (  0.0%)   0.0000 (  0.0%)   0.0001 (  0.0%)  Function Alias Analysis Results
   0.0000 (  0.0%)   0.0000 (  0.0%)   0.0000 (  0.0%)   0.0001 (  0.0%)  Function Alias Analysis Results
   0.0000 (  0.0%)   0.0000 (  0.0%)   0.0000 (  0.0%)   0.0001 (  0.0%)  Remove redundant instructions
   0.0000 (  0.0%)   0.0000 (  0.0%)   0.0000 (  0.0%)   0.0001 (  0.0%)  Simplify the CFG
   0.0000 (  0.0%)   0.0000 (  0.0%)   0.0000 (  0.0%)   0.0001 (  0.0%)  Dead Instruction Elimination
   0.0000 (  0.0%)   0.0000 (  0.0%)   0.0000 (  0.0%)   0.0001 (  0.0%)  Rotate Loops
   0.0000 (  0.0%)   0.0000 (  0.0%)   0.0000 (  0.0%)   0.0001 (  0.0%)  Function Alias Analysis Results
   0.0000 (  0.0%)   0.0000 (  0.0%)   0.0000 (  0.0%)   0.0001 (  0.0%)  Function Alias Analysis Results
   0.0000 (  0.0%)   0.0000 (  0.0%)   0.0000 (  0.0%)   0.0001 (  0.0%)  Function Alias Analysis Results
   0.0000 (  0.0%)   0.0000 (  0.0%)   0.0000 (  0.0%)   0.0001 (  0.0%)  Remove redundant instructions
   0.0000 (  0.0%)   0.0000 (  0.0%)   0.0000 (  0.0%)   0.0001 (  0.0%)  Function Alias Analysis Results
   0.0000 (  0.0%)   0.0000 (  0.0%)   0.0000 (  0.0%)   0.0001 (  0.0%)  Function Alias Analysis Results
   0.0000 (  0.0%)   0.0000 (  0.0%)   0.0000 (  0.0%)   0.0001 (  0.0%)  Remove redundant instructions
   0.0000 (  0.0%)   0.0000 (  0.0%)   0.0000 (  0.0%)   0.0001 (  0.0%)  Natural Loop Information
   0.0000 (  0.0%)   0.0000 (  0.0%)   0.0000 (  0.0%)   0.0001 (  0.0%)  Function Alias Analysis Results
   0.0000 (  0.0%)   0.0000 (  0.0%)   0.0000 (  0.0%)   0.0001 (  0.0%)  Function Alias Analysis Results
   0.0000 (  0.0%)   0.0000 (  0.0%)   0.0000 (  0.0%)   0.0001 (  0.0%)  Function Alias Analysis Results
   0.0000 (  0.0%)   0.0000 (  0.0%)   0.0000 (  0.0%)   0.0001 (  0.0%)  Function Alias Analysis Results
   0.0000 (  0.0%)   0.0000 (  0.0%)   0.0000 (  0.0%)   0.0001 (  0.0%)  Function Alias Analysis Results
   0.0000 (  0.0%)   0.0000 (  0.0%)   0.0000 (  0.0%)   0.0001 (  0.0%)  Function Alias Analysis Results
   0.0000 (  0.0%)   0.0000 (  0.0%)   0.0000 (  0.0%)   0.0001 (  0.0%)  Function Alias Analysis Results
   0.0000 (  0.0%)   0.0000 (  0.0%)   0.0000 (  0.0%)   0.0001 (  0.0%)  Simplify the CFG
   0.0000 (  0.0%)   0.0000 (  0.0%)   0.0000 (  0.0%)   0.0001 (  0.0%)  Simplify the CFG
   0.0000 (  0.0%)   0.0000 (  0.0%)   0.0000 (  0.0%)   0.0001 (  0.0%)  Function Alias Analysis Results
   0.0000 (  0.0%)   0.0000 (  0.0%)   0.0000 (  0.0%)   0.0001 (  0.0%)  Function Alias Analysis Results
   0.0000 (  0.0%)   0.0000 (  0.0%)   0.0000 (  0.0%)   0.0001 (  0.0%)  Remove redundant instructions
   0.0000 (  0.0%)   0.0000 (  0.0%)   0.0000 (  0.0%)   0.0001 (  0.0%)  Delete dead loops
   0.0000 (  0.0%)   0.0000 (  0.0%)   0.0000 (  0.0%)   0.0001 (  0.0%)  Function Alias Analysis Results
   0.0000 (  0.0%)   0.0000 (  0.0%)   0.0000 (  0.0%)   0.0001 (  0.0%)  Reduce the height of tree
   0.0000 (  0.0%)   0.0000 (  0.0%)   0.0000 (  0.0%)   0.0001 (  0.0%)  Function Alias Analysis Results
   0.0000 (  0.0%)   0.0000 (  0.0%)   0.0000 (  0.0%)   0.0001 (  0.0%)  Function Alias Analysis Results
   0.0000 (  0.0%)   0.0000 (  0.0%)   0.0000 (  0.0%)   0.0001 (  0.0%)  Function duplication
   0.0000 (  0.0%)   0.0000 (  0.0%)   0.0000 (  0.0%)   0.0001 (  0.0%)  Remove redundant instructions
   0.0000 (  0.0%)   0.0000 (  0.0%)   0.0000 (  0.0%)   0.0001 (  0.0%)  CallGraph Construction
   0.0000 (  0.0%)   0.0000 (  0.0%)   0.0000 (  0.0%)   0.0001 (  0.0%)  Object Decomposition
   0.0000 (  0.0%)   0.0000 (  0.0%)   0.0000 (  0.0%)   0.0001 (  0.0%)  Function Alias Analysis Results
   0.0000 (  0.0%)   0.0000 (  0.0%)   0.0000 (  0.0%)   0.0001 (  0.0%)  Function Alias Analysis Results
   0.0000 (  0.0%)   0.0000 (  0.0%)   0.0000 (  0.0%)   0.0001 (  0.0%)  Function Alias Analysis Results
   0.0000 (  0.0%)   0.0000 (  0.0%)   0.0000 (  0.0%)   0.0001 (  0.0%)  Undecay arrays
   0.0000 (  0.0%)   0.0000 (  0.0%)   0.0000 (  0.0%)   0.0001 (  0.0%)  Assign names to anonymous instructions (structure based)
   0.0000 (  0.0%)   0.0000 (  0.0%)   0.0000 (  0.0%)   0.0001 (  0.0%)  Dataflow Process Duplication
   0.0000 (  0.0%)   0.0000 (  0.0%)   0.0000 (  0.0%)   0.0001 (  0.0%)  Remove redundant instructions
   0.0000 (  0.0%)   0.0000 (  0.0%)   0.0000 (  0.0%)   0.0001 (  0.0%)  Function Alias Analysis Results
   0.0000 (  0.0%)   0.0000 (  0.0%)   0.0000 (  0.0%)   0.0001 (  0.0%)  Eliminate dead debug information intrinsic
   0.0000 (  0.0%)   0.0000 (  0.0%)   0.0000 (  0.0%)   0.0001 (  0.0%)  Eliminate dead debug information intrinsic
   0.0000 (  0.0%)   0.0000 (  0.0%)   0.0000 (  0.0%)   0.0001 (  0.0%)  Remove redundant instructions
   0.0000 (  0.0%)   0.0000 (  0.0%)   0.0000 (  0.0%)   0.0001 (  0.0%)  Remove redundant instructions
   0.0000 (  0.0%)   0.0000 (  0.0%)   0.0000 (  0.0%)   0.0001 (  0.0%)  Remove redundant instructions
   0.0000 (  0.0%)   0.0000 (  0.0%)   0.0000 (  0.0%)   0.0001 (  0.0%)  Infer nuw/nsw flags for instructions
   0.0000 (  0.0%)   0.0000 (  0.0%)   0.0000 (  0.0%)   0.0001 (  0.0%)  Dominator Tree Construction
   0.0000 (  0.0%)   0.0000 (  0.0%)   0.0000 (  0.0%)   0.0001 (  0.0%)  Dominator Tree Construction
   0.0000 (  0.0%)   0.0000 (  0.0%)   0.0000 (  0.0%)   0.0001 (  0.0%)  Dominator Tree Construction
   0.0000 (  0.0%)   0.0000 (  0.0%)   0.0000 (  0.0%)   0.0001 (  0.0%)  Dominator Tree Construction
   0.0000 (  0.0%)   0.0000 (  0.0%)   0.0000 (  0.0%)   0.0001 (  0.0%)  Assign names to anonymous instructions (structure based)
   0.0000 (  0.0%)   0.0000 (  0.0%)   0.0000 (  0.0%)   0.0001 (  0.0%)  Dominator Tree Construction
   0.0000 (  0.0%)   0.0000 (  0.0%)   0.0000 (  0.0%)   0.0001 (  0.0%)  Canonicalize natural loops
   0.0000 (  0.0%)   0.0000 (  0.0%)   0.0000 (  0.0%)   0.0001 (  0.0%)  Post-Dominator Tree Construction
   0.0000 (  0.0%)   0.0000 (  0.0%)   0.0000 (  0.0%)   0.0001 (  0.0%)  Infer nuw/nsw flags for instructions
   0.0000 (  0.0%)   0.0000 (  0.0%)   0.0000 (  0.0%)   0.0001 (  0.0%)  Dominator Tree Construction
   0.0000 (  0.0%)   0.0000 (  0.0%)   0.0000 (  0.0%)   0.0001 (  0.0%)  Infer nuw/nsw flags for instructions
   0.0000 (  0.0%)   0.0000 (  0.0%)   0.0000 (  0.0%)   0.0001 (  0.0%)  Canonicalize natural loops
   0.0000 (  0.0%)   0.0000 (  0.0%)   0.0000 (  0.0%)   0.0001 (  0.0%)  Detect single entry single exit regions
   0.0000 (  0.0%)   0.0000 (  0.0%)   0.0000 (  0.0%)   0.0001 (  0.0%)  Post-Dominator Tree Construction
   0.0000 (  0.0%)   0.0000 (  0.0%)   0.0000 (  0.0%)   0.0001 (  0.0%)  CallGraph Construction
   0.0000 (  0.0%)   0.0000 (  0.0%)   0.0000 (  0.0%)   0.0001 (  0.0%)  Scalar Evolution Analysis
   0.0000 (  0.0%)   0.0000 (  0.0%)   0.0000 (  0.0%)   0.0001 (  0.0%)  Natural Loop Information
   0.0000 (  0.0%)   0.0000 (  0.0%)   0.0000 (  0.0%)   0.0001 (  0.0%)  Eliminate dead debug information intrinsic
   0.0000 (  0.0%)   0.0000 (  0.0%)   0.0000 (  0.0%)   0.0001 (  0.0%)  Struct object aggregation
   0.0000 (  0.0%)   0.0000 (  0.0%)   0.0000 (  0.0%)   0.0001 (  0.0%)  CallGraph Construction
   0.0000 (  0.0%)   0.0000 (  0.0%)   0.0000 (  0.0%)   0.0001 (  0.0%)  Scalar Evolution Analysis
   0.0000 (  0.0%)   0.0000 (  0.0%)   0.0000 (  0.0%)   0.0001 (  0.0%)  Eliminate dead debug information intrinsic
   0.0000 (  0.0%)   0.0000 (  0.0%)   0.0000 (  0.0%)   0.0001 (  0.0%)  Dead Code Elimination
   0.0000 (  0.0%)   0.0000 (  0.0%)   0.0000 (  0.0%)   0.0001 (  0.0%)  Dominator Tree Construction
   0.0000 (  0.0%)   0.0000 (  0.0%)   0.0000 (  0.0%)   0.0001 (  0.0%)  Dominator Tree Construction
   0.0000 (  0.0%)   0.0000 (  0.0%)   0.0000 (  0.0%)   0.0001 (  0.0%)  Inliner for always_inline functions
   0.0000 (  0.0%)   0.0000 (  0.0%)   0.0000 (  0.0%)   0.0001 (  0.0%)  Divergence Analysis
   0.0000 (  0.0%)   0.0000 (  0.0%)   0.0000 (  0.0%)   0.0001 (  0.0%)  Post-Dominator Tree Construction
   0.0000 (  0.0%)   0.0000 (  0.0%)   0.0000 (  0.0%)   0.0001 (  0.0%)  Dominator Tree Construction
   0.0000 (  0.0%)   0.0000 (  0.0%)   0.0000 (  0.0%)   0.0001 (  0.0%)  Remove redundant instructions
   0.0000 (  0.0%)   0.0000 (  0.0%)   0.0000 (  0.0%)   0.0001 (  0.0%)  CallGraph Construction
   0.0000 (  0.0%)   0.0000 (  0.0%)   0.0000 (  0.0%)   0.0001 (  0.0%)  Canonicalize natural loops
   0.0000 (  0.0%)   0.0000 (  0.0%)   0.0000 (  0.0%)   0.0001 (  0.0%)  Dominator Tree Construction
   0.0000 (  0.0%)   0.0000 (  0.0%)   0.0000 (  0.0%)   0.0001 (  0.0%)  Post-Dominator Tree Construction
   0.0000 (  0.0%)   0.0000 (  0.0%)   0.0000 (  0.0%)   0.0001 (  0.0%)  Auto automatic array partition filter analysis
   0.0000 (  0.0%)   0.0000 (  0.0%)   0.0000 (  0.0%)   0.0001 (  0.0%)  Natural Loop Information
   0.0000 (  0.0%)   0.0000 (  0.0%)   0.0000 (  0.0%)   0.0001 (  0.0%)  Canonicalize natural loops
   0.0000 (  0.0%)   0.0000 (  0.0%)   0.0000 (  0.0%)   0.0001 (  0.0%)  Dominator Tree Construction
   0.0000 (  0.0%)   0.0000 (  0.0%)   0.0000 (  0.0%)   0.0001 (  0.0%)  Dominator Tree Construction
   0.0000 (  0.0%)   0.0000 (  0.0%)   0.0000 (  0.0%)   0.0001 (  0.0%)  Simplify types in the LLVM IR, redundant type hierarchy
   0.0000 (  0.0%)   0.0000 (  0.0%)   0.0000 (  0.0%)   0.0001 (  0.0%)  CallGraph Construction
   0.0000 (  0.0%)   0.0000 (  0.0%)   0.0000 (  0.0%)   0.0001 (  0.0%)  Assign names to anonymous instructions (structure based)
   0.0000 (  0.0%)   0.0000 (  0.0%)   0.0000 (  0.0%)   0.0001 (  0.0%)  Natural Loop Information
   0.0000 (  0.0%)   0.0000 (  0.0%)   0.0000 (  0.0%)   0.0001 (  0.0%)  Remove redundant instructions
   0.0000 (  0.0%)   0.0156 ( 50.0%)   0.0156 (  1.3%)   0.0001 (  0.0%)  Dominator Tree Construction
   0.0000 (  0.0%)   0.0000 (  0.0%)   0.0000 (  0.0%)   0.0001 (  0.0%)  Post-Dominator Tree Construction
   0.0000 (  0.0%)   0.0000 (  0.0%)   0.0000 (  0.0%)   0.0001 (  0.0%)  Post-Dominator Tree Construction
   0.0000 (  0.0%)   0.0000 (  0.0%)   0.0000 (  0.0%)   0.0001 (  0.0%)  Dead Code Elimination
   0.0000 (  0.0%)   0.0000 (  0.0%)   0.0000 (  0.0%)   0.0001 (  0.0%)  CallGraph Construction
   0.0000 (  0.0%)   0.0000 (  0.0%)   0.0000 (  0.0%)   0.0001 (  0.0%)  Dominator Tree Construction
   0.0000 (  0.0%)   0.0000 (  0.0%)   0.0000 (  0.0%)   0.0001 (  0.0%)  Eliminate dead debug information intrinsic
   0.0000 (  0.0%)   0.0000 (  0.0%)   0.0000 (  0.0%)   0.0001 (  0.0%)  Infer nuw/nsw flags for instructions
   0.0000 (  0.0%)   0.0000 (  0.0%)   0.0000 (  0.0%)   0.0001 (  0.0%)  Global Variable Optimizer
   0.0000 (  0.0%)   0.0000 (  0.0%)   0.0000 (  0.0%)   0.0001 (  0.0%)  Canonicalize natural loops
   0.0000 (  0.0%)   0.0000 (  0.0%)   0.0000 (  0.0%)   0.0001 (  0.0%)  Remove redundant instructions
   0.0000 (  0.0%)   0.0000 (  0.0%)   0.0000 (  0.0%)   0.0001 (  0.0%)  Canonicalize natural loops
   0.0000 (  0.0%)   0.0000 (  0.0%)   0.0000 (  0.0%)   0.0001 (  0.0%)  Dominator Tree Construction
   0.0000 (  0.0%)   0.0000 (  0.0%)   0.0000 (  0.0%)   0.0001 (  0.0%)  Canonicalize natural loops
   0.0000 (  0.0%)   0.0000 (  0.0%)   0.0000 (  0.0%)   0.0001 (  0.0%)  Divergence Analysis
   0.0000 (  0.0%)   0.0000 (  0.0%)   0.0000 (  0.0%)   0.0001 (  0.0%)  Loop-Closed SSA Form Pass
   0.0000 (  0.0%)   0.0000 (  0.0%)   0.0000 (  0.0%)   0.0001 (  0.0%)  Dominator Tree Construction
   0.0000 (  0.0%)   0.0000 (  0.0%)   0.0000 (  0.0%)   0.0001 (  0.0%)  Dominator Tree Construction
   0.0000 (  0.0%)   0.0000 (  0.0%)   0.0000 (  0.0%)   0.0001 (  0.0%)  Canonicalize natural loops
   0.0000 (  0.0%)   0.0000 (  0.0%)   0.0000 (  0.0%)   0.0001 (  0.0%)  Simplify types in the LLVM IR, redundant type hierarchy
   0.0000 (  0.0%)   0.0000 (  0.0%)   0.0000 (  0.0%)   0.0001 (  0.0%)  Eliminate dead debug information intrinsic
   0.0000 (  0.0%)   0.0000 (  0.0%)   0.0000 (  0.0%)   0.0001 (  0.0%)  Dominator Tree Construction
   0.0000 (  0.0%)   0.0000 (  0.0%)   0.0000 (  0.0%)   0.0001 (  0.0%)  AttrPropagation - Propagate Pointer Parameter Attribute
   0.0000 (  0.0%)   0.0000 (  0.0%)   0.0000 (  0.0%)   0.0001 (  0.0%)  Loop-Closed SSA Form Pass
   0.0000 (  0.0%)   0.0000 (  0.0%)   0.0000 (  0.0%)   0.0001 (  0.0%)  Dominator Tree Construction
   0.0000 (  0.0%)   0.0000 (  0.0%)   0.0000 (  0.0%)   0.0001 (  0.0%)  Canonicalize natural loops
   0.0000 (  0.0%)   0.0000 (  0.0%)   0.0000 (  0.0%)   0.0001 (  0.0%)  Natural Loop Information
   0.0000 (  0.0%)   0.0000 (  0.0%)   0.0000 (  0.0%)   0.0001 (  0.0%)  Infer PPPO for array-to-streams
   0.0000 (  0.0%)   0.0000 (  0.0%)   0.0000 (  0.0%)   0.0001 (  0.0%)  Dominator Tree Construction
   0.0000 (  0.0%)   0.0000 (  0.0%)   0.0000 (  0.0%)   0.0001 (  0.0%)  Natural Loop Information
   0.0000 (  0.0%)   0.0000 (  0.0%)   0.0000 (  0.0%)   0.0001 (  0.0%)  Post-Dominator Tree Construction
   0.0000 (  0.0%)   0.0000 (  0.0%)   0.0000 (  0.0%)   0.0001 (  0.0%)  Post-Dominator Tree Construction
   0.0000 (  0.0%)   0.0000 (  0.0%)   0.0000 (  0.0%)   0.0001 (  0.0%)  Natural Loop Information
   0.0000 (  0.0%)   0.0000 (  0.0%)   0.0000 (  0.0%)   0.0001 (  0.0%)  Post-Dominator Tree Construction
   0.0000 (  0.0%)   0.0000 (  0.0%)   0.0000 (  0.0%)   0.0001 (  0.0%)  Lazy Value Information Analysis
   0.0000 (  0.0%)   0.0000 (  0.0%)   0.0000 (  0.0%)   0.0001 (  0.0%)  CallGraph Construction
   0.0000 (  0.0%)   0.0000 (  0.0%)   0.0000 (  0.0%)   0.0001 (  0.0%)  Dominator Tree Construction
   0.0000 (  0.0%)   0.0000 (  0.0%)   0.0000 (  0.0%)   0.0001 (  0.0%)  Canonicalize natural loops
   0.0000 (  0.0%)   0.0000 (  0.0%)   0.0000 (  0.0%)   0.0001 (  0.0%)  Lower black box
   0.0000 (  0.0%)   0.0000 (  0.0%)   0.0000 (  0.0%)   0.0001 (  0.0%)  Natural Loop Information
   0.0000 (  0.0%)   0.0000 (  0.0%)   0.0000 (  0.0%)   0.0001 (  0.0%)  Natural Loop Information
   0.0000 (  0.0%)   0.0000 (  0.0%)   0.0000 (  0.0%)   0.0001 (  0.0%)  Dominator Tree Construction
   0.0000 (  0.0%)   0.0000 (  0.0%)   0.0000 (  0.0%)   0.0001 (  0.0%)  Canonicalize natural loops
   0.0000 (  0.0%)   0.0000 (  0.0%)   0.0000 (  0.0%)   0.0001 (  0.0%)  Natural Loop Information
   0.0000 (  0.0%)   0.0000 (  0.0%)   0.0000 (  0.0%)   0.0001 (  0.0%)  Divergence Analysis
   0.0000 (  0.0%)   0.0000 (  0.0%)   0.0000 (  0.0%)   0.0001 (  0.0%)  CallGraph Construction
   0.0000 (  0.0%)   0.0000 (  0.0%)   0.0000 (  0.0%)   0.0001 (  0.0%)  Post-Dominator Tree Construction
   0.0000 (  0.0%)   0.0000 (  0.0%)   0.0000 (  0.0%)   0.0001 (  0.0%)  Post-Dominator Tree Construction
   0.0000 (  0.0%)   0.0000 (  0.0%)   0.0000 (  0.0%)   0.0001 (  0.0%)  Eliminate dead debug information intrinsic
   0.0000 (  0.0%)   0.0000 (  0.0%)   0.0000 (  0.0%)   0.0001 (  0.0%)  Dominator Tree Construction
   0.0000 (  0.0%)   0.0000 (  0.0%)   0.0000 (  0.0%)   0.0001 (  0.0%)  Infer PPPO for array-to-streams
   0.0000 (  0.0%)   0.0000 (  0.0%)   0.0000 (  0.0%)   0.0001 (  0.0%)  Post-Dominator Tree Construction
   0.0000 (  0.0%)   0.0000 (  0.0%)   0.0000 (  0.0%)   0.0001 (  0.0%)  Dominance Frontier Construction
   0.0000 (  0.0%)   0.0000 (  0.0%)   0.0000 (  0.0%)   0.0001 (  0.0%)  Natural Loop Information
   0.0000 (  0.0%)   0.0000 (  0.0%)   0.0000 (  0.0%)   0.0001 (  0.0%)  Loop-Closed SSA Form Pass
   0.0000 (  0.0%)   0.0000 (  0.0%)   0.0000 (  0.0%)   0.0001 (  0.0%)  Post-Dominator Tree Construction
   0.0000 (  0.0%)   0.0000 (  0.0%)   0.0000 (  0.0%)   0.0000 (  0.0%)  Rotate Loops
   0.0000 (  0.0%)   0.0000 (  0.0%)   0.0000 (  0.0%)   0.0000 (  0.0%)  Post-Dominator Tree Construction
   0.0000 (  0.0%)   0.0000 (  0.0%)   0.0000 (  0.0%)   0.0000 (  0.0%)  Post-Dominator Tree Construction
   0.0000 (  0.0%)   0.0000 (  0.0%)   0.0000 (  0.0%)   0.0000 (  0.0%)  Eliminate dead debug information intrinsic
   0.0000 (  0.0%)   0.0000 (  0.0%)   0.0000 (  0.0%)   0.0000 (  0.0%)  Dead Argument Elimination
   0.0000 (  0.0%)   0.0000 (  0.0%)   0.0000 (  0.0%)   0.0000 (  0.0%)  Post-Dominator Tree Construction
   0.0000 (  0.0%)   0.0000 (  0.0%)   0.0000 (  0.0%)   0.0000 (  0.0%)  Canonicalize natural loops
   0.0000 (  0.0%)   0.0000 (  0.0%)   0.0000 (  0.0%)   0.0000 (  0.0%)  Natural Loop Information
   0.0000 (  0.0%)   0.0000 (  0.0%)   0.0000 (  0.0%)   0.0000 (  0.0%)  Post-Dominator Tree Construction
   0.0000 (  0.0%)   0.0000 (  0.0%)   0.0000 (  0.0%)   0.0000 (  0.0%)  Natural Loop Information
   0.0000 (  0.0%)   0.0000 (  0.0%)   0.0000 (  0.0%)   0.0000 (  0.0%)  Post-Dominator Tree Construction
   0.0000 (  0.0%)   0.0000 (  0.0%)   0.0000 (  0.0%)   0.0000 (  0.0%)  Dominator Tree Construction
   0.0000 (  0.0%)   0.0000 (  0.0%)   0.0000 (  0.0%)   0.0000 (  0.0%)  Post-Dominator Tree Construction
   0.0000 (  0.0%)   0.0000 (  0.0%)   0.0000 (  0.0%)   0.0000 (  0.0%)  AnnotateNoAlias - Annotate NoAlias Attribute on Arguments
   0.0000 (  0.0%)   0.0000 (  0.0%)   0.0000 (  0.0%)   0.0000 (  0.0%)  Natural Loop Information
   0.0000 (  0.0%)   0.0000 (  0.0%)   0.0000 (  0.0%)   0.0000 (  0.0%)  Eliminate dead debug information intrinsic
   0.0000 (  0.0%)   0.0000 (  0.0%)   0.0000 (  0.0%)   0.0000 (  0.0%)  Dominator Tree Construction
   0.0000 (  0.0%)   0.0000 (  0.0%)   0.0000 (  0.0%)   0.0000 (  0.0%)  Scalar Evolution Analysis
   0.0000 (  0.0%)   0.0000 (  0.0%)   0.0000 (  0.0%)   0.0000 (  0.0%)  Memory Dependence Analysis
   0.0000 (  0.0%)   0.0000 (  0.0%)   0.0000 (  0.0%)   0.0000 (  0.0%)  Natural Loop Information
   0.0000 (  0.0%)   0.0000 (  0.0%)   0.0000 (  0.0%)   0.0000 (  0.0%)  Eliminate dead debug information intrinsic
   0.0000 (  0.0%)   0.0000 (  0.0%)   0.0000 (  0.0%)   0.0000 (  0.0%)  Post-Dominator Tree Construction
   0.0000 (  0.0%)   0.0000 (  0.0%)   0.0000 (  0.0%)   0.0000 (  0.0%)  Canonicalize natural loops
   0.0000 (  0.0%)   0.0000 (  0.0%)   0.0000 (  0.0%)   0.0000 (  0.0%)  Scalar Evolution Analysis
   0.0000 (  0.0%)   0.0000 (  0.0%)   0.0000 (  0.0%)   0.0000 (  0.0%)  Post-Dominator Tree Construction
   0.0000 (  0.0%)   0.0000 (  0.0%)   0.0000 (  0.0%)   0.0000 (  0.0%)  Lazy Value Information Analysis
   0.0000 (  0.0%)   0.0000 (  0.0%)   0.0000 (  0.0%)   0.0000 (  0.0%)  Eliminate dead debug information intrinsic
   0.0000 (  0.0%)   0.0000 (  0.0%)   0.0000 (  0.0%)   0.0000 (  0.0%)  Dominator Tree Construction
   0.0000 (  0.0%)   0.0000 (  0.0%)   0.0000 (  0.0%)   0.0000 (  0.0%)  Eliminate dead debug information intrinsic
   0.0000 (  0.0%)   0.0000 (  0.0%)   0.0000 (  0.0%)   0.0000 (  0.0%)  Canonicalize natural loops
   0.0000 (  0.0%)   0.0000 (  0.0%)   0.0000 (  0.0%)   0.0000 (  0.0%)  Post-Dominator Tree Construction
   0.0000 (  0.0%)   0.0000 (  0.0%)   0.0000 (  0.0%)   0.0000 (  0.0%)  Post-Dominator Tree Construction
   0.0000 (  0.0%)   0.0000 (  0.0%)   0.0000 (  0.0%)   0.0000 (  0.0%)  Natural Loop Information
   0.0000 (  0.0%)   0.0000 (  0.0%)   0.0000 (  0.0%)   0.0000 (  0.0%)  Dominator Tree Construction
   0.0000 (  0.0%)   0.0000 (  0.0%)   0.0000 (  0.0%)   0.0000 (  0.0%)  Scalar Evolution Analysis
   0.0000 (  0.0%)   0.0000 (  0.0%)   0.0000 (  0.0%)   0.0000 (  0.0%)  Post-Dominator Tree Construction
   0.0000 (  0.0%)   0.0000 (  0.0%)   0.0000 (  0.0%)   0.0000 (  0.0%)  Dead Code Elimination
   0.0000 (  0.0%)   0.0000 (  0.0%)   0.0000 (  0.0%)   0.0000 (  0.0%)  Dominator Tree Construction
   0.0000 (  0.0%)   0.0000 (  0.0%)   0.0000 (  0.0%)   0.0000 (  0.0%)  Post-Dominator Tree Construction
   0.0000 (  0.0%)   0.0000 (  0.0%)   0.0000 (  0.0%)   0.0000 (  0.0%)  Dominator Tree Construction
   0.0000 (  0.0%)   0.0000 (  0.0%)   0.0000 (  0.0%)   0.0000 (  0.0%)  Infer PPPO for array-to-streams
   0.0000 (  0.0%)   0.0000 (  0.0%)   0.0000 (  0.0%)   0.0000 (  0.0%)  Divergence Analysis
   0.0000 (  0.0%)   0.0000 (  0.0%)   0.0000 (  0.0%)   0.0000 (  0.0%)  Promote Memory to Register
   0.0000 (  0.0%)   0.0000 (  0.0%)   0.0000 (  0.0%)   0.0000 (  0.0%)  Post-Dominator Tree Construction
   0.0000 (  0.0%)   0.0000 (  0.0%)   0.0000 (  0.0%)   0.0000 (  0.0%)  SimplifyPredicate - Simplify predicate
   0.0000 (  0.0%)   0.0000 (  0.0%)   0.0000 (  0.0%)   0.0000 (  0.0%)  Dominator Tree Construction
   0.0000 (  0.0%)   0.0000 (  0.0%)   0.0000 (  0.0%)   0.0000 (  0.0%)  Infer PPPO for array-to-streams
   0.0000 (  0.0%)   0.0000 (  0.0%)   0.0000 (  0.0%)   0.0000 (  0.0%)  Post-Dominator Tree Construction
   0.0000 (  0.0%)   0.0000 (  0.0%)   0.0000 (  0.0%)   0.0000 (  0.0%)  Natural Loop Information
   0.0000 (  0.0%)   0.0000 (  0.0%)   0.0000 (  0.0%)   0.0000 (  0.0%)  Natural Loop Information
   0.0000 (  0.0%)   0.0000 (  0.0%)   0.0000 (  0.0%)   0.0000 (  0.0%)  Lazy Value Information Analysis
   0.0000 (  0.0%)   0.0000 (  0.0%)   0.0000 (  0.0%)   0.0000 (  0.0%)  Post-Dominator Tree Construction
   0.0000 (  0.0%)   0.0000 (  0.0%)   0.0000 (  0.0%)   0.0000 (  0.0%)  Natural Loop Information
   0.0000 (  0.0%)   0.0000 (  0.0%)   0.0000 (  0.0%)   0.0000 (  0.0%)  Post-Dominator Tree Construction
   0.0000 (  0.0%)   0.0000 (  0.0%)   0.0000 (  0.0%)   0.0000 (  0.0%)  Dominator Tree Construction
   0.0000 (  0.0%)   0.0000 (  0.0%)   0.0000 (  0.0%)   0.0000 (  0.0%)  Lazy Value Information Analysis
   0.0000 (  0.0%)   0.0000 (  0.0%)   0.0000 (  0.0%)   0.0000 (  0.0%)  CallGraph Construction
   0.0000 (  0.0%)   0.0000 (  0.0%)   0.0000 (  0.0%)   0.0000 (  0.0%)  Lazy Value Information Analysis
   0.0000 (  0.0%)   0.0000 (  0.0%)   0.0000 (  0.0%)   0.0000 (  0.0%)  Divergence Analysis
   0.0000 (  0.0%)   0.0000 (  0.0%)   0.0000 (  0.0%)   0.0000 (  0.0%)  Natural Loop Information
   0.0000 (  0.0%)   0.0000 (  0.0%)   0.0000 (  0.0%)   0.0000 (  0.0%)  Loop-Closed SSA Form Pass
   0.0000 (  0.0%)   0.0000 (  0.0%)   0.0000 (  0.0%)   0.0000 (  0.0%)  Eliminate dead debug information intrinsic
   0.0156 (  1.4%)   0.0000 (  0.0%)   0.0156 (  1.3%)   0.0000 (  0.0%)  Natural Loop Information
   0.0000 (  0.0%)   0.0000 (  0.0%)   0.0000 (  0.0%)   0.0000 (  0.0%)  Dominator Tree Construction
   0.0000 (  0.0%)   0.0000 (  0.0%)   0.0000 (  0.0%)   0.0000 (  0.0%)  Natural Loop Information
   0.0000 (  0.0%)   0.0000 (  0.0%)   0.0000 (  0.0%)   0.0000 (  0.0%)  Scalar Evolution Analysis
   0.0000 (  0.0%)   0.0000 (  0.0%)   0.0000 (  0.0%)   0.0000 (  0.0%)  Natural Loop Information
   0.0000 (  0.0%)   0.0000 (  0.0%)   0.0000 (  0.0%)   0.0000 (  0.0%)  Scalar Evolution Analysis
   0.0000 (  0.0%)   0.0000 (  0.0%)   0.0000 (  0.0%)   0.0000 (  0.0%)  Post-Dominator Tree Construction
   0.0000 (  0.0%)   0.0000 (  0.0%)   0.0000 (  0.0%)   0.0000 (  0.0%)  Preprocessing before loop rotation
   0.0000 (  0.0%)   0.0000 (  0.0%)   0.0000 (  0.0%)   0.0000 (  0.0%)  Loop-Closed SSA Form Pass
   0.0000 (  0.0%)   0.0000 (  0.0%)   0.0000 (  0.0%)   0.0000 (  0.0%)  Post-Dominator Tree Construction
   0.0000 (  0.0%)   0.0000 (  0.0%)   0.0000 (  0.0%)   0.0000 (  0.0%)  Natural Loop Information
   0.0000 (  0.0%)   0.0000 (  0.0%)   0.0000 (  0.0%)   0.0000 (  0.0%)  Natural Loop Information
   0.0000 (  0.0%)   0.0000 (  0.0%)   0.0000 (  0.0%)   0.0000 (  0.0%)  Natural Loop Information
   0.0000 (  0.0%)   0.0000 (  0.0%)   0.0000 (  0.0%)   0.0000 (  0.0%)  Dominator Tree Construction
   0.0000 (  0.0%)   0.0000 (  0.0%)   0.0000 (  0.0%)   0.0000 (  0.0%)  CallGraph Construction
   0.0000 (  0.0%)   0.0000 (  0.0%)   0.0000 (  0.0%)   0.0000 (  0.0%)  Simplify loop CFG
   0.0000 (  0.0%)   0.0000 (  0.0%)   0.0000 (  0.0%)   0.0000 (  0.0%)  Loop-Closed SSA Form Pass
   0.0000 (  0.0%)   0.0000 (  0.0%)   0.0000 (  0.0%)   0.0000 (  0.0%)  Eliminate dead debug information intrinsic
   0.0000 (  0.0%)   0.0000 (  0.0%)   0.0000 (  0.0%)   0.0000 (  0.0%)  Natural Loop Information
   0.0000 (  0.0%)   0.0000 (  0.0%)   0.0000 (  0.0%)   0.0000 (  0.0%)  Loop-Closed SSA Form Pass
   0.0000 (  0.0%)   0.0000 (  0.0%)   0.0000 (  0.0%)   0.0000 (  0.0%)  CallGraph Construction
   0.0000 (  0.0%)   0.0000 (  0.0%)   0.0000 (  0.0%)   0.0000 (  0.0%)  Reduce the height of tree
   0.0000 (  0.0%)   0.0000 (  0.0%)   0.0000 (  0.0%)   0.0000 (  0.0%)  Natural Loop Information
   0.0000 (  0.0%)   0.0000 (  0.0%)   0.0000 (  0.0%)   0.0000 (  0.0%)  Natural Loop Information
   0.0000 (  0.0%)   0.0000 (  0.0%)   0.0000 (  0.0%)   0.0000 (  0.0%)  Natural Loop Information
   0.0000 (  0.0%)   0.0000 (  0.0%)   0.0000 (  0.0%)   0.0000 (  0.0%)  Loop-Closed SSA Form Pass
   0.0000 (  0.0%)   0.0000 (  0.0%)   0.0000 (  0.0%)   0.0000 (  0.0%)  CallGraph Construction
   0.0000 (  0.0%)   0.0000 (  0.0%)   0.0000 (  0.0%)   0.0000 (  0.0%)  Dominator Tree Construction
   0.0000 (  0.0%)   0.0000 (  0.0%)   0.0000 (  0.0%)   0.0000 (  0.0%)  Auto automatic array partition filter analysis
   0.0000 (  0.0%)   0.0000 (  0.0%)   0.0000 (  0.0%)   0.0000 (  0.0%)  Dominator Tree Construction
   0.0000 (  0.0%)   0.0000 (  0.0%)   0.0000 (  0.0%)   0.0000 (  0.0%)  Lazy Value Information Analysis
   0.0000 (  0.0%)   0.0000 (  0.0%)   0.0000 (  0.0%)   0.0000 (  0.0%)  Post-Dominator Tree Construction
   0.0000 (  0.0%)   0.0000 (  0.0%)   0.0000 (  0.0%)   0.0000 (  0.0%)  Loop-Closed SSA Form Pass
   0.0000 (  0.0%)   0.0000 (  0.0%)   0.0000 (  0.0%)   0.0000 (  0.0%)  CallGraph Construction
   0.0000 (  0.0%)   0.0000 (  0.0%)   0.0000 (  0.0%)   0.0000 (  0.0%)  Lazy Value Information Analysis
   0.0000 (  0.0%)   0.0000 (  0.0%)   0.0000 (  0.0%)   0.0000 (  0.0%)  Infer PPPO for array-to-streams
   0.0000 (  0.0%)   0.0000 (  0.0%)   0.0000 (  0.0%)   0.0000 (  0.0%)  CallGraph Construction
   0.0000 (  0.0%)   0.0000 (  0.0%)   0.0000 (  0.0%)   0.0000 (  0.0%)  Loop-Closed SSA Form Pass
   0.0000 (  0.0%)   0.0000 (  0.0%)   0.0000 (  0.0%)   0.0000 (  0.0%)  CallGraph Construction
   0.0000 (  0.0%)   0.0000 (  0.0%)   0.0000 (  0.0%)   0.0000 (  0.0%)  Eliminate dead debug information intrinsic
   0.0000 (  0.0%)   0.0000 (  0.0%)   0.0000 (  0.0%)   0.0000 (  0.0%)  Loop-Closed SSA Form Pass
   0.0000 (  0.0%)   0.0000 (  0.0%)   0.0000 (  0.0%)   0.0000 (  0.0%)  Array abnormal access check
   0.0000 (  0.0%)   0.0000 (  0.0%)   0.0000 (  0.0%)   0.0000 (  0.0%)  Dominator Tree Construction
   0.0000 (  0.0%)   0.0000 (  0.0%)   0.0000 (  0.0%)   0.0000 (  0.0%)  Lazy Value Information Analysis
   0.0000 (  0.0%)   0.0000 (  0.0%)   0.0000 (  0.0%)   0.0000 (  0.0%)  Dominator Tree Construction
   0.0000 (  0.0%)   0.0000 (  0.0%)   0.0000 (  0.0%)   0.0000 (  0.0%)  Memory Dependence Analysis
   0.0000 (  0.0%)   0.0000 (  0.0%)   0.0000 (  0.0%)   0.0000 (  0.0%)  Auto automatic array partition filter analysis
   0.0000 (  0.0%)   0.0000 (  0.0%)   0.0000 (  0.0%)   0.0000 (  0.0%)  Natural Loop Information
   0.0000 (  0.0%)   0.0000 (  0.0%)   0.0000 (  0.0%)   0.0000 (  0.0%)  Dominator Tree Construction
   0.0000 (  0.0%)   0.0000 (  0.0%)   0.0000 (  0.0%)   0.0000 (  0.0%)  Dominator Tree Construction
   0.0000 (  0.0%)   0.0000 (  0.0%)   0.0000 (  0.0%)   0.0000 (  0.0%)  Lower directive scopes
   0.0000 (  0.0%)   0.0000 (  0.0%)   0.0000 (  0.0%)   0.0000 (  0.0%)  clean some traps produced by clang
   0.0000 (  0.0%)   0.0000 (  0.0%)   0.0000 (  0.0%)   0.0000 (  0.0%)  Dead Global Elimination
   0.0000 (  0.0%)   0.0000 (  0.0%)   0.0000 (  0.0%)   0.0000 (  0.0%)  Lazy Value Information Analysis
   0.0000 (  0.0%)   0.0000 (  0.0%)   0.0000 (  0.0%)   0.0000 (  0.0%)  Global Variable Optimizer
   0.0000 (  0.0%)   0.0000 (  0.0%)   0.0000 (  0.0%)   0.0000 (  0.0%)  Lazy Value Information Analysis
   0.0000 (  0.0%)   0.0000 (  0.0%)   0.0000 (  0.0%)   0.0000 (  0.0%)  Canonicalize natural loops
   0.0000 (  0.0%)   0.0000 (  0.0%)   0.0000 (  0.0%)   0.0000 (  0.0%)  Natural Loop Information
   0.0000 (  0.0%)   0.0000 (  0.0%)   0.0000 (  0.0%)   0.0000 (  0.0%)  Dominator Tree Construction
   0.0000 (  0.0%)   0.0000 (  0.0%)   0.0000 (  0.0%)   0.0000 (  0.0%)  Scalar Evolution Analysis
   0.0000 (  0.0%)   0.0000 (  0.0%)   0.0000 (  0.0%)   0.0000 (  0.0%)  Divergence Analysis
   0.0000 (  0.0%)   0.0000 (  0.0%)   0.0000 (  0.0%)   0.0000 (  0.0%)  Dominator Tree Construction
   0.0000 (  0.0%)   0.0000 (  0.0%)   0.0000 (  0.0%)   0.0000 (  0.0%)  Array abnormal access check
   0.0000 (  0.0%)   0.0000 (  0.0%)   0.0000 (  0.0%)   0.0000 (  0.0%)  demangle Name to normal Name
   0.0000 (  0.0%)   0.0000 (  0.0%)   0.0000 (  0.0%)   0.0000 (  0.0%)  Natural Loop Information
   0.0000 (  0.0%)   0.0000 (  0.0%)   0.0000 (  0.0%)   0.0000 (  0.0%)  Natural Loop Information
   0.0000 (  0.0%)   0.0000 (  0.0%)   0.0000 (  0.0%)   0.0000 (  0.0%)  Post-Dominator Tree Construction
   0.0000 (  0.0%)   0.0000 (  0.0%)   0.0000 (  0.0%)   0.0000 (  0.0%)  Rotate Loops
   0.0000 (  0.0%)   0.0000 (  0.0%)   0.0000 (  0.0%)   0.0000 (  0.0%)  Array abnormal access check
   0.0000 (  0.0%)   0.0000 (  0.0%)   0.0000 (  0.0%)   0.0000 (  0.0%)  Dominator Tree Construction
   0.0000 (  0.0%)   0.0000 (  0.0%)   0.0000 (  0.0%)   0.0000 (  0.0%)  Dominator Tree Construction
   0.0000 (  0.0%)   0.0000 (  0.0%)   0.0000 (  0.0%)   0.0000 (  0.0%)  CallGraph Construction
   0.0000 (  0.0%)   0.0000 (  0.0%)   0.0000 (  0.0%)   0.0000 (  0.0%)  InferXCLAttributes - Infer XCL attributes
   0.0000 (  0.0%)   0.0000 (  0.0%)   0.0000 (  0.0%)   0.0000 (  0.0%)  Array abnormal access check
   0.0000 (  0.0%)   0.0000 (  0.0%)   0.0000 (  0.0%)   0.0000 (  0.0%)  Scalar Evolution Analysis
   0.0000 (  0.0%)   0.0000 (  0.0%)   0.0000 (  0.0%)   0.0000 (  0.0%)  Loop-Closed SSA Form Pass
   0.0000 (  0.0%)   0.0000 (  0.0%)   0.0000 (  0.0%)   0.0000 (  0.0%)  Dominator Tree Construction
   0.0000 (  0.0%)   0.0000 (  0.0%)   0.0000 (  0.0%)   0.0000 (  0.0%)  Dominator Tree Construction
   0.0000 (  0.0%)   0.0000 (  0.0%)   0.0000 (  0.0%)   0.0000 (  0.0%)  Remove unreachable basic blocks under switch
   0.0000 (  0.0%)   0.0000 (  0.0%)   0.0000 (  0.0%)   0.0000 (  0.0%)  Dominator Tree Construction
   0.0000 (  0.0%)   0.0000 (  0.0%)   0.0000 (  0.0%)   0.0000 (  0.0%)  Auto automatic array partition filter analysis
   0.0000 (  0.0%)   0.0000 (  0.0%)   0.0000 (  0.0%)   0.0000 (  0.0%)  Auto automatic array partition filter analysis
   0.0000 (  0.0%)   0.0000 (  0.0%)   0.0000 (  0.0%)   0.0000 (  0.0%)  Resolve full load/store
   0.0000 (  0.0%)   0.0000 (  0.0%)   0.0000 (  0.0%)   0.0000 (  0.0%)  Scalar Evolution Analysis
   0.0000 (  0.0%)   0.0000 (  0.0%)   0.0000 (  0.0%)   0.0000 (  0.0%)  Scalar Evolution Analysis
   0.0000 (  0.0%)   0.0000 (  0.0%)   0.0000 (  0.0%)   0.0000 (  0.0%)  Natural Loop Information
   0.0000 (  0.0%)   0.0000 (  0.0%)   0.0000 (  0.0%)   0.0000 (  0.0%)  Dominator Tree Construction
   0.0000 (  0.0%)   0.0000 (  0.0%)   0.0000 (  0.0%)   0.0000 (  0.0%)  Dominator Tree Construction
   0.0000 (  0.0%)   0.0000 (  0.0%)   0.0000 (  0.0%)   0.0000 (  0.0%)  Remove unreachable basic blocks under switch
   0.0000 (  0.0%)   0.0000 (  0.0%)   0.0000 (  0.0%)   0.0000 (  0.0%)  Natural Loop Information
   0.0000 (  0.0%)   0.0000 (  0.0%)   0.0000 (  0.0%)   0.0000 (  0.0%)  Aggressive Dead Code Elimination
   0.0000 (  0.0%)   0.0000 (  0.0%)   0.0000 (  0.0%)   0.0000 (  0.0%)  Dominator Tree Construction
   0.0000 (  0.0%)   0.0000 (  0.0%)   0.0000 (  0.0%)   0.0000 (  0.0%)  Natural Loop Information
   0.0000 (  0.0%)   0.0000 (  0.0%)   0.0000 (  0.0%)   0.0000 (  0.0%)  Scalar Evolution Analysis
   0.0000 (  0.0%)   0.0000 (  0.0%)   0.0000 (  0.0%)   0.0000 (  0.0%)  Natural Loop Information
   0.0000 (  0.0%)   0.0000 (  0.0%)   0.0000 (  0.0%)   0.0000 (  0.0%)  AnnotateNoAlias - Annotate NoAlias Attribute on Arguments
   0.0000 (  0.0%)   0.0000 (  0.0%)   0.0000 (  0.0%)   0.0000 (  0.0%)  Eliminate pointer selection
   0.0000 (  0.0%)   0.0000 (  0.0%)   0.0000 (  0.0%)   0.0000 (  0.0%)  Dominator Tree Construction
   0.0000 (  0.0%)   0.0000 (  0.0%)   0.0000 (  0.0%)   0.0000 (  0.0%)  Natural Loop Information
   0.0000 (  0.0%)   0.0000 (  0.0%)   0.0000 (  0.0%)   0.0000 (  0.0%)  Dominator Tree Construction
   0.0000 (  0.0%)   0.0000 (  0.0%)   0.0000 (  0.0%)   0.0000 (  0.0%)  CallGraph Construction
   0.0000 (  0.0%)   0.0000 (  0.0%)   0.0000 (  0.0%)   0.0000 (  0.0%)  Natural Loop Information
   0.0000 (  0.0%)   0.0000 (  0.0%)   0.0000 (  0.0%)   0.0000 (  0.0%)  Dead Argument Elimination
   0.0000 (  0.0%)   0.0000 (  0.0%)   0.0000 (  0.0%)   0.0000 (  0.0%)  Scalar Evolution Analysis
   0.0000 (  0.0%)   0.0000 (  0.0%)   0.0000 (  0.0%)   0.0000 (  0.0%)  CallGraph Construction
   0.0000 (  0.0%)   0.0000 (  0.0%)   0.0000 (  0.0%)   0.0000 (  0.0%)  CallGraph Construction
   0.0000 (  0.0%)   0.0000 (  0.0%)   0.0000 (  0.0%)   0.0000 (  0.0%)  Dominator Tree Construction
   0.0000 (  0.0%)   0.0000 (  0.0%)   0.0000 (  0.0%)   0.0000 (  0.0%)  Natural Loop Information
   0.0000 (  0.0%)   0.0000 (  0.0%)   0.0000 (  0.0%)   0.0000 (  0.0%)  Natural Loop Information
   0.0000 (  0.0%)   0.0000 (  0.0%)   0.0000 (  0.0%)   0.0000 (  0.0%)  Lazy Value Information Analysis
   0.0000 (  0.0%)   0.0000 (  0.0%)   0.0000 (  0.0%)   0.0000 (  0.0%)  Scalar Evolution Analysis
   0.0000 (  0.0%)   0.0000 (  0.0%)   0.0000 (  0.0%)   0.0000 (  0.0%)  Natural Loop Information
   0.0000 (  0.0%)   0.0000 (  0.0%)   0.0000 (  0.0%)   0.0000 (  0.0%)  Natural Loop Information
   0.0000 (  0.0%)   0.0000 (  0.0%)   0.0000 (  0.0%)   0.0000 (  0.0%)  CallGraph Construction
   0.0000 (  0.0%)   0.0000 (  0.0%)   0.0000 (  0.0%)   0.0000 (  0.0%)  Simplify types in the LLVM IR, redundant type hierarchy
   0.0000 (  0.0%)   0.0000 (  0.0%)   0.0000 (  0.0%)   0.0000 (  0.0%)  Canonicalize natural loops
   0.0000 (  0.0%)   0.0000 (  0.0%)   0.0000 (  0.0%)   0.0000 (  0.0%)  Resolve full load/store
   0.0000 (  0.0%)   0.0000 (  0.0%)   0.0000 (  0.0%)   0.0000 (  0.0%)  Remove unreachable basic blocks under switch
   0.0000 (  0.0%)   0.0000 (  0.0%)   0.0000 (  0.0%)   0.0000 (  0.0%)  Natural Loop Information
   0.0000 (  0.0%)   0.0000 (  0.0%)   0.0000 (  0.0%)   0.0000 (  0.0%)  Natural Loop Information
   0.0000 (  0.0%)   0.0000 (  0.0%)   0.0000 (  0.0%)   0.0000 (  0.0%)  SROA
   0.0000 (  0.0%)   0.0000 (  0.0%)   0.0000 (  0.0%)   0.0000 (  0.0%)  Dominator Tree Construction
   0.0000 (  0.0%)   0.0000 (  0.0%)   0.0000 (  0.0%)   0.0000 (  0.0%)  Dead Argument Elimination
   0.0000 (  0.0%)   0.0000 (  0.0%)   0.0000 (  0.0%)   0.0000 (  0.0%)  CallGraph Construction
   0.0000 (  0.0%)   0.0000 (  0.0%)   0.0000 (  0.0%)   0.0000 (  0.0%)  Natural Loop Information
   0.0000 (  0.0%)   0.0000 (  0.0%)   0.0000 (  0.0%)   0.0000 (  0.0%)  Scalar Evolution Analysis
   0.0000 (  0.0%)   0.0000 (  0.0%)   0.0000 (  0.0%)   0.0000 (  0.0%)  Remove unreachable basic blocks under switch
   0.0000 (  0.0%)   0.0000 (  0.0%)   0.0000 (  0.0%)   0.0000 (  0.0%)  Natural Loop Information
   0.0000 (  0.0%)   0.0000 (  0.0%)   0.0000 (  0.0%)   0.0000 (  0.0%)  Scalar Evolution Analysis
   0.0000 (  0.0%)   0.0000 (  0.0%)   0.0000 (  0.0%)   0.0000 (  0.0%)  Scalar Evolution Analysis
   0.0000 (  0.0%)   0.0000 (  0.0%)   0.0000 (  0.0%)   0.0000 (  0.0%)  Remove unreachable basic blocks under switch
   0.0000 (  0.0%)   0.0000 (  0.0%)   0.0000 (  0.0%)   0.0000 (  0.0%)  Change xcl attribute to call sideeffect
   0.0000 (  0.0%)   0.0000 (  0.0%)   0.0000 (  0.0%)   0.0000 (  0.0%)  Natural Loop Information
   0.0000 (  0.0%)   0.0000 (  0.0%)   0.0000 (  0.0%)   0.0000 (  0.0%)  Canonicalize natural loops
   0.0000 (  0.0%)   0.0000 (  0.0%)   0.0000 (  0.0%)   0.0000 (  0.0%)  Scalar Evolution Analysis
   0.0000 (  0.0%)   0.0000 (  0.0%)   0.0000 (  0.0%)   0.0000 (  0.0%)  Scalarize vector operations
   0.0000 (  0.0%)   0.0000 (  0.0%)   0.0000 (  0.0%)   0.0000 (  0.0%)  Natural Loop Information
   0.0000 (  0.0%)   0.0000 (  0.0%)   0.0000 (  0.0%)   0.0000 (  0.0%)  Remove unreachable basic blocks under switch
   0.0000 (  0.0%)   0.0000 (  0.0%)   0.0000 (  0.0%)   0.0000 (  0.0%)  Dominator Tree Construction
   0.0000 (  0.0%)   0.0000 (  0.0%)   0.0000 (  0.0%)   0.0000 (  0.0%)  Dominator Tree Construction
   0.0000 (  0.0%)   0.0000 (  0.0%)   0.0000 (  0.0%)   0.0000 (  0.0%)  Dominator Tree Construction
   0.0000 (  0.0%)   0.0000 (  0.0%)   0.0000 (  0.0%)   0.0000 (  0.0%)  Eliminate pointer selection for FIFO
   0.0000 (  0.0%)   0.0000 (  0.0%)   0.0000 (  0.0%)   0.0000 (  0.0%)  Scalar Evolution Analysis
   0.0000 (  0.0%)   0.0000 (  0.0%)   0.0000 (  0.0%)   0.0000 (  0.0%)  Scalar Evolution Analysis
   0.0000 (  0.0%)   0.0000 (  0.0%)   0.0000 (  0.0%)   0.0000 (  0.0%)  Dominator Tree Construction
   0.0000 (  0.0%)   0.0000 (  0.0%)   0.0000 (  0.0%)   0.0000 (  0.0%)  Loop-Closed SSA Form Pass
   0.0000 (  0.0%)   0.0000 (  0.0%)   0.0000 (  0.0%)   0.0000 (  0.0%)  Natural Loop Information
   0.0000 (  0.0%)   0.0000 (  0.0%)   0.0000 (  0.0%)   0.0000 (  0.0%)  Scalar Evolution Analysis
   0.0000 (  0.0%)   0.0000 (  0.0%)   0.0000 (  0.0%)   0.0000 (  0.0%)  ReflowCheckVarPragmaConflicts - check variable pragma conflicts in reflow
   0.0000 (  0.0%)   0.0000 (  0.0%)   0.0000 (  0.0%)   0.0000 (  0.0%)  Loop-Closed SSA Form Pass
   0.0000 (  0.0%)   0.0000 (  0.0%)   0.0000 (  0.0%)   0.0000 (  0.0%)  Function Alias Analysis Results
   0.0000 (  0.0%)   0.0000 (  0.0%)   0.0000 (  0.0%)   0.0000 (  0.0%)  Dominator Tree Construction
   0.0000 (  0.0%)   0.0000 (  0.0%)   0.0000 (  0.0%)   0.0000 (  0.0%)  Dominator Tree Construction
   0.0000 (  0.0%)   0.0000 (  0.0%)   0.0000 (  0.0%)   0.0000 (  0.0%)  Scalar Evolution Analysis
   0.0000 (  0.0%)   0.0000 (  0.0%)   0.0000 (  0.0%)   0.0000 (  0.0%)  Natural Loop Information
   0.0000 (  0.0%)   0.0000 (  0.0%)   0.0000 (  0.0%)   0.0000 (  0.0%)  Dominator Tree Construction
   0.0000 (  0.0%)   0.0000 (  0.0%)   0.0000 (  0.0%)   0.0000 (  0.0%)  Natural Loop Information
   0.0156 (  1.4%)   0.0000 (  0.0%)   0.0156 (  1.3%)   0.0000 (  0.0%)  Basic Alias Analysis (stateless AA impl)
   0.0000 (  0.0%)   0.0000 (  0.0%)   0.0000 (  0.0%)   0.0000 (  0.0%)  CallGraph Construction
   0.0000 (  0.0%)   0.0000 (  0.0%)   0.0000 (  0.0%)   0.0000 (  0.0%)  Scalar Evolution Analysis
   0.0000 (  0.0%)   0.0000 (  0.0%)   0.0000 (  0.0%)   0.0000 (  0.0%)  Scalar Evolution Analysis
   0.0000 (  0.0%)   0.0000 (  0.0%)   0.0000 (  0.0%)   0.0000 (  0.0%)  Scalar Evolution Analysis
   0.0000 (  0.0%)   0.0000 (  0.0%)   0.0000 (  0.0%)   0.0000 (  0.0%)  Dominator Tree Construction
   0.0000 (  0.0%)   0.0000 (  0.0%)   0.0000 (  0.0%)   0.0000 (  0.0%)  Natural Loop Information
   0.0000 (  0.0%)   0.0000 (  0.0%)   0.0000 (  0.0%)   0.0000 (  0.0%)  LowerPredicate - Lower predicates to control-flow
   0.0000 (  0.0%)   0.0000 (  0.0%)   0.0000 (  0.0%)   0.0000 (  0.0%)  Transform SSA value on top function to variable with pointer type
   0.0000 (  0.0%)   0.0000 (  0.0%)   0.0000 (  0.0%)   0.0000 (  0.0%)  Dominator Tree Construction
   0.0000 (  0.0%)   0.0000 (  0.0%)   0.0000 (  0.0%)   0.0000 (  0.0%)  Remove unreachable basic blocks under switch
   0.0000 (  0.0%)   0.0000 (  0.0%)   0.0000 (  0.0%)   0.0000 (  0.0%)  Scalar Evolution Analysis
   0.0000 (  0.0%)   0.0000 (  0.0%)   0.0000 (  0.0%)   0.0000 (  0.0%)  Scalar Evolution Analysis
   0.0000 (  0.0%)   0.0000 (  0.0%)   0.0000 (  0.0%)   0.0000 (  0.0%)  Loop-Closed SSA Form Pass
   0.0000 (  0.0%)   0.0000 (  0.0%)   0.0000 (  0.0%)   0.0000 (  0.0%)   automatic parallel and pipeline insertion based performance constraint
   0.0000 (  0.0%)   0.0000 (  0.0%)   0.0000 (  0.0%)   0.0000 (  0.0%)  Dead Argument Elimination
   0.0000 (  0.0%)   0.0000 (  0.0%)   0.0000 (  0.0%)   0.0000 (  0.0%)  Scalar Evolution Analysis
   0.0000 (  0.0%)   0.0000 (  0.0%)   0.0000 (  0.0%)   0.0000 (  0.0%)  Function Alias Analysis Results
   0.0000 (  0.0%)   0.0000 (  0.0%)   0.0000 (  0.0%)   0.0000 (  0.0%)  Basic Alias Analysis (stateless AA impl)
   0.0000 (  0.0%)   0.0000 (  0.0%)   0.0000 (  0.0%)   0.0000 (  0.0%)  Scalar Evolution Analysis
   0.0000 (  0.0%)   0.0000 (  0.0%)   0.0000 (  0.0%)   0.0000 (  0.0%)  Dominator Tree Construction
   0.0000 (  0.0%)   0.0000 (  0.0%)   0.0000 (  0.0%)   0.0000 (  0.0%)  Dominator Tree Construction
   0.0000 (  0.0%)   0.0000 (  0.0%)   0.0000 (  0.0%)   0.0000 (  0.0%)  Dominator Tree Construction
   0.0000 (  0.0%)   0.0000 (  0.0%)   0.0000 (  0.0%)   0.0000 (  0.0%)  CallGraph Construction
   0.0000 (  0.0%)   0.0000 (  0.0%)   0.0000 (  0.0%)   0.0000 (  0.0%)  Scalar Evolution Analysis
   0.0000 (  0.0%)   0.0000 (  0.0%)   0.0000 (  0.0%)   0.0000 (  0.0%)  Scalar Evolution Analysis
   0.0000 (  0.0%)   0.0000 (  0.0%)   0.0000 (  0.0%)   0.0000 (  0.0%)  CallGraph Construction
   0.0000 (  0.0%)   0.0000 (  0.0%)   0.0000 (  0.0%)   0.0000 (  0.0%)  Resolve full load/store
   0.0000 (  0.0%)   0.0000 (  0.0%)   0.0000 (  0.0%)   0.0000 (  0.0%)  Dominator Tree Construction
   0.0000 (  0.0%)   0.0000 (  0.0%)   0.0000 (  0.0%)   0.0000 (  0.0%)  Scalar Evolution Analysis
   0.0000 (  0.0%)   0.0000 (  0.0%)   0.0000 (  0.0%)   0.0000 (  0.0%)  Remove unreachable basic blocks under switch
   0.0000 (  0.0%)   0.0000 (  0.0%)   0.0000 (  0.0%)   0.0000 (  0.0%)  Dominator Tree Construction
   0.0000 (  0.0%)   0.0000 (  0.0%)   0.0000 (  0.0%)   0.0000 (  0.0%)  Scalar Evolution Analysis
   0.0000 (  0.0%)   0.0000 (  0.0%)   0.0000 (  0.0%)   0.0000 (  0.0%)  Scalar Evolution Analysis
   0.0000 (  0.0%)   0.0000 (  0.0%)   0.0000 (  0.0%)   0.0000 (  0.0%)  Dominator Tree Construction
   0.0000 (  0.0%)   0.0000 (  0.0%)   0.0000 (  0.0%)   0.0000 (  0.0%)  Basic Alias Analysis (stateless AA impl)
   0.0000 (  0.0%)   0.0000 (  0.0%)   0.0000 (  0.0%)   0.0000 (  0.0%)  Scalar Evolution Analysis
   0.0000 (  0.0%)   0.0000 (  0.0%)   0.0000 (  0.0%)   0.0000 (  0.0%)  CallGraph Construction
   0.0000 (  0.0%)   0.0000 (  0.0%)   0.0000 (  0.0%)   0.0000 (  0.0%)  Scalar Evolution Analysis
   0.0000 (  0.0%)   0.0000 (  0.0%)   0.0000 (  0.0%)   0.0000 (  0.0%)  CallGraph Construction
   0.0000 (  0.0%)   0.0000 (  0.0%)   0.0000 (  0.0%)   0.0000 (  0.0%)  Scalar Evolution Analysis
   0.0000 (  0.0%)   0.0000 (  0.0%)   0.0000 (  0.0%)   0.0000 (  0.0%)  Scalar Evolution Analysis
   0.0000 (  0.0%)   0.0000 (  0.0%)   0.0000 (  0.0%)   0.0000 (  0.0%)  Function Alias Analysis Results
   0.0000 (  0.0%)   0.0000 (  0.0%)   0.0000 (  0.0%)   0.0000 (  0.0%)  Basic Alias Analysis (stateless AA impl)
   0.0000 (  0.0%)   0.0000 (  0.0%)   0.0000 (  0.0%)   0.0000 (  0.0%)  Natural Loop Information
   0.0000 (  0.0%)   0.0000 (  0.0%)   0.0000 (  0.0%)   0.0000 (  0.0%)  Dead Argument Elimination
   0.0000 (  0.0%)   0.0000 (  0.0%)   0.0000 (  0.0%)   0.0000 (  0.0%)  Basic Alias Analysis (stateless AA impl)
   0.0000 (  0.0%)   0.0000 (  0.0%)   0.0000 (  0.0%)   0.0000 (  0.0%)  SROA
   0.0000 (  0.0%)   0.0000 (  0.0%)   0.0000 (  0.0%)   0.0000 (  0.0%)  Scalar Evolution Analysis
   0.0000 (  0.0%)   0.0000 (  0.0%)   0.0000 (  0.0%)   0.0000 (  0.0%)  Dominator Tree Construction
   0.0000 (  0.0%)   0.0000 (  0.0%)   0.0000 (  0.0%)   0.0000 (  0.0%)  Scalar Evolution Analysis
   0.0000 (  0.0%)   0.0000 (  0.0%)   0.0000 (  0.0%)   0.0000 (  0.0%)  Dominator Tree Construction
   0.0000 (  0.0%)   0.0000 (  0.0%)   0.0000 (  0.0%)   0.0000 (  0.0%)  Scalar Evolution Analysis
   0.0000 (  0.0%)   0.0000 (  0.0%)   0.0000 (  0.0%)   0.0000 (  0.0%)  Scalar Evolution Analysis
   0.0000 (  0.0%)   0.0000 (  0.0%)   0.0000 (  0.0%)   0.0000 (  0.0%)  CallGraph Construction
   0.0000 (  0.0%)   0.0000 (  0.0%)   0.0000 (  0.0%)   0.0000 (  0.0%)  Basic Alias Analysis (stateless AA impl)
   0.0000 (  0.0%)   0.0000 (  0.0%)   0.0000 (  0.0%)   0.0000 (  0.0%)  Scalar Evolution Analysis
   0.0000 (  0.0%)   0.0000 (  0.0%)   0.0000 (  0.0%)   0.0000 (  0.0%)  Scalar Evolution Analysis
   0.0000 (  0.0%)   0.0000 (  0.0%)   0.0000 (  0.0%)   0.0000 (  0.0%)  Natural Loop Information
   0.0000 (  0.0%)   0.0000 (  0.0%)   0.0000 (  0.0%)   0.0000 (  0.0%)  SimplifyPredicate - Simplify predicate
   0.0000 (  0.0%)   0.0000 (  0.0%)   0.0000 (  0.0%)   0.0000 (  0.0%)  Post-Dominator Tree Construction
   0.0000 (  0.0%)   0.0000 (  0.0%)   0.0000 (  0.0%)   0.0000 (  0.0%)  Natural Loop Information
   0.0000 (  0.0%)   0.0000 (  0.0%)   0.0000 (  0.0%)   0.0000 (  0.0%)  Basic Alias Analysis (stateless AA impl)
   0.0000 (  0.0%)   0.0000 (  0.0%)   0.0000 (  0.0%)   0.0000 (  0.0%)  Dominator Tree Construction
   0.0000 (  0.0%)   0.0000 (  0.0%)   0.0000 (  0.0%)   0.0000 (  0.0%)  Natural Loop Information
   0.0000 (  0.0%)   0.0000 (  0.0%)   0.0000 (  0.0%)   0.0000 (  0.0%)  Basic Alias Analysis (stateless AA impl)
   0.0000 (  0.0%)   0.0000 (  0.0%)   0.0000 (  0.0%)   0.0000 (  0.0%)  Basic Alias Analysis (stateless AA impl)
   0.0000 (  0.0%)   0.0000 (  0.0%)   0.0000 (  0.0%)   0.0000 (  0.0%)  Basic Alias Analysis (stateless AA impl)
   0.0000 (  0.0%)   0.0000 (  0.0%)   0.0000 (  0.0%)   0.0000 (  0.0%)  Basic Alias Analysis (stateless AA impl)
   0.0000 (  0.0%)   0.0000 (  0.0%)   0.0000 (  0.0%)   0.0000 (  0.0%)  Remove unreachable basic blocks under switch
   0.0000 (  0.0%)   0.0000 (  0.0%)   0.0000 (  0.0%)   0.0000 (  0.0%)  Basic Alias Analysis (stateless AA impl)
   0.0000 (  0.0%)   0.0000 (  0.0%)   0.0000 (  0.0%)   0.0000 (  0.0%)  Dominator Tree Construction
   0.0000 (  0.0%)   0.0000 (  0.0%)   0.0000 (  0.0%)   0.0000 (  0.0%)  Dominator Tree Construction
   0.0000 (  0.0%)   0.0000 (  0.0%)   0.0000 (  0.0%)   0.0000 (  0.0%)  Scalar Evolution Analysis
   0.0000 (  0.0%)   0.0000 (  0.0%)   0.0000 (  0.0%)   0.0000 (  0.0%)  Dead Code Elimination
   0.0000 (  0.0%)   0.0000 (  0.0%)   0.0000 (  0.0%)   0.0000 (  0.0%)  Scalar Evolution Analysis
   0.0000 (  0.0%)   0.0000 (  0.0%)   0.0000 (  0.0%)   0.0000 (  0.0%)  Scalar Evolution Analysis
   0.0000 (  0.0%)   0.0000 (  0.0%)   0.0000 (  0.0%)   0.0000 (  0.0%)  Scalar Evolution Analysis
   0.0000 (  0.0%)   0.0000 (  0.0%)   0.0000 (  0.0%)   0.0000 (  0.0%)  Basic Alias Analysis (stateless AA impl)
   0.0000 (  0.0%)   0.0000 (  0.0%)   0.0000 (  0.0%)   0.0000 (  0.0%)  ShiftRegInference - Automatic Shift Register Inference
   0.0000 (  0.0%)   0.0000 (  0.0%)   0.0000 (  0.0%)   0.0000 (  0.0%)  Dead Global Elimination
   0.0000 (  0.0%)   0.0000 (  0.0%)   0.0000 (  0.0%)   0.0000 (  0.0%)  Scalar Evolution Analysis
   0.0000 (  0.0%)   0.0000 (  0.0%)   0.0000 (  0.0%)   0.0000 (  0.0%)  Scalar Evolution Analysis
   0.0000 (  0.0%)   0.0000 (  0.0%)   0.0000 (  0.0%)   0.0000 (  0.0%)  Scalar Evolution Analysis
   0.0000 (  0.0%)   0.0000 (  0.0%)   0.0000 (  0.0%)   0.0000 (  0.0%)  Scalar Evolution Analysis
   0.0000 (  0.0%)   0.0000 (  0.0%)   0.0000 (  0.0%)   0.0000 (  0.0%)  Scalar Evolution Analysis
   0.0000 (  0.0%)   0.0000 (  0.0%)   0.0000 (  0.0%)   0.0000 (  0.0%)  LayoutTransform - Layout Transform Pragma Analysis
   0.0000 (  0.0%)   0.0000 (  0.0%)   0.0000 (  0.0%)   0.0000 (  0.0%)  Scalar Evolution Analysis
   0.0000 (  0.0%)   0.0000 (  0.0%)   0.0000 (  0.0%)   0.0000 (  0.0%)  Scalar Evolution Analysis
   0.0000 (  0.0%)   0.0000 (  0.0%)   0.0000 (  0.0%)   0.0000 (  0.0%)  SROA
   0.0000 (  0.0%)   0.0000 (  0.0%)   0.0000 (  0.0%)   0.0000 (  0.0%)  Scalar Evolution Analysis
   0.0000 (  0.0%)   0.0000 (  0.0%)   0.0000 (  0.0%)   0.0000 (  0.0%)  Dominator Tree Construction
   0.0000 (  0.0%)   0.0000 (  0.0%)   0.0000 (  0.0%)   0.0000 (  0.0%)  Dead Global Elimination
   0.0000 (  0.0%)   0.0000 (  0.0%)   0.0000 (  0.0%)   0.0000 (  0.0%)  Scalar Evolution Analysis
   0.0000 (  0.0%)   0.0000 (  0.0%)   0.0000 (  0.0%)   0.0000 (  0.0%)  Basic Alias Analysis (stateless AA impl)
   0.0000 (  0.0%)   0.0000 (  0.0%)   0.0000 (  0.0%)   0.0000 (  0.0%)  Eliminate pointer selection
   0.0000 (  0.0%)   0.0000 (  0.0%)   0.0000 (  0.0%)   0.0000 (  0.0%)  Scalar Evolution Analysis
   0.0000 (  0.0%)   0.0000 (  0.0%)   0.0000 (  0.0%)   0.0000 (  0.0%)  Array abnormal access check
   0.0000 (  0.0%)   0.0000 (  0.0%)   0.0000 (  0.0%)   0.0000 (  0.0%)  Scalar Evolution Analysis
   0.0000 (  0.0%)   0.0000 (  0.0%)   0.0000 (  0.0%)   0.0000 (  0.0%)  Dominator Tree Construction
   0.0000 (  0.0%)   0.0000 (  0.0%)   0.0000 (  0.0%)   0.0000 (  0.0%)  Eliminate pointer selection
   0.0000 (  0.0%)   0.0000 (  0.0%)   0.0000 (  0.0%)   0.0000 (  0.0%)  Scalar Evolution Analysis
   0.0000 (  0.0%)   0.0000 (  0.0%)   0.0000 (  0.0%)   0.0000 (  0.0%)  Basic Alias Analysis (stateless AA impl)
   0.0000 (  0.0%)   0.0000 (  0.0%)   0.0000 (  0.0%)   0.0000 (  0.0%)  Lower tasks into dataflow form
   0.0000 (  0.0%)   0.0000 (  0.0%)   0.0000 (  0.0%)   0.0000 (  0.0%)  Basic Alias Analysis (stateless AA impl)
   0.0000 (  0.0%)   0.0000 (  0.0%)   0.0000 (  0.0%)   0.0000 (  0.0%)  InterfaceCheck - Check Interface
   0.0000 (  0.0%)   0.0000 (  0.0%)   0.0000 (  0.0%)   0.0000 (  0.0%)  Basic Alias Analysis (stateless AA impl)
   0.0000 (  0.0%)   0.0000 (  0.0%)   0.0000 (  0.0%)   0.0000 (  0.0%)  Struct object aggregation
   0.0000 (  0.0%)   0.0000 (  0.0%)   0.0000 (  0.0%)   0.0000 (  0.0%)  Scalar Evolution Analysis
   0.0000 (  0.0%)   0.0000 (  0.0%)   0.0000 (  0.0%)   0.0000 (  0.0%)  Scalar Evolution Analysis
   0.0000 (  0.0%)   0.0000 (  0.0%)   0.0000 (  0.0%)   0.0000 (  0.0%)  Scalar Evolution Analysis
   0.0000 (  0.0%)   0.0000 (  0.0%)   0.0000 (  0.0%)   0.0000 (  0.0%)  Basic Alias Analysis (stateless AA impl)
   0.0000 (  0.0%)   0.0000 (  0.0%)   0.0000 (  0.0%)   0.0000 (  0.0%)  Dead Global Elimination
   0.0000 (  0.0%)   0.0000 (  0.0%)   0.0000 (  0.0%)   0.0000 (  0.0%)  ArrayReshape - Reshape Arrays into Wider Arrays
   0.0000 (  0.0%)   0.0000 (  0.0%)   0.0000 (  0.0%)   0.0000 (  0.0%)  Canonicalize natural loops
   0.0000 (  0.0%)   0.0000 (  0.0%)   0.0000 (  0.0%)   0.0000 (  0.0%)  Scalar Evolution Analysis
   0.0000 (  0.0%)   0.0000 (  0.0%)   0.0000 (  0.0%)   0.0000 (  0.0%)  Disaggregation preprocessing
   0.0000 (  0.0%)   0.0000 (  0.0%)   0.0000 (  0.0%)   0.0000 (  0.0%)  Basic Alias Analysis (stateless AA impl)
   0.0000 (  0.0%)   0.0000 (  0.0%)   0.0000 (  0.0%)   0.0000 (  0.0%)  Scalar Evolution Analysis
   0.0000 (  0.0%)   0.0000 (  0.0%)   0.0000 (  0.0%)   0.0000 (  0.0%)  Basic Alias Analysis (stateless AA impl)
   0.0000 (  0.0%)   0.0000 (  0.0%)   0.0000 (  0.0%)   0.0000 (  0.0%)  SROA
   0.0000 (  0.0%)   0.0000 (  0.0%)   0.0000 (  0.0%)   0.0000 (  0.0%)  Dead Argument Elimination
   0.0000 (  0.0%)   0.0000 (  0.0%)   0.0000 (  0.0%)   0.0000 (  0.0%)  Basic Alias Analysis (stateless AA impl)
   0.0000 (  0.0%)   0.0000 (  0.0%)   0.0000 (  0.0%)   0.0000 (  0.0%)  Basic Alias Analysis (stateless AA impl)
   0.0000 (  0.0%)   0.0000 (  0.0%)   0.0000 (  0.0%)   0.0000 (  0.0%)  Scalar Evolution Analysis
   0.0000 (  0.0%)   0.0000 (  0.0%)   0.0000 (  0.0%)   0.0000 (  0.0%)  Basic Alias Analysis (stateless AA impl)
   0.0000 (  0.0%)   0.0000 (  0.0%)   0.0000 (  0.0%)   0.0000 (  0.0%)  Basic Alias Analysis (stateless AA impl)
   0.0000 (  0.0%)   0.0000 (  0.0%)   0.0000 (  0.0%)   0.0000 (  0.0%)  Basic Alias Analysis (stateless AA impl)
   0.0000 (  0.0%)   0.0000 (  0.0%)   0.0000 (  0.0%)   0.0000 (  0.0%)  Scalar Evolution Analysis
   0.0000 (  0.0%)   0.0000 (  0.0%)   0.0000 (  0.0%)   0.0000 (  0.0%)  Basic Alias Analysis (stateless AA impl)
   0.0000 (  0.0%)   0.0000 (  0.0%)   0.0000 (  0.0%)   0.0000 (  0.0%)  Scalar Evolution Analysis
   0.0000 (  0.0%)   0.0000 (  0.0%)   0.0000 (  0.0%)   0.0000 (  0.0%)  Dominator Tree Construction
   0.0000 (  0.0%)   0.0000 (  0.0%)   0.0000 (  0.0%)   0.0000 (  0.0%)   automatic parallel and pipeline insertion based performance constraint
   0.0000 (  0.0%)   0.0000 (  0.0%)   0.0000 (  0.0%)   0.0000 (  0.0%)  Dead Code Elimination
   0.0000 (  0.0%)   0.0000 (  0.0%)   0.0000 (  0.0%)   0.0000 (  0.0%)  Function Alias Analysis Results
   0.0000 (  0.0%)   0.0000 (  0.0%)   0.0000 (  0.0%)   0.0000 (  0.0%)  Basic Alias Analysis (stateless AA impl)
   0.0000 (  0.0%)   0.0000 (  0.0%)   0.0000 (  0.0%)   0.0000 (  0.0%)  Remove unreachable basic blocks under switch
   0.0000 (  0.0%)   0.0000 (  0.0%)   0.0000 (  0.0%)   0.0000 (  0.0%)  Basic Alias Analysis (stateless AA impl)
   0.0000 (  0.0%)   0.0000 (  0.0%)   0.0000 (  0.0%)   0.0000 (  0.0%)  Infer nuw/nsw flags for instructions
   0.0000 (  0.0%)   0.0000 (  0.0%)   0.0000 (  0.0%)   0.0000 (  0.0%)  Basic Alias Analysis (stateless AA impl)
   0.0000 (  0.0%)   0.0000 (  0.0%)   0.0000 (  0.0%)   0.0000 (  0.0%)  Scalar Evolution Analysis
   0.0000 (  0.0%)   0.0000 (  0.0%)   0.0000 (  0.0%)   0.0000 (  0.0%)  LayoutTransform - Layout Transform Pragma Analysis
   0.0000 (  0.0%)   0.0000 (  0.0%)   0.0000 (  0.0%)   0.0000 (  0.0%)  Basic Alias Analysis (stateless AA impl)
   0.0000 (  0.0%)   0.0000 (  0.0%)   0.0000 (  0.0%)   0.0000 (  0.0%)  Basic Alias Analysis (stateless AA impl)
   0.0000 (  0.0%)   0.0000 (  0.0%)   0.0000 (  0.0%)   0.0000 (  0.0%)  Scalar Evolution Analysis
   0.0000 (  0.0%)   0.0000 (  0.0%)   0.0000 (  0.0%)   0.0000 (  0.0%)  Scalar Evolution Analysis
   0.0000 (  0.0%)   0.0000 (  0.0%)   0.0000 (  0.0%)   0.0000 (  0.0%)  Delete dead loops
   0.0000 (  0.0%)   0.0000 (  0.0%)   0.0000 (  0.0%)   0.0000 (  0.0%)  Scalar Evolution Analysis
   0.0000 (  0.0%)   0.0000 (  0.0%)   0.0000 (  0.0%)   0.0000 (  0.0%)  Basic Alias Analysis (stateless AA impl)
   0.0000 (  0.0%)   0.0000 (  0.0%)   0.0000 (  0.0%)   0.0000 (  0.0%)  Scalar Evolution Analysis
   0.0000 (  0.0%)   0.0000 (  0.0%)   0.0000 (  0.0%)   0.0000 (  0.0%)  Scalar Evolution Analysis
   0.0000 (  0.0%)   0.0000 (  0.0%)   0.0000 (  0.0%)   0.0000 (  0.0%)  Scalar Evolution Analysis
   0.0000 (  0.0%)   0.0000 (  0.0%)   0.0000 (  0.0%)   0.0000 (  0.0%)  Scalar Evolution Analysis
   0.0000 (  0.0%)   0.0000 (  0.0%)   0.0000 (  0.0%)   0.0000 (  0.0%)  Scalar Evolution Analysis
   0.0000 (  0.0%)   0.0000 (  0.0%)   0.0000 (  0.0%)   0.0000 (  0.0%)  Scalar Evolution Analysis
   0.0000 (  0.0%)   0.0000 (  0.0%)   0.0000 (  0.0%)   0.0000 (  0.0%)  Scalar Evolution Analysis
   0.0000 (  0.0%)   0.0000 (  0.0%)   0.0000 (  0.0%)   0.0000 (  0.0%)  Array abnormal access check
   0.0000 (  0.0%)   0.0000 (  0.0%)   0.0000 (  0.0%)   0.0000 (  0.0%)  Scalar Evolution Analysis
   0.0000 (  0.0%)   0.0000 (  0.0%)   0.0000 (  0.0%)   0.0000 (  0.0%)  Scalar Evolution Analysis
   0.0000 (  0.0%)   0.0000 (  0.0%)   0.0000 (  0.0%)   0.0000 (  0.0%)  SROA
   0.0000 (  0.0%)   0.0000 (  0.0%)   0.0000 (  0.0%)   0.0000 (  0.0%)  Dead Argument Elimination
   0.0000 (  0.0%)   0.0000 (  0.0%)   0.0000 (  0.0%)   0.0000 (  0.0%)  Scalar Evolution Analysis
   0.0000 (  0.0%)   0.0000 (  0.0%)   0.0000 (  0.0%)   0.0000 (  0.0%)  Auto automatic array partition filter analysis
   0.0000 (  0.0%)   0.0000 (  0.0%)   0.0000 (  0.0%)   0.0000 (  0.0%)  Dominator Tree Construction
   0.0000 (  0.0%)   0.0000 (  0.0%)   0.0000 (  0.0%)   0.0000 (  0.0%)  Scalar Evolution Analysis
   0.0000 (  0.0%)   0.0000 (  0.0%)   0.0000 (  0.0%)   0.0000 (  0.0%)  Scalar Evolution Analysis
   0.0000 (  0.0%)   0.0000 (  0.0%)   0.0000 (  0.0%)   0.0000 (  0.0%)  Infer nuw/nsw flags for instructions
   0.0000 (  0.0%)   0.0000 (  0.0%)   0.0000 (  0.0%)   0.0000 (  0.0%)  Scalar Evolution Analysis
   0.0000 (  0.0%)   0.0000 (  0.0%)   0.0000 (  0.0%)   0.0000 (  0.0%)  Scalar Evolution Analysis
   0.0000 (  0.0%)   0.0000 (  0.0%)   0.0000 (  0.0%)   0.0000 (  0.0%)  Basic Alias Analysis (stateless AA impl)
   0.0000 (  0.0%)   0.0000 (  0.0%)   0.0000 (  0.0%)   0.0000 (  0.0%)  ShiftRegInference - Automatic Shift Register Inference
   0.0000 (  0.0%)   0.0000 (  0.0%)   0.0000 (  0.0%)   0.0000 (  0.0%)  SROA
   0.0000 (  0.0%)   0.0000 (  0.0%)   0.0000 (  0.0%)   0.0000 (  0.0%)  Scalar Evolution Analysis
   0.0000 (  0.0%)   0.0000 (  0.0%)   0.0000 (  0.0%)   0.0000 (  0.0%)  Basic Alias Analysis (stateless AA impl)
   0.0000 (  0.0%)   0.0000 (  0.0%)   0.0000 (  0.0%)   0.0000 (  0.0%)  Function Alias Analysis Results
   0.0000 (  0.0%)   0.0000 (  0.0%)   0.0000 (  0.0%)   0.0000 (  0.0%)  Basic Alias Analysis (stateless AA impl)
   0.0000 (  0.0%)   0.0000 (  0.0%)   0.0000 (  0.0%)   0.0000 (  0.0%)  Lazy Value Information Analysis
   0.0000 (  0.0%)   0.0000 (  0.0%)   0.0000 (  0.0%)   0.0000 (  0.0%)  Scalar Evolution Analysis
   0.0000 (  0.0%)   0.0000 (  0.0%)   0.0000 (  0.0%)   0.0000 (  0.0%)  Scalar Evolution Analysis
   0.0000 (  0.0%)   0.0000 (  0.0%)   0.0000 (  0.0%)   0.0000 (  0.0%)  Lower printf for the fpga target
   0.0000 (  0.0%)   0.0000 (  0.0%)   0.0000 (  0.0%)   0.0000 (  0.0%)  Scalar Evolution Analysis
   0.0000 (  0.0%)   0.0000 (  0.0%)   0.0000 (  0.0%)   0.0000 (  0.0%)  Scalar Evolution Analysis
   0.0000 (  0.0%)   0.0000 (  0.0%)   0.0000 (  0.0%)   0.0000 (  0.0%)  Remove unreachable basic blocks under switch
   0.0000 (  0.0%)   0.0000 (  0.0%)   0.0000 (  0.0%)   0.0000 (  0.0%)  Scalar Evolution Analysis
   0.0000 (  0.0%)   0.0000 (  0.0%)   0.0000 (  0.0%)   0.0000 (  0.0%)  CallGraph Construction
   0.0000 (  0.0%)   0.0000 (  0.0%)   0.0000 (  0.0%)   0.0000 (  0.0%)  Scalar Evolution Analysis
   0.0000 (  0.0%)   0.0000 (  0.0%)   0.0000 (  0.0%)   0.0000 (  0.0%)  Scalar Evolution Analysis
   0.0000 (  0.0%)   0.0000 (  0.0%)   0.0000 (  0.0%)   0.0000 (  0.0%)  Basic Alias Analysis (stateless AA impl)
   0.0000 (  0.0%)   0.0000 (  0.0%)   0.0000 (  0.0%)   0.0000 (  0.0%)  Scalar Evolution Analysis
   0.0000 (  0.0%)   0.0000 (  0.0%)   0.0000 (  0.0%)   0.0000 (  0.0%)  Infer nuw/nsw flags for instructions
   0.0000 (  0.0%)   0.0000 (  0.0%)   0.0000 (  0.0%)   0.0000 (  0.0%)  Basic Alias Analysis (stateless AA impl)
   0.0000 (  0.0%)   0.0000 (  0.0%)   0.0000 (  0.0%)   0.0000 (  0.0%)  Basic Alias Analysis (stateless AA impl)
   0.0000 (  0.0%)   0.0000 (  0.0%)   0.0000 (  0.0%)   0.0000 (  0.0%)  Critical Path Aanlysis
   0.0000 (  0.0%)   0.0000 (  0.0%)   0.0000 (  0.0%)   0.0000 (  0.0%)  Remove unreachable basic blocks under switch
   0.0000 (  0.0%)   0.0000 (  0.0%)   0.0000 (  0.0%)   0.0000 (  0.0%)  Function Alias Analysis Results
   0.0000 (  0.0%)   0.0000 (  0.0%)   0.0000 (  0.0%)   0.0000 (  0.0%)  Scalar Evolution Analysis
   0.0000 (  0.0%)   0.0000 (  0.0%)   0.0000 (  0.0%)   0.0000 (  0.0%)  Natural Loop Information
   0.0000 (  0.0%)   0.0000 (  0.0%)   0.0000 (  0.0%)   0.0000 (  0.0%)  Scalar Evolution Analysis
   0.0000 (  0.0%)   0.0000 (  0.0%)   0.0000 (  0.0%)   0.0000 (  0.0%)  Scalar Evolution Analysis
   0.0000 (  0.0%)   0.0000 (  0.0%)   0.0000 (  0.0%)   0.0000 (  0.0%)  Scalar Evolution Analysis
   0.0000 (  0.0%)   0.0000 (  0.0%)   0.0000 (  0.0%)   0.0000 (  0.0%)  CallGraph Construction
   0.0000 (  0.0%)   0.0000 (  0.0%)   0.0000 (  0.0%)   0.0000 (  0.0%)  SROA
   0.0000 (  0.0%)   0.0000 (  0.0%)   0.0000 (  0.0%)   0.0000 (  0.0%)  Dominator Tree Construction
   0.0000 (  0.0%)   0.0000 (  0.0%)   0.0000 (  0.0%)   0.0000 (  0.0%)  Basic Alias Analysis (stateless AA impl)
   0.0000 (  0.0%)   0.0000 (  0.0%)   0.0000 (  0.0%)   0.0000 (  0.0%)  Scalar Evolution Analysis
   0.0000 (  0.0%)   0.0000 (  0.0%)   0.0000 (  0.0%)   0.0000 (  0.0%)  Basic Alias Analysis (stateless AA impl)
   0.0000 (  0.0%)   0.0000 (  0.0%)   0.0000 (  0.0%)   0.0000 (  0.0%)  Scalar Evolution Analysis
   0.0000 (  0.0%)   0.0000 (  0.0%)   0.0000 (  0.0%)   0.0000 (  0.0%)  Scalar Evolution Analysis
   0.0000 (  0.0%)   0.0000 (  0.0%)   0.0000 (  0.0%)   0.0000 (  0.0%)  Scalar Evolution Analysis
   0.0000 (  0.0%)   0.0000 (  0.0%)   0.0000 (  0.0%)   0.0000 (  0.0%)  Scalar Evolution Analysis
   0.0000 (  0.0%)   0.0000 (  0.0%)   0.0000 (  0.0%)   0.0000 (  0.0%)  Scalar Evolution Analysis
   0.0000 (  0.0%)   0.0000 (  0.0%)   0.0000 (  0.0%)   0.0000 (  0.0%)  Basic Alias Analysis (stateless AA impl)
   0.0000 (  0.0%)   0.0000 (  0.0%)   0.0000 (  0.0%)   0.0000 (  0.0%)  Scalar Evolution Analysis
   0.0000 (  0.0%)   0.0000 (  0.0%)   0.0000 (  0.0%)   0.0000 (  0.0%)  Function Alias Analysis Results
   0.0000 (  0.0%)   0.0000 (  0.0%)   0.0000 (  0.0%)   0.0000 (  0.0%)  Scalar Evolution Analysis
   0.0000 (  0.0%)   0.0000 (  0.0%)   0.0000 (  0.0%)   0.0000 (  0.0%)  Infer set function attributes
   0.0000 (  0.0%)   0.0000 (  0.0%)   0.0000 (  0.0%)   0.0000 (  0.0%)  ProduceBurstMessages - Produce Burst Messages
   0.0000 (  0.0%)   0.0000 (  0.0%)   0.0000 (  0.0%)   0.0000 (  0.0%)  Dead Code Elimination
   0.0000 (  0.0%)   0.0000 (  0.0%)   0.0000 (  0.0%)   0.0000 (  0.0%)  Scalar Evolution Analysis
   0.0000 (  0.0%)   0.0000 (  0.0%)   0.0000 (  0.0%)   0.0000 (  0.0%)  Dead Global Elimination
   0.0000 (  0.0%)   0.0000 (  0.0%)   0.0000 (  0.0%)   0.0000 (  0.0%)  Scalar Evolution Analysis
   0.0000 (  0.0%)   0.0000 (  0.0%)   0.0000 (  0.0%)   0.0000 (  0.0%)  Scalar Evolution Analysis
   0.0000 (  0.0%)   0.0000 (  0.0%)   0.0000 (  0.0%)   0.0000 (  0.0%)  Basic Alias Analysis (stateless AA impl)
   0.0000 (  0.0%)   0.0000 (  0.0%)   0.0000 (  0.0%)   0.0000 (  0.0%)  Eliminate dead debug information intrinsic
   0.0000 (  0.0%)   0.0000 (  0.0%)   0.0000 (  0.0%)   0.0000 (  0.0%)  LayoutTransform - Layout Transform Pragma Analysis
   0.0000 (  0.0%)   0.0000 (  0.0%)   0.0000 (  0.0%)   0.0000 (  0.0%)  CallGraph Construction
   0.0000 (  0.0%)   0.0000 (  0.0%)   0.0000 (  0.0%)   0.0000 (  0.0%)  Scalar Evolution Analysis
   0.0000 (  0.0%)   0.0000 (  0.0%)   0.0000 (  0.0%)   0.0000 (  0.0%)  Basic Alias Analysis (stateless AA impl)
   0.0000 (  0.0%)   0.0000 (  0.0%)   0.0000 (  0.0%)   0.0000 (  0.0%)  Scalar Evolution Analysis
   0.0000 (  0.0%)   0.0000 (  0.0%)   0.0000 (  0.0%)   0.0000 (  0.0%)  Scalar Evolution Analysis
   0.0000 (  0.0%)   0.0000 (  0.0%)   0.0000 (  0.0%)   0.0000 (  0.0%)  Scalar Evolution Analysis
   0.0156 (  1.4%)   0.0000 (  0.0%)   0.0156 (  1.3%)   0.0000 (  0.0%)  Remove unreachable basic blocks under switch
   0.0000 (  0.0%)   0.0000 (  0.0%)   0.0000 (  0.0%)   0.0000 (  0.0%)  Scalar Evolution Analysis
   0.0000 (  0.0%)   0.0000 (  0.0%)   0.0000 (  0.0%)   0.0000 (  0.0%)  Scalar Evolution Analysis
   0.0000 (  0.0%)   0.0000 (  0.0%)   0.0000 (  0.0%)   0.0000 (  0.0%)  Delete dead loops
   0.0000 (  0.0%)   0.0000 (  0.0%)   0.0000 (  0.0%)   0.0000 (  0.0%)  Scalar Evolution Analysis
   0.0000 (  0.0%)   0.0000 (  0.0%)   0.0000 (  0.0%)   0.0000 (  0.0%)  Internalize Global Symbols
   0.0000 (  0.0%)   0.0000 (  0.0%)   0.0000 (  0.0%)   0.0000 (  0.0%)  Basic Alias Analysis (stateless AA impl)
   0.0000 (  0.0%)   0.0000 (  0.0%)   0.0000 (  0.0%)   0.0000 (  0.0%)  Scalar Evolution Analysis
   0.0000 (  0.0%)   0.0000 (  0.0%)   0.0000 (  0.0%)   0.0000 (  0.0%)  Scalar Evolution Analysis
   0.0000 (  0.0%)   0.0000 (  0.0%)   0.0000 (  0.0%)   0.0000 (  0.0%)  Scalar Evolution Analysis
   0.0000 (  0.0%)   0.0000 (  0.0%)   0.0000 (  0.0%)   0.0000 (  0.0%)  Dead Global Elimination
   0.0000 (  0.0%)   0.0000 (  0.0%)   0.0000 (  0.0%)   0.0000 (  0.0%)  Scalar Evolution Analysis
   0.0000 (  0.0%)   0.0000 (  0.0%)   0.0000 (  0.0%)   0.0000 (  0.0%)  Scalar Evolution Analysis
   0.0000 (  0.0%)   0.0000 (  0.0%)   0.0000 (  0.0%)   0.0000 (  0.0%)  CallGraph Construction
   0.0000 (  0.0%)   0.0000 (  0.0%)   0.0000 (  0.0%)   0.0000 (  0.0%)  Infer direct input/output accesses
   0.0000 (  0.0%)   0.0000 (  0.0%)   0.0000 (  0.0%)   0.0000 (  0.0%)  Delete dead loops
   0.0000 (  0.0%)   0.0000 (  0.0%)   0.0000 (  0.0%)   0.0000 (  0.0%)  Scalar Evolution Analysis
   0.0000 (  0.0%)   0.0000 (  0.0%)   0.0000 (  0.0%)   0.0000 (  0.0%)  Scalar Evolution Analysis
   0.0000 (  0.0%)   0.0000 (  0.0%)   0.0000 (  0.0%)   0.0000 (  0.0%)  Function Alias Analysis Results
   0.0000 (  0.0%)   0.0000 (  0.0%)   0.0000 (  0.0%)   0.0000 (  0.0%)  Loop Access Analysis
   0.0000 (  0.0%)   0.0000 (  0.0%)   0.0000 (  0.0%)   0.0000 (  0.0%)  Delete dead loops
   0.0000 (  0.0%)   0.0000 (  0.0%)   0.0000 (  0.0%)   0.0000 (  0.0%)  Basic Alias Analysis (stateless AA impl)
   0.0000 (  0.0%)   0.0000 (  0.0%)   0.0000 (  0.0%)   0.0000 (  0.0%)  Lower llvm.assume to _ssdm_AssertFail
   0.0000 (  0.0%)   0.0000 (  0.0%)   0.0000 (  0.0%)   0.0000 (  0.0%)  Function Alias Analysis Results
   0.0000 (  0.0%)   0.0000 (  0.0%)   0.0000 (  0.0%)   0.0000 (  0.0%)  LayoutTransform - Layout Transform Pragma Analysis
   0.0000 (  0.0%)   0.0000 (  0.0%)   0.0000 (  0.0%)   0.0000 (  0.0%)  Scalar Evolution Analysis
   0.0000 (  0.0%)   0.0000 (  0.0%)   0.0000 (  0.0%)   0.0000 (  0.0%)  Scalar Evolution Analysis
   0.0000 (  0.0%)   0.0000 (  0.0%)   0.0000 (  0.0%)   0.0000 (  0.0%)  Scalar Evolution Analysis
   0.0000 (  0.0%)   0.0000 (  0.0%)   0.0000 (  0.0%)   0.0000 (  0.0%)  Promote Memory to Register
   0.0000 (  0.0%)   0.0000 (  0.0%)   0.0000 (  0.0%)   0.0000 (  0.0%)  CallGraph Construction
   0.0000 (  0.0%)   0.0000 (  0.0%)   0.0000 (  0.0%)   0.0000 (  0.0%)  Basic Alias Analysis (stateless AA impl)
   0.0000 (  0.0%)   0.0000 (  0.0%)   0.0000 (  0.0%)   0.0000 (  0.0%)  CallGraph Construction
   0.0000 (  0.0%)   0.0000 (  0.0%)   0.0000 (  0.0%)   0.0000 (  0.0%)  LayoutTransform - Layout Transform Pragma Analysis
   0.0000 (  0.0%)   0.0000 (  0.0%)   0.0000 (  0.0%)   0.0000 (  0.0%)  Scalar Evolution Analysis
   0.0000 (  0.0%)   0.0000 (  0.0%)   0.0000 (  0.0%)   0.0000 (  0.0%)  Eliminate dead stores globally
   0.0000 (  0.0%)   0.0000 (  0.0%)   0.0000 (  0.0%)   0.0000 (  0.0%)  CallGraph Construction
   0.0000 (  0.0%)   0.0000 (  0.0%)   0.0000 (  0.0%)   0.0000 (  0.0%)  CallGraph Construction
   0.0000 (  0.0%)   0.0000 (  0.0%)   0.0000 (  0.0%)   0.0000 (  0.0%)  Eliminate dead debug information intrinsic
   0.0000 (  0.0%)   0.0000 (  0.0%)   0.0000 (  0.0%)   0.0000 (  0.0%)  CallGraph Construction
   0.0000 (  0.0%)   0.0000 (  0.0%)   0.0000 (  0.0%)   0.0000 (  0.0%)  Eliminate dead debug information intrinsic
   0.0000 (  0.0%)   0.0000 (  0.0%)   0.0000 (  0.0%)   0.0000 (  0.0%)  CallGraph Construction
   0.0000 (  0.0%)   0.0000 (  0.0%)   0.0000 (  0.0%)   0.0000 (  0.0%)  Scalar Evolution Analysis
   0.0000 (  0.0%)   0.0000 (  0.0%)   0.0000 (  0.0%)   0.0000 (  0.0%)  Scalar Evolution Analysis
   0.0156 (  1.4%)   0.0000 (  0.0%)   0.0156 (  1.3%)   0.0000 (  0.0%)  LCSSA Verifier
   0.0000 (  0.0%)   0.0000 (  0.0%)   0.0000 (  0.0%)   0.0000 (  0.0%)  CallGraph Construction
   0.0000 (  0.0%)   0.0000 (  0.0%)   0.0000 (  0.0%)   0.0000 (  0.0%)  CallGraph Construction
   0.0000 (  0.0%)   0.0000 (  0.0%)   0.0000 (  0.0%)   0.0000 (  0.0%)  Function Alias Analysis Results
   0.0000 (  0.0%)   0.0000 (  0.0%)   0.0000 (  0.0%)   0.0000 (  0.0%)  Eliminate dead debug information intrinsic
   0.0000 (  0.0%)   0.0000 (  0.0%)   0.0000 (  0.0%)   0.0000 (  0.0%)  Simplify loop CFG
   0.0000 (  0.0%)   0.0000 (  0.0%)   0.0000 (  0.0%)   0.0000 (  0.0%)  CallGraph Construction
   0.0000 (  0.0%)   0.0000 (  0.0%)   0.0000 (  0.0%)   0.0000 (  0.0%)  Function Alias Analysis Results
   0.0000 (  0.0%)   0.0000 (  0.0%)   0.0000 (  0.0%)   0.0000 (  0.0%)  Function Alias Analysis Results
   0.0000 (  0.0%)   0.0000 (  0.0%)   0.0000 (  0.0%)   0.0000 (  0.0%)  Scalar Evolution Analysis
   0.0000 (  0.0%)   0.0000 (  0.0%)   0.0000 (  0.0%)   0.0000 (  0.0%)  Eliminate dead debug information intrinsic
   0.0000 (  0.0%)   0.0000 (  0.0%)   0.0000 (  0.0%)   0.0000 (  0.0%)  Dead Global Elimination
   0.0000 (  0.0%)   0.0000 (  0.0%)   0.0000 (  0.0%)   0.0000 (  0.0%)  Lazy Value Information Analysis
   0.0000 (  0.0%)   0.0000 (  0.0%)   0.0000 (  0.0%)   0.0000 (  0.0%)  Function Alias Analysis Results
   0.0000 (  0.0%)   0.0000 (  0.0%)   0.0000 (  0.0%)   0.0000 (  0.0%)  Critical Path Aanlysis
   0.0000 (  0.0%)   0.0000 (  0.0%)   0.0000 (  0.0%)   0.0000 (  0.0%)  Function Alias Analysis Results
   0.0000 (  0.0%)   0.0000 (  0.0%)   0.0000 (  0.0%)   0.0000 (  0.0%)  CallGraph Construction
   0.0000 (  0.0%)   0.0000 (  0.0%)   0.0000 (  0.0%)   0.0000 (  0.0%)  Function Alias Analysis Results
   0.0000 (  0.0%)   0.0000 (  0.0%)   0.0000 (  0.0%)   0.0000 (  0.0%)  CallGraph Construction
   0.0000 (  0.0%)   0.0000 (  0.0%)   0.0000 (  0.0%)   0.0000 (  0.0%)  CallGraph Construction
   0.0000 (  0.0%)   0.0000 (  0.0%)   0.0000 (  0.0%)   0.0000 (  0.0%)  CallGraph Construction
   0.0000 (  0.0%)   0.0000 (  0.0%)   0.0000 (  0.0%)   0.0000 (  0.0%)  Function Alias Analysis Results
   0.0000 (  0.0%)   0.0000 (  0.0%)   0.0000 (  0.0%)   0.0000 (  0.0%)  Eliminate dead debug information intrinsic
   0.0000 (  0.0%)   0.0000 (  0.0%)   0.0000 (  0.0%)   0.0000 (  0.0%)  Eliminate dead stores globally
   0.0000 (  0.0%)   0.0000 (  0.0%)   0.0000 (  0.0%)   0.0000 (  0.0%)  Basic Alias Analysis (stateless AA impl)
   0.0000 (  0.0%)   0.0000 (  0.0%)   0.0000 (  0.0%)   0.0000 (  0.0%)  Simplify loop CFG
   0.0000 (  0.0%)   0.0000 (  0.0%)   0.0000 (  0.0%)   0.0000 (  0.0%)  Lazy Value Information Analysis
   0.0000 (  0.0%)   0.0000 (  0.0%)   0.0000 (  0.0%)   0.0000 (  0.0%)  Function Alias Analysis Results
   0.0000 (  0.0%)   0.0000 (  0.0%)   0.0000 (  0.0%)   0.0000 (  0.0%)  Reflow auto unroll loops
   0.0000 (  0.0%)   0.0000 (  0.0%)   0.0000 (  0.0%)   0.0000 (  0.0%)  CallGraph Construction
   0.0000 (  0.0%)   0.0000 (  0.0%)   0.0000 (  0.0%)   0.0000 (  0.0%)  Dead Global Elimination
   0.0000 (  0.0%)   0.0000 (  0.0%)   0.0000 (  0.0%)   0.0000 (  0.0%)  Function Alias Analysis Results
   0.0000 (  0.0%)   0.0000 (  0.0%)   0.0000 (  0.0%)   0.0000 (  0.0%)  Eliminate dead debug information intrinsic
   0.0000 (  0.0%)   0.0000 (  0.0%)   0.0000 (  0.0%)   0.0000 (  0.0%)  Eliminate dead debug information intrinsic
   0.0000 (  0.0%)   0.0000 (  0.0%)   0.0000 (  0.0%)   0.0000 (  0.0%)  CallGraph Construction
   0.0000 (  0.0%)   0.0000 (  0.0%)   0.0000 (  0.0%)   0.0000 (  0.0%)  CallGraph Construction
   0.0000 (  0.0%)   0.0000 (  0.0%)   0.0000 (  0.0%)   0.0000 (  0.0%)  Function Alias Analysis Results
   0.0000 (  0.0%)   0.0000 (  0.0%)   0.0000 (  0.0%)   0.0000 (  0.0%)  Dead Argument Elimination
   0.0000 (  0.0%)   0.0000 (  0.0%)   0.0000 (  0.0%)   0.0000 (  0.0%)  Simplify loop CFG
   0.0000 (  0.0%)   0.0000 (  0.0%)   0.0000 (  0.0%)   0.0000 (  0.0%)  CallGraph Construction
   0.0000 (  0.0%)   0.0000 (  0.0%)   0.0000 (  0.0%)   0.0000 (  0.0%)  Eliminate dead stores globally
   0.0000 (  0.0%)   0.0000 (  0.0%)   0.0000 (  0.0%)   0.0000 (  0.0%)  Lazy Branch Probability Analysis
   0.0000 (  0.0%)   0.0000 (  0.0%)   0.0000 (  0.0%)   0.0000 (  0.0%)  Eliminate dead debug information intrinsic
   0.0000 (  0.0%)   0.0000 (  0.0%)   0.0000 (  0.0%)   0.0000 (  0.0%)  Dead Global Elimination
   0.0000 (  0.0%)   0.0000 (  0.0%)   0.0000 (  0.0%)   0.0000 (  0.0%)  Dominator Tree Construction
   0.0000 (  0.0%)   0.0000 (  0.0%)   0.0000 (  0.0%)   0.0000 (  0.0%)  Basic Alias Analysis (stateless AA impl)
   0.0000 (  0.0%)   0.0000 (  0.0%)   0.0000 (  0.0%)   0.0000 (  0.0%)  Lazy Value Information Analysis
   0.0000 (  0.0%)   0.0000 (  0.0%)   0.0000 (  0.0%)   0.0000 (  0.0%)  Eliminate dead debug information intrinsic
   0.0000 (  0.0%)   0.0000 (  0.0%)   0.0000 (  0.0%)   0.0000 (  0.0%)  Eliminate dead debug information intrinsic
   0.0000 (  0.0%)   0.0000 (  0.0%)   0.0000 (  0.0%)   0.0000 (  0.0%)  Eliminate dead debug information intrinsic
   0.0000 (  0.0%)   0.0000 (  0.0%)   0.0000 (  0.0%)   0.0000 (  0.0%)  CallGraph Construction
   0.0000 (  0.0%)   0.0000 (  0.0%)   0.0000 (  0.0%)   0.0000 (  0.0%)  Function Alias Analysis Results
   0.0000 (  0.0%)   0.0000 (  0.0%)   0.0000 (  0.0%)   0.0000 (  0.0%)  CallGraph Construction
   0.0000 (  0.0%)   0.0000 (  0.0%)   0.0000 (  0.0%)   0.0000 (  0.0%)  Critical Path Aanlysis
   0.0000 (  0.0%)   0.0000 (  0.0%)   0.0000 (  0.0%)   0.0000 (  0.0%)  CallGraph Construction
   0.0000 (  0.0%)   0.0000 (  0.0%)   0.0000 (  0.0%)   0.0000 (  0.0%)  Inline sub function calls recursively
   0.0000 (  0.0%)   0.0000 (  0.0%)   0.0000 (  0.0%)   0.0000 (  0.0%)  Stream object marker
   0.0000 (  0.0%)   0.0000 (  0.0%)   0.0000 (  0.0%)   0.0000 (  0.0%)  CallGraph Construction
   0.0000 (  0.0%)   0.0000 (  0.0%)   0.0000 (  0.0%)   0.0000 (  0.0%)  Eliminate dead debug information intrinsic
   0.0000 (  0.0%)   0.0000 (  0.0%)   0.0000 (  0.0%)   0.0000 (  0.0%)  Critical Path Aanlysis
   0.0000 (  0.0%)   0.0000 (  0.0%)   0.0000 (  0.0%)   0.0000 (  0.0%)  Scalar Evolution Analysis
   0.0000 (  0.0%)   0.0000 (  0.0%)   0.0000 (  0.0%)   0.0000 (  0.0%)  Lazy Value Information Analysis
   0.0000 (  0.0%)   0.0000 (  0.0%)   0.0000 (  0.0%)   0.0000 (  0.0%)  CallGraph Construction
   0.0000 (  0.0%)   0.0000 (  0.0%)   0.0000 (  0.0%)   0.0000 (  0.0%)  Scalar Evolution Canonicalization
   0.0000 (  0.0%)   0.0000 (  0.0%)   0.0000 (  0.0%)   0.0000 (  0.0%)  Infer workgroup size for opencl Kernel
   0.0000 (  0.0%)   0.0000 (  0.0%)   0.0000 (  0.0%)   0.0000 (  0.0%)  Lazy Value Information Analysis
   0.0000 (  0.0%)   0.0000 (  0.0%)   0.0000 (  0.0%)   0.0000 (  0.0%)  Dominator Tree Construction
   0.0000 (  0.0%)   0.0000 (  0.0%)   0.0000 (  0.0%)   0.0000 (  0.0%)  CallGraph Construction
   0.0000 (  0.0%)   0.0000 (  0.0%)   0.0000 (  0.0%)   0.0000 (  0.0%)  Remove unreachable basic blocks under switch
   0.0000 (  0.0%)   0.0000 (  0.0%)   0.0000 (  0.0%)   0.0000 (  0.0%)  Lazy Value Information Analysis
   0.0000 (  0.0%)   0.0000 (  0.0%)   0.0000 (  0.0%)   0.0000 (  0.0%)  Lower BINDOP scope bundle
   0.0000 (  0.0%)   0.0000 (  0.0%)   0.0000 (  0.0%)   0.0000 (  0.0%)  Scalar Evolution Analysis
   0.0000 (  0.0%)   0.0000 (  0.0%)   0.0000 (  0.0%)   0.0000 (  0.0%)  Lazy Value Information Analysis
   0.0000 (  0.0%)   0.0000 (  0.0%)   0.0000 (  0.0%)   0.0000 (  0.0%)  Generate Loops to iterate over workitems
   0.0000 (  0.0%)   0.0000 (  0.0%)   0.0000 (  0.0%)   0.0000 (  0.0%)  Scalar Evolution Analysis
   0.0000 (  0.0%)   0.0000 (  0.0%)   0.0000 (  0.0%)   0.0000 (  0.0%)  CallGraph Construction
   0.0000 (  0.0%)   0.0000 (  0.0%)   0.0000 (  0.0%)   0.0000 (  0.0%)  Lazy Value Information Analysis
   0.0000 (  0.0%)   0.0000 (  0.0%)   0.0000 (  0.0%)   0.0000 (  0.0%)  Basic Alias Analysis (stateless AA impl)
   0.0000 (  0.0%)   0.0000 (  0.0%)   0.0000 (  0.0%)   0.0000 (  0.0%)  Lazy Value Information Analysis
   0.0000 (  0.0%)   0.0000 (  0.0%)   0.0000 (  0.0%)   0.0000 (  0.0%)  Memory Dependence Analysis
   0.0000 (  0.0%)   0.0000 (  0.0%)   0.0000 (  0.0%)   0.0000 (  0.0%)  Dead Global Elimination
   0.0000 (  0.0%)   0.0000 (  0.0%)   0.0000 (  0.0%)   0.0000 (  0.0%)  Lazy Value Information Analysis
   0.0000 (  0.0%)   0.0000 (  0.0%)   0.0000 (  0.0%)   0.0000 (  0.0%)  Scalar Evolution Canonicalization
   0.0000 (  0.0%)   0.0000 (  0.0%)   0.0000 (  0.0%)   0.0000 (  0.0%)  Memory Dependence Analysis
   0.0000 (  0.0%)   0.0000 (  0.0%)   0.0000 (  0.0%)   0.0000 (  0.0%)  CallGraph Construction
   0.0000 (  0.0%)   0.0000 (  0.0%)   0.0000 (  0.0%)   0.0000 (  0.0%)  Dead Global Elimination
   0.0000 (  0.0%)   0.0000 (  0.0%)   0.0000 (  0.0%)   0.0000 (  0.0%)  CallGraph Construction
   0.0000 (  0.0%)   0.0000 (  0.0%)   0.0000 (  0.0%)   0.0000 (  0.0%)  Lazy Value Information Analysis
   0.0000 (  0.0%)   0.0000 (  0.0%)   0.0000 (  0.0%)   0.0000 (  0.0%)  Dead Global Elimination
   0.0000 (  0.0%)   0.0000 (  0.0%)   0.0000 (  0.0%)   0.0000 (  0.0%)  Remove unreachable basic blocks under switch
   0.0000 (  0.0%)   0.0000 (  0.0%)   0.0000 (  0.0%)   0.0000 (  0.0%)  Basic Alias Analysis (stateless AA impl)
   0.0000 (  0.0%)   0.0000 (  0.0%)   0.0000 (  0.0%)   0.0000 (  0.0%)  Lazy Value Information Analysis
   0.0000 (  0.0%)   0.0000 (  0.0%)   0.0000 (  0.0%)   0.0000 (  0.0%)  Lazy Value Information Analysis
   0.0000 (  0.0%)   0.0000 (  0.0%)   0.0000 (  0.0%)   0.0000 (  0.0%)  Lazy Value Information Analysis
   0.0000 (  0.0%)   0.0000 (  0.0%)   0.0000 (  0.0%)   0.0000 (  0.0%)  Basic Alias Analysis (stateless AA impl)
   0.0000 (  0.0%)   0.0000 (  0.0%)   0.0000 (  0.0%)   0.0000 (  0.0%)  Predicate analysis under a loop context
   0.0000 (  0.0%)   0.0000 (  0.0%)   0.0000 (  0.0%)   0.0000 (  0.0%)  Lazy Branch Probability Analysis
   0.0000 (  0.0%)   0.0000 (  0.0%)   0.0000 (  0.0%)   0.0000 (  0.0%)  Lazy Branch Probability Analysis
   0.0000 (  0.0%)   0.0000 (  0.0%)   0.0000 (  0.0%)   0.0000 (  0.0%)  ArrayPartition - Partition Arrays into Banks
   0.0000 (  0.0%)   0.0000 (  0.0%)   0.0000 (  0.0%)   0.0000 (  0.0%)  CallGraph Construction
   0.0000 (  0.0%)   0.0000 (  0.0%)   0.0000 (  0.0%)   0.0000 (  0.0%)  CallGraph Construction
   0.0000 (  0.0%)   0.0000 (  0.0%)   0.0000 (  0.0%)   0.0000 (  0.0%)  Promote Memory to Register
   0.0000 (  0.0%)   0.0000 (  0.0%)   0.0000 (  0.0%)   0.0000 (  0.0%)  Memory Dependence Analysis
   0.0000 (  0.0%)   0.0000 (  0.0%)   0.0000 (  0.0%)   0.0000 (  0.0%)  Memory Dependence Analysis
   0.0000 (  0.0%)   0.0000 (  0.0%)   0.0000 (  0.0%)   0.0000 (  0.0%)  Memory Dependence Analysis
   0.0000 (  0.0%)   0.0000 (  0.0%)   0.0000 (  0.0%)   0.0000 (  0.0%)  Basic Alias Analysis (stateless AA impl)
   0.0000 (  0.0%)   0.0000 (  0.0%)   0.0000 (  0.0%)   0.0000 (  0.0%)  Memory Dependence Analysis
   0.0000 (  0.0%)   0.0000 (  0.0%)   0.0000 (  0.0%)   0.0000 (  0.0%)  Remove unreachable basic blocks under switch
   0.0000 (  0.0%)   0.0000 (  0.0%)   0.0000 (  0.0%)   0.0000 (  0.0%)  Memory Dependence Analysis
   0.0000 (  0.0%)   0.0000 (  0.0%)   0.0000 (  0.0%)   0.0000 (  0.0%)  Memory Dependence Analysis
   0.0000 (  0.0%)   0.0000 (  0.0%)   0.0000 (  0.0%)   0.0000 (  0.0%)  Natural Loop Information
   0.0000 (  0.0%)   0.0000 (  0.0%)   0.0000 (  0.0%)   0.0000 (  0.0%)  Memory Dependence Analysis
   0.0000 (  0.0%)   0.0000 (  0.0%)   0.0000 (  0.0%)   0.0000 (  0.0%)  Lazy Value Information Analysis
   0.0000 (  0.0%)   0.0000 (  0.0%)   0.0000 (  0.0%)   0.0000 (  0.0%)  Unify function exit nodes
   0.0000 (  0.0%)   0.0000 (  0.0%)   0.0000 (  0.0%)   0.0000 (  0.0%)  Basic Alias Analysis (stateless AA impl)
   0.0000 (  0.0%)   0.0000 (  0.0%)   0.0000 (  0.0%)   0.0000 (  0.0%)  Remove unreachable basic blocks under switch
   0.0000 (  0.0%)   0.0000 (  0.0%)   0.0000 (  0.0%)   0.0000 (  0.0%)  Memory Dependence Analysis
   0.0000 (  0.0%)   0.0000 (  0.0%)   0.0000 (  0.0%)   0.0000 (  0.0%)  DeSPMD - Insert barriers into uniform loops
   0.0000 (  0.0%)   0.0000 (  0.0%)   0.0000 (  0.0%)   0.0000 (  0.0%)  Basic Alias Analysis (stateless AA impl)
   0.0000 (  0.0%)   0.0000 (  0.0%)   0.0000 (  0.0%)   0.0000 (  0.0%)  Basic Alias Analysis (stateless AA impl)
   0.0000 (  0.0%)   0.0000 (  0.0%)   0.0000 (  0.0%)   0.0000 (  0.0%)  Lazy Branch Probability Analysis
   0.0000 (  0.0%)   0.0000 (  0.0%)   0.0000 (  0.0%)   0.0000 (  0.0%)  Lazy Branch Probability Analysis
   0.0000 (  0.0%)   0.0000 (  0.0%)   0.0000 (  0.0%)   0.0000 (  0.0%)  Scalar Evolution Analysis
   0.0000 (  0.0%)   0.0000 (  0.0%)   0.0000 (  0.0%)   0.0000 (  0.0%)  Basic Alias Analysis (stateless AA impl)
   0.0000 (  0.0%)   0.0000 (  0.0%)   0.0000 (  0.0%)   0.0000 (  0.0%)  Lazy Branch Probability Analysis
   0.0000 (  0.0%)   0.0000 (  0.0%)   0.0000 (  0.0%)   0.0000 (  0.0%)  Promote Memory to Register
   0.0000 (  0.0%)   0.0000 (  0.0%)   0.0000 (  0.0%)   0.0000 (  0.0%)  Basic Alias Analysis (stateless AA impl)
   0.0000 (  0.0%)   0.0000 (  0.0%)   0.0000 (  0.0%)   0.0000 (  0.0%)  Basic Alias Analysis (stateless AA impl)
   0.0000 (  0.0%)   0.0000 (  0.0%)   0.0000 (  0.0%)   0.0000 (  0.0%)  Memory Dependence Analysis
   0.0000 (  0.0%)   0.0000 (  0.0%)   0.0000 (  0.0%)   0.0000 (  0.0%)  Basic Alias Analysis (stateless AA impl)
   0.0000 (  0.0%)   0.0000 (  0.0%)   0.0000 (  0.0%)   0.0000 (  0.0%)  Basic Alias Analysis (stateless AA impl)
   0.0000 (  0.0%)   0.0000 (  0.0%)   0.0000 (  0.0%)   0.0000 (  0.0%)  Promote Memory to Register
   0.0000 (  0.0%)   0.0000 (  0.0%)   0.0000 (  0.0%)   0.0000 (  0.0%)  Scalar Evolution Analysis
   0.0000 (  0.0%)   0.0000 (  0.0%)   0.0000 (  0.0%)   0.0000 (  0.0%)  Lazy Branch Probability Analysis
   0.0000 (  0.0%)   0.0000 (  0.0%)   0.0000 (  0.0%)   0.0000 (  0.0%)  Memory Dependence Analysis
   0.0000 (  0.0%)   0.0000 (  0.0%)   0.0000 (  0.0%)   0.0000 (  0.0%)  Memory Dependence Analysis
   0.0000 (  0.0%)   0.0000 (  0.0%)   0.0000 (  0.0%)   0.0000 (  0.0%)  Lazy Branch Probability Analysis
   0.0000 (  0.0%)   0.0000 (  0.0%)   0.0000 (  0.0%)   0.0000 (  0.0%)  Basic Alias Analysis (stateless AA impl)
   0.0000 (  0.0%)   0.0000 (  0.0%)   0.0000 (  0.0%)   0.0000 (  0.0%)  Memory Dependence Analysis
   0.0000 (  0.0%)   0.0000 (  0.0%)   0.0000 (  0.0%)   0.0000 (  0.0%)  Memory Dependence Analysis
   0.0000 (  0.0%)   0.0000 (  0.0%)   0.0000 (  0.0%)   0.0000 (  0.0%)  Vectorize the SPMD regions
   0.0000 (  0.0%)   0.0000 (  0.0%)   0.0000 (  0.0%)   0.0000 (  0.0%)  Remove unreachable basic blocks under switch
   0.0000 (  0.0%)   0.0000 (  0.0%)   0.0000 (  0.0%)   0.0000 (  0.0%)  Lazy Value Information Analysis
   0.0000 (  0.0%)   0.0000 (  0.0%)   0.0000 (  0.0%)   0.0000 (  0.0%)  Memory Dependence Analysis
   0.0000 (  0.0%)   0.0000 (  0.0%)   0.0000 (  0.0%)   0.0000 (  0.0%)  Build Synchronization Regions in SPMD program
   0.0000 (  0.0%)   0.0000 (  0.0%)   0.0000 (  0.0%)   0.0000 (  0.0%)  Basic Alias Analysis (stateless AA impl)
   0.0000 (  0.0%)   0.0000 (  0.0%)   0.0000 (  0.0%)   0.0000 (  0.0%)  Predicate analysis under a loop context
   0.0000 (  0.0%)   0.0000 (  0.0%)   0.0000 (  0.0%)   0.0000 (  0.0%)  Basic Alias Analysis (stateless AA impl)
   0.0000 (  0.0%)   0.0000 (  0.0%)   0.0000 (  0.0%)   0.0000 (  0.0%)  Memory Dependence Analysis
   0.0000 (  0.0%)   0.0000 (  0.0%)   0.0000 (  0.0%)   0.0000 (  0.0%)  Lazy Branch Probability Analysis
   0.0000 (  0.0%)   0.0000 (  0.0%)   0.0000 (  0.0%)   0.0000 (  0.0%)  Lazy Value Information Analysis
   0.0000 (  0.0%)   0.0000 (  0.0%)   0.0000 (  0.0%)   0.0000 (  0.0%)  Basic Alias Analysis (stateless AA impl)
   0.0000 (  0.0%)   0.0000 (  0.0%)   0.0000 (  0.0%)   0.0000 (  0.0%)  Promote Memory to Register
   0.0000 (  0.0%)   0.0000 (  0.0%)   0.0000 (  0.0%)   0.0000 (  0.0%)  Memory Dependence Analysis
   0.0000 (  0.0%)   0.0000 (  0.0%)   0.0000 (  0.0%)   0.0000 (  0.0%)  Optimization Remark Emitter
   0.0000 (  0.0%)   0.0000 (  0.0%)   0.0000 (  0.0%)   0.0000 (  0.0%)  Basic Alias Analysis (stateless AA impl)
   0.0000 (  0.0%)   0.0000 (  0.0%)   0.0000 (  0.0%)   0.0000 (  0.0%)  Lazy Value Information Analysis
   0.0000 (  0.0%)   0.0000 (  0.0%)   0.0000 (  0.0%)   0.0000 (  0.0%)  Memory Dependence Analysis
   0.0000 (  0.0%)   0.0000 (  0.0%)   0.0000 (  0.0%)   0.0000 (  0.0%)  Scalar Evolution Canonicalization
   0.0000 (  0.0%)   0.0000 (  0.0%)   0.0000 (  0.0%)   0.0000 (  0.0%)  Lazy Branch Probability Analysis
   0.0000 (  0.0%)   0.0000 (  0.0%)   0.0000 (  0.0%)   0.0000 (  0.0%)  Memory Dependence Analysis
   0.0000 (  0.0%)   0.0000 (  0.0%)   0.0000 (  0.0%)   0.0000 (  0.0%)  Memory Dependence Analysis
   0.0000 (  0.0%)   0.0000 (  0.0%)   0.0000 (  0.0%)   0.0000 (  0.0%)  Lazy Branch Probability Analysis
   0.0000 (  0.0%)   0.0000 (  0.0%)   0.0000 (  0.0%)   0.0000 (  0.0%)  Memory Dependence Analysis
   0.0000 (  0.0%)   0.0000 (  0.0%)   0.0000 (  0.0%)   0.0000 (  0.0%)  Lazy Branch Probability Analysis
   0.0000 (  0.0%)   0.0000 (  0.0%)   0.0000 (  0.0%)   0.0000 (  0.0%)  Basic Alias Analysis (stateless AA impl)
   0.0000 (  0.0%)   0.0000 (  0.0%)   0.0000 (  0.0%)   0.0000 (  0.0%)  Remove unreachable basic blocks under switch
   0.0000 (  0.0%)   0.0000 (  0.0%)   0.0000 (  0.0%)   0.0000 (  0.0%)  Basic Alias Analysis (stateless AA impl)
   0.0000 (  0.0%)   0.0000 (  0.0%)   0.0000 (  0.0%)   0.0000 (  0.0%)  Scalar Evolution Canonicalization
   0.0000 (  0.0%)   0.0000 (  0.0%)   0.0000 (  0.0%)   0.0000 (  0.0%)  SPIRUpdateIntrRange - Update SPIR Intrinsics Metadata
   0.0000 (  0.0%)   0.0000 (  0.0%)   0.0000 (  0.0%)   0.0000 (  0.0%)  Memory Dependence Analysis
   0.0000 (  0.0%)   0.0000 (  0.0%)   0.0000 (  0.0%)   0.0000 (  0.0%)  Memory Dependence Analysis
   0.0000 (  0.0%)   0.0000 (  0.0%)   0.0000 (  0.0%)   0.0000 (  0.0%)  Memory Dependence Analysis
   0.0000 (  0.0%)   0.0000 (  0.0%)   0.0000 (  0.0%)   0.0000 (  0.0%)  Memory Dependence Analysis
   0.0000 (  0.0%)   0.0000 (  0.0%)   0.0000 (  0.0%)   0.0000 (  0.0%)  Basic Alias Analysis (stateless AA impl)
   0.0000 (  0.0%)   0.0000 (  0.0%)   0.0000 (  0.0%)   0.0000 (  0.0%)  Scalar Evolution Canonicalization
   0.0000 (  0.0%)   0.0000 (  0.0%)   0.0000 (  0.0%)   0.0000 (  0.0%)  Promote Memory to Register
   0.0000 (  0.0%)   0.0000 (  0.0%)   0.0000 (  0.0%)   0.0000 (  0.0%)  Scalar Evolution Canonicalization
   0.0000 (  0.0%)   0.0000 (  0.0%)   0.0000 (  0.0%)   0.0000 (  0.0%)  Achieval II estimation - estimate acheival II lower bound according to constraint
   0.0000 (  0.0%)   0.0000 (  0.0%)   0.0000 (  0.0%)   0.0000 (  0.0%)  Memory Dependence Analysis
   0.0000 (  0.0%)   0.0000 (  0.0%)   0.0000 (  0.0%)   0.0000 (  0.0%)  Lazy Branch Probability Analysis
   0.0000 (  0.0%)   0.0000 (  0.0%)   0.0000 (  0.0%)   0.0000 (  0.0%)  ScalarEvolution-based Alias Analysis
   0.0000 (  0.0%)   0.0000 (  0.0%)   0.0000 (  0.0%)   0.0000 (  0.0%)  Lazy Value Information Analysis
   0.0000 (  0.0%)   0.0000 (  0.0%)   0.0000 (  0.0%)   0.0000 (  0.0%)  Lazy Value Information Analysis
   0.0000 (  0.0%)   0.0000 (  0.0%)   0.0000 (  0.0%)   0.0000 (  0.0%)  Memory Dependence Analysis
   0.0000 (  0.0%)   0.0000 (  0.0%)   0.0000 (  0.0%)   0.0000 (  0.0%)  Function duplication
   0.0000 (  0.0%)   0.0000 (  0.0%)   0.0000 (  0.0%)   0.0000 (  0.0%)  Scalar Evolution Analysis
   0.0000 (  0.0%)   0.0000 (  0.0%)   0.0000 (  0.0%)   0.0000 (  0.0%)  Basic Alias Analysis (stateless AA impl)
   0.0000 (  0.0%)   0.0000 (  0.0%)   0.0000 (  0.0%)   0.0000 (  0.0%)  Lazy Value Information Analysis
   0.0000 (  0.0%)   0.0000 (  0.0%)   0.0000 (  0.0%)   0.0000 (  0.0%)  Basic Alias Analysis (stateless AA impl)
   0.0000 (  0.0%)   0.0000 (  0.0%)   0.0000 (  0.0%)   0.0000 (  0.0%)  Memory Dependence Analysis
   0.0000 (  0.0%)   0.0000 (  0.0%)   0.0000 (  0.0%)   0.0000 (  0.0%)  Basic Alias Analysis (stateless AA impl)
   0.0000 (  0.0%)   0.0000 (  0.0%)   0.0000 (  0.0%)   0.0000 (  0.0%)  Scalar Evolution Analysis
   0.0000 (  0.0%)   0.0000 (  0.0%)   0.0000 (  0.0%)   0.0000 (  0.0%)  Memory Dependence Analysis
   0.0000 (  0.0%)   0.0000 (  0.0%)   0.0000 (  0.0%)   0.0000 (  0.0%)  Basic Alias Analysis (stateless AA impl)
   0.0000 (  0.0%)   0.0000 (  0.0%)   0.0000 (  0.0%)   0.0000 (  0.0%)  Remove unreachable basic blocks under switch
   0.0000 (  0.0%)   0.0000 (  0.0%)   0.0000 (  0.0%)   0.0000 (  0.0%)  Memory Dependence Analysis
   0.0000 (  0.0%)   0.0000 (  0.0%)   0.0000 (  0.0%)   0.0000 (  0.0%)  Basic Alias Analysis (stateless AA impl)
   0.0000 (  0.0%)   0.0000 (  0.0%)   0.0000 (  0.0%)   0.0000 (  0.0%)  Memory Dependence Analysis
   0.0000 (  0.0%)   0.0000 (  0.0%)   0.0000 (  0.0%)   0.0000 (  0.0%)  Dependence Analysis
   0.0000 (  0.0%)   0.0000 (  0.0%)   0.0000 (  0.0%)   0.0000 (  0.0%)  Scalar Evolution Canonicalization
   0.0000 (  0.0%)   0.0000 (  0.0%)   0.0000 (  0.0%)   0.0000 (  0.0%)  Scalar Evolution Analysis
   0.0000 (  0.0%)   0.0000 (  0.0%)   0.0000 (  0.0%)   0.0000 (  0.0%)  Optimization Remark Emitter
   0.0000 (  0.0%)   0.0000 (  0.0%)   0.0000 (  0.0%)   0.0000 (  0.0%)  Basic Alias Analysis (stateless AA impl)
   0.0000 (  0.0%)   0.0000 (  0.0%)   0.0000 (  0.0%)   0.0000 (  0.0%)  Lazy Branch Probability Analysis
   0.0000 (  0.0%)   0.0000 (  0.0%)   0.0000 (  0.0%)   0.0000 (  0.0%)  Scalar Evolution Canonicalization
   0.0000 (  0.0%)   0.0000 (  0.0%)   0.0000 (  0.0%)   0.0000 (  0.0%)  Lazy Branch Probability Analysis
   0.0000 (  0.0%)   0.0000 (  0.0%)   0.0000 (  0.0%)   0.0000 (  0.0%)  Lazy Value Information Analysis
   0.0000 (  0.0%)   0.0000 (  0.0%)   0.0000 (  0.0%)   0.0000 (  0.0%)  Predicate SPIR Kernels
   0.0000 (  0.0%)   0.0000 (  0.0%)   0.0000 (  0.0%)   0.0000 (  0.0%)  Basic Alias Analysis (stateless AA impl)
   0.0000 (  0.0%)   0.0000 (  0.0%)   0.0000 (  0.0%)   0.0000 (  0.0%)  Scalar Evolution Canonicalization
   0.0000 (  0.0%)   0.0000 (  0.0%)   0.0000 (  0.0%)   0.0000 (  0.0%)  Memory Dependence Analysis
   0.0000 (  0.0%)   0.0000 (  0.0%)   0.0000 (  0.0%)   0.0000 (  0.0%)  Lazy Branch Probability Analysis
   0.0000 (  0.0%)   0.0000 (  0.0%)   0.0000 (  0.0%)   0.0000 (  0.0%)  Remove unreachable basic blocks under switch
   0.0000 (  0.0%)   0.0000 (  0.0%)   0.0000 (  0.0%)   0.0000 (  0.0%)  Memory Dependence Analysis
   0.0000 (  0.0%)   0.0000 (  0.0%)   0.0000 (  0.0%)   0.0000 (  0.0%)  Optimization Remark Emitter
   0.0000 (  0.0%)   0.0000 (  0.0%)   0.0000 (  0.0%)   0.0000 (  0.0%)  Scalar Evolution Canonicalization
   0.0000 (  0.0%)   0.0000 (  0.0%)   0.0000 (  0.0%)   0.0000 (  0.0%)  Lazy Branch Probability Analysis
   0.0000 (  0.0%)   0.0000 (  0.0%)   0.0000 (  0.0%)   0.0000 (  0.0%)  Memory Dependence Analysis
   0.0000 (  0.0%)   0.0000 (  0.0%)   0.0000 (  0.0%)   0.0000 (  0.0%)  Outline pipeline stages
   0.0000 (  0.0%)   0.0000 (  0.0%)   0.0000 (  0.0%)   0.0000 (  0.0%)  Basic Alias Analysis (stateless AA impl)
   0.0000 (  0.0%)   0.0000 (  0.0%)   0.0000 (  0.0%)   0.0000 (  0.0%)  Lazy Value Information Analysis
   0.0000 (  0.0%)   0.0000 (  0.0%)   0.0000 (  0.0%)   0.0000 (  0.0%)  Basic Alias Analysis (stateless AA impl)
   0.0000 (  0.0%)   0.0000 (  0.0%)   0.0000 (  0.0%)   0.0000 (  0.0%)  Lazy Branch Probability Analysis
   0.0000 (  0.0%)   0.0000 (  0.0%)   0.0000 (  0.0%)   0.0000 (  0.0%)  Basic Alias Analysis (stateless AA impl)
   0.0000 (  0.0%)   0.0000 (  0.0%)   0.0000 (  0.0%)   0.0000 (  0.0%)  Lazy Branch Probability Analysis
   0.0000 (  0.0%)   0.0000 (  0.0%)   0.0000 (  0.0%)   0.0000 (  0.0%)  Lazy Block Frequency Analysis
   0.0000 (  0.0%)   0.0000 (  0.0%)   0.0000 (  0.0%)   0.0000 (  0.0%)  Lazy Branch Probability Analysis
   0.0000 (  0.0%)   0.0000 (  0.0%)   0.0000 (  0.0%)   0.0000 (  0.0%)  Basic Alias Analysis (stateless AA impl)
   0.0000 (  0.0%)   0.0000 (  0.0%)   0.0000 (  0.0%)   0.0000 (  0.0%)  Memory Dependence Analysis
   0.0000 (  0.0%)   0.0000 (  0.0%)   0.0000 (  0.0%)   0.0000 (  0.0%)  Scalar Evolution Analysis
   0.0000 (  0.0%)   0.0000 (  0.0%)   0.0000 (  0.0%)   0.0000 (  0.0%)  Basic Alias Analysis (stateless AA impl)
   0.0000 (  0.0%)   0.0000 (  0.0%)   0.0000 (  0.0%)   0.0000 (  0.0%)  Lazy Value Information Analysis
   0.0000 (  0.0%)   0.0000 (  0.0%)   0.0000 (  0.0%)   0.0000 (  0.0%)  Lazy Value Information Analysis
   0.0000 (  0.0%)   0.0000 (  0.0%)   0.0000 (  0.0%)   0.0000 (  0.0%)  Lazy Branch Probability Analysis
   0.0000 (  0.0%)   0.0000 (  0.0%)   0.0000 (  0.0%)   0.0000 (  0.0%)  Lazy Value Information Analysis
   0.0000 (  0.0%)   0.0000 (  0.0%)   0.0000 (  0.0%)   0.0000 (  0.0%)  Memory Dependence Analysis
   0.0000 (  0.0%)   0.0000 (  0.0%)   0.0000 (  0.0%)   0.0000 (  0.0%)  Optimization Remark Emitter
   0.0000 (  0.0%)   0.0000 (  0.0%)   0.0000 (  0.0%)   0.0000 (  0.0%)  Lazy Branch Probability Analysis
   0.0000 (  0.0%)   0.0000 (  0.0%)   0.0000 (  0.0%)   0.0000 (  0.0%)  Dependence Analysis
   0.0000 (  0.0%)   0.0000 (  0.0%)   0.0000 (  0.0%)   0.0000 (  0.0%)  CallGraph Construction
   0.0000 (  0.0%)   0.0000 (  0.0%)   0.0000 (  0.0%)   0.0000 (  0.0%)  Memory Dependence Analysis
   0.0000 (  0.0%)   0.0000 (  0.0%)   0.0000 (  0.0%)   0.0000 (  0.0%)  Memory Dependence Analysis
   0.0000 (  0.0%)   0.0000 (  0.0%)   0.0000 (  0.0%)   0.0000 (  0.0%)  Basic Alias Analysis (stateless AA impl)
   0.0000 (  0.0%)   0.0000 (  0.0%)   0.0000 (  0.0%)   0.0000 (  0.0%)  Remove unreachable basic blocks under switch
   0.0000 (  0.0%)   0.0000 (  0.0%)   0.0000 (  0.0%)   0.0000 (  0.0%)  Memory Dependence Analysis
   0.0000 (  0.0%)   0.0000 (  0.0%)   0.0000 (  0.0%)   0.0000 (  0.0%)  Lazy Block Frequency Analysis
   0.0000 (  0.0%)   0.0000 (  0.0%)   0.0000 (  0.0%)   0.0000 (  0.0%)  Basic Alias Analysis (stateless AA impl)
   0.0000 (  0.0%)   0.0000 (  0.0%)   0.0000 (  0.0%)   0.0000 (  0.0%)  Basic Alias Analysis (stateless AA impl)
   0.0000 (  0.0%)   0.0000 (  0.0%)   0.0000 (  0.0%)   0.0000 (  0.0%)  Lazy Branch Probability Analysis
   0.0000 (  0.0%)   0.0000 (  0.0%)   0.0000 (  0.0%)   0.0000 (  0.0%)  Optimization Remark Emitter
   0.0000 (  0.0%)   0.0000 (  0.0%)   0.0000 (  0.0%)   0.0000 (  0.0%)  Memory Dependence Analysis
   0.0000 (  0.0%)   0.0000 (  0.0%)   0.0000 (  0.0%)   0.0000 (  0.0%)  Memory Dependence Analysis
   0.0000 (  0.0%)   0.0000 (  0.0%)   0.0000 (  0.0%)   0.0000 (  0.0%)  Lazy Branch Probability Analysis
   0.0000 (  0.0%)   0.0000 (  0.0%)   0.0000 (  0.0%)   0.0000 (  0.0%)  Optimization Remark Emitter
   0.0000 (  0.0%)   0.0000 (  0.0%)   0.0000 (  0.0%)   0.0000 (  0.0%)  Lazy Block Frequency Analysis
   0.0000 (  0.0%)   0.0000 (  0.0%)   0.0000 (  0.0%)   0.0000 (  0.0%)  Optimization Remark Emitter
   0.0000 (  0.0%)   0.0000 (  0.0%)   0.0000 (  0.0%)   0.0000 (  0.0%)  Lazy Value Information Analysis
   0.0000 (  0.0%)   0.0000 (  0.0%)   0.0000 (  0.0%)   0.0000 (  0.0%)  Basic Alias Analysis (stateless AA impl)
   0.0000 (  0.0%)   0.0000 (  0.0%)   0.0000 (  0.0%)   0.0000 (  0.0%)  Memory Dependence Analysis
   0.0000 (  0.0%)   0.0000 (  0.0%)   0.0000 (  0.0%)   0.0000 (  0.0%)  Basic Alias Analysis (stateless AA impl)
   0.0000 (  0.0%)   0.0000 (  0.0%)   0.0000 (  0.0%)   0.0000 (  0.0%)  ScalarEvolution-based Alias Analysis
   0.0000 (  0.0%)   0.0000 (  0.0%)   0.0000 (  0.0%)   0.0000 (  0.0%)  ScalarEvolution-based Alias Analysis
   0.0000 (  0.0%)   0.0000 (  0.0%)   0.0000 (  0.0%)   0.0000 (  0.0%)  Lazy Branch Probability Analysis
   0.0000 (  0.0%)   0.0000 (  0.0%)   0.0000 (  0.0%)   0.0000 (  0.0%)  Lazy Branch Probability Analysis
   0.0000 (  0.0%)   0.0000 (  0.0%)   0.0000 (  0.0%)   0.0000 (  0.0%)  Memory Dependence Analysis
   0.0000 (  0.0%)   0.0000 (  0.0%)   0.0000 (  0.0%)   0.0000 (  0.0%)  Memory Dependence Analysis
   0.0000 (  0.0%)   0.0000 (  0.0%)   0.0000 (  0.0%)   0.0000 (  0.0%)  Lazy Branch Probability Analysis
   0.0000 (  0.0%)   0.0000 (  0.0%)   0.0000 (  0.0%)   0.0000 (  0.0%)  Lazy Branch Probability Analysis
   0.0000 (  0.0%)   0.0000 (  0.0%)   0.0000 (  0.0%)   0.0000 (  0.0%)  Basic Alias Analysis (stateless AA impl)
   0.0000 (  0.0%)   0.0000 (  0.0%)   0.0000 (  0.0%)   0.0000 (  0.0%)  Memory Dependence Analysis
   0.0000 (  0.0%)   0.0000 (  0.0%)   0.0000 (  0.0%)   0.0000 (  0.0%)  Lazy Branch Probability Analysis
   0.0000 (  0.0%)   0.0000 (  0.0%)   0.0000 (  0.0%)   0.0000 (  0.0%)  Lazy Block Frequency Analysis
   0.0000 (  0.0%)   0.0000 (  0.0%)   0.0000 (  0.0%)   0.0000 (  0.0%)  Basic Alias Analysis (stateless AA impl)
   0.0000 (  0.0%)   0.0000 (  0.0%)   0.0000 (  0.0%)   0.0000 (  0.0%)  CallGraph Construction
   0.0000 (  0.0%)   0.0000 (  0.0%)   0.0000 (  0.0%)   0.0000 (  0.0%)  Memory Dependence Analysis
   0.0000 (  0.0%)   0.0000 (  0.0%)   0.0000 (  0.0%)   0.0000 (  0.0%)  Memory Dependence Analysis
   0.0000 (  0.0%)   0.0000 (  0.0%)   0.0000 (  0.0%)   0.0000 (  0.0%)  Lazy Branch Probability Analysis
   0.0000 (  0.0%)   0.0000 (  0.0%)   0.0000 (  0.0%)   0.0000 (  0.0%)  Memory Dependence Analysis
   0.0000 (  0.0%)   0.0000 (  0.0%)   0.0000 (  0.0%)   0.0000 (  0.0%)  Memory Dependence Analysis
   0.0000 (  0.0%)   0.0000 (  0.0%)   0.0000 (  0.0%)   0.0000 (  0.0%)  Lazy Value Information Analysis
   0.0000 (  0.0%)   0.0000 (  0.0%)   0.0000 (  0.0%)   0.0000 (  0.0%)  Memory Dependence Analysis
   0.0000 (  0.0%)   0.0000 (  0.0%)   0.0000 (  0.0%)   0.0000 (  0.0%)  Lazy Branch Probability Analysis
   0.0000 (  0.0%)   0.0000 (  0.0%)   0.0000 (  0.0%)   0.0000 (  0.0%)  Lazy Branch Probability Analysis
   0.0000 (  0.0%)   0.0000 (  0.0%)   0.0000 (  0.0%)   0.0000 (  0.0%)  ScalarEvolution-based Alias Analysis
   0.0000 (  0.0%)   0.0000 (  0.0%)   0.0000 (  0.0%)   0.0000 (  0.0%)  Basic Alias Analysis (stateless AA impl)
   0.0000 (  0.0%)   0.0000 (  0.0%)   0.0000 (  0.0%)   0.0000 (  0.0%)  Performance Evaluation
   0.0000 (  0.0%)   0.0000 (  0.0%)   0.0000 (  0.0%)   0.0000 (  0.0%)  LCSSA Verifier
   0.0000 (  0.0%)   0.0000 (  0.0%)   0.0000 (  0.0%)   0.0000 (  0.0%)  Optimization Remark Emitter
   0.0000 (  0.0%)   0.0000 (  0.0%)   0.0000 (  0.0%)   0.0000 (  0.0%)  Optimization Remark Emitter
   0.0000 (  0.0%)   0.0000 (  0.0%)   0.0000 (  0.0%)   0.0000 (  0.0%)  Scalar Evolution Analysis
   0.0000 (  0.0%)   0.0000 (  0.0%)   0.0000 (  0.0%)   0.0000 (  0.0%)  Shrink Synchronization Regions in SPMD program to reduce CFG complexity
   0.0000 (  0.0%)   0.0000 (  0.0%)   0.0000 (  0.0%)   0.0000 (  0.0%)  Memory Dependence Analysis
   0.0000 (  0.0%)   0.0000 (  0.0%)   0.0000 (  0.0%)   0.0000 (  0.0%)  Optimization Remark Emitter
   0.0000 (  0.0%)   0.0000 (  0.0%)   0.0000 (  0.0%)   0.0000 (  0.0%)  Memory Dependence Analysis
   0.0000 (  0.0%)   0.0000 (  0.0%)   0.0000 (  0.0%)   0.0000 (  0.0%)  Optimization Remark Emitter
   0.0000 (  0.0%)   0.0000 (  0.0%)   0.0000 (  0.0%)   0.0000 (  0.0%)  ScalarEvolution-based Alias Analysis
   0.0000 (  0.0%)   0.0000 (  0.0%)   0.0000 (  0.0%)   0.0000 (  0.0%)  Memory Dependence Analysis
   0.0000 (  0.0%)   0.0000 (  0.0%)   0.0000 (  0.0%)   0.0000 (  0.0%)  Memory Dependence Analysis
   0.0000 (  0.0%)   0.0000 (  0.0%)   0.0000 (  0.0%)   0.0000 (  0.0%)  Basic Alias Analysis (stateless AA impl)
   0.0000 (  0.0%)   0.0000 (  0.0%)   0.0000 (  0.0%)   0.0000 (  0.0%)  Memory Dependence Analysis
   0.0000 (  0.0%)   0.0000 (  0.0%)   0.0000 (  0.0%)   0.0000 (  0.0%)  Basic Alias Analysis (stateless AA impl)
   0.0000 (  0.0%)   0.0000 (  0.0%)   0.0000 (  0.0%)   0.0000 (  0.0%)  Optimization Remark Emitter
   0.0000 (  0.0%)   0.0000 (  0.0%)   0.0000 (  0.0%)   0.0000 (  0.0%)  Basic Alias Analysis (stateless AA impl)
   0.0000 (  0.0%)   0.0000 (  0.0%)   0.0000 (  0.0%)   0.0000 (  0.0%)  Lazy Branch Probability Analysis
   0.0000 (  0.0%)   0.0000 (  0.0%)   0.0000 (  0.0%)   0.0000 (  0.0%)  Lazy Value Information Analysis
   0.0000 (  0.0%)   0.0000 (  0.0%)   0.0000 (  0.0%)   0.0000 (  0.0%)  Lazy Branch Probability Analysis
   0.0000 (  0.0%)   0.0000 (  0.0%)   0.0000 (  0.0%)   0.0000 (  0.0%)  Expand private memory for each workitem in SPMD program
   0.0000 (  0.0%)   0.0000 (  0.0%)   0.0000 (  0.0%)   0.0000 (  0.0%)  Memory Dependence Analysis
   0.0000 (  0.0%)   0.0000 (  0.0%)   0.0000 (  0.0%)   0.0000 (  0.0%)  Scalar Evolution Analysis
   0.0000 (  0.0%)   0.0000 (  0.0%)   0.0000 (  0.0%)   0.0000 (  0.0%)  Lazy Branch Probability Analysis
   0.0000 (  0.0%)   0.0000 (  0.0%)   0.0000 (  0.0%)   0.0000 (  0.0%)  Scalar Evolution Canonicalization
   0.0000 (  0.0%)   0.0000 (  0.0%)   0.0000 (  0.0%)   0.0000 (  0.0%)  Lazy Value Information Analysis
   0.0000 (  0.0%)   0.0000 (  0.0%)   0.0000 (  0.0%)   0.0000 (  0.0%)  Analyze occurrence information
   0.0000 (  0.0%)   0.0000 (  0.0%)   0.0000 (  0.0%)   0.0000 (  0.0%)  Lazy Branch Probability Analysis
   0.0000 (  0.0%)   0.0000 (  0.0%)   0.0000 (  0.0%)   0.0000 (  0.0%)  Lazy Branch Probability Analysis
   0.0000 (  0.0%)   0.0000 (  0.0%)   0.0000 (  0.0%)   0.0000 (  0.0%)  ScalarEvolution-based Alias Analysis
   0.0000 (  0.0%)   0.0000 (  0.0%)   0.0000 (  0.0%)   0.0000 (  0.0%)  Promote Memory to Register
   0.0000 (  0.0%)   0.0000 (  0.0%)   0.0000 (  0.0%)   0.0000 (  0.0%)  Lazy Branch Probability Analysis
   0.0000 (  0.0%)   0.0000 (  0.0%)   0.0000 (  0.0%)   0.0000 (  0.0%)  ScalarEvolution-based Alias Analysis
   0.0000 (  0.0%)   0.0000 (  0.0%)   0.0000 (  0.0%)   0.0000 (  0.0%)  ScalarEvolution-based Alias Analysis
   0.0000 (  0.0%)   0.0000 (  0.0%)   0.0000 (  0.0%)   0.0000 (  0.0%)  Optimization Remark Emitter
   0.0000 (  0.0%)   0.0000 (  0.0%)   0.0000 (  0.0%)   0.0000 (  0.0%)  LCSSA Verifier
   0.0000 (  0.0%)   0.0000 (  0.0%)   0.0000 (  0.0%)   0.0000 (  0.0%)  Basic Alias Analysis (stateless AA impl)
   0.0000 (  0.0%)   0.0000 (  0.0%)   0.0000 (  0.0%)   0.0000 (  0.0%)  Scalar Evolution Analysis
   0.0000 (  0.0%)   0.0000 (  0.0%)   0.0000 (  0.0%)   0.0000 (  0.0%)  Lazy Branch Probability Analysis
   0.0000 (  0.0%)   0.0000 (  0.0%)   0.0000 (  0.0%)   0.0000 (  0.0%)  Scalar Evolution Analysis
   0.0000 (  0.0%)   0.0000 (  0.0%)   0.0000 (  0.0%)   0.0000 (  0.0%)  Memory Dependence Analysis
   0.0000 (  0.0%)   0.0000 (  0.0%)   0.0000 (  0.0%)   0.0000 (  0.0%)  Basic Alias Analysis (stateless AA impl)
   0.0000 (  0.0%)   0.0000 (  0.0%)   0.0000 (  0.0%)   0.0000 (  0.0%)  Memory Dependence Analysis
   0.0000 (  0.0%)   0.0000 (  0.0%)   0.0000 (  0.0%)   0.0000 (  0.0%)  Basic Alias Analysis (stateless AA impl)
   0.0000 (  0.0%)   0.0000 (  0.0%)   0.0000 (  0.0%)   0.0000 (  0.0%)  Scalar Evolution Analysis
   0.0000 (  0.0%)   0.0000 (  0.0%)   0.0000 (  0.0%)   0.0000 (  0.0%)  Memory Dependence Analysis
   0.0000 (  0.0%)   0.0000 (  0.0%)   0.0000 (  0.0%)   0.0000 (  0.0%)  Lazy Branch Probability Analysis
   0.0000 (  0.0%)   0.0000 (  0.0%)   0.0000 (  0.0%)   0.0000 (  0.0%)  Memory Dependence Analysis
   0.0000 (  0.0%)   0.0000 (  0.0%)   0.0000 (  0.0%)   0.0000 (  0.0%)  Optimization Remark Emitter
   0.0000 (  0.0%)   0.0000 (  0.0%)   0.0000 (  0.0%)   0.0000 (  0.0%)  Optimization Remark Emitter
   0.0000 (  0.0%)   0.0000 (  0.0%)   0.0000 (  0.0%)   0.0000 (  0.0%)  Lazy Block Frequency Analysis
   0.0000 (  0.0%)   0.0000 (  0.0%)   0.0000 (  0.0%)   0.0000 (  0.0%)  Optimization Remark Emitter
   0.0000 (  0.0%)   0.0000 (  0.0%)   0.0000 (  0.0%)   0.0000 (  0.0%)  Basic Alias Analysis (stateless AA impl)
   0.0000 (  0.0%)   0.0000 (  0.0%)   0.0000 (  0.0%)   0.0000 (  0.0%)  Basic Alias Analysis (stateless AA impl)
   0.0000 (  0.0%)   0.0000 (  0.0%)   0.0000 (  0.0%)   0.0000 (  0.0%)  Lazy Block Frequency Analysis
   0.0000 (  0.0%)   0.0000 (  0.0%)   0.0000 (  0.0%)   0.0000 (  0.0%)  Optimization Remark Emitter
   0.0000 (  0.0%)   0.0000 (  0.0%)   0.0000 (  0.0%)   0.0000 (  0.0%)  Eliminate dead stores globally
   0.0000 (  0.0%)   0.0000 (  0.0%)   0.0000 (  0.0%)   0.0000 (  0.0%)  Lazy Branch Probability Analysis
   0.0000 (  0.0%)   0.0000 (  0.0%)   0.0000 (  0.0%)   0.0000 (  0.0%)  Memory Dependence Analysis
   0.0000 (  0.0%)   0.0000 (  0.0%)   0.0000 (  0.0%)   0.0000 (  0.0%)  ScalarEvolution-based Alias Analysis
   0.0000 (  0.0%)   0.0000 (  0.0%)   0.0000 (  0.0%)   0.0000 (  0.0%)  Basic Alias Analysis (stateless AA impl)
   0.0000 (  0.0%)   0.0000 (  0.0%)   0.0000 (  0.0%)   0.0000 (  0.0%)  Memory Dependence Analysis
   0.0000 (  0.0%)   0.0000 (  0.0%)   0.0000 (  0.0%)   0.0000 (  0.0%)  Basic Alias Analysis (stateless AA impl)
   0.0000 (  0.0%)   0.0000 (  0.0%)   0.0000 (  0.0%)   0.0000 (  0.0%)  Function Alias Analysis Results
   0.0000 (  0.0%)   0.0000 (  0.0%)   0.0000 (  0.0%)   0.0000 (  0.0%)  Optimization Remark Emitter
   0.0000 (  0.0%)   0.0000 (  0.0%)   0.0000 (  0.0%)   0.0000 (  0.0%)  Basic Alias Analysis (stateless AA impl)
   0.0000 (  0.0%)   0.0000 (  0.0%)   0.0000 (  0.0%)   0.0000 (  0.0%)  Memory Dependence Analysis
   0.0000 (  0.0%)   0.0000 (  0.0%)   0.0000 (  0.0%)   0.0000 (  0.0%)  ScalarEvolution-based Alias Analysis
   0.0000 (  0.0%)   0.0000 (  0.0%)   0.0000 (  0.0%)   0.0000 (  0.0%)  Lazy Branch Probability Analysis
   0.0000 (  0.0%)   0.0000 (  0.0%)   0.0000 (  0.0%)   0.0000 (  0.0%)  Optimization Remark Emitter
   0.0000 (  0.0%)   0.0000 (  0.0%)   0.0000 (  0.0%)   0.0000 (  0.0%)  InferXCLAttrImplications - Infer XCL attribute implications
   0.0000 (  0.0%)   0.0000 (  0.0%)   0.0000 (  0.0%)   0.0000 (  0.0%)  Lazy Branch Probability Analysis
   0.0000 (  0.0%)   0.0000 (  0.0%)   0.0000 (  0.0%)   0.0000 (  0.0%)  Memory Dependence Analysis
   0.0000 (  0.0%)   0.0000 (  0.0%)   0.0000 (  0.0%)   0.0000 (  0.0%)  Basic Alias Analysis (stateless AA impl)
   0.0000 (  0.0%)   0.0000 (  0.0%)   0.0000 (  0.0%)   0.0000 (  0.0%)  Lazy Branch Probability Analysis
   0.0000 (  0.0%)   0.0000 (  0.0%)   0.0000 (  0.0%)   0.0000 (  0.0%)  Lazy Branch Probability Analysis
   0.0000 (  0.0%)   0.0000 (  0.0%)   0.0000 (  0.0%)   0.0000 (  0.0%)  Basic Alias Analysis (stateless AA impl)
   0.0000 (  0.0%)   0.0000 (  0.0%)   0.0000 (  0.0%)   0.0000 (  0.0%)  Lazy Branch Probability Analysis
   0.0000 (  0.0%)   0.0000 (  0.0%)   0.0000 (  0.0%)   0.0000 (  0.0%)  Lazy Branch Probability Analysis
   0.0000 (  0.0%)   0.0000 (  0.0%)   0.0000 (  0.0%)   0.0000 (  0.0%)  Lazy Branch Probability Analysis
   0.0000 (  0.0%)   0.0000 (  0.0%)   0.0000 (  0.0%)   0.0000 (  0.0%)  Memory Dependence Analysis
   0.0000 (  0.0%)   0.0000 (  0.0%)   0.0000 (  0.0%)   0.0000 (  0.0%)  Basic Alias Analysis (stateless AA impl)
   0.0000 (  0.0%)   0.0000 (  0.0%)   0.0000 (  0.0%)   0.0000 (  0.0%)  Memory Dependence Analysis
   0.0000 (  0.0%)   0.0000 (  0.0%)   0.0000 (  0.0%)   0.0000 (  0.0%)  Lazy Branch Probability Analysis
   0.0000 (  0.0%)   0.0000 (  0.0%)   0.0000 (  0.0%)   0.0000 (  0.0%)  Optimization Remark Emitter
   0.0000 (  0.0%)   0.0000 (  0.0%)   0.0000 (  0.0%)   0.0000 (  0.0%)  Lazy Branch Probability Analysis
   0.0000 (  0.0%)   0.0000 (  0.0%)   0.0000 (  0.0%)   0.0000 (  0.0%)  Lazy Branch Probability Analysis
   0.0000 (  0.0%)   0.0000 (  0.0%)   0.0000 (  0.0%)   0.0000 (  0.0%)  Optimization Remark Emitter
   0.0000 (  0.0%)   0.0000 (  0.0%)   0.0000 (  0.0%)   0.0000 (  0.0%)  Lazy Block Frequency Analysis
   0.0000 (  0.0%)   0.0000 (  0.0%)   0.0000 (  0.0%)   0.0000 (  0.0%)  Optimization Remark Emitter
   0.0000 (  0.0%)   0.0000 (  0.0%)   0.0000 (  0.0%)   0.0000 (  0.0%)  Lazy Value Information Analysis
   0.0000 (  0.0%)   0.0000 (  0.0%)   0.0000 (  0.0%)   0.0000 (  0.0%)  Optimization Remark Emitter
   0.0000 (  0.0%)   0.0000 (  0.0%)   0.0000 (  0.0%)   0.0000 (  0.0%)  Lazy Block Frequency Analysis
   0.0000 (  0.0%)   0.0000 (  0.0%)   0.0000 (  0.0%)   0.0000 (  0.0%)  Optimization Remark Emitter
   0.0000 (  0.0%)   0.0000 (  0.0%)   0.0000 (  0.0%)   0.0000 (  0.0%)  ScalarEvolution-based Alias Analysis
   0.0000 (  0.0%)   0.0000 (  0.0%)   0.0000 (  0.0%)   0.0000 (  0.0%)  Scalar Evolution Analysis
   0.0000 (  0.0%)   0.0000 (  0.0%)   0.0000 (  0.0%)   0.0000 (  0.0%)  Basic Alias Analysis (stateless AA impl)
   0.0000 (  0.0%)   0.0000 (  0.0%)   0.0000 (  0.0%)   0.0000 (  0.0%)  Lazy Block Frequency Analysis
   0.0000 (  0.0%)   0.0000 (  0.0%)   0.0000 (  0.0%)   0.0000 (  0.0%)  Memory Dependence Analysis
   0.0000 (  0.0%)   0.0000 (  0.0%)   0.0000 (  0.0%)   0.0000 (  0.0%)  ScalarEvolution-based Alias Analysis
   0.0000 (  0.0%)   0.0000 (  0.0%)   0.0000 (  0.0%)   0.0000 (  0.0%)  ScalarEvolution-based Alias Analysis
   0.0000 (  0.0%)   0.0000 (  0.0%)   0.0000 (  0.0%)   0.0000 (  0.0%)  ScalarEvolution-based Alias Analysis
   0.0000 (  0.0%)   0.0000 (  0.0%)   0.0000 (  0.0%)   0.0000 (  0.0%)  Optimization Remark Emitter
   0.0000 (  0.0%)   0.0000 (  0.0%)   0.0000 (  0.0%)   0.0000 (  0.0%)  LCSSA Verifier
   0.0000 (  0.0%)   0.0000 (  0.0%)   0.0000 (  0.0%)   0.0000 (  0.0%)  Memory Dependence Analysis
   0.0000 (  0.0%)   0.0000 (  0.0%)   0.0000 (  0.0%)   0.0000 (  0.0%)  Memory Dependence Analysis
   0.0000 (  0.0%)   0.0000 (  0.0%)   0.0000 (  0.0%)   0.0000 (  0.0%)  Memory Dependence Analysis
   0.0000 (  0.0%)   0.0000 (  0.0%)   0.0000 (  0.0%)   0.0000 (  0.0%)  Optimization Remark Emitter
   0.0000 (  0.0%)   0.0000 (  0.0%)   0.0000 (  0.0%)   0.0000 (  0.0%)  Basic Alias Analysis (stateless AA impl)
   0.0000 (  0.0%)   0.0000 (  0.0%)   0.0000 (  0.0%)   0.0000 (  0.0%)  Lazy Branch Probability Analysis
   0.0000 (  0.0%)   0.0000 (  0.0%)   0.0000 (  0.0%)   0.0000 (  0.0%)  Lazy Value Information Analysis
   0.0000 (  0.0%)   0.0000 (  0.0%)   0.0000 (  0.0%)   0.0000 (  0.0%)  ScalarEvolution-based Alias Analysis
   0.0000 (  0.0%)   0.0000 (  0.0%)   0.0000 (  0.0%)   0.0000 (  0.0%)  Basic Alias Analysis (stateless AA impl)
   0.0000 (  0.0%)   0.0000 (  0.0%)   0.0000 (  0.0%)   0.0000 (  0.0%)  Lazy Value Information Analysis
   0.0000 (  0.0%)   0.0000 (  0.0%)   0.0000 (  0.0%)   0.0000 (  0.0%)  Lazy Branch Probability Analysis
   0.0000 (  0.0%)   0.0000 (  0.0%)   0.0000 (  0.0%)   0.0000 (  0.0%)  Optimization Remark Emitter
   0.0000 (  0.0%)   0.0000 (  0.0%)   0.0000 (  0.0%)   0.0000 (  0.0%)  Lazy Branch Probability Analysis
   0.0000 (  0.0%)   0.0000 (  0.0%)   0.0000 (  0.0%)   0.0000 (  0.0%)  Lazy Branch Probability Analysis
   0.0000 (  0.0%)   0.0000 (  0.0%)   0.0000 (  0.0%)   0.0000 (  0.0%)  Lazy Block Frequency Analysis
   0.0000 (  0.0%)   0.0000 (  0.0%)   0.0000 (  0.0%)   0.0000 (  0.0%)  Optimization Remark Emitter
   0.0000 (  0.0%)   0.0000 (  0.0%)   0.0000 (  0.0%)   0.0000 (  0.0%)  ScalarEvolution-based Alias Analysis
   0.0000 (  0.0%)   0.0000 (  0.0%)   0.0000 (  0.0%)   0.0000 (  0.0%)  Lazy Branch Probability Analysis
   0.0000 (  0.0%)   0.0000 (  0.0%)   0.0000 (  0.0%)   0.0000 (  0.0%)  Basic Alias Analysis (stateless AA impl)
   0.0000 (  0.0%)   0.0000 (  0.0%)   0.0000 (  0.0%)   0.0000 (  0.0%)  Memory Dependence Analysis
   0.0000 (  0.0%)   0.0000 (  0.0%)   0.0000 (  0.0%)   0.0000 (  0.0%)  Memory Dependence Analysis
   0.0000 (  0.0%)   0.0000 (  0.0%)   0.0000 (  0.0%)   0.0000 (  0.0%)  Basic Alias Analysis (stateless AA impl)
   0.0000 (  0.0%)   0.0000 (  0.0%)   0.0000 (  0.0%)   0.0000 (  0.0%)  Optimization Remark Emitter
   0.0000 (  0.0%)   0.0000 (  0.0%)   0.0000 (  0.0%)   0.0000 (  0.0%)  LCSSA Verifier
   0.0000 (  0.0%)   0.0000 (  0.0%)   0.0000 (  0.0%)   0.0000 (  0.0%)  Lazy Branch Probability Analysis
   0.0000 (  0.0%)   0.0000 (  0.0%)   0.0000 (  0.0%)   0.0000 (  0.0%)  Memory Dependence Analysis
   0.0000 (  0.0%)   0.0000 (  0.0%)   0.0000 (  0.0%)   0.0000 (  0.0%)  Lazy Block Frequency Analysis
   0.0000 (  0.0%)   0.0000 (  0.0%)   0.0000 (  0.0%)   0.0000 (  0.0%)  Basic Alias Analysis (stateless AA impl)
   0.0000 (  0.0%)   0.0000 (  0.0%)   0.0000 (  0.0%)   0.0000 (  0.0%)  LCSSA Verifier
   0.0000 (  0.0%)   0.0000 (  0.0%)   0.0000 (  0.0%)   0.0000 (  0.0%)  Basic Alias Analysis (stateless AA impl)
   0.0000 (  0.0%)   0.0000 (  0.0%)   0.0000 (  0.0%)   0.0000 (  0.0%)  ScalarEvolution-based Alias Analysis
   0.0000 (  0.0%)   0.0000 (  0.0%)   0.0000 (  0.0%)   0.0000 (  0.0%)  Optimization Remark Emitter
   0.0000 (  0.0%)   0.0000 (  0.0%)   0.0000 (  0.0%)   0.0000 (  0.0%)  Lazy Block Frequency Analysis
   0.0000 (  0.0%)   0.0000 (  0.0%)   0.0000 (  0.0%)   0.0000 (  0.0%)  ScalarEvolution-based Alias Analysis
   0.0000 (  0.0%)   0.0000 (  0.0%)   0.0000 (  0.0%)   0.0000 (  0.0%)  Lazy Block Frequency Analysis
   0.0000 (  0.0%)   0.0000 (  0.0%)   0.0000 (  0.0%)   0.0000 (  0.0%)  Basic Alias Analysis (stateless AA impl)
   0.0000 (  0.0%)   0.0000 (  0.0%)   0.0000 (  0.0%)   0.0000 (  0.0%)  Optimization Remark Emitter
   0.0000 (  0.0%)   0.0000 (  0.0%)   0.0000 (  0.0%)   0.0000 (  0.0%)  Basic Alias Analysis (stateless AA impl)
   0.0000 (  0.0%)   0.0000 (  0.0%)   0.0000 (  0.0%)   0.0000 (  0.0%)  Memory Dependence Analysis
   0.0000 (  0.0%)   0.0000 (  0.0%)   0.0000 (  0.0%)   0.0000 (  0.0%)  ScalarEvolution-based Alias Analysis
   0.0000 (  0.0%)   0.0000 (  0.0%)   0.0000 (  0.0%)   0.0000 (  0.0%)  Optimization Remark Emitter
   0.0000 (  0.0%)   0.0000 (  0.0%)   0.0000 (  0.0%)   0.0000 (  0.0%)  Optimization Remark Emitter
   0.0000 (  0.0%)   0.0000 (  0.0%)   0.0000 (  0.0%)   0.0000 (  0.0%)  Basic Alias Analysis (stateless AA impl)
   0.0000 (  0.0%)   0.0000 (  0.0%)   0.0000 (  0.0%)   0.0000 (  0.0%)  Lazy Value Information Analysis
   0.0000 (  0.0%)   0.0000 (  0.0%)   0.0000 (  0.0%)   0.0000 (  0.0%)  Optimization Remark Emitter
   0.0000 (  0.0%)   0.0000 (  0.0%)   0.0000 (  0.0%)   0.0000 (  0.0%)  Optimization Remark Emitter
   0.0000 (  0.0%)   0.0000 (  0.0%)   0.0000 (  0.0%)   0.0000 (  0.0%)  ScalarEvolution-based Alias Analysis
   0.0000 (  0.0%)   0.0000 (  0.0%)   0.0000 (  0.0%)   0.0000 (  0.0%)  Optimization Remark Emitter
   0.0000 (  0.0%)   0.0000 (  0.0%)   0.0000 (  0.0%)   0.0000 (  0.0%)  Dominator Tree Construction
   0.0000 (  0.0%)   0.0000 (  0.0%)   0.0000 (  0.0%)   0.0000 (  0.0%)  Basic Alias Analysis (stateless AA impl)
   0.0000 (  0.0%)   0.0000 (  0.0%)   0.0000 (  0.0%)   0.0000 (  0.0%)  Memory Dependence Analysis
   0.0000 (  0.0%)   0.0000 (  0.0%)   0.0000 (  0.0%)   0.0000 (  0.0%)  Memory Dependence Analysis
   0.0000 (  0.0%)   0.0000 (  0.0%)   0.0000 (  0.0%)   0.0000 (  0.0%)  Optimization Remark Emitter
   0.0000 (  0.0%)   0.0000 (  0.0%)   0.0000 (  0.0%)   0.0000 (  0.0%)  Optimization Remark Emitter
   0.0000 (  0.0%)   0.0000 (  0.0%)   0.0000 (  0.0%)   0.0000 (  0.0%)  Lazy Block Frequency Analysis
   0.0000 (  0.0%)   0.0000 (  0.0%)   0.0000 (  0.0%)   0.0000 (  0.0%)  Memory Dependence Analysis
   0.0000 (  0.0%)   0.0000 (  0.0%)   0.0000 (  0.0%)   0.0000 (  0.0%)  Lazy Branch Probability Analysis
   0.0000 (  0.0%)   0.0000 (  0.0%)   0.0000 (  0.0%)   0.0000 (  0.0%)  Memory Dependence Analysis
   0.0000 (  0.0%)   0.0000 (  0.0%)   0.0000 (  0.0%)   0.0000 (  0.0%)  Basic Alias Analysis (stateless AA impl)
   0.0000 (  0.0%)   0.0000 (  0.0%)   0.0000 (  0.0%)   0.0000 (  0.0%)  Memory Dependence Analysis
   0.0000 (  0.0%)   0.0000 (  0.0%)   0.0000 (  0.0%)   0.0000 (  0.0%)  Basic Alias Analysis (stateless AA impl)
   0.0000 (  0.0%)   0.0000 (  0.0%)   0.0000 (  0.0%)   0.0000 (  0.0%)  Lazy Branch Probability Analysis
   0.0000 (  0.0%)   0.0000 (  0.0%)   0.0000 (  0.0%)   0.0000 (  0.0%)  Lazy Block Frequency Analysis
   0.0000 (  0.0%)   0.0000 (  0.0%)   0.0000 (  0.0%)   0.0000 (  0.0%)  Scalar Evolution Analysis
   0.0000 (  0.0%)   0.0000 (  0.0%)   0.0000 (  0.0%)   0.0000 (  0.0%)  Lazy Branch Probability Analysis
   0.0000 (  0.0%)   0.0000 (  0.0%)   0.0000 (  0.0%)   0.0000 (  0.0%)  ScalarEvolution-based Alias Analysis
   0.0000 (  0.0%)   0.0000 (  0.0%)   0.0000 (  0.0%)   0.0000 (  0.0%)  Optimization Remark Emitter
   0.0000 (  0.0%)   0.0000 (  0.0%)   0.0000 (  0.0%)   0.0000 (  0.0%)  Lazy Block Frequency Analysis
   0.0000 (  0.0%)   0.0000 (  0.0%)   0.0000 (  0.0%)   0.0000 (  0.0%)  Optimization Remark Emitter
   0.0000 (  0.0%)   0.0000 (  0.0%)   0.0000 (  0.0%)   0.0000 (  0.0%)  Lazy Block Frequency Analysis
   0.0000 (  0.0%)   0.0000 (  0.0%)   0.0000 (  0.0%)   0.0000 (  0.0%)  Lazy Branch Probability Analysis
   0.0000 (  0.0%)   0.0000 (  0.0%)   0.0000 (  0.0%)   0.0000 (  0.0%)  Optimization Remark Emitter
   0.0000 (  0.0%)   0.0000 (  0.0%)   0.0000 (  0.0%)   0.0000 (  0.0%)  Optimization Remark Emitter
   0.0000 (  0.0%)   0.0000 (  0.0%)   0.0000 (  0.0%)   0.0000 (  0.0%)  Optimization Remark Emitter
   0.0000 (  0.0%)   0.0000 (  0.0%)   0.0000 (  0.0%)   0.0000 (  0.0%)  Lazy Branch Probability Analysis
   0.0000 (  0.0%)   0.0000 (  0.0%)   0.0000 (  0.0%)   0.0000 (  0.0%)  Scalar Evolution Analysis
   0.0000 (  0.0%)   0.0000 (  0.0%)   0.0000 (  0.0%)   0.0000 (  0.0%)  Lazy Branch Probability Analysis
   0.0000 (  0.0%)   0.0000 (  0.0%)   0.0000 (  0.0%)   0.0000 (  0.0%)  Lazy Block Frequency Analysis
   0.0000 (  0.0%)   0.0000 (  0.0%)   0.0000 (  0.0%)   0.0000 (  0.0%)  ScalarEvolution-based Alias Analysis
   0.0000 (  0.0%)   0.0000 (  0.0%)   0.0000 (  0.0%)   0.0000 (  0.0%)  ScalarEvolution-based Alias Analysis
   0.0000 (  0.0%)   0.0000 (  0.0%)   0.0000 (  0.0%)   0.0000 (  0.0%)  Basic Alias Analysis (stateless AA impl)
   0.0000 (  0.0%)   0.0000 (  0.0%)   0.0000 (  0.0%)   0.0000 (  0.0%)  Dominator Tree Construction
   0.0000 (  0.0%)   0.0000 (  0.0%)   0.0000 (  0.0%)   0.0000 (  0.0%)  ScalarEvolution-based Alias Analysis
   0.0000 (  0.0%)   0.0000 (  0.0%)   0.0000 (  0.0%)   0.0000 (  0.0%)  Optimization Remark Emitter
   0.0000 (  0.0%)   0.0000 (  0.0%)   0.0000 (  0.0%)   0.0000 (  0.0%)  Lazy Block Frequency Analysis
   0.0000 (  0.0%)   0.0000 (  0.0%)   0.0000 (  0.0%)   0.0000 (  0.0%)  ScalarEvolution-based Alias Analysis
   0.0000 (  0.0%)   0.0000 (  0.0%)   0.0000 (  0.0%)   0.0000 (  0.0%)  Basic Alias Analysis (stateless AA impl)
   0.0000 (  0.0%)   0.0000 (  0.0%)   0.0000 (  0.0%)   0.0000 (  0.0%)  Lazy Block Frequency Analysis
   0.0000 (  0.0%)   0.0000 (  0.0%)   0.0000 (  0.0%)   0.0000 (  0.0%)  Optimization Remark Emitter
   0.0000 (  0.0%)   0.0000 (  0.0%)   0.0000 (  0.0%)   0.0000 (  0.0%)  ScalarEvolution-based Alias Analysis
   0.0000 (  0.0%)   0.0000 (  0.0%)   0.0000 (  0.0%)   0.0000 (  0.0%)  Lazy Branch Probability Analysis
   0.0000 (  0.0%)   0.0000 (  0.0%)   0.0000 (  0.0%)   0.0000 (  0.0%)  Lazy Block Frequency Analysis
   0.0000 (  0.0%)   0.0000 (  0.0%)   0.0000 (  0.0%)   0.0000 (  0.0%)  Basic Alias Analysis (stateless AA impl)
   0.0000 (  0.0%)   0.0000 (  0.0%)   0.0000 (  0.0%)   0.0000 (  0.0%)  Optimization Remark Emitter
   0.0000 (  0.0%)   0.0000 (  0.0%)   0.0000 (  0.0%)   0.0000 (  0.0%)  Memory Dependence Analysis
   0.0000 (  0.0%)   0.0000 (  0.0%)   0.0000 (  0.0%)   0.0000 (  0.0%)  Lazy Value Information Analysis
   0.0000 (  0.0%)   0.0000 (  0.0%)   0.0000 (  0.0%)   0.0000 (  0.0%)  ScalarEvolution-based Alias Analysis
   0.0000 (  0.0%)   0.0000 (  0.0%)   0.0000 (  0.0%)   0.0000 (  0.0%)  Optimization Remark Emitter
   0.0000 (  0.0%)   0.0000 (  0.0%)   0.0000 (  0.0%)   0.0000 (  0.0%)  Memory Dependence Analysis
   0.0000 (  0.0%)   0.0000 (  0.0%)   0.0000 (  0.0%)   0.0000 (  0.0%)  Scalar Evolution Analysis
   0.0000 (  0.0%)   0.0000 (  0.0%)   0.0000 (  0.0%)   0.0000 (  0.0%)  Optimization Remark Emitter
   0.0000 (  0.0%)   0.0000 (  0.0%)   0.0000 (  0.0%)   0.0000 (  0.0%)  Optimization Remark Emitter
   0.0000 (  0.0%)   0.0000 (  0.0%)   0.0000 (  0.0%)   0.0000 (  0.0%)  ScalarEvolution-based Alias Analysis
   0.0000 (  0.0%)   0.0000 (  0.0%)   0.0000 (  0.0%)   0.0000 (  0.0%)  Lazy Block Frequency Analysis
   0.0000 (  0.0%)   0.0000 (  0.0%)   0.0000 (  0.0%)   0.0000 (  0.0%)  Optimization Remark Emitter
   0.0000 (  0.0%)   0.0000 (  0.0%)   0.0000 (  0.0%)   0.0000 (  0.0%)  Basic Alias Analysis (stateless AA impl)
   0.0000 (  0.0%)   0.0000 (  0.0%)   0.0000 (  0.0%)   0.0000 (  0.0%)  Optimization Remark Emitter
   0.0000 (  0.0%)   0.0000 (  0.0%)   0.0000 (  0.0%)   0.0000 (  0.0%)  Lazy Block Frequency Analysis
   0.0000 (  0.0%)   0.0000 (  0.0%)   0.0000 (  0.0%)   0.0000 (  0.0%)  Optimization Remark Emitter
   0.0000 (  0.0%)   0.0000 (  0.0%)   0.0000 (  0.0%)   0.0000 (  0.0%)  Lazy Block Frequency Analysis
   0.0000 (  0.0%)   0.0000 (  0.0%)   0.0000 (  0.0%)   0.0000 (  0.0%)  Lazy Value Information Analysis
   0.0000 (  0.0%)   0.0000 (  0.0%)   0.0000 (  0.0%)   0.0000 (  0.0%)  Lazy Block Frequency Analysis
   0.0000 (  0.0%)   0.0000 (  0.0%)   0.0000 (  0.0%)   0.0000 (  0.0%)  Optimization Remark Emitter
   0.0000 (  0.0%)   0.0000 (  0.0%)   0.0000 (  0.0%)   0.0000 (  0.0%)  ScalarEvolution-based Alias Analysis
   0.0000 (  0.0%)   0.0000 (  0.0%)   0.0000 (  0.0%)   0.0000 (  0.0%)  Optimization Remark Emitter
   0.0000 (  0.0%)   0.0000 (  0.0%)   0.0000 (  0.0%)   0.0000 (  0.0%)  Optimization Remark Emitter
   0.0000 (  0.0%)   0.0000 (  0.0%)   0.0000 (  0.0%)   0.0000 (  0.0%)  Lazy Branch Probability Analysis
   0.0000 (  0.0%)   0.0000 (  0.0%)   0.0000 (  0.0%)   0.0000 (  0.0%)  LCSSA Verifier
   0.0000 (  0.0%)   0.0000 (  0.0%)   0.0000 (  0.0%)   0.0000 (  0.0%)  Lazy Block Frequency Analysis
   0.0000 (  0.0%)   0.0000 (  0.0%)   0.0000 (  0.0%)   0.0000 (  0.0%)  Lazy Branch Probability Analysis
   0.0000 (  0.0%)   0.0000 (  0.0%)   0.0000 (  0.0%)   0.0000 (  0.0%)  Optimization Remark Emitter
   0.0000 (  0.0%)   0.0000 (  0.0%)   0.0000 (  0.0%)   0.0000 (  0.0%)  Lazy Block Frequency Analysis
   0.0000 (  0.0%)   0.0000 (  0.0%)   0.0000 (  0.0%)   0.0000 (  0.0%)  Optimization Remark Emitter
   0.0000 (  0.0%)   0.0000 (  0.0%)   0.0000 (  0.0%)   0.0000 (  0.0%)  Optimization Remark Emitter
   0.0000 (  0.0%)   0.0000 (  0.0%)   0.0000 (  0.0%)   0.0000 (  0.0%)  Optimization Remark Emitter
   0.0000 (  0.0%)   0.0000 (  0.0%)   0.0000 (  0.0%)   0.0000 (  0.0%)  ScalarEvolution-based Alias Analysis
   0.0000 (  0.0%)   0.0000 (  0.0%)   0.0000 (  0.0%)   0.0000 (  0.0%)  Optimization Remark Emitter
   0.0000 (  0.0%)   0.0000 (  0.0%)   0.0000 (  0.0%)   0.0000 (  0.0%)  Optimization Remark Emitter
   0.0000 (  0.0%)   0.0000 (  0.0%)   0.0000 (  0.0%)   0.0000 (  0.0%)  Optimization Remark Emitter
   0.0000 (  0.0%)   0.0000 (  0.0%)   0.0000 (  0.0%)   0.0000 (  0.0%)  Lazy Block Frequency Analysis
   0.0000 (  0.0%)   0.0000 (  0.0%)   0.0000 (  0.0%)   0.0000 (  0.0%)  Optimization Remark Emitter
   0.0000 (  0.0%)   0.0000 (  0.0%)   0.0000 (  0.0%)   0.0000 (  0.0%)  Optimization Remark Emitter
   0.0000 (  0.0%)   0.0000 (  0.0%)   0.0000 (  0.0%)   0.0000 (  0.0%)  Basic Alias Analysis (stateless AA impl)
   0.0000 (  0.0%)   0.0000 (  0.0%)   0.0000 (  0.0%)   0.0000 (  0.0%)  Optimization Remark Emitter
   0.0000 (  0.0%)   0.0000 (  0.0%)   0.0000 (  0.0%)   0.0000 (  0.0%)  Optimization Remark Emitter
   0.0000 (  0.0%)   0.0000 (  0.0%)   0.0000 (  0.0%)   0.0000 (  0.0%)  Optimization Remark Emitter
   0.0000 (  0.0%)   0.0000 (  0.0%)   0.0000 (  0.0%)   0.0000 (  0.0%)  Delinearization
   0.0000 (  0.0%)   0.0000 (  0.0%)   0.0000 (  0.0%)   0.0000 (  0.0%)  LCSSA Verifier
   0.0000 (  0.0%)   0.0000 (  0.0%)   0.0000 (  0.0%)   0.0000 (  0.0%)  Lazy Block Frequency Analysis
   0.0000 (  0.0%)   0.0000 (  0.0%)   0.0000 (  0.0%)   0.0000 (  0.0%)  Entirety access check on array-to-stream
   0.0000 (  0.0%)   0.0000 (  0.0%)   0.0000 (  0.0%)   0.0000 (  0.0%)  Promote Memory to Register
   0.0000 (  0.0%)   0.0000 (  0.0%)   0.0000 (  0.0%)   0.0000 (  0.0%)  Dominator Tree Construction
   0.0000 (  0.0%)   0.0000 (  0.0%)   0.0000 (  0.0%)   0.0000 (  0.0%)  Lazy Block Frequency Analysis
   0.0000 (  0.0%)   0.0000 (  0.0%)   0.0000 (  0.0%)   0.0000 (  0.0%)  Interface Analysis
   0.0000 (  0.0%)   0.0000 (  0.0%)   0.0000 (  0.0%)   0.0000 (  0.0%)  Lazy Block Frequency Analysis
   0.0000 (  0.0%)   0.0000 (  0.0%)   0.0000 (  0.0%)   0.0000 (  0.0%)  Optimization Remark Emitter
   0.0000 (  0.0%)   0.0000 (  0.0%)   0.0000 (  0.0%)   0.0000 (  0.0%)  Lazy Block Frequency Analysis
   0.0000 (  0.0%)   0.0000 (  0.0%)   0.0000 (  0.0%)   0.0000 (  0.0%)  Optimization Remark Emitter
   0.0000 (  0.0%)   0.0000 (  0.0%)   0.0000 (  0.0%)   0.0000 (  0.0%)  Optimization Remark Emitter
   0.0000 (  0.0%)   0.0000 (  0.0%)   0.0000 (  0.0%)   0.0000 (  0.0%)  Basic Alias Analysis (stateless AA impl)
   0.0000 (  0.0%)   0.0000 (  0.0%)   0.0000 (  0.0%)   0.0000 (  0.0%)  Lazy Block Frequency Analysis
   0.0000 (  0.0%)   0.0000 (  0.0%)   0.0000 (  0.0%)   0.0000 (  0.0%)  ScalarEvolution-based Alias Analysis
   0.0000 (  0.0%)   0.0000 (  0.0%)   0.0000 (  0.0%)   0.0000 (  0.0%)  Memory Dependence Analysis
   0.0000 (  0.0%)   0.0000 (  0.0%)   0.0000 (  0.0%)   0.0000 (  0.0%)  Lazy Block Frequency Analysis
   0.0000 (  0.0%)   0.0000 (  0.0%)   0.0000 (  0.0%)   0.0000 (  0.0%)  Optimization Remark Emitter
   0.0000 (  0.0%)   0.0000 (  0.0%)   0.0000 (  0.0%)   0.0000 (  0.0%)  Lazy Block Frequency Analysis
   0.0000 (  0.0%)   0.0000 (  0.0%)   0.0000 (  0.0%)   0.0000 (  0.0%)  Optimization Remark Emitter
   0.0000 (  0.0%)   0.0000 (  0.0%)   0.0000 (  0.0%)   0.0000 (  0.0%)  Lazy Block Frequency Analysis
   0.0000 (  0.0%)   0.0000 (  0.0%)   0.0000 (  0.0%)   0.0000 (  0.0%)  Optimization Remark Emitter
   0.0000 (  0.0%)   0.0000 (  0.0%)   0.0000 (  0.0%)   0.0000 (  0.0%)  Lazy Block Frequency Analysis
   0.0000 (  0.0%)   0.0000 (  0.0%)   0.0000 (  0.0%)   0.0000 (  0.0%)  Memory Dependence Analysis
   0.0000 (  0.0%)   0.0000 (  0.0%)   0.0000 (  0.0%)   0.0000 (  0.0%)  Memory Dependence Analysis
   0.0000 (  0.0%)   0.0000 (  0.0%)   0.0000 (  0.0%)   0.0000 (  0.0%)  Optimization Remark Emitter
   0.0000 (  0.0%)   0.0000 (  0.0%)   0.0000 (  0.0%)   0.0000 (  0.0%)  Lazy Branch Probability Analysis
   0.0000 (  0.0%)   0.0000 (  0.0%)   0.0000 (  0.0%)   0.0000 (  0.0%)  ScalarEvolution-based Alias Analysis
   0.0000 (  0.0%)   0.0000 (  0.0%)   0.0000 (  0.0%)   0.0000 (  0.0%)  Scalar Evolution Analysis
   0.0000 (  0.0%)   0.0000 (  0.0%)   0.0000 (  0.0%)   0.0000 (  0.0%)  Lazy Block Frequency Analysis
   0.0000 (  0.0%)   0.0000 (  0.0%)   0.0000 (  0.0%)   0.0000 (  0.0%)  Optimization Remark Emitter
   0.0000 (  0.0%)   0.0000 (  0.0%)   0.0000 (  0.0%)   0.0000 (  0.0%)  Optimization Remark Emitter
   0.0000 (  0.0%)   0.0000 (  0.0%)   0.0000 (  0.0%)   0.0000 (  0.0%)  Lazy Block Frequency Analysis
   0.0000 (  0.0%)   0.0000 (  0.0%)   0.0000 (  0.0%)   0.0000 (  0.0%)  Lazy Block Frequency Analysis
   0.0000 (  0.0%)   0.0000 (  0.0%)   0.0000 (  0.0%)   0.0000 (  0.0%)  Lazy Block Frequency Analysis
   0.0000 (  0.0%)   0.0000 (  0.0%)   0.0000 (  0.0%)   0.0000 (  0.0%)  Optimization Remark Emitter
   0.0000 (  0.0%)   0.0000 (  0.0%)   0.0000 (  0.0%)   0.0000 (  0.0%)  Optimization Remark Emitter
   0.0000 (  0.0%)   0.0000 (  0.0%)   0.0000 (  0.0%)   0.0000 (  0.0%)  Scalar Evolution Analysis
   0.0000 (  0.0%)   0.0000 (  0.0%)   0.0000 (  0.0%)   0.0000 (  0.0%)  Optimization Remark Emitter
   0.0000 (  0.0%)   0.0000 (  0.0%)   0.0000 (  0.0%)   0.0000 (  0.0%)  SPIRUpdateIntrRange - Update SPIR Intrinsics Metadata
   0.0000 (  0.0%)   0.0000 (  0.0%)   0.0000 (  0.0%)   0.0000 (  0.0%)  Optimization Remark Emitter
   0.0000 (  0.0%)   0.0000 (  0.0%)   0.0000 (  0.0%)   0.0000 (  0.0%)  Lazy Block Frequency Analysis
   0.0000 (  0.0%)   0.0000 (  0.0%)   0.0000 (  0.0%)   0.0000 (  0.0%)  Lazy Block Frequency Analysis
   0.0000 (  0.0%)   0.0000 (  0.0%)   0.0000 (  0.0%)   0.0000 (  0.0%)  Optimization Remark Emitter
   0.0000 (  0.0%)   0.0000 (  0.0%)   0.0000 (  0.0%)   0.0000 (  0.0%)  Optimization Remark Emitter
   0.0000 (  0.0%)   0.0000 (  0.0%)   0.0000 (  0.0%)   0.0000 (  0.0%)  ScalarEvolution-based Alias Analysis
   0.0000 (  0.0%)   0.0000 (  0.0%)   0.0000 (  0.0%)   0.0000 (  0.0%)  Optimization Remark Emitter
   0.0000 (  0.0%)   0.0000 (  0.0%)   0.0000 (  0.0%)   0.0000 (  0.0%)  Scalar Evolution Analysis
   0.0000 (  0.0%)   0.0000 (  0.0%)   0.0000 (  0.0%)   0.0000 (  0.0%)  Lazy Block Frequency Analysis
   0.0000 (  0.0%)   0.0000 (  0.0%)   0.0000 (  0.0%)   0.0000 (  0.0%)  Lazy Value Information Analysis
   0.0000 (  0.0%)   0.0000 (  0.0%)   0.0000 (  0.0%)   0.0000 (  0.0%)  LCSSA Verifier
   0.0000 (  0.0%)   0.0000 (  0.0%)   0.0000 (  0.0%)   0.0000 (  0.0%)  Lower stream depth
   0.0000 (  0.0%)   0.0000 (  0.0%)   0.0000 (  0.0%)   0.0000 (  0.0%)  Scalar Evolution Analysis
   0.0000 (  0.0%)   0.0000 (  0.0%)   0.0000 (  0.0%)   0.0000 (  0.0%)  Lazy Branch Probability Analysis
   0.0000 (  0.0%)   0.0000 (  0.0%)   0.0000 (  0.0%)   0.0000 (  0.0%)  Lazy Block Frequency Analysis
   0.0000 (  0.0%)   0.0000 (  0.0%)   0.0000 (  0.0%)   0.0000 (  0.0%)  Lazy Block Frequency Analysis
   0.0000 (  0.0%)   0.0000 (  0.0%)   0.0000 (  0.0%)   0.0000 (  0.0%)  Lazy Block Frequency Analysis
   0.0000 (  0.0%)   0.0000 (  0.0%)   0.0000 (  0.0%)   0.0000 (  0.0%)  LCSSA Verifier
   0.0000 (  0.0%)   0.0000 (  0.0%)   0.0000 (  0.0%)   0.0000 (  0.0%)  Optimization Remark Emitter
   0.0000 (  0.0%)   0.0000 (  0.0%)   0.0000 (  0.0%)   0.0000 (  0.0%)  Optimization Remark Emitter
   0.0000 (  0.0%)   0.0000 (  0.0%)   0.0000 (  0.0%)   0.0000 (  0.0%)  Lazy Block Frequency Analysis
   0.0000 (  0.0%)   0.0000 (  0.0%)   0.0000 (  0.0%)   0.0000 (  0.0%)  Lazy Block Frequency Analysis
   0.0000 (  0.0%)   0.0000 (  0.0%)   0.0000 (  0.0%)   0.0000 (  0.0%)  Lazy Block Frequency Analysis
   0.0000 (  0.0%)   0.0000 (  0.0%)   0.0000 (  0.0%)   0.0000 (  0.0%)  Optimization Remark Emitter
   0.0000 (  0.0%)   0.0000 (  0.0%)   0.0000 (  0.0%)   0.0000 (  0.0%)  Optimization Remark Emitter
   0.0000 (  0.0%)   0.0000 (  0.0%)   0.0000 (  0.0%)   0.0000 (  0.0%)  Lazy Block Frequency Analysis
   0.0000 (  0.0%)   0.0000 (  0.0%)   0.0000 (  0.0%)   0.0000 (  0.0%)  Lazy Block Frequency Analysis
   0.0000 (  0.0%)   0.0000 (  0.0%)   0.0000 (  0.0%)   0.0000 (  0.0%)  ScalarEvolution-based Alias Analysis
   0.0000 (  0.0%)   0.0000 (  0.0%)   0.0000 (  0.0%)   0.0000 (  0.0%)  Lazy Block Frequency Analysis
   0.0000 (  0.0%)   0.0000 (  0.0%)   0.0000 (  0.0%)   0.0000 (  0.0%)  Optimization Remark Emitter
   0.0000 (  0.0%)   0.0000 (  0.0%)   0.0000 (  0.0%)   0.0000 (  0.0%)  LCSSA Verifier
   0.0000 (  0.0%)   0.0000 (  0.0%)   0.0000 (  0.0%)   0.0000 (  0.0%)  LCSSA Verifier
   0.0000 (  0.0%)   0.0000 (  0.0%)   0.0000 (  0.0%)   0.0000 (  0.0%)  Optimization Remark Emitter
   0.0000 (  0.0%)   0.0000 (  0.0%)   0.0000 (  0.0%)   0.0000 (  0.0%)  ScalarEvolution-based Alias Analysis
   0.0000 (  0.0%)   0.0000 (  0.0%)   0.0000 (  0.0%)   0.0000 (  0.0%)  Optimization Remark Emitter
   0.0000 (  0.0%)   0.0000 (  0.0%)   0.0000 (  0.0%)   0.0000 (  0.0%)  Optimization Remark Emitter
   0.0000 (  0.0%)   0.0000 (  0.0%)   0.0000 (  0.0%)   0.0000 (  0.0%)  ScalarEvolution-based Alias Analysis
   0.0000 (  0.0%)   0.0000 (  0.0%)   0.0000 (  0.0%)   0.0000 (  0.0%)  Lazy Block Frequency Analysis
   0.0000 (  0.0%)   0.0000 (  0.0%)   0.0000 (  0.0%)   0.0000 (  0.0%)  Lower HLS related intrinsics
   0.0000 (  0.0%)   0.0000 (  0.0%)   0.0000 (  0.0%)   0.0000 (  0.0%)  Optimization Remark Emitter
   0.0000 (  0.0%)   0.0000 (  0.0%)   0.0000 (  0.0%)   0.0000 (  0.0%)  Lazy Value Information Analysis
   0.0000 (  0.0%)   0.0000 (  0.0%)   0.0000 (  0.0%)   0.0000 (  0.0%)  ScalarEvolution-based Alias Analysis
   0.0000 (  0.0%)   0.0000 (  0.0%)   0.0000 (  0.0%)   0.0000 (  0.0%)  Lazy Block Frequency Analysis
   0.0000 (  0.0%)   0.0000 (  0.0%)   0.0000 (  0.0%)   0.0000 (  0.0%)  Optimization Remark Emitter
   0.0000 (  0.0%)   0.0000 (  0.0%)   0.0000 (  0.0%)   0.0000 (  0.0%)  Memory Dependence Analysis
   0.0000 (  0.0%)   0.0000 (  0.0%)   0.0000 (  0.0%)   0.0000 (  0.0%)  Lazy Block Frequency Analysis
   0.0000 (  0.0%)   0.0000 (  0.0%)   0.0000 (  0.0%)   0.0000 (  0.0%)  LCSSA Verifier
   0.0000 (  0.0%)   0.0000 (  0.0%)   0.0000 (  0.0%)   0.0000 (  0.0%)  Lazy Block Frequency Analysis
   0.0000 (  0.0%)   0.0000 (  0.0%)   0.0000 (  0.0%)   0.0000 (  0.0%)  Lazy Block Frequency Analysis
   0.0000 (  0.0%)   0.0000 (  0.0%)   0.0000 (  0.0%)   0.0000 (  0.0%)  LCSSA Verifier
   0.0000 (  0.0%)   0.0000 (  0.0%)   0.0000 (  0.0%)   0.0000 (  0.0%)  Optimization Remark Emitter
   0.0000 (  0.0%)   0.0000 (  0.0%)   0.0000 (  0.0%)   0.0000 (  0.0%)  Lazy Block Frequency Analysis
   0.0000 (  0.0%)   0.0000 (  0.0%)   0.0000 (  0.0%)   0.0000 (  0.0%)  Optimization Remark Emitter
   0.0000 (  0.0%)   0.0000 (  0.0%)   0.0000 (  0.0%)   0.0000 (  0.0%)  Lazy Block Frequency Analysis
   0.0000 (  0.0%)   0.0000 (  0.0%)   0.0000 (  0.0%)   0.0000 (  0.0%)  Lazy Block Frequency Analysis
   0.0000 (  0.0%)   0.0000 (  0.0%)   0.0000 (  0.0%)   0.0000 (  0.0%)  LCSSA Verifier
   0.0000 (  0.0%)   0.0000 (  0.0%)   0.0000 (  0.0%)   0.0000 (  0.0%)  Basic Alias Analysis (stateless AA impl)
   0.0000 (  0.0%)   0.0000 (  0.0%)   0.0000 (  0.0%)   0.0000 (  0.0%)  Lazy Block Frequency Analysis
   0.0000 (  0.0%)   0.0000 (  0.0%)   0.0000 (  0.0%)   0.0000 (  0.0%)  Optimization Remark Emitter
   0.0000 (  0.0%)   0.0000 (  0.0%)   0.0000 (  0.0%)   0.0000 (  0.0%)  Lazy Block Frequency Analysis
   0.0000 (  0.0%)   0.0000 (  0.0%)   0.0000 (  0.0%)   0.0000 (  0.0%)  Interprocedural constant propagation
   0.0000 (  0.0%)   0.0000 (  0.0%)   0.0000 (  0.0%)   0.0000 (  0.0%)  Lazy Block Frequency Analysis
   0.0000 (  0.0%)   0.0000 (  0.0%)   0.0000 (  0.0%)   0.0000 (  0.0%)  LCSSA Verifier
   0.0000 (  0.0%)   0.0000 (  0.0%)   0.0000 (  0.0%)   0.0000 (  0.0%)  Lazy Block Frequency Analysis
   0.0000 (  0.0%)   0.0000 (  0.0%)   0.0000 (  0.0%)   0.0000 (  0.0%)  LCSSA Verifier
   0.0000 (  0.0%)   0.0000 (  0.0%)   0.0000 (  0.0%)   0.0000 (  0.0%)  Basic Alias Analysis (stateless AA impl)
   0.0000 (  0.0%)   0.0000 (  0.0%)   0.0000 (  0.0%)   0.0000 (  0.0%)  LCSSA Verifier
   0.0000 (  0.0%)   0.0000 (  0.0%)   0.0000 (  0.0%)   0.0000 (  0.0%)  Lazy Block Frequency Analysis
   0.0000 (  0.0%)   0.0000 (  0.0%)   0.0000 (  0.0%)   0.0000 (  0.0%)  Lazy Block Frequency Analysis
   0.0000 (  0.0%)   0.0000 (  0.0%)   0.0000 (  0.0%)   0.0000 (  0.0%)  ScalarEvolution-based Alias Analysis
   0.0000 (  0.0%)   0.0000 (  0.0%)   0.0000 (  0.0%)   0.0000 (  0.0%)  Optimization Remark Emitter
   0.0000 (  0.0%)   0.0000 (  0.0%)   0.0000 (  0.0%)   0.0000 (  0.0%)  Lazy Block Frequency Analysis
   0.0000 (  0.0%)   0.0000 (  0.0%)   0.0000 (  0.0%)   0.0000 (  0.0%)  LCSSA Verifier
   0.0000 (  0.0%)   0.0000 (  0.0%)   0.0000 (  0.0%)   0.0000 (  0.0%)  Lazy Block Frequency Analysis
   0.0000 (  0.0%)   0.0000 (  0.0%)   0.0000 (  0.0%)   0.0000 (  0.0%)  Lower HLS related intrinsics
   0.0000 (  0.0%)   0.0000 (  0.0%)   0.0000 (  0.0%)   0.0000 (  0.0%)  Optimization Remark Emitter
   0.0000 (  0.0%)   0.0000 (  0.0%)   0.0000 (  0.0%)   0.0000 (  0.0%)  Scalar Evolution Analysis
   0.0000 (  0.0%)   0.0000 (  0.0%)   0.0000 (  0.0%)   0.0000 (  0.0%)  Lazy Branch Probability Analysis
   0.0000 (  0.0%)   0.0000 (  0.0%)   0.0000 (  0.0%)   0.0000 (  0.0%)  LCSSA Verifier
   0.0000 (  0.0%)   0.0000 (  0.0%)   0.0000 (  0.0%)   0.0000 (  0.0%)  Basic Alias Analysis (stateless AA impl)
   0.0000 (  0.0%)   0.0000 (  0.0%)   0.0000 (  0.0%)   0.0000 (  0.0%)  Lower HLS related intrinsics
   0.0000 (  0.0%)   0.0000 (  0.0%)   0.0000 (  0.0%)   0.0000 (  0.0%)  Scalar Evolution Analysis
   0.0000 (  0.0%)   0.0000 (  0.0%)   0.0000 (  0.0%)   0.0000 (  0.0%)  Scalar Evolution Analysis
   0.0000 (  0.0%)   0.0000 (  0.0%)   0.0000 (  0.0%)   0.0000 (  0.0%)  Lazy Branch Probability Analysis
   0.0000 (  0.0%)   0.0000 (  0.0%)   0.0000 (  0.0%)   0.0000 (  0.0%)  Basic Alias Analysis (stateless AA impl)
   0.0000 (  0.0%)   0.0000 (  0.0%)   0.0000 (  0.0%)   0.0000 (  0.0%)  LCSSA Verifier
   0.0000 (  0.0%)   0.0000 (  0.0%)   0.0000 (  0.0%)   0.0000 (  0.0%)  Achieval II estimation - estimate acheival II lower bound according to constraint
   0.0000 (  0.0%)   0.0000 (  0.0%)   0.0000 (  0.0%)   0.0000 (  0.0%)  Achieval II estimation - estimate acheival II lower bound according to constraint
   0.0000 (  0.0%)   0.0000 (  0.0%)   0.0000 (  0.0%)   0.0000 (  0.0%)  Lower intrinsics for FPGAs
   0.0000 (  0.0%)   0.0000 (  0.0%)   0.0000 (  0.0%)   0.0000 (  0.0%)  Scalar Evolution Analysis
   0.0000 (  0.0%)   0.0000 (  0.0%)   0.0000 (  0.0%)   0.0000 (  0.0%)  Performance Evaluation
   0.0000 (  0.0%)   0.0000 (  0.0%)   0.0000 (  0.0%)   0.0000 (  0.0%)  Basic Alias Analysis (stateless AA impl)
   0.0000 (  0.0%)   0.0000 (  0.0%)   0.0000 (  0.0%)   0.0000 (  0.0%)  Basic Alias Analysis (stateless AA impl)
   0.0000 (  0.0%)   0.0000 (  0.0%)   0.0000 (  0.0%)   0.0000 (  0.0%)  Basic Alias Analysis (stateless AA impl)
   0.0000 (  0.0%)   0.0000 (  0.0%)   0.0000 (  0.0%)   0.0000 (  0.0%)  LCSSA Verifier
   0.0000 (  0.0%)   0.0000 (  0.0%)   0.0000 (  0.0%)   0.0000 (  0.0%)  Lower memory intrinsic
   0.0000 (  0.0%)   0.0000 (  0.0%)   0.0000 (  0.0%)   0.0000 (  0.0%)  Function Alias Analysis Results
   0.0000 (  0.0%)   0.0000 (  0.0%)   0.0000 (  0.0%)   0.0000 (  0.0%)  Memory Dependence Analysis
   0.0000 (  0.0%)   0.0000 (  0.0%)   0.0000 (  0.0%)   0.0000 (  0.0%)  Basic Alias Analysis (stateless AA impl)
   0.0000 (  0.0%)   0.0000 (  0.0%)   0.0000 (  0.0%)   0.0000 (  0.0%)  Structure Decomposition
   0.0000 (  0.0%)   0.0000 (  0.0%)   0.0000 (  0.0%)   0.0000 (  0.0%)  Function Alias Analysis Results
   0.0000 (  0.0%)   0.0000 (  0.0%)   0.0000 (  0.0%)   0.0000 (  0.0%)  LCSSA Verifier
   0.0000 (  0.0%)   0.0000 (  0.0%)   0.0000 (  0.0%)   0.0000 (  0.0%)  Evaluate _ssdm_string2bits
   0.0000 (  0.0%)   0.0000 (  0.0%)   0.0000 (  0.0%)   0.0000 (  0.0%)  Function Alias Analysis Results
   0.0000 (  0.0%)   0.0000 (  0.0%)   0.0000 (  0.0%)   0.0000 (  0.0%)  Interprocedural constant propagation
   0.0000 (  0.0%)   0.0000 (  0.0%)   0.0000 (  0.0%)   0.0000 (  0.0%)  Basic Alias Analysis (stateless AA impl)
   0.0000 (  0.0%)   0.0000 (  0.0%)   0.0000 (  0.0%)   0.0000 (  0.0%)  Function Alias Analysis Results
   0.0000 (  0.0%)   0.0000 (  0.0%)   0.0000 (  0.0%)   0.0000 (  0.0%)  Memory Dependence Analysis
   0.0000 (  0.0%)   0.0000 (  0.0%)   0.0000 (  0.0%)   0.0000 (  0.0%)  Lower intrinsics for FPGAs
   0.0000 (  0.0%)   0.0000 (  0.0%)   0.0000 (  0.0%)   0.0000 (  0.0%)  Interprocedural constant propagation
   0.0000 (  0.0%)   0.0000 (  0.0%)   0.0000 (  0.0%)   0.0000 (  0.0%)  Interface Analysis
   0.0000 (  0.0%)   0.0000 (  0.0%)   0.0000 (  0.0%)   0.0000 (  0.0%)  Basic Alias Analysis (stateless AA impl)
   0.0000 (  0.0%)   0.0000 (  0.0%)   0.0000 (  0.0%)   0.0000 (  0.0%)  Memory Dependence Analysis
   0.0000 (  0.0%)   0.0000 (  0.0%)   0.0000 (  0.0%)   0.0000 (  0.0%)  Promote Memory to Register
   0.0000 (  0.0%)   0.0000 (  0.0%)   0.0000 (  0.0%)   0.0000 (  0.0%)  Lazy Block Frequency Analysis
   0.0000 (  0.0%)   0.0000 (  0.0%)   0.0000 (  0.0%)   0.0000 (  0.0%)  Scalar Evolution Canonicalization
   0.0000 (  0.0%)   0.0000 (  0.0%)   0.0000 (  0.0%)   0.0000 (  0.0%)  Memory Dependence Analysis
   0.0000 (  0.0%)   0.0000 (  0.0%)   0.0000 (  0.0%)   0.0000 (  0.0%)  Interface Analysis
   0.0000 (  0.0%)   0.0000 (  0.0%)   0.0000 (  0.0%)   0.0000 (  0.0%)  Interface Analysis
   0.0000 (  0.0%)   0.0000 (  0.0%)   0.0000 (  0.0%)   0.0000 (  0.0%)  Optimization Remark Emitter
   0.0000 (  0.0%)   0.0000 (  0.0%)   0.0000 (  0.0%)   0.0000 (  0.0%)  Lazy Branch Probability Analysis
   0.0000 (  0.0%)   0.0000 (  0.0%)   0.0000 (  0.0%)   0.0000 (  0.0%)  Lazy Branch Probability Analysis
   0.0000 (  0.0%)   0.0000 (  0.0%)   0.0000 (  0.0%)   0.0000 (  0.0%)  Basic Alias Analysis (stateless AA impl)
   0.0000 (  0.0%)   0.0000 (  0.0%)   0.0000 (  0.0%)   0.0000 (  0.0%)  Interface Analysis
   0.0000 (  0.0%)   0.0000 (  0.0%)   0.0000 (  0.0%)   0.0000 (  0.0%)  Interface Analysis
   0.0000 (  0.0%)   0.0000 (  0.0%)   0.0000 (  0.0%)   0.0000 (  0.0%)  Interface Analysis
   0.0000 (  0.0%)   0.0000 (  0.0%)   0.0000 (  0.0%)   0.0000 (  0.0%)  Assumption Cache Tracker
   0.0000 (  0.0%)   0.0000 (  0.0%)   0.0000 (  0.0%)   0.0000 (  0.0%)  Lower intrinsics for FPGAs
   0.0000 (  0.0%)   0.0000 (  0.0%)   0.0000 (  0.0%)   0.0000 (  0.0%)  Basic Alias Analysis (stateless AA impl)
   0.0000 (  0.0%)   0.0000 (  0.0%)   0.0000 (  0.0%)   0.0000 (  0.0%)  Basic Alias Analysis (stateless AA impl)
   0.0000 (  0.0%)   0.0000 (  0.0%)   0.0000 (  0.0%)   0.0000 (  0.0%)  Interface Analysis
   0.0000 (  0.0%)   0.0000 (  0.0%)   0.0000 (  0.0%)   0.0000 (  0.0%)  Memory Dependence Analysis
   0.0000 (  0.0%)   0.0000 (  0.0%)   0.0000 (  0.0%)   0.0000 (  0.0%)  Lazy Block Frequency Analysis
   0.0000 (  0.0%)   0.0000 (  0.0%)   0.0000 (  0.0%)   0.0000 (  0.0%)  Memory Dependence Analysis
   0.0000 (  0.0%)   0.0000 (  0.0%)   0.0000 (  0.0%)   0.0000 (  0.0%)  Memory Dependence Analysis
   0.0000 (  0.0%)   0.0000 (  0.0%)   0.0000 (  0.0%)   0.0000 (  0.0%)  Revert PPPO for array-to-stream
   0.0000 (  0.0%)   0.0000 (  0.0%)   0.0000 (  0.0%)   0.0000 (  0.0%)  Memory Dependence Analysis
   0.0000 (  0.0%)   0.0000 (  0.0%)   0.0000 (  0.0%)   0.0000 (  0.0%)  Interface Analysis
   0.0000 (  0.0%)   0.0000 (  0.0%)   0.0000 (  0.0%)   0.0000 (  0.0%)  Function Alias Analysis Results
   0.0000 (  0.0%)   0.0000 (  0.0%)   0.0000 (  0.0%)   0.0000 (  0.0%)  Interprocedural constant propagation
   0.0000 (  0.0%)   0.0000 (  0.0%)   0.0000 (  0.0%)   0.0000 (  0.0%)  Interface Analysis
   0.0000 (  0.0%)   0.0000 (  0.0%)   0.0000 (  0.0%)   0.0000 (  0.0%)  Interface Analysis
   0.0000 (  0.0%)   0.0000 (  0.0%)   0.0000 (  0.0%)   0.0000 (  0.0%)  Lazy Branch Probability Analysis
   0.0000 (  0.0%)   0.0000 (  0.0%)   0.0000 (  0.0%)   0.0000 (  0.0%)  Interface Analysis
   0.0000 (  0.0%)   0.0000 (  0.0%)   0.0000 (  0.0%)   0.0000 (  0.0%)  Lower intrinsics for FPGAs
   0.0000 (  0.0%)   0.0000 (  0.0%)   0.0000 (  0.0%)   0.0000 (  0.0%)  Interface Analysis
   0.0000 (  0.0%)   0.0000 (  0.0%)   0.0000 (  0.0%)   0.0000 (  0.0%)  Optimization Remark Emitter
   0.0000 (  0.0%)   0.0000 (  0.0%)   0.0000 (  0.0%)   0.0000 (  0.0%)  Interface Analysis
   0.0000 (  0.0%)   0.0000 (  0.0%)   0.0000 (  0.0%)   0.0000 (  0.0%)  Interface Analysis
   0.0000 (  0.0%)   0.0000 (  0.0%)   0.0000 (  0.0%)   0.0000 (  0.0%)  Revert PPPO for array-to-stream
   0.0000 (  0.0%)   0.0000 (  0.0%)   0.0000 (  0.0%)   0.0000 (  0.0%)  Interface Analysis
   0.0000 (  0.0%)   0.0000 (  0.0%)   0.0000 (  0.0%)   0.0000 (  0.0%)  Interface Analysis
   0.0000 (  0.0%)   0.0000 (  0.0%)   0.0000 (  0.0%)   0.0000 (  0.0%)  Interface Analysis
   0.0000 (  0.0%)   0.0000 (  0.0%)   0.0000 (  0.0%)   0.0000 (  0.0%)  LCSSA Verifier
   0.0000 (  0.0%)   0.0000 (  0.0%)   0.0000 (  0.0%)   0.0000 (  0.0%)  Interface Analysis
   0.0000 (  0.0%)   0.0000 (  0.0%)   0.0000 (  0.0%)   0.0000 (  0.0%)  ScalarEvolution-based Alias Analysis
   0.0000 (  0.0%)   0.0000 (  0.0%)   0.0000 (  0.0%)   0.0000 (  0.0%)  Lazy Branch Probability Analysis
   0.0000 (  0.0%)   0.0000 (  0.0%)   0.0000 (  0.0%)   0.0000 (  0.0%)  Interface Analysis
   0.0000 (  0.0%)   0.0000 (  0.0%)   0.0000 (  0.0%)   0.0000 (  0.0%)  Basic Alias Analysis (stateless AA impl)
   0.0000 (  0.0%)   0.0000 (  0.0%)   0.0000 (  0.0%)   0.0000 (  0.0%)  Interface Analysis
   0.0000 (  0.0%)   0.0000 (  0.0%)   0.0000 (  0.0%)   0.0000 (  0.0%)  Interface Analysis
   0.0000 (  0.0%)   0.0000 (  0.0%)   0.0000 (  0.0%)   0.0000 (  0.0%)  Interface Analysis
   0.0000 (  0.0%)   0.0000 (  0.0%)   0.0000 (  0.0%)   0.0000 (  0.0%)  Eliminate guard varible
   0.0000 (  0.0%)   0.0000 (  0.0%)   0.0000 (  0.0%)   0.0000 (  0.0%)  Interface Analysis
   0.0000 (  0.0%)   0.0000 (  0.0%)   0.0000 (  0.0%)   0.0000 (  0.0%)  Revert PPPO for array-to-stream
   0.0000 (  0.0%)   0.0000 (  0.0%)   0.0000 (  0.0%)   0.0000 (  0.0%)  Basic Alias Analysis (stateless AA impl)
   0.0000 (  0.0%)   0.0000 (  0.0%)   0.0000 (  0.0%)   0.0000 (  0.0%)  Basic Alias Analysis (stateless AA impl)
   0.0000 (  0.0%)   0.0000 (  0.0%)   0.0000 (  0.0%)   0.0000 (  0.0%)  Interface Analysis
   0.0000 (  0.0%)   0.0000 (  0.0%)   0.0000 (  0.0%)   0.0000 (  0.0%)  Interface Analysis
   0.0000 (  0.0%)   0.0000 (  0.0%)   0.0000 (  0.0%)   0.0000 (  0.0%)  Lazy Block Frequency Analysis
   0.0000 (  0.0%)   0.0000 (  0.0%)   0.0000 (  0.0%)   0.0000 (  0.0%)  Lazy Branch Probability Analysis
   0.0000 (  0.0%)   0.0000 (  0.0%)   0.0000 (  0.0%)   0.0000 (  0.0%)  Interface Analysis
   0.0000 (  0.0%)   0.0000 (  0.0%)   0.0000 (  0.0%)   0.0000 (  0.0%)  Lazy Branch Probability Analysis
   0.0000 (  0.0%)   0.0000 (  0.0%)   0.0000 (  0.0%)   0.0000 (  0.0%)  Memory Dependence Analysis
   0.0000 (  0.0%)   0.0000 (  0.0%)   0.0000 (  0.0%)   0.0000 (  0.0%)  Basic Alias Analysis (stateless AA impl)
   0.0000 (  0.0%)   0.0000 (  0.0%)   0.0000 (  0.0%)   0.0000 (  0.0%)  Interface Analysis
   0.0000 (  0.0%)   0.0000 (  0.0%)   0.0000 (  0.0%)   0.0000 (  0.0%)  Interface Analysis
   0.0000 (  0.0%)   0.0000 (  0.0%)   0.0000 (  0.0%)   0.0000 (  0.0%)  Lazy Branch Probability Analysis
   0.0000 (  0.0%)   0.0000 (  0.0%)   0.0000 (  0.0%)   0.0000 (  0.0%)  Lazy Block Frequency Analysis
   0.0000 (  0.0%)   0.0000 (  0.0%)   0.0000 (  0.0%)   0.0000 (  0.0%)  ScalarEvolution-based Alias Analysis
   0.0000 (  0.0%)   0.0000 (  0.0%)   0.0000 (  0.0%)   0.0000 (  0.0%)  Interface Analysis
   0.0000 (  0.0%)   0.0000 (  0.0%)   0.0000 (  0.0%)   0.0000 (  0.0%)  Basic Alias Analysis (stateless AA impl)
   0.0000 (  0.0%)   0.0000 (  0.0%)   0.0000 (  0.0%)   0.0000 (  0.0%)  Lazy Branch Probability Analysis
   0.0000 (  0.0%)   0.0000 (  0.0%)   0.0000 (  0.0%)   0.0000 (  0.0%)  Revert PPPO for array-to-stream
   0.0000 (  0.0%)   0.0000 (  0.0%)   0.0000 (  0.0%)   0.0000 (  0.0%)  LCSSA Verifier
   0.0000 (  0.0%)   0.0000 (  0.0%)   0.0000 (  0.0%)   0.0000 (  0.0%)  LCSSA Verifier
   0.0000 (  0.0%)   0.0000 (  0.0%)   0.0000 (  0.0%)   0.0000 (  0.0%)  Basic Alias Analysis (stateless AA impl)
   0.0000 (  0.0%)   0.0000 (  0.0%)   0.0000 (  0.0%)   0.0000 (  0.0%)  Interface Analysis
   0.0000 (  0.0%)   0.0000 (  0.0%)   0.0000 (  0.0%)   0.0000 (  0.0%)  Interface Analysis
   0.0000 (  0.0%)   0.0000 (  0.0%)   0.0000 (  0.0%)   0.0000 (  0.0%)  Lazy Block Frequency Analysis
   0.0000 (  0.0%)   0.0000 (  0.0%)   0.0000 (  0.0%)   0.0000 (  0.0%)  Optimization Remark Emitter
   0.0000 (  0.0%)   0.0000 (  0.0%)   0.0000 (  0.0%)   0.0000 (  0.0%)  Lazy Branch Probability Analysis
   0.0000 (  0.0%)   0.0000 (  0.0%)   0.0000 (  0.0%)   0.0000 (  0.0%)  Interface Analysis
   0.0000 (  0.0%)   0.0000 (  0.0%)   0.0000 (  0.0%)   0.0000 (  0.0%)  Optimization Remark Emitter
   0.0000 (  0.0%)   0.0000 (  0.0%)   0.0000 (  0.0%)   0.0000 (  0.0%)  Lazy Block Frequency Analysis
   0.0000 (  0.0%)   0.0000 (  0.0%)   0.0000 (  0.0%)   0.0000 (  0.0%)  Interface Analysis
   0.0000 (  0.0%)   0.0000 (  0.0%)   0.0000 (  0.0%)   0.0000 (  0.0%)  Eliminate guard varible
   0.0000 (  0.0%)   0.0000 (  0.0%)   0.0000 (  0.0%)   0.0000 (  0.0%)  A No-Op Barrier Pass
   0.0000 (  0.0%)   0.0000 (  0.0%)   0.0000 (  0.0%)   0.0000 (  0.0%)  LCSSA Verifier
   0.0000 (  0.0%)   0.0000 (  0.0%)   0.0000 (  0.0%)   0.0000 (  0.0%)  Optimization Remark Emitter
   0.0000 (  0.0%)   0.0000 (  0.0%)   0.0000 (  0.0%)   0.0000 (  0.0%)  Basic Alias Analysis (stateless AA impl)
   0.0000 (  0.0%)   0.0000 (  0.0%)   0.0000 (  0.0%)   0.0000 (  0.0%)  Interface Analysis
   0.0000 (  0.0%)   0.0000 (  0.0%)   0.0000 (  0.0%)   0.0000 (  0.0%)  Optimization Remark Emitter
   0.0000 (  0.0%)   0.0000 (  0.0%)   0.0000 (  0.0%)   0.0000 (  0.0%)  Entirety access check on array-to-stream
   0.0000 (  0.0%)   0.0000 (  0.0%)   0.0000 (  0.0%)   0.0000 (  0.0%)  Optimization Remark Emitter
   0.0000 (  0.0%)   0.0000 (  0.0%)   0.0000 (  0.0%)   0.0000 (  0.0%)  Lazy Block Frequency Analysis
   0.0000 (  0.0%)   0.0000 (  0.0%)   0.0000 (  0.0%)   0.0000 (  0.0%)  Optimization Remark Emitter
   0.0000 (  0.0%)   0.0000 (  0.0%)   0.0000 (  0.0%)   0.0000 (  0.0%)  Lazy Block Frequency Analysis
   0.0000 (  0.0%)   0.0000 (  0.0%)   0.0000 (  0.0%)   0.0000 (  0.0%)  Interface Analysis
   0.0000 (  0.0%)   0.0000 (  0.0%)   0.0000 (  0.0%)   0.0000 (  0.0%)  LCSSA Verifier
   0.0000 (  0.0%)   0.0000 (  0.0%)   0.0000 (  0.0%)   0.0000 (  0.0%)  Lazy Block Frequency Analysis
   0.0000 (  0.0%)   0.0000 (  0.0%)   0.0000 (  0.0%)   0.0000 (  0.0%)  A No-Op Barrier Pass
   0.0000 (  0.0%)   0.0000 (  0.0%)   0.0000 (  0.0%)   0.0000 (  0.0%)  Lazy Branch Probability Analysis
   0.0000 (  0.0%)   0.0000 (  0.0%)   0.0000 (  0.0%)   0.0000 (  0.0%)  Optimization Remark Emitter
   0.0000 (  0.0%)   0.0000 (  0.0%)   0.0000 (  0.0%)   0.0000 (  0.0%)  LCSSA Verifier
   0.0000 (  0.0%)   0.0000 (  0.0%)   0.0000 (  0.0%)   0.0000 (  0.0%)  LCSSA Verifier
   0.0000 (  0.0%)   0.0000 (  0.0%)   0.0000 (  0.0%)   0.0000 (  0.0%)  Interface Analysis
   0.0000 (  0.0%)   0.0000 (  0.0%)   0.0000 (  0.0%)   0.0000 (  0.0%)  LCSSA Verifier
   0.0000 (  0.0%)   0.0000 (  0.0%)   0.0000 (  0.0%)   0.0000 (  0.0%)  LCSSA Verifier
   0.0000 (  0.0%)   0.0000 (  0.0%)   0.0000 (  0.0%)   0.0000 (  0.0%)  Function Alias Analysis Results
   0.0000 (  0.0%)   0.0000 (  0.0%)   0.0000 (  0.0%)   0.0000 (  0.0%)  LCSSA Verifier
   0.0000 (  0.0%)   0.0000 (  0.0%)   0.0000 (  0.0%)   0.0000 (  0.0%)  Lazy Branch Probability Analysis
   0.0000 (  0.0%)   0.0000 (  0.0%)   0.0000 (  0.0%)   0.0000 (  0.0%)  ScalarEvolution-based Alias Analysis
   0.0000 (  0.0%)   0.0000 (  0.0%)   0.0000 (  0.0%)   0.0000 (  0.0%)  Interface Analysis
   0.0000 (  0.0%)   0.0000 (  0.0%)   0.0000 (  0.0%)   0.0000 (  0.0%)  Collect basic metrics for FE reflow
   0.0000 (  0.0%)   0.0000 (  0.0%)   0.0000 (  0.0%)   0.0000 (  0.0%)  LCSSA Verifier
   0.0000 (  0.0%)   0.0000 (  0.0%)   0.0000 (  0.0%)   0.0000 (  0.0%)  Lazy Block Frequency Analysis
   0.0000 (  0.0%)   0.0000 (  0.0%)   0.0000 (  0.0%)   0.0000 (  0.0%)  ScalarEvolution-based Alias Analysis
   0.0000 (  0.0%)   0.0000 (  0.0%)   0.0000 (  0.0%)   0.0000 (  0.0%)  Optimization Remark Emitter
   0.0000 (  0.0%)   0.0000 (  0.0%)   0.0000 (  0.0%)   0.0000 (  0.0%)  Optimization Remark Emitter
   0.0000 (  0.0%)   0.0000 (  0.0%)   0.0000 (  0.0%)   0.0000 (  0.0%)  Lazy Block Frequency Analysis
   0.0000 (  0.0%)   0.0000 (  0.0%)   0.0000 (  0.0%)   0.0000 (  0.0%)  Target Transform Information
   0.0000 (  0.0%)   0.0000 (  0.0%)   0.0000 (  0.0%)   0.0000 (  0.0%)  LCSSA Verifier
   0.0000 (  0.0%)   0.0000 (  0.0%)   0.0000 (  0.0%)   0.0000 (  0.0%)  A No-Op Barrier Pass
   0.0000 (  0.0%)   0.0000 (  0.0%)   0.0000 (  0.0%)   0.0000 (  0.0%)  Interface Analysis
   0.0000 (  0.0%)   0.0000 (  0.0%)   0.0000 (  0.0%)   0.0000 (  0.0%)  Optimization Remark Emitter
   0.0000 (  0.0%)   0.0000 (  0.0%)   0.0000 (  0.0%)   0.0000 (  0.0%)  Optimization Remark Emitter
   0.0000 (  0.0%)   0.0000 (  0.0%)   0.0000 (  0.0%)   0.0000 (  0.0%)  Optimization Remark Emitter
   0.0000 (  0.0%)   0.0000 (  0.0%)   0.0000 (  0.0%)   0.0000 (  0.0%)  LCSSA Verifier
   0.0000 (  0.0%)   0.0000 (  0.0%)   0.0000 (  0.0%)   0.0000 (  0.0%)  Lazy Block Frequency Analysis
   0.0000 (  0.0%)   0.0000 (  0.0%)   0.0000 (  0.0%)   0.0000 (  0.0%)  Target Library Information
   0.0000 (  0.0%)   0.0000 (  0.0%)   0.0000 (  0.0%)   0.0000 (  0.0%)  Optimization Remark Emitter
   0.0000 (  0.0%)   0.0000 (  0.0%)   0.0000 (  0.0%)   0.0000 (  0.0%)  LCSSA Verifier
   0.0000 (  0.0%)   0.0000 (  0.0%)   0.0000 (  0.0%)   0.0000 (  0.0%)  Profile summary info
   0.0000 (  0.0%)   0.0000 (  0.0%)   0.0000 (  0.0%)   0.0000 (  0.0%)  Optimization Remark Emitter
   0.0000 (  0.0%)   0.0000 (  0.0%)   0.0000 (  0.0%)   0.0000 (  0.0%)  A No-Op Barrier Pass
   0.0000 (  0.0%)   0.0000 (  0.0%)   0.0000 (  0.0%)   0.0000 (  0.0%)  Optimization Remark Emitter
   1.1563 (100.0%)   0.0313 (100.0%)   1.1875 (100.0%)   1.2360 (100.0%)  Total

===-------------------------------------------------------------------------===
                                LLVM IR Parsing
===-------------------------------------------------------------------------===
  Total Execution Time: 0.0000 seconds (0.0030 wall clock)

   ---Wall Time---  --- Name ---
   0.0030 (100.0%)  Parse IR
   0.0030 (100.0%)  Total

===-------------------------------------------------------------------------===
                          Clang front-end time report
===-------------------------------------------------------------------------===
  Total Execution Time: 1.2656 seconds (1.2601 wall clock)

   ---User Time---   --System Time--   --User+System--   ---Wall Time---  --- Name ---
   1.2344 (100.0%)   0.0313 (100.0%)   1.2656 (100.0%)   1.2601 (100.0%)  Clang front-end timer
   1.2344 (100.0%)   0.0313 (100.0%)   1.2656 (100.0%)   1.2601 (100.0%)  Total

