

================================================================
== Vitis HLS Report for 'top'
================================================================
* Date:           Thu Mar  5 00:42:53 2026

* Version:        2023.2 (Build 4023990 on Oct 11 2023)
* Project:        CGR_QR_WBS
* Solution:       solution1 (Vivado IP Flow Target)
* Product family: zynquplus
* Target device:  xczu7ev-ffvc1156-2-e


================================================================
== Performance Estimates
================================================================
+ Timing: 
    * Summary: 
    +--------+----------+----------+------------+
    |  Clock |  Target  | Estimated| Uncertainty|
    +--------+----------+----------+------------+
    |ap_clk  |  10.00 ns|  8.750 ns|     1.25 ns|
    +--------+----------+----------+------------+

+ Latency: 
    * Summary: 
    +---------+---------+----------+-----------+-----+------+---------+
    |  Latency (cycles) |  Latency (absolute)  |  Interval  | Pipeline|
    |   min   |   max   |    min   |    max    | min |  max |   Type  |
    +---------+---------+----------+-----------+-----+------+---------+
    |      931|     1675|  9.310 us|  16.750 us|  932|  1676|       no|
    +---------+---------+----------+-----------+-----+------+---------+

    + Detail: 
        * Instance: 
        +-----------------------------------------------------------+------------------------------------------------+---------+---------+----------+----------+-----+-----+---------+
        |                                                           |                                                |  Latency (cycles) |  Latency (absolute) |  Interval | Pipeline|
        |                          Instance                         |                     Module                     |   min   |   max   |    min   |    max   | min | max |   Type  |
        +-----------------------------------------------------------+------------------------------------------------+---------+---------+----------+----------+-----+-----+---------+
        |grp_top_Pipeline_READ_INIT_VITIS_LOOP_87_1_fu_632          |top_Pipeline_READ_INIT_VITIS_LOOP_87_1          |       67|       67|  0.670 us|  0.670 us|   67|   67|       no|
        |grp_top_Pipeline_VITIS_LOOP_181_6_VITIS_LOOP_183_7_fu_705  |top_Pipeline_VITIS_LOOP_181_6_VITIS_LOOP_183_7  |       30|       30|  0.300 us|  0.300 us|   30|   30|       no|
        |grp_top_Pipeline_VITIS_LOOP_190_8_VITIS_LOOP_192_9_fu_773  |top_Pipeline_VITIS_LOOP_190_8_VITIS_LOOP_192_9  |       18|       18|  0.180 us|  0.180 us|   18|   18|       no|
        |grp_top_Pipeline_VITIS_LOOP_119_2_fu_801                   |top_Pipeline_VITIS_LOOP_119_2                   |      188|      374|  1.880 us|  3.740 us|  188|  374|       no|
        |grp_top_Pipeline_WRITE_Q_VITIS_LOOP_206_10_fu_979          |top_Pipeline_WRITE_Q_VITIS_LOOP_206_10          |       65|       65|  0.650 us|  0.650 us|   65|   65|       no|
        |grp_top_Pipeline_WRITE_R_VITIS_LOOP_216_11_fu_998          |top_Pipeline_WRITE_R_VITIS_LOOP_216_11          |       41|       41|  0.410 us|  0.410 us|   41|   41|       no|
        +-----------------------------------------------------------+------------------------------------------------+---------+---------+----------+----------+-----+-----+---------+

        * Loop: 
        +--------------+---------+---------+-----------+-----------+-----------+------+----------+
        |              |  Latency (cycles) | Iteration |  Initiation Interval  | Trip |          |
        |   Loop Name  |   min   |   max   |  Latency  |  achieved |   target  | Count| Pipelined|
        +--------------+---------+---------+-----------+-----------+-----------+------+----------+
        |- GIVENS_QRD  |      764|     1508|  191 ~ 377|          -|          -|     4|        no|
        +--------------+---------+---------+-----------+-----------+-----------+------+----------+



================================================================
== Utilization Estimates
================================================================
* Summary: 
+-----------------+---------+------+--------+--------+-----+
|       Name      | BRAM_18K|  DSP |   FF   |   LUT  | URAM|
+-----------------+---------+------+--------+--------+-----+
|DSP              |        -|     -|       -|       -|    -|
|Expression       |        -|     -|       0|      68|    -|
|FIFO             |        -|     -|       -|       -|    -|
|Instance         |       24|    32|   22687|   21600|    0|
|Memory           |        0|     -|     512|      64|    0|
|Multiplexer      |        -|     -|       -|    1730|    -|
|Register         |        -|     -|    5555|       -|    -|
+-----------------+---------+------+--------+--------+-----+
|Total            |       24|    32|   28754|   23462|    0|
+-----------------+---------+------+--------+--------+-----+
|Available        |      624|  1728|  460800|  230400|   96|
+-----------------+---------+------+--------+--------+-----+
|Utilization (%)  |        3|     1|       6|      10|    0|
+-----------------+---------+------+--------+--------+-----+

+ Detail: 
    * Instance: 
    +-----------------------------------------------------------+------------------------------------------------+---------+----+-------+-------+-----+
    |                          Instance                         |                     Module                     | BRAM_18K| DSP|   FF  |  LUT  | URAM|
    +-----------------------------------------------------------+------------------------------------------------+---------+----+-------+-------+-----+
    |control_s_axi_U                                            |control_s_axi                                   |        0|   0|    246|    424|    0|
    |memA_m_axi_U                                               |memA_m_axi                                      |        8|   0|    884|    880|    0|
    |memQ_m_axi_U                                               |memQ_m_axi                                      |        8|   0|    884|    880|    0|
    |memR_m_axi_U                                               |memR_m_axi                                      |        8|   0|    884|    880|    0|
    |grp_top_Pipeline_READ_INIT_VITIS_LOOP_87_1_fu_632          |top_Pipeline_READ_INIT_VITIS_LOOP_87_1          |        0|   0|    468|   1666|    0|
    |grp_top_Pipeline_VITIS_LOOP_119_2_fu_801                   |top_Pipeline_VITIS_LOOP_119_2                   |        0|  32|  18048|  14423|    0|
    |grp_top_Pipeline_VITIS_LOOP_181_6_VITIS_LOOP_183_7_fu_705  |top_Pipeline_VITIS_LOOP_181_6_VITIS_LOOP_183_7  |        0|   0|     13|    479|    0|
    |grp_top_Pipeline_VITIS_LOOP_190_8_VITIS_LOOP_192_9_fu_773  |top_Pipeline_VITIS_LOOP_190_8_VITIS_LOOP_192_9  |        0|   0|     13|    226|    0|
    |grp_top_Pipeline_WRITE_Q_VITIS_LOOP_206_10_fu_979          |top_Pipeline_WRITE_Q_VITIS_LOOP_206_10          |        0|   0|    624|    871|    0|
    |grp_top_Pipeline_WRITE_R_VITIS_LOOP_216_11_fu_998          |top_Pipeline_WRITE_R_VITIS_LOOP_216_11          |        0|   0|    623|    871|    0|
    +-----------------------------------------------------------+------------------------------------------------+---------+----+-------+-------+-----+
    |Total                                                      |                                                |       24|  32|  22687|  21600|    0|
    +-----------------------------------------------------------+------------------------------------------------+---------+----+-------+-------+-----+

    * DSP: 
    N/A

    * Memory: 
    +----------------+--------------------------+---------+----+----+-----+------+-----+------+-------------+
    |     Memory     |          Module          | BRAM_18K| FF | LUT| URAM| Words| Bits| Banks| W*Bits*Banks|
    +----------------+--------------------------+---------+----+----+-----+------+-----+------+-------------+
    |Q_out_real_U    |Q_out_real_RAM_AUTO_1R1W  |        0|  32|   4|    0|     7|   32|     1|          224|
    |Q_out_real_1_U  |Q_out_real_RAM_AUTO_1R1W  |        0|  32|   4|    0|     7|   32|     1|          224|
    |Q_out_real_2_U  |Q_out_real_RAM_AUTO_1R1W  |        0|  32|   4|    0|     7|   32|     1|          224|
    |Q_out_real_3_U  |Q_out_real_RAM_AUTO_1R1W  |        0|  32|   4|    0|     7|   32|     1|          224|
    |Q_out_imag_U    |Q_out_real_RAM_AUTO_1R1W  |        0|  32|   4|    0|     7|   32|     1|          224|
    |Q_out_imag_1_U  |Q_out_real_RAM_AUTO_1R1W  |        0|  32|   4|    0|     7|   32|     1|          224|
    |Q_out_imag_2_U  |Q_out_real_RAM_AUTO_1R1W  |        0|  32|   4|    0|     7|   32|     1|          224|
    |Q_out_imag_3_U  |Q_out_real_RAM_AUTO_1R1W  |        0|  32|   4|    0|     7|   32|     1|          224|
    |R_out_real_U    |Q_out_real_RAM_AUTO_1R1W  |        0|  32|   4|    0|     7|   32|     1|          224|
    |R_out_real_1_U  |Q_out_real_RAM_AUTO_1R1W  |        0|  32|   4|    0|     7|   32|     1|          224|
    |R_out_real_2_U  |Q_out_real_RAM_AUTO_1R1W  |        0|  32|   4|    0|     7|   32|     1|          224|
    |R_out_real_3_U  |Q_out_real_RAM_AUTO_1R1W  |        0|  32|   4|    0|     7|   32|     1|          224|
    |R_out_imag_U    |Q_out_real_RAM_AUTO_1R1W  |        0|  32|   4|    0|     7|   32|     1|          224|
    |R_out_imag_1_U  |Q_out_real_RAM_AUTO_1R1W  |        0|  32|   4|    0|     7|   32|     1|          224|
    |R_out_imag_2_U  |Q_out_real_RAM_AUTO_1R1W  |        0|  32|   4|    0|     7|   32|     1|          224|
    |R_out_imag_3_U  |Q_out_real_RAM_AUTO_1R1W  |        0|  32|   4|    0|     7|   32|     1|          224|
    +----------------+--------------------------+---------+----+----+-----+------+-----+------+-------------+
    |Total           |                          |        0| 512|  64|    0|   112|  512|    16|         3584|
    +----------------+--------------------------+---------+----+----+-----+------+-----+------+-------------+

    * FIFO: 
    N/A

    * Expression: 
    +---------------------------------+----------+----+---+----+------------+------------+
    |          Variable Name          | Operation| DSP| FF| LUT| Bitwidth P0| Bitwidth P1|
    +---------------------------------+----------+----+---+----+------------+------------+
    |empty_39_fu_1806_p2              |         +|   0|  0|  10|           3|           2|
    |empty_40_fu_1820_p2              |         +|   0|  0|  10|           3|           2|
    |empty_fu_1442_p2                 |         +|   0|  0|  10|           3|           1|
    |icmp_ln117_fu_1436_p2            |      icmp|   0|  0|  12|           3|           4|
    |icmp_ln41_fu_1843_p2             |      icmp|   0|  0|  10|           2|           3|
    |ap_block_state6_on_subcall_done  |        or|   0|  0|   2|           1|           1|
    |ap_block_state8_on_subcall_done  |        or|   0|  0|   2|           1|           1|
    |xor_ln204_fu_1855_p2             |       xor|   0|  0|   4|           3|           4|
    |xor_ln214_fu_1868_p2             |       xor|   0|  0|   4|           3|           4|
    |xor_ln85_fu_1172_p2              |       xor|   0|  0|   4|           3|           4|
    +---------------------------------+----------+----+---+----+------------+------------+
    |Total                            |          |   0|  0|  68|          25|          26|
    +---------------------------------+----------+----+---+----+------------+------------+

    * Multiplexer: 
    +--------------------------+----+-----------+-----+-----------+
    |           Name           | LUT| Input Size| Bits| Total Bits|
    +--------------------------+----+-----------+-----+-----------+
    |Q_out_imag_1_address0     |  14|          3|    3|          9|
    |Q_out_imag_1_ce0          |  14|          3|    1|          3|
    |Q_out_imag_1_we0          |   9|          2|    1|          2|
    |Q_out_imag_2_address0     |  14|          3|    3|          9|
    |Q_out_imag_2_ce0          |  14|          3|    1|          3|
    |Q_out_imag_2_we0          |   9|          2|    1|          2|
    |Q_out_imag_3_address0     |  14|          3|    3|          9|
    |Q_out_imag_3_ce0          |  14|          3|    1|          3|
    |Q_out_imag_3_we0          |   9|          2|    1|          2|
    |Q_out_imag_address0       |  14|          3|    3|          9|
    |Q_out_imag_ce0            |  14|          3|    1|          3|
    |Q_out_imag_we0            |   9|          2|    1|          2|
    |Q_out_real_1_address0     |  14|          3|    3|          9|
    |Q_out_real_1_ce0          |  14|          3|    1|          3|
    |Q_out_real_1_we0          |   9|          2|    1|          2|
    |Q_out_real_2_address0     |  14|          3|    3|          9|
    |Q_out_real_2_ce0          |  14|          3|    1|          3|
    |Q_out_real_2_we0          |   9|          2|    1|          2|
    |Q_out_real_3_address0     |  14|          3|    3|          9|
    |Q_out_real_3_ce0          |  14|          3|    1|          3|
    |Q_out_real_3_we0          |   9|          2|    1|          2|
    |Q_out_real_address0       |  14|          3|    3|          9|
    |Q_out_real_ce0            |  14|          3|    1|          3|
    |Q_out_real_we0            |   9|          2|    1|          2|
    |R_out_imag_1_address0     |  14|          3|    3|          9|
    |R_out_imag_1_ce0          |  14|          3|    1|          3|
    |R_out_imag_1_we0          |   9|          2|    1|          2|
    |R_out_imag_2_address0     |  14|          3|    3|          9|
    |R_out_imag_2_ce0          |  14|          3|    1|          3|
    |R_out_imag_2_we0          |   9|          2|    1|          2|
    |R_out_imag_3_address0     |  14|          3|    3|          9|
    |R_out_imag_3_ce0          |  14|          3|    1|          3|
    |R_out_imag_3_we0          |   9|          2|    1|          2|
    |R_out_imag_address0       |  14|          3|    3|          9|
    |R_out_imag_ce0            |  14|          3|    1|          3|
    |R_out_imag_we0            |   9|          2|    1|          2|
    |R_out_real_1_address0     |  14|          3|    3|          9|
    |R_out_real_1_ce0          |  14|          3|    1|          3|
    |R_out_real_1_we0          |   9|          2|    1|          2|
    |R_out_real_2_address0     |  14|          3|    3|          9|
    |R_out_real_2_ce0          |  14|          3|    1|          3|
    |R_out_real_2_we0          |   9|          2|    1|          2|
    |R_out_real_3_address0     |  14|          3|    3|          9|
    |R_out_real_3_ce0          |  14|          3|    1|          3|
    |R_out_real_3_we0          |   9|          2|    1|          2|
    |R_out_real_address0       |  14|          3|    3|          9|
    |R_out_real_ce0            |  14|          3|    1|          3|
    |R_out_real_we0            |   9|          2|    1|          2|
    |ap_NS_fsm                 |  49|          9|    1|          9|
    |k_fu_98                   |   9|          2|    3|          6|
    |memA_ARVALID              |   9|          2|    1|          2|
    |memA_RREADY               |   9|          2|    1|          2|
    |memQ_AWVALID              |   9|          2|    1|          2|
    |memQ_BREADY               |   9|          2|    1|          2|
    |memQ_WVALID               |   9|          2|    1|          2|
    |memR_AWVALID              |   9|          2|    1|          2|
    |memR_BREADY               |   9|          2|    1|          2|
    |memR_WVALID               |   9|          2|    1|          2|
    |mux_case_01022977_fu_150  |   9|          2|   32|         64|
    |mux_case_01073029_fu_166  |   9|          2|   32|         64|
    |mux_case_01113081_fu_182  |   9|          2|   32|         64|
    |mux_case_01153131_fu_198  |   9|          2|   32|         64|
    |mux_case_01203177_fu_214  |   9|          2|   32|         64|
    |mux_case_01253229_fu_230  |   9|          2|   32|         64|
    |mux_case_01303281_fu_246  |   9|          2|   32|         64|
    |mux_case_01353333_fu_262  |   9|          2|   32|         64|
    |mux_case_01403385_fu_278  |   9|          2|   32|         64|
    |mux_case_01703435_fu_294  |   9|          2|   32|         64|
    |mux_case_01993479_fu_310  |   9|          2|   32|         64|
    |mux_case_02827_fu_102     |   9|          2|   32|         64|
    |mux_case_04303519_fu_326  |   9|          2|   32|         64|
    |mux_case_04353552_fu_342  |   9|          2|   32|         64|
    |mux_case_04403585_fu_358  |   9|          2|   32|         64|
    |mux_case_04453618_fu_374  |   9|          2|   32|         64|
    |mux_case_04503651_fu_390  |   9|          2|   32|         64|
    |mux_case_04553684_fu_406  |   9|          2|   32|         64|
    |mux_case_04603717_fu_422  |   9|          2|   32|         64|
    |mux_case_04653750_fu_438  |   9|          2|   32|         64|
    |mux_case_04703783_fu_454  |   9|          2|   32|         64|
    |mux_case_04753816_fu_470  |   9|          2|   32|         64|
    |mux_case_04803849_fu_486  |   9|          2|   32|         64|
    |mux_case_04853882_fu_502  |   9|          2|   32|         64|
    |mux_case_05153915_fu_518  |   9|          2|   32|         64|
    |mux_case_05453948_fu_534  |   9|          2|   32|         64|
    |mux_case_0922873_fu_118   |   9|          2|   32|         64|
    |mux_case_0972925_fu_134   |   9|          2|   32|         64|
    |mux_case_11032990_fu_154  |   9|          2|   32|         64|
    |mux_case_11083042_fu_170  |   9|          2|   32|         64|
    |mux_case_11123094_fu_186  |   9|          2|   32|         64|
    |mux_case_11163142_fu_202  |   9|          2|   32|         64|
    |mux_case_11213190_fu_218  |   9|          2|   32|         64|
    |mux_case_11263242_fu_234  |   9|          2|   32|         64|
    |mux_case_11313294_fu_250  |   9|          2|   32|         64|
    |mux_case_11363346_fu_266  |   9|          2|   32|         64|
    |mux_case_11413398_fu_282  |   9|          2|   32|         64|
    |mux_case_11713446_fu_298  |   9|          2|   32|         64|
    |mux_case_12003490_fu_314  |   9|          2|   32|         64|
    |mux_case_12838_fu_106     |   9|          2|   32|         64|
    |mux_case_14313528_fu_330  |   9|          2|   32|         64|
    |mux_case_14363560_fu_346  |   9|          2|   32|         64|
    |mux_case_14413593_fu_362  |   9|          2|   32|         64|
    |mux_case_14463626_fu_378  |   9|          2|   32|         64|
    |mux_case_14513660_fu_394  |   9|          2|   32|         64|
    |mux_case_14563692_fu_410  |   9|          2|   32|         64|
    |mux_case_14613726_fu_426  |   9|          2|   32|         64|
    |mux_case_14663758_fu_442  |   9|          2|   32|         64|
    |mux_case_14713791_fu_458  |   9|          2|   32|         64|
    |mux_case_14763824_fu_474  |   9|          2|   32|         64|
    |mux_case_14813858_fu_490  |   9|          2|   32|         64|
    |mux_case_14863890_fu_506  |   9|          2|   32|         64|
    |mux_case_15163923_fu_522  |   9|          2|   32|         64|
    |mux_case_15463956_fu_538  |   9|          2|   32|         64|
    |mux_case_1932886_fu_122   |   9|          2|   32|         64|
    |mux_case_1982938_fu_138   |   9|          2|   32|         64|
    |mux_case_21043003_fu_158  |   9|          2|   32|         64|
    |mux_case_21093055_fu_174  |   9|          2|   32|         64|
    |mux_case_21133107_fu_190  |   9|          2|   32|         64|
    |mux_case_21173153_fu_206  |   9|          2|   32|         64|
    |mux_case_21223203_fu_222  |   9|          2|   32|         64|
    |mux_case_21273255_fu_238  |   9|          2|   32|         64|
    |mux_case_21323307_fu_254  |   9|          2|   32|         64|
    |mux_case_21373359_fu_270  |   9|          2|   32|         64|
    |mux_case_21423411_fu_286  |   9|          2|   32|         64|
    |mux_case_21723457_fu_302  |   9|          2|   32|         64|
    |mux_case_22013501_fu_318  |   9|          2|   32|         64|
    |mux_case_22849_fu_110     |   9|          2|   32|         64|
    |mux_case_24323536_fu_334  |   9|          2|   32|         64|
    |mux_case_24373569_fu_350  |   9|          2|   32|         64|
    |mux_case_24423601_fu_366  |   9|          2|   32|         64|
    |mux_case_24473634_fu_382  |   9|          2|   32|         64|
    |mux_case_24523668_fu_398  |   9|          2|   32|         64|
    |mux_case_24573701_fu_414  |   9|          2|   32|         64|
    |mux_case_24623734_fu_430  |   9|          2|   32|         64|
    |mux_case_24673767_fu_446  |   9|          2|   32|         64|
    |mux_case_24723799_fu_462  |   9|          2|   32|         64|
    |mux_case_24773832_fu_478  |   9|          2|   32|         64|
    |mux_case_24823866_fu_494  |   9|          2|   32|         64|
    |mux_case_24873899_fu_510  |   9|          2|   32|         64|
    |mux_case_25173931_fu_526  |   9|          2|   32|         64|
    |mux_case_25473964_fu_542  |   9|          2|   32|         64|
    |mux_case_2942899_fu_126   |   9|          2|   32|         64|
    |mux_case_2992951_fu_142   |   9|          2|   32|         64|
    |mux_case_31002964_fu_146  |   9|          2|   32|         64|
    |mux_case_31053016_fu_162  |   9|          2|   32|         64|
    |mux_case_31103068_fu_178  |   9|          2|   32|         64|
    |mux_case_31143120_fu_194  |   9|          2|   32|         64|
    |mux_case_31183164_fu_210  |   9|          2|   32|         64|
    |mux_case_31233216_fu_226  |   9|          2|   32|         64|
    |mux_case_31283268_fu_242  |   9|          2|   32|         64|
    |mux_case_31333320_fu_258  |   9|          2|   32|         64|
    |mux_case_31383372_fu_274  |   9|          2|   32|         64|
    |mux_case_31433424_fu_290  |   9|          2|   32|         64|
    |mux_case_31733468_fu_306  |   9|          2|   32|         64|
    |mux_case_32023512_fu_322  |   9|          2|   32|         64|
    |mux_case_32860_fu_114     |   9|          2|   32|         64|
    |mux_case_34333544_fu_338  |   9|          2|   32|         64|
    |mux_case_34383577_fu_354  |   9|          2|   32|         64|
    |mux_case_34433610_fu_370  |   9|          2|   32|         64|
    |mux_case_34483642_fu_386  |   9|          2|   32|         64|
    |mux_case_34533676_fu_402  |   9|          2|   32|         64|
    |mux_case_34583709_fu_418  |   9|          2|   32|         64|
    |mux_case_34633742_fu_434  |   9|          2|   32|         64|
    |mux_case_34683775_fu_450  |   9|          2|   32|         64|
    |mux_case_34733808_fu_466  |   9|          2|   32|         64|
    |mux_case_34783840_fu_482  |   9|          2|   32|         64|
    |mux_case_34833874_fu_498  |   9|          2|   32|         64|
    |mux_case_34883907_fu_514  |   9|          2|   32|         64|
    |mux_case_35183940_fu_530  |   9|          2|   32|         64|
    |mux_case_35483973_fu_546  |   9|          2|   32|         64|
    |mux_case_3952912_fu_130   |   9|          2|   32|         64|
    +--------------------------+----+-----------+-----+-----------+
    |Total                     |1730|        379| 3676|       7423|
    +--------------------------+----+-----------+-----+-----------+

    * Register: 
    +------------------------------------------------------------------------+----+----+-----+-----------+
    |                                  Name                                  | FF | LUT| Bits| Const Bits|
    +------------------------------------------------------------------------+----+----+-----+-----------+
    |A_DRAM_read_reg_2678                                                    |  64|   0|   64|          0|
    |Q_DRAM_read_reg_2672                                                    |  64|   0|   64|          0|
    |R_DRAM_read_reg_2666                                                    |  64|   0|   64|          0|
    |ap_CS_fsm                                                               |   8|   0|    8|          0|
    |empty_41_reg_3209                                                       |   2|   0|    2|          0|
    |empty_42_reg_3214                                                       |   2|   0|    2|          0|
    |empty_reg_2708                                                          |   3|   0|    3|          0|
    |grp_top_Pipeline_READ_INIT_VITIS_LOOP_87_1_fu_632_ap_start_reg          |   1|   0|    1|          0|
    |grp_top_Pipeline_VITIS_LOOP_119_2_fu_801_ap_start_reg                   |   1|   0|    1|          0|
    |grp_top_Pipeline_VITIS_LOOP_181_6_VITIS_LOOP_183_7_fu_705_ap_start_reg  |   1|   0|    1|          0|
    |grp_top_Pipeline_VITIS_LOOP_190_8_VITIS_LOOP_192_9_fu_773_ap_start_reg  |   1|   0|    1|          0|
    |grp_top_Pipeline_WRITE_Q_VITIS_LOOP_206_10_fu_979_ap_start_reg          |   1|   0|    1|          0|
    |grp_top_Pipeline_WRITE_R_VITIS_LOOP_216_11_fu_998_ap_start_reg          |   1|   0|    1|          0|
    |icmp_ln41_reg_3219                                                      |   1|   0|    1|          0|
    |k_1_reg_2693                                                            |   3|   0|    3|          0|
    |k_fu_98                                                                 |   3|   0|    3|          0|
    |mux_case_01022977_fu_150                                                |  32|   0|   32|          0|
    |mux_case_01073029_fu_166                                                |  32|   0|   32|          0|
    |mux_case_01073029_load_reg_2714                                         |  32|   0|   32|          0|
    |mux_case_01113081_fu_182                                                |  32|   0|   32|          0|
    |mux_case_01113081_load_reg_2734                                         |  32|   0|   32|          0|
    |mux_case_01153131_fu_198                                                |  32|   0|   32|          0|
    |mux_case_01203177_fu_214                                                |  32|   0|   32|          0|
    |mux_case_01203177_load_reg_2769                                         |  32|   0|   32|          0|
    |mux_case_01253229_fu_230                                                |  32|   0|   32|          0|
    |mux_case_01253229_load_reg_2789                                         |  32|   0|   32|          0|
    |mux_case_01303281_fu_246                                                |  32|   0|   32|          0|
    |mux_case_01303281_load_reg_2809                                         |  32|   0|   32|          0|
    |mux_case_01353333_fu_262                                                |  32|   0|   32|          0|
    |mux_case_01353333_load_reg_2829                                         |  32|   0|   32|          0|
    |mux_case_01403385_fu_278                                                |  32|   0|   32|          0|
    |mux_case_01403385_load_reg_2849                                         |  32|   0|   32|          0|
    |mux_case_01703435_fu_294                                                |  32|   0|   32|          0|
    |mux_case_01703435_load_reg_2869                                         |  32|   0|   32|          0|
    |mux_case_01993479_fu_310                                                |  32|   0|   32|          0|
    |mux_case_01993479_load_reg_2889                                         |  32|   0|   32|          0|
    |mux_case_02827_fu_102                                                   |  32|   0|   32|          0|
    |mux_case_04303519_fu_326                                                |  32|   0|   32|          0|
    |mux_case_04353552_fu_342                                                |  32|   0|   32|          0|
    |mux_case_04403585_fu_358                                                |  32|   0|   32|          0|
    |mux_case_04453618_fu_374                                                |  32|   0|   32|          0|
    |mux_case_04503651_fu_390                                                |  32|   0|   32|          0|
    |mux_case_04553684_fu_406                                                |  32|   0|   32|          0|
    |mux_case_04603717_fu_422                                                |  32|   0|   32|          0|
    |mux_case_04653750_fu_438                                                |  32|   0|   32|          0|
    |mux_case_04703783_fu_454                                                |  32|   0|   32|          0|
    |mux_case_04753816_fu_470                                                |  32|   0|   32|          0|
    |mux_case_04803849_fu_486                                                |  32|   0|   32|          0|
    |mux_case_04853882_fu_502                                                |  32|   0|   32|          0|
    |mux_case_05153915_fu_518                                                |  32|   0|   32|          0|
    |mux_case_05453948_fu_534                                                |  32|   0|   32|          0|
    |mux_case_0922873_fu_118                                                 |  32|   0|   32|          0|
    |mux_case_0972925_fu_134                                                 |  32|   0|   32|          0|
    |mux_case_11032990_fu_154                                                |  32|   0|   32|          0|
    |mux_case_11083042_fu_170                                                |  32|   0|   32|          0|
    |mux_case_11083042_load_reg_2719                                         |  32|   0|   32|          0|
    |mux_case_11123094_fu_186                                                |  32|   0|   32|          0|
    |mux_case_11123094_load_reg_2739                                         |  32|   0|   32|          0|
    |mux_case_11163142_fu_202                                                |  32|   0|   32|          0|
    |mux_case_11163142_load_reg_2754                                         |  32|   0|   32|          0|
    |mux_case_11213190_fu_218                                                |  32|   0|   32|          0|
    |mux_case_11213190_load_reg_2774                                         |  32|   0|   32|          0|
    |mux_case_11263242_fu_234                                                |  32|   0|   32|          0|
    |mux_case_11263242_load_reg_2794                                         |  32|   0|   32|          0|
    |mux_case_11313294_fu_250                                                |  32|   0|   32|          0|
    |mux_case_11313294_load_reg_2814                                         |  32|   0|   32|          0|
    |mux_case_11363346_fu_266                                                |  32|   0|   32|          0|
    |mux_case_11363346_load_reg_2834                                         |  32|   0|   32|          0|
    |mux_case_11413398_fu_282                                                |  32|   0|   32|          0|
    |mux_case_11413398_load_reg_2854                                         |  32|   0|   32|          0|
    |mux_case_11713446_fu_298                                                |  32|   0|   32|          0|
    |mux_case_11713446_load_reg_2874                                         |  32|   0|   32|          0|
    |mux_case_12003490_fu_314                                                |  32|   0|   32|          0|
    |mux_case_12003490_load_reg_2894                                         |  32|   0|   32|          0|
    |mux_case_12838_fu_106                                                   |  32|   0|   32|          0|
    |mux_case_14313528_fu_330                                                |  32|   0|   32|          0|
    |mux_case_14363560_fu_346                                                |  32|   0|   32|          0|
    |mux_case_14413593_fu_362                                                |  32|   0|   32|          0|
    |mux_case_14463626_fu_378                                                |  32|   0|   32|          0|
    |mux_case_14513660_fu_394                                                |  32|   0|   32|          0|
    |mux_case_14563692_fu_410                                                |  32|   0|   32|          0|
    |mux_case_14613726_fu_426                                                |  32|   0|   32|          0|
    |mux_case_14663758_fu_442                                                |  32|   0|   32|          0|
    |mux_case_14713791_fu_458                                                |  32|   0|   32|          0|
    |mux_case_14763824_fu_474                                                |  32|   0|   32|          0|
    |mux_case_14813858_fu_490                                                |  32|   0|   32|          0|
    |mux_case_14863890_fu_506                                                |  32|   0|   32|          0|
    |mux_case_15163923_fu_522                                                |  32|   0|   32|          0|
    |mux_case_15463956_fu_538                                                |  32|   0|   32|          0|
    |mux_case_1932886_fu_122                                                 |  32|   0|   32|          0|
    |mux_case_1982938_fu_138                                                 |  32|   0|   32|          0|
    |mux_case_21043003_fu_158                                                |  32|   0|   32|          0|
    |mux_case_21093055_fu_174                                                |  32|   0|   32|          0|
    |mux_case_21093055_load_reg_2724                                         |  32|   0|   32|          0|
    |mux_case_21133107_fu_190                                                |  32|   0|   32|          0|
    |mux_case_21133107_load_reg_2744                                         |  32|   0|   32|          0|
    |mux_case_21173153_fu_206                                                |  32|   0|   32|          0|
    |mux_case_21173153_load_reg_2759                                         |  32|   0|   32|          0|
    |mux_case_21223203_fu_222                                                |  32|   0|   32|          0|
    |mux_case_21223203_load_reg_2779                                         |  32|   0|   32|          0|
    |mux_case_21273255_fu_238                                                |  32|   0|   32|          0|
    |mux_case_21273255_load_reg_2799                                         |  32|   0|   32|          0|
    |mux_case_21323307_fu_254                                                |  32|   0|   32|          0|
    |mux_case_21323307_load_reg_2819                                         |  32|   0|   32|          0|
    |mux_case_21373359_fu_270                                                |  32|   0|   32|          0|
    |mux_case_21373359_load_reg_2839                                         |  32|   0|   32|          0|
    |mux_case_21423411_fu_286                                                |  32|   0|   32|          0|
    |mux_case_21423411_load_reg_2859                                         |  32|   0|   32|          0|
    |mux_case_21723457_fu_302                                                |  32|   0|   32|          0|
    |mux_case_21723457_load_reg_2879                                         |  32|   0|   32|          0|
    |mux_case_22013501_fu_318                                                |  32|   0|   32|          0|
    |mux_case_22013501_load_reg_2899                                         |  32|   0|   32|          0|
    |mux_case_22849_fu_110                                                   |  32|   0|   32|          0|
    |mux_case_24323536_fu_334                                                |  32|   0|   32|          0|
    |mux_case_24373569_fu_350                                                |  32|   0|   32|          0|
    |mux_case_24423601_fu_366                                                |  32|   0|   32|          0|
    |mux_case_24473634_fu_382                                                |  32|   0|   32|          0|
    |mux_case_24523668_fu_398                                                |  32|   0|   32|          0|
    |mux_case_24573701_fu_414                                                |  32|   0|   32|          0|
    |mux_case_24623734_fu_430                                                |  32|   0|   32|          0|
    |mux_case_24673767_fu_446                                                |  32|   0|   32|          0|
    |mux_case_24723799_fu_462                                                |  32|   0|   32|          0|
    |mux_case_24773832_fu_478                                                |  32|   0|   32|          0|
    |mux_case_24823866_fu_494                                                |  32|   0|   32|          0|
    |mux_case_24873899_fu_510                                                |  32|   0|   32|          0|
    |mux_case_25173931_fu_526                                                |  32|   0|   32|          0|
    |mux_case_25473964_fu_542                                                |  32|   0|   32|          0|
    |mux_case_2942899_fu_126                                                 |  32|   0|   32|          0|
    |mux_case_2992951_fu_142                                                 |  32|   0|   32|          0|
    |mux_case_31002964_fu_146                                                |  32|   0|   32|          0|
    |mux_case_31053016_fu_162                                                |  32|   0|   32|          0|
    |mux_case_31103068_fu_178                                                |  32|   0|   32|          0|
    |mux_case_31103068_load_reg_2729                                         |  32|   0|   32|          0|
    |mux_case_31143120_fu_194                                                |  32|   0|   32|          0|
    |mux_case_31143120_load_reg_2749                                         |  32|   0|   32|          0|
    |mux_case_31183164_fu_210                                                |  32|   0|   32|          0|
    |mux_case_31183164_load_reg_2764                                         |  32|   0|   32|          0|
    |mux_case_31233216_fu_226                                                |  32|   0|   32|          0|
    |mux_case_31233216_load_reg_2784                                         |  32|   0|   32|          0|
    |mux_case_31283268_fu_242                                                |  32|   0|   32|          0|
    |mux_case_31283268_load_reg_2804                                         |  32|   0|   32|          0|
    |mux_case_31333320_fu_258                                                |  32|   0|   32|          0|
    |mux_case_31333320_load_reg_2824                                         |  32|   0|   32|          0|
    |mux_case_31383372_fu_274                                                |  32|   0|   32|          0|
    |mux_case_31383372_load_reg_2844                                         |  32|   0|   32|          0|
    |mux_case_31433424_fu_290                                                |  32|   0|   32|          0|
    |mux_case_31433424_load_reg_2864                                         |  32|   0|   32|          0|
    |mux_case_31733468_fu_306                                                |  32|   0|   32|          0|
    |mux_case_31733468_load_reg_2884                                         |  32|   0|   32|          0|
    |mux_case_32023512_fu_322                                                |  32|   0|   32|          0|
    |mux_case_32023512_load_reg_2904                                         |  32|   0|   32|          0|
    |mux_case_32860_fu_114                                                   |  32|   0|   32|          0|
    |mux_case_34333544_fu_338                                                |  32|   0|   32|          0|
    |mux_case_34383577_fu_354                                                |  32|   0|   32|          0|
    |mux_case_34433610_fu_370                                                |  32|   0|   32|          0|
    |mux_case_34483642_fu_386                                                |  32|   0|   32|          0|
    |mux_case_34533676_fu_402                                                |  32|   0|   32|          0|
    |mux_case_34583709_fu_418                                                |  32|   0|   32|          0|
    |mux_case_34633742_fu_434                                                |  32|   0|   32|          0|
    |mux_case_34683775_fu_450                                                |  32|   0|   32|          0|
    |mux_case_34733808_fu_466                                                |  32|   0|   32|          0|
    |mux_case_34783840_fu_482                                                |  32|   0|   32|          0|
    |mux_case_34833874_fu_498                                                |  32|   0|   32|          0|
    |mux_case_34883907_fu_514                                                |  32|   0|   32|          0|
    |mux_case_35183940_fu_530                                                |  32|   0|   32|          0|
    |mux_case_35483973_fu_546                                                |  32|   0|   32|          0|
    |mux_case_3952912_fu_130                                                 |  32|   0|   32|          0|
    |reg_1077                                                                |  32|   0|   32|          0|
    |reg_1083                                                                |  32|   0|   32|          0|
    |reg_1089                                                                |  32|   0|   32|          0|
    |reg_1095                                                                |  32|   0|   32|          0|
    |reg_1101                                                                |  32|   0|   32|          0|
    |reg_1107                                                                |  32|   0|   32|          0|
    |reg_1113                                                                |  32|   0|   32|          0|
    |reg_1119                                                                |  32|   0|   32|          0|
    |reg_1125                                                                |  32|   0|   32|          0|
    |reg_1131                                                                |  32|   0|   32|          0|
    |reg_1137                                                                |  32|   0|   32|          0|
    |reg_1143                                                                |  32|   0|   32|          0|
    |reg_1149                                                                |  32|   0|   32|          0|
    |reg_1155                                                                |  32|   0|   32|          0|
    |reg_1161                                                                |  32|   0|   32|          0|
    |tmp_19_reg_3199                                                         |   1|   0|    1|          0|
    |tmp_20_reg_3204                                                         |   1|   0|    1|          0|
    |tmp_reg_3194                                                            |   1|   0|    1|          0|
    |trunc_ln117_reg_2699                                                    |   2|   0|    2|          0|
    |trunc_ln204_reg_3224                                                    |   3|   0|    3|          0|
    |trunc_ln214_reg_3236                                                    |   3|   0|    3|          0|
    |trunc_ln85_reg_2683                                                     |   3|   0|    3|          0|
    |xor_ln204_reg_3230                                                      |   3|   0|    3|          0|
    |xor_ln214_reg_3242                                                      |   3|   0|    3|          0|
    |xor_ln85_reg_2688                                                       |   3|   0|    3|          0|
    +------------------------------------------------------------------------+----+----+-----+-----------+
    |Total                                                                   |5555|   0| 5555|          0|
    +------------------------------------------------------------------------+----+----+-----+-----------+



================================================================
== Interface
================================================================
* Summary: 
+-----------------------+-----+-----+------------+--------------+--------------+
|       RTL Ports       | Dir | Bits|  Protocol  | Source Object|    C Type    |
+-----------------------+-----+-----+------------+--------------+--------------+
|s_axi_control_AWVALID  |   in|    1|       s_axi|       control|        scalar|
|s_axi_control_AWREADY  |  out|    1|       s_axi|       control|        scalar|
|s_axi_control_AWADDR   |   in|    6|       s_axi|       control|        scalar|
|s_axi_control_WVALID   |   in|    1|       s_axi|       control|        scalar|
|s_axi_control_WREADY   |  out|    1|       s_axi|       control|        scalar|
|s_axi_control_WDATA    |   in|   32|       s_axi|       control|        scalar|
|s_axi_control_WSTRB    |   in|    4|       s_axi|       control|        scalar|
|s_axi_control_ARVALID  |   in|    1|       s_axi|       control|        scalar|
|s_axi_control_ARREADY  |  out|    1|       s_axi|       control|        scalar|
|s_axi_control_ARADDR   |   in|    6|       s_axi|       control|        scalar|
|s_axi_control_RVALID   |  out|    1|       s_axi|       control|        scalar|
|s_axi_control_RREADY   |   in|    1|       s_axi|       control|        scalar|
|s_axi_control_RDATA    |  out|   32|       s_axi|       control|        scalar|
|s_axi_control_RRESP    |  out|    2|       s_axi|       control|        scalar|
|s_axi_control_BVALID   |  out|    1|       s_axi|       control|        scalar|
|s_axi_control_BREADY   |   in|    1|       s_axi|       control|        scalar|
|s_axi_control_BRESP    |  out|    2|       s_axi|       control|        scalar|
|ap_clk                 |   in|    1|  ap_ctrl_hs|           top|  return value|
|ap_rst_n               |   in|    1|  ap_ctrl_hs|           top|  return value|
|interrupt              |  out|    1|  ap_ctrl_hs|           top|  return value|
|m_axi_memA_AWVALID     |  out|    1|       m_axi|          memA|       pointer|
|m_axi_memA_AWREADY     |   in|    1|       m_axi|          memA|       pointer|
|m_axi_memA_AWADDR      |  out|   64|       m_axi|          memA|       pointer|
|m_axi_memA_AWID        |  out|    1|       m_axi|          memA|       pointer|
|m_axi_memA_AWLEN       |  out|    8|       m_axi|          memA|       pointer|
|m_axi_memA_AWSIZE      |  out|    3|       m_axi|          memA|       pointer|
|m_axi_memA_AWBURST     |  out|    2|       m_axi|          memA|       pointer|
|m_axi_memA_AWLOCK      |  out|    2|       m_axi|          memA|       pointer|
|m_axi_memA_AWCACHE     |  out|    4|       m_axi|          memA|       pointer|
|m_axi_memA_AWPROT      |  out|    3|       m_axi|          memA|       pointer|
|m_axi_memA_AWQOS       |  out|    4|       m_axi|          memA|       pointer|
|m_axi_memA_AWREGION    |  out|    4|       m_axi|          memA|       pointer|
|m_axi_memA_AWUSER      |  out|    1|       m_axi|          memA|       pointer|
|m_axi_memA_WVALID      |  out|    1|       m_axi|          memA|       pointer|
|m_axi_memA_WREADY      |   in|    1|       m_axi|          memA|       pointer|
|m_axi_memA_WDATA       |  out|   64|       m_axi|          memA|       pointer|
|m_axi_memA_WSTRB       |  out|    8|       m_axi|          memA|       pointer|
|m_axi_memA_WLAST       |  out|    1|       m_axi|          memA|       pointer|
|m_axi_memA_WID         |  out|    1|       m_axi|          memA|       pointer|
|m_axi_memA_WUSER       |  out|    1|       m_axi|          memA|       pointer|
|m_axi_memA_ARVALID     |  out|    1|       m_axi|          memA|       pointer|
|m_axi_memA_ARREADY     |   in|    1|       m_axi|          memA|       pointer|
|m_axi_memA_ARADDR      |  out|   64|       m_axi|          memA|       pointer|
|m_axi_memA_ARID        |  out|    1|       m_axi|          memA|       pointer|
|m_axi_memA_ARLEN       |  out|    8|       m_axi|          memA|       pointer|
|m_axi_memA_ARSIZE      |  out|    3|       m_axi|          memA|       pointer|
|m_axi_memA_ARBURST     |  out|    2|       m_axi|          memA|       pointer|
|m_axi_memA_ARLOCK      |  out|    2|       m_axi|          memA|       pointer|
|m_axi_memA_ARCACHE     |  out|    4|       m_axi|          memA|       pointer|
|m_axi_memA_ARPROT      |  out|    3|       m_axi|          memA|       pointer|
|m_axi_memA_ARQOS       |  out|    4|       m_axi|          memA|       pointer|
|m_axi_memA_ARREGION    |  out|    4|       m_axi|          memA|       pointer|
|m_axi_memA_ARUSER      |  out|    1|       m_axi|          memA|       pointer|
|m_axi_memA_RVALID      |   in|    1|       m_axi|          memA|       pointer|
|m_axi_memA_RREADY      |  out|    1|       m_axi|          memA|       pointer|
|m_axi_memA_RDATA       |   in|   64|       m_axi|          memA|       pointer|
|m_axi_memA_RLAST       |   in|    1|       m_axi|          memA|       pointer|
|m_axi_memA_RID         |   in|    1|       m_axi|          memA|       pointer|
|m_axi_memA_RUSER       |   in|    1|       m_axi|          memA|       pointer|
|m_axi_memA_RRESP       |   in|    2|       m_axi|          memA|       pointer|
|m_axi_memA_BVALID      |   in|    1|       m_axi|          memA|       pointer|
|m_axi_memA_BREADY      |  out|    1|       m_axi|          memA|       pointer|
|m_axi_memA_BRESP       |   in|    2|       m_axi|          memA|       pointer|
|m_axi_memA_BID         |   in|    1|       m_axi|          memA|       pointer|
|m_axi_memA_BUSER       |   in|    1|       m_axi|          memA|       pointer|
|m_axi_memQ_AWVALID     |  out|    1|       m_axi|          memQ|       pointer|
|m_axi_memQ_AWREADY     |   in|    1|       m_axi|          memQ|       pointer|
|m_axi_memQ_AWADDR      |  out|   64|       m_axi|          memQ|       pointer|
|m_axi_memQ_AWID        |  out|    1|       m_axi|          memQ|       pointer|
|m_axi_memQ_AWLEN       |  out|    8|       m_axi|          memQ|       pointer|
|m_axi_memQ_AWSIZE      |  out|    3|       m_axi|          memQ|       pointer|
|m_axi_memQ_AWBURST     |  out|    2|       m_axi|          memQ|       pointer|
|m_axi_memQ_AWLOCK      |  out|    2|       m_axi|          memQ|       pointer|
|m_axi_memQ_AWCACHE     |  out|    4|       m_axi|          memQ|       pointer|
|m_axi_memQ_AWPROT      |  out|    3|       m_axi|          memQ|       pointer|
|m_axi_memQ_AWQOS       |  out|    4|       m_axi|          memQ|       pointer|
|m_axi_memQ_AWREGION    |  out|    4|       m_axi|          memQ|       pointer|
|m_axi_memQ_AWUSER      |  out|    1|       m_axi|          memQ|       pointer|
|m_axi_memQ_WVALID      |  out|    1|       m_axi|          memQ|       pointer|
|m_axi_memQ_WREADY      |   in|    1|       m_axi|          memQ|       pointer|
|m_axi_memQ_WDATA       |  out|   64|       m_axi|          memQ|       pointer|
|m_axi_memQ_WSTRB       |  out|    8|       m_axi|          memQ|       pointer|
|m_axi_memQ_WLAST       |  out|    1|       m_axi|          memQ|       pointer|
|m_axi_memQ_WID         |  out|    1|       m_axi|          memQ|       pointer|
|m_axi_memQ_WUSER       |  out|    1|       m_axi|          memQ|       pointer|
|m_axi_memQ_ARVALID     |  out|    1|       m_axi|          memQ|       pointer|
|m_axi_memQ_ARREADY     |   in|    1|       m_axi|          memQ|       pointer|
|m_axi_memQ_ARADDR      |  out|   64|       m_axi|          memQ|       pointer|
|m_axi_memQ_ARID        |  out|    1|       m_axi|          memQ|       pointer|
|m_axi_memQ_ARLEN       |  out|    8|       m_axi|          memQ|       pointer|
|m_axi_memQ_ARSIZE      |  out|    3|       m_axi|          memQ|       pointer|
|m_axi_memQ_ARBURST     |  out|    2|       m_axi|          memQ|       pointer|
|m_axi_memQ_ARLOCK      |  out|    2|       m_axi|          memQ|       pointer|
|m_axi_memQ_ARCACHE     |  out|    4|       m_axi|          memQ|       pointer|
|m_axi_memQ_ARPROT      |  out|    3|       m_axi|          memQ|       pointer|
|m_axi_memQ_ARQOS       |  out|    4|       m_axi|          memQ|       pointer|
|m_axi_memQ_ARREGION    |  out|    4|       m_axi|          memQ|       pointer|
|m_axi_memQ_ARUSER      |  out|    1|       m_axi|          memQ|       pointer|
|m_axi_memQ_RVALID      |   in|    1|       m_axi|          memQ|       pointer|
|m_axi_memQ_RREADY      |  out|    1|       m_axi|          memQ|       pointer|
|m_axi_memQ_RDATA       |   in|   64|       m_axi|          memQ|       pointer|
|m_axi_memQ_RLAST       |   in|    1|       m_axi|          memQ|       pointer|
|m_axi_memQ_RID         |   in|    1|       m_axi|          memQ|       pointer|
|m_axi_memQ_RUSER       |   in|    1|       m_axi|          memQ|       pointer|
|m_axi_memQ_RRESP       |   in|    2|       m_axi|          memQ|       pointer|
|m_axi_memQ_BVALID      |   in|    1|       m_axi|          memQ|       pointer|
|m_axi_memQ_BREADY      |  out|    1|       m_axi|          memQ|       pointer|
|m_axi_memQ_BRESP       |   in|    2|       m_axi|          memQ|       pointer|
|m_axi_memQ_BID         |   in|    1|       m_axi|          memQ|       pointer|
|m_axi_memQ_BUSER       |   in|    1|       m_axi|          memQ|       pointer|
|m_axi_memR_AWVALID     |  out|    1|       m_axi|          memR|       pointer|
|m_axi_memR_AWREADY     |   in|    1|       m_axi|          memR|       pointer|
|m_axi_memR_AWADDR      |  out|   64|       m_axi|          memR|       pointer|
|m_axi_memR_AWID        |  out|    1|       m_axi|          memR|       pointer|
|m_axi_memR_AWLEN       |  out|    8|       m_axi|          memR|       pointer|
|m_axi_memR_AWSIZE      |  out|    3|       m_axi|          memR|       pointer|
|m_axi_memR_AWBURST     |  out|    2|       m_axi|          memR|       pointer|
|m_axi_memR_AWLOCK      |  out|    2|       m_axi|          memR|       pointer|
|m_axi_memR_AWCACHE     |  out|    4|       m_axi|          memR|       pointer|
|m_axi_memR_AWPROT      |  out|    3|       m_axi|          memR|       pointer|
|m_axi_memR_AWQOS       |  out|    4|       m_axi|          memR|       pointer|
|m_axi_memR_AWREGION    |  out|    4|       m_axi|          memR|       pointer|
|m_axi_memR_AWUSER      |  out|    1|       m_axi|          memR|       pointer|
|m_axi_memR_WVALID      |  out|    1|       m_axi|          memR|       pointer|
|m_axi_memR_WREADY      |   in|    1|       m_axi|          memR|       pointer|
|m_axi_memR_WDATA       |  out|   64|       m_axi|          memR|       pointer|
|m_axi_memR_WSTRB       |  out|    8|       m_axi|          memR|       pointer|
|m_axi_memR_WLAST       |  out|    1|       m_axi|          memR|       pointer|
|m_axi_memR_WID         |  out|    1|       m_axi|          memR|       pointer|
|m_axi_memR_WUSER       |  out|    1|       m_axi|          memR|       pointer|
|m_axi_memR_ARVALID     |  out|    1|       m_axi|          memR|       pointer|
|m_axi_memR_ARREADY     |   in|    1|       m_axi|          memR|       pointer|
|m_axi_memR_ARADDR      |  out|   64|       m_axi|          memR|       pointer|
|m_axi_memR_ARID        |  out|    1|       m_axi|          memR|       pointer|
|m_axi_memR_ARLEN       |  out|    8|       m_axi|          memR|       pointer|
|m_axi_memR_ARSIZE      |  out|    3|       m_axi|          memR|       pointer|
|m_axi_memR_ARBURST     |  out|    2|       m_axi|          memR|       pointer|
|m_axi_memR_ARLOCK      |  out|    2|       m_axi|          memR|       pointer|
|m_axi_memR_ARCACHE     |  out|    4|       m_axi|          memR|       pointer|
|m_axi_memR_ARPROT      |  out|    3|       m_axi|          memR|       pointer|
|m_axi_memR_ARQOS       |  out|    4|       m_axi|          memR|       pointer|
|m_axi_memR_ARREGION    |  out|    4|       m_axi|          memR|       pointer|
|m_axi_memR_ARUSER      |  out|    1|       m_axi|          memR|       pointer|
|m_axi_memR_RVALID      |   in|    1|       m_axi|          memR|       pointer|
|m_axi_memR_RREADY      |  out|    1|       m_axi|          memR|       pointer|
|m_axi_memR_RDATA       |   in|   64|       m_axi|          memR|       pointer|
|m_axi_memR_RLAST       |   in|    1|       m_axi|          memR|       pointer|
|m_axi_memR_RID         |   in|    1|       m_axi|          memR|       pointer|
|m_axi_memR_RUSER       |   in|    1|       m_axi|          memR|       pointer|
|m_axi_memR_RRESP       |   in|    2|       m_axi|          memR|       pointer|
|m_axi_memR_BVALID      |   in|    1|       m_axi|          memR|       pointer|
|m_axi_memR_BREADY      |  out|    1|       m_axi|          memR|       pointer|
|m_axi_memR_BRESP       |   in|    2|       m_axi|          memR|       pointer|
|m_axi_memR_BID         |   in|    1|       m_axi|          memR|       pointer|
|m_axi_memR_BUSER       |   in|    1|       m_axi|          memR|       pointer|
+-----------------------+-----+-----+------------+--------------+--------------+

============================================================
+ Verbose Summary: Synthesis Manager
============================================================
InlineROM: 1
ExposeGlobal: 0
============================================================
+ Verbose Summary: CDFG Model
============================================================
IsTopModel: 1
ResetActiveHigh: 1
IsCombinational: 2
IsDatapathOnly: 2
HasWiredReturn: 1
HasMFsm: 0
HasVarLatency: 1
IsPipeline: 0
IsRtlPipelined: 0
IsInstanceOverlapped: 0
IsDontTouch: 0
HasImplIP: 0
IsGatedGlobalClock: 0


============================================================
+ Verbose Summary: Schedule
============================================================
* Number of FSM states : 8
* Pipeline : 0
* Dataflow Pipeline: 0

* FSM state transitions: 
1 --> 2 
2 --> 3 
3 --> 4 6 
4 --> 5 
5 --> 3 
6 --> 7 
7 --> 8 
8 --> 

* FSM state operations: 

State 1 <SV = 0> <Delay = 2.20>
ST_1 : Operation 9 [1/1] (0.00ns)   --->   "%k = alloca i32 1" [top_cmplx.cpp:117]   --->   Operation 9 'alloca' 'k' <Predicate = true> <Delay = 0.00>
ST_1 : Operation 10 [1/1] (0.00ns)   --->   "%mux_case_02827 = alloca i32 1"   --->   Operation 10 'alloca' 'mux_case_02827' <Predicate = true> <Delay = 0.00>
ST_1 : Operation 11 [1/1] (0.00ns)   --->   "%mux_case_12838 = alloca i32 1"   --->   Operation 11 'alloca' 'mux_case_12838' <Predicate = true> <Delay = 0.00>
ST_1 : Operation 12 [1/1] (0.00ns)   --->   "%mux_case_22849 = alloca i32 1"   --->   Operation 12 'alloca' 'mux_case_22849' <Predicate = true> <Delay = 0.00>
ST_1 : Operation 13 [1/1] (0.00ns)   --->   "%mux_case_32860 = alloca i32 1"   --->   Operation 13 'alloca' 'mux_case_32860' <Predicate = true> <Delay = 0.00>
ST_1 : Operation 14 [1/1] (0.00ns)   --->   "%mux_case_0922873 = alloca i32 1"   --->   Operation 14 'alloca' 'mux_case_0922873' <Predicate = true> <Delay = 0.00>
ST_1 : Operation 15 [1/1] (0.00ns)   --->   "%mux_case_1932886 = alloca i32 1"   --->   Operation 15 'alloca' 'mux_case_1932886' <Predicate = true> <Delay = 0.00>
ST_1 : Operation 16 [1/1] (0.00ns)   --->   "%mux_case_2942899 = alloca i32 1"   --->   Operation 16 'alloca' 'mux_case_2942899' <Predicate = true> <Delay = 0.00>
ST_1 : Operation 17 [1/1] (0.00ns)   --->   "%mux_case_3952912 = alloca i32 1"   --->   Operation 17 'alloca' 'mux_case_3952912' <Predicate = true> <Delay = 0.00>
ST_1 : Operation 18 [1/1] (0.00ns)   --->   "%mux_case_0972925 = alloca i32 1"   --->   Operation 18 'alloca' 'mux_case_0972925' <Predicate = true> <Delay = 0.00>
ST_1 : Operation 19 [1/1] (0.00ns)   --->   "%mux_case_1982938 = alloca i32 1"   --->   Operation 19 'alloca' 'mux_case_1982938' <Predicate = true> <Delay = 0.00>
ST_1 : Operation 20 [1/1] (0.00ns)   --->   "%mux_case_2992951 = alloca i32 1"   --->   Operation 20 'alloca' 'mux_case_2992951' <Predicate = true> <Delay = 0.00>
ST_1 : Operation 21 [1/1] (0.00ns)   --->   "%mux_case_31002964 = alloca i32 1"   --->   Operation 21 'alloca' 'mux_case_31002964' <Predicate = true> <Delay = 0.00>
ST_1 : Operation 22 [1/1] (0.00ns)   --->   "%mux_case_01022977 = alloca i32 1"   --->   Operation 22 'alloca' 'mux_case_01022977' <Predicate = true> <Delay = 0.00>
ST_1 : Operation 23 [1/1] (0.00ns)   --->   "%mux_case_11032990 = alloca i32 1"   --->   Operation 23 'alloca' 'mux_case_11032990' <Predicate = true> <Delay = 0.00>
ST_1 : Operation 24 [1/1] (0.00ns)   --->   "%mux_case_21043003 = alloca i32 1"   --->   Operation 24 'alloca' 'mux_case_21043003' <Predicate = true> <Delay = 0.00>
ST_1 : Operation 25 [1/1] (0.00ns)   --->   "%mux_case_31053016 = alloca i32 1"   --->   Operation 25 'alloca' 'mux_case_31053016' <Predicate = true> <Delay = 0.00>
ST_1 : Operation 26 [1/1] (0.00ns)   --->   "%mux_case_01073029 = alloca i32 1"   --->   Operation 26 'alloca' 'mux_case_01073029' <Predicate = true> <Delay = 0.00>
ST_1 : Operation 27 [1/1] (0.00ns)   --->   "%mux_case_11083042 = alloca i32 1"   --->   Operation 27 'alloca' 'mux_case_11083042' <Predicate = true> <Delay = 0.00>
ST_1 : Operation 28 [1/1] (0.00ns)   --->   "%mux_case_21093055 = alloca i32 1"   --->   Operation 28 'alloca' 'mux_case_21093055' <Predicate = true> <Delay = 0.00>
ST_1 : Operation 29 [1/1] (0.00ns)   --->   "%mux_case_31103068 = alloca i32 1"   --->   Operation 29 'alloca' 'mux_case_31103068' <Predicate = true> <Delay = 0.00>
ST_1 : Operation 30 [1/1] (0.00ns)   --->   "%mux_case_01113081 = alloca i32 1"   --->   Operation 30 'alloca' 'mux_case_01113081' <Predicate = true> <Delay = 0.00>
ST_1 : Operation 31 [1/1] (0.00ns)   --->   "%mux_case_11123094 = alloca i32 1"   --->   Operation 31 'alloca' 'mux_case_11123094' <Predicate = true> <Delay = 0.00>
ST_1 : Operation 32 [1/1] (0.00ns)   --->   "%mux_case_21133107 = alloca i32 1"   --->   Operation 32 'alloca' 'mux_case_21133107' <Predicate = true> <Delay = 0.00>
ST_1 : Operation 33 [1/1] (0.00ns)   --->   "%mux_case_31143120 = alloca i32 1"   --->   Operation 33 'alloca' 'mux_case_31143120' <Predicate = true> <Delay = 0.00>
ST_1 : Operation 34 [1/1] (0.00ns)   --->   "%mux_case_01153131 = alloca i32 1"   --->   Operation 34 'alloca' 'mux_case_01153131' <Predicate = true> <Delay = 0.00>
ST_1 : Operation 35 [1/1] (0.00ns)   --->   "%mux_case_11163142 = alloca i32 1"   --->   Operation 35 'alloca' 'mux_case_11163142' <Predicate = true> <Delay = 0.00>
ST_1 : Operation 36 [1/1] (0.00ns)   --->   "%mux_case_21173153 = alloca i32 1"   --->   Operation 36 'alloca' 'mux_case_21173153' <Predicate = true> <Delay = 0.00>
ST_1 : Operation 37 [1/1] (0.00ns)   --->   "%mux_case_31183164 = alloca i32 1"   --->   Operation 37 'alloca' 'mux_case_31183164' <Predicate = true> <Delay = 0.00>
ST_1 : Operation 38 [1/1] (0.00ns)   --->   "%mux_case_01203177 = alloca i32 1"   --->   Operation 38 'alloca' 'mux_case_01203177' <Predicate = true> <Delay = 0.00>
ST_1 : Operation 39 [1/1] (0.00ns)   --->   "%mux_case_11213190 = alloca i32 1"   --->   Operation 39 'alloca' 'mux_case_11213190' <Predicate = true> <Delay = 0.00>
ST_1 : Operation 40 [1/1] (0.00ns)   --->   "%mux_case_21223203 = alloca i32 1"   --->   Operation 40 'alloca' 'mux_case_21223203' <Predicate = true> <Delay = 0.00>
ST_1 : Operation 41 [1/1] (0.00ns)   --->   "%mux_case_31233216 = alloca i32 1"   --->   Operation 41 'alloca' 'mux_case_31233216' <Predicate = true> <Delay = 0.00>
ST_1 : Operation 42 [1/1] (0.00ns)   --->   "%mux_case_01253229 = alloca i32 1"   --->   Operation 42 'alloca' 'mux_case_01253229' <Predicate = true> <Delay = 0.00>
ST_1 : Operation 43 [1/1] (0.00ns)   --->   "%mux_case_11263242 = alloca i32 1"   --->   Operation 43 'alloca' 'mux_case_11263242' <Predicate = true> <Delay = 0.00>
ST_1 : Operation 44 [1/1] (0.00ns)   --->   "%mux_case_21273255 = alloca i32 1"   --->   Operation 44 'alloca' 'mux_case_21273255' <Predicate = true> <Delay = 0.00>
ST_1 : Operation 45 [1/1] (0.00ns)   --->   "%mux_case_31283268 = alloca i32 1"   --->   Operation 45 'alloca' 'mux_case_31283268' <Predicate = true> <Delay = 0.00>
ST_1 : Operation 46 [1/1] (0.00ns)   --->   "%mux_case_01303281 = alloca i32 1"   --->   Operation 46 'alloca' 'mux_case_01303281' <Predicate = true> <Delay = 0.00>
ST_1 : Operation 47 [1/1] (0.00ns)   --->   "%mux_case_11313294 = alloca i32 1"   --->   Operation 47 'alloca' 'mux_case_11313294' <Predicate = true> <Delay = 0.00>
ST_1 : Operation 48 [1/1] (0.00ns)   --->   "%mux_case_21323307 = alloca i32 1"   --->   Operation 48 'alloca' 'mux_case_21323307' <Predicate = true> <Delay = 0.00>
ST_1 : Operation 49 [1/1] (0.00ns)   --->   "%mux_case_31333320 = alloca i32 1"   --->   Operation 49 'alloca' 'mux_case_31333320' <Predicate = true> <Delay = 0.00>
ST_1 : Operation 50 [1/1] (0.00ns)   --->   "%mux_case_01353333 = alloca i32 1"   --->   Operation 50 'alloca' 'mux_case_01353333' <Predicate = true> <Delay = 0.00>
ST_1 : Operation 51 [1/1] (0.00ns)   --->   "%mux_case_11363346 = alloca i32 1"   --->   Operation 51 'alloca' 'mux_case_11363346' <Predicate = true> <Delay = 0.00>
ST_1 : Operation 52 [1/1] (0.00ns)   --->   "%mux_case_21373359 = alloca i32 1"   --->   Operation 52 'alloca' 'mux_case_21373359' <Predicate = true> <Delay = 0.00>
ST_1 : Operation 53 [1/1] (0.00ns)   --->   "%mux_case_31383372 = alloca i32 1"   --->   Operation 53 'alloca' 'mux_case_31383372' <Predicate = true> <Delay = 0.00>
ST_1 : Operation 54 [1/1] (0.00ns)   --->   "%mux_case_01403385 = alloca i32 1"   --->   Operation 54 'alloca' 'mux_case_01403385' <Predicate = true> <Delay = 0.00>
ST_1 : Operation 55 [1/1] (0.00ns)   --->   "%mux_case_11413398 = alloca i32 1"   --->   Operation 55 'alloca' 'mux_case_11413398' <Predicate = true> <Delay = 0.00>
ST_1 : Operation 56 [1/1] (0.00ns)   --->   "%mux_case_21423411 = alloca i32 1"   --->   Operation 56 'alloca' 'mux_case_21423411' <Predicate = true> <Delay = 0.00>
ST_1 : Operation 57 [1/1] (0.00ns)   --->   "%mux_case_31433424 = alloca i32 1"   --->   Operation 57 'alloca' 'mux_case_31433424' <Predicate = true> <Delay = 0.00>
ST_1 : Operation 58 [1/1] (0.00ns)   --->   "%mux_case_01703435 = alloca i32 1"   --->   Operation 58 'alloca' 'mux_case_01703435' <Predicate = true> <Delay = 0.00>
ST_1 : Operation 59 [1/1] (0.00ns)   --->   "%mux_case_11713446 = alloca i32 1"   --->   Operation 59 'alloca' 'mux_case_11713446' <Predicate = true> <Delay = 0.00>
ST_1 : Operation 60 [1/1] (0.00ns)   --->   "%mux_case_21723457 = alloca i32 1"   --->   Operation 60 'alloca' 'mux_case_21723457' <Predicate = true> <Delay = 0.00>
ST_1 : Operation 61 [1/1] (0.00ns)   --->   "%mux_case_31733468 = alloca i32 1"   --->   Operation 61 'alloca' 'mux_case_31733468' <Predicate = true> <Delay = 0.00>
ST_1 : Operation 62 [1/1] (0.00ns)   --->   "%mux_case_01993479 = alloca i32 1"   --->   Operation 62 'alloca' 'mux_case_01993479' <Predicate = true> <Delay = 0.00>
ST_1 : Operation 63 [1/1] (0.00ns)   --->   "%mux_case_12003490 = alloca i32 1"   --->   Operation 63 'alloca' 'mux_case_12003490' <Predicate = true> <Delay = 0.00>
ST_1 : Operation 64 [1/1] (0.00ns)   --->   "%mux_case_22013501 = alloca i32 1"   --->   Operation 64 'alloca' 'mux_case_22013501' <Predicate = true> <Delay = 0.00>
ST_1 : Operation 65 [1/1] (0.00ns)   --->   "%mux_case_32023512 = alloca i32 1"   --->   Operation 65 'alloca' 'mux_case_32023512' <Predicate = true> <Delay = 0.00>
ST_1 : Operation 66 [1/1] (0.00ns)   --->   "%mux_case_04303519 = alloca i32 1"   --->   Operation 66 'alloca' 'mux_case_04303519' <Predicate = true> <Delay = 0.00>
ST_1 : Operation 67 [1/1] (0.00ns)   --->   "%mux_case_14313528 = alloca i32 1"   --->   Operation 67 'alloca' 'mux_case_14313528' <Predicate = true> <Delay = 0.00>
ST_1 : Operation 68 [1/1] (0.00ns)   --->   "%mux_case_24323536 = alloca i32 1"   --->   Operation 68 'alloca' 'mux_case_24323536' <Predicate = true> <Delay = 0.00>
ST_1 : Operation 69 [1/1] (0.00ns)   --->   "%mux_case_34333544 = alloca i32 1"   --->   Operation 69 'alloca' 'mux_case_34333544' <Predicate = true> <Delay = 0.00>
ST_1 : Operation 70 [1/1] (0.00ns)   --->   "%mux_case_04353552 = alloca i32 1"   --->   Operation 70 'alloca' 'mux_case_04353552' <Predicate = true> <Delay = 0.00>
ST_1 : Operation 71 [1/1] (0.00ns)   --->   "%mux_case_14363560 = alloca i32 1"   --->   Operation 71 'alloca' 'mux_case_14363560' <Predicate = true> <Delay = 0.00>
ST_1 : Operation 72 [1/1] (0.00ns)   --->   "%mux_case_24373569 = alloca i32 1"   --->   Operation 72 'alloca' 'mux_case_24373569' <Predicate = true> <Delay = 0.00>
ST_1 : Operation 73 [1/1] (0.00ns)   --->   "%mux_case_34383577 = alloca i32 1"   --->   Operation 73 'alloca' 'mux_case_34383577' <Predicate = true> <Delay = 0.00>
ST_1 : Operation 74 [1/1] (0.00ns)   --->   "%mux_case_04403585 = alloca i32 1"   --->   Operation 74 'alloca' 'mux_case_04403585' <Predicate = true> <Delay = 0.00>
ST_1 : Operation 75 [1/1] (0.00ns)   --->   "%mux_case_14413593 = alloca i32 1"   --->   Operation 75 'alloca' 'mux_case_14413593' <Predicate = true> <Delay = 0.00>
ST_1 : Operation 76 [1/1] (0.00ns)   --->   "%mux_case_24423601 = alloca i32 1"   --->   Operation 76 'alloca' 'mux_case_24423601' <Predicate = true> <Delay = 0.00>
ST_1 : Operation 77 [1/1] (0.00ns)   --->   "%mux_case_34433610 = alloca i32 1"   --->   Operation 77 'alloca' 'mux_case_34433610' <Predicate = true> <Delay = 0.00>
ST_1 : Operation 78 [1/1] (0.00ns)   --->   "%mux_case_04453618 = alloca i32 1"   --->   Operation 78 'alloca' 'mux_case_04453618' <Predicate = true> <Delay = 0.00>
ST_1 : Operation 79 [1/1] (0.00ns)   --->   "%mux_case_14463626 = alloca i32 1"   --->   Operation 79 'alloca' 'mux_case_14463626' <Predicate = true> <Delay = 0.00>
ST_1 : Operation 80 [1/1] (0.00ns)   --->   "%mux_case_24473634 = alloca i32 1"   --->   Operation 80 'alloca' 'mux_case_24473634' <Predicate = true> <Delay = 0.00>
ST_1 : Operation 81 [1/1] (0.00ns)   --->   "%mux_case_34483642 = alloca i32 1"   --->   Operation 81 'alloca' 'mux_case_34483642' <Predicate = true> <Delay = 0.00>
ST_1 : Operation 82 [1/1] (0.00ns)   --->   "%mux_case_04503651 = alloca i32 1"   --->   Operation 82 'alloca' 'mux_case_04503651' <Predicate = true> <Delay = 0.00>
ST_1 : Operation 83 [1/1] (0.00ns)   --->   "%mux_case_14513660 = alloca i32 1"   --->   Operation 83 'alloca' 'mux_case_14513660' <Predicate = true> <Delay = 0.00>
ST_1 : Operation 84 [1/1] (0.00ns)   --->   "%mux_case_24523668 = alloca i32 1"   --->   Operation 84 'alloca' 'mux_case_24523668' <Predicate = true> <Delay = 0.00>
ST_1 : Operation 85 [1/1] (0.00ns)   --->   "%mux_case_34533676 = alloca i32 1"   --->   Operation 85 'alloca' 'mux_case_34533676' <Predicate = true> <Delay = 0.00>
ST_1 : Operation 86 [1/1] (0.00ns)   --->   "%mux_case_04553684 = alloca i32 1"   --->   Operation 86 'alloca' 'mux_case_04553684' <Predicate = true> <Delay = 0.00>
ST_1 : Operation 87 [1/1] (0.00ns)   --->   "%mux_case_14563692 = alloca i32 1"   --->   Operation 87 'alloca' 'mux_case_14563692' <Predicate = true> <Delay = 0.00>
ST_1 : Operation 88 [1/1] (0.00ns)   --->   "%mux_case_24573701 = alloca i32 1"   --->   Operation 88 'alloca' 'mux_case_24573701' <Predicate = true> <Delay = 0.00>
ST_1 : Operation 89 [1/1] (0.00ns)   --->   "%mux_case_34583709 = alloca i32 1"   --->   Operation 89 'alloca' 'mux_case_34583709' <Predicate = true> <Delay = 0.00>
ST_1 : Operation 90 [1/1] (0.00ns)   --->   "%mux_case_04603717 = alloca i32 1"   --->   Operation 90 'alloca' 'mux_case_04603717' <Predicate = true> <Delay = 0.00>
ST_1 : Operation 91 [1/1] (0.00ns)   --->   "%mux_case_14613726 = alloca i32 1"   --->   Operation 91 'alloca' 'mux_case_14613726' <Predicate = true> <Delay = 0.00>
ST_1 : Operation 92 [1/1] (0.00ns)   --->   "%mux_case_24623734 = alloca i32 1"   --->   Operation 92 'alloca' 'mux_case_24623734' <Predicate = true> <Delay = 0.00>
ST_1 : Operation 93 [1/1] (0.00ns)   --->   "%mux_case_34633742 = alloca i32 1"   --->   Operation 93 'alloca' 'mux_case_34633742' <Predicate = true> <Delay = 0.00>
ST_1 : Operation 94 [1/1] (0.00ns)   --->   "%mux_case_04653750 = alloca i32 1"   --->   Operation 94 'alloca' 'mux_case_04653750' <Predicate = true> <Delay = 0.00>
ST_1 : Operation 95 [1/1] (0.00ns)   --->   "%mux_case_14663758 = alloca i32 1"   --->   Operation 95 'alloca' 'mux_case_14663758' <Predicate = true> <Delay = 0.00>
ST_1 : Operation 96 [1/1] (0.00ns)   --->   "%mux_case_24673767 = alloca i32 1"   --->   Operation 96 'alloca' 'mux_case_24673767' <Predicate = true> <Delay = 0.00>
ST_1 : Operation 97 [1/1] (0.00ns)   --->   "%mux_case_34683775 = alloca i32 1"   --->   Operation 97 'alloca' 'mux_case_34683775' <Predicate = true> <Delay = 0.00>
ST_1 : Operation 98 [1/1] (0.00ns)   --->   "%mux_case_04703783 = alloca i32 1"   --->   Operation 98 'alloca' 'mux_case_04703783' <Predicate = true> <Delay = 0.00>
ST_1 : Operation 99 [1/1] (0.00ns)   --->   "%mux_case_14713791 = alloca i32 1"   --->   Operation 99 'alloca' 'mux_case_14713791' <Predicate = true> <Delay = 0.00>
ST_1 : Operation 100 [1/1] (0.00ns)   --->   "%mux_case_24723799 = alloca i32 1"   --->   Operation 100 'alloca' 'mux_case_24723799' <Predicate = true> <Delay = 0.00>
ST_1 : Operation 101 [1/1] (0.00ns)   --->   "%mux_case_34733808 = alloca i32 1"   --->   Operation 101 'alloca' 'mux_case_34733808' <Predicate = true> <Delay = 0.00>
ST_1 : Operation 102 [1/1] (0.00ns)   --->   "%mux_case_04753816 = alloca i32 1"   --->   Operation 102 'alloca' 'mux_case_04753816' <Predicate = true> <Delay = 0.00>
ST_1 : Operation 103 [1/1] (0.00ns)   --->   "%mux_case_14763824 = alloca i32 1"   --->   Operation 103 'alloca' 'mux_case_14763824' <Predicate = true> <Delay = 0.00>
ST_1 : Operation 104 [1/1] (0.00ns)   --->   "%mux_case_24773832 = alloca i32 1"   --->   Operation 104 'alloca' 'mux_case_24773832' <Predicate = true> <Delay = 0.00>
ST_1 : Operation 105 [1/1] (0.00ns)   --->   "%mux_case_34783840 = alloca i32 1"   --->   Operation 105 'alloca' 'mux_case_34783840' <Predicate = true> <Delay = 0.00>
ST_1 : Operation 106 [1/1] (0.00ns)   --->   "%mux_case_04803849 = alloca i32 1"   --->   Operation 106 'alloca' 'mux_case_04803849' <Predicate = true> <Delay = 0.00>
ST_1 : Operation 107 [1/1] (0.00ns)   --->   "%mux_case_14813858 = alloca i32 1"   --->   Operation 107 'alloca' 'mux_case_14813858' <Predicate = true> <Delay = 0.00>
ST_1 : Operation 108 [1/1] (0.00ns)   --->   "%mux_case_24823866 = alloca i32 1"   --->   Operation 108 'alloca' 'mux_case_24823866' <Predicate = true> <Delay = 0.00>
ST_1 : Operation 109 [1/1] (0.00ns)   --->   "%mux_case_34833874 = alloca i32 1"   --->   Operation 109 'alloca' 'mux_case_34833874' <Predicate = true> <Delay = 0.00>
ST_1 : Operation 110 [1/1] (0.00ns)   --->   "%mux_case_04853882 = alloca i32 1"   --->   Operation 110 'alloca' 'mux_case_04853882' <Predicate = true> <Delay = 0.00>
ST_1 : Operation 111 [1/1] (0.00ns)   --->   "%mux_case_14863890 = alloca i32 1"   --->   Operation 111 'alloca' 'mux_case_14863890' <Predicate = true> <Delay = 0.00>
ST_1 : Operation 112 [1/1] (0.00ns)   --->   "%mux_case_24873899 = alloca i32 1"   --->   Operation 112 'alloca' 'mux_case_24873899' <Predicate = true> <Delay = 0.00>
ST_1 : Operation 113 [1/1] (0.00ns)   --->   "%mux_case_34883907 = alloca i32 1"   --->   Operation 113 'alloca' 'mux_case_34883907' <Predicate = true> <Delay = 0.00>
ST_1 : Operation 114 [1/1] (0.00ns)   --->   "%mux_case_05153915 = alloca i32 1"   --->   Operation 114 'alloca' 'mux_case_05153915' <Predicate = true> <Delay = 0.00>
ST_1 : Operation 115 [1/1] (0.00ns)   --->   "%mux_case_15163923 = alloca i32 1"   --->   Operation 115 'alloca' 'mux_case_15163923' <Predicate = true> <Delay = 0.00>
ST_1 : Operation 116 [1/1] (0.00ns)   --->   "%mux_case_25173931 = alloca i32 1"   --->   Operation 116 'alloca' 'mux_case_25173931' <Predicate = true> <Delay = 0.00>
ST_1 : Operation 117 [1/1] (0.00ns)   --->   "%mux_case_35183940 = alloca i32 1"   --->   Operation 117 'alloca' 'mux_case_35183940' <Predicate = true> <Delay = 0.00>
ST_1 : Operation 118 [1/1] (0.00ns)   --->   "%mux_case_05453948 = alloca i32 1"   --->   Operation 118 'alloca' 'mux_case_05453948' <Predicate = true> <Delay = 0.00>
ST_1 : Operation 119 [1/1] (0.00ns)   --->   "%mux_case_15463956 = alloca i32 1"   --->   Operation 119 'alloca' 'mux_case_15463956' <Predicate = true> <Delay = 0.00>
ST_1 : Operation 120 [1/1] (0.00ns)   --->   "%mux_case_25473964 = alloca i32 1"   --->   Operation 120 'alloca' 'mux_case_25473964' <Predicate = true> <Delay = 0.00>
ST_1 : Operation 121 [1/1] (0.00ns)   --->   "%mux_case_35483973 = alloca i32 1"   --->   Operation 121 'alloca' 'mux_case_35483973' <Predicate = true> <Delay = 0.00>
ST_1 : Operation 122 [1/1] (1.00ns)   --->   "%R_DRAM_read = read i64 @_ssdm_op_Read.s_axilite.i64, i64 %R_DRAM"   --->   Operation 122 'read' 'R_DRAM_read' <Predicate = true> <Delay = 1.00> <CoreInst = "s_axilite">   --->   Core 122 's_axilite' <Latency = 0> <II = 1> <Delay = 1.00> <Adapter> <Opcode : 'read' 'write'>
ST_1 : Operation 123 [1/1] (1.00ns)   --->   "%Q_DRAM_read = read i64 @_ssdm_op_Read.s_axilite.i64, i64 %Q_DRAM"   --->   Operation 123 'read' 'Q_DRAM_read' <Predicate = true> <Delay = 1.00> <CoreInst = "s_axilite">   --->   Core 122 's_axilite' <Latency = 0> <II = 1> <Delay = 1.00> <Adapter> <Opcode : 'read' 'write'>
ST_1 : Operation 124 [1/1] (1.00ns)   --->   "%A_DRAM_read = read i64 @_ssdm_op_Read.s_axilite.i64, i64 %A_DRAM"   --->   Operation 124 'read' 'A_DRAM_read' <Predicate = true> <Delay = 1.00> <CoreInst = "s_axilite">   --->   Core 122 's_axilite' <Latency = 0> <II = 1> <Delay = 1.00> <Adapter> <Opcode : 'read' 'write'>
ST_1 : Operation 125 [1/1] (0.67ns)   --->   "%Q_out_real = alloca i64 1" [top_cmplx.cpp:70]   --->   Operation 125 'alloca' 'Q_out_real' <Predicate = true> <Delay = 0.67>
ST_1 : Operation 126 [1/1] (0.67ns)   --->   "%Q_out_real_1 = alloca i64 1" [top_cmplx.cpp:70]   --->   Operation 126 'alloca' 'Q_out_real_1' <Predicate = true> <Delay = 0.67>
ST_1 : Operation 127 [1/1] (0.67ns)   --->   "%Q_out_real_2 = alloca i64 1" [top_cmplx.cpp:70]   --->   Operation 127 'alloca' 'Q_out_real_2' <Predicate = true> <Delay = 0.67>
ST_1 : Operation 128 [1/1] (0.67ns)   --->   "%Q_out_real_3 = alloca i64 1" [top_cmplx.cpp:70]   --->   Operation 128 'alloca' 'Q_out_real_3' <Predicate = true> <Delay = 0.67>
ST_1 : Operation 129 [1/1] (0.67ns)   --->   "%Q_out_imag = alloca i64 1" [top_cmplx.cpp:70]   --->   Operation 129 'alloca' 'Q_out_imag' <Predicate = true> <Delay = 0.67>
ST_1 : Operation 130 [1/1] (0.67ns)   --->   "%Q_out_imag_1 = alloca i64 1" [top_cmplx.cpp:70]   --->   Operation 130 'alloca' 'Q_out_imag_1' <Predicate = true> <Delay = 0.67>
ST_1 : Operation 131 [1/1] (0.67ns)   --->   "%Q_out_imag_2 = alloca i64 1" [top_cmplx.cpp:70]   --->   Operation 131 'alloca' 'Q_out_imag_2' <Predicate = true> <Delay = 0.67>
ST_1 : Operation 132 [1/1] (0.67ns)   --->   "%Q_out_imag_3 = alloca i64 1" [top_cmplx.cpp:70]   --->   Operation 132 'alloca' 'Q_out_imag_3' <Predicate = true> <Delay = 0.67>
ST_1 : Operation 133 [1/1] (0.67ns)   --->   "%R_out_real = alloca i64 1" [top_cmplx.cpp:71]   --->   Operation 133 'alloca' 'R_out_real' <Predicate = true> <Delay = 0.67>
ST_1 : Operation 134 [1/1] (0.67ns)   --->   "%R_out_real_1 = alloca i64 1" [top_cmplx.cpp:71]   --->   Operation 134 'alloca' 'R_out_real_1' <Predicate = true> <Delay = 0.67>
ST_1 : Operation 135 [1/1] (0.67ns)   --->   "%R_out_real_2 = alloca i64 1" [top_cmplx.cpp:71]   --->   Operation 135 'alloca' 'R_out_real_2' <Predicate = true> <Delay = 0.67>
ST_1 : Operation 136 [1/1] (0.67ns)   --->   "%R_out_real_3 = alloca i64 1" [top_cmplx.cpp:71]   --->   Operation 136 'alloca' 'R_out_real_3' <Predicate = true> <Delay = 0.67>
ST_1 : Operation 137 [1/1] (0.67ns)   --->   "%R_out_imag = alloca i64 1" [top_cmplx.cpp:71]   --->   Operation 137 'alloca' 'R_out_imag' <Predicate = true> <Delay = 0.67>
ST_1 : Operation 138 [1/1] (0.67ns)   --->   "%R_out_imag_1 = alloca i64 1" [top_cmplx.cpp:71]   --->   Operation 138 'alloca' 'R_out_imag_1' <Predicate = true> <Delay = 0.67>
ST_1 : Operation 139 [1/1] (0.67ns)   --->   "%R_out_imag_2 = alloca i64 1" [top_cmplx.cpp:71]   --->   Operation 139 'alloca' 'R_out_imag_2' <Predicate = true> <Delay = 0.67>
ST_1 : Operation 140 [1/1] (0.67ns)   --->   "%R_out_imag_3 = alloca i64 1" [top_cmplx.cpp:71]   --->   Operation 140 'alloca' 'R_out_imag_3' <Predicate = true> <Delay = 0.67>
ST_1 : Operation 141 [1/1] (0.00ns)   --->   "%trunc_ln85 = trunc i64 %A_DRAM_read" [top_cmplx.cpp:85]   --->   Operation 141 'trunc' 'trunc_ln85' <Predicate = true> <Delay = 0.00>
ST_1 : Operation 142 [1/1] (0.12ns)   --->   "%xor_ln85 = xor i3 %trunc_ln85, i3 4" [top_cmplx.cpp:85]   --->   Operation 142 'xor' 'xor_ln85' <Predicate = true> <Delay = 0.12> <CoreInst = "LogicGate">   --->   Core 74 'LogicGate' <Latency = 0> <II = 1> <Delay = 0.35> <FuncUnit> <Opcode : 'and' 'or' 'xor'> <InPorts = 2> <OutPorts = 1>
ST_1 : Operation 143 [2/2] (1.08ns)   --->   "%call_ln85 = call void @top_Pipeline_READ_INIT_VITIS_LOOP_87_1, i64 %memA, i64 %A_DRAM_read, i3 %trunc_ln85, i3 %xor_ln85, i32 %mux_case_25173931, i32 %mux_case_14563692, i32 %mux_case_04503651, i32 %mux_case_34483642, i32 %mux_case_24423601, i32 %mux_case_14363560, i32 %mux_case_04303519, i32 %mux_case_32023512, i32 %mux_case_22013501, i32 %mux_case_12003490, i32 %mux_case_01993479, i32 %mux_case_31733468, i32 %mux_case_21723457, i32 %mux_case_11713446, i32 %mux_case_01703435, i32 %mux_case_31433424, i32 %mux_case_21423411, i32 %mux_case_11413398, i32 %mux_case_01403385, i32 %mux_case_31383372, i32 %mux_case_21373359, i32 %mux_case_11363346, i32 %mux_case_01353333, i32 %mux_case_31333320, i32 %mux_case_21323307, i32 %mux_case_11313294, i32 %mux_case_01303281, i32 %mux_case_31283268, i32 %mux_case_21273255, i32 %mux_case_11263242, i32 %mux_case_01253229, i32 %mux_case_31233216, i32 %mux_case_21223203, i32 %mux_case_11213190, i32 %mux_case_01203177, i32 %mux_case_31183164, i32 %mux_case_21173153, i32 %mux_case_11163142, i32 %mux_case_01153131, i32 %mux_case_31143120, i32 %mux_case_21133107, i32 %mux_case_11123094, i32 %mux_case_01113081, i32 %mux_case_31103068, i32 %mux_case_21093055, i32 %mux_case_11083042, i32 %mux_case_01073029, i32 %mux_case_31053016, i32 %mux_case_21043003, i32 %mux_case_11032990, i32 %mux_case_01022977, i32 %mux_case_31002964, i32 %mux_case_2992951, i32 %mux_case_1982938, i32 %mux_case_0972925, i32 %mux_case_3952912, i32 %mux_case_2942899, i32 %mux_case_1932886, i32 %mux_case_0922873, i32 %mux_case_32860, i32 %mux_case_22849, i32 %mux_case_12838, i32 %mux_case_02827" [top_cmplx.cpp:85]   --->   Operation 143 'call' 'call_ln85' <Predicate = true> <Delay = 1.08> <CoreType = "Generic">   --->   Core 0 '' <Latency = 0> <II = 1> <Delay = 1.00> <Generic> <Opcode : >
ST_1 : Operation 144 [1/1] (0.00ns)   --->   "%store_ln0 = store i32 0, i32 %mux_case_35483973"   --->   Operation 144 'store' 'store_ln0' <Predicate = true> <Delay = 0.00>
ST_1 : Operation 145 [1/1] (0.00ns)   --->   "%store_ln0 = store i32 0, i32 %mux_case_25473964"   --->   Operation 145 'store' 'store_ln0' <Predicate = true> <Delay = 0.00>
ST_1 : Operation 146 [1/1] (0.00ns)   --->   "%store_ln0 = store i32 0, i32 %mux_case_15463956"   --->   Operation 146 'store' 'store_ln0' <Predicate = true> <Delay = 0.00>
ST_1 : Operation 147 [1/1] (0.00ns)   --->   "%store_ln0 = store i32 0, i32 %mux_case_05453948"   --->   Operation 147 'store' 'store_ln0' <Predicate = true> <Delay = 0.00>
ST_1 : Operation 148 [1/1] (0.00ns)   --->   "%store_ln0 = store i32 0, i32 %mux_case_35183940"   --->   Operation 148 'store' 'store_ln0' <Predicate = true> <Delay = 0.00>
ST_1 : Operation 149 [1/1] (0.00ns)   --->   "%store_ln0 = store i32 0, i32 %mux_case_15163923"   --->   Operation 149 'store' 'store_ln0' <Predicate = true> <Delay = 0.00>
ST_1 : Operation 150 [1/1] (0.00ns)   --->   "%store_ln0 = store i32 0, i32 %mux_case_05153915"   --->   Operation 150 'store' 'store_ln0' <Predicate = true> <Delay = 0.00>
ST_1 : Operation 151 [1/1] (0.00ns)   --->   "%store_ln0 = store i32 0, i32 %mux_case_34883907"   --->   Operation 151 'store' 'store_ln0' <Predicate = true> <Delay = 0.00>
ST_1 : Operation 152 [1/1] (0.00ns)   --->   "%store_ln0 = store i32 0, i32 %mux_case_24873899"   --->   Operation 152 'store' 'store_ln0' <Predicate = true> <Delay = 0.00>
ST_1 : Operation 153 [1/1] (0.00ns)   --->   "%store_ln0 = store i32 0, i32 %mux_case_14863890"   --->   Operation 153 'store' 'store_ln0' <Predicate = true> <Delay = 0.00>
ST_1 : Operation 154 [1/1] (0.00ns)   --->   "%store_ln0 = store i32 0, i32 %mux_case_04853882"   --->   Operation 154 'store' 'store_ln0' <Predicate = true> <Delay = 0.00>
ST_1 : Operation 155 [1/1] (0.00ns)   --->   "%store_ln0 = store i32 0, i32 %mux_case_34833874"   --->   Operation 155 'store' 'store_ln0' <Predicate = true> <Delay = 0.00>
ST_1 : Operation 156 [1/1] (0.00ns)   --->   "%store_ln0 = store i32 0, i32 %mux_case_24823866"   --->   Operation 156 'store' 'store_ln0' <Predicate = true> <Delay = 0.00>
ST_1 : Operation 157 [1/1] (0.00ns)   --->   "%store_ln0 = store i32 0, i32 %mux_case_14813858"   --->   Operation 157 'store' 'store_ln0' <Predicate = true> <Delay = 0.00>
ST_1 : Operation 158 [1/1] (0.00ns)   --->   "%store_ln0 = store i32 0, i32 %mux_case_04803849"   --->   Operation 158 'store' 'store_ln0' <Predicate = true> <Delay = 0.00>
ST_1 : Operation 159 [1/1] (0.00ns)   --->   "%store_ln0 = store i32 0, i32 %mux_case_34783840"   --->   Operation 159 'store' 'store_ln0' <Predicate = true> <Delay = 0.00>
ST_1 : Operation 160 [1/1] (0.00ns)   --->   "%store_ln0 = store i32 0, i32 %mux_case_24773832"   --->   Operation 160 'store' 'store_ln0' <Predicate = true> <Delay = 0.00>
ST_1 : Operation 161 [1/1] (0.00ns)   --->   "%store_ln0 = store i32 0, i32 %mux_case_14763824"   --->   Operation 161 'store' 'store_ln0' <Predicate = true> <Delay = 0.00>
ST_1 : Operation 162 [1/1] (0.00ns)   --->   "%store_ln0 = store i32 0, i32 %mux_case_04753816"   --->   Operation 162 'store' 'store_ln0' <Predicate = true> <Delay = 0.00>
ST_1 : Operation 163 [1/1] (0.00ns)   --->   "%store_ln0 = store i32 0, i32 %mux_case_34733808"   --->   Operation 163 'store' 'store_ln0' <Predicate = true> <Delay = 0.00>
ST_1 : Operation 164 [1/1] (0.00ns)   --->   "%store_ln0 = store i32 0, i32 %mux_case_24723799"   --->   Operation 164 'store' 'store_ln0' <Predicate = true> <Delay = 0.00>
ST_1 : Operation 165 [1/1] (0.00ns)   --->   "%store_ln0 = store i32 0, i32 %mux_case_14713791"   --->   Operation 165 'store' 'store_ln0' <Predicate = true> <Delay = 0.00>
ST_1 : Operation 166 [1/1] (0.00ns)   --->   "%store_ln0 = store i32 0, i32 %mux_case_04703783"   --->   Operation 166 'store' 'store_ln0' <Predicate = true> <Delay = 0.00>
ST_1 : Operation 167 [1/1] (0.00ns)   --->   "%store_ln0 = store i32 0, i32 %mux_case_34683775"   --->   Operation 167 'store' 'store_ln0' <Predicate = true> <Delay = 0.00>
ST_1 : Operation 168 [1/1] (0.00ns)   --->   "%store_ln0 = store i32 0, i32 %mux_case_24673767"   --->   Operation 168 'store' 'store_ln0' <Predicate = true> <Delay = 0.00>
ST_1 : Operation 169 [1/1] (0.00ns)   --->   "%store_ln0 = store i32 0, i32 %mux_case_14663758"   --->   Operation 169 'store' 'store_ln0' <Predicate = true> <Delay = 0.00>
ST_1 : Operation 170 [1/1] (0.00ns)   --->   "%store_ln0 = store i32 0, i32 %mux_case_04653750"   --->   Operation 170 'store' 'store_ln0' <Predicate = true> <Delay = 0.00>
ST_1 : Operation 171 [1/1] (0.00ns)   --->   "%store_ln0 = store i32 0, i32 %mux_case_34633742"   --->   Operation 171 'store' 'store_ln0' <Predicate = true> <Delay = 0.00>
ST_1 : Operation 172 [1/1] (0.00ns)   --->   "%store_ln0 = store i32 0, i32 %mux_case_24623734"   --->   Operation 172 'store' 'store_ln0' <Predicate = true> <Delay = 0.00>
ST_1 : Operation 173 [1/1] (0.00ns)   --->   "%store_ln0 = store i32 0, i32 %mux_case_14613726"   --->   Operation 173 'store' 'store_ln0' <Predicate = true> <Delay = 0.00>
ST_1 : Operation 174 [1/1] (0.00ns)   --->   "%store_ln0 = store i32 0, i32 %mux_case_04603717"   --->   Operation 174 'store' 'store_ln0' <Predicate = true> <Delay = 0.00>
ST_1 : Operation 175 [1/1] (0.00ns)   --->   "%store_ln0 = store i32 0, i32 %mux_case_34583709"   --->   Operation 175 'store' 'store_ln0' <Predicate = true> <Delay = 0.00>
ST_1 : Operation 176 [1/1] (0.00ns)   --->   "%store_ln0 = store i32 0, i32 %mux_case_24573701"   --->   Operation 176 'store' 'store_ln0' <Predicate = true> <Delay = 0.00>
ST_1 : Operation 177 [1/1] (0.00ns)   --->   "%store_ln0 = store i32 0, i32 %mux_case_04553684"   --->   Operation 177 'store' 'store_ln0' <Predicate = true> <Delay = 0.00>
ST_1 : Operation 178 [1/1] (0.00ns)   --->   "%store_ln0 = store i32 0, i32 %mux_case_34533676"   --->   Operation 178 'store' 'store_ln0' <Predicate = true> <Delay = 0.00>
ST_1 : Operation 179 [1/1] (0.00ns)   --->   "%store_ln0 = store i32 0, i32 %mux_case_24523668"   --->   Operation 179 'store' 'store_ln0' <Predicate = true> <Delay = 0.00>
ST_1 : Operation 180 [1/1] (0.00ns)   --->   "%store_ln0 = store i32 0, i32 %mux_case_14513660"   --->   Operation 180 'store' 'store_ln0' <Predicate = true> <Delay = 0.00>
ST_1 : Operation 181 [1/1] (0.00ns)   --->   "%store_ln0 = store i32 0, i32 %mux_case_24473634"   --->   Operation 181 'store' 'store_ln0' <Predicate = true> <Delay = 0.00>
ST_1 : Operation 182 [1/1] (0.00ns)   --->   "%store_ln0 = store i32 0, i32 %mux_case_14463626"   --->   Operation 182 'store' 'store_ln0' <Predicate = true> <Delay = 0.00>
ST_1 : Operation 183 [1/1] (0.00ns)   --->   "%store_ln0 = store i32 0, i32 %mux_case_04453618"   --->   Operation 183 'store' 'store_ln0' <Predicate = true> <Delay = 0.00>
ST_1 : Operation 184 [1/1] (0.00ns)   --->   "%store_ln0 = store i32 0, i32 %mux_case_34433610"   --->   Operation 184 'store' 'store_ln0' <Predicate = true> <Delay = 0.00>
ST_1 : Operation 185 [1/1] (0.00ns)   --->   "%store_ln0 = store i32 0, i32 %mux_case_14413593"   --->   Operation 185 'store' 'store_ln0' <Predicate = true> <Delay = 0.00>
ST_1 : Operation 186 [1/1] (0.00ns)   --->   "%store_ln0 = store i32 0, i32 %mux_case_04403585"   --->   Operation 186 'store' 'store_ln0' <Predicate = true> <Delay = 0.00>
ST_1 : Operation 187 [1/1] (0.00ns)   --->   "%store_ln0 = store i32 0, i32 %mux_case_34383577"   --->   Operation 187 'store' 'store_ln0' <Predicate = true> <Delay = 0.00>
ST_1 : Operation 188 [1/1] (0.00ns)   --->   "%store_ln0 = store i32 0, i32 %mux_case_24373569"   --->   Operation 188 'store' 'store_ln0' <Predicate = true> <Delay = 0.00>
ST_1 : Operation 189 [1/1] (0.00ns)   --->   "%store_ln0 = store i32 0, i32 %mux_case_04353552"   --->   Operation 189 'store' 'store_ln0' <Predicate = true> <Delay = 0.00>
ST_1 : Operation 190 [1/1] (0.00ns)   --->   "%store_ln0 = store i32 0, i32 %mux_case_34333544"   --->   Operation 190 'store' 'store_ln0' <Predicate = true> <Delay = 0.00>
ST_1 : Operation 191 [1/1] (0.00ns)   --->   "%store_ln0 = store i32 0, i32 %mux_case_24323536"   --->   Operation 191 'store' 'store_ln0' <Predicate = true> <Delay = 0.00>
ST_1 : Operation 192 [1/1] (0.00ns)   --->   "%store_ln0 = store i32 0, i32 %mux_case_14313528"   --->   Operation 192 'store' 'store_ln0' <Predicate = true> <Delay = 0.00>
ST_1 : Operation 193 [1/1] (0.42ns)   --->   "%store_ln117 = store i3 0, i3 %k" [top_cmplx.cpp:117]   --->   Operation 193 'store' 'store_ln117' <Predicate = true> <Delay = 0.42>

State 2 <SV = 1> <Delay = 0.00>
ST_2 : Operation 194 [1/1] (0.00ns)   --->   "%spectopmodule_ln51 = spectopmodule void @_ssdm_op_SpecTopModule, void @empty_12" [top_cmplx.cpp:51]   --->   Operation 194 'spectopmodule' 'spectopmodule_ln51' <Predicate = true> <Delay = 0.00>
ST_2 : Operation 195 [1/1] (0.00ns)   --->   "%specinterface_ln0 = specinterface void @_ssdm_op_SpecInterface, i64 %memA, void @empty, i32 0, i32 0, void @empty_0, i32 0, i32 28, void @empty_1, void @empty_2, void @empty_0, i32 16, i32 16, i32 16, i32 16, void @empty_0, void @empty_0, i32 4294967295, i32 0"   --->   Operation 195 'specinterface' 'specinterface_ln0' <Predicate = true> <Delay = 0.00>
ST_2 : Operation 196 [1/1] (0.00ns)   --->   "%specbitsmap_ln0 = specbitsmap void @_ssdm_op_SpecBitsMap, i64 %memA"   --->   Operation 196 'specbitsmap' 'specbitsmap_ln0' <Predicate = true> <Delay = 0.00>
ST_2 : Operation 197 [1/1] (0.00ns)   --->   "%specinterface_ln0 = specinterface void @_ssdm_op_SpecInterface, i64 %memQ, void @empty, i32 0, i32 0, void @empty_0, i32 0, i32 28, void @empty_3, void @empty_2, void @empty_0, i32 16, i32 16, i32 16, i32 16, void @empty_0, void @empty_0, i32 4294967295, i32 0"   --->   Operation 197 'specinterface' 'specinterface_ln0' <Predicate = true> <Delay = 0.00>
ST_2 : Operation 198 [1/1] (0.00ns)   --->   "%specbitsmap_ln0 = specbitsmap void @_ssdm_op_SpecBitsMap, i64 %memQ"   --->   Operation 198 'specbitsmap' 'specbitsmap_ln0' <Predicate = true> <Delay = 0.00>
ST_2 : Operation 199 [1/1] (0.00ns)   --->   "%specinterface_ln0 = specinterface void @_ssdm_op_SpecInterface, i64 %memR, void @empty, i32 0, i32 0, void @empty_0, i32 0, i32 16, void @empty_4, void @empty_2, void @empty_0, i32 16, i32 16, i32 16, i32 16, void @empty_0, void @empty_0, i32 4294967295, i32 0"   --->   Operation 199 'specinterface' 'specinterface_ln0' <Predicate = true> <Delay = 0.00>
ST_2 : Operation 200 [1/1] (0.00ns)   --->   "%specbitsmap_ln0 = specbitsmap void @_ssdm_op_SpecBitsMap, i64 %memR"   --->   Operation 200 'specbitsmap' 'specbitsmap_ln0' <Predicate = true> <Delay = 0.00>
ST_2 : Operation 201 [1/1] (0.00ns)   --->   "%specinterface_ln0 = specinterface void @_ssdm_op_SpecInterface, i64 %A_DRAM, void @empty_5, i32 0, i32 0, void @empty_0, i32 0, i32 0, void @empty_6, void @empty_7, void @empty_0, i32 0, i32 0, i32 0, i32 0, void @empty_0, void @empty_8, i32 4294967295, i32 0"   --->   Operation 201 'specinterface' 'specinterface_ln0' <Predicate = true> <Delay = 0.00>
ST_2 : Operation 202 [1/1] (0.00ns)   --->   "%specinterface_ln0 = specinterface void @_ssdm_op_SpecInterface, i64 %A_DRAM, void @empty_9, i32 0, i32 0, void @empty_0, i32 0, i32 0, void @empty_0, void @empty_0, void @empty_0, i32 0, i32 0, i32 0, i32 0, void @empty_0, void @empty_8, i32 4294967295, i32 0"   --->   Operation 202 'specinterface' 'specinterface_ln0' <Predicate = true> <Delay = 0.00>
ST_2 : Operation 203 [1/1] (0.00ns)   --->   "%specinterface_ln0 = specinterface void @_ssdm_op_SpecInterface, i64 %Q_DRAM, void @empty_5, i32 0, i32 0, void @empty_0, i32 0, i32 0, void @empty_6, void @empty_10, void @empty_0, i32 0, i32 0, i32 0, i32 0, void @empty_0, void @empty_8, i32 4294967295, i32 0"   --->   Operation 203 'specinterface' 'specinterface_ln0' <Predicate = true> <Delay = 0.00>
ST_2 : Operation 204 [1/1] (0.00ns)   --->   "%specinterface_ln0 = specinterface void @_ssdm_op_SpecInterface, i64 %Q_DRAM, void @empty_9, i32 0, i32 0, void @empty_0, i32 0, i32 0, void @empty_0, void @empty_0, void @empty_0, i32 0, i32 0, i32 0, i32 0, void @empty_0, void @empty_8, i32 4294967295, i32 0"   --->   Operation 204 'specinterface' 'specinterface_ln0' <Predicate = true> <Delay = 0.00>
ST_2 : Operation 205 [1/1] (0.00ns)   --->   "%specinterface_ln0 = specinterface void @_ssdm_op_SpecInterface, i64 %R_DRAM, void @empty_5, i32 0, i32 0, void @empty_0, i32 0, i32 0, void @empty_6, void @empty_11, void @empty_0, i32 0, i32 0, i32 0, i32 0, void @empty_0, void @empty_8, i32 4294967295, i32 0"   --->   Operation 205 'specinterface' 'specinterface_ln0' <Predicate = true> <Delay = 0.00>
ST_2 : Operation 206 [1/1] (0.00ns)   --->   "%specinterface_ln0 = specinterface void @_ssdm_op_SpecInterface, i64 %R_DRAM, void @empty_9, i32 0, i32 0, void @empty_0, i32 0, i32 0, void @empty_0, void @empty_0, void @empty_0, i32 0, i32 0, i32 0, i32 0, void @empty_0, void @empty_8, i32 4294967295, i32 0"   --->   Operation 206 'specinterface' 'specinterface_ln0' <Predicate = true> <Delay = 0.00>
ST_2 : Operation 207 [1/1] (0.00ns)   --->   "%specinterface_ln0 = specinterface void @_ssdm_op_SpecInterface, i32 0, void @empty_5, i32 0, i32 0, void @empty_0, i32 0, i32 0, void @empty_6, void @empty_0, void @empty_0, i32 0, i32 0, i32 0, i32 0, void @empty_0, void @empty_0, i32 4294967295, i32 0"   --->   Operation 207 'specinterface' 'specinterface_ln0' <Predicate = true> <Delay = 0.00>
ST_2 : Operation 208 [1/2] (0.00ns)   --->   "%call_ln85 = call void @top_Pipeline_READ_INIT_VITIS_LOOP_87_1, i64 %memA, i64 %A_DRAM_read, i3 %trunc_ln85, i3 %xor_ln85, i32 %mux_case_25173931, i32 %mux_case_14563692, i32 %mux_case_04503651, i32 %mux_case_34483642, i32 %mux_case_24423601, i32 %mux_case_14363560, i32 %mux_case_04303519, i32 %mux_case_32023512, i32 %mux_case_22013501, i32 %mux_case_12003490, i32 %mux_case_01993479, i32 %mux_case_31733468, i32 %mux_case_21723457, i32 %mux_case_11713446, i32 %mux_case_01703435, i32 %mux_case_31433424, i32 %mux_case_21423411, i32 %mux_case_11413398, i32 %mux_case_01403385, i32 %mux_case_31383372, i32 %mux_case_21373359, i32 %mux_case_11363346, i32 %mux_case_01353333, i32 %mux_case_31333320, i32 %mux_case_21323307, i32 %mux_case_11313294, i32 %mux_case_01303281, i32 %mux_case_31283268, i32 %mux_case_21273255, i32 %mux_case_11263242, i32 %mux_case_01253229, i32 %mux_case_31233216, i32 %mux_case_21223203, i32 %mux_case_11213190, i32 %mux_case_01203177, i32 %mux_case_31183164, i32 %mux_case_21173153, i32 %mux_case_11163142, i32 %mux_case_01153131, i32 %mux_case_31143120, i32 %mux_case_21133107, i32 %mux_case_11123094, i32 %mux_case_01113081, i32 %mux_case_31103068, i32 %mux_case_21093055, i32 %mux_case_11083042, i32 %mux_case_01073029, i32 %mux_case_31053016, i32 %mux_case_21043003, i32 %mux_case_11032990, i32 %mux_case_01022977, i32 %mux_case_31002964, i32 %mux_case_2992951, i32 %mux_case_1982938, i32 %mux_case_0972925, i32 %mux_case_3952912, i32 %mux_case_2942899, i32 %mux_case_1932886, i32 %mux_case_0922873, i32 %mux_case_32860, i32 %mux_case_22849, i32 %mux_case_12838, i32 %mux_case_02827" [top_cmplx.cpp:85]   --->   Operation 208 'call' 'call_ln85' <Predicate = true> <Delay = 0.00> <CoreType = "Generic">   --->   Core 0 '' <Latency = 0> <II = 1> <Delay = 1.00> <Generic> <Opcode : >
ST_2 : Operation 209 [1/1] (0.00ns)   --->   "%br_ln117 = br void %VITIS_LOOP_119_2" [top_cmplx.cpp:117]   --->   Operation 209 'br' 'br_ln117' <Predicate = true> <Delay = 0.00>

State 3 <SV = 2> <Delay = 2.54>
ST_3 : Operation 210 [1/1] (0.00ns)   --->   "%k_1 = load i3 %k" [top_cmplx.cpp:117]   --->   Operation 210 'load' 'k_1' <Predicate = true> <Delay = 0.00>
ST_3 : Operation 211 [1/1] (0.00ns)   --->   "%trunc_ln117 = trunc i3 %k_1" [top_cmplx.cpp:117]   --->   Operation 211 'trunc' 'trunc_ln117' <Predicate = true> <Delay = 0.00>
ST_3 : Operation 212 [1/1] (0.67ns)   --->   "%icmp_ln117 = icmp_eq  i3 %k_1, i3 4" [top_cmplx.cpp:117]   --->   Operation 212 'icmp' 'icmp_ln117' <Predicate = true> <Delay = 0.67> <CoreInst = "Cmp">   --->   Core 9 'Cmp' <Latency = 0> <II = 1> <Delay = 0.79> <FuncUnit> <Opcode : 'icmp'> <InPorts = 2> <OutPorts = 1>
ST_3 : Operation 213 [1/1] (0.67ns)   --->   "%empty = add i3 %k_1, i3 1" [top_cmplx.cpp:117]   --->   Operation 213 'add' 'empty' <Predicate = true> <Delay = 0.67> <CoreInst = "Adder">   --->   Core 1 'Adder' <Latency = 0> <II = 1> <Delay = 0.67> <FuncUnit> <Opcode : 'add' 'sub'> <InPorts = 2> <OutPorts = 1>
ST_3 : Operation 214 [1/1] (0.00ns)   --->   "%br_ln117 = br i1 %icmp_ln117, void %VITIS_LOOP_119_2.split, void %for.inc210.preheader" [top_cmplx.cpp:117]   --->   Operation 214 'br' 'br_ln117' <Predicate = true> <Delay = 0.00>
ST_3 : Operation 215 [1/1] (0.00ns)   --->   "%mux_case_12838_load_1 = load i32 %mux_case_12838"   --->   Operation 215 'load' 'mux_case_12838_load_1' <Predicate = (!icmp_ln117)> <Delay = 0.00>
ST_3 : Operation 216 [1/1] (0.00ns)   --->   "%mux_case_22849_load_1 = load i32 %mux_case_22849"   --->   Operation 216 'load' 'mux_case_22849_load_1' <Predicate = (!icmp_ln117)> <Delay = 0.00>
ST_3 : Operation 217 [1/1] (0.00ns)   --->   "%mux_case_32860_load_1 = load i32 %mux_case_32860"   --->   Operation 217 'load' 'mux_case_32860_load_1' <Predicate = (!icmp_ln117)> <Delay = 0.00>
ST_3 : Operation 218 [1/1] (0.00ns)   --->   "%mux_case_0922873_load_1 = load i32 %mux_case_0922873"   --->   Operation 218 'load' 'mux_case_0922873_load_1' <Predicate = (!icmp_ln117)> <Delay = 0.00>
ST_3 : Operation 219 [1/1] (0.00ns)   --->   "%mux_case_1932886_load_1 = load i32 %mux_case_1932886"   --->   Operation 219 'load' 'mux_case_1932886_load_1' <Predicate = (!icmp_ln117)> <Delay = 0.00>
ST_3 : Operation 220 [1/1] (0.00ns)   --->   "%mux_case_2942899_load_1 = load i32 %mux_case_2942899"   --->   Operation 220 'load' 'mux_case_2942899_load_1' <Predicate = (!icmp_ln117)> <Delay = 0.00>
ST_3 : Operation 221 [1/1] (0.00ns)   --->   "%mux_case_3952912_load_1 = load i32 %mux_case_3952912"   --->   Operation 221 'load' 'mux_case_3952912_load_1' <Predicate = (!icmp_ln117)> <Delay = 0.00>
ST_3 : Operation 222 [1/1] (0.00ns)   --->   "%mux_case_0972925_load_1 = load i32 %mux_case_0972925"   --->   Operation 222 'load' 'mux_case_0972925_load_1' <Predicate = (!icmp_ln117)> <Delay = 0.00>
ST_3 : Operation 223 [1/1] (0.00ns)   --->   "%mux_case_1982938_load_1 = load i32 %mux_case_1982938"   --->   Operation 223 'load' 'mux_case_1982938_load_1' <Predicate = (!icmp_ln117)> <Delay = 0.00>
ST_3 : Operation 224 [1/1] (0.00ns)   --->   "%mux_case_2992951_load_1 = load i32 %mux_case_2992951"   --->   Operation 224 'load' 'mux_case_2992951_load_1' <Predicate = (!icmp_ln117)> <Delay = 0.00>
ST_3 : Operation 225 [1/1] (0.00ns)   --->   "%mux_case_31002964_load_1 = load i32 %mux_case_31002964"   --->   Operation 225 'load' 'mux_case_31002964_load_1' <Predicate = (!icmp_ln117)> <Delay = 0.00>
ST_3 : Operation 226 [1/1] (0.00ns)   --->   "%mux_case_01022977_load_1 = load i32 %mux_case_01022977"   --->   Operation 226 'load' 'mux_case_01022977_load_1' <Predicate = (!icmp_ln117)> <Delay = 0.00>
ST_3 : Operation 227 [1/1] (0.00ns)   --->   "%mux_case_11032990_load_1 = load i32 %mux_case_11032990"   --->   Operation 227 'load' 'mux_case_11032990_load_1' <Predicate = (!icmp_ln117)> <Delay = 0.00>
ST_3 : Operation 228 [1/1] (0.00ns)   --->   "%mux_case_21043003_load_1 = load i32 %mux_case_21043003"   --->   Operation 228 'load' 'mux_case_21043003_load_1' <Predicate = (!icmp_ln117)> <Delay = 0.00>
ST_3 : Operation 229 [1/1] (0.00ns)   --->   "%mux_case_31053016_load_1 = load i32 %mux_case_31053016"   --->   Operation 229 'load' 'mux_case_31053016_load_1' <Predicate = (!icmp_ln117)> <Delay = 0.00>
ST_3 : Operation 230 [1/1] (0.00ns)   --->   "%mux_case_01073029_load = load i32 %mux_case_01073029"   --->   Operation 230 'load' 'mux_case_01073029_load' <Predicate = (!icmp_ln117)> <Delay = 0.00>
ST_3 : Operation 231 [1/1] (0.00ns)   --->   "%mux_case_11083042_load = load i32 %mux_case_11083042"   --->   Operation 231 'load' 'mux_case_11083042_load' <Predicate = (!icmp_ln117)> <Delay = 0.00>
ST_3 : Operation 232 [1/1] (0.00ns)   --->   "%mux_case_21093055_load = load i32 %mux_case_21093055"   --->   Operation 232 'load' 'mux_case_21093055_load' <Predicate = (!icmp_ln117)> <Delay = 0.00>
ST_3 : Operation 233 [1/1] (0.00ns)   --->   "%mux_case_31103068_load = load i32 %mux_case_31103068"   --->   Operation 233 'load' 'mux_case_31103068_load' <Predicate = (!icmp_ln117)> <Delay = 0.00>
ST_3 : Operation 234 [1/1] (0.00ns)   --->   "%mux_case_01113081_load = load i32 %mux_case_01113081"   --->   Operation 234 'load' 'mux_case_01113081_load' <Predicate = (!icmp_ln117)> <Delay = 0.00>
ST_3 : Operation 235 [1/1] (0.00ns)   --->   "%mux_case_11123094_load = load i32 %mux_case_11123094"   --->   Operation 235 'load' 'mux_case_11123094_load' <Predicate = (!icmp_ln117)> <Delay = 0.00>
ST_3 : Operation 236 [1/1] (0.00ns)   --->   "%mux_case_21133107_load = load i32 %mux_case_21133107"   --->   Operation 236 'load' 'mux_case_21133107_load' <Predicate = (!icmp_ln117)> <Delay = 0.00>
ST_3 : Operation 237 [1/1] (0.00ns)   --->   "%mux_case_31143120_load = load i32 %mux_case_31143120"   --->   Operation 237 'load' 'mux_case_31143120_load' <Predicate = (!icmp_ln117)> <Delay = 0.00>
ST_3 : Operation 238 [1/1] (0.00ns)   --->   "%mux_case_11163142_load = load i32 %mux_case_11163142"   --->   Operation 238 'load' 'mux_case_11163142_load' <Predicate = (!icmp_ln117)> <Delay = 0.00>
ST_3 : Operation 239 [1/1] (0.00ns)   --->   "%mux_case_21173153_load = load i32 %mux_case_21173153"   --->   Operation 239 'load' 'mux_case_21173153_load' <Predicate = (!icmp_ln117)> <Delay = 0.00>
ST_3 : Operation 240 [1/1] (0.00ns)   --->   "%mux_case_31183164_load = load i32 %mux_case_31183164"   --->   Operation 240 'load' 'mux_case_31183164_load' <Predicate = (!icmp_ln117)> <Delay = 0.00>
ST_3 : Operation 241 [1/1] (0.00ns)   --->   "%mux_case_01203177_load = load i32 %mux_case_01203177"   --->   Operation 241 'load' 'mux_case_01203177_load' <Predicate = (!icmp_ln117)> <Delay = 0.00>
ST_3 : Operation 242 [1/1] (0.00ns)   --->   "%mux_case_11213190_load = load i32 %mux_case_11213190"   --->   Operation 242 'load' 'mux_case_11213190_load' <Predicate = (!icmp_ln117)> <Delay = 0.00>
ST_3 : Operation 243 [1/1] (0.00ns)   --->   "%mux_case_21223203_load = load i32 %mux_case_21223203"   --->   Operation 243 'load' 'mux_case_21223203_load' <Predicate = (!icmp_ln117)> <Delay = 0.00>
ST_3 : Operation 244 [1/1] (0.00ns)   --->   "%mux_case_31233216_load = load i32 %mux_case_31233216"   --->   Operation 244 'load' 'mux_case_31233216_load' <Predicate = (!icmp_ln117)> <Delay = 0.00>
ST_3 : Operation 245 [1/1] (0.00ns)   --->   "%mux_case_01253229_load = load i32 %mux_case_01253229"   --->   Operation 245 'load' 'mux_case_01253229_load' <Predicate = (!icmp_ln117)> <Delay = 0.00>
ST_3 : Operation 246 [1/1] (0.00ns)   --->   "%mux_case_11263242_load = load i32 %mux_case_11263242"   --->   Operation 246 'load' 'mux_case_11263242_load' <Predicate = (!icmp_ln117)> <Delay = 0.00>
ST_3 : Operation 247 [1/1] (0.00ns)   --->   "%mux_case_21273255_load = load i32 %mux_case_21273255"   --->   Operation 247 'load' 'mux_case_21273255_load' <Predicate = (!icmp_ln117)> <Delay = 0.00>
ST_3 : Operation 248 [1/1] (0.00ns)   --->   "%mux_case_31283268_load = load i32 %mux_case_31283268"   --->   Operation 248 'load' 'mux_case_31283268_load' <Predicate = (!icmp_ln117)> <Delay = 0.00>
ST_3 : Operation 249 [1/1] (0.00ns)   --->   "%mux_case_01303281_load = load i32 %mux_case_01303281"   --->   Operation 249 'load' 'mux_case_01303281_load' <Predicate = (!icmp_ln117)> <Delay = 0.00>
ST_3 : Operation 250 [1/1] (0.00ns)   --->   "%mux_case_11313294_load = load i32 %mux_case_11313294"   --->   Operation 250 'load' 'mux_case_11313294_load' <Predicate = (!icmp_ln117)> <Delay = 0.00>
ST_3 : Operation 251 [1/1] (0.00ns)   --->   "%mux_case_21323307_load = load i32 %mux_case_21323307"   --->   Operation 251 'load' 'mux_case_21323307_load' <Predicate = (!icmp_ln117)> <Delay = 0.00>
ST_3 : Operation 252 [1/1] (0.00ns)   --->   "%mux_case_31333320_load = load i32 %mux_case_31333320"   --->   Operation 252 'load' 'mux_case_31333320_load' <Predicate = (!icmp_ln117)> <Delay = 0.00>
ST_3 : Operation 253 [1/1] (0.00ns)   --->   "%mux_case_01353333_load = load i32 %mux_case_01353333"   --->   Operation 253 'load' 'mux_case_01353333_load' <Predicate = (!icmp_ln117)> <Delay = 0.00>
ST_3 : Operation 254 [1/1] (0.00ns)   --->   "%mux_case_11363346_load = load i32 %mux_case_11363346"   --->   Operation 254 'load' 'mux_case_11363346_load' <Predicate = (!icmp_ln117)> <Delay = 0.00>
ST_3 : Operation 255 [1/1] (0.00ns)   --->   "%mux_case_21373359_load = load i32 %mux_case_21373359"   --->   Operation 255 'load' 'mux_case_21373359_load' <Predicate = (!icmp_ln117)> <Delay = 0.00>
ST_3 : Operation 256 [1/1] (0.00ns)   --->   "%mux_case_31383372_load = load i32 %mux_case_31383372"   --->   Operation 256 'load' 'mux_case_31383372_load' <Predicate = (!icmp_ln117)> <Delay = 0.00>
ST_3 : Operation 257 [1/1] (0.00ns)   --->   "%mux_case_01403385_load = load i32 %mux_case_01403385"   --->   Operation 257 'load' 'mux_case_01403385_load' <Predicate = (!icmp_ln117)> <Delay = 0.00>
ST_3 : Operation 258 [1/1] (0.00ns)   --->   "%mux_case_11413398_load = load i32 %mux_case_11413398"   --->   Operation 258 'load' 'mux_case_11413398_load' <Predicate = (!icmp_ln117)> <Delay = 0.00>
ST_3 : Operation 259 [1/1] (0.00ns)   --->   "%mux_case_21423411_load = load i32 %mux_case_21423411"   --->   Operation 259 'load' 'mux_case_21423411_load' <Predicate = (!icmp_ln117)> <Delay = 0.00>
ST_3 : Operation 260 [1/1] (0.00ns)   --->   "%mux_case_31433424_load = load i32 %mux_case_31433424"   --->   Operation 260 'load' 'mux_case_31433424_load' <Predicate = (!icmp_ln117)> <Delay = 0.00>
ST_3 : Operation 261 [1/1] (0.00ns)   --->   "%mux_case_01703435_load = load i32 %mux_case_01703435"   --->   Operation 261 'load' 'mux_case_01703435_load' <Predicate = (!icmp_ln117)> <Delay = 0.00>
ST_3 : Operation 262 [1/1] (0.00ns)   --->   "%mux_case_11713446_load = load i32 %mux_case_11713446"   --->   Operation 262 'load' 'mux_case_11713446_load' <Predicate = (!icmp_ln117)> <Delay = 0.00>
ST_3 : Operation 263 [1/1] (0.00ns)   --->   "%mux_case_21723457_load = load i32 %mux_case_21723457"   --->   Operation 263 'load' 'mux_case_21723457_load' <Predicate = (!icmp_ln117)> <Delay = 0.00>
ST_3 : Operation 264 [1/1] (0.00ns)   --->   "%mux_case_31733468_load = load i32 %mux_case_31733468"   --->   Operation 264 'load' 'mux_case_31733468_load' <Predicate = (!icmp_ln117)> <Delay = 0.00>
ST_3 : Operation 265 [1/1] (0.00ns)   --->   "%mux_case_01993479_load = load i32 %mux_case_01993479"   --->   Operation 265 'load' 'mux_case_01993479_load' <Predicate = (!icmp_ln117)> <Delay = 0.00>
ST_3 : Operation 266 [1/1] (0.00ns)   --->   "%mux_case_12003490_load = load i32 %mux_case_12003490"   --->   Operation 266 'load' 'mux_case_12003490_load' <Predicate = (!icmp_ln117)> <Delay = 0.00>
ST_3 : Operation 267 [1/1] (0.00ns)   --->   "%mux_case_22013501_load = load i32 %mux_case_22013501"   --->   Operation 267 'load' 'mux_case_22013501_load' <Predicate = (!icmp_ln117)> <Delay = 0.00>
ST_3 : Operation 268 [1/1] (0.00ns)   --->   "%mux_case_32023512_load = load i32 %mux_case_32023512"   --->   Operation 268 'load' 'mux_case_32023512_load' <Predicate = (!icmp_ln117)> <Delay = 0.00>
ST_3 : Operation 269 [1/1] (0.42ns)   --->   "%store_ln117 = store i3 %empty, i3 %k" [top_cmplx.cpp:117]   --->   Operation 269 'store' 'store_ln117' <Predicate = (!icmp_ln117)> <Delay = 0.42>
ST_3 : Operation 270 [1/1] (0.00ns)   --->   "%mux_case_02827_load = load i32 %mux_case_02827"   --->   Operation 270 'load' 'mux_case_02827_load' <Predicate = (icmp_ln117)> <Delay = 0.00>
ST_3 : Operation 271 [1/1] (0.00ns)   --->   "%mux_case_12838_load = load i32 %mux_case_12838"   --->   Operation 271 'load' 'mux_case_12838_load' <Predicate = (icmp_ln117)> <Delay = 0.00>
ST_3 : Operation 272 [1/1] (0.00ns)   --->   "%mux_case_22849_load = load i32 %mux_case_22849"   --->   Operation 272 'load' 'mux_case_22849_load' <Predicate = (icmp_ln117)> <Delay = 0.00>
ST_3 : Operation 273 [1/1] (0.00ns)   --->   "%mux_case_32860_load = load i32 %mux_case_32860"   --->   Operation 273 'load' 'mux_case_32860_load' <Predicate = (icmp_ln117)> <Delay = 0.00>
ST_3 : Operation 274 [1/1] (0.00ns)   --->   "%mux_case_0922873_load = load i32 %mux_case_0922873"   --->   Operation 274 'load' 'mux_case_0922873_load' <Predicate = (icmp_ln117)> <Delay = 0.00>
ST_3 : Operation 275 [1/1] (0.00ns)   --->   "%mux_case_1932886_load = load i32 %mux_case_1932886"   --->   Operation 275 'load' 'mux_case_1932886_load' <Predicate = (icmp_ln117)> <Delay = 0.00>
ST_3 : Operation 276 [1/1] (0.00ns)   --->   "%mux_case_2942899_load = load i32 %mux_case_2942899"   --->   Operation 276 'load' 'mux_case_2942899_load' <Predicate = (icmp_ln117)> <Delay = 0.00>
ST_3 : Operation 277 [1/1] (0.00ns)   --->   "%mux_case_3952912_load = load i32 %mux_case_3952912"   --->   Operation 277 'load' 'mux_case_3952912_load' <Predicate = (icmp_ln117)> <Delay = 0.00>
ST_3 : Operation 278 [1/1] (0.00ns)   --->   "%mux_case_0972925_load = load i32 %mux_case_0972925"   --->   Operation 278 'load' 'mux_case_0972925_load' <Predicate = (icmp_ln117)> <Delay = 0.00>
ST_3 : Operation 279 [1/1] (0.00ns)   --->   "%mux_case_1982938_load = load i32 %mux_case_1982938"   --->   Operation 279 'load' 'mux_case_1982938_load' <Predicate = (icmp_ln117)> <Delay = 0.00>
ST_3 : Operation 280 [1/1] (0.00ns)   --->   "%mux_case_2992951_load = load i32 %mux_case_2992951"   --->   Operation 280 'load' 'mux_case_2992951_load' <Predicate = (icmp_ln117)> <Delay = 0.00>
ST_3 : Operation 281 [1/1] (0.00ns)   --->   "%mux_case_31002964_load = load i32 %mux_case_31002964"   --->   Operation 281 'load' 'mux_case_31002964_load' <Predicate = (icmp_ln117)> <Delay = 0.00>
ST_3 : Operation 282 [1/1] (0.00ns)   --->   "%mux_case_01022977_load = load i32 %mux_case_01022977"   --->   Operation 282 'load' 'mux_case_01022977_load' <Predicate = (icmp_ln117)> <Delay = 0.00>
ST_3 : Operation 283 [1/1] (0.00ns)   --->   "%mux_case_11032990_load = load i32 %mux_case_11032990"   --->   Operation 283 'load' 'mux_case_11032990_load' <Predicate = (icmp_ln117)> <Delay = 0.00>
ST_3 : Operation 284 [1/1] (0.00ns)   --->   "%mux_case_21043003_load = load i32 %mux_case_21043003"   --->   Operation 284 'load' 'mux_case_21043003_load' <Predicate = (icmp_ln117)> <Delay = 0.00>
ST_3 : Operation 285 [1/1] (0.00ns)   --->   "%mux_case_31053016_load = load i32 %mux_case_31053016"   --->   Operation 285 'load' 'mux_case_31053016_load' <Predicate = (icmp_ln117)> <Delay = 0.00>
ST_3 : Operation 286 [1/1] (0.00ns)   --->   "%mux_case_04303519_load = load i32 %mux_case_04303519"   --->   Operation 286 'load' 'mux_case_04303519_load' <Predicate = (icmp_ln117)> <Delay = 0.00>
ST_3 : Operation 287 [1/1] (0.00ns)   --->   "%mux_case_14313528_load = load i32 %mux_case_14313528"   --->   Operation 287 'load' 'mux_case_14313528_load' <Predicate = (icmp_ln117)> <Delay = 0.00>
ST_3 : Operation 288 [1/1] (0.00ns)   --->   "%mux_case_24323536_load = load i32 %mux_case_24323536"   --->   Operation 288 'load' 'mux_case_24323536_load' <Predicate = (icmp_ln117)> <Delay = 0.00>
ST_3 : Operation 289 [1/1] (0.00ns)   --->   "%mux_case_34333544_load = load i32 %mux_case_34333544"   --->   Operation 289 'load' 'mux_case_34333544_load' <Predicate = (icmp_ln117)> <Delay = 0.00>
ST_3 : Operation 290 [1/1] (0.00ns)   --->   "%mux_case_04353552_load = load i32 %mux_case_04353552"   --->   Operation 290 'load' 'mux_case_04353552_load' <Predicate = (icmp_ln117)> <Delay = 0.00>
ST_3 : Operation 291 [1/1] (0.00ns)   --->   "%mux_case_14363560_load = load i32 %mux_case_14363560"   --->   Operation 291 'load' 'mux_case_14363560_load' <Predicate = (icmp_ln117)> <Delay = 0.00>
ST_3 : Operation 292 [1/1] (0.00ns)   --->   "%mux_case_24373569_load = load i32 %mux_case_24373569"   --->   Operation 292 'load' 'mux_case_24373569_load' <Predicate = (icmp_ln117)> <Delay = 0.00>
ST_3 : Operation 293 [1/1] (0.00ns)   --->   "%mux_case_34383577_load = load i32 %mux_case_34383577"   --->   Operation 293 'load' 'mux_case_34383577_load' <Predicate = (icmp_ln117)> <Delay = 0.00>
ST_3 : Operation 294 [1/1] (0.00ns)   --->   "%mux_case_04403585_load = load i32 %mux_case_04403585"   --->   Operation 294 'load' 'mux_case_04403585_load' <Predicate = (icmp_ln117)> <Delay = 0.00>
ST_3 : Operation 295 [1/1] (0.00ns)   --->   "%mux_case_14413593_load = load i32 %mux_case_14413593"   --->   Operation 295 'load' 'mux_case_14413593_load' <Predicate = (icmp_ln117)> <Delay = 0.00>
ST_3 : Operation 296 [1/1] (0.00ns)   --->   "%mux_case_24423601_load = load i32 %mux_case_24423601"   --->   Operation 296 'load' 'mux_case_24423601_load' <Predicate = (icmp_ln117)> <Delay = 0.00>
ST_3 : Operation 297 [1/1] (0.00ns)   --->   "%mux_case_34433610_load = load i32 %mux_case_34433610"   --->   Operation 297 'load' 'mux_case_34433610_load' <Predicate = (icmp_ln117)> <Delay = 0.00>
ST_3 : Operation 298 [1/1] (0.00ns)   --->   "%mux_case_04453618_load = load i32 %mux_case_04453618"   --->   Operation 298 'load' 'mux_case_04453618_load' <Predicate = (icmp_ln117)> <Delay = 0.00>
ST_3 : Operation 299 [1/1] (0.00ns)   --->   "%mux_case_14463626_load = load i32 %mux_case_14463626"   --->   Operation 299 'load' 'mux_case_14463626_load' <Predicate = (icmp_ln117)> <Delay = 0.00>
ST_3 : Operation 300 [1/1] (0.00ns)   --->   "%mux_case_24473634_load = load i32 %mux_case_24473634"   --->   Operation 300 'load' 'mux_case_24473634_load' <Predicate = (icmp_ln117)> <Delay = 0.00>
ST_3 : Operation 301 [1/1] (0.00ns)   --->   "%mux_case_34483642_load = load i32 %mux_case_34483642"   --->   Operation 301 'load' 'mux_case_34483642_load' <Predicate = (icmp_ln117)> <Delay = 0.00>
ST_3 : Operation 302 [1/1] (0.00ns)   --->   "%mux_case_04503651_load = load i32 %mux_case_04503651"   --->   Operation 302 'load' 'mux_case_04503651_load' <Predicate = (icmp_ln117)> <Delay = 0.00>
ST_3 : Operation 303 [1/1] (0.00ns)   --->   "%mux_case_14513660_load = load i32 %mux_case_14513660"   --->   Operation 303 'load' 'mux_case_14513660_load' <Predicate = (icmp_ln117)> <Delay = 0.00>
ST_3 : Operation 304 [1/1] (0.00ns)   --->   "%mux_case_24523668_load = load i32 %mux_case_24523668"   --->   Operation 304 'load' 'mux_case_24523668_load' <Predicate = (icmp_ln117)> <Delay = 0.00>
ST_3 : Operation 305 [1/1] (0.00ns)   --->   "%mux_case_34533676_load = load i32 %mux_case_34533676"   --->   Operation 305 'load' 'mux_case_34533676_load' <Predicate = (icmp_ln117)> <Delay = 0.00>
ST_3 : Operation 306 [1/1] (0.00ns)   --->   "%mux_case_04553684_load = load i32 %mux_case_04553684"   --->   Operation 306 'load' 'mux_case_04553684_load' <Predicate = (icmp_ln117)> <Delay = 0.00>
ST_3 : Operation 307 [1/1] (0.00ns)   --->   "%mux_case_14563692_load = load i32 %mux_case_14563692"   --->   Operation 307 'load' 'mux_case_14563692_load' <Predicate = (icmp_ln117)> <Delay = 0.00>
ST_3 : Operation 308 [1/1] (0.00ns)   --->   "%mux_case_24573701_load = load i32 %mux_case_24573701"   --->   Operation 308 'load' 'mux_case_24573701_load' <Predicate = (icmp_ln117)> <Delay = 0.00>
ST_3 : Operation 309 [1/1] (0.00ns)   --->   "%mux_case_34583709_load = load i32 %mux_case_34583709"   --->   Operation 309 'load' 'mux_case_34583709_load' <Predicate = (icmp_ln117)> <Delay = 0.00>
ST_3 : Operation 310 [1/1] (0.00ns)   --->   "%mux_case_04603717_load = load i32 %mux_case_04603717"   --->   Operation 310 'load' 'mux_case_04603717_load' <Predicate = (icmp_ln117)> <Delay = 0.00>
ST_3 : Operation 311 [1/1] (0.00ns)   --->   "%mux_case_14613726_load = load i32 %mux_case_14613726"   --->   Operation 311 'load' 'mux_case_14613726_load' <Predicate = (icmp_ln117)> <Delay = 0.00>
ST_3 : Operation 312 [1/1] (0.00ns)   --->   "%mux_case_24623734_load = load i32 %mux_case_24623734"   --->   Operation 312 'load' 'mux_case_24623734_load' <Predicate = (icmp_ln117)> <Delay = 0.00>
ST_3 : Operation 313 [1/1] (0.00ns)   --->   "%mux_case_34633742_load = load i32 %mux_case_34633742"   --->   Operation 313 'load' 'mux_case_34633742_load' <Predicate = (icmp_ln117)> <Delay = 0.00>
ST_3 : Operation 314 [1/1] (0.00ns)   --->   "%mux_case_04653750_load = load i32 %mux_case_04653750"   --->   Operation 314 'load' 'mux_case_04653750_load' <Predicate = (icmp_ln117)> <Delay = 0.00>
ST_3 : Operation 315 [1/1] (0.00ns)   --->   "%mux_case_14663758_load = load i32 %mux_case_14663758"   --->   Operation 315 'load' 'mux_case_14663758_load' <Predicate = (icmp_ln117)> <Delay = 0.00>
ST_3 : Operation 316 [1/1] (0.00ns)   --->   "%mux_case_24673767_load = load i32 %mux_case_24673767"   --->   Operation 316 'load' 'mux_case_24673767_load' <Predicate = (icmp_ln117)> <Delay = 0.00>
ST_3 : Operation 317 [1/1] (0.00ns)   --->   "%mux_case_34683775_load = load i32 %mux_case_34683775"   --->   Operation 317 'load' 'mux_case_34683775_load' <Predicate = (icmp_ln117)> <Delay = 0.00>
ST_3 : Operation 318 [1/1] (0.00ns)   --->   "%mux_case_04703783_load = load i32 %mux_case_04703783"   --->   Operation 318 'load' 'mux_case_04703783_load' <Predicate = (icmp_ln117)> <Delay = 0.00>
ST_3 : Operation 319 [1/1] (0.00ns)   --->   "%mux_case_14713791_load = load i32 %mux_case_14713791"   --->   Operation 319 'load' 'mux_case_14713791_load' <Predicate = (icmp_ln117)> <Delay = 0.00>
ST_3 : Operation 320 [1/1] (0.00ns)   --->   "%mux_case_24723799_load = load i32 %mux_case_24723799"   --->   Operation 320 'load' 'mux_case_24723799_load' <Predicate = (icmp_ln117)> <Delay = 0.00>
ST_3 : Operation 321 [1/1] (0.00ns)   --->   "%mux_case_34733808_load = load i32 %mux_case_34733808"   --->   Operation 321 'load' 'mux_case_34733808_load' <Predicate = (icmp_ln117)> <Delay = 0.00>
ST_3 : Operation 322 [1/1] (0.00ns)   --->   "%mux_case_04753816_load = load i32 %mux_case_04753816"   --->   Operation 322 'load' 'mux_case_04753816_load' <Predicate = (icmp_ln117)> <Delay = 0.00>
ST_3 : Operation 323 [1/1] (0.00ns)   --->   "%mux_case_14763824_load = load i32 %mux_case_14763824"   --->   Operation 323 'load' 'mux_case_14763824_load' <Predicate = (icmp_ln117)> <Delay = 0.00>
ST_3 : Operation 324 [1/1] (0.00ns)   --->   "%mux_case_24773832_load = load i32 %mux_case_24773832"   --->   Operation 324 'load' 'mux_case_24773832_load' <Predicate = (icmp_ln117)> <Delay = 0.00>
ST_3 : Operation 325 [1/1] (0.00ns)   --->   "%mux_case_34783840_load = load i32 %mux_case_34783840"   --->   Operation 325 'load' 'mux_case_34783840_load' <Predicate = (icmp_ln117)> <Delay = 0.00>
ST_3 : Operation 326 [1/1] (0.00ns)   --->   "%mux_case_04803849_load = load i32 %mux_case_04803849"   --->   Operation 326 'load' 'mux_case_04803849_load' <Predicate = (icmp_ln117)> <Delay = 0.00>
ST_3 : Operation 327 [1/1] (0.00ns)   --->   "%mux_case_14813858_load = load i32 %mux_case_14813858"   --->   Operation 327 'load' 'mux_case_14813858_load' <Predicate = (icmp_ln117)> <Delay = 0.00>
ST_3 : Operation 328 [1/1] (0.00ns)   --->   "%mux_case_24823866_load = load i32 %mux_case_24823866"   --->   Operation 328 'load' 'mux_case_24823866_load' <Predicate = (icmp_ln117)> <Delay = 0.00>
ST_3 : Operation 329 [1/1] (0.00ns)   --->   "%mux_case_34833874_load = load i32 %mux_case_34833874"   --->   Operation 329 'load' 'mux_case_34833874_load' <Predicate = (icmp_ln117)> <Delay = 0.00>
ST_3 : Operation 330 [1/1] (0.00ns)   --->   "%mux_case_04853882_load = load i32 %mux_case_04853882"   --->   Operation 330 'load' 'mux_case_04853882_load' <Predicate = (icmp_ln117)> <Delay = 0.00>
ST_3 : Operation 331 [1/1] (0.00ns)   --->   "%mux_case_14863890_load = load i32 %mux_case_14863890"   --->   Operation 331 'load' 'mux_case_14863890_load' <Predicate = (icmp_ln117)> <Delay = 0.00>
ST_3 : Operation 332 [1/1] (0.00ns)   --->   "%mux_case_24873899_load = load i32 %mux_case_24873899"   --->   Operation 332 'load' 'mux_case_24873899_load' <Predicate = (icmp_ln117)> <Delay = 0.00>
ST_3 : Operation 333 [1/1] (0.00ns)   --->   "%mux_case_34883907_load = load i32 %mux_case_34883907"   --->   Operation 333 'load' 'mux_case_34883907_load' <Predicate = (icmp_ln117)> <Delay = 0.00>
ST_3 : Operation 334 [1/1] (0.00ns)   --->   "%mux_case_05153915_load = load i32 %mux_case_05153915"   --->   Operation 334 'load' 'mux_case_05153915_load' <Predicate = (icmp_ln117)> <Delay = 0.00>
ST_3 : Operation 335 [1/1] (0.00ns)   --->   "%mux_case_15163923_load = load i32 %mux_case_15163923"   --->   Operation 335 'load' 'mux_case_15163923_load' <Predicate = (icmp_ln117)> <Delay = 0.00>
ST_3 : Operation 336 [1/1] (0.00ns)   --->   "%mux_case_25173931_load = load i32 %mux_case_25173931"   --->   Operation 336 'load' 'mux_case_25173931_load' <Predicate = (icmp_ln117)> <Delay = 0.00>
ST_3 : Operation 337 [1/1] (0.00ns)   --->   "%mux_case_35183940_load = load i32 %mux_case_35183940"   --->   Operation 337 'load' 'mux_case_35183940_load' <Predicate = (icmp_ln117)> <Delay = 0.00>
ST_3 : Operation 338 [1/1] (0.00ns)   --->   "%mux_case_05453948_load = load i32 %mux_case_05453948"   --->   Operation 338 'load' 'mux_case_05453948_load' <Predicate = (icmp_ln117)> <Delay = 0.00>
ST_3 : Operation 339 [1/1] (0.00ns)   --->   "%mux_case_15463956_load = load i32 %mux_case_15463956"   --->   Operation 339 'load' 'mux_case_15463956_load' <Predicate = (icmp_ln117)> <Delay = 0.00>
ST_3 : Operation 340 [1/1] (0.00ns)   --->   "%mux_case_25473964_load = load i32 %mux_case_25473964"   --->   Operation 340 'load' 'mux_case_25473964_load' <Predicate = (icmp_ln117)> <Delay = 0.00>
ST_3 : Operation 341 [1/1] (0.00ns)   --->   "%mux_case_35483973_load = load i32 %mux_case_35483973"   --->   Operation 341 'load' 'mux_case_35483973_load' <Predicate = (icmp_ln117)> <Delay = 0.00>
ST_3 : Operation 342 [2/2] (1.87ns)   --->   "%call_ln0 = call void @top_Pipeline_VITIS_LOOP_181_6_VITIS_LOOP_183_7, i32 %Q_out_real, i32 %Q_out_real_1, i32 %Q_out_real_2, i32 %Q_out_real_3, i32 %Q_out_imag, i32 %Q_out_imag_1, i32 %Q_out_imag_2, i32 %Q_out_imag_3, i32 %mux_case_04303519_load, i32 %mux_case_14313528_load, i32 %mux_case_24323536_load, i32 %mux_case_34333544_load, i32 %mux_case_04353552_load, i32 %mux_case_14363560_load, i32 %mux_case_24373569_load, i32 %mux_case_34383577_load, i32 %mux_case_04403585_load, i32 %mux_case_14413593_load, i32 %mux_case_24423601_load, i32 %mux_case_34433610_load, i32 %mux_case_04453618_load, i32 %mux_case_14463626_load, i32 %mux_case_24473634_load, i32 %mux_case_34483642_load, i32 %mux_case_04503651_load, i32 %mux_case_14513660_load, i32 %mux_case_24523668_load, i32 %mux_case_34533676_load, i32 %mux_case_04553684_load, i32 %mux_case_14563692_load, i32 %mux_case_24573701_load, i32 %mux_case_34583709_load, i32 %mux_case_05153915_load, i32 %mux_case_15163923_load, i32 %mux_case_25173931_load, i32 %mux_case_35183940_load, i32 %mux_case_04603717_load, i32 %mux_case_14613726_load, i32 %mux_case_24623734_load, i32 %mux_case_34633742_load, i32 %mux_case_04653750_load, i32 %mux_case_14663758_load, i32 %mux_case_24673767_load, i32 %mux_case_34683775_load, i32 %mux_case_04703783_load, i32 %mux_case_14713791_load, i32 %mux_case_24723799_load, i32 %mux_case_34733808_load, i32 %mux_case_04753816_load, i32 %mux_case_14763824_load, i32 %mux_case_24773832_load, i32 %mux_case_34783840_load, i32 %mux_case_04803849_load, i32 %mux_case_14813858_load, i32 %mux_case_24823866_load, i32 %mux_case_34833874_load, i32 %mux_case_04853882_load, i32 %mux_case_14863890_load, i32 %mux_case_24873899_load, i32 %mux_case_34883907_load, i32 %mux_case_05453948_load, i32 %mux_case_15463956_load, i32 %mux_case_25473964_load, i32 %mux_case_35483973_load"   --->   Operation 342 'call' 'call_ln0' <Predicate = (icmp_ln117)> <Delay = 1.87> <CoreType = "Generic">   --->   Core 0 '' <Latency = 0> <II = 1> <Delay = 1.00> <Generic> <Opcode : >
ST_3 : Operation 343 [2/2] (1.72ns)   --->   "%call_ln0 = call void @top_Pipeline_VITIS_LOOP_190_8_VITIS_LOOP_192_9, i32 %R_out_real, i32 %R_out_real_1, i32 %R_out_real_2, i32 %R_out_real_3, i32 %R_out_imag, i32 %R_out_imag_1, i32 %R_out_imag_2, i32 %R_out_imag_3, i32 %mux_case_02827_load, i32 %mux_case_12838_load, i32 %mux_case_22849_load, i32 %mux_case_32860_load, i32 %mux_case_0922873_load, i32 %mux_case_1932886_load, i32 %mux_case_2942899_load, i32 %mux_case_3952912_load, i32 %mux_case_0972925_load, i32 %mux_case_1982938_load, i32 %mux_case_2992951_load, i32 %mux_case_31002964_load, i32 %mux_case_01022977_load, i32 %mux_case_11032990_load, i32 %mux_case_21043003_load, i32 %mux_case_31053016_load"   --->   Operation 343 'call' 'call_ln0' <Predicate = (icmp_ln117)> <Delay = 1.72> <CoreType = "Generic">   --->   Core 0 '' <Latency = 0> <II = 1> <Delay = 1.00> <Generic> <Opcode : >

State 4 <SV = 3> <Delay = 1.64>
ST_4 : Operation 344 [1/1] (0.00ns)   --->   "%tmp = bitselect i1 @_ssdm_op_BitSelect.i1.i3.i32, i3 %empty, i32 2" [top_cmplx.cpp:117]   --->   Operation 344 'bitselect' 'tmp' <Predicate = true> <Delay = 0.00>
ST_4 : Operation 345 [1/1] (0.67ns)   --->   "%empty_39 = add i3 %k_1, i3 2" [top_cmplx.cpp:117]   --->   Operation 345 'add' 'empty_39' <Predicate = true> <Delay = 0.67> <CoreInst = "Adder">   --->   Core 1 'Adder' <Latency = 0> <II = 1> <Delay = 0.67> <FuncUnit> <Opcode : 'add' 'sub'> <InPorts = 2> <OutPorts = 1>
ST_4 : Operation 346 [1/1] (0.00ns)   --->   "%tmp_19 = bitselect i1 @_ssdm_op_BitSelect.i1.i3.i32, i3 %empty_39, i32 2" [top_cmplx.cpp:117]   --->   Operation 346 'bitselect' 'tmp_19' <Predicate = true> <Delay = 0.00>
ST_4 : Operation 347 [1/1] (0.67ns)   --->   "%empty_40 = add i3 %k_1, i3 3" [top_cmplx.cpp:117]   --->   Operation 347 'add' 'empty_40' <Predicate = true> <Delay = 0.67> <CoreInst = "Adder">   --->   Core 1 'Adder' <Latency = 0> <II = 1> <Delay = 0.67> <FuncUnit> <Opcode : 'add' 'sub'> <InPorts = 2> <OutPorts = 1>
ST_4 : Operation 348 [1/1] (0.00ns)   --->   "%tmp_20 = bitselect i1 @_ssdm_op_BitSelect.i1.i3.i32, i3 %empty_40, i32 2" [top_cmplx.cpp:117]   --->   Operation 348 'bitselect' 'tmp_20' <Predicate = true> <Delay = 0.00>
ST_4 : Operation 349 [1/1] (0.00ns)   --->   "%empty_41 = trunc i3 %empty" [top_cmplx.cpp:117]   --->   Operation 349 'trunc' 'empty_41' <Predicate = true> <Delay = 0.00>
ST_4 : Operation 350 [1/1] (0.00ns)   --->   "%empty_42 = trunc i3 %empty_39" [top_cmplx.cpp:117]   --->   Operation 350 'trunc' 'empty_42' <Predicate = true> <Delay = 0.00>
ST_4 : Operation 351 [1/1] (0.54ns)   --->   "%icmp_ln41 = icmp_eq  i2 %empty_42, i2 2" [top_cmplx.cpp:41->top_cmplx.cpp:146]   --->   Operation 351 'icmp' 'icmp_ln41' <Predicate = true> <Delay = 0.54> <CoreInst = "Cmp">   --->   Core 9 'Cmp' <Latency = 0> <II = 1> <Delay = 0.67> <FuncUnit> <Opcode : 'icmp'> <InPorts = 2> <OutPorts = 1>
ST_4 : Operation 352 [2/2] (0.42ns)   --->   "%call_ln117 = call void @top_Pipeline_VITIS_LOOP_119_2, i32 %mux_case_32023512_load, i32 %mux_case_22013501_load, i32 %mux_case_12003490_load, i32 %mux_case_01993479_load, i32 %mux_case_31733468_load, i32 %mux_case_21723457_load, i32 %mux_case_11713446_load, i32 %mux_case_01703435_load, i32 %mux_case_31433424_load, i32 %mux_case_21423411_load, i32 %mux_case_11413398_load, i32 %mux_case_01403385_load, i32 %mux_case_31383372_load, i32 %mux_case_21373359_load, i32 %mux_case_11363346_load, i32 %mux_case_01353333_load, i32 %mux_case_31333320_load, i32 %mux_case_21323307_load, i32 %mux_case_11313294_load, i32 %mux_case_01303281_load, i32 %mux_case_31283268_load, i32 %mux_case_21273255_load, i32 %mux_case_11263242_load, i32 %mux_case_01253229_load, i32 %mux_case_31233216_load, i32 %mux_case_21223203_load, i32 %mux_case_11213190_load, i32 %mux_case_01203177_load, i32 %mux_case_31183164_load, i32 %mux_case_21173153_load, i32 %mux_case_11163142_load, i32 %mux_case_31143120_load, i32 %mux_case_21133107_load, i32 %mux_case_11123094_load, i32 %mux_case_01113081_load, i32 %mux_case_31103068_load, i32 %mux_case_21093055_load, i32 %mux_case_11083042_load, i32 %mux_case_01073029_load, i32 %mux_case_31053016_load_1, i32 %mux_case_21043003_load_1, i32 %mux_case_11032990_load_1, i32 %mux_case_01022977_load_1, i32 %mux_case_31002964_load_1, i32 %mux_case_2992951_load_1, i32 %mux_case_1982938_load_1, i32 %mux_case_0972925_load_1, i32 %mux_case_3952912_load_1, i32 %mux_case_2942899_load_1, i32 %mux_case_1932886_load_1, i32 %mux_case_0922873_load_1, i32 %mux_case_32860_load_1, i32 %mux_case_22849_load_1, i32 %mux_case_12838_load_1, i2 %trunc_ln117, i2 %trunc_ln117, i1 %tmp_20, i1 %icmp_ln41, i2 %empty_42, i1 %tmp_19, i2 %empty_41, i1 %tmp, i32 %mux_case_35483973, i32 %mux_case_25473964, i32 %mux_case_15463956, i32 %mux_case_05453948, i32 %mux_case_35183940, i32 %mux_case_25173931, i32 %mux_case_15163923, i32 %mux_case_05153915, i32 %mux_case_34883907, i32 %mux_case_24873899, i32 %mux_case_14863890, i32 %mux_case_04853882, i32 %mux_case_34833874, i32 %mux_case_24823866, i32 %mux_case_14813858, i32 %mux_case_04803849, i32 %mux_case_34783840, i32 %mux_case_24773832, i32 %mux_case_14763824, i32 %mux_case_04753816, i32 %mux_case_34733808, i32 %mux_case_24723799, i32 %mux_case_14713791, i32 %mux_case_04703783, i32 %mux_case_34683775, i32 %mux_case_24673767, i32 %mux_case_14663758, i32 %mux_case_04653750, i32 %mux_case_34633742, i32 %mux_case_24623734, i32 %mux_case_14613726, i32 %mux_case_04603717, i32 %mux_case_34583709, i32 %mux_case_24573701, i32 %mux_case_14563692, i32 %mux_case_04553684, i32 %mux_case_34533676, i32 %mux_case_24523668, i32 %mux_case_14513660, i32 %mux_case_04503651, i32 %mux_case_34483642, i32 %mux_case_24473634, i32 %mux_case_14463626, i32 %mux_case_04453618, i32 %mux_case_34433610, i32 %mux_case_24423601, i32 %mux_case_14413593, i32 %mux_case_04403585, i32 %mux_case_34383577, i32 %mux_case_24373569, i32 %mux_case_14363560, i32 %mux_case_04353552, i32 %mux_case_34333544, i32 %mux_case_24323536, i32 %mux_case_14313528, i32 %mux_case_04303519, i32 %mux_case_32023512, i32 %mux_case_22013501, i32 %mux_case_12003490, i32 %mux_case_01993479, i32 %mux_case_31733468, i32 %mux_case_21723457, i32 %mux_case_11713446, i32 %mux_case_01703435, i32 %mux_case_31433424, i32 %mux_case_21423411, i32 %mux_case_11413398, i32 %mux_case_01403385, i32 %mux_case_31383372, i32 %mux_case_21373359, i32 %mux_case_11363346, i32 %mux_case_01353333, i32 %mux_case_31333320, i32 %mux_case_21323307, i32 %mux_case_11313294, i32 %mux_case_01303281, i32 %mux_case_31283268, i32 %mux_case_21273255, i32 %mux_case_11263242, i32 %mux_case_01253229, i32 %mux_case_31233216, i32 %mux_case_21223203, i32 %mux_case_11213190, i32 %mux_case_01203177, i32 %mux_case_31183164, i32 %mux_case_21173153, i32 %mux_case_11163142, i32 %mux_case_01153131, i32 %mux_case_31143120, i32 %mux_case_21133107, i32 %mux_case_11123094, i32 %mux_case_01113081, i32 %mux_case_31103068, i32 %mux_case_21093055, i32 %mux_case_11083042, i32 %mux_case_01073029, i32 %mux_case_31053016, i32 %mux_case_21043003, i32 %mux_case_11032990, i32 %mux_case_01022977, i32 %mux_case_31002964, i32 %mux_case_2992951, i32 %mux_case_1982938, i32 %mux_case_0972925, i32 %mux_case_3952912, i32 %mux_case_2942899, i32 %mux_case_1932886, i32 %mux_case_0922873, i32 %mux_case_32860, i32 %mux_case_22849, i32 %mux_case_12838, i32 %mux_case_02827" [top_cmplx.cpp:117]   --->   Operation 352 'call' 'call_ln117' <Predicate = true> <Delay = 0.42> <CoreType = "Generic">   --->   Core 0 '' <Latency = 0> <II = 1> <Delay = 1.00> <Generic> <Opcode : >

State 5 <SV = 4> <Delay = 0.00>
ST_5 : Operation 353 [1/1] (0.00ns)   --->   "%speclooptripcount_ln117 = speclooptripcount void @_ssdm_op_SpecLoopTripCount, i64 4, i64 4, i64 4" [top_cmplx.cpp:117]   --->   Operation 353 'speclooptripcount' 'speclooptripcount_ln117' <Predicate = true> <Delay = 0.00>
ST_5 : Operation 354 [1/1] (0.00ns)   --->   "%specloopname_ln117 = specloopname void @_ssdm_op_SpecLoopName, void @empty_14" [top_cmplx.cpp:117]   --->   Operation 354 'specloopname' 'specloopname_ln117' <Predicate = true> <Delay = 0.00>
ST_5 : Operation 355 [1/2] (0.00ns)   --->   "%call_ln117 = call void @top_Pipeline_VITIS_LOOP_119_2, i32 %mux_case_32023512_load, i32 %mux_case_22013501_load, i32 %mux_case_12003490_load, i32 %mux_case_01993479_load, i32 %mux_case_31733468_load, i32 %mux_case_21723457_load, i32 %mux_case_11713446_load, i32 %mux_case_01703435_load, i32 %mux_case_31433424_load, i32 %mux_case_21423411_load, i32 %mux_case_11413398_load, i32 %mux_case_01403385_load, i32 %mux_case_31383372_load, i32 %mux_case_21373359_load, i32 %mux_case_11363346_load, i32 %mux_case_01353333_load, i32 %mux_case_31333320_load, i32 %mux_case_21323307_load, i32 %mux_case_11313294_load, i32 %mux_case_01303281_load, i32 %mux_case_31283268_load, i32 %mux_case_21273255_load, i32 %mux_case_11263242_load, i32 %mux_case_01253229_load, i32 %mux_case_31233216_load, i32 %mux_case_21223203_load, i32 %mux_case_11213190_load, i32 %mux_case_01203177_load, i32 %mux_case_31183164_load, i32 %mux_case_21173153_load, i32 %mux_case_11163142_load, i32 %mux_case_31143120_load, i32 %mux_case_21133107_load, i32 %mux_case_11123094_load, i32 %mux_case_01113081_load, i32 %mux_case_31103068_load, i32 %mux_case_21093055_load, i32 %mux_case_11083042_load, i32 %mux_case_01073029_load, i32 %mux_case_31053016_load_1, i32 %mux_case_21043003_load_1, i32 %mux_case_11032990_load_1, i32 %mux_case_01022977_load_1, i32 %mux_case_31002964_load_1, i32 %mux_case_2992951_load_1, i32 %mux_case_1982938_load_1, i32 %mux_case_0972925_load_1, i32 %mux_case_3952912_load_1, i32 %mux_case_2942899_load_1, i32 %mux_case_1932886_load_1, i32 %mux_case_0922873_load_1, i32 %mux_case_32860_load_1, i32 %mux_case_22849_load_1, i32 %mux_case_12838_load_1, i2 %trunc_ln117, i2 %trunc_ln117, i1 %tmp_20, i1 %icmp_ln41, i2 %empty_42, i1 %tmp_19, i2 %empty_41, i1 %tmp, i32 %mux_case_35483973, i32 %mux_case_25473964, i32 %mux_case_15463956, i32 %mux_case_05453948, i32 %mux_case_35183940, i32 %mux_case_25173931, i32 %mux_case_15163923, i32 %mux_case_05153915, i32 %mux_case_34883907, i32 %mux_case_24873899, i32 %mux_case_14863890, i32 %mux_case_04853882, i32 %mux_case_34833874, i32 %mux_case_24823866, i32 %mux_case_14813858, i32 %mux_case_04803849, i32 %mux_case_34783840, i32 %mux_case_24773832, i32 %mux_case_14763824, i32 %mux_case_04753816, i32 %mux_case_34733808, i32 %mux_case_24723799, i32 %mux_case_14713791, i32 %mux_case_04703783, i32 %mux_case_34683775, i32 %mux_case_24673767, i32 %mux_case_14663758, i32 %mux_case_04653750, i32 %mux_case_34633742, i32 %mux_case_24623734, i32 %mux_case_14613726, i32 %mux_case_04603717, i32 %mux_case_34583709, i32 %mux_case_24573701, i32 %mux_case_14563692, i32 %mux_case_04553684, i32 %mux_case_34533676, i32 %mux_case_24523668, i32 %mux_case_14513660, i32 %mux_case_04503651, i32 %mux_case_34483642, i32 %mux_case_24473634, i32 %mux_case_14463626, i32 %mux_case_04453618, i32 %mux_case_34433610, i32 %mux_case_24423601, i32 %mux_case_14413593, i32 %mux_case_04403585, i32 %mux_case_34383577, i32 %mux_case_24373569, i32 %mux_case_14363560, i32 %mux_case_04353552, i32 %mux_case_34333544, i32 %mux_case_24323536, i32 %mux_case_14313528, i32 %mux_case_04303519, i32 %mux_case_32023512, i32 %mux_case_22013501, i32 %mux_case_12003490, i32 %mux_case_01993479, i32 %mux_case_31733468, i32 %mux_case_21723457, i32 %mux_case_11713446, i32 %mux_case_01703435, i32 %mux_case_31433424, i32 %mux_case_21423411, i32 %mux_case_11413398, i32 %mux_case_01403385, i32 %mux_case_31383372, i32 %mux_case_21373359, i32 %mux_case_11363346, i32 %mux_case_01353333, i32 %mux_case_31333320, i32 %mux_case_21323307, i32 %mux_case_11313294, i32 %mux_case_01303281, i32 %mux_case_31283268, i32 %mux_case_21273255, i32 %mux_case_11263242, i32 %mux_case_01253229, i32 %mux_case_31233216, i32 %mux_case_21223203, i32 %mux_case_11213190, i32 %mux_case_01203177, i32 %mux_case_31183164, i32 %mux_case_21173153, i32 %mux_case_11163142, i32 %mux_case_01153131, i32 %mux_case_31143120, i32 %mux_case_21133107, i32 %mux_case_11123094, i32 %mux_case_01113081, i32 %mux_case_31103068, i32 %mux_case_21093055, i32 %mux_case_11083042, i32 %mux_case_01073029, i32 %mux_case_31053016, i32 %mux_case_21043003, i32 %mux_case_11032990, i32 %mux_case_01022977, i32 %mux_case_31002964, i32 %mux_case_2992951, i32 %mux_case_1982938, i32 %mux_case_0972925, i32 %mux_case_3952912, i32 %mux_case_2942899, i32 %mux_case_1932886, i32 %mux_case_0922873, i32 %mux_case_32860, i32 %mux_case_22849, i32 %mux_case_12838, i32 %mux_case_02827" [top_cmplx.cpp:117]   --->   Operation 355 'call' 'call_ln117' <Predicate = true> <Delay = 0.00> <CoreType = "Generic">   --->   Core 0 '' <Latency = 0> <II = 1> <Delay = 1.00> <Generic> <Opcode : >
ST_5 : Operation 356 [1/1] (0.00ns)   --->   "%br_ln117 = br void %VITIS_LOOP_119_2" [top_cmplx.cpp:117]   --->   Operation 356 'br' 'br_ln117' <Predicate = true> <Delay = 0.00>

State 6 <SV = 3> <Delay = 0.00>
ST_6 : Operation 357 [1/2] (0.00ns)   --->   "%call_ln0 = call void @top_Pipeline_VITIS_LOOP_181_6_VITIS_LOOP_183_7, i32 %Q_out_real, i32 %Q_out_real_1, i32 %Q_out_real_2, i32 %Q_out_real_3, i32 %Q_out_imag, i32 %Q_out_imag_1, i32 %Q_out_imag_2, i32 %Q_out_imag_3, i32 %mux_case_04303519_load, i32 %mux_case_14313528_load, i32 %mux_case_24323536_load, i32 %mux_case_34333544_load, i32 %mux_case_04353552_load, i32 %mux_case_14363560_load, i32 %mux_case_24373569_load, i32 %mux_case_34383577_load, i32 %mux_case_04403585_load, i32 %mux_case_14413593_load, i32 %mux_case_24423601_load, i32 %mux_case_34433610_load, i32 %mux_case_04453618_load, i32 %mux_case_14463626_load, i32 %mux_case_24473634_load, i32 %mux_case_34483642_load, i32 %mux_case_04503651_load, i32 %mux_case_14513660_load, i32 %mux_case_24523668_load, i32 %mux_case_34533676_load, i32 %mux_case_04553684_load, i32 %mux_case_14563692_load, i32 %mux_case_24573701_load, i32 %mux_case_34583709_load, i32 %mux_case_05153915_load, i32 %mux_case_15163923_load, i32 %mux_case_25173931_load, i32 %mux_case_35183940_load, i32 %mux_case_04603717_load, i32 %mux_case_14613726_load, i32 %mux_case_24623734_load, i32 %mux_case_34633742_load, i32 %mux_case_04653750_load, i32 %mux_case_14663758_load, i32 %mux_case_24673767_load, i32 %mux_case_34683775_load, i32 %mux_case_04703783_load, i32 %mux_case_14713791_load, i32 %mux_case_24723799_load, i32 %mux_case_34733808_load, i32 %mux_case_04753816_load, i32 %mux_case_14763824_load, i32 %mux_case_24773832_load, i32 %mux_case_34783840_load, i32 %mux_case_04803849_load, i32 %mux_case_14813858_load, i32 %mux_case_24823866_load, i32 %mux_case_34833874_load, i32 %mux_case_04853882_load, i32 %mux_case_14863890_load, i32 %mux_case_24873899_load, i32 %mux_case_34883907_load, i32 %mux_case_05453948_load, i32 %mux_case_15463956_load, i32 %mux_case_25473964_load, i32 %mux_case_35483973_load"   --->   Operation 357 'call' 'call_ln0' <Predicate = true> <Delay = 0.00> <CoreType = "Generic">   --->   Core 0 '' <Latency = 0> <II = 1> <Delay = 1.00> <Generic> <Opcode : >
ST_6 : Operation 358 [1/2] (0.00ns)   --->   "%call_ln0 = call void @top_Pipeline_VITIS_LOOP_190_8_VITIS_LOOP_192_9, i32 %R_out_real, i32 %R_out_real_1, i32 %R_out_real_2, i32 %R_out_real_3, i32 %R_out_imag, i32 %R_out_imag_1, i32 %R_out_imag_2, i32 %R_out_imag_3, i32 %mux_case_02827_load, i32 %mux_case_12838_load, i32 %mux_case_22849_load, i32 %mux_case_32860_load, i32 %mux_case_0922873_load, i32 %mux_case_1932886_load, i32 %mux_case_2942899_load, i32 %mux_case_3952912_load, i32 %mux_case_0972925_load, i32 %mux_case_1982938_load, i32 %mux_case_2992951_load, i32 %mux_case_31002964_load, i32 %mux_case_01022977_load, i32 %mux_case_11032990_load, i32 %mux_case_21043003_load, i32 %mux_case_31053016_load"   --->   Operation 358 'call' 'call_ln0' <Predicate = true> <Delay = 0.00> <CoreType = "Generic">   --->   Core 0 '' <Latency = 0> <II = 1> <Delay = 1.00> <Generic> <Opcode : >

State 7 <SV = 4> <Delay = 0.12>
ST_7 : Operation 359 [1/1] (0.00ns)   --->   "%trunc_ln204 = trunc i64 %Q_DRAM_read" [top_cmplx.cpp:204]   --->   Operation 359 'trunc' 'trunc_ln204' <Predicate = true> <Delay = 0.00>
ST_7 : Operation 360 [1/1] (0.12ns)   --->   "%xor_ln204 = xor i3 %trunc_ln204, i3 4" [top_cmplx.cpp:204]   --->   Operation 360 'xor' 'xor_ln204' <Predicate = true> <Delay = 0.12> <CoreInst = "LogicGate">   --->   Core 74 'LogicGate' <Latency = 0> <II = 1> <Delay = 0.35> <FuncUnit> <Opcode : 'and' 'or' 'xor'> <InPorts = 2> <OutPorts = 1>
ST_7 : Operation 361 [2/2] (0.00ns)   --->   "%call_ln204 = call void @top_Pipeline_WRITE_Q_VITIS_LOOP_206_10, i64 %memQ, i64 %Q_DRAM_read, i3 %trunc_ln204, i3 %trunc_ln204, i3 %xor_ln204, i3 %xor_ln204, i32 %Q_out_real, i32 %Q_out_real_1, i32 %Q_out_real_2, i32 %Q_out_real_3, i32 %Q_out_imag, i32 %Q_out_imag_1, i32 %Q_out_imag_2, i32 %Q_out_imag_3" [top_cmplx.cpp:204]   --->   Operation 361 'call' 'call_ln204' <Predicate = true> <Delay = 0.00> <CoreType = "Generic">   --->   Core 0 '' <Latency = 0> <II = 1> <Delay = 1.00> <Generic> <Opcode : >
ST_7 : Operation 362 [1/1] (0.00ns)   --->   "%trunc_ln214 = trunc i64 %R_DRAM_read" [top_cmplx.cpp:214]   --->   Operation 362 'trunc' 'trunc_ln214' <Predicate = true> <Delay = 0.00>
ST_7 : Operation 363 [1/1] (0.12ns)   --->   "%xor_ln214 = xor i3 %trunc_ln214, i3 4" [top_cmplx.cpp:214]   --->   Operation 363 'xor' 'xor_ln214' <Predicate = true> <Delay = 0.12> <CoreInst = "LogicGate">   --->   Core 74 'LogicGate' <Latency = 0> <II = 1> <Delay = 0.35> <FuncUnit> <Opcode : 'and' 'or' 'xor'> <InPorts = 2> <OutPorts = 1>
ST_7 : Operation 364 [2/2] (0.00ns)   --->   "%call_ln214 = call void @top_Pipeline_WRITE_R_VITIS_LOOP_216_11, i64 %memR, i64 %R_DRAM_read, i3 %trunc_ln214, i3 %trunc_ln214, i3 %xor_ln214, i3 %xor_ln214, i32 %R_out_real, i32 %R_out_real_1, i32 %R_out_real_2, i32 %R_out_real_3, i32 %R_out_imag, i32 %R_out_imag_1, i32 %R_out_imag_2, i32 %R_out_imag_3" [top_cmplx.cpp:214]   --->   Operation 364 'call' 'call_ln214' <Predicate = true> <Delay = 0.00> <CoreType = "Generic">   --->   Core 0 '' <Latency = 0> <II = 1> <Delay = 1.00> <Generic> <Opcode : >

State 8 <SV = 5> <Delay = 0.00>
ST_8 : Operation 365 [1/2] (0.00ns)   --->   "%call_ln204 = call void @top_Pipeline_WRITE_Q_VITIS_LOOP_206_10, i64 %memQ, i64 %Q_DRAM_read, i3 %trunc_ln204, i3 %trunc_ln204, i3 %xor_ln204, i3 %xor_ln204, i32 %Q_out_real, i32 %Q_out_real_1, i32 %Q_out_real_2, i32 %Q_out_real_3, i32 %Q_out_imag, i32 %Q_out_imag_1, i32 %Q_out_imag_2, i32 %Q_out_imag_3" [top_cmplx.cpp:204]   --->   Operation 365 'call' 'call_ln204' <Predicate = true> <Delay = 0.00> <CoreType = "Generic">   --->   Core 0 '' <Latency = 0> <II = 1> <Delay = 1.00> <Generic> <Opcode : >
ST_8 : Operation 366 [1/2] (0.00ns)   --->   "%call_ln214 = call void @top_Pipeline_WRITE_R_VITIS_LOOP_216_11, i64 %memR, i64 %R_DRAM_read, i3 %trunc_ln214, i3 %trunc_ln214, i3 %xor_ln214, i3 %xor_ln214, i32 %R_out_real, i32 %R_out_real_1, i32 %R_out_real_2, i32 %R_out_real_3, i32 %R_out_imag, i32 %R_out_imag_1, i32 %R_out_imag_2, i32 %R_out_imag_3" [top_cmplx.cpp:214]   --->   Operation 366 'call' 'call_ln214' <Predicate = true> <Delay = 0.00> <CoreType = "Generic">   --->   Core 0 '' <Latency = 0> <II = 1> <Delay = 1.00> <Generic> <Opcode : >
ST_8 : Operation 367 [1/1] (0.00ns)   --->   "%ret_ln223 = ret" [top_cmplx.cpp:223]   --->   Operation 367 'ret' 'ret_ln223' <Predicate = true> <Delay = 0.00>


============================================================
+ Verbose Summary: Binding
============================================================
STG Binding: 
---------------- STG Properties BEGIN ----------------
- Is combinational: 0
- Is one-state seq: 0
- Is datapath-only: 0
- Is pipelined: 0
- Is top level: 1
Port [ Return ] is wired: 1; IO mode=ap_ctrl_hs:ce=0
Port [ memA]:  wired=1; compound=1; hidden=0; nouse=0; global=0; static=0; extern=0; dir=0; type=4; pingpong=0; private_global=0; IO mode=m_axi:ce=0
Port [ memQ]:  wired=1; compound=1; hidden=0; nouse=0; global=0; static=0; extern=0; dir=1; type=4; pingpong=0; private_global=0; IO mode=m_axi:ce=0
Port [ memR]:  wired=1; compound=1; hidden=0; nouse=0; global=0; static=0; extern=0; dir=1; type=4; pingpong=0; private_global=0; IO mode=m_axi:ce=0
Port [ A_DRAM]:  wired=1; compound=0; hidden=0; nouse=0; global=0; static=0; extern=0; dir=0; type=0; pingpong=0; private_global=0; IO mode=ap_none:ce=0
Port [ Q_DRAM]:  wired=1; compound=0; hidden=0; nouse=0; global=0; static=0; extern=0; dir=0; type=0; pingpong=0; private_global=0; IO mode=ap_none:ce=0
Port [ R_DRAM]:  wired=1; compound=0; hidden=0; nouse=0; global=0; static=0; extern=0; dir=0; type=0; pingpong=0; private_global=0; IO mode=ap_none:ce=0
---------------- STG Properties END ------------------

---------------- Datapath Model BEGIN ----------------

<LifeTime>
<method=bitvector/>
k                        (alloca           ) [ 011111000]
mux_case_02827           (alloca           ) [ 011111000]
mux_case_12838           (alloca           ) [ 011111000]
mux_case_22849           (alloca           ) [ 011111000]
mux_case_32860           (alloca           ) [ 011111000]
mux_case_0922873         (alloca           ) [ 011111000]
mux_case_1932886         (alloca           ) [ 011111000]
mux_case_2942899         (alloca           ) [ 011111000]
mux_case_3952912         (alloca           ) [ 011111000]
mux_case_0972925         (alloca           ) [ 011111000]
mux_case_1982938         (alloca           ) [ 011111000]
mux_case_2992951         (alloca           ) [ 011111000]
mux_case_31002964        (alloca           ) [ 011111000]
mux_case_01022977        (alloca           ) [ 011111000]
mux_case_11032990        (alloca           ) [ 011111000]
mux_case_21043003        (alloca           ) [ 011111000]
mux_case_31053016        (alloca           ) [ 011111000]
mux_case_01073029        (alloca           ) [ 011111000]
mux_case_11083042        (alloca           ) [ 011111000]
mux_case_21093055        (alloca           ) [ 011111000]
mux_case_31103068        (alloca           ) [ 011111000]
mux_case_01113081        (alloca           ) [ 011111000]
mux_case_11123094        (alloca           ) [ 011111000]
mux_case_21133107        (alloca           ) [ 011111000]
mux_case_31143120        (alloca           ) [ 011111000]
mux_case_01153131        (alloca           ) [ 011111000]
mux_case_11163142        (alloca           ) [ 011111000]
mux_case_21173153        (alloca           ) [ 011111000]
mux_case_31183164        (alloca           ) [ 011111000]
mux_case_01203177        (alloca           ) [ 011111000]
mux_case_11213190        (alloca           ) [ 011111000]
mux_case_21223203        (alloca           ) [ 011111000]
mux_case_31233216        (alloca           ) [ 011111000]
mux_case_01253229        (alloca           ) [ 011111000]
mux_case_11263242        (alloca           ) [ 011111000]
mux_case_21273255        (alloca           ) [ 011111000]
mux_case_31283268        (alloca           ) [ 011111000]
mux_case_01303281        (alloca           ) [ 011111000]
mux_case_11313294        (alloca           ) [ 011111000]
mux_case_21323307        (alloca           ) [ 011111000]
mux_case_31333320        (alloca           ) [ 011111000]
mux_case_01353333        (alloca           ) [ 011111000]
mux_case_11363346        (alloca           ) [ 011111000]
mux_case_21373359        (alloca           ) [ 011111000]
mux_case_31383372        (alloca           ) [ 011111000]
mux_case_01403385        (alloca           ) [ 011111000]
mux_case_11413398        (alloca           ) [ 011111000]
mux_case_21423411        (alloca           ) [ 011111000]
mux_case_31433424        (alloca           ) [ 011111000]
mux_case_01703435        (alloca           ) [ 011111000]
mux_case_11713446        (alloca           ) [ 011111000]
mux_case_21723457        (alloca           ) [ 011111000]
mux_case_31733468        (alloca           ) [ 011111000]
mux_case_01993479        (alloca           ) [ 011111000]
mux_case_12003490        (alloca           ) [ 011111000]
mux_case_22013501        (alloca           ) [ 011111000]
mux_case_32023512        (alloca           ) [ 011111000]
mux_case_04303519        (alloca           ) [ 011111000]
mux_case_14313528        (alloca           ) [ 011111000]
mux_case_24323536        (alloca           ) [ 011111000]
mux_case_34333544        (alloca           ) [ 011111000]
mux_case_04353552        (alloca           ) [ 011111000]
mux_case_14363560        (alloca           ) [ 011111000]
mux_case_24373569        (alloca           ) [ 011111000]
mux_case_34383577        (alloca           ) [ 011111000]
mux_case_04403585        (alloca           ) [ 011111000]
mux_case_14413593        (alloca           ) [ 011111000]
mux_case_24423601        (alloca           ) [ 011111000]
mux_case_34433610        (alloca           ) [ 011111000]
mux_case_04453618        (alloca           ) [ 011111000]
mux_case_14463626        (alloca           ) [ 011111000]
mux_case_24473634        (alloca           ) [ 011111000]
mux_case_34483642        (alloca           ) [ 011111000]
mux_case_04503651        (alloca           ) [ 011111000]
mux_case_14513660        (alloca           ) [ 011111000]
mux_case_24523668        (alloca           ) [ 011111000]
mux_case_34533676        (alloca           ) [ 011111000]
mux_case_04553684        (alloca           ) [ 011111000]
mux_case_14563692        (alloca           ) [ 011111000]
mux_case_24573701        (alloca           ) [ 011111000]
mux_case_34583709        (alloca           ) [ 011111000]
mux_case_04603717        (alloca           ) [ 011111000]
mux_case_14613726        (alloca           ) [ 011111000]
mux_case_24623734        (alloca           ) [ 011111000]
mux_case_34633742        (alloca           ) [ 011111000]
mux_case_04653750        (alloca           ) [ 011111000]
mux_case_14663758        (alloca           ) [ 011111000]
mux_case_24673767        (alloca           ) [ 011111000]
mux_case_34683775        (alloca           ) [ 011111000]
mux_case_04703783        (alloca           ) [ 011111000]
mux_case_14713791        (alloca           ) [ 011111000]
mux_case_24723799        (alloca           ) [ 011111000]
mux_case_34733808        (alloca           ) [ 011111000]
mux_case_04753816        (alloca           ) [ 011111000]
mux_case_14763824        (alloca           ) [ 011111000]
mux_case_24773832        (alloca           ) [ 011111000]
mux_case_34783840        (alloca           ) [ 011111000]
mux_case_04803849        (alloca           ) [ 011111000]
mux_case_14813858        (alloca           ) [ 011111000]
mux_case_24823866        (alloca           ) [ 011111000]
mux_case_34833874        (alloca           ) [ 011111000]
mux_case_04853882        (alloca           ) [ 011111000]
mux_case_14863890        (alloca           ) [ 011111000]
mux_case_24873899        (alloca           ) [ 011111000]
mux_case_34883907        (alloca           ) [ 011111000]
mux_case_05153915        (alloca           ) [ 011111000]
mux_case_15163923        (alloca           ) [ 011111000]
mux_case_25173931        (alloca           ) [ 011111000]
mux_case_35183940        (alloca           ) [ 011111000]
mux_case_05453948        (alloca           ) [ 011111000]
mux_case_15463956        (alloca           ) [ 011111000]
mux_case_25473964        (alloca           ) [ 011111000]
mux_case_35483973        (alloca           ) [ 011111000]
R_DRAM_read              (read             ) [ 001111111]
Q_DRAM_read              (read             ) [ 001111111]
A_DRAM_read              (read             ) [ 001000000]
Q_out_real               (alloca           ) [ 001111111]
Q_out_real_1             (alloca           ) [ 001111111]
Q_out_real_2             (alloca           ) [ 001111111]
Q_out_real_3             (alloca           ) [ 001111111]
Q_out_imag               (alloca           ) [ 001111111]
Q_out_imag_1             (alloca           ) [ 001111111]
Q_out_imag_2             (alloca           ) [ 001111111]
Q_out_imag_3             (alloca           ) [ 001111111]
R_out_real               (alloca           ) [ 001111111]
R_out_real_1             (alloca           ) [ 001111111]
R_out_real_2             (alloca           ) [ 001111111]
R_out_real_3             (alloca           ) [ 001111111]
R_out_imag               (alloca           ) [ 001111111]
R_out_imag_1             (alloca           ) [ 001111111]
R_out_imag_2             (alloca           ) [ 001111111]
R_out_imag_3             (alloca           ) [ 001111111]
trunc_ln85               (trunc            ) [ 001000000]
xor_ln85                 (xor              ) [ 001000000]
store_ln0                (store            ) [ 000000000]
store_ln0                (store            ) [ 000000000]
store_ln0                (store            ) [ 000000000]
store_ln0                (store            ) [ 000000000]
store_ln0                (store            ) [ 000000000]
store_ln0                (store            ) [ 000000000]
store_ln0                (store            ) [ 000000000]
store_ln0                (store            ) [ 000000000]
store_ln0                (store            ) [ 000000000]
store_ln0                (store            ) [ 000000000]
store_ln0                (store            ) [ 000000000]
store_ln0                (store            ) [ 000000000]
store_ln0                (store            ) [ 000000000]
store_ln0                (store            ) [ 000000000]
store_ln0                (store            ) [ 000000000]
store_ln0                (store            ) [ 000000000]
store_ln0                (store            ) [ 000000000]
store_ln0                (store            ) [ 000000000]
store_ln0                (store            ) [ 000000000]
store_ln0                (store            ) [ 000000000]
store_ln0                (store            ) [ 000000000]
store_ln0                (store            ) [ 000000000]
store_ln0                (store            ) [ 000000000]
store_ln0                (store            ) [ 000000000]
store_ln0                (store            ) [ 000000000]
store_ln0                (store            ) [ 000000000]
store_ln0                (store            ) [ 000000000]
store_ln0                (store            ) [ 000000000]
store_ln0                (store            ) [ 000000000]
store_ln0                (store            ) [ 000000000]
store_ln0                (store            ) [ 000000000]
store_ln0                (store            ) [ 000000000]
store_ln0                (store            ) [ 000000000]
store_ln0                (store            ) [ 000000000]
store_ln0                (store            ) [ 000000000]
store_ln0                (store            ) [ 000000000]
store_ln0                (store            ) [ 000000000]
store_ln0                (store            ) [ 000000000]
store_ln0                (store            ) [ 000000000]
store_ln0                (store            ) [ 000000000]
store_ln0                (store            ) [ 000000000]
store_ln0                (store            ) [ 000000000]
store_ln0                (store            ) [ 000000000]
store_ln0                (store            ) [ 000000000]
store_ln0                (store            ) [ 000000000]
store_ln0                (store            ) [ 000000000]
store_ln0                (store            ) [ 000000000]
store_ln0                (store            ) [ 000000000]
store_ln0                (store            ) [ 000000000]
store_ln117              (store            ) [ 000000000]
spectopmodule_ln51       (spectopmodule    ) [ 000000000]
specinterface_ln0        (specinterface    ) [ 000000000]
specbitsmap_ln0          (specbitsmap      ) [ 000000000]
specinterface_ln0        (specinterface    ) [ 000000000]
specbitsmap_ln0          (specbitsmap      ) [ 000000000]
specinterface_ln0        (specinterface    ) [ 000000000]
specbitsmap_ln0          (specbitsmap      ) [ 000000000]
specinterface_ln0        (specinterface    ) [ 000000000]
specinterface_ln0        (specinterface    ) [ 000000000]
specinterface_ln0        (specinterface    ) [ 000000000]
specinterface_ln0        (specinterface    ) [ 000000000]
specinterface_ln0        (specinterface    ) [ 000000000]
specinterface_ln0        (specinterface    ) [ 000000000]
specinterface_ln0        (specinterface    ) [ 000000000]
call_ln85                (call             ) [ 000000000]
br_ln117                 (br               ) [ 000000000]
k_1                      (load             ) [ 000010000]
trunc_ln117              (trunc            ) [ 000011000]
icmp_ln117               (icmp             ) [ 000111000]
empty                    (add              ) [ 000010000]
br_ln117                 (br               ) [ 000000000]
mux_case_12838_load_1    (load             ) [ 000011000]
mux_case_22849_load_1    (load             ) [ 000011000]
mux_case_32860_load_1    (load             ) [ 000011000]
mux_case_0922873_load_1  (load             ) [ 000011000]
mux_case_1932886_load_1  (load             ) [ 000011000]
mux_case_2942899_load_1  (load             ) [ 000011000]
mux_case_3952912_load_1  (load             ) [ 000011000]
mux_case_0972925_load_1  (load             ) [ 000011000]
mux_case_1982938_load_1  (load             ) [ 000011000]
mux_case_2992951_load_1  (load             ) [ 000011000]
mux_case_31002964_load_1 (load             ) [ 000011000]
mux_case_01022977_load_1 (load             ) [ 000011000]
mux_case_11032990_load_1 (load             ) [ 000011000]
mux_case_21043003_load_1 (load             ) [ 000011000]
mux_case_31053016_load_1 (load             ) [ 000011000]
mux_case_01073029_load   (load             ) [ 000011000]
mux_case_11083042_load   (load             ) [ 000011000]
mux_case_21093055_load   (load             ) [ 000011000]
mux_case_31103068_load   (load             ) [ 000011000]
mux_case_01113081_load   (load             ) [ 000011000]
mux_case_11123094_load   (load             ) [ 000011000]
mux_case_21133107_load   (load             ) [ 000011000]
mux_case_31143120_load   (load             ) [ 000011000]
mux_case_11163142_load   (load             ) [ 000011000]
mux_case_21173153_load   (load             ) [ 000011000]
mux_case_31183164_load   (load             ) [ 000011000]
mux_case_01203177_load   (load             ) [ 000011000]
mux_case_11213190_load   (load             ) [ 000011000]
mux_case_21223203_load   (load             ) [ 000011000]
mux_case_31233216_load   (load             ) [ 000011000]
mux_case_01253229_load   (load             ) [ 000011000]
mux_case_11263242_load   (load             ) [ 000011000]
mux_case_21273255_load   (load             ) [ 000011000]
mux_case_31283268_load   (load             ) [ 000011000]
mux_case_01303281_load   (load             ) [ 000011000]
mux_case_11313294_load   (load             ) [ 000011000]
mux_case_21323307_load   (load             ) [ 000011000]
mux_case_31333320_load   (load             ) [ 000011000]
mux_case_01353333_load   (load             ) [ 000011000]
mux_case_11363346_load   (load             ) [ 000011000]
mux_case_21373359_load   (load             ) [ 000011000]
mux_case_31383372_load   (load             ) [ 000011000]
mux_case_01403385_load   (load             ) [ 000011000]
mux_case_11413398_load   (load             ) [ 000011000]
mux_case_21423411_load   (load             ) [ 000011000]
mux_case_31433424_load   (load             ) [ 000011000]
mux_case_01703435_load   (load             ) [ 000011000]
mux_case_11713446_load   (load             ) [ 000011000]
mux_case_21723457_load   (load             ) [ 000011000]
mux_case_31733468_load   (load             ) [ 000011000]
mux_case_01993479_load   (load             ) [ 000011000]
mux_case_12003490_load   (load             ) [ 000011000]
mux_case_22013501_load   (load             ) [ 000011000]
mux_case_32023512_load   (load             ) [ 000011000]
store_ln117              (store            ) [ 000000000]
mux_case_02827_load      (load             ) [ 000000100]
mux_case_12838_load      (load             ) [ 000000100]
mux_case_22849_load      (load             ) [ 000000100]
mux_case_32860_load      (load             ) [ 000000100]
mux_case_0922873_load    (load             ) [ 000000100]
mux_case_1932886_load    (load             ) [ 000000100]
mux_case_2942899_load    (load             ) [ 000000100]
mux_case_3952912_load    (load             ) [ 000000100]
mux_case_0972925_load    (load             ) [ 000000100]
mux_case_1982938_load    (load             ) [ 000000100]
mux_case_2992951_load    (load             ) [ 000000100]
mux_case_31002964_load   (load             ) [ 000000100]
mux_case_01022977_load   (load             ) [ 000000100]
mux_case_11032990_load   (load             ) [ 000000100]
mux_case_21043003_load   (load             ) [ 000000100]
mux_case_31053016_load   (load             ) [ 000000100]
mux_case_04303519_load   (load             ) [ 000000100]
mux_case_14313528_load   (load             ) [ 000000100]
mux_case_24323536_load   (load             ) [ 000000100]
mux_case_34333544_load   (load             ) [ 000000100]
mux_case_04353552_load   (load             ) [ 000000100]
mux_case_14363560_load   (load             ) [ 000000100]
mux_case_24373569_load   (load             ) [ 000000100]
mux_case_34383577_load   (load             ) [ 000000100]
mux_case_04403585_load   (load             ) [ 000000100]
mux_case_14413593_load   (load             ) [ 000000100]
mux_case_24423601_load   (load             ) [ 000000100]
mux_case_34433610_load   (load             ) [ 000000100]
mux_case_04453618_load   (load             ) [ 000000100]
mux_case_14463626_load   (load             ) [ 000000100]
mux_case_24473634_load   (load             ) [ 000000100]
mux_case_34483642_load   (load             ) [ 000000100]
mux_case_04503651_load   (load             ) [ 000000100]
mux_case_14513660_load   (load             ) [ 000000100]
mux_case_24523668_load   (load             ) [ 000000100]
mux_case_34533676_load   (load             ) [ 000000100]
mux_case_04553684_load   (load             ) [ 000000100]
mux_case_14563692_load   (load             ) [ 000000100]
mux_case_24573701_load   (load             ) [ 000000100]
mux_case_34583709_load   (load             ) [ 000000100]
mux_case_04603717_load   (load             ) [ 000000100]
mux_case_14613726_load   (load             ) [ 000000100]
mux_case_24623734_load   (load             ) [ 000000100]
mux_case_34633742_load   (load             ) [ 000000100]
mux_case_04653750_load   (load             ) [ 000000100]
mux_case_14663758_load   (load             ) [ 000000100]
mux_case_24673767_load   (load             ) [ 000000100]
mux_case_34683775_load   (load             ) [ 000000100]
mux_case_04703783_load   (load             ) [ 000000100]
mux_case_14713791_load   (load             ) [ 000000100]
mux_case_24723799_load   (load             ) [ 000000100]
mux_case_34733808_load   (load             ) [ 000000100]
mux_case_04753816_load   (load             ) [ 000000100]
mux_case_14763824_load   (load             ) [ 000000100]
mux_case_24773832_load   (load             ) [ 000000100]
mux_case_34783840_load   (load             ) [ 000000100]
mux_case_04803849_load   (load             ) [ 000000100]
mux_case_14813858_load   (load             ) [ 000000100]
mux_case_24823866_load   (load             ) [ 000000100]
mux_case_34833874_load   (load             ) [ 000000100]
mux_case_04853882_load   (load             ) [ 000000100]
mux_case_14863890_load   (load             ) [ 000000100]
mux_case_24873899_load   (load             ) [ 000000100]
mux_case_34883907_load   (load             ) [ 000000100]
mux_case_05153915_load   (load             ) [ 000000100]
mux_case_15163923_load   (load             ) [ 000000100]
mux_case_25173931_load   (load             ) [ 000000100]
mux_case_35183940_load   (load             ) [ 000000100]
mux_case_05453948_load   (load             ) [ 000000100]
mux_case_15463956_load   (load             ) [ 000000100]
mux_case_25473964_load   (load             ) [ 000000100]
mux_case_35483973_load   (load             ) [ 000000100]
tmp                      (bitselect        ) [ 000001000]
empty_39                 (add              ) [ 000000000]
tmp_19                   (bitselect        ) [ 000001000]
empty_40                 (add              ) [ 000000000]
tmp_20                   (bitselect        ) [ 000001000]
empty_41                 (trunc            ) [ 000001000]
empty_42                 (trunc            ) [ 000001000]
icmp_ln41                (icmp             ) [ 000001000]
speclooptripcount_ln117  (speclooptripcount) [ 000000000]
specloopname_ln117       (specloopname     ) [ 000000000]
call_ln117               (call             ) [ 000000000]
br_ln117                 (br               ) [ 000000000]
call_ln0                 (call             ) [ 000000000]
call_ln0                 (call             ) [ 000000000]
trunc_ln204              (trunc            ) [ 000000001]
xor_ln204                (xor              ) [ 000000001]
trunc_ln214              (trunc            ) [ 000000001]
xor_ln214                (xor              ) [ 000000001]
call_ln204               (call             ) [ 000000000]
call_ln214               (call             ) [ 000000000]
ret_ln223                (ret              ) [ 000000000]
</LifeTime>

<model>

<comp_list>
<comp id="0" class="1000" name="memA">
<pin_list>
<pin id="1" dir="1" index="0" bw="1" slack="0"/>
</pin_list>
<bind>
<StgValue><ssdm name="memA"/></StgValue>
</bind>
</comp>

<comp id="2" class="1000" name="memQ">
<pin_list>
<pin id="3" dir="1" index="0" bw="1" slack="0"/>
</pin_list>
<bind>
<StgValue><ssdm name="memQ"/></StgValue>
</bind>
</comp>

<comp id="4" class="1000" name="memR">
<pin_list>
<pin id="5" dir="1" index="0" bw="1" slack="0"/>
</pin_list>
<bind>
<StgValue><ssdm name="memR"/></StgValue>
</bind>
</comp>

<comp id="6" class="1000" name="A_DRAM">
<pin_list>
<pin id="7" dir="1" index="0" bw="1" slack="0"/>
</pin_list>
<bind>
<StgValue><ssdm name="A_DRAM"/></StgValue>
</bind>
</comp>

<comp id="8" class="1000" name="Q_DRAM">
<pin_list>
<pin id="9" dir="1" index="0" bw="1" slack="0"/>
</pin_list>
<bind>
<StgValue><ssdm name="Q_DRAM"/></StgValue>
</bind>
</comp>

<comp id="10" class="1000" name="R_DRAM">
<pin_list>
<pin id="11" dir="1" index="0" bw="1" slack="0"/>
</pin_list>
<bind>
<StgValue><ssdm name="R_DRAM"/></StgValue>
</bind>
</comp>

<comp id="12" class="1001" name="const_12">
<pin_list>
<pin id="13" dir="1" index="0" bw="1" slack="0"/>
</pin_list>
<bind>
<StgValue><ssdm name=""/></StgValue>
</bind>
</comp>

<comp id="14" class="1001" name="const_14">
<pin_list>
<pin id="15" dir="1" index="0" bw="1" slack="0"/>
</pin_list>
<bind>
<StgValue><ssdm name="_ssdm_op_Read.s_axilite.i64"/></StgValue>
</bind>
</comp>

<comp id="16" class="1001" name="const_16">
<pin_list>
<pin id="17" dir="1" index="0" bw="1" slack="0"/>
</pin_list>
<bind>
<StgValue><ssdm name=""/></StgValue>
</bind>
</comp>

<comp id="18" class="1001" name="const_18">
<pin_list>
<pin id="19" dir="1" index="0" bw="1" slack="0"/>
</pin_list>
<bind>
<StgValue><ssdm name=""/></StgValue>
</bind>
</comp>

<comp id="20" class="1001" name="const_20">
<pin_list>
<pin id="21" dir="1" index="0" bw="1" slack="0"/>
</pin_list>
<bind>
<StgValue><ssdm name="top_Pipeline_READ_INIT_VITIS_LOOP_87_1"/></StgValue>
</bind>
</comp>

<comp id="22" class="1001" name="const_22">
<pin_list>
<pin id="23" dir="1" index="0" bw="1" slack="0"/>
</pin_list>
<bind>
<StgValue><ssdm name=""/></StgValue>
</bind>
</comp>

<comp id="24" class="1001" name="const_24">
<pin_list>
<pin id="25" dir="1" index="0" bw="1" slack="0"/>
</pin_list>
<bind>
<StgValue><ssdm name=""/></StgValue>
</bind>
</comp>

<comp id="26" class="1001" name="const_26">
<pin_list>
<pin id="27" dir="1" index="0" bw="1" slack="2147483647"/>
</pin_list>
<bind>
<StgValue><ssdm name="_ssdm_op_SpecTopModule"/></StgValue>
</bind>
</comp>

<comp id="28" class="1001" name="const_28">
<pin_list>
<pin id="29" dir="1" index="0" bw="1" slack="2147483647"/>
</pin_list>
<bind>
<StgValue><ssdm name="empty_12"/></StgValue>
</bind>
</comp>

<comp id="30" class="1001" name="const_30">
<pin_list>
<pin id="31" dir="1" index="0" bw="1" slack="2147483647"/>
</pin_list>
<bind>
<StgValue><ssdm name="_ssdm_op_SpecInterface"/></StgValue>
</bind>
</comp>

<comp id="32" class="1001" name="const_32">
<pin_list>
<pin id="33" dir="1" index="0" bw="1" slack="2147483647"/>
</pin_list>
<bind>
<StgValue><ssdm name="empty"/></StgValue>
</bind>
</comp>

<comp id="34" class="1001" name="const_34">
<pin_list>
<pin id="35" dir="1" index="0" bw="1" slack="2147483647"/>
</pin_list>
<bind>
<StgValue><ssdm name=""/></StgValue>
</bind>
</comp>

<comp id="36" class="1001" name="const_36">
<pin_list>
<pin id="37" dir="1" index="0" bw="1" slack="2147483647"/>
</pin_list>
<bind>
<StgValue><ssdm name="empty_0"/></StgValue>
</bind>
</comp>

<comp id="38" class="1001" name="const_38">
<pin_list>
<pin id="39" dir="1" index="0" bw="1" slack="2147483647"/>
</pin_list>
<bind>
<StgValue><ssdm name=""/></StgValue>
</bind>
</comp>

<comp id="40" class="1001" name="const_40">
<pin_list>
<pin id="41" dir="1" index="0" bw="1" slack="2147483647"/>
</pin_list>
<bind>
<StgValue><ssdm name="empty_1"/></StgValue>
</bind>
</comp>

<comp id="42" class="1001" name="const_42">
<pin_list>
<pin id="43" dir="1" index="0" bw="1" slack="2147483647"/>
</pin_list>
<bind>
<StgValue><ssdm name="empty_2"/></StgValue>
</bind>
</comp>

<comp id="44" class="1001" name="const_44">
<pin_list>
<pin id="45" dir="1" index="0" bw="1" slack="2147483647"/>
</pin_list>
<bind>
<StgValue><ssdm name=""/></StgValue>
</bind>
</comp>

<comp id="46" class="1001" name="const_46">
<pin_list>
<pin id="47" dir="1" index="0" bw="1" slack="2147483647"/>
</pin_list>
<bind>
<StgValue><ssdm name=""/></StgValue>
</bind>
</comp>

<comp id="48" class="1001" name="const_48">
<pin_list>
<pin id="49" dir="1" index="0" bw="1" slack="2147483647"/>
</pin_list>
<bind>
<StgValue><ssdm name="_ssdm_op_SpecBitsMap"/></StgValue>
</bind>
</comp>

<comp id="50" class="1001" name="const_50">
<pin_list>
<pin id="51" dir="1" index="0" bw="1" slack="2147483647"/>
</pin_list>
<bind>
<StgValue><ssdm name="empty_3"/></StgValue>
</bind>
</comp>

<comp id="52" class="1001" name="const_52">
<pin_list>
<pin id="53" dir="1" index="0" bw="1" slack="2147483647"/>
</pin_list>
<bind>
<StgValue><ssdm name="empty_4"/></StgValue>
</bind>
</comp>

<comp id="54" class="1001" name="const_54">
<pin_list>
<pin id="55" dir="1" index="0" bw="1" slack="2147483647"/>
</pin_list>
<bind>
<StgValue><ssdm name="empty_5"/></StgValue>
</bind>
</comp>

<comp id="56" class="1001" name="const_56">
<pin_list>
<pin id="57" dir="1" index="0" bw="1" slack="2147483647"/>
</pin_list>
<bind>
<StgValue><ssdm name="empty_6"/></StgValue>
</bind>
</comp>

<comp id="58" class="1001" name="const_58">
<pin_list>
<pin id="59" dir="1" index="0" bw="1" slack="2147483647"/>
</pin_list>
<bind>
<StgValue><ssdm name="empty_7"/></StgValue>
</bind>
</comp>

<comp id="60" class="1001" name="const_60">
<pin_list>
<pin id="61" dir="1" index="0" bw="1" slack="2147483647"/>
</pin_list>
<bind>
<StgValue><ssdm name="empty_8"/></StgValue>
</bind>
</comp>

<comp id="62" class="1001" name="const_62">
<pin_list>
<pin id="63" dir="1" index="0" bw="1" slack="2147483647"/>
</pin_list>
<bind>
<StgValue><ssdm name="empty_9"/></StgValue>
</bind>
</comp>

<comp id="64" class="1001" name="const_64">
<pin_list>
<pin id="65" dir="1" index="0" bw="1" slack="2147483647"/>
</pin_list>
<bind>
<StgValue><ssdm name="empty_10"/></StgValue>
</bind>
</comp>

<comp id="66" class="1001" name="const_66">
<pin_list>
<pin id="67" dir="1" index="0" bw="1" slack="2147483647"/>
</pin_list>
<bind>
<StgValue><ssdm name="empty_11"/></StgValue>
</bind>
</comp>

<comp id="68" class="1001" name="const_68">
<pin_list>
<pin id="69" dir="1" index="0" bw="1" slack="0"/>
</pin_list>
<bind>
<StgValue><ssdm name=""/></StgValue>
</bind>
</comp>

<comp id="70" class="1001" name="const_70">
<pin_list>
<pin id="71" dir="1" index="0" bw="1" slack="0"/>
</pin_list>
<bind>
<StgValue><ssdm name="top_Pipeline_VITIS_LOOP_181_6_VITIS_LOOP_183_7"/></StgValue>
</bind>
</comp>

<comp id="72" class="1001" name="const_72">
<pin_list>
<pin id="73" dir="1" index="0" bw="1" slack="0"/>
</pin_list>
<bind>
<StgValue><ssdm name="top_Pipeline_VITIS_LOOP_190_8_VITIS_LOOP_192_9"/></StgValue>
</bind>
</comp>

<comp id="74" class="1001" name="const_74">
<pin_list>
<pin id="75" dir="1" index="0" bw="1" slack="0"/>
</pin_list>
<bind>
<StgValue><ssdm name="_ssdm_op_BitSelect.i1.i3.i32"/></StgValue>
</bind>
</comp>

<comp id="76" class="1001" name="const_76">
<pin_list>
<pin id="77" dir="1" index="0" bw="1" slack="0"/>
</pin_list>
<bind>
<StgValue><ssdm name=""/></StgValue>
</bind>
</comp>

<comp id="78" class="1001" name="const_78">
<pin_list>
<pin id="79" dir="1" index="0" bw="1" slack="0"/>
</pin_list>
<bind>
<StgValue><ssdm name=""/></StgValue>
</bind>
</comp>

<comp id="80" class="1001" name="const_80">
<pin_list>
<pin id="81" dir="1" index="0" bw="1" slack="0"/>
</pin_list>
<bind>
<StgValue><ssdm name=""/></StgValue>
</bind>
</comp>

<comp id="82" class="1001" name="const_82">
<pin_list>
<pin id="83" dir="1" index="0" bw="1" slack="0"/>
</pin_list>
<bind>
<StgValue><ssdm name=""/></StgValue>
</bind>
</comp>

<comp id="84" class="1001" name="const_84">
<pin_list>
<pin id="85" dir="1" index="0" bw="1" slack="0"/>
</pin_list>
<bind>
<StgValue><ssdm name="top_Pipeline_VITIS_LOOP_119_2"/></StgValue>
</bind>
</comp>

<comp id="86" class="1001" name="const_86">
<pin_list>
<pin id="87" dir="1" index="0" bw="1" slack="2147483647"/>
</pin_list>
<bind>
<StgValue><ssdm name="_ssdm_op_SpecLoopTripCount"/></StgValue>
</bind>
</comp>

<comp id="88" class="1001" name="const_88">
<pin_list>
<pin id="89" dir="1" index="0" bw="1" slack="2147483647"/>
</pin_list>
<bind>
<StgValue><ssdm name=""/></StgValue>
</bind>
</comp>

<comp id="90" class="1001" name="const_90">
<pin_list>
<pin id="91" dir="1" index="0" bw="1" slack="2147483647"/>
</pin_list>
<bind>
<StgValue><ssdm name="_ssdm_op_SpecLoopName"/></StgValue>
</bind>
</comp>

<comp id="92" class="1001" name="const_92">
<pin_list>
<pin id="93" dir="1" index="0" bw="1" slack="2147483647"/>
</pin_list>
<bind>
<StgValue><ssdm name="empty_14"/></StgValue>
</bind>
</comp>

<comp id="94" class="1001" name="const_94">
<pin_list>
<pin id="95" dir="1" index="0" bw="1" slack="0"/>
</pin_list>
<bind>
<StgValue><ssdm name="top_Pipeline_WRITE_Q_VITIS_LOOP_206_10"/></StgValue>
</bind>
</comp>

<comp id="96" class="1001" name="const_96">
<pin_list>
<pin id="97" dir="1" index="0" bw="1" slack="0"/>
</pin_list>
<bind>
<StgValue><ssdm name="top_Pipeline_WRITE_R_VITIS_LOOP_216_11"/></StgValue>
</bind>
</comp>

<comp id="98" class="1004" name="k_fu_98">
<pin_list>
<pin id="99" dir="0" index="0" bw="1" slack="0"/>
<pin id="100" dir="1" index="1" bw="3" slack="0"/>
</pin_list>
<bind>
<opcode="alloca(26) " fcode="alloca"/>
<opset="k/1 "/>
</bind>
</comp>

<comp id="102" class="1004" name="mux_case_02827_fu_102">
<pin_list>
<pin id="103" dir="0" index="0" bw="1" slack="0"/>
<pin id="104" dir="1" index="1" bw="32" slack="0"/>
</pin_list>
<bind>
<opcode="alloca(26) " fcode="alloca"/>
<opset="mux_case_02827/1 "/>
</bind>
</comp>

<comp id="106" class="1004" name="mux_case_12838_fu_106">
<pin_list>
<pin id="107" dir="0" index="0" bw="1" slack="0"/>
<pin id="108" dir="1" index="1" bw="32" slack="0"/>
</pin_list>
<bind>
<opcode="alloca(26) " fcode="alloca"/>
<opset="mux_case_12838/1 "/>
</bind>
</comp>

<comp id="110" class="1004" name="mux_case_22849_fu_110">
<pin_list>
<pin id="111" dir="0" index="0" bw="1" slack="0"/>
<pin id="112" dir="1" index="1" bw="32" slack="0"/>
</pin_list>
<bind>
<opcode="alloca(26) " fcode="alloca"/>
<opset="mux_case_22849/1 "/>
</bind>
</comp>

<comp id="114" class="1004" name="mux_case_32860_fu_114">
<pin_list>
<pin id="115" dir="0" index="0" bw="1" slack="0"/>
<pin id="116" dir="1" index="1" bw="32" slack="0"/>
</pin_list>
<bind>
<opcode="alloca(26) " fcode="alloca"/>
<opset="mux_case_32860/1 "/>
</bind>
</comp>

<comp id="118" class="1004" name="mux_case_0922873_fu_118">
<pin_list>
<pin id="119" dir="0" index="0" bw="1" slack="0"/>
<pin id="120" dir="1" index="1" bw="32" slack="0"/>
</pin_list>
<bind>
<opcode="alloca(26) " fcode="alloca"/>
<opset="mux_case_0922873/1 "/>
</bind>
</comp>

<comp id="122" class="1004" name="mux_case_1932886_fu_122">
<pin_list>
<pin id="123" dir="0" index="0" bw="1" slack="0"/>
<pin id="124" dir="1" index="1" bw="32" slack="0"/>
</pin_list>
<bind>
<opcode="alloca(26) " fcode="alloca"/>
<opset="mux_case_1932886/1 "/>
</bind>
</comp>

<comp id="126" class="1004" name="mux_case_2942899_fu_126">
<pin_list>
<pin id="127" dir="0" index="0" bw="1" slack="0"/>
<pin id="128" dir="1" index="1" bw="32" slack="0"/>
</pin_list>
<bind>
<opcode="alloca(26) " fcode="alloca"/>
<opset="mux_case_2942899/1 "/>
</bind>
</comp>

<comp id="130" class="1004" name="mux_case_3952912_fu_130">
<pin_list>
<pin id="131" dir="0" index="0" bw="1" slack="0"/>
<pin id="132" dir="1" index="1" bw="32" slack="0"/>
</pin_list>
<bind>
<opcode="alloca(26) " fcode="alloca"/>
<opset="mux_case_3952912/1 "/>
</bind>
</comp>

<comp id="134" class="1004" name="mux_case_0972925_fu_134">
<pin_list>
<pin id="135" dir="0" index="0" bw="1" slack="0"/>
<pin id="136" dir="1" index="1" bw="32" slack="0"/>
</pin_list>
<bind>
<opcode="alloca(26) " fcode="alloca"/>
<opset="mux_case_0972925/1 "/>
</bind>
</comp>

<comp id="138" class="1004" name="mux_case_1982938_fu_138">
<pin_list>
<pin id="139" dir="0" index="0" bw="1" slack="0"/>
<pin id="140" dir="1" index="1" bw="32" slack="0"/>
</pin_list>
<bind>
<opcode="alloca(26) " fcode="alloca"/>
<opset="mux_case_1982938/1 "/>
</bind>
</comp>

<comp id="142" class="1004" name="mux_case_2992951_fu_142">
<pin_list>
<pin id="143" dir="0" index="0" bw="1" slack="0"/>
<pin id="144" dir="1" index="1" bw="32" slack="0"/>
</pin_list>
<bind>
<opcode="alloca(26) " fcode="alloca"/>
<opset="mux_case_2992951/1 "/>
</bind>
</comp>

<comp id="146" class="1004" name="mux_case_31002964_fu_146">
<pin_list>
<pin id="147" dir="0" index="0" bw="1" slack="0"/>
<pin id="148" dir="1" index="1" bw="32" slack="0"/>
</pin_list>
<bind>
<opcode="alloca(26) " fcode="alloca"/>
<opset="mux_case_31002964/1 "/>
</bind>
</comp>

<comp id="150" class="1004" name="mux_case_01022977_fu_150">
<pin_list>
<pin id="151" dir="0" index="0" bw="1" slack="0"/>
<pin id="152" dir="1" index="1" bw="32" slack="0"/>
</pin_list>
<bind>
<opcode="alloca(26) " fcode="alloca"/>
<opset="mux_case_01022977/1 "/>
</bind>
</comp>

<comp id="154" class="1004" name="mux_case_11032990_fu_154">
<pin_list>
<pin id="155" dir="0" index="0" bw="1" slack="0"/>
<pin id="156" dir="1" index="1" bw="32" slack="0"/>
</pin_list>
<bind>
<opcode="alloca(26) " fcode="alloca"/>
<opset="mux_case_11032990/1 "/>
</bind>
</comp>

<comp id="158" class="1004" name="mux_case_21043003_fu_158">
<pin_list>
<pin id="159" dir="0" index="0" bw="1" slack="0"/>
<pin id="160" dir="1" index="1" bw="32" slack="0"/>
</pin_list>
<bind>
<opcode="alloca(26) " fcode="alloca"/>
<opset="mux_case_21043003/1 "/>
</bind>
</comp>

<comp id="162" class="1004" name="mux_case_31053016_fu_162">
<pin_list>
<pin id="163" dir="0" index="0" bw="1" slack="0"/>
<pin id="164" dir="1" index="1" bw="32" slack="0"/>
</pin_list>
<bind>
<opcode="alloca(26) " fcode="alloca"/>
<opset="mux_case_31053016/1 "/>
</bind>
</comp>

<comp id="166" class="1004" name="mux_case_01073029_fu_166">
<pin_list>
<pin id="167" dir="0" index="0" bw="1" slack="0"/>
<pin id="168" dir="1" index="1" bw="32" slack="0"/>
</pin_list>
<bind>
<opcode="alloca(26) " fcode="alloca"/>
<opset="mux_case_01073029/1 "/>
</bind>
</comp>

<comp id="170" class="1004" name="mux_case_11083042_fu_170">
<pin_list>
<pin id="171" dir="0" index="0" bw="1" slack="0"/>
<pin id="172" dir="1" index="1" bw="32" slack="0"/>
</pin_list>
<bind>
<opcode="alloca(26) " fcode="alloca"/>
<opset="mux_case_11083042/1 "/>
</bind>
</comp>

<comp id="174" class="1004" name="mux_case_21093055_fu_174">
<pin_list>
<pin id="175" dir="0" index="0" bw="1" slack="0"/>
<pin id="176" dir="1" index="1" bw="32" slack="0"/>
</pin_list>
<bind>
<opcode="alloca(26) " fcode="alloca"/>
<opset="mux_case_21093055/1 "/>
</bind>
</comp>

<comp id="178" class="1004" name="mux_case_31103068_fu_178">
<pin_list>
<pin id="179" dir="0" index="0" bw="1" slack="0"/>
<pin id="180" dir="1" index="1" bw="32" slack="0"/>
</pin_list>
<bind>
<opcode="alloca(26) " fcode="alloca"/>
<opset="mux_case_31103068/1 "/>
</bind>
</comp>

<comp id="182" class="1004" name="mux_case_01113081_fu_182">
<pin_list>
<pin id="183" dir="0" index="0" bw="1" slack="0"/>
<pin id="184" dir="1" index="1" bw="32" slack="0"/>
</pin_list>
<bind>
<opcode="alloca(26) " fcode="alloca"/>
<opset="mux_case_01113081/1 "/>
</bind>
</comp>

<comp id="186" class="1004" name="mux_case_11123094_fu_186">
<pin_list>
<pin id="187" dir="0" index="0" bw="1" slack="0"/>
<pin id="188" dir="1" index="1" bw="32" slack="0"/>
</pin_list>
<bind>
<opcode="alloca(26) " fcode="alloca"/>
<opset="mux_case_11123094/1 "/>
</bind>
</comp>

<comp id="190" class="1004" name="mux_case_21133107_fu_190">
<pin_list>
<pin id="191" dir="0" index="0" bw="1" slack="0"/>
<pin id="192" dir="1" index="1" bw="32" slack="0"/>
</pin_list>
<bind>
<opcode="alloca(26) " fcode="alloca"/>
<opset="mux_case_21133107/1 "/>
</bind>
</comp>

<comp id="194" class="1004" name="mux_case_31143120_fu_194">
<pin_list>
<pin id="195" dir="0" index="0" bw="1" slack="0"/>
<pin id="196" dir="1" index="1" bw="32" slack="0"/>
</pin_list>
<bind>
<opcode="alloca(26) " fcode="alloca"/>
<opset="mux_case_31143120/1 "/>
</bind>
</comp>

<comp id="198" class="1004" name="mux_case_01153131_fu_198">
<pin_list>
<pin id="199" dir="0" index="0" bw="1" slack="0"/>
<pin id="200" dir="1" index="1" bw="32" slack="0"/>
</pin_list>
<bind>
<opcode="alloca(26) " fcode="alloca"/>
<opset="mux_case_01153131/1 "/>
</bind>
</comp>

<comp id="202" class="1004" name="mux_case_11163142_fu_202">
<pin_list>
<pin id="203" dir="0" index="0" bw="1" slack="0"/>
<pin id="204" dir="1" index="1" bw="32" slack="0"/>
</pin_list>
<bind>
<opcode="alloca(26) " fcode="alloca"/>
<opset="mux_case_11163142/1 "/>
</bind>
</comp>

<comp id="206" class="1004" name="mux_case_21173153_fu_206">
<pin_list>
<pin id="207" dir="0" index="0" bw="1" slack="0"/>
<pin id="208" dir="1" index="1" bw="32" slack="0"/>
</pin_list>
<bind>
<opcode="alloca(26) " fcode="alloca"/>
<opset="mux_case_21173153/1 "/>
</bind>
</comp>

<comp id="210" class="1004" name="mux_case_31183164_fu_210">
<pin_list>
<pin id="211" dir="0" index="0" bw="1" slack="0"/>
<pin id="212" dir="1" index="1" bw="32" slack="0"/>
</pin_list>
<bind>
<opcode="alloca(26) " fcode="alloca"/>
<opset="mux_case_31183164/1 "/>
</bind>
</comp>

<comp id="214" class="1004" name="mux_case_01203177_fu_214">
<pin_list>
<pin id="215" dir="0" index="0" bw="1" slack="0"/>
<pin id="216" dir="1" index="1" bw="32" slack="0"/>
</pin_list>
<bind>
<opcode="alloca(26) " fcode="alloca"/>
<opset="mux_case_01203177/1 "/>
</bind>
</comp>

<comp id="218" class="1004" name="mux_case_11213190_fu_218">
<pin_list>
<pin id="219" dir="0" index="0" bw="1" slack="0"/>
<pin id="220" dir="1" index="1" bw="32" slack="0"/>
</pin_list>
<bind>
<opcode="alloca(26) " fcode="alloca"/>
<opset="mux_case_11213190/1 "/>
</bind>
</comp>

<comp id="222" class="1004" name="mux_case_21223203_fu_222">
<pin_list>
<pin id="223" dir="0" index="0" bw="1" slack="0"/>
<pin id="224" dir="1" index="1" bw="32" slack="0"/>
</pin_list>
<bind>
<opcode="alloca(26) " fcode="alloca"/>
<opset="mux_case_21223203/1 "/>
</bind>
</comp>

<comp id="226" class="1004" name="mux_case_31233216_fu_226">
<pin_list>
<pin id="227" dir="0" index="0" bw="1" slack="0"/>
<pin id="228" dir="1" index="1" bw="32" slack="0"/>
</pin_list>
<bind>
<opcode="alloca(26) " fcode="alloca"/>
<opset="mux_case_31233216/1 "/>
</bind>
</comp>

<comp id="230" class="1004" name="mux_case_01253229_fu_230">
<pin_list>
<pin id="231" dir="0" index="0" bw="1" slack="0"/>
<pin id="232" dir="1" index="1" bw="32" slack="0"/>
</pin_list>
<bind>
<opcode="alloca(26) " fcode="alloca"/>
<opset="mux_case_01253229/1 "/>
</bind>
</comp>

<comp id="234" class="1004" name="mux_case_11263242_fu_234">
<pin_list>
<pin id="235" dir="0" index="0" bw="1" slack="0"/>
<pin id="236" dir="1" index="1" bw="32" slack="0"/>
</pin_list>
<bind>
<opcode="alloca(26) " fcode="alloca"/>
<opset="mux_case_11263242/1 "/>
</bind>
</comp>

<comp id="238" class="1004" name="mux_case_21273255_fu_238">
<pin_list>
<pin id="239" dir="0" index="0" bw="1" slack="0"/>
<pin id="240" dir="1" index="1" bw="32" slack="0"/>
</pin_list>
<bind>
<opcode="alloca(26) " fcode="alloca"/>
<opset="mux_case_21273255/1 "/>
</bind>
</comp>

<comp id="242" class="1004" name="mux_case_31283268_fu_242">
<pin_list>
<pin id="243" dir="0" index="0" bw="1" slack="0"/>
<pin id="244" dir="1" index="1" bw="32" slack="0"/>
</pin_list>
<bind>
<opcode="alloca(26) " fcode="alloca"/>
<opset="mux_case_31283268/1 "/>
</bind>
</comp>

<comp id="246" class="1004" name="mux_case_01303281_fu_246">
<pin_list>
<pin id="247" dir="0" index="0" bw="1" slack="0"/>
<pin id="248" dir="1" index="1" bw="32" slack="0"/>
</pin_list>
<bind>
<opcode="alloca(26) " fcode="alloca"/>
<opset="mux_case_01303281/1 "/>
</bind>
</comp>

<comp id="250" class="1004" name="mux_case_11313294_fu_250">
<pin_list>
<pin id="251" dir="0" index="0" bw="1" slack="0"/>
<pin id="252" dir="1" index="1" bw="32" slack="0"/>
</pin_list>
<bind>
<opcode="alloca(26) " fcode="alloca"/>
<opset="mux_case_11313294/1 "/>
</bind>
</comp>

<comp id="254" class="1004" name="mux_case_21323307_fu_254">
<pin_list>
<pin id="255" dir="0" index="0" bw="1" slack="0"/>
<pin id="256" dir="1" index="1" bw="32" slack="0"/>
</pin_list>
<bind>
<opcode="alloca(26) " fcode="alloca"/>
<opset="mux_case_21323307/1 "/>
</bind>
</comp>

<comp id="258" class="1004" name="mux_case_31333320_fu_258">
<pin_list>
<pin id="259" dir="0" index="0" bw="1" slack="0"/>
<pin id="260" dir="1" index="1" bw="32" slack="0"/>
</pin_list>
<bind>
<opcode="alloca(26) " fcode="alloca"/>
<opset="mux_case_31333320/1 "/>
</bind>
</comp>

<comp id="262" class="1004" name="mux_case_01353333_fu_262">
<pin_list>
<pin id="263" dir="0" index="0" bw="1" slack="0"/>
<pin id="264" dir="1" index="1" bw="32" slack="0"/>
</pin_list>
<bind>
<opcode="alloca(26) " fcode="alloca"/>
<opset="mux_case_01353333/1 "/>
</bind>
</comp>

<comp id="266" class="1004" name="mux_case_11363346_fu_266">
<pin_list>
<pin id="267" dir="0" index="0" bw="1" slack="0"/>
<pin id="268" dir="1" index="1" bw="32" slack="0"/>
</pin_list>
<bind>
<opcode="alloca(26) " fcode="alloca"/>
<opset="mux_case_11363346/1 "/>
</bind>
</comp>

<comp id="270" class="1004" name="mux_case_21373359_fu_270">
<pin_list>
<pin id="271" dir="0" index="0" bw="1" slack="0"/>
<pin id="272" dir="1" index="1" bw="32" slack="0"/>
</pin_list>
<bind>
<opcode="alloca(26) " fcode="alloca"/>
<opset="mux_case_21373359/1 "/>
</bind>
</comp>

<comp id="274" class="1004" name="mux_case_31383372_fu_274">
<pin_list>
<pin id="275" dir="0" index="0" bw="1" slack="0"/>
<pin id="276" dir="1" index="1" bw="32" slack="0"/>
</pin_list>
<bind>
<opcode="alloca(26) " fcode="alloca"/>
<opset="mux_case_31383372/1 "/>
</bind>
</comp>

<comp id="278" class="1004" name="mux_case_01403385_fu_278">
<pin_list>
<pin id="279" dir="0" index="0" bw="1" slack="0"/>
<pin id="280" dir="1" index="1" bw="32" slack="0"/>
</pin_list>
<bind>
<opcode="alloca(26) " fcode="alloca"/>
<opset="mux_case_01403385/1 "/>
</bind>
</comp>

<comp id="282" class="1004" name="mux_case_11413398_fu_282">
<pin_list>
<pin id="283" dir="0" index="0" bw="1" slack="0"/>
<pin id="284" dir="1" index="1" bw="32" slack="0"/>
</pin_list>
<bind>
<opcode="alloca(26) " fcode="alloca"/>
<opset="mux_case_11413398/1 "/>
</bind>
</comp>

<comp id="286" class="1004" name="mux_case_21423411_fu_286">
<pin_list>
<pin id="287" dir="0" index="0" bw="1" slack="0"/>
<pin id="288" dir="1" index="1" bw="32" slack="0"/>
</pin_list>
<bind>
<opcode="alloca(26) " fcode="alloca"/>
<opset="mux_case_21423411/1 "/>
</bind>
</comp>

<comp id="290" class="1004" name="mux_case_31433424_fu_290">
<pin_list>
<pin id="291" dir="0" index="0" bw="1" slack="0"/>
<pin id="292" dir="1" index="1" bw="32" slack="0"/>
</pin_list>
<bind>
<opcode="alloca(26) " fcode="alloca"/>
<opset="mux_case_31433424/1 "/>
</bind>
</comp>

<comp id="294" class="1004" name="mux_case_01703435_fu_294">
<pin_list>
<pin id="295" dir="0" index="0" bw="1" slack="0"/>
<pin id="296" dir="1" index="1" bw="32" slack="0"/>
</pin_list>
<bind>
<opcode="alloca(26) " fcode="alloca"/>
<opset="mux_case_01703435/1 "/>
</bind>
</comp>

<comp id="298" class="1004" name="mux_case_11713446_fu_298">
<pin_list>
<pin id="299" dir="0" index="0" bw="1" slack="0"/>
<pin id="300" dir="1" index="1" bw="32" slack="0"/>
</pin_list>
<bind>
<opcode="alloca(26) " fcode="alloca"/>
<opset="mux_case_11713446/1 "/>
</bind>
</comp>

<comp id="302" class="1004" name="mux_case_21723457_fu_302">
<pin_list>
<pin id="303" dir="0" index="0" bw="1" slack="0"/>
<pin id="304" dir="1" index="1" bw="32" slack="0"/>
</pin_list>
<bind>
<opcode="alloca(26) " fcode="alloca"/>
<opset="mux_case_21723457/1 "/>
</bind>
</comp>

<comp id="306" class="1004" name="mux_case_31733468_fu_306">
<pin_list>
<pin id="307" dir="0" index="0" bw="1" slack="0"/>
<pin id="308" dir="1" index="1" bw="32" slack="0"/>
</pin_list>
<bind>
<opcode="alloca(26) " fcode="alloca"/>
<opset="mux_case_31733468/1 "/>
</bind>
</comp>

<comp id="310" class="1004" name="mux_case_01993479_fu_310">
<pin_list>
<pin id="311" dir="0" index="0" bw="1" slack="0"/>
<pin id="312" dir="1" index="1" bw="32" slack="0"/>
</pin_list>
<bind>
<opcode="alloca(26) " fcode="alloca"/>
<opset="mux_case_01993479/1 "/>
</bind>
</comp>

<comp id="314" class="1004" name="mux_case_12003490_fu_314">
<pin_list>
<pin id="315" dir="0" index="0" bw="1" slack="0"/>
<pin id="316" dir="1" index="1" bw="32" slack="0"/>
</pin_list>
<bind>
<opcode="alloca(26) " fcode="alloca"/>
<opset="mux_case_12003490/1 "/>
</bind>
</comp>

<comp id="318" class="1004" name="mux_case_22013501_fu_318">
<pin_list>
<pin id="319" dir="0" index="0" bw="1" slack="0"/>
<pin id="320" dir="1" index="1" bw="32" slack="0"/>
</pin_list>
<bind>
<opcode="alloca(26) " fcode="alloca"/>
<opset="mux_case_22013501/1 "/>
</bind>
</comp>

<comp id="322" class="1004" name="mux_case_32023512_fu_322">
<pin_list>
<pin id="323" dir="0" index="0" bw="1" slack="0"/>
<pin id="324" dir="1" index="1" bw="32" slack="0"/>
</pin_list>
<bind>
<opcode="alloca(26) " fcode="alloca"/>
<opset="mux_case_32023512/1 "/>
</bind>
</comp>

<comp id="326" class="1004" name="mux_case_04303519_fu_326">
<pin_list>
<pin id="327" dir="0" index="0" bw="1" slack="0"/>
<pin id="328" dir="1" index="1" bw="32" slack="0"/>
</pin_list>
<bind>
<opcode="alloca(26) " fcode="alloca"/>
<opset="mux_case_04303519/1 "/>
</bind>
</comp>

<comp id="330" class="1004" name="mux_case_14313528_fu_330">
<pin_list>
<pin id="331" dir="0" index="0" bw="1" slack="0"/>
<pin id="332" dir="1" index="1" bw="32" slack="0"/>
</pin_list>
<bind>
<opcode="alloca(26) " fcode="alloca"/>
<opset="mux_case_14313528/1 "/>
</bind>
</comp>

<comp id="334" class="1004" name="mux_case_24323536_fu_334">
<pin_list>
<pin id="335" dir="0" index="0" bw="1" slack="0"/>
<pin id="336" dir="1" index="1" bw="32" slack="0"/>
</pin_list>
<bind>
<opcode="alloca(26) " fcode="alloca"/>
<opset="mux_case_24323536/1 "/>
</bind>
</comp>

<comp id="338" class="1004" name="mux_case_34333544_fu_338">
<pin_list>
<pin id="339" dir="0" index="0" bw="1" slack="0"/>
<pin id="340" dir="1" index="1" bw="32" slack="0"/>
</pin_list>
<bind>
<opcode="alloca(26) " fcode="alloca"/>
<opset="mux_case_34333544/1 "/>
</bind>
</comp>

<comp id="342" class="1004" name="mux_case_04353552_fu_342">
<pin_list>
<pin id="343" dir="0" index="0" bw="1" slack="0"/>
<pin id="344" dir="1" index="1" bw="32" slack="0"/>
</pin_list>
<bind>
<opcode="alloca(26) " fcode="alloca"/>
<opset="mux_case_04353552/1 "/>
</bind>
</comp>

<comp id="346" class="1004" name="mux_case_14363560_fu_346">
<pin_list>
<pin id="347" dir="0" index="0" bw="1" slack="0"/>
<pin id="348" dir="1" index="1" bw="32" slack="0"/>
</pin_list>
<bind>
<opcode="alloca(26) " fcode="alloca"/>
<opset="mux_case_14363560/1 "/>
</bind>
</comp>

<comp id="350" class="1004" name="mux_case_24373569_fu_350">
<pin_list>
<pin id="351" dir="0" index="0" bw="1" slack="0"/>
<pin id="352" dir="1" index="1" bw="32" slack="0"/>
</pin_list>
<bind>
<opcode="alloca(26) " fcode="alloca"/>
<opset="mux_case_24373569/1 "/>
</bind>
</comp>

<comp id="354" class="1004" name="mux_case_34383577_fu_354">
<pin_list>
<pin id="355" dir="0" index="0" bw="1" slack="0"/>
<pin id="356" dir="1" index="1" bw="32" slack="0"/>
</pin_list>
<bind>
<opcode="alloca(26) " fcode="alloca"/>
<opset="mux_case_34383577/1 "/>
</bind>
</comp>

<comp id="358" class="1004" name="mux_case_04403585_fu_358">
<pin_list>
<pin id="359" dir="0" index="0" bw="1" slack="0"/>
<pin id="360" dir="1" index="1" bw="32" slack="0"/>
</pin_list>
<bind>
<opcode="alloca(26) " fcode="alloca"/>
<opset="mux_case_04403585/1 "/>
</bind>
</comp>

<comp id="362" class="1004" name="mux_case_14413593_fu_362">
<pin_list>
<pin id="363" dir="0" index="0" bw="1" slack="0"/>
<pin id="364" dir="1" index="1" bw="32" slack="0"/>
</pin_list>
<bind>
<opcode="alloca(26) " fcode="alloca"/>
<opset="mux_case_14413593/1 "/>
</bind>
</comp>

<comp id="366" class="1004" name="mux_case_24423601_fu_366">
<pin_list>
<pin id="367" dir="0" index="0" bw="1" slack="0"/>
<pin id="368" dir="1" index="1" bw="32" slack="0"/>
</pin_list>
<bind>
<opcode="alloca(26) " fcode="alloca"/>
<opset="mux_case_24423601/1 "/>
</bind>
</comp>

<comp id="370" class="1004" name="mux_case_34433610_fu_370">
<pin_list>
<pin id="371" dir="0" index="0" bw="1" slack="0"/>
<pin id="372" dir="1" index="1" bw="32" slack="0"/>
</pin_list>
<bind>
<opcode="alloca(26) " fcode="alloca"/>
<opset="mux_case_34433610/1 "/>
</bind>
</comp>

<comp id="374" class="1004" name="mux_case_04453618_fu_374">
<pin_list>
<pin id="375" dir="0" index="0" bw="1" slack="0"/>
<pin id="376" dir="1" index="1" bw="32" slack="0"/>
</pin_list>
<bind>
<opcode="alloca(26) " fcode="alloca"/>
<opset="mux_case_04453618/1 "/>
</bind>
</comp>

<comp id="378" class="1004" name="mux_case_14463626_fu_378">
<pin_list>
<pin id="379" dir="0" index="0" bw="1" slack="0"/>
<pin id="380" dir="1" index="1" bw="32" slack="0"/>
</pin_list>
<bind>
<opcode="alloca(26) " fcode="alloca"/>
<opset="mux_case_14463626/1 "/>
</bind>
</comp>

<comp id="382" class="1004" name="mux_case_24473634_fu_382">
<pin_list>
<pin id="383" dir="0" index="0" bw="1" slack="0"/>
<pin id="384" dir="1" index="1" bw="32" slack="0"/>
</pin_list>
<bind>
<opcode="alloca(26) " fcode="alloca"/>
<opset="mux_case_24473634/1 "/>
</bind>
</comp>

<comp id="386" class="1004" name="mux_case_34483642_fu_386">
<pin_list>
<pin id="387" dir="0" index="0" bw="1" slack="0"/>
<pin id="388" dir="1" index="1" bw="32" slack="0"/>
</pin_list>
<bind>
<opcode="alloca(26) " fcode="alloca"/>
<opset="mux_case_34483642/1 "/>
</bind>
</comp>

<comp id="390" class="1004" name="mux_case_04503651_fu_390">
<pin_list>
<pin id="391" dir="0" index="0" bw="1" slack="0"/>
<pin id="392" dir="1" index="1" bw="32" slack="0"/>
</pin_list>
<bind>
<opcode="alloca(26) " fcode="alloca"/>
<opset="mux_case_04503651/1 "/>
</bind>
</comp>

<comp id="394" class="1004" name="mux_case_14513660_fu_394">
<pin_list>
<pin id="395" dir="0" index="0" bw="1" slack="0"/>
<pin id="396" dir="1" index="1" bw="32" slack="0"/>
</pin_list>
<bind>
<opcode="alloca(26) " fcode="alloca"/>
<opset="mux_case_14513660/1 "/>
</bind>
</comp>

<comp id="398" class="1004" name="mux_case_24523668_fu_398">
<pin_list>
<pin id="399" dir="0" index="0" bw="1" slack="0"/>
<pin id="400" dir="1" index="1" bw="32" slack="0"/>
</pin_list>
<bind>
<opcode="alloca(26) " fcode="alloca"/>
<opset="mux_case_24523668/1 "/>
</bind>
</comp>

<comp id="402" class="1004" name="mux_case_34533676_fu_402">
<pin_list>
<pin id="403" dir="0" index="0" bw="1" slack="0"/>
<pin id="404" dir="1" index="1" bw="32" slack="0"/>
</pin_list>
<bind>
<opcode="alloca(26) " fcode="alloca"/>
<opset="mux_case_34533676/1 "/>
</bind>
</comp>

<comp id="406" class="1004" name="mux_case_04553684_fu_406">
<pin_list>
<pin id="407" dir="0" index="0" bw="1" slack="0"/>
<pin id="408" dir="1" index="1" bw="32" slack="0"/>
</pin_list>
<bind>
<opcode="alloca(26) " fcode="alloca"/>
<opset="mux_case_04553684/1 "/>
</bind>
</comp>

<comp id="410" class="1004" name="mux_case_14563692_fu_410">
<pin_list>
<pin id="411" dir="0" index="0" bw="1" slack="0"/>
<pin id="412" dir="1" index="1" bw="32" slack="0"/>
</pin_list>
<bind>
<opcode="alloca(26) " fcode="alloca"/>
<opset="mux_case_14563692/1 "/>
</bind>
</comp>

<comp id="414" class="1004" name="mux_case_24573701_fu_414">
<pin_list>
<pin id="415" dir="0" index="0" bw="1" slack="0"/>
<pin id="416" dir="1" index="1" bw="32" slack="0"/>
</pin_list>
<bind>
<opcode="alloca(26) " fcode="alloca"/>
<opset="mux_case_24573701/1 "/>
</bind>
</comp>

<comp id="418" class="1004" name="mux_case_34583709_fu_418">
<pin_list>
<pin id="419" dir="0" index="0" bw="1" slack="0"/>
<pin id="420" dir="1" index="1" bw="32" slack="0"/>
</pin_list>
<bind>
<opcode="alloca(26) " fcode="alloca"/>
<opset="mux_case_34583709/1 "/>
</bind>
</comp>

<comp id="422" class="1004" name="mux_case_04603717_fu_422">
<pin_list>
<pin id="423" dir="0" index="0" bw="1" slack="0"/>
<pin id="424" dir="1" index="1" bw="32" slack="0"/>
</pin_list>
<bind>
<opcode="alloca(26) " fcode="alloca"/>
<opset="mux_case_04603717/1 "/>
</bind>
</comp>

<comp id="426" class="1004" name="mux_case_14613726_fu_426">
<pin_list>
<pin id="427" dir="0" index="0" bw="1" slack="0"/>
<pin id="428" dir="1" index="1" bw="32" slack="0"/>
</pin_list>
<bind>
<opcode="alloca(26) " fcode="alloca"/>
<opset="mux_case_14613726/1 "/>
</bind>
</comp>

<comp id="430" class="1004" name="mux_case_24623734_fu_430">
<pin_list>
<pin id="431" dir="0" index="0" bw="1" slack="0"/>
<pin id="432" dir="1" index="1" bw="32" slack="0"/>
</pin_list>
<bind>
<opcode="alloca(26) " fcode="alloca"/>
<opset="mux_case_24623734/1 "/>
</bind>
</comp>

<comp id="434" class="1004" name="mux_case_34633742_fu_434">
<pin_list>
<pin id="435" dir="0" index="0" bw="1" slack="0"/>
<pin id="436" dir="1" index="1" bw="32" slack="0"/>
</pin_list>
<bind>
<opcode="alloca(26) " fcode="alloca"/>
<opset="mux_case_34633742/1 "/>
</bind>
</comp>

<comp id="438" class="1004" name="mux_case_04653750_fu_438">
<pin_list>
<pin id="439" dir="0" index="0" bw="1" slack="0"/>
<pin id="440" dir="1" index="1" bw="32" slack="0"/>
</pin_list>
<bind>
<opcode="alloca(26) " fcode="alloca"/>
<opset="mux_case_04653750/1 "/>
</bind>
</comp>

<comp id="442" class="1004" name="mux_case_14663758_fu_442">
<pin_list>
<pin id="443" dir="0" index="0" bw="1" slack="0"/>
<pin id="444" dir="1" index="1" bw="32" slack="0"/>
</pin_list>
<bind>
<opcode="alloca(26) " fcode="alloca"/>
<opset="mux_case_14663758/1 "/>
</bind>
</comp>

<comp id="446" class="1004" name="mux_case_24673767_fu_446">
<pin_list>
<pin id="447" dir="0" index="0" bw="1" slack="0"/>
<pin id="448" dir="1" index="1" bw="32" slack="0"/>
</pin_list>
<bind>
<opcode="alloca(26) " fcode="alloca"/>
<opset="mux_case_24673767/1 "/>
</bind>
</comp>

<comp id="450" class="1004" name="mux_case_34683775_fu_450">
<pin_list>
<pin id="451" dir="0" index="0" bw="1" slack="0"/>
<pin id="452" dir="1" index="1" bw="32" slack="0"/>
</pin_list>
<bind>
<opcode="alloca(26) " fcode="alloca"/>
<opset="mux_case_34683775/1 "/>
</bind>
</comp>

<comp id="454" class="1004" name="mux_case_04703783_fu_454">
<pin_list>
<pin id="455" dir="0" index="0" bw="1" slack="0"/>
<pin id="456" dir="1" index="1" bw="32" slack="0"/>
</pin_list>
<bind>
<opcode="alloca(26) " fcode="alloca"/>
<opset="mux_case_04703783/1 "/>
</bind>
</comp>

<comp id="458" class="1004" name="mux_case_14713791_fu_458">
<pin_list>
<pin id="459" dir="0" index="0" bw="1" slack="0"/>
<pin id="460" dir="1" index="1" bw="32" slack="0"/>
</pin_list>
<bind>
<opcode="alloca(26) " fcode="alloca"/>
<opset="mux_case_14713791/1 "/>
</bind>
</comp>

<comp id="462" class="1004" name="mux_case_24723799_fu_462">
<pin_list>
<pin id="463" dir="0" index="0" bw="1" slack="0"/>
<pin id="464" dir="1" index="1" bw="32" slack="0"/>
</pin_list>
<bind>
<opcode="alloca(26) " fcode="alloca"/>
<opset="mux_case_24723799/1 "/>
</bind>
</comp>

<comp id="466" class="1004" name="mux_case_34733808_fu_466">
<pin_list>
<pin id="467" dir="0" index="0" bw="1" slack="0"/>
<pin id="468" dir="1" index="1" bw="32" slack="0"/>
</pin_list>
<bind>
<opcode="alloca(26) " fcode="alloca"/>
<opset="mux_case_34733808/1 "/>
</bind>
</comp>

<comp id="470" class="1004" name="mux_case_04753816_fu_470">
<pin_list>
<pin id="471" dir="0" index="0" bw="1" slack="0"/>
<pin id="472" dir="1" index="1" bw="32" slack="0"/>
</pin_list>
<bind>
<opcode="alloca(26) " fcode="alloca"/>
<opset="mux_case_04753816/1 "/>
</bind>
</comp>

<comp id="474" class="1004" name="mux_case_14763824_fu_474">
<pin_list>
<pin id="475" dir="0" index="0" bw="1" slack="0"/>
<pin id="476" dir="1" index="1" bw="32" slack="0"/>
</pin_list>
<bind>
<opcode="alloca(26) " fcode="alloca"/>
<opset="mux_case_14763824/1 "/>
</bind>
</comp>

<comp id="478" class="1004" name="mux_case_24773832_fu_478">
<pin_list>
<pin id="479" dir="0" index="0" bw="1" slack="0"/>
<pin id="480" dir="1" index="1" bw="32" slack="0"/>
</pin_list>
<bind>
<opcode="alloca(26) " fcode="alloca"/>
<opset="mux_case_24773832/1 "/>
</bind>
</comp>

<comp id="482" class="1004" name="mux_case_34783840_fu_482">
<pin_list>
<pin id="483" dir="0" index="0" bw="1" slack="0"/>
<pin id="484" dir="1" index="1" bw="32" slack="0"/>
</pin_list>
<bind>
<opcode="alloca(26) " fcode="alloca"/>
<opset="mux_case_34783840/1 "/>
</bind>
</comp>

<comp id="486" class="1004" name="mux_case_04803849_fu_486">
<pin_list>
<pin id="487" dir="0" index="0" bw="1" slack="0"/>
<pin id="488" dir="1" index="1" bw="32" slack="0"/>
</pin_list>
<bind>
<opcode="alloca(26) " fcode="alloca"/>
<opset="mux_case_04803849/1 "/>
</bind>
</comp>

<comp id="490" class="1004" name="mux_case_14813858_fu_490">
<pin_list>
<pin id="491" dir="0" index="0" bw="1" slack="0"/>
<pin id="492" dir="1" index="1" bw="32" slack="0"/>
</pin_list>
<bind>
<opcode="alloca(26) " fcode="alloca"/>
<opset="mux_case_14813858/1 "/>
</bind>
</comp>

<comp id="494" class="1004" name="mux_case_24823866_fu_494">
<pin_list>
<pin id="495" dir="0" index="0" bw="1" slack="0"/>
<pin id="496" dir="1" index="1" bw="32" slack="0"/>
</pin_list>
<bind>
<opcode="alloca(26) " fcode="alloca"/>
<opset="mux_case_24823866/1 "/>
</bind>
</comp>

<comp id="498" class="1004" name="mux_case_34833874_fu_498">
<pin_list>
<pin id="499" dir="0" index="0" bw="1" slack="0"/>
<pin id="500" dir="1" index="1" bw="32" slack="0"/>
</pin_list>
<bind>
<opcode="alloca(26) " fcode="alloca"/>
<opset="mux_case_34833874/1 "/>
</bind>
</comp>

<comp id="502" class="1004" name="mux_case_04853882_fu_502">
<pin_list>
<pin id="503" dir="0" index="0" bw="1" slack="0"/>
<pin id="504" dir="1" index="1" bw="32" slack="0"/>
</pin_list>
<bind>
<opcode="alloca(26) " fcode="alloca"/>
<opset="mux_case_04853882/1 "/>
</bind>
</comp>

<comp id="506" class="1004" name="mux_case_14863890_fu_506">
<pin_list>
<pin id="507" dir="0" index="0" bw="1" slack="0"/>
<pin id="508" dir="1" index="1" bw="32" slack="0"/>
</pin_list>
<bind>
<opcode="alloca(26) " fcode="alloca"/>
<opset="mux_case_14863890/1 "/>
</bind>
</comp>

<comp id="510" class="1004" name="mux_case_24873899_fu_510">
<pin_list>
<pin id="511" dir="0" index="0" bw="1" slack="0"/>
<pin id="512" dir="1" index="1" bw="32" slack="0"/>
</pin_list>
<bind>
<opcode="alloca(26) " fcode="alloca"/>
<opset="mux_case_24873899/1 "/>
</bind>
</comp>

<comp id="514" class="1004" name="mux_case_34883907_fu_514">
<pin_list>
<pin id="515" dir="0" index="0" bw="1" slack="0"/>
<pin id="516" dir="1" index="1" bw="32" slack="0"/>
</pin_list>
<bind>
<opcode="alloca(26) " fcode="alloca"/>
<opset="mux_case_34883907/1 "/>
</bind>
</comp>

<comp id="518" class="1004" name="mux_case_05153915_fu_518">
<pin_list>
<pin id="519" dir="0" index="0" bw="1" slack="0"/>
<pin id="520" dir="1" index="1" bw="32" slack="0"/>
</pin_list>
<bind>
<opcode="alloca(26) " fcode="alloca"/>
<opset="mux_case_05153915/1 "/>
</bind>
</comp>

<comp id="522" class="1004" name="mux_case_15163923_fu_522">
<pin_list>
<pin id="523" dir="0" index="0" bw="1" slack="0"/>
<pin id="524" dir="1" index="1" bw="32" slack="0"/>
</pin_list>
<bind>
<opcode="alloca(26) " fcode="alloca"/>
<opset="mux_case_15163923/1 "/>
</bind>
</comp>

<comp id="526" class="1004" name="mux_case_25173931_fu_526">
<pin_list>
<pin id="527" dir="0" index="0" bw="1" slack="0"/>
<pin id="528" dir="1" index="1" bw="32" slack="0"/>
</pin_list>
<bind>
<opcode="alloca(26) " fcode="alloca"/>
<opset="mux_case_25173931/1 "/>
</bind>
</comp>

<comp id="530" class="1004" name="mux_case_35183940_fu_530">
<pin_list>
<pin id="531" dir="0" index="0" bw="1" slack="0"/>
<pin id="532" dir="1" index="1" bw="32" slack="0"/>
</pin_list>
<bind>
<opcode="alloca(26) " fcode="alloca"/>
<opset="mux_case_35183940/1 "/>
</bind>
</comp>

<comp id="534" class="1004" name="mux_case_05453948_fu_534">
<pin_list>
<pin id="535" dir="0" index="0" bw="1" slack="0"/>
<pin id="536" dir="1" index="1" bw="32" slack="0"/>
</pin_list>
<bind>
<opcode="alloca(26) " fcode="alloca"/>
<opset="mux_case_05453948/1 "/>
</bind>
</comp>

<comp id="538" class="1004" name="mux_case_15463956_fu_538">
<pin_list>
<pin id="539" dir="0" index="0" bw="1" slack="0"/>
<pin id="540" dir="1" index="1" bw="32" slack="0"/>
</pin_list>
<bind>
<opcode="alloca(26) " fcode="alloca"/>
<opset="mux_case_15463956/1 "/>
</bind>
</comp>

<comp id="542" class="1004" name="mux_case_25473964_fu_542">
<pin_list>
<pin id="543" dir="0" index="0" bw="1" slack="0"/>
<pin id="544" dir="1" index="1" bw="32" slack="0"/>
</pin_list>
<bind>
<opcode="alloca(26) " fcode="alloca"/>
<opset="mux_case_25473964/1 "/>
</bind>
</comp>

<comp id="546" class="1004" name="mux_case_35483973_fu_546">
<pin_list>
<pin id="547" dir="0" index="0" bw="1" slack="0"/>
<pin id="548" dir="1" index="1" bw="32" slack="0"/>
</pin_list>
<bind>
<opcode="alloca(26) " fcode="alloca"/>
<opset="mux_case_35483973/1 "/>
</bind>
</comp>

<comp id="550" class="1004" name="Q_out_real_alloca_fu_550">
<pin_list>
<pin id="551" dir="0" index="0" bw="1" slack="0"/>
<pin id="552" dir="1" index="1" bw="32" slack="2147483647"/>
</pin_list>
<bind>
<opcode="alloca(26) " fcode="alloca"/>
<opset="Q_out_real/1 "/>
</bind>
</comp>

<comp id="554" class="1004" name="Q_out_real_1_alloca_fu_554">
<pin_list>
<pin id="555" dir="0" index="0" bw="1" slack="0"/>
<pin id="556" dir="1" index="1" bw="32" slack="2147483647"/>
</pin_list>
<bind>
<opcode="alloca(26) " fcode="alloca"/>
<opset="Q_out_real_1/1 "/>
</bind>
</comp>

<comp id="558" class="1004" name="Q_out_real_2_alloca_fu_558">
<pin_list>
<pin id="559" dir="0" index="0" bw="1" slack="0"/>
<pin id="560" dir="1" index="1" bw="32" slack="2147483647"/>
</pin_list>
<bind>
<opcode="alloca(26) " fcode="alloca"/>
<opset="Q_out_real_2/1 "/>
</bind>
</comp>

<comp id="562" class="1004" name="Q_out_real_3_alloca_fu_562">
<pin_list>
<pin id="563" dir="0" index="0" bw="1" slack="0"/>
<pin id="564" dir="1" index="1" bw="32" slack="2147483647"/>
</pin_list>
<bind>
<opcode="alloca(26) " fcode="alloca"/>
<opset="Q_out_real_3/1 "/>
</bind>
</comp>

<comp id="566" class="1004" name="Q_out_imag_alloca_fu_566">
<pin_list>
<pin id="567" dir="0" index="0" bw="1" slack="0"/>
<pin id="568" dir="1" index="1" bw="32" slack="2147483647"/>
</pin_list>
<bind>
<opcode="alloca(26) " fcode="alloca"/>
<opset="Q_out_imag/1 "/>
</bind>
</comp>

<comp id="570" class="1004" name="Q_out_imag_1_alloca_fu_570">
<pin_list>
<pin id="571" dir="0" index="0" bw="1" slack="0"/>
<pin id="572" dir="1" index="1" bw="32" slack="2147483647"/>
</pin_list>
<bind>
<opcode="alloca(26) " fcode="alloca"/>
<opset="Q_out_imag_1/1 "/>
</bind>
</comp>

<comp id="574" class="1004" name="Q_out_imag_2_alloca_fu_574">
<pin_list>
<pin id="575" dir="0" index="0" bw="1" slack="0"/>
<pin id="576" dir="1" index="1" bw="32" slack="2147483647"/>
</pin_list>
<bind>
<opcode="alloca(26) " fcode="alloca"/>
<opset="Q_out_imag_2/1 "/>
</bind>
</comp>

<comp id="578" class="1004" name="Q_out_imag_3_alloca_fu_578">
<pin_list>
<pin id="579" dir="0" index="0" bw="1" slack="0"/>
<pin id="580" dir="1" index="1" bw="32" slack="2147483647"/>
</pin_list>
<bind>
<opcode="alloca(26) " fcode="alloca"/>
<opset="Q_out_imag_3/1 "/>
</bind>
</comp>

<comp id="582" class="1004" name="R_out_real_alloca_fu_582">
<pin_list>
<pin id="583" dir="0" index="0" bw="1" slack="0"/>
<pin id="584" dir="1" index="1" bw="32" slack="2147483647"/>
</pin_list>
<bind>
<opcode="alloca(26) " fcode="alloca"/>
<opset="R_out_real/1 "/>
</bind>
</comp>

<comp id="586" class="1004" name="R_out_real_1_alloca_fu_586">
<pin_list>
<pin id="587" dir="0" index="0" bw="1" slack="0"/>
<pin id="588" dir="1" index="1" bw="32" slack="2147483647"/>
</pin_list>
<bind>
<opcode="alloca(26) " fcode="alloca"/>
<opset="R_out_real_1/1 "/>
</bind>
</comp>

<comp id="590" class="1004" name="R_out_real_2_alloca_fu_590">
<pin_list>
<pin id="591" dir="0" index="0" bw="1" slack="0"/>
<pin id="592" dir="1" index="1" bw="32" slack="2147483647"/>
</pin_list>
<bind>
<opcode="alloca(26) " fcode="alloca"/>
<opset="R_out_real_2/1 "/>
</bind>
</comp>

<comp id="594" class="1004" name="R_out_real_3_alloca_fu_594">
<pin_list>
<pin id="595" dir="0" index="0" bw="1" slack="0"/>
<pin id="596" dir="1" index="1" bw="32" slack="2147483647"/>
</pin_list>
<bind>
<opcode="alloca(26) " fcode="alloca"/>
<opset="R_out_real_3/1 "/>
</bind>
</comp>

<comp id="598" class="1004" name="R_out_imag_alloca_fu_598">
<pin_list>
<pin id="599" dir="0" index="0" bw="1" slack="0"/>
<pin id="600" dir="1" index="1" bw="32" slack="2147483647"/>
</pin_list>
<bind>
<opcode="alloca(26) " fcode="alloca"/>
<opset="R_out_imag/1 "/>
</bind>
</comp>

<comp id="602" class="1004" name="R_out_imag_1_alloca_fu_602">
<pin_list>
<pin id="603" dir="0" index="0" bw="1" slack="0"/>
<pin id="604" dir="1" index="1" bw="32" slack="2147483647"/>
</pin_list>
<bind>
<opcode="alloca(26) " fcode="alloca"/>
<opset="R_out_imag_1/1 "/>
</bind>
</comp>

<comp id="606" class="1004" name="R_out_imag_2_alloca_fu_606">
<pin_list>
<pin id="607" dir="0" index="0" bw="1" slack="0"/>
<pin id="608" dir="1" index="1" bw="32" slack="2147483647"/>
</pin_list>
<bind>
<opcode="alloca(26) " fcode="alloca"/>
<opset="R_out_imag_2/1 "/>
</bind>
</comp>

<comp id="610" class="1004" name="R_out_imag_3_alloca_fu_610">
<pin_list>
<pin id="611" dir="0" index="0" bw="1" slack="0"/>
<pin id="612" dir="1" index="1" bw="32" slack="2147483647"/>
</pin_list>
<bind>
<opcode="alloca(26) " fcode="alloca"/>
<opset="R_out_imag_3/1 "/>
</bind>
</comp>

<comp id="614" class="1004" name="R_DRAM_read_read_fu_614">
<pin_list>
<pin id="615" dir="0" index="0" bw="64" slack="0"/>
<pin id="616" dir="0" index="1" bw="64" slack="0"/>
<pin id="617" dir="1" index="2" bw="64" slack="4"/>
</pin_list>
<bind>
<opcode="read(1150) " fcode="read"/>
<opset="R_DRAM_read/1 "/>
</bind>
</comp>

<comp id="620" class="1004" name="Q_DRAM_read_read_fu_620">
<pin_list>
<pin id="621" dir="0" index="0" bw="64" slack="0"/>
<pin id="622" dir="0" index="1" bw="64" slack="0"/>
<pin id="623" dir="1" index="2" bw="64" slack="4"/>
</pin_list>
<bind>
<opcode="read(1150) " fcode="read"/>
<opset="Q_DRAM_read/1 "/>
</bind>
</comp>

<comp id="626" class="1004" name="A_DRAM_read_read_fu_626">
<pin_list>
<pin id="627" dir="0" index="0" bw="64" slack="0"/>
<pin id="628" dir="0" index="1" bw="64" slack="0"/>
<pin id="629" dir="1" index="2" bw="64" slack="0"/>
</pin_list>
<bind>
<opcode="read(1150) " fcode="read"/>
<opset="A_DRAM_read/1 "/>
</bind>
</comp>

<comp id="632" class="1004" name="grp_top_Pipeline_READ_INIT_VITIS_LOOP_87_1_fu_632">
<pin_list>
<pin id="633" dir="0" index="0" bw="0" slack="0"/>
<pin id="634" dir="0" index="1" bw="64" slack="0"/>
<pin id="635" dir="0" index="2" bw="64" slack="0"/>
<pin id="636" dir="0" index="3" bw="3" slack="0"/>
<pin id="637" dir="0" index="4" bw="3" slack="0"/>
<pin id="638" dir="0" index="5" bw="32" slack="0"/>
<pin id="639" dir="0" index="6" bw="32" slack="0"/>
<pin id="640" dir="0" index="7" bw="32" slack="0"/>
<pin id="641" dir="0" index="8" bw="32" slack="0"/>
<pin id="642" dir="0" index="9" bw="32" slack="0"/>
<pin id="643" dir="0" index="10" bw="32" slack="0"/>
<pin id="644" dir="0" index="11" bw="32" slack="0"/>
<pin id="645" dir="0" index="12" bw="32" slack="0"/>
<pin id="646" dir="0" index="13" bw="32" slack="0"/>
<pin id="647" dir="0" index="14" bw="32" slack="0"/>
<pin id="648" dir="0" index="15" bw="32" slack="0"/>
<pin id="649" dir="0" index="16" bw="32" slack="0"/>
<pin id="650" dir="0" index="17" bw="32" slack="0"/>
<pin id="651" dir="0" index="18" bw="32" slack="0"/>
<pin id="652" dir="0" index="19" bw="32" slack="0"/>
<pin id="653" dir="0" index="20" bw="32" slack="0"/>
<pin id="654" dir="0" index="21" bw="32" slack="0"/>
<pin id="655" dir="0" index="22" bw="32" slack="0"/>
<pin id="656" dir="0" index="23" bw="32" slack="0"/>
<pin id="657" dir="0" index="24" bw="32" slack="0"/>
<pin id="658" dir="0" index="25" bw="32" slack="0"/>
<pin id="659" dir="0" index="26" bw="32" slack="0"/>
<pin id="660" dir="0" index="27" bw="32" slack="0"/>
<pin id="661" dir="0" index="28" bw="32" slack="0"/>
<pin id="662" dir="0" index="29" bw="32" slack="0"/>
<pin id="663" dir="0" index="30" bw="32" slack="0"/>
<pin id="664" dir="0" index="31" bw="32" slack="0"/>
<pin id="665" dir="0" index="32" bw="32" slack="0"/>
<pin id="666" dir="0" index="33" bw="32" slack="0"/>
<pin id="667" dir="0" index="34" bw="32" slack="0"/>
<pin id="668" dir="0" index="35" bw="32" slack="0"/>
<pin id="669" dir="0" index="36" bw="32" slack="0"/>
<pin id="670" dir="0" index="37" bw="32" slack="0"/>
<pin id="671" dir="0" index="38" bw="32" slack="0"/>
<pin id="672" dir="0" index="39" bw="32" slack="0"/>
<pin id="673" dir="0" index="40" bw="32" slack="0"/>
<pin id="674" dir="0" index="41" bw="32" slack="0"/>
<pin id="675" dir="0" index="42" bw="32" slack="0"/>
<pin id="676" dir="0" index="43" bw="32" slack="0"/>
<pin id="677" dir="0" index="44" bw="32" slack="0"/>
<pin id="678" dir="0" index="45" bw="32" slack="0"/>
<pin id="679" dir="0" index="46" bw="32" slack="0"/>
<pin id="680" dir="0" index="47" bw="32" slack="0"/>
<pin id="681" dir="0" index="48" bw="32" slack="0"/>
<pin id="682" dir="0" index="49" bw="32" slack="0"/>
<pin id="683" dir="0" index="50" bw="32" slack="0"/>
<pin id="684" dir="0" index="51" bw="32" slack="0"/>
<pin id="685" dir="0" index="52" bw="32" slack="0"/>
<pin id="686" dir="0" index="53" bw="32" slack="0"/>
<pin id="687" dir="0" index="54" bw="32" slack="0"/>
<pin id="688" dir="0" index="55" bw="32" slack="0"/>
<pin id="689" dir="0" index="56" bw="32" slack="0"/>
<pin id="690" dir="0" index="57" bw="32" slack="0"/>
<pin id="691" dir="0" index="58" bw="32" slack="0"/>
<pin id="692" dir="0" index="59" bw="32" slack="0"/>
<pin id="693" dir="0" index="60" bw="32" slack="0"/>
<pin id="694" dir="0" index="61" bw="32" slack="0"/>
<pin id="695" dir="0" index="62" bw="32" slack="0"/>
<pin id="696" dir="0" index="63" bw="32" slack="0"/>
<pin id="697" dir="0" index="64" bw="32" slack="0"/>
<pin id="698" dir="0" index="65" bw="32" slack="0"/>
<pin id="699" dir="0" index="66" bw="32" slack="0"/>
<pin id="700" dir="0" index="67" bw="32" slack="0"/>
<pin id="701" dir="1" index="68" bw="0" slack="2147483647"/>
</pin_list>
<bind>
<opcode="call(48) " fcode="call"/>
<opset="call_ln85/1 "/>
</bind>
</comp>

<comp id="705" class="1004" name="grp_top_Pipeline_VITIS_LOOP_181_6_VITIS_LOOP_183_7_fu_705">
<pin_list>
<pin id="706" dir="0" index="0" bw="0" slack="0"/>
<pin id="707" dir="0" index="1" bw="32" slack="2147483647"/>
<pin id="708" dir="0" index="2" bw="32" slack="2147483647"/>
<pin id="709" dir="0" index="3" bw="32" slack="2147483647"/>
<pin id="710" dir="0" index="4" bw="32" slack="2147483647"/>
<pin id="711" dir="0" index="5" bw="32" slack="2147483647"/>
<pin id="712" dir="0" index="6" bw="32" slack="2147483647"/>
<pin id="713" dir="0" index="7" bw="32" slack="2147483647"/>
<pin id="714" dir="0" index="8" bw="32" slack="2147483647"/>
<pin id="715" dir="0" index="9" bw="32" slack="0"/>
<pin id="716" dir="0" index="10" bw="32" slack="0"/>
<pin id="717" dir="0" index="11" bw="32" slack="0"/>
<pin id="718" dir="0" index="12" bw="32" slack="0"/>
<pin id="719" dir="0" index="13" bw="32" slack="0"/>
<pin id="720" dir="0" index="14" bw="32" slack="0"/>
<pin id="721" dir="0" index="15" bw="32" slack="0"/>
<pin id="722" dir="0" index="16" bw="32" slack="0"/>
<pin id="723" dir="0" index="17" bw="32" slack="0"/>
<pin id="724" dir="0" index="18" bw="32" slack="0"/>
<pin id="725" dir="0" index="19" bw="32" slack="0"/>
<pin id="726" dir="0" index="20" bw="32" slack="0"/>
<pin id="727" dir="0" index="21" bw="32" slack="0"/>
<pin id="728" dir="0" index="22" bw="32" slack="0"/>
<pin id="729" dir="0" index="23" bw="32" slack="0"/>
<pin id="730" dir="0" index="24" bw="32" slack="0"/>
<pin id="731" dir="0" index="25" bw="32" slack="0"/>
<pin id="732" dir="0" index="26" bw="32" slack="0"/>
<pin id="733" dir="0" index="27" bw="32" slack="0"/>
<pin id="734" dir="0" index="28" bw="32" slack="0"/>
<pin id="735" dir="0" index="29" bw="32" slack="0"/>
<pin id="736" dir="0" index="30" bw="32" slack="0"/>
<pin id="737" dir="0" index="31" bw="32" slack="0"/>
<pin id="738" dir="0" index="32" bw="32" slack="0"/>
<pin id="739" dir="0" index="33" bw="32" slack="0"/>
<pin id="740" dir="0" index="34" bw="32" slack="0"/>
<pin id="741" dir="0" index="35" bw="32" slack="0"/>
<pin id="742" dir="0" index="36" bw="32" slack="0"/>
<pin id="743" dir="0" index="37" bw="32" slack="0"/>
<pin id="744" dir="0" index="38" bw="32" slack="0"/>
<pin id="745" dir="0" index="39" bw="32" slack="0"/>
<pin id="746" dir="0" index="40" bw="32" slack="0"/>
<pin id="747" dir="0" index="41" bw="32" slack="0"/>
<pin id="748" dir="0" index="42" bw="32" slack="0"/>
<pin id="749" dir="0" index="43" bw="32" slack="0"/>
<pin id="750" dir="0" index="44" bw="32" slack="0"/>
<pin id="751" dir="0" index="45" bw="32" slack="0"/>
<pin id="752" dir="0" index="46" bw="32" slack="0"/>
<pin id="753" dir="0" index="47" bw="32" slack="0"/>
<pin id="754" dir="0" index="48" bw="32" slack="0"/>
<pin id="755" dir="0" index="49" bw="32" slack="0"/>
<pin id="756" dir="0" index="50" bw="32" slack="0"/>
<pin id="757" dir="0" index="51" bw="32" slack="0"/>
<pin id="758" dir="0" index="52" bw="32" slack="0"/>
<pin id="759" dir="0" index="53" bw="32" slack="0"/>
<pin id="760" dir="0" index="54" bw="32" slack="0"/>
<pin id="761" dir="0" index="55" bw="32" slack="0"/>
<pin id="762" dir="0" index="56" bw="32" slack="0"/>
<pin id="763" dir="0" index="57" bw="32" slack="0"/>
<pin id="764" dir="0" index="58" bw="32" slack="0"/>
<pin id="765" dir="0" index="59" bw="32" slack="0"/>
<pin id="766" dir="0" index="60" bw="32" slack="0"/>
<pin id="767" dir="0" index="61" bw="32" slack="0"/>
<pin id="768" dir="0" index="62" bw="32" slack="0"/>
<pin id="769" dir="0" index="63" bw="32" slack="0"/>
<pin id="770" dir="0" index="64" bw="32" slack="0"/>
<pin id="771" dir="1" index="65" bw="0" slack="2147483647"/>
</pin_list>
<bind>
<opcode="call(48) " fcode="call"/>
<opset="call_ln0/3 "/>
</bind>
</comp>

<comp id="773" class="1004" name="grp_top_Pipeline_VITIS_LOOP_190_8_VITIS_LOOP_192_9_fu_773">
<pin_list>
<pin id="774" dir="0" index="0" bw="0" slack="0"/>
<pin id="775" dir="0" index="1" bw="32" slack="2147483647"/>
<pin id="776" dir="0" index="2" bw="32" slack="2147483647"/>
<pin id="777" dir="0" index="3" bw="32" slack="2147483647"/>
<pin id="778" dir="0" index="4" bw="32" slack="2147483647"/>
<pin id="779" dir="0" index="5" bw="32" slack="2147483647"/>
<pin id="780" dir="0" index="6" bw="32" slack="2147483647"/>
<pin id="781" dir="0" index="7" bw="32" slack="2147483647"/>
<pin id="782" dir="0" index="8" bw="32" slack="2147483647"/>
<pin id="783" dir="0" index="9" bw="32" slack="0"/>
<pin id="784" dir="0" index="10" bw="32" slack="0"/>
<pin id="785" dir="0" index="11" bw="32" slack="0"/>
<pin id="786" dir="0" index="12" bw="32" slack="0"/>
<pin id="787" dir="0" index="13" bw="32" slack="0"/>
<pin id="788" dir="0" index="14" bw="32" slack="0"/>
<pin id="789" dir="0" index="15" bw="32" slack="0"/>
<pin id="790" dir="0" index="16" bw="32" slack="0"/>
<pin id="791" dir="0" index="17" bw="32" slack="0"/>
<pin id="792" dir="0" index="18" bw="32" slack="0"/>
<pin id="793" dir="0" index="19" bw="32" slack="0"/>
<pin id="794" dir="0" index="20" bw="32" slack="0"/>
<pin id="795" dir="0" index="21" bw="32" slack="0"/>
<pin id="796" dir="0" index="22" bw="32" slack="0"/>
<pin id="797" dir="0" index="23" bw="32" slack="0"/>
<pin id="798" dir="0" index="24" bw="32" slack="0"/>
<pin id="799" dir="1" index="25" bw="0" slack="2147483647"/>
</pin_list>
<bind>
<opcode="call(48) " fcode="call"/>
<opset="call_ln0/3 "/>
</bind>
</comp>

<comp id="801" class="1004" name="grp_top_Pipeline_VITIS_LOOP_119_2_fu_801">
<pin_list>
<pin id="802" dir="0" index="0" bw="0" slack="0"/>
<pin id="803" dir="0" index="1" bw="32" slack="2"/>
<pin id="804" dir="0" index="2" bw="32" slack="2"/>
<pin id="805" dir="0" index="3" bw="32" slack="2"/>
<pin id="806" dir="0" index="4" bw="32" slack="2"/>
<pin id="807" dir="0" index="5" bw="32" slack="2"/>
<pin id="808" dir="0" index="6" bw="32" slack="2"/>
<pin id="809" dir="0" index="7" bw="32" slack="2"/>
<pin id="810" dir="0" index="8" bw="32" slack="2"/>
<pin id="811" dir="0" index="9" bw="32" slack="2"/>
<pin id="812" dir="0" index="10" bw="32" slack="2"/>
<pin id="813" dir="0" index="11" bw="32" slack="2"/>
<pin id="814" dir="0" index="12" bw="32" slack="2"/>
<pin id="815" dir="0" index="13" bw="32" slack="2"/>
<pin id="816" dir="0" index="14" bw="32" slack="2"/>
<pin id="817" dir="0" index="15" bw="32" slack="2"/>
<pin id="818" dir="0" index="16" bw="32" slack="2"/>
<pin id="819" dir="0" index="17" bw="32" slack="2"/>
<pin id="820" dir="0" index="18" bw="32" slack="2"/>
<pin id="821" dir="0" index="19" bw="32" slack="2"/>
<pin id="822" dir="0" index="20" bw="32" slack="2"/>
<pin id="823" dir="0" index="21" bw="32" slack="2"/>
<pin id="824" dir="0" index="22" bw="32" slack="2"/>
<pin id="825" dir="0" index="23" bw="32" slack="2"/>
<pin id="826" dir="0" index="24" bw="32" slack="2"/>
<pin id="827" dir="0" index="25" bw="32" slack="2"/>
<pin id="828" dir="0" index="26" bw="32" slack="2"/>
<pin id="829" dir="0" index="27" bw="32" slack="2"/>
<pin id="830" dir="0" index="28" bw="32" slack="2"/>
<pin id="831" dir="0" index="29" bw="32" slack="2"/>
<pin id="832" dir="0" index="30" bw="32" slack="2"/>
<pin id="833" dir="0" index="31" bw="32" slack="2"/>
<pin id="834" dir="0" index="32" bw="32" slack="2"/>
<pin id="835" dir="0" index="33" bw="32" slack="2"/>
<pin id="836" dir="0" index="34" bw="32" slack="2"/>
<pin id="837" dir="0" index="35" bw="32" slack="2"/>
<pin id="838" dir="0" index="36" bw="32" slack="2"/>
<pin id="839" dir="0" index="37" bw="32" slack="2"/>
<pin id="840" dir="0" index="38" bw="32" slack="2"/>
<pin id="841" dir="0" index="39" bw="32" slack="2"/>
<pin id="842" dir="0" index="40" bw="32" slack="1"/>
<pin id="843" dir="0" index="41" bw="32" slack="1"/>
<pin id="844" dir="0" index="42" bw="32" slack="1"/>
<pin id="845" dir="0" index="43" bw="32" slack="1"/>
<pin id="846" dir="0" index="44" bw="32" slack="1"/>
<pin id="847" dir="0" index="45" bw="32" slack="1"/>
<pin id="848" dir="0" index="46" bw="32" slack="1"/>
<pin id="849" dir="0" index="47" bw="32" slack="1"/>
<pin id="850" dir="0" index="48" bw="32" slack="1"/>
<pin id="851" dir="0" index="49" bw="32" slack="1"/>
<pin id="852" dir="0" index="50" bw="32" slack="1"/>
<pin id="853" dir="0" index="51" bw="32" slack="1"/>
<pin id="854" dir="0" index="52" bw="32" slack="1"/>
<pin id="855" dir="0" index="53" bw="32" slack="1"/>
<pin id="856" dir="0" index="54" bw="32" slack="1"/>
<pin id="857" dir="0" index="55" bw="2" slack="1"/>
<pin id="858" dir="0" index="56" bw="2" slack="1"/>
<pin id="859" dir="0" index="57" bw="1" slack="0"/>
<pin id="860" dir="0" index="58" bw="1" slack="0"/>
<pin id="861" dir="0" index="59" bw="2" slack="0"/>
<pin id="862" dir="0" index="60" bw="1" slack="0"/>
<pin id="863" dir="0" index="61" bw="2" slack="0"/>
<pin id="864" dir="0" index="62" bw="1" slack="0"/>
<pin id="865" dir="0" index="63" bw="32" slack="3"/>
<pin id="866" dir="0" index="64" bw="32" slack="3"/>
<pin id="867" dir="0" index="65" bw="32" slack="3"/>
<pin id="868" dir="0" index="66" bw="32" slack="3"/>
<pin id="869" dir="0" index="67" bw="32" slack="3"/>
<pin id="870" dir="0" index="68" bw="32" slack="3"/>
<pin id="871" dir="0" index="69" bw="32" slack="3"/>
<pin id="872" dir="0" index="70" bw="32" slack="3"/>
<pin id="873" dir="0" index="71" bw="32" slack="3"/>
<pin id="874" dir="0" index="72" bw="32" slack="3"/>
<pin id="875" dir="0" index="73" bw="32" slack="3"/>
<pin id="876" dir="0" index="74" bw="32" slack="3"/>
<pin id="877" dir="0" index="75" bw="32" slack="3"/>
<pin id="878" dir="0" index="76" bw="32" slack="3"/>
<pin id="879" dir="0" index="77" bw="32" slack="3"/>
<pin id="880" dir="0" index="78" bw="32" slack="3"/>
<pin id="881" dir="0" index="79" bw="32" slack="3"/>
<pin id="882" dir="0" index="80" bw="32" slack="3"/>
<pin id="883" dir="0" index="81" bw="32" slack="3"/>
<pin id="884" dir="0" index="82" bw="32" slack="3"/>
<pin id="885" dir="0" index="83" bw="32" slack="3"/>
<pin id="886" dir="0" index="84" bw="32" slack="3"/>
<pin id="887" dir="0" index="85" bw="32" slack="3"/>
<pin id="888" dir="0" index="86" bw="32" slack="3"/>
<pin id="889" dir="0" index="87" bw="32" slack="3"/>
<pin id="890" dir="0" index="88" bw="32" slack="3"/>
<pin id="891" dir="0" index="89" bw="32" slack="3"/>
<pin id="892" dir="0" index="90" bw="32" slack="3"/>
<pin id="893" dir="0" index="91" bw="32" slack="3"/>
<pin id="894" dir="0" index="92" bw="32" slack="3"/>
<pin id="895" dir="0" index="93" bw="32" slack="3"/>
<pin id="896" dir="0" index="94" bw="32" slack="3"/>
<pin id="897" dir="0" index="95" bw="32" slack="3"/>
<pin id="898" dir="0" index="96" bw="32" slack="3"/>
<pin id="899" dir="0" index="97" bw="32" slack="3"/>
<pin id="900" dir="0" index="98" bw="32" slack="3"/>
<pin id="901" dir="0" index="99" bw="32" slack="3"/>
<pin id="902" dir="0" index="100" bw="32" slack="3"/>
<pin id="903" dir="0" index="101" bw="32" slack="3"/>
<pin id="904" dir="0" index="102" bw="32" slack="3"/>
<pin id="905" dir="0" index="103" bw="32" slack="3"/>
<pin id="906" dir="0" index="104" bw="32" slack="3"/>
<pin id="907" dir="0" index="105" bw="32" slack="3"/>
<pin id="908" dir="0" index="106" bw="32" slack="3"/>
<pin id="909" dir="0" index="107" bw="32" slack="3"/>
<pin id="910" dir="0" index="108" bw="32" slack="3"/>
<pin id="911" dir="0" index="109" bw="32" slack="3"/>
<pin id="912" dir="0" index="110" bw="32" slack="3"/>
<pin id="913" dir="0" index="111" bw="32" slack="3"/>
<pin id="914" dir="0" index="112" bw="32" slack="3"/>
<pin id="915" dir="0" index="113" bw="32" slack="3"/>
<pin id="916" dir="0" index="114" bw="32" slack="3"/>
<pin id="917" dir="0" index="115" bw="32" slack="3"/>
<pin id="918" dir="0" index="116" bw="32" slack="3"/>
<pin id="919" dir="0" index="117" bw="32" slack="3"/>
<pin id="920" dir="0" index="118" bw="32" slack="3"/>
<pin id="921" dir="0" index="119" bw="32" slack="3"/>
<pin id="922" dir="0" index="120" bw="32" slack="3"/>
<pin id="923" dir="0" index="121" bw="32" slack="3"/>
<pin id="924" dir="0" index="122" bw="32" slack="3"/>
<pin id="925" dir="0" index="123" bw="32" slack="3"/>
<pin id="926" dir="0" index="124" bw="32" slack="3"/>
<pin id="927" dir="0" index="125" bw="32" slack="3"/>
<pin id="928" dir="0" index="126" bw="32" slack="3"/>
<pin id="929" dir="0" index="127" bw="32" slack="3"/>
<pin id="930" dir="0" index="128" bw="32" slack="3"/>
<pin id="931" dir="0" index="129" bw="32" slack="3"/>
<pin id="932" dir="0" index="130" bw="32" slack="3"/>
<pin id="933" dir="0" index="131" bw="32" slack="3"/>
<pin id="934" dir="0" index="132" bw="32" slack="3"/>
<pin id="935" dir="0" index="133" bw="32" slack="3"/>
<pin id="936" dir="0" index="134" bw="32" slack="3"/>
<pin id="937" dir="0" index="135" bw="32" slack="3"/>
<pin id="938" dir="0" index="136" bw="32" slack="3"/>
<pin id="939" dir="0" index="137" bw="32" slack="3"/>
<pin id="940" dir="0" index="138" bw="32" slack="3"/>
<pin id="941" dir="0" index="139" bw="32" slack="3"/>
<pin id="942" dir="0" index="140" bw="32" slack="3"/>
<pin id="943" dir="0" index="141" bw="32" slack="3"/>
<pin id="944" dir="0" index="142" bw="32" slack="3"/>
<pin id="945" dir="0" index="143" bw="32" slack="3"/>
<pin id="946" dir="0" index="144" bw="32" slack="3"/>
<pin id="947" dir="0" index="145" bw="32" slack="3"/>
<pin id="948" dir="0" index="146" bw="32" slack="3"/>
<pin id="949" dir="0" index="147" bw="32" slack="3"/>
<pin id="950" dir="0" index="148" bw="32" slack="3"/>
<pin id="951" dir="0" index="149" bw="32" slack="3"/>
<pin id="952" dir="0" index="150" bw="32" slack="3"/>
<pin id="953" dir="0" index="151" bw="32" slack="3"/>
<pin id="954" dir="0" index="152" bw="32" slack="3"/>
<pin id="955" dir="0" index="153" bw="32" slack="3"/>
<pin id="956" dir="0" index="154" bw="32" slack="3"/>
<pin id="957" dir="0" index="155" bw="32" slack="3"/>
<pin id="958" dir="0" index="156" bw="32" slack="3"/>
<pin id="959" dir="0" index="157" bw="32" slack="3"/>
<pin id="960" dir="0" index="158" bw="32" slack="3"/>
<pin id="961" dir="0" index="159" bw="32" slack="3"/>
<pin id="962" dir="0" index="160" bw="32" slack="3"/>
<pin id="963" dir="0" index="161" bw="32" slack="3"/>
<pin id="964" dir="0" index="162" bw="32" slack="3"/>
<pin id="965" dir="0" index="163" bw="32" slack="3"/>
<pin id="966" dir="0" index="164" bw="32" slack="3"/>
<pin id="967" dir="0" index="165" bw="32" slack="3"/>
<pin id="968" dir="0" index="166" bw="32" slack="3"/>
<pin id="969" dir="0" index="167" bw="32" slack="3"/>
<pin id="970" dir="0" index="168" bw="32" slack="3"/>
<pin id="971" dir="0" index="169" bw="32" slack="3"/>
<pin id="972" dir="0" index="170" bw="32" slack="3"/>
<pin id="973" dir="0" index="171" bw="32" slack="3"/>
<pin id="974" dir="0" index="172" bw="32" slack="3"/>
<pin id="975" dir="0" index="173" bw="32" slack="3"/>
<pin id="976" dir="0" index="174" bw="32" slack="3"/>
<pin id="977" dir="1" index="175" bw="0" slack="2147483647"/>
</pin_list>
<bind>
<opcode="call(48) " fcode="call"/>
<opset="call_ln117/4 "/>
</bind>
</comp>

<comp id="979" class="1004" name="grp_top_Pipeline_WRITE_Q_VITIS_LOOP_206_10_fu_979">
<pin_list>
<pin id="980" dir="0" index="0" bw="0" slack="0"/>
<pin id="981" dir="0" index="1" bw="64" slack="0"/>
<pin id="982" dir="0" index="2" bw="64" slack="4"/>
<pin id="983" dir="0" index="3" bw="3" slack="0"/>
<pin id="984" dir="0" index="4" bw="3" slack="0"/>
<pin id="985" dir="0" index="5" bw="3" slack="0"/>
<pin id="986" dir="0" index="6" bw="3" slack="0"/>
<pin id="987" dir="0" index="7" bw="32" slack="2147483647"/>
<pin id="988" dir="0" index="8" bw="32" slack="2147483647"/>
<pin id="989" dir="0" index="9" bw="32" slack="2147483647"/>
<pin id="990" dir="0" index="10" bw="32" slack="2147483647"/>
<pin id="991" dir="0" index="11" bw="32" slack="2147483647"/>
<pin id="992" dir="0" index="12" bw="32" slack="2147483647"/>
<pin id="993" dir="0" index="13" bw="32" slack="2147483647"/>
<pin id="994" dir="0" index="14" bw="32" slack="2147483647"/>
<pin id="995" dir="1" index="15" bw="0" slack="2147483647"/>
</pin_list>
<bind>
<opcode="call(48) " fcode="call"/>
<opset="call_ln204/7 "/>
</bind>
</comp>

<comp id="998" class="1004" name="grp_top_Pipeline_WRITE_R_VITIS_LOOP_216_11_fu_998">
<pin_list>
<pin id="999" dir="0" index="0" bw="0" slack="0"/>
<pin id="1000" dir="0" index="1" bw="64" slack="0"/>
<pin id="1001" dir="0" index="2" bw="64" slack="4"/>
<pin id="1002" dir="0" index="3" bw="3" slack="0"/>
<pin id="1003" dir="0" index="4" bw="3" slack="0"/>
<pin id="1004" dir="0" index="5" bw="3" slack="0"/>
<pin id="1005" dir="0" index="6" bw="3" slack="0"/>
<pin id="1006" dir="0" index="7" bw="32" slack="2147483647"/>
<pin id="1007" dir="0" index="8" bw="32" slack="2147483647"/>
<pin id="1008" dir="0" index="9" bw="32" slack="2147483647"/>
<pin id="1009" dir="0" index="10" bw="32" slack="2147483647"/>
<pin id="1010" dir="0" index="11" bw="32" slack="2147483647"/>
<pin id="1011" dir="0" index="12" bw="32" slack="2147483647"/>
<pin id="1012" dir="0" index="13" bw="32" slack="2147483647"/>
<pin id="1013" dir="0" index="14" bw="32" slack="2147483647"/>
<pin id="1014" dir="1" index="15" bw="0" slack="2147483647"/>
</pin_list>
<bind>
<opcode="call(48) " fcode="call"/>
<opset="call_ln214/7 "/>
</bind>
</comp>

<comp id="1017" class="1004" name="grp_load_fu_1017">
<pin_list>
<pin id="1018" dir="0" index="0" bw="32" slack="2"/>
<pin id="1019" dir="1" index="1" bw="32" slack="0"/>
</pin_list>
<bind>
<opcode="load(27) " fcode="load"/>
<opset="mux_case_12838_load_1/3 mux_case_12838_load/3 "/>
</bind>
</comp>

<comp id="1021" class="1004" name="grp_load_fu_1021">
<pin_list>
<pin id="1022" dir="0" index="0" bw="32" slack="2"/>
<pin id="1023" dir="1" index="1" bw="32" slack="0"/>
</pin_list>
<bind>
<opcode="load(27) " fcode="load"/>
<opset="mux_case_22849_load_1/3 mux_case_22849_load/3 "/>
</bind>
</comp>

<comp id="1025" class="1004" name="grp_load_fu_1025">
<pin_list>
<pin id="1026" dir="0" index="0" bw="32" slack="2"/>
<pin id="1027" dir="1" index="1" bw="32" slack="0"/>
</pin_list>
<bind>
<opcode="load(27) " fcode="load"/>
<opset="mux_case_32860_load_1/3 mux_case_32860_load/3 "/>
</bind>
</comp>

<comp id="1029" class="1004" name="grp_load_fu_1029">
<pin_list>
<pin id="1030" dir="0" index="0" bw="32" slack="2"/>
<pin id="1031" dir="1" index="1" bw="32" slack="0"/>
</pin_list>
<bind>
<opcode="load(27) " fcode="load"/>
<opset="mux_case_0922873_load_1/3 mux_case_0922873_load/3 "/>
</bind>
</comp>

<comp id="1033" class="1004" name="grp_load_fu_1033">
<pin_list>
<pin id="1034" dir="0" index="0" bw="32" slack="2"/>
<pin id="1035" dir="1" index="1" bw="32" slack="0"/>
</pin_list>
<bind>
<opcode="load(27) " fcode="load"/>
<opset="mux_case_1932886_load_1/3 mux_case_1932886_load/3 "/>
</bind>
</comp>

<comp id="1037" class="1004" name="grp_load_fu_1037">
<pin_list>
<pin id="1038" dir="0" index="0" bw="32" slack="2"/>
<pin id="1039" dir="1" index="1" bw="32" slack="0"/>
</pin_list>
<bind>
<opcode="load(27) " fcode="load"/>
<opset="mux_case_2942899_load_1/3 mux_case_2942899_load/3 "/>
</bind>
</comp>

<comp id="1041" class="1004" name="grp_load_fu_1041">
<pin_list>
<pin id="1042" dir="0" index="0" bw="32" slack="2"/>
<pin id="1043" dir="1" index="1" bw="32" slack="0"/>
</pin_list>
<bind>
<opcode="load(27) " fcode="load"/>
<opset="mux_case_3952912_load_1/3 mux_case_3952912_load/3 "/>
</bind>
</comp>

<comp id="1045" class="1004" name="grp_load_fu_1045">
<pin_list>
<pin id="1046" dir="0" index="0" bw="32" slack="2"/>
<pin id="1047" dir="1" index="1" bw="32" slack="0"/>
</pin_list>
<bind>
<opcode="load(27) " fcode="load"/>
<opset="mux_case_0972925_load_1/3 mux_case_0972925_load/3 "/>
</bind>
</comp>

<comp id="1049" class="1004" name="grp_load_fu_1049">
<pin_list>
<pin id="1050" dir="0" index="0" bw="32" slack="2"/>
<pin id="1051" dir="1" index="1" bw="32" slack="0"/>
</pin_list>
<bind>
<opcode="load(27) " fcode="load"/>
<opset="mux_case_1982938_load_1/3 mux_case_1982938_load/3 "/>
</bind>
</comp>

<comp id="1053" class="1004" name="grp_load_fu_1053">
<pin_list>
<pin id="1054" dir="0" index="0" bw="32" slack="2"/>
<pin id="1055" dir="1" index="1" bw="32" slack="0"/>
</pin_list>
<bind>
<opcode="load(27) " fcode="load"/>
<opset="mux_case_2992951_load_1/3 mux_case_2992951_load/3 "/>
</bind>
</comp>

<comp id="1057" class="1004" name="grp_load_fu_1057">
<pin_list>
<pin id="1058" dir="0" index="0" bw="32" slack="2"/>
<pin id="1059" dir="1" index="1" bw="32" slack="0"/>
</pin_list>
<bind>
<opcode="load(27) " fcode="load"/>
<opset="mux_case_31002964_load_1/3 mux_case_31002964_load/3 "/>
</bind>
</comp>

<comp id="1061" class="1004" name="grp_load_fu_1061">
<pin_list>
<pin id="1062" dir="0" index="0" bw="32" slack="2"/>
<pin id="1063" dir="1" index="1" bw="32" slack="0"/>
</pin_list>
<bind>
<opcode="load(27) " fcode="load"/>
<opset="mux_case_01022977_load_1/3 mux_case_01022977_load/3 "/>
</bind>
</comp>

<comp id="1065" class="1004" name="grp_load_fu_1065">
<pin_list>
<pin id="1066" dir="0" index="0" bw="32" slack="2"/>
<pin id="1067" dir="1" index="1" bw="32" slack="0"/>
</pin_list>
<bind>
<opcode="load(27) " fcode="load"/>
<opset="mux_case_11032990_load_1/3 mux_case_11032990_load/3 "/>
</bind>
</comp>

<comp id="1069" class="1004" name="grp_load_fu_1069">
<pin_list>
<pin id="1070" dir="0" index="0" bw="32" slack="2"/>
<pin id="1071" dir="1" index="1" bw="32" slack="0"/>
</pin_list>
<bind>
<opcode="load(27) " fcode="load"/>
<opset="mux_case_21043003_load_1/3 mux_case_21043003_load/3 "/>
</bind>
</comp>

<comp id="1073" class="1004" name="grp_load_fu_1073">
<pin_list>
<pin id="1074" dir="0" index="0" bw="32" slack="2"/>
<pin id="1075" dir="1" index="1" bw="32" slack="0"/>
</pin_list>
<bind>
<opcode="load(27) " fcode="load"/>
<opset="mux_case_31053016_load_1/3 mux_case_31053016_load/3 "/>
</bind>
</comp>

<comp id="1077" class="1005" name="reg_1077">
<pin_list>
<pin id="1078" dir="0" index="0" bw="32" slack="1"/>
<pin id="1079" dir="1" index="1" bw="32" slack="1"/>
</pin_list>
<bind>
<opset="mux_case_12838_load_1 mux_case_12838_load "/>
</bind>
</comp>

<comp id="1083" class="1005" name="reg_1083">
<pin_list>
<pin id="1084" dir="0" index="0" bw="32" slack="1"/>
<pin id="1085" dir="1" index="1" bw="32" slack="1"/>
</pin_list>
<bind>
<opset="mux_case_22849_load_1 mux_case_22849_load "/>
</bind>
</comp>

<comp id="1089" class="1005" name="reg_1089">
<pin_list>
<pin id="1090" dir="0" index="0" bw="32" slack="1"/>
<pin id="1091" dir="1" index="1" bw="32" slack="1"/>
</pin_list>
<bind>
<opset="mux_case_32860_load_1 mux_case_32860_load "/>
</bind>
</comp>

<comp id="1095" class="1005" name="reg_1095">
<pin_list>
<pin id="1096" dir="0" index="0" bw="32" slack="1"/>
<pin id="1097" dir="1" index="1" bw="32" slack="1"/>
</pin_list>
<bind>
<opset="mux_case_0922873_load_1 mux_case_0922873_load "/>
</bind>
</comp>

<comp id="1101" class="1005" name="reg_1101">
<pin_list>
<pin id="1102" dir="0" index="0" bw="32" slack="1"/>
<pin id="1103" dir="1" index="1" bw="32" slack="1"/>
</pin_list>
<bind>
<opset="mux_case_1932886_load_1 mux_case_1932886_load "/>
</bind>
</comp>

<comp id="1107" class="1005" name="reg_1107">
<pin_list>
<pin id="1108" dir="0" index="0" bw="32" slack="1"/>
<pin id="1109" dir="1" index="1" bw="32" slack="1"/>
</pin_list>
<bind>
<opset="mux_case_2942899_load_1 mux_case_2942899_load "/>
</bind>
</comp>

<comp id="1113" class="1005" name="reg_1113">
<pin_list>
<pin id="1114" dir="0" index="0" bw="32" slack="1"/>
<pin id="1115" dir="1" index="1" bw="32" slack="1"/>
</pin_list>
<bind>
<opset="mux_case_3952912_load_1 mux_case_3952912_load "/>
</bind>
</comp>

<comp id="1119" class="1005" name="reg_1119">
<pin_list>
<pin id="1120" dir="0" index="0" bw="32" slack="1"/>
<pin id="1121" dir="1" index="1" bw="32" slack="1"/>
</pin_list>
<bind>
<opset="mux_case_0972925_load_1 mux_case_0972925_load "/>
</bind>
</comp>

<comp id="1125" class="1005" name="reg_1125">
<pin_list>
<pin id="1126" dir="0" index="0" bw="32" slack="1"/>
<pin id="1127" dir="1" index="1" bw="32" slack="1"/>
</pin_list>
<bind>
<opset="mux_case_1982938_load_1 mux_case_1982938_load "/>
</bind>
</comp>

<comp id="1131" class="1005" name="reg_1131">
<pin_list>
<pin id="1132" dir="0" index="0" bw="32" slack="1"/>
<pin id="1133" dir="1" index="1" bw="32" slack="1"/>
</pin_list>
<bind>
<opset="mux_case_2992951_load_1 mux_case_2992951_load "/>
</bind>
</comp>

<comp id="1137" class="1005" name="reg_1137">
<pin_list>
<pin id="1138" dir="0" index="0" bw="32" slack="1"/>
<pin id="1139" dir="1" index="1" bw="32" slack="1"/>
</pin_list>
<bind>
<opset="mux_case_31002964_load_1 mux_case_31002964_load "/>
</bind>
</comp>

<comp id="1143" class="1005" name="reg_1143">
<pin_list>
<pin id="1144" dir="0" index="0" bw="32" slack="1"/>
<pin id="1145" dir="1" index="1" bw="32" slack="1"/>
</pin_list>
<bind>
<opset="mux_case_01022977_load_1 mux_case_01022977_load "/>
</bind>
</comp>

<comp id="1149" class="1005" name="reg_1149">
<pin_list>
<pin id="1150" dir="0" index="0" bw="32" slack="1"/>
<pin id="1151" dir="1" index="1" bw="32" slack="1"/>
</pin_list>
<bind>
<opset="mux_case_11032990_load_1 mux_case_11032990_load "/>
</bind>
</comp>

<comp id="1155" class="1005" name="reg_1155">
<pin_list>
<pin id="1156" dir="0" index="0" bw="32" slack="1"/>
<pin id="1157" dir="1" index="1" bw="32" slack="1"/>
</pin_list>
<bind>
<opset="mux_case_21043003_load_1 mux_case_21043003_load "/>
</bind>
</comp>

<comp id="1161" class="1005" name="reg_1161">
<pin_list>
<pin id="1162" dir="0" index="0" bw="32" slack="1"/>
<pin id="1163" dir="1" index="1" bw="32" slack="1"/>
</pin_list>
<bind>
<opset="mux_case_31053016_load_1 mux_case_31053016_load "/>
</bind>
</comp>

<comp id="1167" class="1004" name="trunc_ln85_fu_1167">
<pin_list>
<pin id="1168" dir="0" index="0" bw="64" slack="0"/>
<pin id="1169" dir="1" index="1" bw="3" slack="0"/>
</pin_list>
<bind>
<opcode="trunc(33) " fcode="trunc"/>
<opset="trunc_ln85/1 "/>
</bind>
</comp>

<comp id="1172" class="1004" name="xor_ln85_fu_1172">
<pin_list>
<pin id="1173" dir="0" index="0" bw="3" slack="0"/>
<pin id="1174" dir="0" index="1" bw="3" slack="0"/>
<pin id="1175" dir="1" index="2" bw="3" slack="0"/>
</pin_list>
<bind>
<opcode="xor(25) " fcode="xor"/>
<opset="xor_ln85/1 "/>
</bind>
</comp>

<comp id="1179" class="1004" name="store_ln0_store_fu_1179">
<pin_list>
<pin id="1180" dir="0" index="0" bw="32" slack="0"/>
<pin id="1181" dir="0" index="1" bw="32" slack="0"/>
<pin id="1182" dir="1" index="2" bw="0" slack="2147483647"/>
</pin_list>
<bind>
<opcode="store(28) " fcode="store"/>
<opset="store_ln0/1 "/>
</bind>
</comp>

<comp id="1184" class="1004" name="store_ln0_store_fu_1184">
<pin_list>
<pin id="1185" dir="0" index="0" bw="32" slack="0"/>
<pin id="1186" dir="0" index="1" bw="32" slack="0"/>
<pin id="1187" dir="1" index="2" bw="0" slack="2147483647"/>
</pin_list>
<bind>
<opcode="store(28) " fcode="store"/>
<opset="store_ln0/1 "/>
</bind>
</comp>

<comp id="1189" class="1004" name="store_ln0_store_fu_1189">
<pin_list>
<pin id="1190" dir="0" index="0" bw="32" slack="0"/>
<pin id="1191" dir="0" index="1" bw="32" slack="0"/>
<pin id="1192" dir="1" index="2" bw="0" slack="2147483647"/>
</pin_list>
<bind>
<opcode="store(28) " fcode="store"/>
<opset="store_ln0/1 "/>
</bind>
</comp>

<comp id="1194" class="1004" name="store_ln0_store_fu_1194">
<pin_list>
<pin id="1195" dir="0" index="0" bw="32" slack="0"/>
<pin id="1196" dir="0" index="1" bw="32" slack="0"/>
<pin id="1197" dir="1" index="2" bw="0" slack="2147483647"/>
</pin_list>
<bind>
<opcode="store(28) " fcode="store"/>
<opset="store_ln0/1 "/>
</bind>
</comp>

<comp id="1199" class="1004" name="store_ln0_store_fu_1199">
<pin_list>
<pin id="1200" dir="0" index="0" bw="32" slack="0"/>
<pin id="1201" dir="0" index="1" bw="32" slack="0"/>
<pin id="1202" dir="1" index="2" bw="0" slack="2147483647"/>
</pin_list>
<bind>
<opcode="store(28) " fcode="store"/>
<opset="store_ln0/1 "/>
</bind>
</comp>

<comp id="1204" class="1004" name="store_ln0_store_fu_1204">
<pin_list>
<pin id="1205" dir="0" index="0" bw="32" slack="0"/>
<pin id="1206" dir="0" index="1" bw="32" slack="0"/>
<pin id="1207" dir="1" index="2" bw="0" slack="2147483647"/>
</pin_list>
<bind>
<opcode="store(28) " fcode="store"/>
<opset="store_ln0/1 "/>
</bind>
</comp>

<comp id="1209" class="1004" name="store_ln0_store_fu_1209">
<pin_list>
<pin id="1210" dir="0" index="0" bw="32" slack="0"/>
<pin id="1211" dir="0" index="1" bw="32" slack="0"/>
<pin id="1212" dir="1" index="2" bw="0" slack="2147483647"/>
</pin_list>
<bind>
<opcode="store(28) " fcode="store"/>
<opset="store_ln0/1 "/>
</bind>
</comp>

<comp id="1214" class="1004" name="store_ln0_store_fu_1214">
<pin_list>
<pin id="1215" dir="0" index="0" bw="32" slack="0"/>
<pin id="1216" dir="0" index="1" bw="32" slack="0"/>
<pin id="1217" dir="1" index="2" bw="0" slack="2147483647"/>
</pin_list>
<bind>
<opcode="store(28) " fcode="store"/>
<opset="store_ln0/1 "/>
</bind>
</comp>

<comp id="1219" class="1004" name="store_ln0_store_fu_1219">
<pin_list>
<pin id="1220" dir="0" index="0" bw="32" slack="0"/>
<pin id="1221" dir="0" index="1" bw="32" slack="0"/>
<pin id="1222" dir="1" index="2" bw="0" slack="2147483647"/>
</pin_list>
<bind>
<opcode="store(28) " fcode="store"/>
<opset="store_ln0/1 "/>
</bind>
</comp>

<comp id="1224" class="1004" name="store_ln0_store_fu_1224">
<pin_list>
<pin id="1225" dir="0" index="0" bw="32" slack="0"/>
<pin id="1226" dir="0" index="1" bw="32" slack="0"/>
<pin id="1227" dir="1" index="2" bw="0" slack="2147483647"/>
</pin_list>
<bind>
<opcode="store(28) " fcode="store"/>
<opset="store_ln0/1 "/>
</bind>
</comp>

<comp id="1229" class="1004" name="store_ln0_store_fu_1229">
<pin_list>
<pin id="1230" dir="0" index="0" bw="32" slack="0"/>
<pin id="1231" dir="0" index="1" bw="32" slack="0"/>
<pin id="1232" dir="1" index="2" bw="0" slack="2147483647"/>
</pin_list>
<bind>
<opcode="store(28) " fcode="store"/>
<opset="store_ln0/1 "/>
</bind>
</comp>

<comp id="1234" class="1004" name="store_ln0_store_fu_1234">
<pin_list>
<pin id="1235" dir="0" index="0" bw="32" slack="0"/>
<pin id="1236" dir="0" index="1" bw="32" slack="0"/>
<pin id="1237" dir="1" index="2" bw="0" slack="2147483647"/>
</pin_list>
<bind>
<opcode="store(28) " fcode="store"/>
<opset="store_ln0/1 "/>
</bind>
</comp>

<comp id="1239" class="1004" name="store_ln0_store_fu_1239">
<pin_list>
<pin id="1240" dir="0" index="0" bw="32" slack="0"/>
<pin id="1241" dir="0" index="1" bw="32" slack="0"/>
<pin id="1242" dir="1" index="2" bw="0" slack="2147483647"/>
</pin_list>
<bind>
<opcode="store(28) " fcode="store"/>
<opset="store_ln0/1 "/>
</bind>
</comp>

<comp id="1244" class="1004" name="store_ln0_store_fu_1244">
<pin_list>
<pin id="1245" dir="0" index="0" bw="32" slack="0"/>
<pin id="1246" dir="0" index="1" bw="32" slack="0"/>
<pin id="1247" dir="1" index="2" bw="0" slack="2147483647"/>
</pin_list>
<bind>
<opcode="store(28) " fcode="store"/>
<opset="store_ln0/1 "/>
</bind>
</comp>

<comp id="1249" class="1004" name="store_ln0_store_fu_1249">
<pin_list>
<pin id="1250" dir="0" index="0" bw="32" slack="0"/>
<pin id="1251" dir="0" index="1" bw="32" slack="0"/>
<pin id="1252" dir="1" index="2" bw="0" slack="2147483647"/>
</pin_list>
<bind>
<opcode="store(28) " fcode="store"/>
<opset="store_ln0/1 "/>
</bind>
</comp>

<comp id="1254" class="1004" name="store_ln0_store_fu_1254">
<pin_list>
<pin id="1255" dir="0" index="0" bw="32" slack="0"/>
<pin id="1256" dir="0" index="1" bw="32" slack="0"/>
<pin id="1257" dir="1" index="2" bw="0" slack="2147483647"/>
</pin_list>
<bind>
<opcode="store(28) " fcode="store"/>
<opset="store_ln0/1 "/>
</bind>
</comp>

<comp id="1259" class="1004" name="store_ln0_store_fu_1259">
<pin_list>
<pin id="1260" dir="0" index="0" bw="32" slack="0"/>
<pin id="1261" dir="0" index="1" bw="32" slack="0"/>
<pin id="1262" dir="1" index="2" bw="0" slack="2147483647"/>
</pin_list>
<bind>
<opcode="store(28) " fcode="store"/>
<opset="store_ln0/1 "/>
</bind>
</comp>

<comp id="1264" class="1004" name="store_ln0_store_fu_1264">
<pin_list>
<pin id="1265" dir="0" index="0" bw="32" slack="0"/>
<pin id="1266" dir="0" index="1" bw="32" slack="0"/>
<pin id="1267" dir="1" index="2" bw="0" slack="2147483647"/>
</pin_list>
<bind>
<opcode="store(28) " fcode="store"/>
<opset="store_ln0/1 "/>
</bind>
</comp>

<comp id="1269" class="1004" name="store_ln0_store_fu_1269">
<pin_list>
<pin id="1270" dir="0" index="0" bw="32" slack="0"/>
<pin id="1271" dir="0" index="1" bw="32" slack="0"/>
<pin id="1272" dir="1" index="2" bw="0" slack="2147483647"/>
</pin_list>
<bind>
<opcode="store(28) " fcode="store"/>
<opset="store_ln0/1 "/>
</bind>
</comp>

<comp id="1274" class="1004" name="store_ln0_store_fu_1274">
<pin_list>
<pin id="1275" dir="0" index="0" bw="32" slack="0"/>
<pin id="1276" dir="0" index="1" bw="32" slack="0"/>
<pin id="1277" dir="1" index="2" bw="0" slack="2147483647"/>
</pin_list>
<bind>
<opcode="store(28) " fcode="store"/>
<opset="store_ln0/1 "/>
</bind>
</comp>

<comp id="1279" class="1004" name="store_ln0_store_fu_1279">
<pin_list>
<pin id="1280" dir="0" index="0" bw="32" slack="0"/>
<pin id="1281" dir="0" index="1" bw="32" slack="0"/>
<pin id="1282" dir="1" index="2" bw="0" slack="2147483647"/>
</pin_list>
<bind>
<opcode="store(28) " fcode="store"/>
<opset="store_ln0/1 "/>
</bind>
</comp>

<comp id="1284" class="1004" name="store_ln0_store_fu_1284">
<pin_list>
<pin id="1285" dir="0" index="0" bw="32" slack="0"/>
<pin id="1286" dir="0" index="1" bw="32" slack="0"/>
<pin id="1287" dir="1" index="2" bw="0" slack="2147483647"/>
</pin_list>
<bind>
<opcode="store(28) " fcode="store"/>
<opset="store_ln0/1 "/>
</bind>
</comp>

<comp id="1289" class="1004" name="store_ln0_store_fu_1289">
<pin_list>
<pin id="1290" dir="0" index="0" bw="32" slack="0"/>
<pin id="1291" dir="0" index="1" bw="32" slack="0"/>
<pin id="1292" dir="1" index="2" bw="0" slack="2147483647"/>
</pin_list>
<bind>
<opcode="store(28) " fcode="store"/>
<opset="store_ln0/1 "/>
</bind>
</comp>

<comp id="1294" class="1004" name="store_ln0_store_fu_1294">
<pin_list>
<pin id="1295" dir="0" index="0" bw="32" slack="0"/>
<pin id="1296" dir="0" index="1" bw="32" slack="0"/>
<pin id="1297" dir="1" index="2" bw="0" slack="2147483647"/>
</pin_list>
<bind>
<opcode="store(28) " fcode="store"/>
<opset="store_ln0/1 "/>
</bind>
</comp>

<comp id="1299" class="1004" name="store_ln0_store_fu_1299">
<pin_list>
<pin id="1300" dir="0" index="0" bw="32" slack="0"/>
<pin id="1301" dir="0" index="1" bw="32" slack="0"/>
<pin id="1302" dir="1" index="2" bw="0" slack="2147483647"/>
</pin_list>
<bind>
<opcode="store(28) " fcode="store"/>
<opset="store_ln0/1 "/>
</bind>
</comp>

<comp id="1304" class="1004" name="store_ln0_store_fu_1304">
<pin_list>
<pin id="1305" dir="0" index="0" bw="32" slack="0"/>
<pin id="1306" dir="0" index="1" bw="32" slack="0"/>
<pin id="1307" dir="1" index="2" bw="0" slack="2147483647"/>
</pin_list>
<bind>
<opcode="store(28) " fcode="store"/>
<opset="store_ln0/1 "/>
</bind>
</comp>

<comp id="1309" class="1004" name="store_ln0_store_fu_1309">
<pin_list>
<pin id="1310" dir="0" index="0" bw="32" slack="0"/>
<pin id="1311" dir="0" index="1" bw="32" slack="0"/>
<pin id="1312" dir="1" index="2" bw="0" slack="2147483647"/>
</pin_list>
<bind>
<opcode="store(28) " fcode="store"/>
<opset="store_ln0/1 "/>
</bind>
</comp>

<comp id="1314" class="1004" name="store_ln0_store_fu_1314">
<pin_list>
<pin id="1315" dir="0" index="0" bw="32" slack="0"/>
<pin id="1316" dir="0" index="1" bw="32" slack="0"/>
<pin id="1317" dir="1" index="2" bw="0" slack="2147483647"/>
</pin_list>
<bind>
<opcode="store(28) " fcode="store"/>
<opset="store_ln0/1 "/>
</bind>
</comp>

<comp id="1319" class="1004" name="store_ln0_store_fu_1319">
<pin_list>
<pin id="1320" dir="0" index="0" bw="32" slack="0"/>
<pin id="1321" dir="0" index="1" bw="32" slack="0"/>
<pin id="1322" dir="1" index="2" bw="0" slack="2147483647"/>
</pin_list>
<bind>
<opcode="store(28) " fcode="store"/>
<opset="store_ln0/1 "/>
</bind>
</comp>

<comp id="1324" class="1004" name="store_ln0_store_fu_1324">
<pin_list>
<pin id="1325" dir="0" index="0" bw="32" slack="0"/>
<pin id="1326" dir="0" index="1" bw="32" slack="0"/>
<pin id="1327" dir="1" index="2" bw="0" slack="2147483647"/>
</pin_list>
<bind>
<opcode="store(28) " fcode="store"/>
<opset="store_ln0/1 "/>
</bind>
</comp>

<comp id="1329" class="1004" name="store_ln0_store_fu_1329">
<pin_list>
<pin id="1330" dir="0" index="0" bw="32" slack="0"/>
<pin id="1331" dir="0" index="1" bw="32" slack="0"/>
<pin id="1332" dir="1" index="2" bw="0" slack="2147483647"/>
</pin_list>
<bind>
<opcode="store(28) " fcode="store"/>
<opset="store_ln0/1 "/>
</bind>
</comp>

<comp id="1334" class="1004" name="store_ln0_store_fu_1334">
<pin_list>
<pin id="1335" dir="0" index="0" bw="32" slack="0"/>
<pin id="1336" dir="0" index="1" bw="32" slack="0"/>
<pin id="1337" dir="1" index="2" bw="0" slack="2147483647"/>
</pin_list>
<bind>
<opcode="store(28) " fcode="store"/>
<opset="store_ln0/1 "/>
</bind>
</comp>

<comp id="1339" class="1004" name="store_ln0_store_fu_1339">
<pin_list>
<pin id="1340" dir="0" index="0" bw="32" slack="0"/>
<pin id="1341" dir="0" index="1" bw="32" slack="0"/>
<pin id="1342" dir="1" index="2" bw="0" slack="2147483647"/>
</pin_list>
<bind>
<opcode="store(28) " fcode="store"/>
<opset="store_ln0/1 "/>
</bind>
</comp>

<comp id="1344" class="1004" name="store_ln0_store_fu_1344">
<pin_list>
<pin id="1345" dir="0" index="0" bw="32" slack="0"/>
<pin id="1346" dir="0" index="1" bw="32" slack="0"/>
<pin id="1347" dir="1" index="2" bw="0" slack="2147483647"/>
</pin_list>
<bind>
<opcode="store(28) " fcode="store"/>
<opset="store_ln0/1 "/>
</bind>
</comp>

<comp id="1349" class="1004" name="store_ln0_store_fu_1349">
<pin_list>
<pin id="1350" dir="0" index="0" bw="32" slack="0"/>
<pin id="1351" dir="0" index="1" bw="32" slack="0"/>
<pin id="1352" dir="1" index="2" bw="0" slack="2147483647"/>
</pin_list>
<bind>
<opcode="store(28) " fcode="store"/>
<opset="store_ln0/1 "/>
</bind>
</comp>

<comp id="1354" class="1004" name="store_ln0_store_fu_1354">
<pin_list>
<pin id="1355" dir="0" index="0" bw="32" slack="0"/>
<pin id="1356" dir="0" index="1" bw="32" slack="0"/>
<pin id="1357" dir="1" index="2" bw="0" slack="2147483647"/>
</pin_list>
<bind>
<opcode="store(28) " fcode="store"/>
<opset="store_ln0/1 "/>
</bind>
</comp>

<comp id="1359" class="1004" name="store_ln0_store_fu_1359">
<pin_list>
<pin id="1360" dir="0" index="0" bw="32" slack="0"/>
<pin id="1361" dir="0" index="1" bw="32" slack="0"/>
<pin id="1362" dir="1" index="2" bw="0" slack="2147483647"/>
</pin_list>
<bind>
<opcode="store(28) " fcode="store"/>
<opset="store_ln0/1 "/>
</bind>
</comp>

<comp id="1364" class="1004" name="store_ln0_store_fu_1364">
<pin_list>
<pin id="1365" dir="0" index="0" bw="32" slack="0"/>
<pin id="1366" dir="0" index="1" bw="32" slack="0"/>
<pin id="1367" dir="1" index="2" bw="0" slack="2147483647"/>
</pin_list>
<bind>
<opcode="store(28) " fcode="store"/>
<opset="store_ln0/1 "/>
</bind>
</comp>

<comp id="1369" class="1004" name="store_ln0_store_fu_1369">
<pin_list>
<pin id="1370" dir="0" index="0" bw="32" slack="0"/>
<pin id="1371" dir="0" index="1" bw="32" slack="0"/>
<pin id="1372" dir="1" index="2" bw="0" slack="2147483647"/>
</pin_list>
<bind>
<opcode="store(28) " fcode="store"/>
<opset="store_ln0/1 "/>
</bind>
</comp>

<comp id="1374" class="1004" name="store_ln0_store_fu_1374">
<pin_list>
<pin id="1375" dir="0" index="0" bw="32" slack="0"/>
<pin id="1376" dir="0" index="1" bw="32" slack="0"/>
<pin id="1377" dir="1" index="2" bw="0" slack="2147483647"/>
</pin_list>
<bind>
<opcode="store(28) " fcode="store"/>
<opset="store_ln0/1 "/>
</bind>
</comp>

<comp id="1379" class="1004" name="store_ln0_store_fu_1379">
<pin_list>
<pin id="1380" dir="0" index="0" bw="32" slack="0"/>
<pin id="1381" dir="0" index="1" bw="32" slack="0"/>
<pin id="1382" dir="1" index="2" bw="0" slack="2147483647"/>
</pin_list>
<bind>
<opcode="store(28) " fcode="store"/>
<opset="store_ln0/1 "/>
</bind>
</comp>

<comp id="1384" class="1004" name="store_ln0_store_fu_1384">
<pin_list>
<pin id="1385" dir="0" index="0" bw="32" slack="0"/>
<pin id="1386" dir="0" index="1" bw="32" slack="0"/>
<pin id="1387" dir="1" index="2" bw="0" slack="2147483647"/>
</pin_list>
<bind>
<opcode="store(28) " fcode="store"/>
<opset="store_ln0/1 "/>
</bind>
</comp>

<comp id="1389" class="1004" name="store_ln0_store_fu_1389">
<pin_list>
<pin id="1390" dir="0" index="0" bw="32" slack="0"/>
<pin id="1391" dir="0" index="1" bw="32" slack="0"/>
<pin id="1392" dir="1" index="2" bw="0" slack="2147483647"/>
</pin_list>
<bind>
<opcode="store(28) " fcode="store"/>
<opset="store_ln0/1 "/>
</bind>
</comp>

<comp id="1394" class="1004" name="store_ln0_store_fu_1394">
<pin_list>
<pin id="1395" dir="0" index="0" bw="32" slack="0"/>
<pin id="1396" dir="0" index="1" bw="32" slack="0"/>
<pin id="1397" dir="1" index="2" bw="0" slack="2147483647"/>
</pin_list>
<bind>
<opcode="store(28) " fcode="store"/>
<opset="store_ln0/1 "/>
</bind>
</comp>

<comp id="1399" class="1004" name="store_ln0_store_fu_1399">
<pin_list>
<pin id="1400" dir="0" index="0" bw="32" slack="0"/>
<pin id="1401" dir="0" index="1" bw="32" slack="0"/>
<pin id="1402" dir="1" index="2" bw="0" slack="2147483647"/>
</pin_list>
<bind>
<opcode="store(28) " fcode="store"/>
<opset="store_ln0/1 "/>
</bind>
</comp>

<comp id="1404" class="1004" name="store_ln0_store_fu_1404">
<pin_list>
<pin id="1405" dir="0" index="0" bw="32" slack="0"/>
<pin id="1406" dir="0" index="1" bw="32" slack="0"/>
<pin id="1407" dir="1" index="2" bw="0" slack="2147483647"/>
</pin_list>
<bind>
<opcode="store(28) " fcode="store"/>
<opset="store_ln0/1 "/>
</bind>
</comp>

<comp id="1409" class="1004" name="store_ln0_store_fu_1409">
<pin_list>
<pin id="1410" dir="0" index="0" bw="32" slack="0"/>
<pin id="1411" dir="0" index="1" bw="32" slack="0"/>
<pin id="1412" dir="1" index="2" bw="0" slack="2147483647"/>
</pin_list>
<bind>
<opcode="store(28) " fcode="store"/>
<opset="store_ln0/1 "/>
</bind>
</comp>

<comp id="1414" class="1004" name="store_ln0_store_fu_1414">
<pin_list>
<pin id="1415" dir="0" index="0" bw="32" slack="0"/>
<pin id="1416" dir="0" index="1" bw="32" slack="0"/>
<pin id="1417" dir="1" index="2" bw="0" slack="2147483647"/>
</pin_list>
<bind>
<opcode="store(28) " fcode="store"/>
<opset="store_ln0/1 "/>
</bind>
</comp>

<comp id="1419" class="1004" name="store_ln0_store_fu_1419">
<pin_list>
<pin id="1420" dir="0" index="0" bw="32" slack="0"/>
<pin id="1421" dir="0" index="1" bw="32" slack="0"/>
<pin id="1422" dir="1" index="2" bw="0" slack="2147483647"/>
</pin_list>
<bind>
<opcode="store(28) " fcode="store"/>
<opset="store_ln0/1 "/>
</bind>
</comp>

<comp id="1424" class="1004" name="store_ln117_store_fu_1424">
<pin_list>
<pin id="1425" dir="0" index="0" bw="1" slack="0"/>
<pin id="1426" dir="0" index="1" bw="3" slack="0"/>
<pin id="1427" dir="1" index="2" bw="0" slack="2147483647"/>
</pin_list>
<bind>
<opcode="store(28) " fcode="store"/>
<opset="store_ln117/1 "/>
</bind>
</comp>

<comp id="1429" class="1004" name="k_1_load_fu_1429">
<pin_list>
<pin id="1430" dir="0" index="0" bw="3" slack="2"/>
<pin id="1431" dir="1" index="1" bw="3" slack="0"/>
</pin_list>
<bind>
<opcode="load(27) " fcode="load"/>
<opset="k_1/3 "/>
</bind>
</comp>

<comp id="1432" class="1004" name="trunc_ln117_fu_1432">
<pin_list>
<pin id="1433" dir="0" index="0" bw="3" slack="0"/>
<pin id="1434" dir="1" index="1" bw="2" slack="1"/>
</pin_list>
<bind>
<opcode="trunc(33) " fcode="trunc"/>
<opset="trunc_ln117/3 "/>
</bind>
</comp>

<comp id="1436" class="1004" name="icmp_ln117_fu_1436">
<pin_list>
<pin id="1437" dir="0" index="0" bw="3" slack="0"/>
<pin id="1438" dir="0" index="1" bw="3" slack="0"/>
<pin id="1439" dir="1" index="2" bw="1" slack="2147483647"/>
</pin_list>
<bind>
<opcode="icmp(45) " fcode="icmp"/>
<opset="icmp_ln117/3 "/>
</bind>
</comp>

<comp id="1442" class="1004" name="empty_fu_1442">
<pin_list>
<pin id="1443" dir="0" index="0" bw="3" slack="0"/>
<pin id="1444" dir="0" index="1" bw="1" slack="0"/>
<pin id="1445" dir="1" index="2" bw="3" slack="0"/>
</pin_list>
<bind>
<opcode="add(8) " fcode="add"/>
<opset="empty/3 "/>
</bind>
</comp>

<comp id="1448" class="1004" name="mux_case_01073029_load_load_fu_1448">
<pin_list>
<pin id="1449" dir="0" index="0" bw="32" slack="2"/>
<pin id="1450" dir="1" index="1" bw="32" slack="2"/>
</pin_list>
<bind>
<opcode="load(27) " fcode="load"/>
<opset="mux_case_01073029_load/3 "/>
</bind>
</comp>

<comp id="1451" class="1004" name="mux_case_11083042_load_load_fu_1451">
<pin_list>
<pin id="1452" dir="0" index="0" bw="32" slack="2"/>
<pin id="1453" dir="1" index="1" bw="32" slack="2"/>
</pin_list>
<bind>
<opcode="load(27) " fcode="load"/>
<opset="mux_case_11083042_load/3 "/>
</bind>
</comp>

<comp id="1454" class="1004" name="mux_case_21093055_load_load_fu_1454">
<pin_list>
<pin id="1455" dir="0" index="0" bw="32" slack="2"/>
<pin id="1456" dir="1" index="1" bw="32" slack="2"/>
</pin_list>
<bind>
<opcode="load(27) " fcode="load"/>
<opset="mux_case_21093055_load/3 "/>
</bind>
</comp>

<comp id="1457" class="1004" name="mux_case_31103068_load_load_fu_1457">
<pin_list>
<pin id="1458" dir="0" index="0" bw="32" slack="2"/>
<pin id="1459" dir="1" index="1" bw="32" slack="2"/>
</pin_list>
<bind>
<opcode="load(27) " fcode="load"/>
<opset="mux_case_31103068_load/3 "/>
</bind>
</comp>

<comp id="1460" class="1004" name="mux_case_01113081_load_load_fu_1460">
<pin_list>
<pin id="1461" dir="0" index="0" bw="32" slack="2"/>
<pin id="1462" dir="1" index="1" bw="32" slack="2"/>
</pin_list>
<bind>
<opcode="load(27) " fcode="load"/>
<opset="mux_case_01113081_load/3 "/>
</bind>
</comp>

<comp id="1463" class="1004" name="mux_case_11123094_load_load_fu_1463">
<pin_list>
<pin id="1464" dir="0" index="0" bw="32" slack="2"/>
<pin id="1465" dir="1" index="1" bw="32" slack="2"/>
</pin_list>
<bind>
<opcode="load(27) " fcode="load"/>
<opset="mux_case_11123094_load/3 "/>
</bind>
</comp>

<comp id="1466" class="1004" name="mux_case_21133107_load_load_fu_1466">
<pin_list>
<pin id="1467" dir="0" index="0" bw="32" slack="2"/>
<pin id="1468" dir="1" index="1" bw="32" slack="2"/>
</pin_list>
<bind>
<opcode="load(27) " fcode="load"/>
<opset="mux_case_21133107_load/3 "/>
</bind>
</comp>

<comp id="1469" class="1004" name="mux_case_31143120_load_load_fu_1469">
<pin_list>
<pin id="1470" dir="0" index="0" bw="32" slack="2"/>
<pin id="1471" dir="1" index="1" bw="32" slack="2"/>
</pin_list>
<bind>
<opcode="load(27) " fcode="load"/>
<opset="mux_case_31143120_load/3 "/>
</bind>
</comp>

<comp id="1472" class="1004" name="mux_case_11163142_load_load_fu_1472">
<pin_list>
<pin id="1473" dir="0" index="0" bw="32" slack="2"/>
<pin id="1474" dir="1" index="1" bw="32" slack="2"/>
</pin_list>
<bind>
<opcode="load(27) " fcode="load"/>
<opset="mux_case_11163142_load/3 "/>
</bind>
</comp>

<comp id="1475" class="1004" name="mux_case_21173153_load_load_fu_1475">
<pin_list>
<pin id="1476" dir="0" index="0" bw="32" slack="2"/>
<pin id="1477" dir="1" index="1" bw="32" slack="2"/>
</pin_list>
<bind>
<opcode="load(27) " fcode="load"/>
<opset="mux_case_21173153_load/3 "/>
</bind>
</comp>

<comp id="1478" class="1004" name="mux_case_31183164_load_load_fu_1478">
<pin_list>
<pin id="1479" dir="0" index="0" bw="32" slack="2"/>
<pin id="1480" dir="1" index="1" bw="32" slack="2"/>
</pin_list>
<bind>
<opcode="load(27) " fcode="load"/>
<opset="mux_case_31183164_load/3 "/>
</bind>
</comp>

<comp id="1481" class="1004" name="mux_case_01203177_load_load_fu_1481">
<pin_list>
<pin id="1482" dir="0" index="0" bw="32" slack="2"/>
<pin id="1483" dir="1" index="1" bw="32" slack="2"/>
</pin_list>
<bind>
<opcode="load(27) " fcode="load"/>
<opset="mux_case_01203177_load/3 "/>
</bind>
</comp>

<comp id="1484" class="1004" name="mux_case_11213190_load_load_fu_1484">
<pin_list>
<pin id="1485" dir="0" index="0" bw="32" slack="2"/>
<pin id="1486" dir="1" index="1" bw="32" slack="2"/>
</pin_list>
<bind>
<opcode="load(27) " fcode="load"/>
<opset="mux_case_11213190_load/3 "/>
</bind>
</comp>

<comp id="1487" class="1004" name="mux_case_21223203_load_load_fu_1487">
<pin_list>
<pin id="1488" dir="0" index="0" bw="32" slack="2"/>
<pin id="1489" dir="1" index="1" bw="32" slack="2"/>
</pin_list>
<bind>
<opcode="load(27) " fcode="load"/>
<opset="mux_case_21223203_load/3 "/>
</bind>
</comp>

<comp id="1490" class="1004" name="mux_case_31233216_load_load_fu_1490">
<pin_list>
<pin id="1491" dir="0" index="0" bw="32" slack="2"/>
<pin id="1492" dir="1" index="1" bw="32" slack="2"/>
</pin_list>
<bind>
<opcode="load(27) " fcode="load"/>
<opset="mux_case_31233216_load/3 "/>
</bind>
</comp>

<comp id="1493" class="1004" name="mux_case_01253229_load_load_fu_1493">
<pin_list>
<pin id="1494" dir="0" index="0" bw="32" slack="2"/>
<pin id="1495" dir="1" index="1" bw="32" slack="2"/>
</pin_list>
<bind>
<opcode="load(27) " fcode="load"/>
<opset="mux_case_01253229_load/3 "/>
</bind>
</comp>

<comp id="1496" class="1004" name="mux_case_11263242_load_load_fu_1496">
<pin_list>
<pin id="1497" dir="0" index="0" bw="32" slack="2"/>
<pin id="1498" dir="1" index="1" bw="32" slack="2"/>
</pin_list>
<bind>
<opcode="load(27) " fcode="load"/>
<opset="mux_case_11263242_load/3 "/>
</bind>
</comp>

<comp id="1499" class="1004" name="mux_case_21273255_load_load_fu_1499">
<pin_list>
<pin id="1500" dir="0" index="0" bw="32" slack="2"/>
<pin id="1501" dir="1" index="1" bw="32" slack="2"/>
</pin_list>
<bind>
<opcode="load(27) " fcode="load"/>
<opset="mux_case_21273255_load/3 "/>
</bind>
</comp>

<comp id="1502" class="1004" name="mux_case_31283268_load_load_fu_1502">
<pin_list>
<pin id="1503" dir="0" index="0" bw="32" slack="2"/>
<pin id="1504" dir="1" index="1" bw="32" slack="2"/>
</pin_list>
<bind>
<opcode="load(27) " fcode="load"/>
<opset="mux_case_31283268_load/3 "/>
</bind>
</comp>

<comp id="1505" class="1004" name="mux_case_01303281_load_load_fu_1505">
<pin_list>
<pin id="1506" dir="0" index="0" bw="32" slack="2"/>
<pin id="1507" dir="1" index="1" bw="32" slack="2"/>
</pin_list>
<bind>
<opcode="load(27) " fcode="load"/>
<opset="mux_case_01303281_load/3 "/>
</bind>
</comp>

<comp id="1508" class="1004" name="mux_case_11313294_load_load_fu_1508">
<pin_list>
<pin id="1509" dir="0" index="0" bw="32" slack="2"/>
<pin id="1510" dir="1" index="1" bw="32" slack="2"/>
</pin_list>
<bind>
<opcode="load(27) " fcode="load"/>
<opset="mux_case_11313294_load/3 "/>
</bind>
</comp>

<comp id="1511" class="1004" name="mux_case_21323307_load_load_fu_1511">
<pin_list>
<pin id="1512" dir="0" index="0" bw="32" slack="2"/>
<pin id="1513" dir="1" index="1" bw="32" slack="2"/>
</pin_list>
<bind>
<opcode="load(27) " fcode="load"/>
<opset="mux_case_21323307_load/3 "/>
</bind>
</comp>

<comp id="1514" class="1004" name="mux_case_31333320_load_load_fu_1514">
<pin_list>
<pin id="1515" dir="0" index="0" bw="32" slack="2"/>
<pin id="1516" dir="1" index="1" bw="32" slack="2"/>
</pin_list>
<bind>
<opcode="load(27) " fcode="load"/>
<opset="mux_case_31333320_load/3 "/>
</bind>
</comp>

<comp id="1517" class="1004" name="mux_case_01353333_load_load_fu_1517">
<pin_list>
<pin id="1518" dir="0" index="0" bw="32" slack="2"/>
<pin id="1519" dir="1" index="1" bw="32" slack="2"/>
</pin_list>
<bind>
<opcode="load(27) " fcode="load"/>
<opset="mux_case_01353333_load/3 "/>
</bind>
</comp>

<comp id="1520" class="1004" name="mux_case_11363346_load_load_fu_1520">
<pin_list>
<pin id="1521" dir="0" index="0" bw="32" slack="2"/>
<pin id="1522" dir="1" index="1" bw="32" slack="2"/>
</pin_list>
<bind>
<opcode="load(27) " fcode="load"/>
<opset="mux_case_11363346_load/3 "/>
</bind>
</comp>

<comp id="1523" class="1004" name="mux_case_21373359_load_load_fu_1523">
<pin_list>
<pin id="1524" dir="0" index="0" bw="32" slack="2"/>
<pin id="1525" dir="1" index="1" bw="32" slack="2"/>
</pin_list>
<bind>
<opcode="load(27) " fcode="load"/>
<opset="mux_case_21373359_load/3 "/>
</bind>
</comp>

<comp id="1526" class="1004" name="mux_case_31383372_load_load_fu_1526">
<pin_list>
<pin id="1527" dir="0" index="0" bw="32" slack="2"/>
<pin id="1528" dir="1" index="1" bw="32" slack="2"/>
</pin_list>
<bind>
<opcode="load(27) " fcode="load"/>
<opset="mux_case_31383372_load/3 "/>
</bind>
</comp>

<comp id="1529" class="1004" name="mux_case_01403385_load_load_fu_1529">
<pin_list>
<pin id="1530" dir="0" index="0" bw="32" slack="2"/>
<pin id="1531" dir="1" index="1" bw="32" slack="2"/>
</pin_list>
<bind>
<opcode="load(27) " fcode="load"/>
<opset="mux_case_01403385_load/3 "/>
</bind>
</comp>

<comp id="1532" class="1004" name="mux_case_11413398_load_load_fu_1532">
<pin_list>
<pin id="1533" dir="0" index="0" bw="32" slack="2"/>
<pin id="1534" dir="1" index="1" bw="32" slack="2"/>
</pin_list>
<bind>
<opcode="load(27) " fcode="load"/>
<opset="mux_case_11413398_load/3 "/>
</bind>
</comp>

<comp id="1535" class="1004" name="mux_case_21423411_load_load_fu_1535">
<pin_list>
<pin id="1536" dir="0" index="0" bw="32" slack="2"/>
<pin id="1537" dir="1" index="1" bw="32" slack="2"/>
</pin_list>
<bind>
<opcode="load(27) " fcode="load"/>
<opset="mux_case_21423411_load/3 "/>
</bind>
</comp>

<comp id="1538" class="1004" name="mux_case_31433424_load_load_fu_1538">
<pin_list>
<pin id="1539" dir="0" index="0" bw="32" slack="2"/>
<pin id="1540" dir="1" index="1" bw="32" slack="2"/>
</pin_list>
<bind>
<opcode="load(27) " fcode="load"/>
<opset="mux_case_31433424_load/3 "/>
</bind>
</comp>

<comp id="1541" class="1004" name="mux_case_01703435_load_load_fu_1541">
<pin_list>
<pin id="1542" dir="0" index="0" bw="32" slack="2"/>
<pin id="1543" dir="1" index="1" bw="32" slack="2"/>
</pin_list>
<bind>
<opcode="load(27) " fcode="load"/>
<opset="mux_case_01703435_load/3 "/>
</bind>
</comp>

<comp id="1544" class="1004" name="mux_case_11713446_load_load_fu_1544">
<pin_list>
<pin id="1545" dir="0" index="0" bw="32" slack="2"/>
<pin id="1546" dir="1" index="1" bw="32" slack="2"/>
</pin_list>
<bind>
<opcode="load(27) " fcode="load"/>
<opset="mux_case_11713446_load/3 "/>
</bind>
</comp>

<comp id="1547" class="1004" name="mux_case_21723457_load_load_fu_1547">
<pin_list>
<pin id="1548" dir="0" index="0" bw="32" slack="2"/>
<pin id="1549" dir="1" index="1" bw="32" slack="2"/>
</pin_list>
<bind>
<opcode="load(27) " fcode="load"/>
<opset="mux_case_21723457_load/3 "/>
</bind>
</comp>

<comp id="1550" class="1004" name="mux_case_31733468_load_load_fu_1550">
<pin_list>
<pin id="1551" dir="0" index="0" bw="32" slack="2"/>
<pin id="1552" dir="1" index="1" bw="32" slack="2"/>
</pin_list>
<bind>
<opcode="load(27) " fcode="load"/>
<opset="mux_case_31733468_load/3 "/>
</bind>
</comp>

<comp id="1553" class="1004" name="mux_case_01993479_load_load_fu_1553">
<pin_list>
<pin id="1554" dir="0" index="0" bw="32" slack="2"/>
<pin id="1555" dir="1" index="1" bw="32" slack="2"/>
</pin_list>
<bind>
<opcode="load(27) " fcode="load"/>
<opset="mux_case_01993479_load/3 "/>
</bind>
</comp>

<comp id="1556" class="1004" name="mux_case_12003490_load_load_fu_1556">
<pin_list>
<pin id="1557" dir="0" index="0" bw="32" slack="2"/>
<pin id="1558" dir="1" index="1" bw="32" slack="2"/>
</pin_list>
<bind>
<opcode="load(27) " fcode="load"/>
<opset="mux_case_12003490_load/3 "/>
</bind>
</comp>

<comp id="1559" class="1004" name="mux_case_22013501_load_load_fu_1559">
<pin_list>
<pin id="1560" dir="0" index="0" bw="32" slack="2"/>
<pin id="1561" dir="1" index="1" bw="32" slack="2"/>
</pin_list>
<bind>
<opcode="load(27) " fcode="load"/>
<opset="mux_case_22013501_load/3 "/>
</bind>
</comp>

<comp id="1562" class="1004" name="mux_case_32023512_load_load_fu_1562">
<pin_list>
<pin id="1563" dir="0" index="0" bw="32" slack="2"/>
<pin id="1564" dir="1" index="1" bw="32" slack="2"/>
</pin_list>
<bind>
<opcode="load(27) " fcode="load"/>
<opset="mux_case_32023512_load/3 "/>
</bind>
</comp>

<comp id="1565" class="1004" name="store_ln117_store_fu_1565">
<pin_list>
<pin id="1566" dir="0" index="0" bw="3" slack="0"/>
<pin id="1567" dir="0" index="1" bw="3" slack="2"/>
<pin id="1568" dir="1" index="2" bw="0" slack="2147483647"/>
</pin_list>
<bind>
<opcode="store(28) " fcode="store"/>
<opset="store_ln117/3 "/>
</bind>
</comp>

<comp id="1570" class="1004" name="mux_case_02827_load_load_fu_1570">
<pin_list>
<pin id="1571" dir="0" index="0" bw="32" slack="2"/>
<pin id="1572" dir="1" index="1" bw="32" slack="0"/>
</pin_list>
<bind>
<opcode="load(27) " fcode="load"/>
<opset="mux_case_02827_load/3 "/>
</bind>
</comp>

<comp id="1574" class="1004" name="mux_case_04303519_load_load_fu_1574">
<pin_list>
<pin id="1575" dir="0" index="0" bw="32" slack="2"/>
<pin id="1576" dir="1" index="1" bw="32" slack="0"/>
</pin_list>
<bind>
<opcode="load(27) " fcode="load"/>
<opset="mux_case_04303519_load/3 "/>
</bind>
</comp>

<comp id="1578" class="1004" name="mux_case_14313528_load_load_fu_1578">
<pin_list>
<pin id="1579" dir="0" index="0" bw="32" slack="2"/>
<pin id="1580" dir="1" index="1" bw="32" slack="0"/>
</pin_list>
<bind>
<opcode="load(27) " fcode="load"/>
<opset="mux_case_14313528_load/3 "/>
</bind>
</comp>

<comp id="1582" class="1004" name="mux_case_24323536_load_load_fu_1582">
<pin_list>
<pin id="1583" dir="0" index="0" bw="32" slack="2"/>
<pin id="1584" dir="1" index="1" bw="32" slack="0"/>
</pin_list>
<bind>
<opcode="load(27) " fcode="load"/>
<opset="mux_case_24323536_load/3 "/>
</bind>
</comp>

<comp id="1586" class="1004" name="mux_case_34333544_load_load_fu_1586">
<pin_list>
<pin id="1587" dir="0" index="0" bw="32" slack="2"/>
<pin id="1588" dir="1" index="1" bw="32" slack="0"/>
</pin_list>
<bind>
<opcode="load(27) " fcode="load"/>
<opset="mux_case_34333544_load/3 "/>
</bind>
</comp>

<comp id="1590" class="1004" name="mux_case_04353552_load_load_fu_1590">
<pin_list>
<pin id="1591" dir="0" index="0" bw="32" slack="2"/>
<pin id="1592" dir="1" index="1" bw="32" slack="0"/>
</pin_list>
<bind>
<opcode="load(27) " fcode="load"/>
<opset="mux_case_04353552_load/3 "/>
</bind>
</comp>

<comp id="1594" class="1004" name="mux_case_14363560_load_load_fu_1594">
<pin_list>
<pin id="1595" dir="0" index="0" bw="32" slack="2"/>
<pin id="1596" dir="1" index="1" bw="32" slack="0"/>
</pin_list>
<bind>
<opcode="load(27) " fcode="load"/>
<opset="mux_case_14363560_load/3 "/>
</bind>
</comp>

<comp id="1598" class="1004" name="mux_case_24373569_load_load_fu_1598">
<pin_list>
<pin id="1599" dir="0" index="0" bw="32" slack="2"/>
<pin id="1600" dir="1" index="1" bw="32" slack="0"/>
</pin_list>
<bind>
<opcode="load(27) " fcode="load"/>
<opset="mux_case_24373569_load/3 "/>
</bind>
</comp>

<comp id="1602" class="1004" name="mux_case_34383577_load_load_fu_1602">
<pin_list>
<pin id="1603" dir="0" index="0" bw="32" slack="2"/>
<pin id="1604" dir="1" index="1" bw="32" slack="0"/>
</pin_list>
<bind>
<opcode="load(27) " fcode="load"/>
<opset="mux_case_34383577_load/3 "/>
</bind>
</comp>

<comp id="1606" class="1004" name="mux_case_04403585_load_load_fu_1606">
<pin_list>
<pin id="1607" dir="0" index="0" bw="32" slack="2"/>
<pin id="1608" dir="1" index="1" bw="32" slack="0"/>
</pin_list>
<bind>
<opcode="load(27) " fcode="load"/>
<opset="mux_case_04403585_load/3 "/>
</bind>
</comp>

<comp id="1610" class="1004" name="mux_case_14413593_load_load_fu_1610">
<pin_list>
<pin id="1611" dir="0" index="0" bw="32" slack="2"/>
<pin id="1612" dir="1" index="1" bw="32" slack="0"/>
</pin_list>
<bind>
<opcode="load(27) " fcode="load"/>
<opset="mux_case_14413593_load/3 "/>
</bind>
</comp>

<comp id="1614" class="1004" name="mux_case_24423601_load_load_fu_1614">
<pin_list>
<pin id="1615" dir="0" index="0" bw="32" slack="2"/>
<pin id="1616" dir="1" index="1" bw="32" slack="0"/>
</pin_list>
<bind>
<opcode="load(27) " fcode="load"/>
<opset="mux_case_24423601_load/3 "/>
</bind>
</comp>

<comp id="1618" class="1004" name="mux_case_34433610_load_load_fu_1618">
<pin_list>
<pin id="1619" dir="0" index="0" bw="32" slack="2"/>
<pin id="1620" dir="1" index="1" bw="32" slack="0"/>
</pin_list>
<bind>
<opcode="load(27) " fcode="load"/>
<opset="mux_case_34433610_load/3 "/>
</bind>
</comp>

<comp id="1622" class="1004" name="mux_case_04453618_load_load_fu_1622">
<pin_list>
<pin id="1623" dir="0" index="0" bw="32" slack="2"/>
<pin id="1624" dir="1" index="1" bw="32" slack="0"/>
</pin_list>
<bind>
<opcode="load(27) " fcode="load"/>
<opset="mux_case_04453618_load/3 "/>
</bind>
</comp>

<comp id="1626" class="1004" name="mux_case_14463626_load_load_fu_1626">
<pin_list>
<pin id="1627" dir="0" index="0" bw="32" slack="2"/>
<pin id="1628" dir="1" index="1" bw="32" slack="0"/>
</pin_list>
<bind>
<opcode="load(27) " fcode="load"/>
<opset="mux_case_14463626_load/3 "/>
</bind>
</comp>

<comp id="1630" class="1004" name="mux_case_24473634_load_load_fu_1630">
<pin_list>
<pin id="1631" dir="0" index="0" bw="32" slack="2"/>
<pin id="1632" dir="1" index="1" bw="32" slack="0"/>
</pin_list>
<bind>
<opcode="load(27) " fcode="load"/>
<opset="mux_case_24473634_load/3 "/>
</bind>
</comp>

<comp id="1634" class="1004" name="mux_case_34483642_load_load_fu_1634">
<pin_list>
<pin id="1635" dir="0" index="0" bw="32" slack="2"/>
<pin id="1636" dir="1" index="1" bw="32" slack="0"/>
</pin_list>
<bind>
<opcode="load(27) " fcode="load"/>
<opset="mux_case_34483642_load/3 "/>
</bind>
</comp>

<comp id="1638" class="1004" name="mux_case_04503651_load_load_fu_1638">
<pin_list>
<pin id="1639" dir="0" index="0" bw="32" slack="2"/>
<pin id="1640" dir="1" index="1" bw="32" slack="0"/>
</pin_list>
<bind>
<opcode="load(27) " fcode="load"/>
<opset="mux_case_04503651_load/3 "/>
</bind>
</comp>

<comp id="1642" class="1004" name="mux_case_14513660_load_load_fu_1642">
<pin_list>
<pin id="1643" dir="0" index="0" bw="32" slack="2"/>
<pin id="1644" dir="1" index="1" bw="32" slack="0"/>
</pin_list>
<bind>
<opcode="load(27) " fcode="load"/>
<opset="mux_case_14513660_load/3 "/>
</bind>
</comp>

<comp id="1646" class="1004" name="mux_case_24523668_load_load_fu_1646">
<pin_list>
<pin id="1647" dir="0" index="0" bw="32" slack="2"/>
<pin id="1648" dir="1" index="1" bw="32" slack="0"/>
</pin_list>
<bind>
<opcode="load(27) " fcode="load"/>
<opset="mux_case_24523668_load/3 "/>
</bind>
</comp>

<comp id="1650" class="1004" name="mux_case_34533676_load_load_fu_1650">
<pin_list>
<pin id="1651" dir="0" index="0" bw="32" slack="2"/>
<pin id="1652" dir="1" index="1" bw="32" slack="0"/>
</pin_list>
<bind>
<opcode="load(27) " fcode="load"/>
<opset="mux_case_34533676_load/3 "/>
</bind>
</comp>

<comp id="1654" class="1004" name="mux_case_04553684_load_load_fu_1654">
<pin_list>
<pin id="1655" dir="0" index="0" bw="32" slack="2"/>
<pin id="1656" dir="1" index="1" bw="32" slack="0"/>
</pin_list>
<bind>
<opcode="load(27) " fcode="load"/>
<opset="mux_case_04553684_load/3 "/>
</bind>
</comp>

<comp id="1658" class="1004" name="mux_case_14563692_load_load_fu_1658">
<pin_list>
<pin id="1659" dir="0" index="0" bw="32" slack="2"/>
<pin id="1660" dir="1" index="1" bw="32" slack="0"/>
</pin_list>
<bind>
<opcode="load(27) " fcode="load"/>
<opset="mux_case_14563692_load/3 "/>
</bind>
</comp>

<comp id="1662" class="1004" name="mux_case_24573701_load_load_fu_1662">
<pin_list>
<pin id="1663" dir="0" index="0" bw="32" slack="2"/>
<pin id="1664" dir="1" index="1" bw="32" slack="0"/>
</pin_list>
<bind>
<opcode="load(27) " fcode="load"/>
<opset="mux_case_24573701_load/3 "/>
</bind>
</comp>

<comp id="1666" class="1004" name="mux_case_34583709_load_load_fu_1666">
<pin_list>
<pin id="1667" dir="0" index="0" bw="32" slack="2"/>
<pin id="1668" dir="1" index="1" bw="32" slack="0"/>
</pin_list>
<bind>
<opcode="load(27) " fcode="load"/>
<opset="mux_case_34583709_load/3 "/>
</bind>
</comp>

<comp id="1670" class="1004" name="mux_case_04603717_load_load_fu_1670">
<pin_list>
<pin id="1671" dir="0" index="0" bw="32" slack="2"/>
<pin id="1672" dir="1" index="1" bw="32" slack="0"/>
</pin_list>
<bind>
<opcode="load(27) " fcode="load"/>
<opset="mux_case_04603717_load/3 "/>
</bind>
</comp>

<comp id="1674" class="1004" name="mux_case_14613726_load_load_fu_1674">
<pin_list>
<pin id="1675" dir="0" index="0" bw="32" slack="2"/>
<pin id="1676" dir="1" index="1" bw="32" slack="0"/>
</pin_list>
<bind>
<opcode="load(27) " fcode="load"/>
<opset="mux_case_14613726_load/3 "/>
</bind>
</comp>

<comp id="1678" class="1004" name="mux_case_24623734_load_load_fu_1678">
<pin_list>
<pin id="1679" dir="0" index="0" bw="32" slack="2"/>
<pin id="1680" dir="1" index="1" bw="32" slack="0"/>
</pin_list>
<bind>
<opcode="load(27) " fcode="load"/>
<opset="mux_case_24623734_load/3 "/>
</bind>
</comp>

<comp id="1682" class="1004" name="mux_case_34633742_load_load_fu_1682">
<pin_list>
<pin id="1683" dir="0" index="0" bw="32" slack="2"/>
<pin id="1684" dir="1" index="1" bw="32" slack="0"/>
</pin_list>
<bind>
<opcode="load(27) " fcode="load"/>
<opset="mux_case_34633742_load/3 "/>
</bind>
</comp>

<comp id="1686" class="1004" name="mux_case_04653750_load_load_fu_1686">
<pin_list>
<pin id="1687" dir="0" index="0" bw="32" slack="2"/>
<pin id="1688" dir="1" index="1" bw="32" slack="0"/>
</pin_list>
<bind>
<opcode="load(27) " fcode="load"/>
<opset="mux_case_04653750_load/3 "/>
</bind>
</comp>

<comp id="1690" class="1004" name="mux_case_14663758_load_load_fu_1690">
<pin_list>
<pin id="1691" dir="0" index="0" bw="32" slack="2"/>
<pin id="1692" dir="1" index="1" bw="32" slack="0"/>
</pin_list>
<bind>
<opcode="load(27) " fcode="load"/>
<opset="mux_case_14663758_load/3 "/>
</bind>
</comp>

<comp id="1694" class="1004" name="mux_case_24673767_load_load_fu_1694">
<pin_list>
<pin id="1695" dir="0" index="0" bw="32" slack="2"/>
<pin id="1696" dir="1" index="1" bw="32" slack="0"/>
</pin_list>
<bind>
<opcode="load(27) " fcode="load"/>
<opset="mux_case_24673767_load/3 "/>
</bind>
</comp>

<comp id="1698" class="1004" name="mux_case_34683775_load_load_fu_1698">
<pin_list>
<pin id="1699" dir="0" index="0" bw="32" slack="2"/>
<pin id="1700" dir="1" index="1" bw="32" slack="0"/>
</pin_list>
<bind>
<opcode="load(27) " fcode="load"/>
<opset="mux_case_34683775_load/3 "/>
</bind>
</comp>

<comp id="1702" class="1004" name="mux_case_04703783_load_load_fu_1702">
<pin_list>
<pin id="1703" dir="0" index="0" bw="32" slack="2"/>
<pin id="1704" dir="1" index="1" bw="32" slack="0"/>
</pin_list>
<bind>
<opcode="load(27) " fcode="load"/>
<opset="mux_case_04703783_load/3 "/>
</bind>
</comp>

<comp id="1706" class="1004" name="mux_case_14713791_load_load_fu_1706">
<pin_list>
<pin id="1707" dir="0" index="0" bw="32" slack="2"/>
<pin id="1708" dir="1" index="1" bw="32" slack="0"/>
</pin_list>
<bind>
<opcode="load(27) " fcode="load"/>
<opset="mux_case_14713791_load/3 "/>
</bind>
</comp>

<comp id="1710" class="1004" name="mux_case_24723799_load_load_fu_1710">
<pin_list>
<pin id="1711" dir="0" index="0" bw="32" slack="2"/>
<pin id="1712" dir="1" index="1" bw="32" slack="0"/>
</pin_list>
<bind>
<opcode="load(27) " fcode="load"/>
<opset="mux_case_24723799_load/3 "/>
</bind>
</comp>

<comp id="1714" class="1004" name="mux_case_34733808_load_load_fu_1714">
<pin_list>
<pin id="1715" dir="0" index="0" bw="32" slack="2"/>
<pin id="1716" dir="1" index="1" bw="32" slack="0"/>
</pin_list>
<bind>
<opcode="load(27) " fcode="load"/>
<opset="mux_case_34733808_load/3 "/>
</bind>
</comp>

<comp id="1718" class="1004" name="mux_case_04753816_load_load_fu_1718">
<pin_list>
<pin id="1719" dir="0" index="0" bw="32" slack="2"/>
<pin id="1720" dir="1" index="1" bw="32" slack="0"/>
</pin_list>
<bind>
<opcode="load(27) " fcode="load"/>
<opset="mux_case_04753816_load/3 "/>
</bind>
</comp>

<comp id="1722" class="1004" name="mux_case_14763824_load_load_fu_1722">
<pin_list>
<pin id="1723" dir="0" index="0" bw="32" slack="2"/>
<pin id="1724" dir="1" index="1" bw="32" slack="0"/>
</pin_list>
<bind>
<opcode="load(27) " fcode="load"/>
<opset="mux_case_14763824_load/3 "/>
</bind>
</comp>

<comp id="1726" class="1004" name="mux_case_24773832_load_load_fu_1726">
<pin_list>
<pin id="1727" dir="0" index="0" bw="32" slack="2"/>
<pin id="1728" dir="1" index="1" bw="32" slack="0"/>
</pin_list>
<bind>
<opcode="load(27) " fcode="load"/>
<opset="mux_case_24773832_load/3 "/>
</bind>
</comp>

<comp id="1730" class="1004" name="mux_case_34783840_load_load_fu_1730">
<pin_list>
<pin id="1731" dir="0" index="0" bw="32" slack="2"/>
<pin id="1732" dir="1" index="1" bw="32" slack="0"/>
</pin_list>
<bind>
<opcode="load(27) " fcode="load"/>
<opset="mux_case_34783840_load/3 "/>
</bind>
</comp>

<comp id="1734" class="1004" name="mux_case_04803849_load_load_fu_1734">
<pin_list>
<pin id="1735" dir="0" index="0" bw="32" slack="2"/>
<pin id="1736" dir="1" index="1" bw="32" slack="0"/>
</pin_list>
<bind>
<opcode="load(27) " fcode="load"/>
<opset="mux_case_04803849_load/3 "/>
</bind>
</comp>

<comp id="1738" class="1004" name="mux_case_14813858_load_load_fu_1738">
<pin_list>
<pin id="1739" dir="0" index="0" bw="32" slack="2"/>
<pin id="1740" dir="1" index="1" bw="32" slack="0"/>
</pin_list>
<bind>
<opcode="load(27) " fcode="load"/>
<opset="mux_case_14813858_load/3 "/>
</bind>
</comp>

<comp id="1742" class="1004" name="mux_case_24823866_load_load_fu_1742">
<pin_list>
<pin id="1743" dir="0" index="0" bw="32" slack="2"/>
<pin id="1744" dir="1" index="1" bw="32" slack="0"/>
</pin_list>
<bind>
<opcode="load(27) " fcode="load"/>
<opset="mux_case_24823866_load/3 "/>
</bind>
</comp>

<comp id="1746" class="1004" name="mux_case_34833874_load_load_fu_1746">
<pin_list>
<pin id="1747" dir="0" index="0" bw="32" slack="2"/>
<pin id="1748" dir="1" index="1" bw="32" slack="0"/>
</pin_list>
<bind>
<opcode="load(27) " fcode="load"/>
<opset="mux_case_34833874_load/3 "/>
</bind>
</comp>

<comp id="1750" class="1004" name="mux_case_04853882_load_load_fu_1750">
<pin_list>
<pin id="1751" dir="0" index="0" bw="32" slack="2"/>
<pin id="1752" dir="1" index="1" bw="32" slack="0"/>
</pin_list>
<bind>
<opcode="load(27) " fcode="load"/>
<opset="mux_case_04853882_load/3 "/>
</bind>
</comp>

<comp id="1754" class="1004" name="mux_case_14863890_load_load_fu_1754">
<pin_list>
<pin id="1755" dir="0" index="0" bw="32" slack="2"/>
<pin id="1756" dir="1" index="1" bw="32" slack="0"/>
</pin_list>
<bind>
<opcode="load(27) " fcode="load"/>
<opset="mux_case_14863890_load/3 "/>
</bind>
</comp>

<comp id="1758" class="1004" name="mux_case_24873899_load_load_fu_1758">
<pin_list>
<pin id="1759" dir="0" index="0" bw="32" slack="2"/>
<pin id="1760" dir="1" index="1" bw="32" slack="0"/>
</pin_list>
<bind>
<opcode="load(27) " fcode="load"/>
<opset="mux_case_24873899_load/3 "/>
</bind>
</comp>

<comp id="1762" class="1004" name="mux_case_34883907_load_load_fu_1762">
<pin_list>
<pin id="1763" dir="0" index="0" bw="32" slack="2"/>
<pin id="1764" dir="1" index="1" bw="32" slack="0"/>
</pin_list>
<bind>
<opcode="load(27) " fcode="load"/>
<opset="mux_case_34883907_load/3 "/>
</bind>
</comp>

<comp id="1766" class="1004" name="mux_case_05153915_load_load_fu_1766">
<pin_list>
<pin id="1767" dir="0" index="0" bw="32" slack="2"/>
<pin id="1768" dir="1" index="1" bw="32" slack="0"/>
</pin_list>
<bind>
<opcode="load(27) " fcode="load"/>
<opset="mux_case_05153915_load/3 "/>
</bind>
</comp>

<comp id="1770" class="1004" name="mux_case_15163923_load_load_fu_1770">
<pin_list>
<pin id="1771" dir="0" index="0" bw="32" slack="2"/>
<pin id="1772" dir="1" index="1" bw="32" slack="0"/>
</pin_list>
<bind>
<opcode="load(27) " fcode="load"/>
<opset="mux_case_15163923_load/3 "/>
</bind>
</comp>

<comp id="1774" class="1004" name="mux_case_25173931_load_load_fu_1774">
<pin_list>
<pin id="1775" dir="0" index="0" bw="32" slack="2"/>
<pin id="1776" dir="1" index="1" bw="32" slack="0"/>
</pin_list>
<bind>
<opcode="load(27) " fcode="load"/>
<opset="mux_case_25173931_load/3 "/>
</bind>
</comp>

<comp id="1778" class="1004" name="mux_case_35183940_load_load_fu_1778">
<pin_list>
<pin id="1779" dir="0" index="0" bw="32" slack="2"/>
<pin id="1780" dir="1" index="1" bw="32" slack="0"/>
</pin_list>
<bind>
<opcode="load(27) " fcode="load"/>
<opset="mux_case_35183940_load/3 "/>
</bind>
</comp>

<comp id="1782" class="1004" name="mux_case_05453948_load_load_fu_1782">
<pin_list>
<pin id="1783" dir="0" index="0" bw="32" slack="2"/>
<pin id="1784" dir="1" index="1" bw="32" slack="0"/>
</pin_list>
<bind>
<opcode="load(27) " fcode="load"/>
<opset="mux_case_05453948_load/3 "/>
</bind>
</comp>

<comp id="1786" class="1004" name="mux_case_15463956_load_load_fu_1786">
<pin_list>
<pin id="1787" dir="0" index="0" bw="32" slack="2"/>
<pin id="1788" dir="1" index="1" bw="32" slack="0"/>
</pin_list>
<bind>
<opcode="load(27) " fcode="load"/>
<opset="mux_case_15463956_load/3 "/>
</bind>
</comp>

<comp id="1790" class="1004" name="mux_case_25473964_load_load_fu_1790">
<pin_list>
<pin id="1791" dir="0" index="0" bw="32" slack="2"/>
<pin id="1792" dir="1" index="1" bw="32" slack="0"/>
</pin_list>
<bind>
<opcode="load(27) " fcode="load"/>
<opset="mux_case_25473964_load/3 "/>
</bind>
</comp>

<comp id="1794" class="1004" name="mux_case_35483973_load_load_fu_1794">
<pin_list>
<pin id="1795" dir="0" index="0" bw="32" slack="2"/>
<pin id="1796" dir="1" index="1" bw="32" slack="0"/>
</pin_list>
<bind>
<opcode="load(27) " fcode="load"/>
<opset="mux_case_35483973_load/3 "/>
</bind>
</comp>

<comp id="1798" class="1004" name="tmp_fu_1798">
<pin_list>
<pin id="1799" dir="0" index="0" bw="1" slack="0"/>
<pin id="1800" dir="0" index="1" bw="3" slack="1"/>
<pin id="1801" dir="0" index="2" bw="3" slack="0"/>
<pin id="1802" dir="1" index="3" bw="1" slack="0"/>
</pin_list>
<bind>
<opcode="bitselect(1000) " fcode="bitselect"/>
<opset="tmp/4 "/>
</bind>
</comp>

<comp id="1806" class="1004" name="empty_39_fu_1806">
<pin_list>
<pin id="1807" dir="0" index="0" bw="3" slack="1"/>
<pin id="1808" dir="0" index="1" bw="3" slack="0"/>
<pin id="1809" dir="1" index="2" bw="3" slack="0"/>
</pin_list>
<bind>
<opcode="add(8) " fcode="add"/>
<opset="empty_39/4 "/>
</bind>
</comp>

<comp id="1811" class="1004" name="tmp_19_fu_1811">
<pin_list>
<pin id="1812" dir="0" index="0" bw="1" slack="0"/>
<pin id="1813" dir="0" index="1" bw="3" slack="0"/>
<pin id="1814" dir="0" index="2" bw="3" slack="0"/>
<pin id="1815" dir="1" index="3" bw="1" slack="0"/>
</pin_list>
<bind>
<opcode="bitselect(1000) " fcode="bitselect"/>
<opset="tmp_19/4 "/>
</bind>
</comp>

<comp id="1820" class="1004" name="empty_40_fu_1820">
<pin_list>
<pin id="1821" dir="0" index="0" bw="3" slack="1"/>
<pin id="1822" dir="0" index="1" bw="3" slack="0"/>
<pin id="1823" dir="1" index="2" bw="3" slack="0"/>
</pin_list>
<bind>
<opcode="add(8) " fcode="add"/>
<opset="empty_40/4 "/>
</bind>
</comp>

<comp id="1825" class="1004" name="tmp_20_fu_1825">
<pin_list>
<pin id="1826" dir="0" index="0" bw="1" slack="0"/>
<pin id="1827" dir="0" index="1" bw="3" slack="0"/>
<pin id="1828" dir="0" index="2" bw="3" slack="0"/>
<pin id="1829" dir="1" index="3" bw="1" slack="0"/>
</pin_list>
<bind>
<opcode="bitselect(1000) " fcode="bitselect"/>
<opset="tmp_20/4 "/>
</bind>
</comp>

<comp id="1834" class="1004" name="empty_41_fu_1834">
<pin_list>
<pin id="1835" dir="0" index="0" bw="3" slack="1"/>
<pin id="1836" dir="1" index="1" bw="2" slack="0"/>
</pin_list>
<bind>
<opcode="trunc(33) " fcode="trunc"/>
<opset="empty_41/4 "/>
</bind>
</comp>

<comp id="1838" class="1004" name="empty_42_fu_1838">
<pin_list>
<pin id="1839" dir="0" index="0" bw="3" slack="0"/>
<pin id="1840" dir="1" index="1" bw="2" slack="0"/>
</pin_list>
<bind>
<opcode="trunc(33) " fcode="trunc"/>
<opset="empty_42/4 "/>
</bind>
</comp>

<comp id="1843" class="1004" name="icmp_ln41_fu_1843">
<pin_list>
<pin id="1844" dir="0" index="0" bw="2" slack="0"/>
<pin id="1845" dir="0" index="1" bw="2" slack="0"/>
<pin id="1846" dir="1" index="2" bw="1" slack="0"/>
</pin_list>
<bind>
<opcode="icmp(45) " fcode="icmp"/>
<opset="icmp_ln41/4 "/>
</bind>
</comp>

<comp id="1850" class="1004" name="trunc_ln204_fu_1850">
<pin_list>
<pin id="1851" dir="0" index="0" bw="64" slack="4"/>
<pin id="1852" dir="1" index="1" bw="3" slack="0"/>
</pin_list>
<bind>
<opcode="trunc(33) " fcode="trunc"/>
<opset="trunc_ln204/7 "/>
</bind>
</comp>

<comp id="1855" class="1004" name="xor_ln204_fu_1855">
<pin_list>
<pin id="1856" dir="0" index="0" bw="3" slack="0"/>
<pin id="1857" dir="0" index="1" bw="3" slack="0"/>
<pin id="1858" dir="1" index="2" bw="3" slack="0"/>
</pin_list>
<bind>
<opcode="xor(25) " fcode="xor"/>
<opset="xor_ln204/7 "/>
</bind>
</comp>

<comp id="1863" class="1004" name="trunc_ln214_fu_1863">
<pin_list>
<pin id="1864" dir="0" index="0" bw="64" slack="4"/>
<pin id="1865" dir="1" index="1" bw="3" slack="0"/>
</pin_list>
<bind>
<opcode="trunc(33) " fcode="trunc"/>
<opset="trunc_ln214/7 "/>
</bind>
</comp>

<comp id="1868" class="1004" name="xor_ln214_fu_1868">
<pin_list>
<pin id="1869" dir="0" index="0" bw="3" slack="0"/>
<pin id="1870" dir="0" index="1" bw="3" slack="0"/>
<pin id="1871" dir="1" index="2" bw="3" slack="0"/>
</pin_list>
<bind>
<opcode="xor(25) " fcode="xor"/>
<opset="xor_ln214/7 "/>
</bind>
</comp>

<comp id="1876" class="1005" name="k_reg_1876">
<pin_list>
<pin id="1877" dir="0" index="0" bw="3" slack="0"/>
<pin id="1878" dir="1" index="1" bw="3" slack="0"/>
</pin_list>
<bind>
<opset="k "/>
</bind>
</comp>

<comp id="1883" class="1005" name="mux_case_02827_reg_1883">
<pin_list>
<pin id="1884" dir="0" index="0" bw="32" slack="0"/>
<pin id="1885" dir="1" index="1" bw="32" slack="0"/>
</pin_list>
<bind>
<opset="mux_case_02827 "/>
</bind>
</comp>

<comp id="1890" class="1005" name="mux_case_12838_reg_1890">
<pin_list>
<pin id="1891" dir="0" index="0" bw="32" slack="0"/>
<pin id="1892" dir="1" index="1" bw="32" slack="0"/>
</pin_list>
<bind>
<opset="mux_case_12838 "/>
</bind>
</comp>

<comp id="1897" class="1005" name="mux_case_22849_reg_1897">
<pin_list>
<pin id="1898" dir="0" index="0" bw="32" slack="0"/>
<pin id="1899" dir="1" index="1" bw="32" slack="0"/>
</pin_list>
<bind>
<opset="mux_case_22849 "/>
</bind>
</comp>

<comp id="1904" class="1005" name="mux_case_32860_reg_1904">
<pin_list>
<pin id="1905" dir="0" index="0" bw="32" slack="0"/>
<pin id="1906" dir="1" index="1" bw="32" slack="0"/>
</pin_list>
<bind>
<opset="mux_case_32860 "/>
</bind>
</comp>

<comp id="1911" class="1005" name="mux_case_0922873_reg_1911">
<pin_list>
<pin id="1912" dir="0" index="0" bw="32" slack="0"/>
<pin id="1913" dir="1" index="1" bw="32" slack="0"/>
</pin_list>
<bind>
<opset="mux_case_0922873 "/>
</bind>
</comp>

<comp id="1918" class="1005" name="mux_case_1932886_reg_1918">
<pin_list>
<pin id="1919" dir="0" index="0" bw="32" slack="0"/>
<pin id="1920" dir="1" index="1" bw="32" slack="0"/>
</pin_list>
<bind>
<opset="mux_case_1932886 "/>
</bind>
</comp>

<comp id="1925" class="1005" name="mux_case_2942899_reg_1925">
<pin_list>
<pin id="1926" dir="0" index="0" bw="32" slack="0"/>
<pin id="1927" dir="1" index="1" bw="32" slack="0"/>
</pin_list>
<bind>
<opset="mux_case_2942899 "/>
</bind>
</comp>

<comp id="1932" class="1005" name="mux_case_3952912_reg_1932">
<pin_list>
<pin id="1933" dir="0" index="0" bw="32" slack="0"/>
<pin id="1934" dir="1" index="1" bw="32" slack="0"/>
</pin_list>
<bind>
<opset="mux_case_3952912 "/>
</bind>
</comp>

<comp id="1939" class="1005" name="mux_case_0972925_reg_1939">
<pin_list>
<pin id="1940" dir="0" index="0" bw="32" slack="0"/>
<pin id="1941" dir="1" index="1" bw="32" slack="0"/>
</pin_list>
<bind>
<opset="mux_case_0972925 "/>
</bind>
</comp>

<comp id="1946" class="1005" name="mux_case_1982938_reg_1946">
<pin_list>
<pin id="1947" dir="0" index="0" bw="32" slack="0"/>
<pin id="1948" dir="1" index="1" bw="32" slack="0"/>
</pin_list>
<bind>
<opset="mux_case_1982938 "/>
</bind>
</comp>

<comp id="1953" class="1005" name="mux_case_2992951_reg_1953">
<pin_list>
<pin id="1954" dir="0" index="0" bw="32" slack="0"/>
<pin id="1955" dir="1" index="1" bw="32" slack="0"/>
</pin_list>
<bind>
<opset="mux_case_2992951 "/>
</bind>
</comp>

<comp id="1960" class="1005" name="mux_case_31002964_reg_1960">
<pin_list>
<pin id="1961" dir="0" index="0" bw="32" slack="0"/>
<pin id="1962" dir="1" index="1" bw="32" slack="0"/>
</pin_list>
<bind>
<opset="mux_case_31002964 "/>
</bind>
</comp>

<comp id="1967" class="1005" name="mux_case_01022977_reg_1967">
<pin_list>
<pin id="1968" dir="0" index="0" bw="32" slack="0"/>
<pin id="1969" dir="1" index="1" bw="32" slack="0"/>
</pin_list>
<bind>
<opset="mux_case_01022977 "/>
</bind>
</comp>

<comp id="1974" class="1005" name="mux_case_11032990_reg_1974">
<pin_list>
<pin id="1975" dir="0" index="0" bw="32" slack="0"/>
<pin id="1976" dir="1" index="1" bw="32" slack="0"/>
</pin_list>
<bind>
<opset="mux_case_11032990 "/>
</bind>
</comp>

<comp id="1981" class="1005" name="mux_case_21043003_reg_1981">
<pin_list>
<pin id="1982" dir="0" index="0" bw="32" slack="0"/>
<pin id="1983" dir="1" index="1" bw="32" slack="0"/>
</pin_list>
<bind>
<opset="mux_case_21043003 "/>
</bind>
</comp>

<comp id="1988" class="1005" name="mux_case_31053016_reg_1988">
<pin_list>
<pin id="1989" dir="0" index="0" bw="32" slack="0"/>
<pin id="1990" dir="1" index="1" bw="32" slack="0"/>
</pin_list>
<bind>
<opset="mux_case_31053016 "/>
</bind>
</comp>

<comp id="1995" class="1005" name="mux_case_01073029_reg_1995">
<pin_list>
<pin id="1996" dir="0" index="0" bw="32" slack="0"/>
<pin id="1997" dir="1" index="1" bw="32" slack="0"/>
</pin_list>
<bind>
<opset="mux_case_01073029 "/>
</bind>
</comp>

<comp id="2002" class="1005" name="mux_case_11083042_reg_2002">
<pin_list>
<pin id="2003" dir="0" index="0" bw="32" slack="0"/>
<pin id="2004" dir="1" index="1" bw="32" slack="0"/>
</pin_list>
<bind>
<opset="mux_case_11083042 "/>
</bind>
</comp>

<comp id="2009" class="1005" name="mux_case_21093055_reg_2009">
<pin_list>
<pin id="2010" dir="0" index="0" bw="32" slack="0"/>
<pin id="2011" dir="1" index="1" bw="32" slack="0"/>
</pin_list>
<bind>
<opset="mux_case_21093055 "/>
</bind>
</comp>

<comp id="2016" class="1005" name="mux_case_31103068_reg_2016">
<pin_list>
<pin id="2017" dir="0" index="0" bw="32" slack="0"/>
<pin id="2018" dir="1" index="1" bw="32" slack="0"/>
</pin_list>
<bind>
<opset="mux_case_31103068 "/>
</bind>
</comp>

<comp id="2023" class="1005" name="mux_case_01113081_reg_2023">
<pin_list>
<pin id="2024" dir="0" index="0" bw="32" slack="0"/>
<pin id="2025" dir="1" index="1" bw="32" slack="0"/>
</pin_list>
<bind>
<opset="mux_case_01113081 "/>
</bind>
</comp>

<comp id="2030" class="1005" name="mux_case_11123094_reg_2030">
<pin_list>
<pin id="2031" dir="0" index="0" bw="32" slack="0"/>
<pin id="2032" dir="1" index="1" bw="32" slack="0"/>
</pin_list>
<bind>
<opset="mux_case_11123094 "/>
</bind>
</comp>

<comp id="2037" class="1005" name="mux_case_21133107_reg_2037">
<pin_list>
<pin id="2038" dir="0" index="0" bw="32" slack="0"/>
<pin id="2039" dir="1" index="1" bw="32" slack="0"/>
</pin_list>
<bind>
<opset="mux_case_21133107 "/>
</bind>
</comp>

<comp id="2044" class="1005" name="mux_case_31143120_reg_2044">
<pin_list>
<pin id="2045" dir="0" index="0" bw="32" slack="0"/>
<pin id="2046" dir="1" index="1" bw="32" slack="0"/>
</pin_list>
<bind>
<opset="mux_case_31143120 "/>
</bind>
</comp>

<comp id="2051" class="1005" name="mux_case_01153131_reg_2051">
<pin_list>
<pin id="2052" dir="0" index="0" bw="32" slack="0"/>
<pin id="2053" dir="1" index="1" bw="32" slack="0"/>
</pin_list>
<bind>
<opset="mux_case_01153131 "/>
</bind>
</comp>

<comp id="2057" class="1005" name="mux_case_11163142_reg_2057">
<pin_list>
<pin id="2058" dir="0" index="0" bw="32" slack="0"/>
<pin id="2059" dir="1" index="1" bw="32" slack="0"/>
</pin_list>
<bind>
<opset="mux_case_11163142 "/>
</bind>
</comp>

<comp id="2064" class="1005" name="mux_case_21173153_reg_2064">
<pin_list>
<pin id="2065" dir="0" index="0" bw="32" slack="0"/>
<pin id="2066" dir="1" index="1" bw="32" slack="0"/>
</pin_list>
<bind>
<opset="mux_case_21173153 "/>
</bind>
</comp>

<comp id="2071" class="1005" name="mux_case_31183164_reg_2071">
<pin_list>
<pin id="2072" dir="0" index="0" bw="32" slack="0"/>
<pin id="2073" dir="1" index="1" bw="32" slack="0"/>
</pin_list>
<bind>
<opset="mux_case_31183164 "/>
</bind>
</comp>

<comp id="2078" class="1005" name="mux_case_01203177_reg_2078">
<pin_list>
<pin id="2079" dir="0" index="0" bw="32" slack="0"/>
<pin id="2080" dir="1" index="1" bw="32" slack="0"/>
</pin_list>
<bind>
<opset="mux_case_01203177 "/>
</bind>
</comp>

<comp id="2085" class="1005" name="mux_case_11213190_reg_2085">
<pin_list>
<pin id="2086" dir="0" index="0" bw="32" slack="0"/>
<pin id="2087" dir="1" index="1" bw="32" slack="0"/>
</pin_list>
<bind>
<opset="mux_case_11213190 "/>
</bind>
</comp>

<comp id="2092" class="1005" name="mux_case_21223203_reg_2092">
<pin_list>
<pin id="2093" dir="0" index="0" bw="32" slack="0"/>
<pin id="2094" dir="1" index="1" bw="32" slack="0"/>
</pin_list>
<bind>
<opset="mux_case_21223203 "/>
</bind>
</comp>

<comp id="2099" class="1005" name="mux_case_31233216_reg_2099">
<pin_list>
<pin id="2100" dir="0" index="0" bw="32" slack="0"/>
<pin id="2101" dir="1" index="1" bw="32" slack="0"/>
</pin_list>
<bind>
<opset="mux_case_31233216 "/>
</bind>
</comp>

<comp id="2106" class="1005" name="mux_case_01253229_reg_2106">
<pin_list>
<pin id="2107" dir="0" index="0" bw="32" slack="0"/>
<pin id="2108" dir="1" index="1" bw="32" slack="0"/>
</pin_list>
<bind>
<opset="mux_case_01253229 "/>
</bind>
</comp>

<comp id="2113" class="1005" name="mux_case_11263242_reg_2113">
<pin_list>
<pin id="2114" dir="0" index="0" bw="32" slack="0"/>
<pin id="2115" dir="1" index="1" bw="32" slack="0"/>
</pin_list>
<bind>
<opset="mux_case_11263242 "/>
</bind>
</comp>

<comp id="2120" class="1005" name="mux_case_21273255_reg_2120">
<pin_list>
<pin id="2121" dir="0" index="0" bw="32" slack="0"/>
<pin id="2122" dir="1" index="1" bw="32" slack="0"/>
</pin_list>
<bind>
<opset="mux_case_21273255 "/>
</bind>
</comp>

<comp id="2127" class="1005" name="mux_case_31283268_reg_2127">
<pin_list>
<pin id="2128" dir="0" index="0" bw="32" slack="0"/>
<pin id="2129" dir="1" index="1" bw="32" slack="0"/>
</pin_list>
<bind>
<opset="mux_case_31283268 "/>
</bind>
</comp>

<comp id="2134" class="1005" name="mux_case_01303281_reg_2134">
<pin_list>
<pin id="2135" dir="0" index="0" bw="32" slack="0"/>
<pin id="2136" dir="1" index="1" bw="32" slack="0"/>
</pin_list>
<bind>
<opset="mux_case_01303281 "/>
</bind>
</comp>

<comp id="2141" class="1005" name="mux_case_11313294_reg_2141">
<pin_list>
<pin id="2142" dir="0" index="0" bw="32" slack="0"/>
<pin id="2143" dir="1" index="1" bw="32" slack="0"/>
</pin_list>
<bind>
<opset="mux_case_11313294 "/>
</bind>
</comp>

<comp id="2148" class="1005" name="mux_case_21323307_reg_2148">
<pin_list>
<pin id="2149" dir="0" index="0" bw="32" slack="0"/>
<pin id="2150" dir="1" index="1" bw="32" slack="0"/>
</pin_list>
<bind>
<opset="mux_case_21323307 "/>
</bind>
</comp>

<comp id="2155" class="1005" name="mux_case_31333320_reg_2155">
<pin_list>
<pin id="2156" dir="0" index="0" bw="32" slack="0"/>
<pin id="2157" dir="1" index="1" bw="32" slack="0"/>
</pin_list>
<bind>
<opset="mux_case_31333320 "/>
</bind>
</comp>

<comp id="2162" class="1005" name="mux_case_01353333_reg_2162">
<pin_list>
<pin id="2163" dir="0" index="0" bw="32" slack="0"/>
<pin id="2164" dir="1" index="1" bw="32" slack="0"/>
</pin_list>
<bind>
<opset="mux_case_01353333 "/>
</bind>
</comp>

<comp id="2169" class="1005" name="mux_case_11363346_reg_2169">
<pin_list>
<pin id="2170" dir="0" index="0" bw="32" slack="0"/>
<pin id="2171" dir="1" index="1" bw="32" slack="0"/>
</pin_list>
<bind>
<opset="mux_case_11363346 "/>
</bind>
</comp>

<comp id="2176" class="1005" name="mux_case_21373359_reg_2176">
<pin_list>
<pin id="2177" dir="0" index="0" bw="32" slack="0"/>
<pin id="2178" dir="1" index="1" bw="32" slack="0"/>
</pin_list>
<bind>
<opset="mux_case_21373359 "/>
</bind>
</comp>

<comp id="2183" class="1005" name="mux_case_31383372_reg_2183">
<pin_list>
<pin id="2184" dir="0" index="0" bw="32" slack="0"/>
<pin id="2185" dir="1" index="1" bw="32" slack="0"/>
</pin_list>
<bind>
<opset="mux_case_31383372 "/>
</bind>
</comp>

<comp id="2190" class="1005" name="mux_case_01403385_reg_2190">
<pin_list>
<pin id="2191" dir="0" index="0" bw="32" slack="0"/>
<pin id="2192" dir="1" index="1" bw="32" slack="0"/>
</pin_list>
<bind>
<opset="mux_case_01403385 "/>
</bind>
</comp>

<comp id="2197" class="1005" name="mux_case_11413398_reg_2197">
<pin_list>
<pin id="2198" dir="0" index="0" bw="32" slack="0"/>
<pin id="2199" dir="1" index="1" bw="32" slack="0"/>
</pin_list>
<bind>
<opset="mux_case_11413398 "/>
</bind>
</comp>

<comp id="2204" class="1005" name="mux_case_21423411_reg_2204">
<pin_list>
<pin id="2205" dir="0" index="0" bw="32" slack="0"/>
<pin id="2206" dir="1" index="1" bw="32" slack="0"/>
</pin_list>
<bind>
<opset="mux_case_21423411 "/>
</bind>
</comp>

<comp id="2211" class="1005" name="mux_case_31433424_reg_2211">
<pin_list>
<pin id="2212" dir="0" index="0" bw="32" slack="0"/>
<pin id="2213" dir="1" index="1" bw="32" slack="0"/>
</pin_list>
<bind>
<opset="mux_case_31433424 "/>
</bind>
</comp>

<comp id="2218" class="1005" name="mux_case_01703435_reg_2218">
<pin_list>
<pin id="2219" dir="0" index="0" bw="32" slack="0"/>
<pin id="2220" dir="1" index="1" bw="32" slack="0"/>
</pin_list>
<bind>
<opset="mux_case_01703435 "/>
</bind>
</comp>

<comp id="2225" class="1005" name="mux_case_11713446_reg_2225">
<pin_list>
<pin id="2226" dir="0" index="0" bw="32" slack="0"/>
<pin id="2227" dir="1" index="1" bw="32" slack="0"/>
</pin_list>
<bind>
<opset="mux_case_11713446 "/>
</bind>
</comp>

<comp id="2232" class="1005" name="mux_case_21723457_reg_2232">
<pin_list>
<pin id="2233" dir="0" index="0" bw="32" slack="0"/>
<pin id="2234" dir="1" index="1" bw="32" slack="0"/>
</pin_list>
<bind>
<opset="mux_case_21723457 "/>
</bind>
</comp>

<comp id="2239" class="1005" name="mux_case_31733468_reg_2239">
<pin_list>
<pin id="2240" dir="0" index="0" bw="32" slack="0"/>
<pin id="2241" dir="1" index="1" bw="32" slack="0"/>
</pin_list>
<bind>
<opset="mux_case_31733468 "/>
</bind>
</comp>

<comp id="2246" class="1005" name="mux_case_01993479_reg_2246">
<pin_list>
<pin id="2247" dir="0" index="0" bw="32" slack="0"/>
<pin id="2248" dir="1" index="1" bw="32" slack="0"/>
</pin_list>
<bind>
<opset="mux_case_01993479 "/>
</bind>
</comp>

<comp id="2253" class="1005" name="mux_case_12003490_reg_2253">
<pin_list>
<pin id="2254" dir="0" index="0" bw="32" slack="0"/>
<pin id="2255" dir="1" index="1" bw="32" slack="0"/>
</pin_list>
<bind>
<opset="mux_case_12003490 "/>
</bind>
</comp>

<comp id="2260" class="1005" name="mux_case_22013501_reg_2260">
<pin_list>
<pin id="2261" dir="0" index="0" bw="32" slack="0"/>
<pin id="2262" dir="1" index="1" bw="32" slack="0"/>
</pin_list>
<bind>
<opset="mux_case_22013501 "/>
</bind>
</comp>

<comp id="2267" class="1005" name="mux_case_32023512_reg_2267">
<pin_list>
<pin id="2268" dir="0" index="0" bw="32" slack="0"/>
<pin id="2269" dir="1" index="1" bw="32" slack="0"/>
</pin_list>
<bind>
<opset="mux_case_32023512 "/>
</bind>
</comp>

<comp id="2274" class="1005" name="mux_case_04303519_reg_2274">
<pin_list>
<pin id="2275" dir="0" index="0" bw="32" slack="0"/>
<pin id="2276" dir="1" index="1" bw="32" slack="0"/>
</pin_list>
<bind>
<opset="mux_case_04303519 "/>
</bind>
</comp>

<comp id="2281" class="1005" name="mux_case_14313528_reg_2281">
<pin_list>
<pin id="2282" dir="0" index="0" bw="32" slack="0"/>
<pin id="2283" dir="1" index="1" bw="32" slack="0"/>
</pin_list>
<bind>
<opset="mux_case_14313528 "/>
</bind>
</comp>

<comp id="2288" class="1005" name="mux_case_24323536_reg_2288">
<pin_list>
<pin id="2289" dir="0" index="0" bw="32" slack="0"/>
<pin id="2290" dir="1" index="1" bw="32" slack="0"/>
</pin_list>
<bind>
<opset="mux_case_24323536 "/>
</bind>
</comp>

<comp id="2295" class="1005" name="mux_case_34333544_reg_2295">
<pin_list>
<pin id="2296" dir="0" index="0" bw="32" slack="0"/>
<pin id="2297" dir="1" index="1" bw="32" slack="0"/>
</pin_list>
<bind>
<opset="mux_case_34333544 "/>
</bind>
</comp>

<comp id="2302" class="1005" name="mux_case_04353552_reg_2302">
<pin_list>
<pin id="2303" dir="0" index="0" bw="32" slack="0"/>
<pin id="2304" dir="1" index="1" bw="32" slack="0"/>
</pin_list>
<bind>
<opset="mux_case_04353552 "/>
</bind>
</comp>

<comp id="2309" class="1005" name="mux_case_14363560_reg_2309">
<pin_list>
<pin id="2310" dir="0" index="0" bw="32" slack="0"/>
<pin id="2311" dir="1" index="1" bw="32" slack="0"/>
</pin_list>
<bind>
<opset="mux_case_14363560 "/>
</bind>
</comp>

<comp id="2316" class="1005" name="mux_case_24373569_reg_2316">
<pin_list>
<pin id="2317" dir="0" index="0" bw="32" slack="0"/>
<pin id="2318" dir="1" index="1" bw="32" slack="0"/>
</pin_list>
<bind>
<opset="mux_case_24373569 "/>
</bind>
</comp>

<comp id="2323" class="1005" name="mux_case_34383577_reg_2323">
<pin_list>
<pin id="2324" dir="0" index="0" bw="32" slack="0"/>
<pin id="2325" dir="1" index="1" bw="32" slack="0"/>
</pin_list>
<bind>
<opset="mux_case_34383577 "/>
</bind>
</comp>

<comp id="2330" class="1005" name="mux_case_04403585_reg_2330">
<pin_list>
<pin id="2331" dir="0" index="0" bw="32" slack="0"/>
<pin id="2332" dir="1" index="1" bw="32" slack="0"/>
</pin_list>
<bind>
<opset="mux_case_04403585 "/>
</bind>
</comp>

<comp id="2337" class="1005" name="mux_case_14413593_reg_2337">
<pin_list>
<pin id="2338" dir="0" index="0" bw="32" slack="0"/>
<pin id="2339" dir="1" index="1" bw="32" slack="0"/>
</pin_list>
<bind>
<opset="mux_case_14413593 "/>
</bind>
</comp>

<comp id="2344" class="1005" name="mux_case_24423601_reg_2344">
<pin_list>
<pin id="2345" dir="0" index="0" bw="32" slack="0"/>
<pin id="2346" dir="1" index="1" bw="32" slack="0"/>
</pin_list>
<bind>
<opset="mux_case_24423601 "/>
</bind>
</comp>

<comp id="2351" class="1005" name="mux_case_34433610_reg_2351">
<pin_list>
<pin id="2352" dir="0" index="0" bw="32" slack="0"/>
<pin id="2353" dir="1" index="1" bw="32" slack="0"/>
</pin_list>
<bind>
<opset="mux_case_34433610 "/>
</bind>
</comp>

<comp id="2358" class="1005" name="mux_case_04453618_reg_2358">
<pin_list>
<pin id="2359" dir="0" index="0" bw="32" slack="0"/>
<pin id="2360" dir="1" index="1" bw="32" slack="0"/>
</pin_list>
<bind>
<opset="mux_case_04453618 "/>
</bind>
</comp>

<comp id="2365" class="1005" name="mux_case_14463626_reg_2365">
<pin_list>
<pin id="2366" dir="0" index="0" bw="32" slack="0"/>
<pin id="2367" dir="1" index="1" bw="32" slack="0"/>
</pin_list>
<bind>
<opset="mux_case_14463626 "/>
</bind>
</comp>

<comp id="2372" class="1005" name="mux_case_24473634_reg_2372">
<pin_list>
<pin id="2373" dir="0" index="0" bw="32" slack="0"/>
<pin id="2374" dir="1" index="1" bw="32" slack="0"/>
</pin_list>
<bind>
<opset="mux_case_24473634 "/>
</bind>
</comp>

<comp id="2379" class="1005" name="mux_case_34483642_reg_2379">
<pin_list>
<pin id="2380" dir="0" index="0" bw="32" slack="0"/>
<pin id="2381" dir="1" index="1" bw="32" slack="0"/>
</pin_list>
<bind>
<opset="mux_case_34483642 "/>
</bind>
</comp>

<comp id="2386" class="1005" name="mux_case_04503651_reg_2386">
<pin_list>
<pin id="2387" dir="0" index="0" bw="32" slack="0"/>
<pin id="2388" dir="1" index="1" bw="32" slack="0"/>
</pin_list>
<bind>
<opset="mux_case_04503651 "/>
</bind>
</comp>

<comp id="2393" class="1005" name="mux_case_14513660_reg_2393">
<pin_list>
<pin id="2394" dir="0" index="0" bw="32" slack="0"/>
<pin id="2395" dir="1" index="1" bw="32" slack="0"/>
</pin_list>
<bind>
<opset="mux_case_14513660 "/>
</bind>
</comp>

<comp id="2400" class="1005" name="mux_case_24523668_reg_2400">
<pin_list>
<pin id="2401" dir="0" index="0" bw="32" slack="0"/>
<pin id="2402" dir="1" index="1" bw="32" slack="0"/>
</pin_list>
<bind>
<opset="mux_case_24523668 "/>
</bind>
</comp>

<comp id="2407" class="1005" name="mux_case_34533676_reg_2407">
<pin_list>
<pin id="2408" dir="0" index="0" bw="32" slack="0"/>
<pin id="2409" dir="1" index="1" bw="32" slack="0"/>
</pin_list>
<bind>
<opset="mux_case_34533676 "/>
</bind>
</comp>

<comp id="2414" class="1005" name="mux_case_04553684_reg_2414">
<pin_list>
<pin id="2415" dir="0" index="0" bw="32" slack="0"/>
<pin id="2416" dir="1" index="1" bw="32" slack="0"/>
</pin_list>
<bind>
<opset="mux_case_04553684 "/>
</bind>
</comp>

<comp id="2421" class="1005" name="mux_case_14563692_reg_2421">
<pin_list>
<pin id="2422" dir="0" index="0" bw="32" slack="0"/>
<pin id="2423" dir="1" index="1" bw="32" slack="0"/>
</pin_list>
<bind>
<opset="mux_case_14563692 "/>
</bind>
</comp>

<comp id="2428" class="1005" name="mux_case_24573701_reg_2428">
<pin_list>
<pin id="2429" dir="0" index="0" bw="32" slack="0"/>
<pin id="2430" dir="1" index="1" bw="32" slack="0"/>
</pin_list>
<bind>
<opset="mux_case_24573701 "/>
</bind>
</comp>

<comp id="2435" class="1005" name="mux_case_34583709_reg_2435">
<pin_list>
<pin id="2436" dir="0" index="0" bw="32" slack="0"/>
<pin id="2437" dir="1" index="1" bw="32" slack="0"/>
</pin_list>
<bind>
<opset="mux_case_34583709 "/>
</bind>
</comp>

<comp id="2442" class="1005" name="mux_case_04603717_reg_2442">
<pin_list>
<pin id="2443" dir="0" index="0" bw="32" slack="0"/>
<pin id="2444" dir="1" index="1" bw="32" slack="0"/>
</pin_list>
<bind>
<opset="mux_case_04603717 "/>
</bind>
</comp>

<comp id="2449" class="1005" name="mux_case_14613726_reg_2449">
<pin_list>
<pin id="2450" dir="0" index="0" bw="32" slack="0"/>
<pin id="2451" dir="1" index="1" bw="32" slack="0"/>
</pin_list>
<bind>
<opset="mux_case_14613726 "/>
</bind>
</comp>

<comp id="2456" class="1005" name="mux_case_24623734_reg_2456">
<pin_list>
<pin id="2457" dir="0" index="0" bw="32" slack="0"/>
<pin id="2458" dir="1" index="1" bw="32" slack="0"/>
</pin_list>
<bind>
<opset="mux_case_24623734 "/>
</bind>
</comp>

<comp id="2463" class="1005" name="mux_case_34633742_reg_2463">
<pin_list>
<pin id="2464" dir="0" index="0" bw="32" slack="0"/>
<pin id="2465" dir="1" index="1" bw="32" slack="0"/>
</pin_list>
<bind>
<opset="mux_case_34633742 "/>
</bind>
</comp>

<comp id="2470" class="1005" name="mux_case_04653750_reg_2470">
<pin_list>
<pin id="2471" dir="0" index="0" bw="32" slack="0"/>
<pin id="2472" dir="1" index="1" bw="32" slack="0"/>
</pin_list>
<bind>
<opset="mux_case_04653750 "/>
</bind>
</comp>

<comp id="2477" class="1005" name="mux_case_14663758_reg_2477">
<pin_list>
<pin id="2478" dir="0" index="0" bw="32" slack="0"/>
<pin id="2479" dir="1" index="1" bw="32" slack="0"/>
</pin_list>
<bind>
<opset="mux_case_14663758 "/>
</bind>
</comp>

<comp id="2484" class="1005" name="mux_case_24673767_reg_2484">
<pin_list>
<pin id="2485" dir="0" index="0" bw="32" slack="0"/>
<pin id="2486" dir="1" index="1" bw="32" slack="0"/>
</pin_list>
<bind>
<opset="mux_case_24673767 "/>
</bind>
</comp>

<comp id="2491" class="1005" name="mux_case_34683775_reg_2491">
<pin_list>
<pin id="2492" dir="0" index="0" bw="32" slack="0"/>
<pin id="2493" dir="1" index="1" bw="32" slack="0"/>
</pin_list>
<bind>
<opset="mux_case_34683775 "/>
</bind>
</comp>

<comp id="2498" class="1005" name="mux_case_04703783_reg_2498">
<pin_list>
<pin id="2499" dir="0" index="0" bw="32" slack="0"/>
<pin id="2500" dir="1" index="1" bw="32" slack="0"/>
</pin_list>
<bind>
<opset="mux_case_04703783 "/>
</bind>
</comp>

<comp id="2505" class="1005" name="mux_case_14713791_reg_2505">
<pin_list>
<pin id="2506" dir="0" index="0" bw="32" slack="0"/>
<pin id="2507" dir="1" index="1" bw="32" slack="0"/>
</pin_list>
<bind>
<opset="mux_case_14713791 "/>
</bind>
</comp>

<comp id="2512" class="1005" name="mux_case_24723799_reg_2512">
<pin_list>
<pin id="2513" dir="0" index="0" bw="32" slack="0"/>
<pin id="2514" dir="1" index="1" bw="32" slack="0"/>
</pin_list>
<bind>
<opset="mux_case_24723799 "/>
</bind>
</comp>

<comp id="2519" class="1005" name="mux_case_34733808_reg_2519">
<pin_list>
<pin id="2520" dir="0" index="0" bw="32" slack="0"/>
<pin id="2521" dir="1" index="1" bw="32" slack="0"/>
</pin_list>
<bind>
<opset="mux_case_34733808 "/>
</bind>
</comp>

<comp id="2526" class="1005" name="mux_case_04753816_reg_2526">
<pin_list>
<pin id="2527" dir="0" index="0" bw="32" slack="0"/>
<pin id="2528" dir="1" index="1" bw="32" slack="0"/>
</pin_list>
<bind>
<opset="mux_case_04753816 "/>
</bind>
</comp>

<comp id="2533" class="1005" name="mux_case_14763824_reg_2533">
<pin_list>
<pin id="2534" dir="0" index="0" bw="32" slack="0"/>
<pin id="2535" dir="1" index="1" bw="32" slack="0"/>
</pin_list>
<bind>
<opset="mux_case_14763824 "/>
</bind>
</comp>

<comp id="2540" class="1005" name="mux_case_24773832_reg_2540">
<pin_list>
<pin id="2541" dir="0" index="0" bw="32" slack="0"/>
<pin id="2542" dir="1" index="1" bw="32" slack="0"/>
</pin_list>
<bind>
<opset="mux_case_24773832 "/>
</bind>
</comp>

<comp id="2547" class="1005" name="mux_case_34783840_reg_2547">
<pin_list>
<pin id="2548" dir="0" index="0" bw="32" slack="0"/>
<pin id="2549" dir="1" index="1" bw="32" slack="0"/>
</pin_list>
<bind>
<opset="mux_case_34783840 "/>
</bind>
</comp>

<comp id="2554" class="1005" name="mux_case_04803849_reg_2554">
<pin_list>
<pin id="2555" dir="0" index="0" bw="32" slack="0"/>
<pin id="2556" dir="1" index="1" bw="32" slack="0"/>
</pin_list>
<bind>
<opset="mux_case_04803849 "/>
</bind>
</comp>

<comp id="2561" class="1005" name="mux_case_14813858_reg_2561">
<pin_list>
<pin id="2562" dir="0" index="0" bw="32" slack="0"/>
<pin id="2563" dir="1" index="1" bw="32" slack="0"/>
</pin_list>
<bind>
<opset="mux_case_14813858 "/>
</bind>
</comp>

<comp id="2568" class="1005" name="mux_case_24823866_reg_2568">
<pin_list>
<pin id="2569" dir="0" index="0" bw="32" slack="0"/>
<pin id="2570" dir="1" index="1" bw="32" slack="0"/>
</pin_list>
<bind>
<opset="mux_case_24823866 "/>
</bind>
</comp>

<comp id="2575" class="1005" name="mux_case_34833874_reg_2575">
<pin_list>
<pin id="2576" dir="0" index="0" bw="32" slack="0"/>
<pin id="2577" dir="1" index="1" bw="32" slack="0"/>
</pin_list>
<bind>
<opset="mux_case_34833874 "/>
</bind>
</comp>

<comp id="2582" class="1005" name="mux_case_04853882_reg_2582">
<pin_list>
<pin id="2583" dir="0" index="0" bw="32" slack="0"/>
<pin id="2584" dir="1" index="1" bw="32" slack="0"/>
</pin_list>
<bind>
<opset="mux_case_04853882 "/>
</bind>
</comp>

<comp id="2589" class="1005" name="mux_case_14863890_reg_2589">
<pin_list>
<pin id="2590" dir="0" index="0" bw="32" slack="0"/>
<pin id="2591" dir="1" index="1" bw="32" slack="0"/>
</pin_list>
<bind>
<opset="mux_case_14863890 "/>
</bind>
</comp>

<comp id="2596" class="1005" name="mux_case_24873899_reg_2596">
<pin_list>
<pin id="2597" dir="0" index="0" bw="32" slack="0"/>
<pin id="2598" dir="1" index="1" bw="32" slack="0"/>
</pin_list>
<bind>
<opset="mux_case_24873899 "/>
</bind>
</comp>

<comp id="2603" class="1005" name="mux_case_34883907_reg_2603">
<pin_list>
<pin id="2604" dir="0" index="0" bw="32" slack="0"/>
<pin id="2605" dir="1" index="1" bw="32" slack="0"/>
</pin_list>
<bind>
<opset="mux_case_34883907 "/>
</bind>
</comp>

<comp id="2610" class="1005" name="mux_case_05153915_reg_2610">
<pin_list>
<pin id="2611" dir="0" index="0" bw="32" slack="0"/>
<pin id="2612" dir="1" index="1" bw="32" slack="0"/>
</pin_list>
<bind>
<opset="mux_case_05153915 "/>
</bind>
</comp>

<comp id="2617" class="1005" name="mux_case_15163923_reg_2617">
<pin_list>
<pin id="2618" dir="0" index="0" bw="32" slack="0"/>
<pin id="2619" dir="1" index="1" bw="32" slack="0"/>
</pin_list>
<bind>
<opset="mux_case_15163923 "/>
</bind>
</comp>

<comp id="2624" class="1005" name="mux_case_25173931_reg_2624">
<pin_list>
<pin id="2625" dir="0" index="0" bw="32" slack="0"/>
<pin id="2626" dir="1" index="1" bw="32" slack="0"/>
</pin_list>
<bind>
<opset="mux_case_25173931 "/>
</bind>
</comp>

<comp id="2631" class="1005" name="mux_case_35183940_reg_2631">
<pin_list>
<pin id="2632" dir="0" index="0" bw="32" slack="0"/>
<pin id="2633" dir="1" index="1" bw="32" slack="0"/>
</pin_list>
<bind>
<opset="mux_case_35183940 "/>
</bind>
</comp>

<comp id="2638" class="1005" name="mux_case_05453948_reg_2638">
<pin_list>
<pin id="2639" dir="0" index="0" bw="32" slack="0"/>
<pin id="2640" dir="1" index="1" bw="32" slack="0"/>
</pin_list>
<bind>
<opset="mux_case_05453948 "/>
</bind>
</comp>

<comp id="2645" class="1005" name="mux_case_15463956_reg_2645">
<pin_list>
<pin id="2646" dir="0" index="0" bw="32" slack="0"/>
<pin id="2647" dir="1" index="1" bw="32" slack="0"/>
</pin_list>
<bind>
<opset="mux_case_15463956 "/>
</bind>
</comp>

<comp id="2652" class="1005" name="mux_case_25473964_reg_2652">
<pin_list>
<pin id="2653" dir="0" index="0" bw="32" slack="0"/>
<pin id="2654" dir="1" index="1" bw="32" slack="0"/>
</pin_list>
<bind>
<opset="mux_case_25473964 "/>
</bind>
</comp>

<comp id="2659" class="1005" name="mux_case_35483973_reg_2659">
<pin_list>
<pin id="2660" dir="0" index="0" bw="32" slack="0"/>
<pin id="2661" dir="1" index="1" bw="32" slack="0"/>
</pin_list>
<bind>
<opset="mux_case_35483973 "/>
</bind>
</comp>

<comp id="2666" class="1005" name="R_DRAM_read_reg_2666">
<pin_list>
<pin id="2667" dir="0" index="0" bw="64" slack="4"/>
<pin id="2668" dir="1" index="1" bw="64" slack="4"/>
</pin_list>
<bind>
<opset="R_DRAM_read "/>
</bind>
</comp>

<comp id="2672" class="1005" name="Q_DRAM_read_reg_2672">
<pin_list>
<pin id="2673" dir="0" index="0" bw="64" slack="4"/>
<pin id="2674" dir="1" index="1" bw="64" slack="4"/>
</pin_list>
<bind>
<opset="Q_DRAM_read "/>
</bind>
</comp>

<comp id="2678" class="1005" name="A_DRAM_read_reg_2678">
<pin_list>
<pin id="2679" dir="0" index="0" bw="64" slack="1"/>
<pin id="2680" dir="1" index="1" bw="64" slack="1"/>
</pin_list>
<bind>
<opset="A_DRAM_read "/>
</bind>
</comp>

<comp id="2683" class="1005" name="trunc_ln85_reg_2683">
<pin_list>
<pin id="2684" dir="0" index="0" bw="3" slack="1"/>
<pin id="2685" dir="1" index="1" bw="3" slack="1"/>
</pin_list>
<bind>
<opset="trunc_ln85 "/>
</bind>
</comp>

<comp id="2688" class="1005" name="xor_ln85_reg_2688">
<pin_list>
<pin id="2689" dir="0" index="0" bw="3" slack="1"/>
<pin id="2690" dir="1" index="1" bw="3" slack="1"/>
</pin_list>
<bind>
<opset="xor_ln85 "/>
</bind>
</comp>

<comp id="2693" class="1005" name="k_1_reg_2693">
<pin_list>
<pin id="2694" dir="0" index="0" bw="3" slack="1"/>
<pin id="2695" dir="1" index="1" bw="3" slack="1"/>
</pin_list>
<bind>
<opset="k_1 "/>
</bind>
</comp>

<comp id="2699" class="1005" name="trunc_ln117_reg_2699">
<pin_list>
<pin id="2700" dir="0" index="0" bw="2" slack="1"/>
<pin id="2701" dir="1" index="1" bw="2" slack="1"/>
</pin_list>
<bind>
<opset="trunc_ln117 "/>
</bind>
</comp>

<comp id="2708" class="1005" name="empty_reg_2708">
<pin_list>
<pin id="2709" dir="0" index="0" bw="3" slack="1"/>
<pin id="2710" dir="1" index="1" bw="3" slack="1"/>
</pin_list>
<bind>
<opset="empty "/>
</bind>
</comp>

<comp id="2714" class="1005" name="mux_case_01073029_load_reg_2714">
<pin_list>
<pin id="2715" dir="0" index="0" bw="32" slack="2"/>
<pin id="2716" dir="1" index="1" bw="32" slack="2"/>
</pin_list>
<bind>
<opset="mux_case_01073029_load "/>
</bind>
</comp>

<comp id="2719" class="1005" name="mux_case_11083042_load_reg_2719">
<pin_list>
<pin id="2720" dir="0" index="0" bw="32" slack="2"/>
<pin id="2721" dir="1" index="1" bw="32" slack="2"/>
</pin_list>
<bind>
<opset="mux_case_11083042_load "/>
</bind>
</comp>

<comp id="2724" class="1005" name="mux_case_21093055_load_reg_2724">
<pin_list>
<pin id="2725" dir="0" index="0" bw="32" slack="2"/>
<pin id="2726" dir="1" index="1" bw="32" slack="2"/>
</pin_list>
<bind>
<opset="mux_case_21093055_load "/>
</bind>
</comp>

<comp id="2729" class="1005" name="mux_case_31103068_load_reg_2729">
<pin_list>
<pin id="2730" dir="0" index="0" bw="32" slack="2"/>
<pin id="2731" dir="1" index="1" bw="32" slack="2"/>
</pin_list>
<bind>
<opset="mux_case_31103068_load "/>
</bind>
</comp>

<comp id="2734" class="1005" name="mux_case_01113081_load_reg_2734">
<pin_list>
<pin id="2735" dir="0" index="0" bw="32" slack="2"/>
<pin id="2736" dir="1" index="1" bw="32" slack="2"/>
</pin_list>
<bind>
<opset="mux_case_01113081_load "/>
</bind>
</comp>

<comp id="2739" class="1005" name="mux_case_11123094_load_reg_2739">
<pin_list>
<pin id="2740" dir="0" index="0" bw="32" slack="2"/>
<pin id="2741" dir="1" index="1" bw="32" slack="2"/>
</pin_list>
<bind>
<opset="mux_case_11123094_load "/>
</bind>
</comp>

<comp id="2744" class="1005" name="mux_case_21133107_load_reg_2744">
<pin_list>
<pin id="2745" dir="0" index="0" bw="32" slack="2"/>
<pin id="2746" dir="1" index="1" bw="32" slack="2"/>
</pin_list>
<bind>
<opset="mux_case_21133107_load "/>
</bind>
</comp>

<comp id="2749" class="1005" name="mux_case_31143120_load_reg_2749">
<pin_list>
<pin id="2750" dir="0" index="0" bw="32" slack="2"/>
<pin id="2751" dir="1" index="1" bw="32" slack="2"/>
</pin_list>
<bind>
<opset="mux_case_31143120_load "/>
</bind>
</comp>

<comp id="2754" class="1005" name="mux_case_11163142_load_reg_2754">
<pin_list>
<pin id="2755" dir="0" index="0" bw="32" slack="2"/>
<pin id="2756" dir="1" index="1" bw="32" slack="2"/>
</pin_list>
<bind>
<opset="mux_case_11163142_load "/>
</bind>
</comp>

<comp id="2759" class="1005" name="mux_case_21173153_load_reg_2759">
<pin_list>
<pin id="2760" dir="0" index="0" bw="32" slack="2"/>
<pin id="2761" dir="1" index="1" bw="32" slack="2"/>
</pin_list>
<bind>
<opset="mux_case_21173153_load "/>
</bind>
</comp>

<comp id="2764" class="1005" name="mux_case_31183164_load_reg_2764">
<pin_list>
<pin id="2765" dir="0" index="0" bw="32" slack="2"/>
<pin id="2766" dir="1" index="1" bw="32" slack="2"/>
</pin_list>
<bind>
<opset="mux_case_31183164_load "/>
</bind>
</comp>

<comp id="2769" class="1005" name="mux_case_01203177_load_reg_2769">
<pin_list>
<pin id="2770" dir="0" index="0" bw="32" slack="2"/>
<pin id="2771" dir="1" index="1" bw="32" slack="2"/>
</pin_list>
<bind>
<opset="mux_case_01203177_load "/>
</bind>
</comp>

<comp id="2774" class="1005" name="mux_case_11213190_load_reg_2774">
<pin_list>
<pin id="2775" dir="0" index="0" bw="32" slack="2"/>
<pin id="2776" dir="1" index="1" bw="32" slack="2"/>
</pin_list>
<bind>
<opset="mux_case_11213190_load "/>
</bind>
</comp>

<comp id="2779" class="1005" name="mux_case_21223203_load_reg_2779">
<pin_list>
<pin id="2780" dir="0" index="0" bw="32" slack="2"/>
<pin id="2781" dir="1" index="1" bw="32" slack="2"/>
</pin_list>
<bind>
<opset="mux_case_21223203_load "/>
</bind>
</comp>

<comp id="2784" class="1005" name="mux_case_31233216_load_reg_2784">
<pin_list>
<pin id="2785" dir="0" index="0" bw="32" slack="2"/>
<pin id="2786" dir="1" index="1" bw="32" slack="2"/>
</pin_list>
<bind>
<opset="mux_case_31233216_load "/>
</bind>
</comp>

<comp id="2789" class="1005" name="mux_case_01253229_load_reg_2789">
<pin_list>
<pin id="2790" dir="0" index="0" bw="32" slack="2"/>
<pin id="2791" dir="1" index="1" bw="32" slack="2"/>
</pin_list>
<bind>
<opset="mux_case_01253229_load "/>
</bind>
</comp>

<comp id="2794" class="1005" name="mux_case_11263242_load_reg_2794">
<pin_list>
<pin id="2795" dir="0" index="0" bw="32" slack="2"/>
<pin id="2796" dir="1" index="1" bw="32" slack="2"/>
</pin_list>
<bind>
<opset="mux_case_11263242_load "/>
</bind>
</comp>

<comp id="2799" class="1005" name="mux_case_21273255_load_reg_2799">
<pin_list>
<pin id="2800" dir="0" index="0" bw="32" slack="2"/>
<pin id="2801" dir="1" index="1" bw="32" slack="2"/>
</pin_list>
<bind>
<opset="mux_case_21273255_load "/>
</bind>
</comp>

<comp id="2804" class="1005" name="mux_case_31283268_load_reg_2804">
<pin_list>
<pin id="2805" dir="0" index="0" bw="32" slack="2"/>
<pin id="2806" dir="1" index="1" bw="32" slack="2"/>
</pin_list>
<bind>
<opset="mux_case_31283268_load "/>
</bind>
</comp>

<comp id="2809" class="1005" name="mux_case_01303281_load_reg_2809">
<pin_list>
<pin id="2810" dir="0" index="0" bw="32" slack="2"/>
<pin id="2811" dir="1" index="1" bw="32" slack="2"/>
</pin_list>
<bind>
<opset="mux_case_01303281_load "/>
</bind>
</comp>

<comp id="2814" class="1005" name="mux_case_11313294_load_reg_2814">
<pin_list>
<pin id="2815" dir="0" index="0" bw="32" slack="2"/>
<pin id="2816" dir="1" index="1" bw="32" slack="2"/>
</pin_list>
<bind>
<opset="mux_case_11313294_load "/>
</bind>
</comp>

<comp id="2819" class="1005" name="mux_case_21323307_load_reg_2819">
<pin_list>
<pin id="2820" dir="0" index="0" bw="32" slack="2"/>
<pin id="2821" dir="1" index="1" bw="32" slack="2"/>
</pin_list>
<bind>
<opset="mux_case_21323307_load "/>
</bind>
</comp>

<comp id="2824" class="1005" name="mux_case_31333320_load_reg_2824">
<pin_list>
<pin id="2825" dir="0" index="0" bw="32" slack="2"/>
<pin id="2826" dir="1" index="1" bw="32" slack="2"/>
</pin_list>
<bind>
<opset="mux_case_31333320_load "/>
</bind>
</comp>

<comp id="2829" class="1005" name="mux_case_01353333_load_reg_2829">
<pin_list>
<pin id="2830" dir="0" index="0" bw="32" slack="2"/>
<pin id="2831" dir="1" index="1" bw="32" slack="2"/>
</pin_list>
<bind>
<opset="mux_case_01353333_load "/>
</bind>
</comp>

<comp id="2834" class="1005" name="mux_case_11363346_load_reg_2834">
<pin_list>
<pin id="2835" dir="0" index="0" bw="32" slack="2"/>
<pin id="2836" dir="1" index="1" bw="32" slack="2"/>
</pin_list>
<bind>
<opset="mux_case_11363346_load "/>
</bind>
</comp>

<comp id="2839" class="1005" name="mux_case_21373359_load_reg_2839">
<pin_list>
<pin id="2840" dir="0" index="0" bw="32" slack="2"/>
<pin id="2841" dir="1" index="1" bw="32" slack="2"/>
</pin_list>
<bind>
<opset="mux_case_21373359_load "/>
</bind>
</comp>

<comp id="2844" class="1005" name="mux_case_31383372_load_reg_2844">
<pin_list>
<pin id="2845" dir="0" index="0" bw="32" slack="2"/>
<pin id="2846" dir="1" index="1" bw="32" slack="2"/>
</pin_list>
<bind>
<opset="mux_case_31383372_load "/>
</bind>
</comp>

<comp id="2849" class="1005" name="mux_case_01403385_load_reg_2849">
<pin_list>
<pin id="2850" dir="0" index="0" bw="32" slack="2"/>
<pin id="2851" dir="1" index="1" bw="32" slack="2"/>
</pin_list>
<bind>
<opset="mux_case_01403385_load "/>
</bind>
</comp>

<comp id="2854" class="1005" name="mux_case_11413398_load_reg_2854">
<pin_list>
<pin id="2855" dir="0" index="0" bw="32" slack="2"/>
<pin id="2856" dir="1" index="1" bw="32" slack="2"/>
</pin_list>
<bind>
<opset="mux_case_11413398_load "/>
</bind>
</comp>

<comp id="2859" class="1005" name="mux_case_21423411_load_reg_2859">
<pin_list>
<pin id="2860" dir="0" index="0" bw="32" slack="2"/>
<pin id="2861" dir="1" index="1" bw="32" slack="2"/>
</pin_list>
<bind>
<opset="mux_case_21423411_load "/>
</bind>
</comp>

<comp id="2864" class="1005" name="mux_case_31433424_load_reg_2864">
<pin_list>
<pin id="2865" dir="0" index="0" bw="32" slack="2"/>
<pin id="2866" dir="1" index="1" bw="32" slack="2"/>
</pin_list>
<bind>
<opset="mux_case_31433424_load "/>
</bind>
</comp>

<comp id="2869" class="1005" name="mux_case_01703435_load_reg_2869">
<pin_list>
<pin id="2870" dir="0" index="0" bw="32" slack="2"/>
<pin id="2871" dir="1" index="1" bw="32" slack="2"/>
</pin_list>
<bind>
<opset="mux_case_01703435_load "/>
</bind>
</comp>

<comp id="2874" class="1005" name="mux_case_11713446_load_reg_2874">
<pin_list>
<pin id="2875" dir="0" index="0" bw="32" slack="2"/>
<pin id="2876" dir="1" index="1" bw="32" slack="2"/>
</pin_list>
<bind>
<opset="mux_case_11713446_load "/>
</bind>
</comp>

<comp id="2879" class="1005" name="mux_case_21723457_load_reg_2879">
<pin_list>
<pin id="2880" dir="0" index="0" bw="32" slack="2"/>
<pin id="2881" dir="1" index="1" bw="32" slack="2"/>
</pin_list>
<bind>
<opset="mux_case_21723457_load "/>
</bind>
</comp>

<comp id="2884" class="1005" name="mux_case_31733468_load_reg_2884">
<pin_list>
<pin id="2885" dir="0" index="0" bw="32" slack="2"/>
<pin id="2886" dir="1" index="1" bw="32" slack="2"/>
</pin_list>
<bind>
<opset="mux_case_31733468_load "/>
</bind>
</comp>

<comp id="2889" class="1005" name="mux_case_01993479_load_reg_2889">
<pin_list>
<pin id="2890" dir="0" index="0" bw="32" slack="2"/>
<pin id="2891" dir="1" index="1" bw="32" slack="2"/>
</pin_list>
<bind>
<opset="mux_case_01993479_load "/>
</bind>
</comp>

<comp id="2894" class="1005" name="mux_case_12003490_load_reg_2894">
<pin_list>
<pin id="2895" dir="0" index="0" bw="32" slack="2"/>
<pin id="2896" dir="1" index="1" bw="32" slack="2"/>
</pin_list>
<bind>
<opset="mux_case_12003490_load "/>
</bind>
</comp>

<comp id="2899" class="1005" name="mux_case_22013501_load_reg_2899">
<pin_list>
<pin id="2900" dir="0" index="0" bw="32" slack="2"/>
<pin id="2901" dir="1" index="1" bw="32" slack="2"/>
</pin_list>
<bind>
<opset="mux_case_22013501_load "/>
</bind>
</comp>

<comp id="2904" class="1005" name="mux_case_32023512_load_reg_2904">
<pin_list>
<pin id="2905" dir="0" index="0" bw="32" slack="2"/>
<pin id="2906" dir="1" index="1" bw="32" slack="2"/>
</pin_list>
<bind>
<opset="mux_case_32023512_load "/>
</bind>
</comp>

<comp id="2909" class="1005" name="mux_case_02827_load_reg_2909">
<pin_list>
<pin id="2910" dir="0" index="0" bw="32" slack="1"/>
<pin id="2911" dir="1" index="1" bw="32" slack="1"/>
</pin_list>
<bind>
<opset="mux_case_02827_load "/>
</bind>
</comp>

<comp id="2914" class="1005" name="mux_case_04303519_load_reg_2914">
<pin_list>
<pin id="2915" dir="0" index="0" bw="32" slack="1"/>
<pin id="2916" dir="1" index="1" bw="32" slack="1"/>
</pin_list>
<bind>
<opset="mux_case_04303519_load "/>
</bind>
</comp>

<comp id="2919" class="1005" name="mux_case_14313528_load_reg_2919">
<pin_list>
<pin id="2920" dir="0" index="0" bw="32" slack="1"/>
<pin id="2921" dir="1" index="1" bw="32" slack="1"/>
</pin_list>
<bind>
<opset="mux_case_14313528_load "/>
</bind>
</comp>

<comp id="2924" class="1005" name="mux_case_24323536_load_reg_2924">
<pin_list>
<pin id="2925" dir="0" index="0" bw="32" slack="1"/>
<pin id="2926" dir="1" index="1" bw="32" slack="1"/>
</pin_list>
<bind>
<opset="mux_case_24323536_load "/>
</bind>
</comp>

<comp id="2929" class="1005" name="mux_case_34333544_load_reg_2929">
<pin_list>
<pin id="2930" dir="0" index="0" bw="32" slack="1"/>
<pin id="2931" dir="1" index="1" bw="32" slack="1"/>
</pin_list>
<bind>
<opset="mux_case_34333544_load "/>
</bind>
</comp>

<comp id="2934" class="1005" name="mux_case_04353552_load_reg_2934">
<pin_list>
<pin id="2935" dir="0" index="0" bw="32" slack="1"/>
<pin id="2936" dir="1" index="1" bw="32" slack="1"/>
</pin_list>
<bind>
<opset="mux_case_04353552_load "/>
</bind>
</comp>

<comp id="2939" class="1005" name="mux_case_14363560_load_reg_2939">
<pin_list>
<pin id="2940" dir="0" index="0" bw="32" slack="1"/>
<pin id="2941" dir="1" index="1" bw="32" slack="1"/>
</pin_list>
<bind>
<opset="mux_case_14363560_load "/>
</bind>
</comp>

<comp id="2944" class="1005" name="mux_case_24373569_load_reg_2944">
<pin_list>
<pin id="2945" dir="0" index="0" bw="32" slack="1"/>
<pin id="2946" dir="1" index="1" bw="32" slack="1"/>
</pin_list>
<bind>
<opset="mux_case_24373569_load "/>
</bind>
</comp>

<comp id="2949" class="1005" name="mux_case_34383577_load_reg_2949">
<pin_list>
<pin id="2950" dir="0" index="0" bw="32" slack="1"/>
<pin id="2951" dir="1" index="1" bw="32" slack="1"/>
</pin_list>
<bind>
<opset="mux_case_34383577_load "/>
</bind>
</comp>

<comp id="2954" class="1005" name="mux_case_04403585_load_reg_2954">
<pin_list>
<pin id="2955" dir="0" index="0" bw="32" slack="1"/>
<pin id="2956" dir="1" index="1" bw="32" slack="1"/>
</pin_list>
<bind>
<opset="mux_case_04403585_load "/>
</bind>
</comp>

<comp id="2959" class="1005" name="mux_case_14413593_load_reg_2959">
<pin_list>
<pin id="2960" dir="0" index="0" bw="32" slack="1"/>
<pin id="2961" dir="1" index="1" bw="32" slack="1"/>
</pin_list>
<bind>
<opset="mux_case_14413593_load "/>
</bind>
</comp>

<comp id="2964" class="1005" name="mux_case_24423601_load_reg_2964">
<pin_list>
<pin id="2965" dir="0" index="0" bw="32" slack="1"/>
<pin id="2966" dir="1" index="1" bw="32" slack="1"/>
</pin_list>
<bind>
<opset="mux_case_24423601_load "/>
</bind>
</comp>

<comp id="2969" class="1005" name="mux_case_34433610_load_reg_2969">
<pin_list>
<pin id="2970" dir="0" index="0" bw="32" slack="1"/>
<pin id="2971" dir="1" index="1" bw="32" slack="1"/>
</pin_list>
<bind>
<opset="mux_case_34433610_load "/>
</bind>
</comp>

<comp id="2974" class="1005" name="mux_case_04453618_load_reg_2974">
<pin_list>
<pin id="2975" dir="0" index="0" bw="32" slack="1"/>
<pin id="2976" dir="1" index="1" bw="32" slack="1"/>
</pin_list>
<bind>
<opset="mux_case_04453618_load "/>
</bind>
</comp>

<comp id="2979" class="1005" name="mux_case_14463626_load_reg_2979">
<pin_list>
<pin id="2980" dir="0" index="0" bw="32" slack="1"/>
<pin id="2981" dir="1" index="1" bw="32" slack="1"/>
</pin_list>
<bind>
<opset="mux_case_14463626_load "/>
</bind>
</comp>

<comp id="2984" class="1005" name="mux_case_24473634_load_reg_2984">
<pin_list>
<pin id="2985" dir="0" index="0" bw="32" slack="1"/>
<pin id="2986" dir="1" index="1" bw="32" slack="1"/>
</pin_list>
<bind>
<opset="mux_case_24473634_load "/>
</bind>
</comp>

<comp id="2989" class="1005" name="mux_case_34483642_load_reg_2989">
<pin_list>
<pin id="2990" dir="0" index="0" bw="32" slack="1"/>
<pin id="2991" dir="1" index="1" bw="32" slack="1"/>
</pin_list>
<bind>
<opset="mux_case_34483642_load "/>
</bind>
</comp>

<comp id="2994" class="1005" name="mux_case_04503651_load_reg_2994">
<pin_list>
<pin id="2995" dir="0" index="0" bw="32" slack="1"/>
<pin id="2996" dir="1" index="1" bw="32" slack="1"/>
</pin_list>
<bind>
<opset="mux_case_04503651_load "/>
</bind>
</comp>

<comp id="2999" class="1005" name="mux_case_14513660_load_reg_2999">
<pin_list>
<pin id="3000" dir="0" index="0" bw="32" slack="1"/>
<pin id="3001" dir="1" index="1" bw="32" slack="1"/>
</pin_list>
<bind>
<opset="mux_case_14513660_load "/>
</bind>
</comp>

<comp id="3004" class="1005" name="mux_case_24523668_load_reg_3004">
<pin_list>
<pin id="3005" dir="0" index="0" bw="32" slack="1"/>
<pin id="3006" dir="1" index="1" bw="32" slack="1"/>
</pin_list>
<bind>
<opset="mux_case_24523668_load "/>
</bind>
</comp>

<comp id="3009" class="1005" name="mux_case_34533676_load_reg_3009">
<pin_list>
<pin id="3010" dir="0" index="0" bw="32" slack="1"/>
<pin id="3011" dir="1" index="1" bw="32" slack="1"/>
</pin_list>
<bind>
<opset="mux_case_34533676_load "/>
</bind>
</comp>

<comp id="3014" class="1005" name="mux_case_04553684_load_reg_3014">
<pin_list>
<pin id="3015" dir="0" index="0" bw="32" slack="1"/>
<pin id="3016" dir="1" index="1" bw="32" slack="1"/>
</pin_list>
<bind>
<opset="mux_case_04553684_load "/>
</bind>
</comp>

<comp id="3019" class="1005" name="mux_case_14563692_load_reg_3019">
<pin_list>
<pin id="3020" dir="0" index="0" bw="32" slack="1"/>
<pin id="3021" dir="1" index="1" bw="32" slack="1"/>
</pin_list>
<bind>
<opset="mux_case_14563692_load "/>
</bind>
</comp>

<comp id="3024" class="1005" name="mux_case_24573701_load_reg_3024">
<pin_list>
<pin id="3025" dir="0" index="0" bw="32" slack="1"/>
<pin id="3026" dir="1" index="1" bw="32" slack="1"/>
</pin_list>
<bind>
<opset="mux_case_24573701_load "/>
</bind>
</comp>

<comp id="3029" class="1005" name="mux_case_34583709_load_reg_3029">
<pin_list>
<pin id="3030" dir="0" index="0" bw="32" slack="1"/>
<pin id="3031" dir="1" index="1" bw="32" slack="1"/>
</pin_list>
<bind>
<opset="mux_case_34583709_load "/>
</bind>
</comp>

<comp id="3034" class="1005" name="mux_case_04603717_load_reg_3034">
<pin_list>
<pin id="3035" dir="0" index="0" bw="32" slack="1"/>
<pin id="3036" dir="1" index="1" bw="32" slack="1"/>
</pin_list>
<bind>
<opset="mux_case_04603717_load "/>
</bind>
</comp>

<comp id="3039" class="1005" name="mux_case_14613726_load_reg_3039">
<pin_list>
<pin id="3040" dir="0" index="0" bw="32" slack="1"/>
<pin id="3041" dir="1" index="1" bw="32" slack="1"/>
</pin_list>
<bind>
<opset="mux_case_14613726_load "/>
</bind>
</comp>

<comp id="3044" class="1005" name="mux_case_24623734_load_reg_3044">
<pin_list>
<pin id="3045" dir="0" index="0" bw="32" slack="1"/>
<pin id="3046" dir="1" index="1" bw="32" slack="1"/>
</pin_list>
<bind>
<opset="mux_case_24623734_load "/>
</bind>
</comp>

<comp id="3049" class="1005" name="mux_case_34633742_load_reg_3049">
<pin_list>
<pin id="3050" dir="0" index="0" bw="32" slack="1"/>
<pin id="3051" dir="1" index="1" bw="32" slack="1"/>
</pin_list>
<bind>
<opset="mux_case_34633742_load "/>
</bind>
</comp>

<comp id="3054" class="1005" name="mux_case_04653750_load_reg_3054">
<pin_list>
<pin id="3055" dir="0" index="0" bw="32" slack="1"/>
<pin id="3056" dir="1" index="1" bw="32" slack="1"/>
</pin_list>
<bind>
<opset="mux_case_04653750_load "/>
</bind>
</comp>

<comp id="3059" class="1005" name="mux_case_14663758_load_reg_3059">
<pin_list>
<pin id="3060" dir="0" index="0" bw="32" slack="1"/>
<pin id="3061" dir="1" index="1" bw="32" slack="1"/>
</pin_list>
<bind>
<opset="mux_case_14663758_load "/>
</bind>
</comp>

<comp id="3064" class="1005" name="mux_case_24673767_load_reg_3064">
<pin_list>
<pin id="3065" dir="0" index="0" bw="32" slack="1"/>
<pin id="3066" dir="1" index="1" bw="32" slack="1"/>
</pin_list>
<bind>
<opset="mux_case_24673767_load "/>
</bind>
</comp>

<comp id="3069" class="1005" name="mux_case_34683775_load_reg_3069">
<pin_list>
<pin id="3070" dir="0" index="0" bw="32" slack="1"/>
<pin id="3071" dir="1" index="1" bw="32" slack="1"/>
</pin_list>
<bind>
<opset="mux_case_34683775_load "/>
</bind>
</comp>

<comp id="3074" class="1005" name="mux_case_04703783_load_reg_3074">
<pin_list>
<pin id="3075" dir="0" index="0" bw="32" slack="1"/>
<pin id="3076" dir="1" index="1" bw="32" slack="1"/>
</pin_list>
<bind>
<opset="mux_case_04703783_load "/>
</bind>
</comp>

<comp id="3079" class="1005" name="mux_case_14713791_load_reg_3079">
<pin_list>
<pin id="3080" dir="0" index="0" bw="32" slack="1"/>
<pin id="3081" dir="1" index="1" bw="32" slack="1"/>
</pin_list>
<bind>
<opset="mux_case_14713791_load "/>
</bind>
</comp>

<comp id="3084" class="1005" name="mux_case_24723799_load_reg_3084">
<pin_list>
<pin id="3085" dir="0" index="0" bw="32" slack="1"/>
<pin id="3086" dir="1" index="1" bw="32" slack="1"/>
</pin_list>
<bind>
<opset="mux_case_24723799_load "/>
</bind>
</comp>

<comp id="3089" class="1005" name="mux_case_34733808_load_reg_3089">
<pin_list>
<pin id="3090" dir="0" index="0" bw="32" slack="1"/>
<pin id="3091" dir="1" index="1" bw="32" slack="1"/>
</pin_list>
<bind>
<opset="mux_case_34733808_load "/>
</bind>
</comp>

<comp id="3094" class="1005" name="mux_case_04753816_load_reg_3094">
<pin_list>
<pin id="3095" dir="0" index="0" bw="32" slack="1"/>
<pin id="3096" dir="1" index="1" bw="32" slack="1"/>
</pin_list>
<bind>
<opset="mux_case_04753816_load "/>
</bind>
</comp>

<comp id="3099" class="1005" name="mux_case_14763824_load_reg_3099">
<pin_list>
<pin id="3100" dir="0" index="0" bw="32" slack="1"/>
<pin id="3101" dir="1" index="1" bw="32" slack="1"/>
</pin_list>
<bind>
<opset="mux_case_14763824_load "/>
</bind>
</comp>

<comp id="3104" class="1005" name="mux_case_24773832_load_reg_3104">
<pin_list>
<pin id="3105" dir="0" index="0" bw="32" slack="1"/>
<pin id="3106" dir="1" index="1" bw="32" slack="1"/>
</pin_list>
<bind>
<opset="mux_case_24773832_load "/>
</bind>
</comp>

<comp id="3109" class="1005" name="mux_case_34783840_load_reg_3109">
<pin_list>
<pin id="3110" dir="0" index="0" bw="32" slack="1"/>
<pin id="3111" dir="1" index="1" bw="32" slack="1"/>
</pin_list>
<bind>
<opset="mux_case_34783840_load "/>
</bind>
</comp>

<comp id="3114" class="1005" name="mux_case_04803849_load_reg_3114">
<pin_list>
<pin id="3115" dir="0" index="0" bw="32" slack="1"/>
<pin id="3116" dir="1" index="1" bw="32" slack="1"/>
</pin_list>
<bind>
<opset="mux_case_04803849_load "/>
</bind>
</comp>

<comp id="3119" class="1005" name="mux_case_14813858_load_reg_3119">
<pin_list>
<pin id="3120" dir="0" index="0" bw="32" slack="1"/>
<pin id="3121" dir="1" index="1" bw="32" slack="1"/>
</pin_list>
<bind>
<opset="mux_case_14813858_load "/>
</bind>
</comp>

<comp id="3124" class="1005" name="mux_case_24823866_load_reg_3124">
<pin_list>
<pin id="3125" dir="0" index="0" bw="32" slack="1"/>
<pin id="3126" dir="1" index="1" bw="32" slack="1"/>
</pin_list>
<bind>
<opset="mux_case_24823866_load "/>
</bind>
</comp>

<comp id="3129" class="1005" name="mux_case_34833874_load_reg_3129">
<pin_list>
<pin id="3130" dir="0" index="0" bw="32" slack="1"/>
<pin id="3131" dir="1" index="1" bw="32" slack="1"/>
</pin_list>
<bind>
<opset="mux_case_34833874_load "/>
</bind>
</comp>

<comp id="3134" class="1005" name="mux_case_04853882_load_reg_3134">
<pin_list>
<pin id="3135" dir="0" index="0" bw="32" slack="1"/>
<pin id="3136" dir="1" index="1" bw="32" slack="1"/>
</pin_list>
<bind>
<opset="mux_case_04853882_load "/>
</bind>
</comp>

<comp id="3139" class="1005" name="mux_case_14863890_load_reg_3139">
<pin_list>
<pin id="3140" dir="0" index="0" bw="32" slack="1"/>
<pin id="3141" dir="1" index="1" bw="32" slack="1"/>
</pin_list>
<bind>
<opset="mux_case_14863890_load "/>
</bind>
</comp>

<comp id="3144" class="1005" name="mux_case_24873899_load_reg_3144">
<pin_list>
<pin id="3145" dir="0" index="0" bw="32" slack="1"/>
<pin id="3146" dir="1" index="1" bw="32" slack="1"/>
</pin_list>
<bind>
<opset="mux_case_24873899_load "/>
</bind>
</comp>

<comp id="3149" class="1005" name="mux_case_34883907_load_reg_3149">
<pin_list>
<pin id="3150" dir="0" index="0" bw="32" slack="1"/>
<pin id="3151" dir="1" index="1" bw="32" slack="1"/>
</pin_list>
<bind>
<opset="mux_case_34883907_load "/>
</bind>
</comp>

<comp id="3154" class="1005" name="mux_case_05153915_load_reg_3154">
<pin_list>
<pin id="3155" dir="0" index="0" bw="32" slack="1"/>
<pin id="3156" dir="1" index="1" bw="32" slack="1"/>
</pin_list>
<bind>
<opset="mux_case_05153915_load "/>
</bind>
</comp>

<comp id="3159" class="1005" name="mux_case_15163923_load_reg_3159">
<pin_list>
<pin id="3160" dir="0" index="0" bw="32" slack="1"/>
<pin id="3161" dir="1" index="1" bw="32" slack="1"/>
</pin_list>
<bind>
<opset="mux_case_15163923_load "/>
</bind>
</comp>

<comp id="3164" class="1005" name="mux_case_25173931_load_reg_3164">
<pin_list>
<pin id="3165" dir="0" index="0" bw="32" slack="1"/>
<pin id="3166" dir="1" index="1" bw="32" slack="1"/>
</pin_list>
<bind>
<opset="mux_case_25173931_load "/>
</bind>
</comp>

<comp id="3169" class="1005" name="mux_case_35183940_load_reg_3169">
<pin_list>
<pin id="3170" dir="0" index="0" bw="32" slack="1"/>
<pin id="3171" dir="1" index="1" bw="32" slack="1"/>
</pin_list>
<bind>
<opset="mux_case_35183940_load "/>
</bind>
</comp>

<comp id="3174" class="1005" name="mux_case_05453948_load_reg_3174">
<pin_list>
<pin id="3175" dir="0" index="0" bw="32" slack="1"/>
<pin id="3176" dir="1" index="1" bw="32" slack="1"/>
</pin_list>
<bind>
<opset="mux_case_05453948_load "/>
</bind>
</comp>

<comp id="3179" class="1005" name="mux_case_15463956_load_reg_3179">
<pin_list>
<pin id="3180" dir="0" index="0" bw="32" slack="1"/>
<pin id="3181" dir="1" index="1" bw="32" slack="1"/>
</pin_list>
<bind>
<opset="mux_case_15463956_load "/>
</bind>
</comp>

<comp id="3184" class="1005" name="mux_case_25473964_load_reg_3184">
<pin_list>
<pin id="3185" dir="0" index="0" bw="32" slack="1"/>
<pin id="3186" dir="1" index="1" bw="32" slack="1"/>
</pin_list>
<bind>
<opset="mux_case_25473964_load "/>
</bind>
</comp>

<comp id="3189" class="1005" name="mux_case_35483973_load_reg_3189">
<pin_list>
<pin id="3190" dir="0" index="0" bw="32" slack="1"/>
<pin id="3191" dir="1" index="1" bw="32" slack="1"/>
</pin_list>
<bind>
<opset="mux_case_35483973_load "/>
</bind>
</comp>

<comp id="3194" class="1005" name="tmp_reg_3194">
<pin_list>
<pin id="3195" dir="0" index="0" bw="1" slack="1"/>
<pin id="3196" dir="1" index="1" bw="1" slack="1"/>
</pin_list>
<bind>
<opset="tmp "/>
</bind>
</comp>

<comp id="3199" class="1005" name="tmp_19_reg_3199">
<pin_list>
<pin id="3200" dir="0" index="0" bw="1" slack="1"/>
<pin id="3201" dir="1" index="1" bw="1" slack="1"/>
</pin_list>
<bind>
<opset="tmp_19 "/>
</bind>
</comp>

<comp id="3204" class="1005" name="tmp_20_reg_3204">
<pin_list>
<pin id="3205" dir="0" index="0" bw="1" slack="1"/>
<pin id="3206" dir="1" index="1" bw="1" slack="1"/>
</pin_list>
<bind>
<opset="tmp_20 "/>
</bind>
</comp>

<comp id="3209" class="1005" name="empty_41_reg_3209">
<pin_list>
<pin id="3210" dir="0" index="0" bw="2" slack="1"/>
<pin id="3211" dir="1" index="1" bw="2" slack="1"/>
</pin_list>
<bind>
<opset="empty_41 "/>
</bind>
</comp>

<comp id="3214" class="1005" name="empty_42_reg_3214">
<pin_list>
<pin id="3215" dir="0" index="0" bw="2" slack="1"/>
<pin id="3216" dir="1" index="1" bw="2" slack="1"/>
</pin_list>
<bind>
<opset="empty_42 "/>
</bind>
</comp>

<comp id="3219" class="1005" name="icmp_ln41_reg_3219">
<pin_list>
<pin id="3220" dir="0" index="0" bw="1" slack="1"/>
<pin id="3221" dir="1" index="1" bw="1" slack="1"/>
</pin_list>
<bind>
<opset="icmp_ln41 "/>
</bind>
</comp>

<comp id="3224" class="1005" name="trunc_ln204_reg_3224">
<pin_list>
<pin id="3225" dir="0" index="0" bw="3" slack="1"/>
<pin id="3226" dir="1" index="1" bw="3" slack="1"/>
</pin_list>
<bind>
<opset="trunc_ln204 "/>
</bind>
</comp>

<comp id="3230" class="1005" name="xor_ln204_reg_3230">
<pin_list>
<pin id="3231" dir="0" index="0" bw="3" slack="1"/>
<pin id="3232" dir="1" index="1" bw="3" slack="1"/>
</pin_list>
<bind>
<opset="xor_ln204 "/>
</bind>
</comp>

<comp id="3236" class="1005" name="trunc_ln214_reg_3236">
<pin_list>
<pin id="3237" dir="0" index="0" bw="3" slack="1"/>
<pin id="3238" dir="1" index="1" bw="3" slack="1"/>
</pin_list>
<bind>
<opset="trunc_ln214 "/>
</bind>
</comp>

<comp id="3242" class="1005" name="xor_ln214_reg_3242">
<pin_list>
<pin id="3243" dir="0" index="0" bw="3" slack="1"/>
<pin id="3244" dir="1" index="1" bw="3" slack="1"/>
</pin_list>
<bind>
<opset="xor_ln214 "/>
</bind>
</comp>

</comp_list>

<net_list>
<net id="101"><net_src comp="12" pin="0"/><net_sink comp="98" pin=0"/></net>

<net id="105"><net_src comp="12" pin="0"/><net_sink comp="102" pin=0"/></net>

<net id="109"><net_src comp="12" pin="0"/><net_sink comp="106" pin=0"/></net>

<net id="113"><net_src comp="12" pin="0"/><net_sink comp="110" pin=0"/></net>

<net id="117"><net_src comp="12" pin="0"/><net_sink comp="114" pin=0"/></net>

<net id="121"><net_src comp="12" pin="0"/><net_sink comp="118" pin=0"/></net>

<net id="125"><net_src comp="12" pin="0"/><net_sink comp="122" pin=0"/></net>

<net id="129"><net_src comp="12" pin="0"/><net_sink comp="126" pin=0"/></net>

<net id="133"><net_src comp="12" pin="0"/><net_sink comp="130" pin=0"/></net>

<net id="137"><net_src comp="12" pin="0"/><net_sink comp="134" pin=0"/></net>

<net id="141"><net_src comp="12" pin="0"/><net_sink comp="138" pin=0"/></net>

<net id="145"><net_src comp="12" pin="0"/><net_sink comp="142" pin=0"/></net>

<net id="149"><net_src comp="12" pin="0"/><net_sink comp="146" pin=0"/></net>

<net id="153"><net_src comp="12" pin="0"/><net_sink comp="150" pin=0"/></net>

<net id="157"><net_src comp="12" pin="0"/><net_sink comp="154" pin=0"/></net>

<net id="161"><net_src comp="12" pin="0"/><net_sink comp="158" pin=0"/></net>

<net id="165"><net_src comp="12" pin="0"/><net_sink comp="162" pin=0"/></net>

<net id="169"><net_src comp="12" pin="0"/><net_sink comp="166" pin=0"/></net>

<net id="173"><net_src comp="12" pin="0"/><net_sink comp="170" pin=0"/></net>

<net id="177"><net_src comp="12" pin="0"/><net_sink comp="174" pin=0"/></net>

<net id="181"><net_src comp="12" pin="0"/><net_sink comp="178" pin=0"/></net>

<net id="185"><net_src comp="12" pin="0"/><net_sink comp="182" pin=0"/></net>

<net id="189"><net_src comp="12" pin="0"/><net_sink comp="186" pin=0"/></net>

<net id="193"><net_src comp="12" pin="0"/><net_sink comp="190" pin=0"/></net>

<net id="197"><net_src comp="12" pin="0"/><net_sink comp="194" pin=0"/></net>

<net id="201"><net_src comp="12" pin="0"/><net_sink comp="198" pin=0"/></net>

<net id="205"><net_src comp="12" pin="0"/><net_sink comp="202" pin=0"/></net>

<net id="209"><net_src comp="12" pin="0"/><net_sink comp="206" pin=0"/></net>

<net id="213"><net_src comp="12" pin="0"/><net_sink comp="210" pin=0"/></net>

<net id="217"><net_src comp="12" pin="0"/><net_sink comp="214" pin=0"/></net>

<net id="221"><net_src comp="12" pin="0"/><net_sink comp="218" pin=0"/></net>

<net id="225"><net_src comp="12" pin="0"/><net_sink comp="222" pin=0"/></net>

<net id="229"><net_src comp="12" pin="0"/><net_sink comp="226" pin=0"/></net>

<net id="233"><net_src comp="12" pin="0"/><net_sink comp="230" pin=0"/></net>

<net id="237"><net_src comp="12" pin="0"/><net_sink comp="234" pin=0"/></net>

<net id="241"><net_src comp="12" pin="0"/><net_sink comp="238" pin=0"/></net>

<net id="245"><net_src comp="12" pin="0"/><net_sink comp="242" pin=0"/></net>

<net id="249"><net_src comp="12" pin="0"/><net_sink comp="246" pin=0"/></net>

<net id="253"><net_src comp="12" pin="0"/><net_sink comp="250" pin=0"/></net>

<net id="257"><net_src comp="12" pin="0"/><net_sink comp="254" pin=0"/></net>

<net id="261"><net_src comp="12" pin="0"/><net_sink comp="258" pin=0"/></net>

<net id="265"><net_src comp="12" pin="0"/><net_sink comp="262" pin=0"/></net>

<net id="269"><net_src comp="12" pin="0"/><net_sink comp="266" pin=0"/></net>

<net id="273"><net_src comp="12" pin="0"/><net_sink comp="270" pin=0"/></net>

<net id="277"><net_src comp="12" pin="0"/><net_sink comp="274" pin=0"/></net>

<net id="281"><net_src comp="12" pin="0"/><net_sink comp="278" pin=0"/></net>

<net id="285"><net_src comp="12" pin="0"/><net_sink comp="282" pin=0"/></net>

<net id="289"><net_src comp="12" pin="0"/><net_sink comp="286" pin=0"/></net>

<net id="293"><net_src comp="12" pin="0"/><net_sink comp="290" pin=0"/></net>

<net id="297"><net_src comp="12" pin="0"/><net_sink comp="294" pin=0"/></net>

<net id="301"><net_src comp="12" pin="0"/><net_sink comp="298" pin=0"/></net>

<net id="305"><net_src comp="12" pin="0"/><net_sink comp="302" pin=0"/></net>

<net id="309"><net_src comp="12" pin="0"/><net_sink comp="306" pin=0"/></net>

<net id="313"><net_src comp="12" pin="0"/><net_sink comp="310" pin=0"/></net>

<net id="317"><net_src comp="12" pin="0"/><net_sink comp="314" pin=0"/></net>

<net id="321"><net_src comp="12" pin="0"/><net_sink comp="318" pin=0"/></net>

<net id="325"><net_src comp="12" pin="0"/><net_sink comp="322" pin=0"/></net>

<net id="329"><net_src comp="12" pin="0"/><net_sink comp="326" pin=0"/></net>

<net id="333"><net_src comp="12" pin="0"/><net_sink comp="330" pin=0"/></net>

<net id="337"><net_src comp="12" pin="0"/><net_sink comp="334" pin=0"/></net>

<net id="341"><net_src comp="12" pin="0"/><net_sink comp="338" pin=0"/></net>

<net id="345"><net_src comp="12" pin="0"/><net_sink comp="342" pin=0"/></net>

<net id="349"><net_src comp="12" pin="0"/><net_sink comp="346" pin=0"/></net>

<net id="353"><net_src comp="12" pin="0"/><net_sink comp="350" pin=0"/></net>

<net id="357"><net_src comp="12" pin="0"/><net_sink comp="354" pin=0"/></net>

<net id="361"><net_src comp="12" pin="0"/><net_sink comp="358" pin=0"/></net>

<net id="365"><net_src comp="12" pin="0"/><net_sink comp="362" pin=0"/></net>

<net id="369"><net_src comp="12" pin="0"/><net_sink comp="366" pin=0"/></net>

<net id="373"><net_src comp="12" pin="0"/><net_sink comp="370" pin=0"/></net>

<net id="377"><net_src comp="12" pin="0"/><net_sink comp="374" pin=0"/></net>

<net id="381"><net_src comp="12" pin="0"/><net_sink comp="378" pin=0"/></net>

<net id="385"><net_src comp="12" pin="0"/><net_sink comp="382" pin=0"/></net>

<net id="389"><net_src comp="12" pin="0"/><net_sink comp="386" pin=0"/></net>

<net id="393"><net_src comp="12" pin="0"/><net_sink comp="390" pin=0"/></net>

<net id="397"><net_src comp="12" pin="0"/><net_sink comp="394" pin=0"/></net>

<net id="401"><net_src comp="12" pin="0"/><net_sink comp="398" pin=0"/></net>

<net id="405"><net_src comp="12" pin="0"/><net_sink comp="402" pin=0"/></net>

<net id="409"><net_src comp="12" pin="0"/><net_sink comp="406" pin=0"/></net>

<net id="413"><net_src comp="12" pin="0"/><net_sink comp="410" pin=0"/></net>

<net id="417"><net_src comp="12" pin="0"/><net_sink comp="414" pin=0"/></net>

<net id="421"><net_src comp="12" pin="0"/><net_sink comp="418" pin=0"/></net>

<net id="425"><net_src comp="12" pin="0"/><net_sink comp="422" pin=0"/></net>

<net id="429"><net_src comp="12" pin="0"/><net_sink comp="426" pin=0"/></net>

<net id="433"><net_src comp="12" pin="0"/><net_sink comp="430" pin=0"/></net>

<net id="437"><net_src comp="12" pin="0"/><net_sink comp="434" pin=0"/></net>

<net id="441"><net_src comp="12" pin="0"/><net_sink comp="438" pin=0"/></net>

<net id="445"><net_src comp="12" pin="0"/><net_sink comp="442" pin=0"/></net>

<net id="449"><net_src comp="12" pin="0"/><net_sink comp="446" pin=0"/></net>

<net id="453"><net_src comp="12" pin="0"/><net_sink comp="450" pin=0"/></net>

<net id="457"><net_src comp="12" pin="0"/><net_sink comp="454" pin=0"/></net>

<net id="461"><net_src comp="12" pin="0"/><net_sink comp="458" pin=0"/></net>

<net id="465"><net_src comp="12" pin="0"/><net_sink comp="462" pin=0"/></net>

<net id="469"><net_src comp="12" pin="0"/><net_sink comp="466" pin=0"/></net>

<net id="473"><net_src comp="12" pin="0"/><net_sink comp="470" pin=0"/></net>

<net id="477"><net_src comp="12" pin="0"/><net_sink comp="474" pin=0"/></net>

<net id="481"><net_src comp="12" pin="0"/><net_sink comp="478" pin=0"/></net>

<net id="485"><net_src comp="12" pin="0"/><net_sink comp="482" pin=0"/></net>

<net id="489"><net_src comp="12" pin="0"/><net_sink comp="486" pin=0"/></net>

<net id="493"><net_src comp="12" pin="0"/><net_sink comp="490" pin=0"/></net>

<net id="497"><net_src comp="12" pin="0"/><net_sink comp="494" pin=0"/></net>

<net id="501"><net_src comp="12" pin="0"/><net_sink comp="498" pin=0"/></net>

<net id="505"><net_src comp="12" pin="0"/><net_sink comp="502" pin=0"/></net>

<net id="509"><net_src comp="12" pin="0"/><net_sink comp="506" pin=0"/></net>

<net id="513"><net_src comp="12" pin="0"/><net_sink comp="510" pin=0"/></net>

<net id="517"><net_src comp="12" pin="0"/><net_sink comp="514" pin=0"/></net>

<net id="521"><net_src comp="12" pin="0"/><net_sink comp="518" pin=0"/></net>

<net id="525"><net_src comp="12" pin="0"/><net_sink comp="522" pin=0"/></net>

<net id="529"><net_src comp="12" pin="0"/><net_sink comp="526" pin=0"/></net>

<net id="533"><net_src comp="12" pin="0"/><net_sink comp="530" pin=0"/></net>

<net id="537"><net_src comp="12" pin="0"/><net_sink comp="534" pin=0"/></net>

<net id="541"><net_src comp="12" pin="0"/><net_sink comp="538" pin=0"/></net>

<net id="545"><net_src comp="12" pin="0"/><net_sink comp="542" pin=0"/></net>

<net id="549"><net_src comp="12" pin="0"/><net_sink comp="546" pin=0"/></net>

<net id="553"><net_src comp="16" pin="0"/><net_sink comp="550" pin=0"/></net>

<net id="557"><net_src comp="16" pin="0"/><net_sink comp="554" pin=0"/></net>

<net id="561"><net_src comp="16" pin="0"/><net_sink comp="558" pin=0"/></net>

<net id="565"><net_src comp="16" pin="0"/><net_sink comp="562" pin=0"/></net>

<net id="569"><net_src comp="16" pin="0"/><net_sink comp="566" pin=0"/></net>

<net id="573"><net_src comp="16" pin="0"/><net_sink comp="570" pin=0"/></net>

<net id="577"><net_src comp="16" pin="0"/><net_sink comp="574" pin=0"/></net>

<net id="581"><net_src comp="16" pin="0"/><net_sink comp="578" pin=0"/></net>

<net id="585"><net_src comp="16" pin="0"/><net_sink comp="582" pin=0"/></net>

<net id="589"><net_src comp="16" pin="0"/><net_sink comp="586" pin=0"/></net>

<net id="593"><net_src comp="16" pin="0"/><net_sink comp="590" pin=0"/></net>

<net id="597"><net_src comp="16" pin="0"/><net_sink comp="594" pin=0"/></net>

<net id="601"><net_src comp="16" pin="0"/><net_sink comp="598" pin=0"/></net>

<net id="605"><net_src comp="16" pin="0"/><net_sink comp="602" pin=0"/></net>

<net id="609"><net_src comp="16" pin="0"/><net_sink comp="606" pin=0"/></net>

<net id="613"><net_src comp="16" pin="0"/><net_sink comp="610" pin=0"/></net>

<net id="618"><net_src comp="14" pin="0"/><net_sink comp="614" pin=0"/></net>

<net id="619"><net_src comp="10" pin="0"/><net_sink comp="614" pin=1"/></net>

<net id="624"><net_src comp="14" pin="0"/><net_sink comp="620" pin=0"/></net>

<net id="625"><net_src comp="8" pin="0"/><net_sink comp="620" pin=1"/></net>

<net id="630"><net_src comp="14" pin="0"/><net_sink comp="626" pin=0"/></net>

<net id="631"><net_src comp="6" pin="0"/><net_sink comp="626" pin=1"/></net>

<net id="702"><net_src comp="20" pin="0"/><net_sink comp="632" pin=0"/></net>

<net id="703"><net_src comp="0" pin="0"/><net_sink comp="632" pin=1"/></net>

<net id="704"><net_src comp="626" pin="2"/><net_sink comp="632" pin=2"/></net>

<net id="772"><net_src comp="70" pin="0"/><net_sink comp="705" pin=0"/></net>

<net id="800"><net_src comp="72" pin="0"/><net_sink comp="773" pin=0"/></net>

<net id="978"><net_src comp="84" pin="0"/><net_sink comp="801" pin=0"/></net>

<net id="996"><net_src comp="94" pin="0"/><net_sink comp="979" pin=0"/></net>

<net id="997"><net_src comp="2" pin="0"/><net_sink comp="979" pin=1"/></net>

<net id="1015"><net_src comp="96" pin="0"/><net_sink comp="998" pin=0"/></net>

<net id="1016"><net_src comp="4" pin="0"/><net_sink comp="998" pin=1"/></net>

<net id="1020"><net_src comp="1017" pin="1"/><net_sink comp="773" pin=10"/></net>

<net id="1024"><net_src comp="1021" pin="1"/><net_sink comp="773" pin=11"/></net>

<net id="1028"><net_src comp="1025" pin="1"/><net_sink comp="773" pin=12"/></net>

<net id="1032"><net_src comp="1029" pin="1"/><net_sink comp="773" pin=13"/></net>

<net id="1036"><net_src comp="1033" pin="1"/><net_sink comp="773" pin=14"/></net>

<net id="1040"><net_src comp="1037" pin="1"/><net_sink comp="773" pin=15"/></net>

<net id="1044"><net_src comp="1041" pin="1"/><net_sink comp="773" pin=16"/></net>

<net id="1048"><net_src comp="1045" pin="1"/><net_sink comp="773" pin=17"/></net>

<net id="1052"><net_src comp="1049" pin="1"/><net_sink comp="773" pin=18"/></net>

<net id="1056"><net_src comp="1053" pin="1"/><net_sink comp="773" pin=19"/></net>

<net id="1060"><net_src comp="1057" pin="1"/><net_sink comp="773" pin=20"/></net>

<net id="1064"><net_src comp="1061" pin="1"/><net_sink comp="773" pin=21"/></net>

<net id="1068"><net_src comp="1065" pin="1"/><net_sink comp="773" pin=22"/></net>

<net id="1072"><net_src comp="1069" pin="1"/><net_sink comp="773" pin=23"/></net>

<net id="1076"><net_src comp="1073" pin="1"/><net_sink comp="773" pin=24"/></net>

<net id="1080"><net_src comp="1017" pin="1"/><net_sink comp="1077" pin=0"/></net>

<net id="1081"><net_src comp="1077" pin="1"/><net_sink comp="801" pin=54"/></net>

<net id="1082"><net_src comp="1077" pin="1"/><net_sink comp="773" pin=10"/></net>

<net id="1086"><net_src comp="1021" pin="1"/><net_sink comp="1083" pin=0"/></net>

<net id="1087"><net_src comp="1083" pin="1"/><net_sink comp="801" pin=53"/></net>

<net id="1088"><net_src comp="1083" pin="1"/><net_sink comp="773" pin=11"/></net>

<net id="1092"><net_src comp="1025" pin="1"/><net_sink comp="1089" pin=0"/></net>

<net id="1093"><net_src comp="1089" pin="1"/><net_sink comp="801" pin=52"/></net>

<net id="1094"><net_src comp="1089" pin="1"/><net_sink comp="773" pin=12"/></net>

<net id="1098"><net_src comp="1029" pin="1"/><net_sink comp="1095" pin=0"/></net>

<net id="1099"><net_src comp="1095" pin="1"/><net_sink comp="801" pin=51"/></net>

<net id="1100"><net_src comp="1095" pin="1"/><net_sink comp="773" pin=13"/></net>

<net id="1104"><net_src comp="1033" pin="1"/><net_sink comp="1101" pin=0"/></net>

<net id="1105"><net_src comp="1101" pin="1"/><net_sink comp="801" pin=50"/></net>

<net id="1106"><net_src comp="1101" pin="1"/><net_sink comp="773" pin=14"/></net>

<net id="1110"><net_src comp="1037" pin="1"/><net_sink comp="1107" pin=0"/></net>

<net id="1111"><net_src comp="1107" pin="1"/><net_sink comp="801" pin=49"/></net>

<net id="1112"><net_src comp="1107" pin="1"/><net_sink comp="773" pin=15"/></net>

<net id="1116"><net_src comp="1041" pin="1"/><net_sink comp="1113" pin=0"/></net>

<net id="1117"><net_src comp="1113" pin="1"/><net_sink comp="801" pin=48"/></net>

<net id="1118"><net_src comp="1113" pin="1"/><net_sink comp="773" pin=16"/></net>

<net id="1122"><net_src comp="1045" pin="1"/><net_sink comp="1119" pin=0"/></net>

<net id="1123"><net_src comp="1119" pin="1"/><net_sink comp="801" pin=47"/></net>

<net id="1124"><net_src comp="1119" pin="1"/><net_sink comp="773" pin=17"/></net>

<net id="1128"><net_src comp="1049" pin="1"/><net_sink comp="1125" pin=0"/></net>

<net id="1129"><net_src comp="1125" pin="1"/><net_sink comp="801" pin=46"/></net>

<net id="1130"><net_src comp="1125" pin="1"/><net_sink comp="773" pin=18"/></net>

<net id="1134"><net_src comp="1053" pin="1"/><net_sink comp="1131" pin=0"/></net>

<net id="1135"><net_src comp="1131" pin="1"/><net_sink comp="801" pin=45"/></net>

<net id="1136"><net_src comp="1131" pin="1"/><net_sink comp="773" pin=19"/></net>

<net id="1140"><net_src comp="1057" pin="1"/><net_sink comp="1137" pin=0"/></net>

<net id="1141"><net_src comp="1137" pin="1"/><net_sink comp="801" pin=44"/></net>

<net id="1142"><net_src comp="1137" pin="1"/><net_sink comp="773" pin=20"/></net>

<net id="1146"><net_src comp="1061" pin="1"/><net_sink comp="1143" pin=0"/></net>

<net id="1147"><net_src comp="1143" pin="1"/><net_sink comp="801" pin=43"/></net>

<net id="1148"><net_src comp="1143" pin="1"/><net_sink comp="773" pin=21"/></net>

<net id="1152"><net_src comp="1065" pin="1"/><net_sink comp="1149" pin=0"/></net>

<net id="1153"><net_src comp="1149" pin="1"/><net_sink comp="801" pin=42"/></net>

<net id="1154"><net_src comp="1149" pin="1"/><net_sink comp="773" pin=22"/></net>

<net id="1158"><net_src comp="1069" pin="1"/><net_sink comp="1155" pin=0"/></net>

<net id="1159"><net_src comp="1155" pin="1"/><net_sink comp="801" pin=41"/></net>

<net id="1160"><net_src comp="1155" pin="1"/><net_sink comp="773" pin=23"/></net>

<net id="1164"><net_src comp="1073" pin="1"/><net_sink comp="1161" pin=0"/></net>

<net id="1165"><net_src comp="1161" pin="1"/><net_sink comp="801" pin=40"/></net>

<net id="1166"><net_src comp="1161" pin="1"/><net_sink comp="773" pin=24"/></net>

<net id="1170"><net_src comp="626" pin="2"/><net_sink comp="1167" pin=0"/></net>

<net id="1171"><net_src comp="1167" pin="1"/><net_sink comp="632" pin=3"/></net>

<net id="1176"><net_src comp="1167" pin="1"/><net_sink comp="1172" pin=0"/></net>

<net id="1177"><net_src comp="18" pin="0"/><net_sink comp="1172" pin=1"/></net>

<net id="1178"><net_src comp="1172" pin="2"/><net_sink comp="632" pin=4"/></net>

<net id="1183"><net_src comp="22" pin="0"/><net_sink comp="1179" pin=0"/></net>

<net id="1188"><net_src comp="22" pin="0"/><net_sink comp="1184" pin=0"/></net>

<net id="1193"><net_src comp="22" pin="0"/><net_sink comp="1189" pin=0"/></net>

<net id="1198"><net_src comp="22" pin="0"/><net_sink comp="1194" pin=0"/></net>

<net id="1203"><net_src comp="22" pin="0"/><net_sink comp="1199" pin=0"/></net>

<net id="1208"><net_src comp="22" pin="0"/><net_sink comp="1204" pin=0"/></net>

<net id="1213"><net_src comp="22" pin="0"/><net_sink comp="1209" pin=0"/></net>

<net id="1218"><net_src comp="22" pin="0"/><net_sink comp="1214" pin=0"/></net>

<net id="1223"><net_src comp="22" pin="0"/><net_sink comp="1219" pin=0"/></net>

<net id="1228"><net_src comp="22" pin="0"/><net_sink comp="1224" pin=0"/></net>

<net id="1233"><net_src comp="22" pin="0"/><net_sink comp="1229" pin=0"/></net>

<net id="1238"><net_src comp="22" pin="0"/><net_sink comp="1234" pin=0"/></net>

<net id="1243"><net_src comp="22" pin="0"/><net_sink comp="1239" pin=0"/></net>

<net id="1248"><net_src comp="22" pin="0"/><net_sink comp="1244" pin=0"/></net>

<net id="1253"><net_src comp="22" pin="0"/><net_sink comp="1249" pin=0"/></net>

<net id="1258"><net_src comp="22" pin="0"/><net_sink comp="1254" pin=0"/></net>

<net id="1263"><net_src comp="22" pin="0"/><net_sink comp="1259" pin=0"/></net>

<net id="1268"><net_src comp="22" pin="0"/><net_sink comp="1264" pin=0"/></net>

<net id="1273"><net_src comp="22" pin="0"/><net_sink comp="1269" pin=0"/></net>

<net id="1278"><net_src comp="22" pin="0"/><net_sink comp="1274" pin=0"/></net>

<net id="1283"><net_src comp="22" pin="0"/><net_sink comp="1279" pin=0"/></net>

<net id="1288"><net_src comp="22" pin="0"/><net_sink comp="1284" pin=0"/></net>

<net id="1293"><net_src comp="22" pin="0"/><net_sink comp="1289" pin=0"/></net>

<net id="1298"><net_src comp="22" pin="0"/><net_sink comp="1294" pin=0"/></net>

<net id="1303"><net_src comp="22" pin="0"/><net_sink comp="1299" pin=0"/></net>

<net id="1308"><net_src comp="22" pin="0"/><net_sink comp="1304" pin=0"/></net>

<net id="1313"><net_src comp="22" pin="0"/><net_sink comp="1309" pin=0"/></net>

<net id="1318"><net_src comp="22" pin="0"/><net_sink comp="1314" pin=0"/></net>

<net id="1323"><net_src comp="22" pin="0"/><net_sink comp="1319" pin=0"/></net>

<net id="1328"><net_src comp="22" pin="0"/><net_sink comp="1324" pin=0"/></net>

<net id="1333"><net_src comp="22" pin="0"/><net_sink comp="1329" pin=0"/></net>

<net id="1338"><net_src comp="22" pin="0"/><net_sink comp="1334" pin=0"/></net>

<net id="1343"><net_src comp="22" pin="0"/><net_sink comp="1339" pin=0"/></net>

<net id="1348"><net_src comp="22" pin="0"/><net_sink comp="1344" pin=0"/></net>

<net id="1353"><net_src comp="22" pin="0"/><net_sink comp="1349" pin=0"/></net>

<net id="1358"><net_src comp="22" pin="0"/><net_sink comp="1354" pin=0"/></net>

<net id="1363"><net_src comp="22" pin="0"/><net_sink comp="1359" pin=0"/></net>

<net id="1368"><net_src comp="22" pin="0"/><net_sink comp="1364" pin=0"/></net>

<net id="1373"><net_src comp="22" pin="0"/><net_sink comp="1369" pin=0"/></net>

<net id="1378"><net_src comp="22" pin="0"/><net_sink comp="1374" pin=0"/></net>

<net id="1383"><net_src comp="22" pin="0"/><net_sink comp="1379" pin=0"/></net>

<net id="1388"><net_src comp="22" pin="0"/><net_sink comp="1384" pin=0"/></net>

<net id="1393"><net_src comp="22" pin="0"/><net_sink comp="1389" pin=0"/></net>

<net id="1398"><net_src comp="22" pin="0"/><net_sink comp="1394" pin=0"/></net>

<net id="1403"><net_src comp="22" pin="0"/><net_sink comp="1399" pin=0"/></net>

<net id="1408"><net_src comp="22" pin="0"/><net_sink comp="1404" pin=0"/></net>

<net id="1413"><net_src comp="22" pin="0"/><net_sink comp="1409" pin=0"/></net>

<net id="1418"><net_src comp="22" pin="0"/><net_sink comp="1414" pin=0"/></net>

<net id="1423"><net_src comp="22" pin="0"/><net_sink comp="1419" pin=0"/></net>

<net id="1428"><net_src comp="24" pin="0"/><net_sink comp="1424" pin=0"/></net>

<net id="1435"><net_src comp="1429" pin="1"/><net_sink comp="1432" pin=0"/></net>

<net id="1440"><net_src comp="1429" pin="1"/><net_sink comp="1436" pin=0"/></net>

<net id="1441"><net_src comp="18" pin="0"/><net_sink comp="1436" pin=1"/></net>

<net id="1446"><net_src comp="1429" pin="1"/><net_sink comp="1442" pin=0"/></net>

<net id="1447"><net_src comp="68" pin="0"/><net_sink comp="1442" pin=1"/></net>

<net id="1569"><net_src comp="1442" pin="2"/><net_sink comp="1565" pin=0"/></net>

<net id="1573"><net_src comp="1570" pin="1"/><net_sink comp="773" pin=9"/></net>

<net id="1577"><net_src comp="1574" pin="1"/><net_sink comp="705" pin=9"/></net>

<net id="1581"><net_src comp="1578" pin="1"/><net_sink comp="705" pin=10"/></net>

<net id="1585"><net_src comp="1582" pin="1"/><net_sink comp="705" pin=11"/></net>

<net id="1589"><net_src comp="1586" pin="1"/><net_sink comp="705" pin=12"/></net>

<net id="1593"><net_src comp="1590" pin="1"/><net_sink comp="705" pin=13"/></net>

<net id="1597"><net_src comp="1594" pin="1"/><net_sink comp="705" pin=14"/></net>

<net id="1601"><net_src comp="1598" pin="1"/><net_sink comp="705" pin=15"/></net>

<net id="1605"><net_src comp="1602" pin="1"/><net_sink comp="705" pin=16"/></net>

<net id="1609"><net_src comp="1606" pin="1"/><net_sink comp="705" pin=17"/></net>

<net id="1613"><net_src comp="1610" pin="1"/><net_sink comp="705" pin=18"/></net>

<net id="1617"><net_src comp="1614" pin="1"/><net_sink comp="705" pin=19"/></net>

<net id="1621"><net_src comp="1618" pin="1"/><net_sink comp="705" pin=20"/></net>

<net id="1625"><net_src comp="1622" pin="1"/><net_sink comp="705" pin=21"/></net>

<net id="1629"><net_src comp="1626" pin="1"/><net_sink comp="705" pin=22"/></net>

<net id="1633"><net_src comp="1630" pin="1"/><net_sink comp="705" pin=23"/></net>

<net id="1637"><net_src comp="1634" pin="1"/><net_sink comp="705" pin=24"/></net>

<net id="1641"><net_src comp="1638" pin="1"/><net_sink comp="705" pin=25"/></net>

<net id="1645"><net_src comp="1642" pin="1"/><net_sink comp="705" pin=26"/></net>

<net id="1649"><net_src comp="1646" pin="1"/><net_sink comp="705" pin=27"/></net>

<net id="1653"><net_src comp="1650" pin="1"/><net_sink comp="705" pin=28"/></net>

<net id="1657"><net_src comp="1654" pin="1"/><net_sink comp="705" pin=29"/></net>

<net id="1661"><net_src comp="1658" pin="1"/><net_sink comp="705" pin=30"/></net>

<net id="1665"><net_src comp="1662" pin="1"/><net_sink comp="705" pin=31"/></net>

<net id="1669"><net_src comp="1666" pin="1"/><net_sink comp="705" pin=32"/></net>

<net id="1673"><net_src comp="1670" pin="1"/><net_sink comp="705" pin=37"/></net>

<net id="1677"><net_src comp="1674" pin="1"/><net_sink comp="705" pin=38"/></net>

<net id="1681"><net_src comp="1678" pin="1"/><net_sink comp="705" pin=39"/></net>

<net id="1685"><net_src comp="1682" pin="1"/><net_sink comp="705" pin=40"/></net>

<net id="1689"><net_src comp="1686" pin="1"/><net_sink comp="705" pin=41"/></net>

<net id="1693"><net_src comp="1690" pin="1"/><net_sink comp="705" pin=42"/></net>

<net id="1697"><net_src comp="1694" pin="1"/><net_sink comp="705" pin=43"/></net>

<net id="1701"><net_src comp="1698" pin="1"/><net_sink comp="705" pin=44"/></net>

<net id="1705"><net_src comp="1702" pin="1"/><net_sink comp="705" pin=45"/></net>

<net id="1709"><net_src comp="1706" pin="1"/><net_sink comp="705" pin=46"/></net>

<net id="1713"><net_src comp="1710" pin="1"/><net_sink comp="705" pin=47"/></net>

<net id="1717"><net_src comp="1714" pin="1"/><net_sink comp="705" pin=48"/></net>

<net id="1721"><net_src comp="1718" pin="1"/><net_sink comp="705" pin=49"/></net>

<net id="1725"><net_src comp="1722" pin="1"/><net_sink comp="705" pin=50"/></net>

<net id="1729"><net_src comp="1726" pin="1"/><net_sink comp="705" pin=51"/></net>

<net id="1733"><net_src comp="1730" pin="1"/><net_sink comp="705" pin=52"/></net>

<net id="1737"><net_src comp="1734" pin="1"/><net_sink comp="705" pin=53"/></net>

<net id="1741"><net_src comp="1738" pin="1"/><net_sink comp="705" pin=54"/></net>

<net id="1745"><net_src comp="1742" pin="1"/><net_sink comp="705" pin=55"/></net>

<net id="1749"><net_src comp="1746" pin="1"/><net_sink comp="705" pin=56"/></net>

<net id="1753"><net_src comp="1750" pin="1"/><net_sink comp="705" pin=57"/></net>

<net id="1757"><net_src comp="1754" pin="1"/><net_sink comp="705" pin=58"/></net>

<net id="1761"><net_src comp="1758" pin="1"/><net_sink comp="705" pin=59"/></net>

<net id="1765"><net_src comp="1762" pin="1"/><net_sink comp="705" pin=60"/></net>

<net id="1769"><net_src comp="1766" pin="1"/><net_sink comp="705" pin=33"/></net>

<net id="1773"><net_src comp="1770" pin="1"/><net_sink comp="705" pin=34"/></net>

<net id="1777"><net_src comp="1774" pin="1"/><net_sink comp="705" pin=35"/></net>

<net id="1781"><net_src comp="1778" pin="1"/><net_sink comp="705" pin=36"/></net>

<net id="1785"><net_src comp="1782" pin="1"/><net_sink comp="705" pin=61"/></net>

<net id="1789"><net_src comp="1786" pin="1"/><net_sink comp="705" pin=62"/></net>

<net id="1793"><net_src comp="1790" pin="1"/><net_sink comp="705" pin=63"/></net>

<net id="1797"><net_src comp="1794" pin="1"/><net_sink comp="705" pin=64"/></net>

<net id="1803"><net_src comp="74" pin="0"/><net_sink comp="1798" pin=0"/></net>

<net id="1804"><net_src comp="76" pin="0"/><net_sink comp="1798" pin=2"/></net>

<net id="1805"><net_src comp="1798" pin="3"/><net_sink comp="801" pin=62"/></net>

<net id="1810"><net_src comp="78" pin="0"/><net_sink comp="1806" pin=1"/></net>

<net id="1816"><net_src comp="74" pin="0"/><net_sink comp="1811" pin=0"/></net>

<net id="1817"><net_src comp="1806" pin="2"/><net_sink comp="1811" pin=1"/></net>

<net id="1818"><net_src comp="76" pin="0"/><net_sink comp="1811" pin=2"/></net>

<net id="1819"><net_src comp="1811" pin="3"/><net_sink comp="801" pin=60"/></net>

<net id="1824"><net_src comp="80" pin="0"/><net_sink comp="1820" pin=1"/></net>

<net id="1830"><net_src comp="74" pin="0"/><net_sink comp="1825" pin=0"/></net>

<net id="1831"><net_src comp="1820" pin="2"/><net_sink comp="1825" pin=1"/></net>

<net id="1832"><net_src comp="76" pin="0"/><net_sink comp="1825" pin=2"/></net>

<net id="1833"><net_src comp="1825" pin="3"/><net_sink comp="801" pin=57"/></net>

<net id="1837"><net_src comp="1834" pin="1"/><net_sink comp="801" pin=61"/></net>

<net id="1841"><net_src comp="1806" pin="2"/><net_sink comp="1838" pin=0"/></net>

<net id="1842"><net_src comp="1838" pin="1"/><net_sink comp="801" pin=59"/></net>

<net id="1847"><net_src comp="1838" pin="1"/><net_sink comp="1843" pin=0"/></net>

<net id="1848"><net_src comp="82" pin="0"/><net_sink comp="1843" pin=1"/></net>

<net id="1849"><net_src comp="1843" pin="2"/><net_sink comp="801" pin=58"/></net>

<net id="1853"><net_src comp="1850" pin="1"/><net_sink comp="979" pin=3"/></net>

<net id="1854"><net_src comp="1850" pin="1"/><net_sink comp="979" pin=4"/></net>

<net id="1859"><net_src comp="1850" pin="1"/><net_sink comp="1855" pin=0"/></net>

<net id="1860"><net_src comp="18" pin="0"/><net_sink comp="1855" pin=1"/></net>

<net id="1861"><net_src comp="1855" pin="2"/><net_sink comp="979" pin=5"/></net>

<net id="1862"><net_src comp="1855" pin="2"/><net_sink comp="979" pin=6"/></net>

<net id="1866"><net_src comp="1863" pin="1"/><net_sink comp="998" pin=3"/></net>

<net id="1867"><net_src comp="1863" pin="1"/><net_sink comp="998" pin=4"/></net>

<net id="1872"><net_src comp="1863" pin="1"/><net_sink comp="1868" pin=0"/></net>

<net id="1873"><net_src comp="18" pin="0"/><net_sink comp="1868" pin=1"/></net>

<net id="1874"><net_src comp="1868" pin="2"/><net_sink comp="998" pin=5"/></net>

<net id="1875"><net_src comp="1868" pin="2"/><net_sink comp="998" pin=6"/></net>

<net id="1879"><net_src comp="98" pin="1"/><net_sink comp="1876" pin=0"/></net>

<net id="1880"><net_src comp="1876" pin="1"/><net_sink comp="1424" pin=1"/></net>

<net id="1881"><net_src comp="1876" pin="1"/><net_sink comp="1429" pin=0"/></net>

<net id="1882"><net_src comp="1876" pin="1"/><net_sink comp="1565" pin=1"/></net>

<net id="1886"><net_src comp="102" pin="1"/><net_sink comp="1883" pin=0"/></net>

<net id="1887"><net_src comp="1883" pin="1"/><net_sink comp="632" pin=67"/></net>

<net id="1888"><net_src comp="1883" pin="1"/><net_sink comp="1570" pin=0"/></net>

<net id="1889"><net_src comp="1883" pin="1"/><net_sink comp="801" pin=174"/></net>

<net id="1893"><net_src comp="106" pin="1"/><net_sink comp="1890" pin=0"/></net>

<net id="1894"><net_src comp="1890" pin="1"/><net_sink comp="632" pin=66"/></net>

<net id="1895"><net_src comp="1890" pin="1"/><net_sink comp="1017" pin=0"/></net>

<net id="1896"><net_src comp="1890" pin="1"/><net_sink comp="801" pin=173"/></net>

<net id="1900"><net_src comp="110" pin="1"/><net_sink comp="1897" pin=0"/></net>

<net id="1901"><net_src comp="1897" pin="1"/><net_sink comp="632" pin=65"/></net>

<net id="1902"><net_src comp="1897" pin="1"/><net_sink comp="1021" pin=0"/></net>

<net id="1903"><net_src comp="1897" pin="1"/><net_sink comp="801" pin=172"/></net>

<net id="1907"><net_src comp="114" pin="1"/><net_sink comp="1904" pin=0"/></net>

<net id="1908"><net_src comp="1904" pin="1"/><net_sink comp="632" pin=64"/></net>

<net id="1909"><net_src comp="1904" pin="1"/><net_sink comp="1025" pin=0"/></net>

<net id="1910"><net_src comp="1904" pin="1"/><net_sink comp="801" pin=171"/></net>

<net id="1914"><net_src comp="118" pin="1"/><net_sink comp="1911" pin=0"/></net>

<net id="1915"><net_src comp="1911" pin="1"/><net_sink comp="632" pin=63"/></net>

<net id="1916"><net_src comp="1911" pin="1"/><net_sink comp="1029" pin=0"/></net>

<net id="1917"><net_src comp="1911" pin="1"/><net_sink comp="801" pin=170"/></net>

<net id="1921"><net_src comp="122" pin="1"/><net_sink comp="1918" pin=0"/></net>

<net id="1922"><net_src comp="1918" pin="1"/><net_sink comp="632" pin=62"/></net>

<net id="1923"><net_src comp="1918" pin="1"/><net_sink comp="1033" pin=0"/></net>

<net id="1924"><net_src comp="1918" pin="1"/><net_sink comp="801" pin=169"/></net>

<net id="1928"><net_src comp="126" pin="1"/><net_sink comp="1925" pin=0"/></net>

<net id="1929"><net_src comp="1925" pin="1"/><net_sink comp="632" pin=61"/></net>

<net id="1930"><net_src comp="1925" pin="1"/><net_sink comp="1037" pin=0"/></net>

<net id="1931"><net_src comp="1925" pin="1"/><net_sink comp="801" pin=168"/></net>

<net id="1935"><net_src comp="130" pin="1"/><net_sink comp="1932" pin=0"/></net>

<net id="1936"><net_src comp="1932" pin="1"/><net_sink comp="632" pin=60"/></net>

<net id="1937"><net_src comp="1932" pin="1"/><net_sink comp="1041" pin=0"/></net>

<net id="1938"><net_src comp="1932" pin="1"/><net_sink comp="801" pin=167"/></net>

<net id="1942"><net_src comp="134" pin="1"/><net_sink comp="1939" pin=0"/></net>

<net id="1943"><net_src comp="1939" pin="1"/><net_sink comp="632" pin=59"/></net>

<net id="1944"><net_src comp="1939" pin="1"/><net_sink comp="1045" pin=0"/></net>

<net id="1945"><net_src comp="1939" pin="1"/><net_sink comp="801" pin=166"/></net>

<net id="1949"><net_src comp="138" pin="1"/><net_sink comp="1946" pin=0"/></net>

<net id="1950"><net_src comp="1946" pin="1"/><net_sink comp="632" pin=58"/></net>

<net id="1951"><net_src comp="1946" pin="1"/><net_sink comp="1049" pin=0"/></net>

<net id="1952"><net_src comp="1946" pin="1"/><net_sink comp="801" pin=165"/></net>

<net id="1956"><net_src comp="142" pin="1"/><net_sink comp="1953" pin=0"/></net>

<net id="1957"><net_src comp="1953" pin="1"/><net_sink comp="632" pin=57"/></net>

<net id="1958"><net_src comp="1953" pin="1"/><net_sink comp="1053" pin=0"/></net>

<net id="1959"><net_src comp="1953" pin="1"/><net_sink comp="801" pin=164"/></net>

<net id="1963"><net_src comp="146" pin="1"/><net_sink comp="1960" pin=0"/></net>

<net id="1964"><net_src comp="1960" pin="1"/><net_sink comp="632" pin=56"/></net>

<net id="1965"><net_src comp="1960" pin="1"/><net_sink comp="1057" pin=0"/></net>

<net id="1966"><net_src comp="1960" pin="1"/><net_sink comp="801" pin=163"/></net>

<net id="1970"><net_src comp="150" pin="1"/><net_sink comp="1967" pin=0"/></net>

<net id="1971"><net_src comp="1967" pin="1"/><net_sink comp="632" pin=55"/></net>

<net id="1972"><net_src comp="1967" pin="1"/><net_sink comp="1061" pin=0"/></net>

<net id="1973"><net_src comp="1967" pin="1"/><net_sink comp="801" pin=162"/></net>

<net id="1977"><net_src comp="154" pin="1"/><net_sink comp="1974" pin=0"/></net>

<net id="1978"><net_src comp="1974" pin="1"/><net_sink comp="632" pin=54"/></net>

<net id="1979"><net_src comp="1974" pin="1"/><net_sink comp="1065" pin=0"/></net>

<net id="1980"><net_src comp="1974" pin="1"/><net_sink comp="801" pin=161"/></net>

<net id="1984"><net_src comp="158" pin="1"/><net_sink comp="1981" pin=0"/></net>

<net id="1985"><net_src comp="1981" pin="1"/><net_sink comp="632" pin=53"/></net>

<net id="1986"><net_src comp="1981" pin="1"/><net_sink comp="1069" pin=0"/></net>

<net id="1987"><net_src comp="1981" pin="1"/><net_sink comp="801" pin=160"/></net>

<net id="1991"><net_src comp="162" pin="1"/><net_sink comp="1988" pin=0"/></net>

<net id="1992"><net_src comp="1988" pin="1"/><net_sink comp="632" pin=52"/></net>

<net id="1993"><net_src comp="1988" pin="1"/><net_sink comp="1073" pin=0"/></net>

<net id="1994"><net_src comp="1988" pin="1"/><net_sink comp="801" pin=159"/></net>

<net id="1998"><net_src comp="166" pin="1"/><net_sink comp="1995" pin=0"/></net>

<net id="1999"><net_src comp="1995" pin="1"/><net_sink comp="632" pin=51"/></net>

<net id="2000"><net_src comp="1995" pin="1"/><net_sink comp="1448" pin=0"/></net>

<net id="2001"><net_src comp="1995" pin="1"/><net_sink comp="801" pin=158"/></net>

<net id="2005"><net_src comp="170" pin="1"/><net_sink comp="2002" pin=0"/></net>

<net id="2006"><net_src comp="2002" pin="1"/><net_sink comp="632" pin=50"/></net>

<net id="2007"><net_src comp="2002" pin="1"/><net_sink comp="1451" pin=0"/></net>

<net id="2008"><net_src comp="2002" pin="1"/><net_sink comp="801" pin=157"/></net>

<net id="2012"><net_src comp="174" pin="1"/><net_sink comp="2009" pin=0"/></net>

<net id="2013"><net_src comp="2009" pin="1"/><net_sink comp="632" pin=49"/></net>

<net id="2014"><net_src comp="2009" pin="1"/><net_sink comp="1454" pin=0"/></net>

<net id="2015"><net_src comp="2009" pin="1"/><net_sink comp="801" pin=156"/></net>

<net id="2019"><net_src comp="178" pin="1"/><net_sink comp="2016" pin=0"/></net>

<net id="2020"><net_src comp="2016" pin="1"/><net_sink comp="632" pin=48"/></net>

<net id="2021"><net_src comp="2016" pin="1"/><net_sink comp="1457" pin=0"/></net>

<net id="2022"><net_src comp="2016" pin="1"/><net_sink comp="801" pin=155"/></net>

<net id="2026"><net_src comp="182" pin="1"/><net_sink comp="2023" pin=0"/></net>

<net id="2027"><net_src comp="2023" pin="1"/><net_sink comp="632" pin=47"/></net>

<net id="2028"><net_src comp="2023" pin="1"/><net_sink comp="1460" pin=0"/></net>

<net id="2029"><net_src comp="2023" pin="1"/><net_sink comp="801" pin=154"/></net>

<net id="2033"><net_src comp="186" pin="1"/><net_sink comp="2030" pin=0"/></net>

<net id="2034"><net_src comp="2030" pin="1"/><net_sink comp="632" pin=46"/></net>

<net id="2035"><net_src comp="2030" pin="1"/><net_sink comp="1463" pin=0"/></net>

<net id="2036"><net_src comp="2030" pin="1"/><net_sink comp="801" pin=153"/></net>

<net id="2040"><net_src comp="190" pin="1"/><net_sink comp="2037" pin=0"/></net>

<net id="2041"><net_src comp="2037" pin="1"/><net_sink comp="632" pin=45"/></net>

<net id="2042"><net_src comp="2037" pin="1"/><net_sink comp="1466" pin=0"/></net>

<net id="2043"><net_src comp="2037" pin="1"/><net_sink comp="801" pin=152"/></net>

<net id="2047"><net_src comp="194" pin="1"/><net_sink comp="2044" pin=0"/></net>

<net id="2048"><net_src comp="2044" pin="1"/><net_sink comp="632" pin=44"/></net>

<net id="2049"><net_src comp="2044" pin="1"/><net_sink comp="1469" pin=0"/></net>

<net id="2050"><net_src comp="2044" pin="1"/><net_sink comp="801" pin=151"/></net>

<net id="2054"><net_src comp="198" pin="1"/><net_sink comp="2051" pin=0"/></net>

<net id="2055"><net_src comp="2051" pin="1"/><net_sink comp="632" pin=43"/></net>

<net id="2056"><net_src comp="2051" pin="1"/><net_sink comp="801" pin=150"/></net>

<net id="2060"><net_src comp="202" pin="1"/><net_sink comp="2057" pin=0"/></net>

<net id="2061"><net_src comp="2057" pin="1"/><net_sink comp="632" pin=42"/></net>

<net id="2062"><net_src comp="2057" pin="1"/><net_sink comp="1472" pin=0"/></net>

<net id="2063"><net_src comp="2057" pin="1"/><net_sink comp="801" pin=149"/></net>

<net id="2067"><net_src comp="206" pin="1"/><net_sink comp="2064" pin=0"/></net>

<net id="2068"><net_src comp="2064" pin="1"/><net_sink comp="632" pin=41"/></net>

<net id="2069"><net_src comp="2064" pin="1"/><net_sink comp="1475" pin=0"/></net>

<net id="2070"><net_src comp="2064" pin="1"/><net_sink comp="801" pin=148"/></net>

<net id="2074"><net_src comp="210" pin="1"/><net_sink comp="2071" pin=0"/></net>

<net id="2075"><net_src comp="2071" pin="1"/><net_sink comp="632" pin=40"/></net>

<net id="2076"><net_src comp="2071" pin="1"/><net_sink comp="1478" pin=0"/></net>

<net id="2077"><net_src comp="2071" pin="1"/><net_sink comp="801" pin=147"/></net>

<net id="2081"><net_src comp="214" pin="1"/><net_sink comp="2078" pin=0"/></net>

<net id="2082"><net_src comp="2078" pin="1"/><net_sink comp="632" pin=39"/></net>

<net id="2083"><net_src comp="2078" pin="1"/><net_sink comp="1481" pin=0"/></net>

<net id="2084"><net_src comp="2078" pin="1"/><net_sink comp="801" pin=146"/></net>

<net id="2088"><net_src comp="218" pin="1"/><net_sink comp="2085" pin=0"/></net>

<net id="2089"><net_src comp="2085" pin="1"/><net_sink comp="632" pin=38"/></net>

<net id="2090"><net_src comp="2085" pin="1"/><net_sink comp="1484" pin=0"/></net>

<net id="2091"><net_src comp="2085" pin="1"/><net_sink comp="801" pin=145"/></net>

<net id="2095"><net_src comp="222" pin="1"/><net_sink comp="2092" pin=0"/></net>

<net id="2096"><net_src comp="2092" pin="1"/><net_sink comp="632" pin=37"/></net>

<net id="2097"><net_src comp="2092" pin="1"/><net_sink comp="1487" pin=0"/></net>

<net id="2098"><net_src comp="2092" pin="1"/><net_sink comp="801" pin=144"/></net>

<net id="2102"><net_src comp="226" pin="1"/><net_sink comp="2099" pin=0"/></net>

<net id="2103"><net_src comp="2099" pin="1"/><net_sink comp="632" pin=36"/></net>

<net id="2104"><net_src comp="2099" pin="1"/><net_sink comp="1490" pin=0"/></net>

<net id="2105"><net_src comp="2099" pin="1"/><net_sink comp="801" pin=143"/></net>

<net id="2109"><net_src comp="230" pin="1"/><net_sink comp="2106" pin=0"/></net>

<net id="2110"><net_src comp="2106" pin="1"/><net_sink comp="632" pin=35"/></net>

<net id="2111"><net_src comp="2106" pin="1"/><net_sink comp="1493" pin=0"/></net>

<net id="2112"><net_src comp="2106" pin="1"/><net_sink comp="801" pin=142"/></net>

<net id="2116"><net_src comp="234" pin="1"/><net_sink comp="2113" pin=0"/></net>

<net id="2117"><net_src comp="2113" pin="1"/><net_sink comp="632" pin=34"/></net>

<net id="2118"><net_src comp="2113" pin="1"/><net_sink comp="1496" pin=0"/></net>

<net id="2119"><net_src comp="2113" pin="1"/><net_sink comp="801" pin=141"/></net>

<net id="2123"><net_src comp="238" pin="1"/><net_sink comp="2120" pin=0"/></net>

<net id="2124"><net_src comp="2120" pin="1"/><net_sink comp="632" pin=33"/></net>

<net id="2125"><net_src comp="2120" pin="1"/><net_sink comp="1499" pin=0"/></net>

<net id="2126"><net_src comp="2120" pin="1"/><net_sink comp="801" pin=140"/></net>

<net id="2130"><net_src comp="242" pin="1"/><net_sink comp="2127" pin=0"/></net>

<net id="2131"><net_src comp="2127" pin="1"/><net_sink comp="632" pin=32"/></net>

<net id="2132"><net_src comp="2127" pin="1"/><net_sink comp="1502" pin=0"/></net>

<net id="2133"><net_src comp="2127" pin="1"/><net_sink comp="801" pin=139"/></net>

<net id="2137"><net_src comp="246" pin="1"/><net_sink comp="2134" pin=0"/></net>

<net id="2138"><net_src comp="2134" pin="1"/><net_sink comp="632" pin=31"/></net>

<net id="2139"><net_src comp="2134" pin="1"/><net_sink comp="1505" pin=0"/></net>

<net id="2140"><net_src comp="2134" pin="1"/><net_sink comp="801" pin=138"/></net>

<net id="2144"><net_src comp="250" pin="1"/><net_sink comp="2141" pin=0"/></net>

<net id="2145"><net_src comp="2141" pin="1"/><net_sink comp="632" pin=30"/></net>

<net id="2146"><net_src comp="2141" pin="1"/><net_sink comp="1508" pin=0"/></net>

<net id="2147"><net_src comp="2141" pin="1"/><net_sink comp="801" pin=137"/></net>

<net id="2151"><net_src comp="254" pin="1"/><net_sink comp="2148" pin=0"/></net>

<net id="2152"><net_src comp="2148" pin="1"/><net_sink comp="632" pin=29"/></net>

<net id="2153"><net_src comp="2148" pin="1"/><net_sink comp="1511" pin=0"/></net>

<net id="2154"><net_src comp="2148" pin="1"/><net_sink comp="801" pin=136"/></net>

<net id="2158"><net_src comp="258" pin="1"/><net_sink comp="2155" pin=0"/></net>

<net id="2159"><net_src comp="2155" pin="1"/><net_sink comp="632" pin=28"/></net>

<net id="2160"><net_src comp="2155" pin="1"/><net_sink comp="1514" pin=0"/></net>

<net id="2161"><net_src comp="2155" pin="1"/><net_sink comp="801" pin=135"/></net>

<net id="2165"><net_src comp="262" pin="1"/><net_sink comp="2162" pin=0"/></net>

<net id="2166"><net_src comp="2162" pin="1"/><net_sink comp="632" pin=27"/></net>

<net id="2167"><net_src comp="2162" pin="1"/><net_sink comp="1517" pin=0"/></net>

<net id="2168"><net_src comp="2162" pin="1"/><net_sink comp="801" pin=134"/></net>

<net id="2172"><net_src comp="266" pin="1"/><net_sink comp="2169" pin=0"/></net>

<net id="2173"><net_src comp="2169" pin="1"/><net_sink comp="632" pin=26"/></net>

<net id="2174"><net_src comp="2169" pin="1"/><net_sink comp="1520" pin=0"/></net>

<net id="2175"><net_src comp="2169" pin="1"/><net_sink comp="801" pin=133"/></net>

<net id="2179"><net_src comp="270" pin="1"/><net_sink comp="2176" pin=0"/></net>

<net id="2180"><net_src comp="2176" pin="1"/><net_sink comp="632" pin=25"/></net>

<net id="2181"><net_src comp="2176" pin="1"/><net_sink comp="1523" pin=0"/></net>

<net id="2182"><net_src comp="2176" pin="1"/><net_sink comp="801" pin=132"/></net>

<net id="2186"><net_src comp="274" pin="1"/><net_sink comp="2183" pin=0"/></net>

<net id="2187"><net_src comp="2183" pin="1"/><net_sink comp="632" pin=24"/></net>

<net id="2188"><net_src comp="2183" pin="1"/><net_sink comp="1526" pin=0"/></net>

<net id="2189"><net_src comp="2183" pin="1"/><net_sink comp="801" pin=131"/></net>

<net id="2193"><net_src comp="278" pin="1"/><net_sink comp="2190" pin=0"/></net>

<net id="2194"><net_src comp="2190" pin="1"/><net_sink comp="632" pin=23"/></net>

<net id="2195"><net_src comp="2190" pin="1"/><net_sink comp="1529" pin=0"/></net>

<net id="2196"><net_src comp="2190" pin="1"/><net_sink comp="801" pin=130"/></net>

<net id="2200"><net_src comp="282" pin="1"/><net_sink comp="2197" pin=0"/></net>

<net id="2201"><net_src comp="2197" pin="1"/><net_sink comp="632" pin=22"/></net>

<net id="2202"><net_src comp="2197" pin="1"/><net_sink comp="1532" pin=0"/></net>

<net id="2203"><net_src comp="2197" pin="1"/><net_sink comp="801" pin=129"/></net>

<net id="2207"><net_src comp="286" pin="1"/><net_sink comp="2204" pin=0"/></net>

<net id="2208"><net_src comp="2204" pin="1"/><net_sink comp="632" pin=21"/></net>

<net id="2209"><net_src comp="2204" pin="1"/><net_sink comp="1535" pin=0"/></net>

<net id="2210"><net_src comp="2204" pin="1"/><net_sink comp="801" pin=128"/></net>

<net id="2214"><net_src comp="290" pin="1"/><net_sink comp="2211" pin=0"/></net>

<net id="2215"><net_src comp="2211" pin="1"/><net_sink comp="632" pin=20"/></net>

<net id="2216"><net_src comp="2211" pin="1"/><net_sink comp="1538" pin=0"/></net>

<net id="2217"><net_src comp="2211" pin="1"/><net_sink comp="801" pin=127"/></net>

<net id="2221"><net_src comp="294" pin="1"/><net_sink comp="2218" pin=0"/></net>

<net id="2222"><net_src comp="2218" pin="1"/><net_sink comp="632" pin=19"/></net>

<net id="2223"><net_src comp="2218" pin="1"/><net_sink comp="1541" pin=0"/></net>

<net id="2224"><net_src comp="2218" pin="1"/><net_sink comp="801" pin=126"/></net>

<net id="2228"><net_src comp="298" pin="1"/><net_sink comp="2225" pin=0"/></net>

<net id="2229"><net_src comp="2225" pin="1"/><net_sink comp="632" pin=18"/></net>

<net id="2230"><net_src comp="2225" pin="1"/><net_sink comp="1544" pin=0"/></net>

<net id="2231"><net_src comp="2225" pin="1"/><net_sink comp="801" pin=125"/></net>

<net id="2235"><net_src comp="302" pin="1"/><net_sink comp="2232" pin=0"/></net>

<net id="2236"><net_src comp="2232" pin="1"/><net_sink comp="632" pin=17"/></net>

<net id="2237"><net_src comp="2232" pin="1"/><net_sink comp="1547" pin=0"/></net>

<net id="2238"><net_src comp="2232" pin="1"/><net_sink comp="801" pin=124"/></net>

<net id="2242"><net_src comp="306" pin="1"/><net_sink comp="2239" pin=0"/></net>

<net id="2243"><net_src comp="2239" pin="1"/><net_sink comp="632" pin=16"/></net>

<net id="2244"><net_src comp="2239" pin="1"/><net_sink comp="1550" pin=0"/></net>

<net id="2245"><net_src comp="2239" pin="1"/><net_sink comp="801" pin=123"/></net>

<net id="2249"><net_src comp="310" pin="1"/><net_sink comp="2246" pin=0"/></net>

<net id="2250"><net_src comp="2246" pin="1"/><net_sink comp="632" pin=15"/></net>

<net id="2251"><net_src comp="2246" pin="1"/><net_sink comp="1553" pin=0"/></net>

<net id="2252"><net_src comp="2246" pin="1"/><net_sink comp="801" pin=122"/></net>

<net id="2256"><net_src comp="314" pin="1"/><net_sink comp="2253" pin=0"/></net>

<net id="2257"><net_src comp="2253" pin="1"/><net_sink comp="632" pin=14"/></net>

<net id="2258"><net_src comp="2253" pin="1"/><net_sink comp="1556" pin=0"/></net>

<net id="2259"><net_src comp="2253" pin="1"/><net_sink comp="801" pin=121"/></net>

<net id="2263"><net_src comp="318" pin="1"/><net_sink comp="2260" pin=0"/></net>

<net id="2264"><net_src comp="2260" pin="1"/><net_sink comp="632" pin=13"/></net>

<net id="2265"><net_src comp="2260" pin="1"/><net_sink comp="1559" pin=0"/></net>

<net id="2266"><net_src comp="2260" pin="1"/><net_sink comp="801" pin=120"/></net>

<net id="2270"><net_src comp="322" pin="1"/><net_sink comp="2267" pin=0"/></net>

<net id="2271"><net_src comp="2267" pin="1"/><net_sink comp="632" pin=12"/></net>

<net id="2272"><net_src comp="2267" pin="1"/><net_sink comp="1562" pin=0"/></net>

<net id="2273"><net_src comp="2267" pin="1"/><net_sink comp="801" pin=119"/></net>

<net id="2277"><net_src comp="326" pin="1"/><net_sink comp="2274" pin=0"/></net>

<net id="2278"><net_src comp="2274" pin="1"/><net_sink comp="632" pin=11"/></net>

<net id="2279"><net_src comp="2274" pin="1"/><net_sink comp="1574" pin=0"/></net>

<net id="2280"><net_src comp="2274" pin="1"/><net_sink comp="801" pin=118"/></net>

<net id="2284"><net_src comp="330" pin="1"/><net_sink comp="2281" pin=0"/></net>

<net id="2285"><net_src comp="2281" pin="1"/><net_sink comp="1419" pin=1"/></net>

<net id="2286"><net_src comp="2281" pin="1"/><net_sink comp="1578" pin=0"/></net>

<net id="2287"><net_src comp="2281" pin="1"/><net_sink comp="801" pin=117"/></net>

<net id="2291"><net_src comp="334" pin="1"/><net_sink comp="2288" pin=0"/></net>

<net id="2292"><net_src comp="2288" pin="1"/><net_sink comp="1414" pin=1"/></net>

<net id="2293"><net_src comp="2288" pin="1"/><net_sink comp="1582" pin=0"/></net>

<net id="2294"><net_src comp="2288" pin="1"/><net_sink comp="801" pin=116"/></net>

<net id="2298"><net_src comp="338" pin="1"/><net_sink comp="2295" pin=0"/></net>

<net id="2299"><net_src comp="2295" pin="1"/><net_sink comp="1409" pin=1"/></net>

<net id="2300"><net_src comp="2295" pin="1"/><net_sink comp="1586" pin=0"/></net>

<net id="2301"><net_src comp="2295" pin="1"/><net_sink comp="801" pin=115"/></net>

<net id="2305"><net_src comp="342" pin="1"/><net_sink comp="2302" pin=0"/></net>

<net id="2306"><net_src comp="2302" pin="1"/><net_sink comp="1404" pin=1"/></net>

<net id="2307"><net_src comp="2302" pin="1"/><net_sink comp="1590" pin=0"/></net>

<net id="2308"><net_src comp="2302" pin="1"/><net_sink comp="801" pin=114"/></net>

<net id="2312"><net_src comp="346" pin="1"/><net_sink comp="2309" pin=0"/></net>

<net id="2313"><net_src comp="2309" pin="1"/><net_sink comp="632" pin=10"/></net>

<net id="2314"><net_src comp="2309" pin="1"/><net_sink comp="1594" pin=0"/></net>

<net id="2315"><net_src comp="2309" pin="1"/><net_sink comp="801" pin=113"/></net>

<net id="2319"><net_src comp="350" pin="1"/><net_sink comp="2316" pin=0"/></net>

<net id="2320"><net_src comp="2316" pin="1"/><net_sink comp="1399" pin=1"/></net>

<net id="2321"><net_src comp="2316" pin="1"/><net_sink comp="1598" pin=0"/></net>

<net id="2322"><net_src comp="2316" pin="1"/><net_sink comp="801" pin=112"/></net>

<net id="2326"><net_src comp="354" pin="1"/><net_sink comp="2323" pin=0"/></net>

<net id="2327"><net_src comp="2323" pin="1"/><net_sink comp="1394" pin=1"/></net>

<net id="2328"><net_src comp="2323" pin="1"/><net_sink comp="1602" pin=0"/></net>

<net id="2329"><net_src comp="2323" pin="1"/><net_sink comp="801" pin=111"/></net>

<net id="2333"><net_src comp="358" pin="1"/><net_sink comp="2330" pin=0"/></net>

<net id="2334"><net_src comp="2330" pin="1"/><net_sink comp="1389" pin=1"/></net>

<net id="2335"><net_src comp="2330" pin="1"/><net_sink comp="1606" pin=0"/></net>

<net id="2336"><net_src comp="2330" pin="1"/><net_sink comp="801" pin=110"/></net>

<net id="2340"><net_src comp="362" pin="1"/><net_sink comp="2337" pin=0"/></net>

<net id="2341"><net_src comp="2337" pin="1"/><net_sink comp="1384" pin=1"/></net>

<net id="2342"><net_src comp="2337" pin="1"/><net_sink comp="1610" pin=0"/></net>

<net id="2343"><net_src comp="2337" pin="1"/><net_sink comp="801" pin=109"/></net>

<net id="2347"><net_src comp="366" pin="1"/><net_sink comp="2344" pin=0"/></net>

<net id="2348"><net_src comp="2344" pin="1"/><net_sink comp="632" pin=9"/></net>

<net id="2349"><net_src comp="2344" pin="1"/><net_sink comp="1614" pin=0"/></net>

<net id="2350"><net_src comp="2344" pin="1"/><net_sink comp="801" pin=108"/></net>

<net id="2354"><net_src comp="370" pin="1"/><net_sink comp="2351" pin=0"/></net>

<net id="2355"><net_src comp="2351" pin="1"/><net_sink comp="1379" pin=1"/></net>

<net id="2356"><net_src comp="2351" pin="1"/><net_sink comp="1618" pin=0"/></net>

<net id="2357"><net_src comp="2351" pin="1"/><net_sink comp="801" pin=107"/></net>

<net id="2361"><net_src comp="374" pin="1"/><net_sink comp="2358" pin=0"/></net>

<net id="2362"><net_src comp="2358" pin="1"/><net_sink comp="1374" pin=1"/></net>

<net id="2363"><net_src comp="2358" pin="1"/><net_sink comp="1622" pin=0"/></net>

<net id="2364"><net_src comp="2358" pin="1"/><net_sink comp="801" pin=106"/></net>

<net id="2368"><net_src comp="378" pin="1"/><net_sink comp="2365" pin=0"/></net>

<net id="2369"><net_src comp="2365" pin="1"/><net_sink comp="1369" pin=1"/></net>

<net id="2370"><net_src comp="2365" pin="1"/><net_sink comp="1626" pin=0"/></net>

<net id="2371"><net_src comp="2365" pin="1"/><net_sink comp="801" pin=105"/></net>

<net id="2375"><net_src comp="382" pin="1"/><net_sink comp="2372" pin=0"/></net>

<net id="2376"><net_src comp="2372" pin="1"/><net_sink comp="1364" pin=1"/></net>

<net id="2377"><net_src comp="2372" pin="1"/><net_sink comp="1630" pin=0"/></net>

<net id="2378"><net_src comp="2372" pin="1"/><net_sink comp="801" pin=104"/></net>

<net id="2382"><net_src comp="386" pin="1"/><net_sink comp="2379" pin=0"/></net>

<net id="2383"><net_src comp="2379" pin="1"/><net_sink comp="632" pin=8"/></net>

<net id="2384"><net_src comp="2379" pin="1"/><net_sink comp="1634" pin=0"/></net>

<net id="2385"><net_src comp="2379" pin="1"/><net_sink comp="801" pin=103"/></net>

<net id="2389"><net_src comp="390" pin="1"/><net_sink comp="2386" pin=0"/></net>

<net id="2390"><net_src comp="2386" pin="1"/><net_sink comp="632" pin=7"/></net>

<net id="2391"><net_src comp="2386" pin="1"/><net_sink comp="1638" pin=0"/></net>

<net id="2392"><net_src comp="2386" pin="1"/><net_sink comp="801" pin=102"/></net>

<net id="2396"><net_src comp="394" pin="1"/><net_sink comp="2393" pin=0"/></net>

<net id="2397"><net_src comp="2393" pin="1"/><net_sink comp="1359" pin=1"/></net>

<net id="2398"><net_src comp="2393" pin="1"/><net_sink comp="1642" pin=0"/></net>

<net id="2399"><net_src comp="2393" pin="1"/><net_sink comp="801" pin=101"/></net>

<net id="2403"><net_src comp="398" pin="1"/><net_sink comp="2400" pin=0"/></net>

<net id="2404"><net_src comp="2400" pin="1"/><net_sink comp="1354" pin=1"/></net>

<net id="2405"><net_src comp="2400" pin="1"/><net_sink comp="1646" pin=0"/></net>

<net id="2406"><net_src comp="2400" pin="1"/><net_sink comp="801" pin=100"/></net>

<net id="2410"><net_src comp="402" pin="1"/><net_sink comp="2407" pin=0"/></net>

<net id="2411"><net_src comp="2407" pin="1"/><net_sink comp="1349" pin=1"/></net>

<net id="2412"><net_src comp="2407" pin="1"/><net_sink comp="1650" pin=0"/></net>

<net id="2413"><net_src comp="2407" pin="1"/><net_sink comp="801" pin=99"/></net>

<net id="2417"><net_src comp="406" pin="1"/><net_sink comp="2414" pin=0"/></net>

<net id="2418"><net_src comp="2414" pin="1"/><net_sink comp="1344" pin=1"/></net>

<net id="2419"><net_src comp="2414" pin="1"/><net_sink comp="1654" pin=0"/></net>

<net id="2420"><net_src comp="2414" pin="1"/><net_sink comp="801" pin=98"/></net>

<net id="2424"><net_src comp="410" pin="1"/><net_sink comp="2421" pin=0"/></net>

<net id="2425"><net_src comp="2421" pin="1"/><net_sink comp="632" pin=6"/></net>

<net id="2426"><net_src comp="2421" pin="1"/><net_sink comp="1658" pin=0"/></net>

<net id="2427"><net_src comp="2421" pin="1"/><net_sink comp="801" pin=97"/></net>

<net id="2431"><net_src comp="414" pin="1"/><net_sink comp="2428" pin=0"/></net>

<net id="2432"><net_src comp="2428" pin="1"/><net_sink comp="1339" pin=1"/></net>

<net id="2433"><net_src comp="2428" pin="1"/><net_sink comp="1662" pin=0"/></net>

<net id="2434"><net_src comp="2428" pin="1"/><net_sink comp="801" pin=96"/></net>

<net id="2438"><net_src comp="418" pin="1"/><net_sink comp="2435" pin=0"/></net>

<net id="2439"><net_src comp="2435" pin="1"/><net_sink comp="1334" pin=1"/></net>

<net id="2440"><net_src comp="2435" pin="1"/><net_sink comp="1666" pin=0"/></net>

<net id="2441"><net_src comp="2435" pin="1"/><net_sink comp="801" pin=95"/></net>

<net id="2445"><net_src comp="422" pin="1"/><net_sink comp="2442" pin=0"/></net>

<net id="2446"><net_src comp="2442" pin="1"/><net_sink comp="1329" pin=1"/></net>

<net id="2447"><net_src comp="2442" pin="1"/><net_sink comp="1670" pin=0"/></net>

<net id="2448"><net_src comp="2442" pin="1"/><net_sink comp="801" pin=94"/></net>

<net id="2452"><net_src comp="426" pin="1"/><net_sink comp="2449" pin=0"/></net>

<net id="2453"><net_src comp="2449" pin="1"/><net_sink comp="1324" pin=1"/></net>

<net id="2454"><net_src comp="2449" pin="1"/><net_sink comp="1674" pin=0"/></net>

<net id="2455"><net_src comp="2449" pin="1"/><net_sink comp="801" pin=93"/></net>

<net id="2459"><net_src comp="430" pin="1"/><net_sink comp="2456" pin=0"/></net>

<net id="2460"><net_src comp="2456" pin="1"/><net_sink comp="1319" pin=1"/></net>

<net id="2461"><net_src comp="2456" pin="1"/><net_sink comp="1678" pin=0"/></net>

<net id="2462"><net_src comp="2456" pin="1"/><net_sink comp="801" pin=92"/></net>

<net id="2466"><net_src comp="434" pin="1"/><net_sink comp="2463" pin=0"/></net>

<net id="2467"><net_src comp="2463" pin="1"/><net_sink comp="1314" pin=1"/></net>

<net id="2468"><net_src comp="2463" pin="1"/><net_sink comp="1682" pin=0"/></net>

<net id="2469"><net_src comp="2463" pin="1"/><net_sink comp="801" pin=91"/></net>

<net id="2473"><net_src comp="438" pin="1"/><net_sink comp="2470" pin=0"/></net>

<net id="2474"><net_src comp="2470" pin="1"/><net_sink comp="1309" pin=1"/></net>

<net id="2475"><net_src comp="2470" pin="1"/><net_sink comp="1686" pin=0"/></net>

<net id="2476"><net_src comp="2470" pin="1"/><net_sink comp="801" pin=90"/></net>

<net id="2480"><net_src comp="442" pin="1"/><net_sink comp="2477" pin=0"/></net>

<net id="2481"><net_src comp="2477" pin="1"/><net_sink comp="1304" pin=1"/></net>

<net id="2482"><net_src comp="2477" pin="1"/><net_sink comp="1690" pin=0"/></net>

<net id="2483"><net_src comp="2477" pin="1"/><net_sink comp="801" pin=89"/></net>

<net id="2487"><net_src comp="446" pin="1"/><net_sink comp="2484" pin=0"/></net>

<net id="2488"><net_src comp="2484" pin="1"/><net_sink comp="1299" pin=1"/></net>

<net id="2489"><net_src comp="2484" pin="1"/><net_sink comp="1694" pin=0"/></net>

<net id="2490"><net_src comp="2484" pin="1"/><net_sink comp="801" pin=88"/></net>

<net id="2494"><net_src comp="450" pin="1"/><net_sink comp="2491" pin=0"/></net>

<net id="2495"><net_src comp="2491" pin="1"/><net_sink comp="1294" pin=1"/></net>

<net id="2496"><net_src comp="2491" pin="1"/><net_sink comp="1698" pin=0"/></net>

<net id="2497"><net_src comp="2491" pin="1"/><net_sink comp="801" pin=87"/></net>

<net id="2501"><net_src comp="454" pin="1"/><net_sink comp="2498" pin=0"/></net>

<net id="2502"><net_src comp="2498" pin="1"/><net_sink comp="1289" pin=1"/></net>

<net id="2503"><net_src comp="2498" pin="1"/><net_sink comp="1702" pin=0"/></net>

<net id="2504"><net_src comp="2498" pin="1"/><net_sink comp="801" pin=86"/></net>

<net id="2508"><net_src comp="458" pin="1"/><net_sink comp="2505" pin=0"/></net>

<net id="2509"><net_src comp="2505" pin="1"/><net_sink comp="1284" pin=1"/></net>

<net id="2510"><net_src comp="2505" pin="1"/><net_sink comp="1706" pin=0"/></net>

<net id="2511"><net_src comp="2505" pin="1"/><net_sink comp="801" pin=85"/></net>

<net id="2515"><net_src comp="462" pin="1"/><net_sink comp="2512" pin=0"/></net>

<net id="2516"><net_src comp="2512" pin="1"/><net_sink comp="1279" pin=1"/></net>

<net id="2517"><net_src comp="2512" pin="1"/><net_sink comp="1710" pin=0"/></net>

<net id="2518"><net_src comp="2512" pin="1"/><net_sink comp="801" pin=84"/></net>

<net id="2522"><net_src comp="466" pin="1"/><net_sink comp="2519" pin=0"/></net>

<net id="2523"><net_src comp="2519" pin="1"/><net_sink comp="1274" pin=1"/></net>

<net id="2524"><net_src comp="2519" pin="1"/><net_sink comp="1714" pin=0"/></net>

<net id="2525"><net_src comp="2519" pin="1"/><net_sink comp="801" pin=83"/></net>

<net id="2529"><net_src comp="470" pin="1"/><net_sink comp="2526" pin=0"/></net>

<net id="2530"><net_src comp="2526" pin="1"/><net_sink comp="1269" pin=1"/></net>

<net id="2531"><net_src comp="2526" pin="1"/><net_sink comp="1718" pin=0"/></net>

<net id="2532"><net_src comp="2526" pin="1"/><net_sink comp="801" pin=82"/></net>

<net id="2536"><net_src comp="474" pin="1"/><net_sink comp="2533" pin=0"/></net>

<net id="2537"><net_src comp="2533" pin="1"/><net_sink comp="1264" pin=1"/></net>

<net id="2538"><net_src comp="2533" pin="1"/><net_sink comp="1722" pin=0"/></net>

<net id="2539"><net_src comp="2533" pin="1"/><net_sink comp="801" pin=81"/></net>

<net id="2543"><net_src comp="478" pin="1"/><net_sink comp="2540" pin=0"/></net>

<net id="2544"><net_src comp="2540" pin="1"/><net_sink comp="1259" pin=1"/></net>

<net id="2545"><net_src comp="2540" pin="1"/><net_sink comp="1726" pin=0"/></net>

<net id="2546"><net_src comp="2540" pin="1"/><net_sink comp="801" pin=80"/></net>

<net id="2550"><net_src comp="482" pin="1"/><net_sink comp="2547" pin=0"/></net>

<net id="2551"><net_src comp="2547" pin="1"/><net_sink comp="1254" pin=1"/></net>

<net id="2552"><net_src comp="2547" pin="1"/><net_sink comp="1730" pin=0"/></net>

<net id="2553"><net_src comp="2547" pin="1"/><net_sink comp="801" pin=79"/></net>

<net id="2557"><net_src comp="486" pin="1"/><net_sink comp="2554" pin=0"/></net>

<net id="2558"><net_src comp="2554" pin="1"/><net_sink comp="1249" pin=1"/></net>

<net id="2559"><net_src comp="2554" pin="1"/><net_sink comp="1734" pin=0"/></net>

<net id="2560"><net_src comp="2554" pin="1"/><net_sink comp="801" pin=78"/></net>

<net id="2564"><net_src comp="490" pin="1"/><net_sink comp="2561" pin=0"/></net>

<net id="2565"><net_src comp="2561" pin="1"/><net_sink comp="1244" pin=1"/></net>

<net id="2566"><net_src comp="2561" pin="1"/><net_sink comp="1738" pin=0"/></net>

<net id="2567"><net_src comp="2561" pin="1"/><net_sink comp="801" pin=77"/></net>

<net id="2571"><net_src comp="494" pin="1"/><net_sink comp="2568" pin=0"/></net>

<net id="2572"><net_src comp="2568" pin="1"/><net_sink comp="1239" pin=1"/></net>

<net id="2573"><net_src comp="2568" pin="1"/><net_sink comp="1742" pin=0"/></net>

<net id="2574"><net_src comp="2568" pin="1"/><net_sink comp="801" pin=76"/></net>

<net id="2578"><net_src comp="498" pin="1"/><net_sink comp="2575" pin=0"/></net>

<net id="2579"><net_src comp="2575" pin="1"/><net_sink comp="1234" pin=1"/></net>

<net id="2580"><net_src comp="2575" pin="1"/><net_sink comp="1746" pin=0"/></net>

<net id="2581"><net_src comp="2575" pin="1"/><net_sink comp="801" pin=75"/></net>

<net id="2585"><net_src comp="502" pin="1"/><net_sink comp="2582" pin=0"/></net>

<net id="2586"><net_src comp="2582" pin="1"/><net_sink comp="1229" pin=1"/></net>

<net id="2587"><net_src comp="2582" pin="1"/><net_sink comp="1750" pin=0"/></net>

<net id="2588"><net_src comp="2582" pin="1"/><net_sink comp="801" pin=74"/></net>

<net id="2592"><net_src comp="506" pin="1"/><net_sink comp="2589" pin=0"/></net>

<net id="2593"><net_src comp="2589" pin="1"/><net_sink comp="1224" pin=1"/></net>

<net id="2594"><net_src comp="2589" pin="1"/><net_sink comp="1754" pin=0"/></net>

<net id="2595"><net_src comp="2589" pin="1"/><net_sink comp="801" pin=73"/></net>

<net id="2599"><net_src comp="510" pin="1"/><net_sink comp="2596" pin=0"/></net>

<net id="2600"><net_src comp="2596" pin="1"/><net_sink comp="1219" pin=1"/></net>

<net id="2601"><net_src comp="2596" pin="1"/><net_sink comp="1758" pin=0"/></net>

<net id="2602"><net_src comp="2596" pin="1"/><net_sink comp="801" pin=72"/></net>

<net id="2606"><net_src comp="514" pin="1"/><net_sink comp="2603" pin=0"/></net>

<net id="2607"><net_src comp="2603" pin="1"/><net_sink comp="1214" pin=1"/></net>

<net id="2608"><net_src comp="2603" pin="1"/><net_sink comp="1762" pin=0"/></net>

<net id="2609"><net_src comp="2603" pin="1"/><net_sink comp="801" pin=71"/></net>

<net id="2613"><net_src comp="518" pin="1"/><net_sink comp="2610" pin=0"/></net>

<net id="2614"><net_src comp="2610" pin="1"/><net_sink comp="1209" pin=1"/></net>

<net id="2615"><net_src comp="2610" pin="1"/><net_sink comp="1766" pin=0"/></net>

<net id="2616"><net_src comp="2610" pin="1"/><net_sink comp="801" pin=70"/></net>

<net id="2620"><net_src comp="522" pin="1"/><net_sink comp="2617" pin=0"/></net>

<net id="2621"><net_src comp="2617" pin="1"/><net_sink comp="1204" pin=1"/></net>

<net id="2622"><net_src comp="2617" pin="1"/><net_sink comp="1770" pin=0"/></net>

<net id="2623"><net_src comp="2617" pin="1"/><net_sink comp="801" pin=69"/></net>

<net id="2627"><net_src comp="526" pin="1"/><net_sink comp="2624" pin=0"/></net>

<net id="2628"><net_src comp="2624" pin="1"/><net_sink comp="632" pin=5"/></net>

<net id="2629"><net_src comp="2624" pin="1"/><net_sink comp="1774" pin=0"/></net>

<net id="2630"><net_src comp="2624" pin="1"/><net_sink comp="801" pin=68"/></net>

<net id="2634"><net_src comp="530" pin="1"/><net_sink comp="2631" pin=0"/></net>

<net id="2635"><net_src comp="2631" pin="1"/><net_sink comp="1199" pin=1"/></net>

<net id="2636"><net_src comp="2631" pin="1"/><net_sink comp="1778" pin=0"/></net>

<net id="2637"><net_src comp="2631" pin="1"/><net_sink comp="801" pin=67"/></net>

<net id="2641"><net_src comp="534" pin="1"/><net_sink comp="2638" pin=0"/></net>

<net id="2642"><net_src comp="2638" pin="1"/><net_sink comp="1194" pin=1"/></net>

<net id="2643"><net_src comp="2638" pin="1"/><net_sink comp="1782" pin=0"/></net>

<net id="2644"><net_src comp="2638" pin="1"/><net_sink comp="801" pin=66"/></net>

<net id="2648"><net_src comp="538" pin="1"/><net_sink comp="2645" pin=0"/></net>

<net id="2649"><net_src comp="2645" pin="1"/><net_sink comp="1189" pin=1"/></net>

<net id="2650"><net_src comp="2645" pin="1"/><net_sink comp="1786" pin=0"/></net>

<net id="2651"><net_src comp="2645" pin="1"/><net_sink comp="801" pin=65"/></net>

<net id="2655"><net_src comp="542" pin="1"/><net_sink comp="2652" pin=0"/></net>

<net id="2656"><net_src comp="2652" pin="1"/><net_sink comp="1184" pin=1"/></net>

<net id="2657"><net_src comp="2652" pin="1"/><net_sink comp="1790" pin=0"/></net>

<net id="2658"><net_src comp="2652" pin="1"/><net_sink comp="801" pin=64"/></net>

<net id="2662"><net_src comp="546" pin="1"/><net_sink comp="2659" pin=0"/></net>

<net id="2663"><net_src comp="2659" pin="1"/><net_sink comp="1179" pin=1"/></net>

<net id="2664"><net_src comp="2659" pin="1"/><net_sink comp="1794" pin=0"/></net>

<net id="2665"><net_src comp="2659" pin="1"/><net_sink comp="801" pin=63"/></net>

<net id="2669"><net_src comp="614" pin="2"/><net_sink comp="2666" pin=0"/></net>

<net id="2670"><net_src comp="2666" pin="1"/><net_sink comp="1863" pin=0"/></net>

<net id="2671"><net_src comp="2666" pin="1"/><net_sink comp="998" pin=2"/></net>

<net id="2675"><net_src comp="620" pin="2"/><net_sink comp="2672" pin=0"/></net>

<net id="2676"><net_src comp="2672" pin="1"/><net_sink comp="1850" pin=0"/></net>

<net id="2677"><net_src comp="2672" pin="1"/><net_sink comp="979" pin=2"/></net>

<net id="2681"><net_src comp="626" pin="2"/><net_sink comp="2678" pin=0"/></net>

<net id="2682"><net_src comp="2678" pin="1"/><net_sink comp="632" pin=2"/></net>

<net id="2686"><net_src comp="1167" pin="1"/><net_sink comp="2683" pin=0"/></net>

<net id="2687"><net_src comp="2683" pin="1"/><net_sink comp="632" pin=3"/></net>

<net id="2691"><net_src comp="1172" pin="2"/><net_sink comp="2688" pin=0"/></net>

<net id="2692"><net_src comp="2688" pin="1"/><net_sink comp="632" pin=4"/></net>

<net id="2696"><net_src comp="1429" pin="1"/><net_sink comp="2693" pin=0"/></net>

<net id="2697"><net_src comp="2693" pin="1"/><net_sink comp="1806" pin=0"/></net>

<net id="2698"><net_src comp="2693" pin="1"/><net_sink comp="1820" pin=0"/></net>

<net id="2702"><net_src comp="1432" pin="1"/><net_sink comp="2699" pin=0"/></net>

<net id="2703"><net_src comp="2699" pin="1"/><net_sink comp="801" pin=55"/></net>

<net id="2704"><net_src comp="2699" pin="1"/><net_sink comp="801" pin=56"/></net>

<net id="2711"><net_src comp="1442" pin="2"/><net_sink comp="2708" pin=0"/></net>

<net id="2712"><net_src comp="2708" pin="1"/><net_sink comp="1798" pin=1"/></net>

<net id="2713"><net_src comp="2708" pin="1"/><net_sink comp="1834" pin=0"/></net>

<net id="2717"><net_src comp="1448" pin="1"/><net_sink comp="2714" pin=0"/></net>

<net id="2718"><net_src comp="2714" pin="1"/><net_sink comp="801" pin=39"/></net>

<net id="2722"><net_src comp="1451" pin="1"/><net_sink comp="2719" pin=0"/></net>

<net id="2723"><net_src comp="2719" pin="1"/><net_sink comp="801" pin=38"/></net>

<net id="2727"><net_src comp="1454" pin="1"/><net_sink comp="2724" pin=0"/></net>

<net id="2728"><net_src comp="2724" pin="1"/><net_sink comp="801" pin=37"/></net>

<net id="2732"><net_src comp="1457" pin="1"/><net_sink comp="2729" pin=0"/></net>

<net id="2733"><net_src comp="2729" pin="1"/><net_sink comp="801" pin=36"/></net>

<net id="2737"><net_src comp="1460" pin="1"/><net_sink comp="2734" pin=0"/></net>

<net id="2738"><net_src comp="2734" pin="1"/><net_sink comp="801" pin=35"/></net>

<net id="2742"><net_src comp="1463" pin="1"/><net_sink comp="2739" pin=0"/></net>

<net id="2743"><net_src comp="2739" pin="1"/><net_sink comp="801" pin=34"/></net>

<net id="2747"><net_src comp="1466" pin="1"/><net_sink comp="2744" pin=0"/></net>

<net id="2748"><net_src comp="2744" pin="1"/><net_sink comp="801" pin=33"/></net>

<net id="2752"><net_src comp="1469" pin="1"/><net_sink comp="2749" pin=0"/></net>

<net id="2753"><net_src comp="2749" pin="1"/><net_sink comp="801" pin=32"/></net>

<net id="2757"><net_src comp="1472" pin="1"/><net_sink comp="2754" pin=0"/></net>

<net id="2758"><net_src comp="2754" pin="1"/><net_sink comp="801" pin=31"/></net>

<net id="2762"><net_src comp="1475" pin="1"/><net_sink comp="2759" pin=0"/></net>

<net id="2763"><net_src comp="2759" pin="1"/><net_sink comp="801" pin=30"/></net>

<net id="2767"><net_src comp="1478" pin="1"/><net_sink comp="2764" pin=0"/></net>

<net id="2768"><net_src comp="2764" pin="1"/><net_sink comp="801" pin=29"/></net>

<net id="2772"><net_src comp="1481" pin="1"/><net_sink comp="2769" pin=0"/></net>

<net id="2773"><net_src comp="2769" pin="1"/><net_sink comp="801" pin=28"/></net>

<net id="2777"><net_src comp="1484" pin="1"/><net_sink comp="2774" pin=0"/></net>

<net id="2778"><net_src comp="2774" pin="1"/><net_sink comp="801" pin=27"/></net>

<net id="2782"><net_src comp="1487" pin="1"/><net_sink comp="2779" pin=0"/></net>

<net id="2783"><net_src comp="2779" pin="1"/><net_sink comp="801" pin=26"/></net>

<net id="2787"><net_src comp="1490" pin="1"/><net_sink comp="2784" pin=0"/></net>

<net id="2788"><net_src comp="2784" pin="1"/><net_sink comp="801" pin=25"/></net>

<net id="2792"><net_src comp="1493" pin="1"/><net_sink comp="2789" pin=0"/></net>

<net id="2793"><net_src comp="2789" pin="1"/><net_sink comp="801" pin=24"/></net>

<net id="2797"><net_src comp="1496" pin="1"/><net_sink comp="2794" pin=0"/></net>

<net id="2798"><net_src comp="2794" pin="1"/><net_sink comp="801" pin=23"/></net>

<net id="2802"><net_src comp="1499" pin="1"/><net_sink comp="2799" pin=0"/></net>

<net id="2803"><net_src comp="2799" pin="1"/><net_sink comp="801" pin=22"/></net>

<net id="2807"><net_src comp="1502" pin="1"/><net_sink comp="2804" pin=0"/></net>

<net id="2808"><net_src comp="2804" pin="1"/><net_sink comp="801" pin=21"/></net>

<net id="2812"><net_src comp="1505" pin="1"/><net_sink comp="2809" pin=0"/></net>

<net id="2813"><net_src comp="2809" pin="1"/><net_sink comp="801" pin=20"/></net>

<net id="2817"><net_src comp="1508" pin="1"/><net_sink comp="2814" pin=0"/></net>

<net id="2818"><net_src comp="2814" pin="1"/><net_sink comp="801" pin=19"/></net>

<net id="2822"><net_src comp="1511" pin="1"/><net_sink comp="2819" pin=0"/></net>

<net id="2823"><net_src comp="2819" pin="1"/><net_sink comp="801" pin=18"/></net>

<net id="2827"><net_src comp="1514" pin="1"/><net_sink comp="2824" pin=0"/></net>

<net id="2828"><net_src comp="2824" pin="1"/><net_sink comp="801" pin=17"/></net>

<net id="2832"><net_src comp="1517" pin="1"/><net_sink comp="2829" pin=0"/></net>

<net id="2833"><net_src comp="2829" pin="1"/><net_sink comp="801" pin=16"/></net>

<net id="2837"><net_src comp="1520" pin="1"/><net_sink comp="2834" pin=0"/></net>

<net id="2838"><net_src comp="2834" pin="1"/><net_sink comp="801" pin=15"/></net>

<net id="2842"><net_src comp="1523" pin="1"/><net_sink comp="2839" pin=0"/></net>

<net id="2843"><net_src comp="2839" pin="1"/><net_sink comp="801" pin=14"/></net>

<net id="2847"><net_src comp="1526" pin="1"/><net_sink comp="2844" pin=0"/></net>

<net id="2848"><net_src comp="2844" pin="1"/><net_sink comp="801" pin=13"/></net>

<net id="2852"><net_src comp="1529" pin="1"/><net_sink comp="2849" pin=0"/></net>

<net id="2853"><net_src comp="2849" pin="1"/><net_sink comp="801" pin=12"/></net>

<net id="2857"><net_src comp="1532" pin="1"/><net_sink comp="2854" pin=0"/></net>

<net id="2858"><net_src comp="2854" pin="1"/><net_sink comp="801" pin=11"/></net>

<net id="2862"><net_src comp="1535" pin="1"/><net_sink comp="2859" pin=0"/></net>

<net id="2863"><net_src comp="2859" pin="1"/><net_sink comp="801" pin=10"/></net>

<net id="2867"><net_src comp="1538" pin="1"/><net_sink comp="2864" pin=0"/></net>

<net id="2868"><net_src comp="2864" pin="1"/><net_sink comp="801" pin=9"/></net>

<net id="2872"><net_src comp="1541" pin="1"/><net_sink comp="2869" pin=0"/></net>

<net id="2873"><net_src comp="2869" pin="1"/><net_sink comp="801" pin=8"/></net>

<net id="2877"><net_src comp="1544" pin="1"/><net_sink comp="2874" pin=0"/></net>

<net id="2878"><net_src comp="2874" pin="1"/><net_sink comp="801" pin=7"/></net>

<net id="2882"><net_src comp="1547" pin="1"/><net_sink comp="2879" pin=0"/></net>

<net id="2883"><net_src comp="2879" pin="1"/><net_sink comp="801" pin=6"/></net>

<net id="2887"><net_src comp="1550" pin="1"/><net_sink comp="2884" pin=0"/></net>

<net id="2888"><net_src comp="2884" pin="1"/><net_sink comp="801" pin=5"/></net>

<net id="2892"><net_src comp="1553" pin="1"/><net_sink comp="2889" pin=0"/></net>

<net id="2893"><net_src comp="2889" pin="1"/><net_sink comp="801" pin=4"/></net>

<net id="2897"><net_src comp="1556" pin="1"/><net_sink comp="2894" pin=0"/></net>

<net id="2898"><net_src comp="2894" pin="1"/><net_sink comp="801" pin=3"/></net>

<net id="2902"><net_src comp="1559" pin="1"/><net_sink comp="2899" pin=0"/></net>

<net id="2903"><net_src comp="2899" pin="1"/><net_sink comp="801" pin=2"/></net>

<net id="2907"><net_src comp="1562" pin="1"/><net_sink comp="2904" pin=0"/></net>

<net id="2908"><net_src comp="2904" pin="1"/><net_sink comp="801" pin=1"/></net>

<net id="2912"><net_src comp="1570" pin="1"/><net_sink comp="2909" pin=0"/></net>

<net id="2913"><net_src comp="2909" pin="1"/><net_sink comp="773" pin=9"/></net>

<net id="2917"><net_src comp="1574" pin="1"/><net_sink comp="2914" pin=0"/></net>

<net id="2918"><net_src comp="2914" pin="1"/><net_sink comp="705" pin=9"/></net>

<net id="2922"><net_src comp="1578" pin="1"/><net_sink comp="2919" pin=0"/></net>

<net id="2923"><net_src comp="2919" pin="1"/><net_sink comp="705" pin=10"/></net>

<net id="2927"><net_src comp="1582" pin="1"/><net_sink comp="2924" pin=0"/></net>

<net id="2928"><net_src comp="2924" pin="1"/><net_sink comp="705" pin=11"/></net>

<net id="2932"><net_src comp="1586" pin="1"/><net_sink comp="2929" pin=0"/></net>

<net id="2933"><net_src comp="2929" pin="1"/><net_sink comp="705" pin=12"/></net>

<net id="2937"><net_src comp="1590" pin="1"/><net_sink comp="2934" pin=0"/></net>

<net id="2938"><net_src comp="2934" pin="1"/><net_sink comp="705" pin=13"/></net>

<net id="2942"><net_src comp="1594" pin="1"/><net_sink comp="2939" pin=0"/></net>

<net id="2943"><net_src comp="2939" pin="1"/><net_sink comp="705" pin=14"/></net>

<net id="2947"><net_src comp="1598" pin="1"/><net_sink comp="2944" pin=0"/></net>

<net id="2948"><net_src comp="2944" pin="1"/><net_sink comp="705" pin=15"/></net>

<net id="2952"><net_src comp="1602" pin="1"/><net_sink comp="2949" pin=0"/></net>

<net id="2953"><net_src comp="2949" pin="1"/><net_sink comp="705" pin=16"/></net>

<net id="2957"><net_src comp="1606" pin="1"/><net_sink comp="2954" pin=0"/></net>

<net id="2958"><net_src comp="2954" pin="1"/><net_sink comp="705" pin=17"/></net>

<net id="2962"><net_src comp="1610" pin="1"/><net_sink comp="2959" pin=0"/></net>

<net id="2963"><net_src comp="2959" pin="1"/><net_sink comp="705" pin=18"/></net>

<net id="2967"><net_src comp="1614" pin="1"/><net_sink comp="2964" pin=0"/></net>

<net id="2968"><net_src comp="2964" pin="1"/><net_sink comp="705" pin=19"/></net>

<net id="2972"><net_src comp="1618" pin="1"/><net_sink comp="2969" pin=0"/></net>

<net id="2973"><net_src comp="2969" pin="1"/><net_sink comp="705" pin=20"/></net>

<net id="2977"><net_src comp="1622" pin="1"/><net_sink comp="2974" pin=0"/></net>

<net id="2978"><net_src comp="2974" pin="1"/><net_sink comp="705" pin=21"/></net>

<net id="2982"><net_src comp="1626" pin="1"/><net_sink comp="2979" pin=0"/></net>

<net id="2983"><net_src comp="2979" pin="1"/><net_sink comp="705" pin=22"/></net>

<net id="2987"><net_src comp="1630" pin="1"/><net_sink comp="2984" pin=0"/></net>

<net id="2988"><net_src comp="2984" pin="1"/><net_sink comp="705" pin=23"/></net>

<net id="2992"><net_src comp="1634" pin="1"/><net_sink comp="2989" pin=0"/></net>

<net id="2993"><net_src comp="2989" pin="1"/><net_sink comp="705" pin=24"/></net>

<net id="2997"><net_src comp="1638" pin="1"/><net_sink comp="2994" pin=0"/></net>

<net id="2998"><net_src comp="2994" pin="1"/><net_sink comp="705" pin=25"/></net>

<net id="3002"><net_src comp="1642" pin="1"/><net_sink comp="2999" pin=0"/></net>

<net id="3003"><net_src comp="2999" pin="1"/><net_sink comp="705" pin=26"/></net>

<net id="3007"><net_src comp="1646" pin="1"/><net_sink comp="3004" pin=0"/></net>

<net id="3008"><net_src comp="3004" pin="1"/><net_sink comp="705" pin=27"/></net>

<net id="3012"><net_src comp="1650" pin="1"/><net_sink comp="3009" pin=0"/></net>

<net id="3013"><net_src comp="3009" pin="1"/><net_sink comp="705" pin=28"/></net>

<net id="3017"><net_src comp="1654" pin="1"/><net_sink comp="3014" pin=0"/></net>

<net id="3018"><net_src comp="3014" pin="1"/><net_sink comp="705" pin=29"/></net>

<net id="3022"><net_src comp="1658" pin="1"/><net_sink comp="3019" pin=0"/></net>

<net id="3023"><net_src comp="3019" pin="1"/><net_sink comp="705" pin=30"/></net>

<net id="3027"><net_src comp="1662" pin="1"/><net_sink comp="3024" pin=0"/></net>

<net id="3028"><net_src comp="3024" pin="1"/><net_sink comp="705" pin=31"/></net>

<net id="3032"><net_src comp="1666" pin="1"/><net_sink comp="3029" pin=0"/></net>

<net id="3033"><net_src comp="3029" pin="1"/><net_sink comp="705" pin=32"/></net>

<net id="3037"><net_src comp="1670" pin="1"/><net_sink comp="3034" pin=0"/></net>

<net id="3038"><net_src comp="3034" pin="1"/><net_sink comp="705" pin=37"/></net>

<net id="3042"><net_src comp="1674" pin="1"/><net_sink comp="3039" pin=0"/></net>

<net id="3043"><net_src comp="3039" pin="1"/><net_sink comp="705" pin=38"/></net>

<net id="3047"><net_src comp="1678" pin="1"/><net_sink comp="3044" pin=0"/></net>

<net id="3048"><net_src comp="3044" pin="1"/><net_sink comp="705" pin=39"/></net>

<net id="3052"><net_src comp="1682" pin="1"/><net_sink comp="3049" pin=0"/></net>

<net id="3053"><net_src comp="3049" pin="1"/><net_sink comp="705" pin=40"/></net>

<net id="3057"><net_src comp="1686" pin="1"/><net_sink comp="3054" pin=0"/></net>

<net id="3058"><net_src comp="3054" pin="1"/><net_sink comp="705" pin=41"/></net>

<net id="3062"><net_src comp="1690" pin="1"/><net_sink comp="3059" pin=0"/></net>

<net id="3063"><net_src comp="3059" pin="1"/><net_sink comp="705" pin=42"/></net>

<net id="3067"><net_src comp="1694" pin="1"/><net_sink comp="3064" pin=0"/></net>

<net id="3068"><net_src comp="3064" pin="1"/><net_sink comp="705" pin=43"/></net>

<net id="3072"><net_src comp="1698" pin="1"/><net_sink comp="3069" pin=0"/></net>

<net id="3073"><net_src comp="3069" pin="1"/><net_sink comp="705" pin=44"/></net>

<net id="3077"><net_src comp="1702" pin="1"/><net_sink comp="3074" pin=0"/></net>

<net id="3078"><net_src comp="3074" pin="1"/><net_sink comp="705" pin=45"/></net>

<net id="3082"><net_src comp="1706" pin="1"/><net_sink comp="3079" pin=0"/></net>

<net id="3083"><net_src comp="3079" pin="1"/><net_sink comp="705" pin=46"/></net>

<net id="3087"><net_src comp="1710" pin="1"/><net_sink comp="3084" pin=0"/></net>

<net id="3088"><net_src comp="3084" pin="1"/><net_sink comp="705" pin=47"/></net>

<net id="3092"><net_src comp="1714" pin="1"/><net_sink comp="3089" pin=0"/></net>

<net id="3093"><net_src comp="3089" pin="1"/><net_sink comp="705" pin=48"/></net>

<net id="3097"><net_src comp="1718" pin="1"/><net_sink comp="3094" pin=0"/></net>

<net id="3098"><net_src comp="3094" pin="1"/><net_sink comp="705" pin=49"/></net>

<net id="3102"><net_src comp="1722" pin="1"/><net_sink comp="3099" pin=0"/></net>

<net id="3103"><net_src comp="3099" pin="1"/><net_sink comp="705" pin=50"/></net>

<net id="3107"><net_src comp="1726" pin="1"/><net_sink comp="3104" pin=0"/></net>

<net id="3108"><net_src comp="3104" pin="1"/><net_sink comp="705" pin=51"/></net>

<net id="3112"><net_src comp="1730" pin="1"/><net_sink comp="3109" pin=0"/></net>

<net id="3113"><net_src comp="3109" pin="1"/><net_sink comp="705" pin=52"/></net>

<net id="3117"><net_src comp="1734" pin="1"/><net_sink comp="3114" pin=0"/></net>

<net id="3118"><net_src comp="3114" pin="1"/><net_sink comp="705" pin=53"/></net>

<net id="3122"><net_src comp="1738" pin="1"/><net_sink comp="3119" pin=0"/></net>

<net id="3123"><net_src comp="3119" pin="1"/><net_sink comp="705" pin=54"/></net>

<net id="3127"><net_src comp="1742" pin="1"/><net_sink comp="3124" pin=0"/></net>

<net id="3128"><net_src comp="3124" pin="1"/><net_sink comp="705" pin=55"/></net>

<net id="3132"><net_src comp="1746" pin="1"/><net_sink comp="3129" pin=0"/></net>

<net id="3133"><net_src comp="3129" pin="1"/><net_sink comp="705" pin=56"/></net>

<net id="3137"><net_src comp="1750" pin="1"/><net_sink comp="3134" pin=0"/></net>

<net id="3138"><net_src comp="3134" pin="1"/><net_sink comp="705" pin=57"/></net>

<net id="3142"><net_src comp="1754" pin="1"/><net_sink comp="3139" pin=0"/></net>

<net id="3143"><net_src comp="3139" pin="1"/><net_sink comp="705" pin=58"/></net>

<net id="3147"><net_src comp="1758" pin="1"/><net_sink comp="3144" pin=0"/></net>

<net id="3148"><net_src comp="3144" pin="1"/><net_sink comp="705" pin=59"/></net>

<net id="3152"><net_src comp="1762" pin="1"/><net_sink comp="3149" pin=0"/></net>

<net id="3153"><net_src comp="3149" pin="1"/><net_sink comp="705" pin=60"/></net>

<net id="3157"><net_src comp="1766" pin="1"/><net_sink comp="3154" pin=0"/></net>

<net id="3158"><net_src comp="3154" pin="1"/><net_sink comp="705" pin=33"/></net>

<net id="3162"><net_src comp="1770" pin="1"/><net_sink comp="3159" pin=0"/></net>

<net id="3163"><net_src comp="3159" pin="1"/><net_sink comp="705" pin=34"/></net>

<net id="3167"><net_src comp="1774" pin="1"/><net_sink comp="3164" pin=0"/></net>

<net id="3168"><net_src comp="3164" pin="1"/><net_sink comp="705" pin=35"/></net>

<net id="3172"><net_src comp="1778" pin="1"/><net_sink comp="3169" pin=0"/></net>

<net id="3173"><net_src comp="3169" pin="1"/><net_sink comp="705" pin=36"/></net>

<net id="3177"><net_src comp="1782" pin="1"/><net_sink comp="3174" pin=0"/></net>

<net id="3178"><net_src comp="3174" pin="1"/><net_sink comp="705" pin=61"/></net>

<net id="3182"><net_src comp="1786" pin="1"/><net_sink comp="3179" pin=0"/></net>

<net id="3183"><net_src comp="3179" pin="1"/><net_sink comp="705" pin=62"/></net>

<net id="3187"><net_src comp="1790" pin="1"/><net_sink comp="3184" pin=0"/></net>

<net id="3188"><net_src comp="3184" pin="1"/><net_sink comp="705" pin=63"/></net>

<net id="3192"><net_src comp="1794" pin="1"/><net_sink comp="3189" pin=0"/></net>

<net id="3193"><net_src comp="3189" pin="1"/><net_sink comp="705" pin=64"/></net>

<net id="3197"><net_src comp="1798" pin="3"/><net_sink comp="3194" pin=0"/></net>

<net id="3198"><net_src comp="3194" pin="1"/><net_sink comp="801" pin=62"/></net>

<net id="3202"><net_src comp="1811" pin="3"/><net_sink comp="3199" pin=0"/></net>

<net id="3203"><net_src comp="3199" pin="1"/><net_sink comp="801" pin=60"/></net>

<net id="3207"><net_src comp="1825" pin="3"/><net_sink comp="3204" pin=0"/></net>

<net id="3208"><net_src comp="3204" pin="1"/><net_sink comp="801" pin=57"/></net>

<net id="3212"><net_src comp="1834" pin="1"/><net_sink comp="3209" pin=0"/></net>

<net id="3213"><net_src comp="3209" pin="1"/><net_sink comp="801" pin=61"/></net>

<net id="3217"><net_src comp="1838" pin="1"/><net_sink comp="3214" pin=0"/></net>

<net id="3218"><net_src comp="3214" pin="1"/><net_sink comp="801" pin=59"/></net>

<net id="3222"><net_src comp="1843" pin="2"/><net_sink comp="3219" pin=0"/></net>

<net id="3223"><net_src comp="3219" pin="1"/><net_sink comp="801" pin=58"/></net>

<net id="3227"><net_src comp="1850" pin="1"/><net_sink comp="3224" pin=0"/></net>

<net id="3228"><net_src comp="3224" pin="1"/><net_sink comp="979" pin=3"/></net>

<net id="3229"><net_src comp="3224" pin="1"/><net_sink comp="979" pin=4"/></net>

<net id="3233"><net_src comp="1855" pin="2"/><net_sink comp="3230" pin=0"/></net>

<net id="3234"><net_src comp="3230" pin="1"/><net_sink comp="979" pin=5"/></net>

<net id="3235"><net_src comp="3230" pin="1"/><net_sink comp="979" pin=6"/></net>

<net id="3239"><net_src comp="1863" pin="1"/><net_sink comp="3236" pin=0"/></net>

<net id="3240"><net_src comp="3236" pin="1"/><net_sink comp="998" pin=3"/></net>

<net id="3241"><net_src comp="3236" pin="1"/><net_sink comp="998" pin=4"/></net>

<net id="3245"><net_src comp="1868" pin="2"/><net_sink comp="3242" pin=0"/></net>

<net id="3246"><net_src comp="3242" pin="1"/><net_sink comp="998" pin=5"/></net>

<net id="3247"><net_src comp="3242" pin="1"/><net_sink comp="998" pin=6"/></net>

</net_list>

</model> 
---------------- Datapath Model END ------------------

* FSMD analyzer results:
  - Output states:
	Port: memQ | {7 8 }
	Port: memR | {7 8 }
 - Input state : 
	Port: top : memA | {1 2 }
	Port: top : A_DRAM | {1 }
	Port: top : Q_DRAM | {1 }
	Port: top : R_DRAM | {1 }
  - Chain level:
	State 1
		xor_ln85 : 1
		call_ln85 : 1
		store_ln0 : 1
		store_ln0 : 1
		store_ln0 : 1
		store_ln0 : 1
		store_ln0 : 1
		store_ln0 : 1
		store_ln0 : 1
		store_ln0 : 1
		store_ln0 : 1
		store_ln0 : 1
		store_ln0 : 1
		store_ln0 : 1
		store_ln0 : 1
		store_ln0 : 1
		store_ln0 : 1
		store_ln0 : 1
		store_ln0 : 1
		store_ln0 : 1
		store_ln0 : 1
		store_ln0 : 1
		store_ln0 : 1
		store_ln0 : 1
		store_ln0 : 1
		store_ln0 : 1
		store_ln0 : 1
		store_ln0 : 1
		store_ln0 : 1
		store_ln0 : 1
		store_ln0 : 1
		store_ln0 : 1
		store_ln0 : 1
		store_ln0 : 1
		store_ln0 : 1
		store_ln0 : 1
		store_ln0 : 1
		store_ln0 : 1
		store_ln0 : 1
		store_ln0 : 1
		store_ln0 : 1
		store_ln0 : 1
		store_ln0 : 1
		store_ln0 : 1
		store_ln0 : 1
		store_ln0 : 1
		store_ln0 : 1
		store_ln0 : 1
		store_ln0 : 1
		store_ln0 : 1
		store_ln0 : 1
		store_ln117 : 1
	State 2
	State 3
		trunc_ln117 : 1
		icmp_ln117 : 1
		empty : 1
		br_ln117 : 2
		store_ln117 : 2
		call_ln0 : 1
		call_ln0 : 1
	State 4
		tmp_19 : 1
		tmp_20 : 1
		empty_42 : 1
		icmp_ln41 : 2
		call_ln117 : 3
	State 5
	State 6
	State 7
		xor_ln204 : 1
		call_ln204 : 1
		xor_ln214 : 1
		call_ln214 : 1
	State 8


============================================================
+ Verbose Summary: Datapath Resource usage 
============================================================

* Functional unit list:
|----------|-----------------------------------------------------------|---------|---------|---------|---------|
| Operation|                      Functional Unit                      |   DSP   |  Delay  |    FF   |   LUT   |
|----------|-----------------------------------------------------------|---------|---------|---------|---------|
|          |     grp_top_Pipeline_READ_INIT_VITIS_LOOP_87_1_fu_632     |    0    |  0.854  |   469   |   802   |
|          | grp_top_Pipeline_VITIS_LOOP_181_6_VITIS_LOOP_183_7_fu_705 |    0    |    0    |    11   |   414   |
|   call   | grp_top_Pipeline_VITIS_LOOP_190_8_VITIS_LOOP_192_9_fu_773 |    0    |    0    |    11   |   160   |
|          |          grp_top_Pipeline_VITIS_LOOP_119_2_fu_801         |    32   | 15.0903 |  17794  |   8012  |
|          |     grp_top_Pipeline_WRITE_Q_VITIS_LOOP_206_10_fu_979     |    0    |  5.124  |   782   |   548   |
|          |     grp_top_Pipeline_WRITE_R_VITIS_LOOP_216_11_fu_998     |    0    |  5.124  |   781   |   548   |
|----------|-----------------------------------------------------------|---------|---------|---------|---------|
|          |                       empty_fu_1442                       |    0    |    0    |    0    |    10   |
|    add   |                      empty_39_fu_1806                     |    0    |    0    |    0    |    10   |
|          |                      empty_40_fu_1820                     |    0    |    0    |    0    |    10   |
|----------|-----------------------------------------------------------|---------|---------|---------|---------|
|   icmp   |                     icmp_ln117_fu_1436                    |    0    |    0    |    0    |    10   |
|          |                     icmp_ln41_fu_1843                     |    0    |    0    |    0    |    9    |
|----------|-----------------------------------------------------------|---------|---------|---------|---------|
|          |                      xor_ln85_fu_1172                     |    0    |    0    |    0    |    3    |
|    xor   |                     xor_ln204_fu_1855                     |    0    |    0    |    0    |    3    |
|          |                     xor_ln214_fu_1868                     |    0    |    0    |    0    |    3    |
|----------|-----------------------------------------------------------|---------|---------|---------|---------|
|          |                  R_DRAM_read_read_fu_614                  |    0    |    0    |    0    |    0    |
|   read   |                  Q_DRAM_read_read_fu_620                  |    0    |    0    |    0    |    0    |
|          |                  A_DRAM_read_read_fu_626                  |    0    |    0    |    0    |    0    |
|----------|-----------------------------------------------------------|---------|---------|---------|---------|
|          |                     trunc_ln85_fu_1167                    |    0    |    0    |    0    |    0    |
|          |                    trunc_ln117_fu_1432                    |    0    |    0    |    0    |    0    |
|   trunc  |                      empty_41_fu_1834                     |    0    |    0    |    0    |    0    |
|          |                      empty_42_fu_1838                     |    0    |    0    |    0    |    0    |
|          |                    trunc_ln204_fu_1850                    |    0    |    0    |    0    |    0    |
|          |                    trunc_ln214_fu_1863                    |    0    |    0    |    0    |    0    |
|----------|-----------------------------------------------------------|---------|---------|---------|---------|
|          |                        tmp_fu_1798                        |    0    |    0    |    0    |    0    |
| bitselect|                       tmp_19_fu_1811                      |    0    |    0    |    0    |    0    |
|          |                       tmp_20_fu_1825                      |    0    |    0    |    0    |    0    |
|----------|-----------------------------------------------------------|---------|---------|---------|---------|
|   Total  |                                                           |    32   | 26.1923 |  19848  |  10542  |
|----------|-----------------------------------------------------------|---------|---------|---------|---------|

Memories:
+------------+--------+--------+--------+--------+
|            |  BRAM  |   FF   |   LUT  |  URAM  |
+------------+--------+--------+--------+--------+
| Q_out_imag |    0   |   32   |    4   |    0   |
|Q_out_imag_1|    0   |   32   |    4   |    0   |
|Q_out_imag_2|    0   |   32   |    4   |    0   |
|Q_out_imag_3|    0   |   32   |    4   |    0   |
| Q_out_real |    0   |   32   |    4   |    0   |
|Q_out_real_1|    0   |   32   |    4   |    0   |
|Q_out_real_2|    0   |   32   |    4   |    0   |
|Q_out_real_3|    0   |   32   |    4   |    0   |
| R_out_imag |    0   |   32   |    4   |    0   |
|R_out_imag_1|    0   |   32   |    4   |    0   |
|R_out_imag_2|    0   |   32   |    4   |    0   |
|R_out_imag_3|    0   |   32   |    4   |    0   |
| R_out_real |    0   |   32   |    4   |    0   |
|R_out_real_1|    0   |   32   |    4   |    0   |
|R_out_real_2|    0   |   32   |    4   |    0   |
|R_out_real_3|    0   |   32   |    4   |    0   |
+------------+--------+--------+--------+--------+
|    Total   |    0   |   512  |   64   |    0   |
+------------+--------+--------+--------+--------+

* Register list:
+-------------------------------+--------+
|                               |   FF   |
+-------------------------------+--------+
|      A_DRAM_read_reg_2678     |   64   |
|      Q_DRAM_read_reg_2672     |   64   |
|      R_DRAM_read_reg_2666     |   64   |
|       empty_41_reg_3209       |    2   |
|       empty_42_reg_3214       |    2   |
|         empty_reg_2708        |    3   |
|       icmp_ln41_reg_3219      |    1   |
|          k_1_reg_2693         |    3   |
|           k_reg_1876          |    3   |
|   mux_case_01022977_reg_1967  |   32   |
|mux_case_01073029_load_reg_2714|   32   |
|   mux_case_01073029_reg_1995  |   32   |
|mux_case_01113081_load_reg_2734|   32   |
|   mux_case_01113081_reg_2023  |   32   |
|   mux_case_01153131_reg_2051  |   32   |
|mux_case_01203177_load_reg_2769|   32   |
|   mux_case_01203177_reg_2078  |   32   |
|mux_case_01253229_load_reg_2789|   32   |
|   mux_case_01253229_reg_2106  |   32   |
|mux_case_01303281_load_reg_2809|   32   |
|   mux_case_01303281_reg_2134  |   32   |
|mux_case_01353333_load_reg_2829|   32   |
|   mux_case_01353333_reg_2162  |   32   |
|mux_case_01403385_load_reg_2849|   32   |
|   mux_case_01403385_reg_2190  |   32   |
|mux_case_01703435_load_reg_2869|   32   |
|   mux_case_01703435_reg_2218  |   32   |
|mux_case_01993479_load_reg_2889|   32   |
|   mux_case_01993479_reg_2246  |   32   |
|  mux_case_02827_load_reg_2909 |   32   |
|    mux_case_02827_reg_1883    |   32   |
|mux_case_04303519_load_reg_2914|   32   |
|   mux_case_04303519_reg_2274  |   32   |
|mux_case_04353552_load_reg_2934|   32   |
|   mux_case_04353552_reg_2302  |   32   |
|mux_case_04403585_load_reg_2954|   32   |
|   mux_case_04403585_reg_2330  |   32   |
|mux_case_04453618_load_reg_2974|   32   |
|   mux_case_04453618_reg_2358  |   32   |
|mux_case_04503651_load_reg_2994|   32   |
|   mux_case_04503651_reg_2386  |   32   |
|mux_case_04553684_load_reg_3014|   32   |
|   mux_case_04553684_reg_2414  |   32   |
|mux_case_04603717_load_reg_3034|   32   |
|   mux_case_04603717_reg_2442  |   32   |
|mux_case_04653750_load_reg_3054|   32   |
|   mux_case_04653750_reg_2470  |   32   |
|mux_case_04703783_load_reg_3074|   32   |
|   mux_case_04703783_reg_2498  |   32   |
|mux_case_04753816_load_reg_3094|   32   |
|   mux_case_04753816_reg_2526  |   32   |
|mux_case_04803849_load_reg_3114|   32   |
|   mux_case_04803849_reg_2554  |   32   |
|mux_case_04853882_load_reg_3134|   32   |
|   mux_case_04853882_reg_2582  |   32   |
|mux_case_05153915_load_reg_3154|   32   |
|   mux_case_05153915_reg_2610  |   32   |
|mux_case_05453948_load_reg_3174|   32   |
|   mux_case_05453948_reg_2638  |   32   |
|   mux_case_0922873_reg_1911   |   32   |
|   mux_case_0972925_reg_1939   |   32   |
|   mux_case_11032990_reg_1974  |   32   |
|mux_case_11083042_load_reg_2719|   32   |
|   mux_case_11083042_reg_2002  |   32   |
|mux_case_11123094_load_reg_2739|   32   |
|   mux_case_11123094_reg_2030  |   32   |
|mux_case_11163142_load_reg_2754|   32   |
|   mux_case_11163142_reg_2057  |   32   |
|mux_case_11213190_load_reg_2774|   32   |
|   mux_case_11213190_reg_2085  |   32   |
|mux_case_11263242_load_reg_2794|   32   |
|   mux_case_11263242_reg_2113  |   32   |
|mux_case_11313294_load_reg_2814|   32   |
|   mux_case_11313294_reg_2141  |   32   |
|mux_case_11363346_load_reg_2834|   32   |
|   mux_case_11363346_reg_2169  |   32   |
|mux_case_11413398_load_reg_2854|   32   |
|   mux_case_11413398_reg_2197  |   32   |
|mux_case_11713446_load_reg_2874|   32   |
|   mux_case_11713446_reg_2225  |   32   |
|mux_case_12003490_load_reg_2894|   32   |
|   mux_case_12003490_reg_2253  |   32   |
|    mux_case_12838_reg_1890    |   32   |
|mux_case_14313528_load_reg_2919|   32   |
|   mux_case_14313528_reg_2281  |   32   |
|mux_case_14363560_load_reg_2939|   32   |
|   mux_case_14363560_reg_2309  |   32   |
|mux_case_14413593_load_reg_2959|   32   |
|   mux_case_14413593_reg_2337  |   32   |
|mux_case_14463626_load_reg_2979|   32   |
|   mux_case_14463626_reg_2365  |   32   |
|mux_case_14513660_load_reg_2999|   32   |
|   mux_case_14513660_reg_2393  |   32   |
|mux_case_14563692_load_reg_3019|   32   |
|   mux_case_14563692_reg_2421  |   32   |
|mux_case_14613726_load_reg_3039|   32   |
|   mux_case_14613726_reg_2449  |   32   |
|mux_case_14663758_load_reg_3059|   32   |
|   mux_case_14663758_reg_2477  |   32   |
|mux_case_14713791_load_reg_3079|   32   |
|   mux_case_14713791_reg_2505  |   32   |
|mux_case_14763824_load_reg_3099|   32   |
|   mux_case_14763824_reg_2533  |   32   |
|mux_case_14813858_load_reg_3119|   32   |
|   mux_case_14813858_reg_2561  |   32   |
|mux_case_14863890_load_reg_3139|   32   |
|   mux_case_14863890_reg_2589  |   32   |
|mux_case_15163923_load_reg_3159|   32   |
|   mux_case_15163923_reg_2617  |   32   |
|mux_case_15463956_load_reg_3179|   32   |
|   mux_case_15463956_reg_2645  |   32   |
|   mux_case_1932886_reg_1918   |   32   |
|   mux_case_1982938_reg_1946   |   32   |
|   mux_case_21043003_reg_1981  |   32   |
|mux_case_21093055_load_reg_2724|   32   |
|   mux_case_21093055_reg_2009  |   32   |
|mux_case_21133107_load_reg_2744|   32   |
|   mux_case_21133107_reg_2037  |   32   |
|mux_case_21173153_load_reg_2759|   32   |
|   mux_case_21173153_reg_2064  |   32   |
|mux_case_21223203_load_reg_2779|   32   |
|   mux_case_21223203_reg_2092  |   32   |
|mux_case_21273255_load_reg_2799|   32   |
|   mux_case_21273255_reg_2120  |   32   |
|mux_case_21323307_load_reg_2819|   32   |
|   mux_case_21323307_reg_2148  |   32   |
|mux_case_21373359_load_reg_2839|   32   |
|   mux_case_21373359_reg_2176  |   32   |
|mux_case_21423411_load_reg_2859|   32   |
|   mux_case_21423411_reg_2204  |   32   |
|mux_case_21723457_load_reg_2879|   32   |
|   mux_case_21723457_reg_2232  |   32   |
|mux_case_22013501_load_reg_2899|   32   |
|   mux_case_22013501_reg_2260  |   32   |
|    mux_case_22849_reg_1897    |   32   |
|mux_case_24323536_load_reg_2924|   32   |
|   mux_case_24323536_reg_2288  |   32   |
|mux_case_24373569_load_reg_2944|   32   |
|   mux_case_24373569_reg_2316  |   32   |
|mux_case_24423601_load_reg_2964|   32   |
|   mux_case_24423601_reg_2344  |   32   |
|mux_case_24473634_load_reg_2984|   32   |
|   mux_case_24473634_reg_2372  |   32   |
|mux_case_24523668_load_reg_3004|   32   |
|   mux_case_24523668_reg_2400  |   32   |
|mux_case_24573701_load_reg_3024|   32   |
|   mux_case_24573701_reg_2428  |   32   |
|mux_case_24623734_load_reg_3044|   32   |
|   mux_case_24623734_reg_2456  |   32   |
|mux_case_24673767_load_reg_3064|   32   |
|   mux_case_24673767_reg_2484  |   32   |
|mux_case_24723799_load_reg_3084|   32   |
|   mux_case_24723799_reg_2512  |   32   |
|mux_case_24773832_load_reg_3104|   32   |
|   mux_case_24773832_reg_2540  |   32   |
|mux_case_24823866_load_reg_3124|   32   |
|   mux_case_24823866_reg_2568  |   32   |
|mux_case_24873899_load_reg_3144|   32   |
|   mux_case_24873899_reg_2596  |   32   |
|mux_case_25173931_load_reg_3164|   32   |
|   mux_case_25173931_reg_2624  |   32   |
|mux_case_25473964_load_reg_3184|   32   |
|   mux_case_25473964_reg_2652  |   32   |
|   mux_case_2942899_reg_1925   |   32   |
|   mux_case_2992951_reg_1953   |   32   |
|   mux_case_31002964_reg_1960  |   32   |
|   mux_case_31053016_reg_1988  |   32   |
|mux_case_31103068_load_reg_2729|   32   |
|   mux_case_31103068_reg_2016  |   32   |
|mux_case_31143120_load_reg_2749|   32   |
|   mux_case_31143120_reg_2044  |   32   |
|mux_case_31183164_load_reg_2764|   32   |
|   mux_case_31183164_reg_2071  |   32   |
|mux_case_31233216_load_reg_2784|   32   |
|   mux_case_31233216_reg_2099  |   32   |
|mux_case_31283268_load_reg_2804|   32   |
|   mux_case_31283268_reg_2127  |   32   |
|mux_case_31333320_load_reg_2824|   32   |
|   mux_case_31333320_reg_2155  |   32   |
|mux_case_31383372_load_reg_2844|   32   |
|   mux_case_31383372_reg_2183  |   32   |
|mux_case_31433424_load_reg_2864|   32   |
|   mux_case_31433424_reg_2211  |   32   |
|mux_case_31733468_load_reg_2884|   32   |
|   mux_case_31733468_reg_2239  |   32   |
|mux_case_32023512_load_reg_2904|   32   |
|   mux_case_32023512_reg_2267  |   32   |
|    mux_case_32860_reg_1904    |   32   |
|mux_case_34333544_load_reg_2929|   32   |
|   mux_case_34333544_reg_2295  |   32   |
|mux_case_34383577_load_reg_2949|   32   |
|   mux_case_34383577_reg_2323  |   32   |
|mux_case_34433610_load_reg_2969|   32   |
|   mux_case_34433610_reg_2351  |   32   |
|mux_case_34483642_load_reg_2989|   32   |
|   mux_case_34483642_reg_2379  |   32   |
|mux_case_34533676_load_reg_3009|   32   |
|   mux_case_34533676_reg_2407  |   32   |
|mux_case_34583709_load_reg_3029|   32   |
|   mux_case_34583709_reg_2435  |   32   |
|mux_case_34633742_load_reg_3049|   32   |
|   mux_case_34633742_reg_2463  |   32   |
|mux_case_34683775_load_reg_3069|   32   |
|   mux_case_34683775_reg_2491  |   32   |
|mux_case_34733808_load_reg_3089|   32   |
|   mux_case_34733808_reg_2519  |   32   |
|mux_case_34783840_load_reg_3109|   32   |
|   mux_case_34783840_reg_2547  |   32   |
|mux_case_34833874_load_reg_3129|   32   |
|   mux_case_34833874_reg_2575  |   32   |
|mux_case_34883907_load_reg_3149|   32   |
|   mux_case_34883907_reg_2603  |   32   |
|mux_case_35183940_load_reg_3169|   32   |
|   mux_case_35183940_reg_2631  |   32   |
|mux_case_35483973_load_reg_3189|   32   |
|   mux_case_35483973_reg_2659  |   32   |
|   mux_case_3952912_reg_1932   |   32   |
|            reg_1077           |   32   |
|            reg_1083           |   32   |
|            reg_1089           |   32   |
|            reg_1095           |   32   |
|            reg_1101           |   32   |
|            reg_1107           |   32   |
|            reg_1113           |   32   |
|            reg_1119           |   32   |
|            reg_1125           |   32   |
|            reg_1131           |   32   |
|            reg_1137           |   32   |
|            reg_1143           |   32   |
|            reg_1149           |   32   |
|            reg_1155           |   32   |
|            reg_1161           |   32   |
|        tmp_19_reg_3199        |    1   |
|        tmp_20_reg_3204        |    1   |
|          tmp_reg_3194         |    1   |
|      trunc_ln117_reg_2699     |    2   |
|      trunc_ln204_reg_3224     |    3   |
|      trunc_ln214_reg_3236     |    3   |
|      trunc_ln85_reg_2683      |    3   |
|       xor_ln204_reg_3230      |    3   |
|       xor_ln214_reg_3242      |    3   |
|       xor_ln85_reg_2688       |    3   |
+-------------------------------+--------+
|             Total             |  7365  |
+-------------------------------+--------+

* Multiplexer (MUX) list: 
|-----------------------------------------------------------|------|------|------|--------||---------||---------|
|                            Comp                           |  Pin | Size |  BW  | S x BW ||  Delay  ||   LUT   |
|-----------------------------------------------------------|------|------|------|--------||---------||---------|
|     grp_top_Pipeline_READ_INIT_VITIS_LOOP_87_1_fu_632     |  p2  |   2  |  64  |   128  ||    9    |
|     grp_top_Pipeline_READ_INIT_VITIS_LOOP_87_1_fu_632     |  p3  |   2  |   3  |    6   ||    9    |
|     grp_top_Pipeline_READ_INIT_VITIS_LOOP_87_1_fu_632     |  p4  |   2  |   3  |    6   ||    9    |
| grp_top_Pipeline_VITIS_LOOP_181_6_VITIS_LOOP_183_7_fu_705 |  p9  |   2  |  32  |   64   ||    9    |
| grp_top_Pipeline_VITIS_LOOP_181_6_VITIS_LOOP_183_7_fu_705 |  p10 |   2  |  32  |   64   ||    9    |
| grp_top_Pipeline_VITIS_LOOP_181_6_VITIS_LOOP_183_7_fu_705 |  p11 |   2  |  32  |   64   ||    9    |
| grp_top_Pipeline_VITIS_LOOP_181_6_VITIS_LOOP_183_7_fu_705 |  p12 |   2  |  32  |   64   ||    9    |
| grp_top_Pipeline_VITIS_LOOP_181_6_VITIS_LOOP_183_7_fu_705 |  p13 |   2  |  32  |   64   ||    9    |
| grp_top_Pipeline_VITIS_LOOP_181_6_VITIS_LOOP_183_7_fu_705 |  p14 |   2  |  32  |   64   ||    9    |
| grp_top_Pipeline_VITIS_LOOP_181_6_VITIS_LOOP_183_7_fu_705 |  p15 |   2  |  32  |   64   ||    9    |
| grp_top_Pipeline_VITIS_LOOP_181_6_VITIS_LOOP_183_7_fu_705 |  p16 |   2  |  32  |   64   ||    9    |
| grp_top_Pipeline_VITIS_LOOP_181_6_VITIS_LOOP_183_7_fu_705 |  p17 |   2  |  32  |   64   ||    9    |
| grp_top_Pipeline_VITIS_LOOP_181_6_VITIS_LOOP_183_7_fu_705 |  p18 |   2  |  32  |   64   ||    9    |
| grp_top_Pipeline_VITIS_LOOP_181_6_VITIS_LOOP_183_7_fu_705 |  p19 |   2  |  32  |   64   ||    9    |
| grp_top_Pipeline_VITIS_LOOP_181_6_VITIS_LOOP_183_7_fu_705 |  p20 |   2  |  32  |   64   ||    9    |
| grp_top_Pipeline_VITIS_LOOP_181_6_VITIS_LOOP_183_7_fu_705 |  p21 |   2  |  32  |   64   ||    9    |
| grp_top_Pipeline_VITIS_LOOP_181_6_VITIS_LOOP_183_7_fu_705 |  p22 |   2  |  32  |   64   ||    9    |
| grp_top_Pipeline_VITIS_LOOP_181_6_VITIS_LOOP_183_7_fu_705 |  p23 |   2  |  32  |   64   ||    9    |
| grp_top_Pipeline_VITIS_LOOP_181_6_VITIS_LOOP_183_7_fu_705 |  p24 |   2  |  32  |   64   ||    9    |
| grp_top_Pipeline_VITIS_LOOP_181_6_VITIS_LOOP_183_7_fu_705 |  p25 |   2  |  32  |   64   ||    9    |
| grp_top_Pipeline_VITIS_LOOP_181_6_VITIS_LOOP_183_7_fu_705 |  p26 |   2  |  32  |   64   ||    9    |
| grp_top_Pipeline_VITIS_LOOP_181_6_VITIS_LOOP_183_7_fu_705 |  p27 |   2  |  32  |   64   ||    9    |
| grp_top_Pipeline_VITIS_LOOP_181_6_VITIS_LOOP_183_7_fu_705 |  p28 |   2  |  32  |   64   ||    9    |
| grp_top_Pipeline_VITIS_LOOP_181_6_VITIS_LOOP_183_7_fu_705 |  p29 |   2  |  32  |   64   ||    9    |
| grp_top_Pipeline_VITIS_LOOP_181_6_VITIS_LOOP_183_7_fu_705 |  p30 |   2  |  32  |   64   ||    9    |
| grp_top_Pipeline_VITIS_LOOP_181_6_VITIS_LOOP_183_7_fu_705 |  p31 |   2  |  32  |   64   ||    9    |
| grp_top_Pipeline_VITIS_LOOP_181_6_VITIS_LOOP_183_7_fu_705 |  p32 |   2  |  32  |   64   ||    9    |
| grp_top_Pipeline_VITIS_LOOP_181_6_VITIS_LOOP_183_7_fu_705 |  p33 |   2  |  32  |   64   ||    9    |
| grp_top_Pipeline_VITIS_LOOP_181_6_VITIS_LOOP_183_7_fu_705 |  p34 |   2  |  32  |   64   ||    9    |
| grp_top_Pipeline_VITIS_LOOP_181_6_VITIS_LOOP_183_7_fu_705 |  p35 |   2  |  32  |   64   ||    9    |
| grp_top_Pipeline_VITIS_LOOP_181_6_VITIS_LOOP_183_7_fu_705 |  p36 |   2  |  32  |   64   ||    9    |
| grp_top_Pipeline_VITIS_LOOP_181_6_VITIS_LOOP_183_7_fu_705 |  p37 |   2  |  32  |   64   ||    9    |
| grp_top_Pipeline_VITIS_LOOP_181_6_VITIS_LOOP_183_7_fu_705 |  p38 |   2  |  32  |   64   ||    9    |
| grp_top_Pipeline_VITIS_LOOP_181_6_VITIS_LOOP_183_7_fu_705 |  p39 |   2  |  32  |   64   ||    9    |
| grp_top_Pipeline_VITIS_LOOP_181_6_VITIS_LOOP_183_7_fu_705 |  p40 |   2  |  32  |   64   ||    9    |
| grp_top_Pipeline_VITIS_LOOP_181_6_VITIS_LOOP_183_7_fu_705 |  p41 |   2  |  32  |   64   ||    9    |
| grp_top_Pipeline_VITIS_LOOP_181_6_VITIS_LOOP_183_7_fu_705 |  p42 |   2  |  32  |   64   ||    9    |
| grp_top_Pipeline_VITIS_LOOP_181_6_VITIS_LOOP_183_7_fu_705 |  p43 |   2  |  32  |   64   ||    9    |
| grp_top_Pipeline_VITIS_LOOP_181_6_VITIS_LOOP_183_7_fu_705 |  p44 |   2  |  32  |   64   ||    9    |
| grp_top_Pipeline_VITIS_LOOP_181_6_VITIS_LOOP_183_7_fu_705 |  p45 |   2  |  32  |   64   ||    9    |
| grp_top_Pipeline_VITIS_LOOP_181_6_VITIS_LOOP_183_7_fu_705 |  p46 |   2  |  32  |   64   ||    9    |
| grp_top_Pipeline_VITIS_LOOP_181_6_VITIS_LOOP_183_7_fu_705 |  p47 |   2  |  32  |   64   ||    9    |
| grp_top_Pipeline_VITIS_LOOP_181_6_VITIS_LOOP_183_7_fu_705 |  p48 |   2  |  32  |   64   ||    9    |
| grp_top_Pipeline_VITIS_LOOP_181_6_VITIS_LOOP_183_7_fu_705 |  p49 |   2  |  32  |   64   ||    9    |
| grp_top_Pipeline_VITIS_LOOP_181_6_VITIS_LOOP_183_7_fu_705 |  p50 |   2  |  32  |   64   ||    9    |
| grp_top_Pipeline_VITIS_LOOP_181_6_VITIS_LOOP_183_7_fu_705 |  p51 |   2  |  32  |   64   ||    9    |
| grp_top_Pipeline_VITIS_LOOP_181_6_VITIS_LOOP_183_7_fu_705 |  p52 |   2  |  32  |   64   ||    9    |
| grp_top_Pipeline_VITIS_LOOP_181_6_VITIS_LOOP_183_7_fu_705 |  p53 |   2  |  32  |   64   ||    9    |
| grp_top_Pipeline_VITIS_LOOP_181_6_VITIS_LOOP_183_7_fu_705 |  p54 |   2  |  32  |   64   ||    9    |
| grp_top_Pipeline_VITIS_LOOP_181_6_VITIS_LOOP_183_7_fu_705 |  p55 |   2  |  32  |   64   ||    9    |
| grp_top_Pipeline_VITIS_LOOP_181_6_VITIS_LOOP_183_7_fu_705 |  p56 |   2  |  32  |   64   ||    9    |
| grp_top_Pipeline_VITIS_LOOP_181_6_VITIS_LOOP_183_7_fu_705 |  p57 |   2  |  32  |   64   ||    9    |
| grp_top_Pipeline_VITIS_LOOP_181_6_VITIS_LOOP_183_7_fu_705 |  p58 |   2  |  32  |   64   ||    9    |
| grp_top_Pipeline_VITIS_LOOP_181_6_VITIS_LOOP_183_7_fu_705 |  p59 |   2  |  32  |   64   ||    9    |
| grp_top_Pipeline_VITIS_LOOP_181_6_VITIS_LOOP_183_7_fu_705 |  p60 |   2  |  32  |   64   ||    9    |
| grp_top_Pipeline_VITIS_LOOP_181_6_VITIS_LOOP_183_7_fu_705 |  p61 |   2  |  32  |   64   ||    9    |
| grp_top_Pipeline_VITIS_LOOP_181_6_VITIS_LOOP_183_7_fu_705 |  p62 |   2  |  32  |   64   ||    9    |
| grp_top_Pipeline_VITIS_LOOP_181_6_VITIS_LOOP_183_7_fu_705 |  p63 |   2  |  32  |   64   ||    9    |
| grp_top_Pipeline_VITIS_LOOP_181_6_VITIS_LOOP_183_7_fu_705 |  p64 |   2  |  32  |   64   ||    9    |
| grp_top_Pipeline_VITIS_LOOP_190_8_VITIS_LOOP_192_9_fu_773 |  p9  |   2  |  32  |   64   ||    9    |
| grp_top_Pipeline_VITIS_LOOP_190_8_VITIS_LOOP_192_9_fu_773 |  p10 |   2  |  32  |   64   ||    9    |
| grp_top_Pipeline_VITIS_LOOP_190_8_VITIS_LOOP_192_9_fu_773 |  p11 |   2  |  32  |   64   ||    9    |
| grp_top_Pipeline_VITIS_LOOP_190_8_VITIS_LOOP_192_9_fu_773 |  p12 |   2  |  32  |   64   ||    9    |
| grp_top_Pipeline_VITIS_LOOP_190_8_VITIS_LOOP_192_9_fu_773 |  p13 |   2  |  32  |   64   ||    9    |
| grp_top_Pipeline_VITIS_LOOP_190_8_VITIS_LOOP_192_9_fu_773 |  p14 |   2  |  32  |   64   ||    9    |
| grp_top_Pipeline_VITIS_LOOP_190_8_VITIS_LOOP_192_9_fu_773 |  p15 |   2  |  32  |   64   ||    9    |
| grp_top_Pipeline_VITIS_LOOP_190_8_VITIS_LOOP_192_9_fu_773 |  p16 |   2  |  32  |   64   ||    9    |
| grp_top_Pipeline_VITIS_LOOP_190_8_VITIS_LOOP_192_9_fu_773 |  p17 |   2  |  32  |   64   ||    9    |
| grp_top_Pipeline_VITIS_LOOP_190_8_VITIS_LOOP_192_9_fu_773 |  p18 |   2  |  32  |   64   ||    9    |
| grp_top_Pipeline_VITIS_LOOP_190_8_VITIS_LOOP_192_9_fu_773 |  p19 |   2  |  32  |   64   ||    9    |
| grp_top_Pipeline_VITIS_LOOP_190_8_VITIS_LOOP_192_9_fu_773 |  p20 |   2  |  32  |   64   ||    9    |
| grp_top_Pipeline_VITIS_LOOP_190_8_VITIS_LOOP_192_9_fu_773 |  p21 |   2  |  32  |   64   ||    9    |
| grp_top_Pipeline_VITIS_LOOP_190_8_VITIS_LOOP_192_9_fu_773 |  p22 |   2  |  32  |   64   ||    9    |
| grp_top_Pipeline_VITIS_LOOP_190_8_VITIS_LOOP_192_9_fu_773 |  p23 |   2  |  32  |   64   ||    9    |
| grp_top_Pipeline_VITIS_LOOP_190_8_VITIS_LOOP_192_9_fu_773 |  p24 |   2  |  32  |   64   ||    9    |
|          grp_top_Pipeline_VITIS_LOOP_119_2_fu_801         |  p57 |   2  |   1  |    2   ||    9    |
|          grp_top_Pipeline_VITIS_LOOP_119_2_fu_801         |  p58 |   2  |   1  |    2   ||    9    |
|          grp_top_Pipeline_VITIS_LOOP_119_2_fu_801         |  p59 |   2  |   2  |    4   ||    9    |
|          grp_top_Pipeline_VITIS_LOOP_119_2_fu_801         |  p60 |   2  |   1  |    2   ||    9    |
|          grp_top_Pipeline_VITIS_LOOP_119_2_fu_801         |  p61 |   2  |   2  |    4   ||    9    |
|          grp_top_Pipeline_VITIS_LOOP_119_2_fu_801         |  p62 |   2  |   1  |    2   ||    9    |
|     grp_top_Pipeline_WRITE_Q_VITIS_LOOP_206_10_fu_979     |  p3  |   2  |   3  |    6   ||    9    |
|     grp_top_Pipeline_WRITE_Q_VITIS_LOOP_206_10_fu_979     |  p4  |   2  |   3  |    6   ||    9    |
|     grp_top_Pipeline_WRITE_Q_VITIS_LOOP_206_10_fu_979     |  p5  |   2  |   3  |    6   ||    9    |
|     grp_top_Pipeline_WRITE_Q_VITIS_LOOP_206_10_fu_979     |  p6  |   2  |   3  |    6   ||    9    |
|     grp_top_Pipeline_WRITE_R_VITIS_LOOP_216_11_fu_998     |  p3  |   2  |   3  |    6   ||    9    |
|     grp_top_Pipeline_WRITE_R_VITIS_LOOP_216_11_fu_998     |  p4  |   2  |   3  |    6   ||    9    |
|     grp_top_Pipeline_WRITE_R_VITIS_LOOP_216_11_fu_998     |  p5  |   2  |   3  |    6   ||    9    |
|     grp_top_Pipeline_WRITE_R_VITIS_LOOP_216_11_fu_998     |  p6  |   2  |   3  |    6   ||    9    |
|-----------------------------------------------------------|------|------|------|--------||---------||---------|
|                           Total                           |      |      |      |  4812  ||  38.003 ||   801   |
|-----------------------------------------------------------|------|------|------|--------||---------||---------|



* Summary:
+-----------+--------+--------+--------+--------+--------+--------+
|           |  BRAM  |   DSP  |  Delay |   FF   |   LUT  |  URAM  |
+-----------+--------+--------+--------+--------+--------+--------+
|  Function |    -   |   32   |   26   |  19848 |  10542 |    -   |
|   Memory  |    0   |    -   |    -   |   512  |   64   |    0   |
|Multiplexer|    -   |    -   |   38   |    -   |   801  |    -   |
|  Register |    -   |    -   |    -   |  7365  |    -   |    -   |
+-----------+--------+--------+--------+--------+--------+--------+
|   Total   |    0   |   32   |   64   |  27725 |  11407 |    0   |
+-----------+--------+--------+--------+--------+--------+--------+
