

================================================================
== Vitis HLS Report for 'top_Pipeline_WRITE_Q_VITIS_LOOP_206_10'
================================================================
* Date:           Thu Mar  5 00:42:44 2026

* Version:        2023.2 (Build 4023990 on Oct 11 2023)
* Project:        CGR_QR_WBS
* Solution:       solution1 (Vivado IP Flow Target)
* Product family: zynquplus
* Target device:  xczu7ev-ffvc1156-2-e


================================================================
== Performance Estimates
================================================================
+ Timing: 
    * Summary: 
    +--------+----------+----------+------------+
    |  Clock |  Target  | Estimated| Uncertainty|
    +--------+----------+----------+------------+
    |ap_clk  |  10.00 ns|  8.750 ns|     1.25 ns|
    +--------+----------+----------+------------+

+ Latency: 
    * Summary: 
    +---------+---------+----------+----------+-----+-----+---------+
    |  Latency (cycles) |  Latency (absolute) |  Interval | Pipeline|
    |   min   |   max   |    min   |    max   | min | max |   Type  |
    +---------+---------+----------+----------+-----+-----+---------+
    |       65|       65|  0.650 us|  0.650 us|   65|   65|       no|
    +---------+---------+----------+----------+-----+-----+---------+

    + Detail: 
        * Instance: 
        N/A

        * Loop: 
        +-----------------------------+---------+---------+----------+-----------+-----------+------+----------+
        |                             |  Latency (cycles) | Iteration|  Initiation Interval  | Trip |          |
        |          Loop Name          |   min   |   max   |  Latency |  achieved |   target  | Count| Pipelined|
        +-----------------------------+---------+---------+----------+-----------+-----------+------+----------+
        |- WRITE_Q_VITIS_LOOP_206_10  |       63|       63|        10|          2|          1|    28|       yes|
        +-----------------------------+---------+---------+----------+-----------+-----------+------+----------+

============================================================
+ Verbose Summary: Synthesis Manager
============================================================
InlineROM: 1
ExposeGlobal: 0
============================================================
+ Verbose Summary: CDFG Model
============================================================
IsTopModel: 0
ResetActiveHigh: 1
IsCombinational: 0
IsDatapathOnly: 0
HasWiredReturn: 1
HasMFsm: 2
HasVarLatency: 1
IsPipeline: 0
IsRtlPipelined: 0
IsInstanceOverlapped: 0
IsDontTouch: 0
HasImplIP: 0
IsGatedGlobalClock: 0

+ Individual pipeline summary: 
  * Pipeline-0: initiation interval (II) = 2, depth = 10


============================================================
+ Verbose Summary: Schedule
============================================================
* Number of FSM states : 10
* Pipeline : 1
  Pipeline-0 : II = 2, D = 10, States = { 1 2 3 4 5 6 7 8 9 10 }
* Dataflow Pipeline: 0

* FSM state transitions: 
1 --> 2 
2 --> 3 
3 --> 4 
4 --> 5 
5 --> 6 
6 --> 7 
7 --> 8 
8 --> 9 
9 --> 10 
10 --> 

* FSM state operations: 

State 1 <SV = 0> <Delay = 2.40>
ST_1 : Operation 13 [1/1] (0.00ns)   --->   "%j = alloca i32 1" [top_cmplx.cpp:206]   --->   Operation 13 'alloca' 'j' <Predicate = true> <Delay = 0.00>
ST_1 : Operation 14 [1/1] (0.00ns)   --->   "%i = alloca i32 1" [top_cmplx.cpp:204]   --->   Operation 14 'alloca' 'i' <Predicate = true> <Delay = 0.00>
ST_1 : Operation 15 [1/1] (0.00ns)   --->   "%indvar_flatten54 = alloca i32 1"   --->   Operation 15 'alloca' 'indvar_flatten54' <Predicate = true> <Delay = 0.00>
ST_1 : Operation 16 [1/1] (0.00ns)   --->   "%Q_out_imag_3_load3 = alloca i32 1"   --->   Operation 16 'alloca' 'Q_out_imag_3_load3' <Predicate = true> <Delay = 0.00>
ST_1 : Operation 17 [1/1] (0.00ns)   --->   "%Q_out_imag_2_load5 = alloca i32 1"   --->   Operation 17 'alloca' 'Q_out_imag_2_load5' <Predicate = true> <Delay = 0.00>
ST_1 : Operation 18 [1/1] (0.00ns)   --->   "%Q_out_imag_1_load7 = alloca i32 1"   --->   Operation 18 'alloca' 'Q_out_imag_1_load7' <Predicate = true> <Delay = 0.00>
ST_1 : Operation 19 [1/1] (0.00ns)   --->   "%Q_out_imag_load9 = alloca i32 1"   --->   Operation 19 'alloca' 'Q_out_imag_load9' <Predicate = true> <Delay = 0.00>
ST_1 : Operation 20 [1/1] (0.00ns)   --->   "%Q_out_real_3_load11 = alloca i32 1"   --->   Operation 20 'alloca' 'Q_out_real_3_load11' <Predicate = true> <Delay = 0.00>
ST_1 : Operation 21 [1/1] (0.00ns)   --->   "%Q_out_real_2_load13 = alloca i32 1"   --->   Operation 21 'alloca' 'Q_out_real_2_load13' <Predicate = true> <Delay = 0.00>
ST_1 : Operation 22 [1/1] (0.00ns)   --->   "%Q_out_real_1_load15 = alloca i32 1"   --->   Operation 22 'alloca' 'Q_out_real_1_load15' <Predicate = true> <Delay = 0.00>
ST_1 : Operation 23 [1/1] (0.00ns)   --->   "%Q_out_real_load17 = alloca i32 1"   --->   Operation 23 'alloca' 'Q_out_real_load17' <Predicate = true> <Delay = 0.00>
ST_1 : Operation 24 [1/1] (0.00ns)   --->   "%xor_ln204_read = read i3 @_ssdm_op_Read.ap_auto.i3, i3 %xor_ln204"   --->   Operation 24 'read' 'xor_ln204_read' <Predicate = true> <Delay = 0.00>
ST_1 : Operation 25 [1/1] (0.00ns)   --->   "%zext_ln206_1_read = read i3 @_ssdm_op_Read.ap_auto.i3, i3 %zext_ln206_1"   --->   Operation 25 'read' 'zext_ln206_1_read' <Predicate = true> <Delay = 0.00>
ST_1 : Operation 26 [1/1] (0.00ns)   --->   "%tmp = read i3 @_ssdm_op_Read.ap_auto.i3, i3 %empty"   --->   Operation 26 'read' 'tmp' <Predicate = true> <Delay = 0.00>
ST_1 : Operation 27 [1/1] (0.00ns)   --->   "%zext_ln206_read = read i3 @_ssdm_op_Read.ap_auto.i3, i3 %zext_ln206"   --->   Operation 27 'read' 'zext_ln206_read' <Predicate = true> <Delay = 0.00>
ST_1 : Operation 28 [1/1] (0.00ns)   --->   "%Q_DRAM_read = read i64 @_ssdm_op_Read.ap_auto.i64, i64 %Q_DRAM"   --->   Operation 28 'read' 'Q_DRAM_read' <Predicate = true> <Delay = 0.00>
ST_1 : Operation 29 [1/1] (0.00ns)   --->   "%zext_ln206_1_cast = zext i3 %zext_ln206_1_read"   --->   Operation 29 'zext' 'zext_ln206_1_cast' <Predicate = true> <Delay = 0.00>
ST_1 : Operation 30 [1/1] (0.00ns)   --->   "%zext_ln206_cast = zext i3 %zext_ln206_read"   --->   Operation 30 'zext' 'zext_ln206_cast' <Predicate = true> <Delay = 0.00>
ST_1 : Operation 31 [1/1] (0.00ns)   --->   "%specinterface_ln0 = specinterface void @_ssdm_op_SpecInterface, i64 %memQ, void @empty, i32 0, i32 0, void @empty_0, i32 0, i32 28, void @empty_3, void @empty_2, void @empty_0, i32 16, i32 16, i32 16, i32 16, void @empty_0, void @empty_0, i32 4294967295, i32 0"   --->   Operation 31 'specinterface' 'specinterface_ln0' <Predicate = true> <Delay = 0.00>
ST_1 : Operation 32 [1/1] (0.42ns)   --->   "%store_ln0 = store i5 0, i5 %indvar_flatten54"   --->   Operation 32 'store' 'store_ln0' <Predicate = true> <Delay = 0.42>
ST_1 : Operation 33 [1/1] (0.42ns)   --->   "%store_ln204 = store i3 0, i3 %i" [top_cmplx.cpp:204]   --->   Operation 33 'store' 'store_ln204' <Predicate = true> <Delay = 0.42>
ST_1 : Operation 34 [1/1] (0.42ns)   --->   "%store_ln206 = store i3 0, i3 %j" [top_cmplx.cpp:206]   --->   Operation 34 'store' 'store_ln206' <Predicate = true> <Delay = 0.42>
ST_1 : Operation 35 [1/1] (0.42ns)   --->   "%br_ln0 = br void %for.inc282"   --->   Operation 35 'br' 'br_ln0' <Predicate = true> <Delay = 0.42>
ST_1 : Operation 36 [1/1] (0.00ns)   --->   "%first_iter_3 = phi i1 1, void %newFuncRoot, i1 0, void %for.inc282.split"   --->   Operation 36 'phi' 'first_iter_3' <Predicate = true> <Delay = 0.00>
ST_1 : Operation 37 [1/1] (0.00ns)   --->   "%indvar_flatten54_load = load i5 %indvar_flatten54" [top_cmplx.cpp:204]   --->   Operation 37 'load' 'indvar_flatten54_load' <Predicate = true> <Delay = 0.00>
ST_1 : Operation 38 [1/1] (0.00ns)   --->   "%specbitsmap_ln0 = specbitsmap void @_ssdm_op_SpecBitsMap, i64 %memQ"   --->   Operation 38 'specbitsmap' 'specbitsmap_ln0' <Predicate = true> <Delay = 0.00>
ST_1 : Operation 39 [1/1] (0.78ns)   --->   "%icmp_ln204 = icmp_eq  i5 %indvar_flatten54_load, i5 28" [top_cmplx.cpp:204]   --->   Operation 39 'icmp' 'icmp_ln204' <Predicate = true> <Delay = 0.78> <CoreInst = "Cmp">   --->   Core 9 'Cmp' <Latency = 0> <II = 1> <Delay = 0.78> <FuncUnit> <Opcode : 'icmp'> <InPorts = 2> <OutPorts = 1>
ST_1 : Operation 40 [1/1] (0.78ns)   --->   "%add_ln204 = add i5 %indvar_flatten54_load, i5 1" [top_cmplx.cpp:204]   --->   Operation 40 'add' 'add_ln204' <Predicate = true> <Delay = 0.78> <CoreInst = "Adder">   --->   Core 1 'Adder' <Latency = 0> <II = 1> <Delay = 0.78> <FuncUnit> <Opcode : 'add' 'sub'> <InPorts = 2> <OutPorts = 1>
ST_1 : Operation 41 [1/1] (0.00ns)   --->   "%br_ln204 = br i1 %icmp_ln204, void %for.inc285, void %WRITE_R.exitStub" [top_cmplx.cpp:204]   --->   Operation 41 'br' 'br_ln204' <Predicate = true> <Delay = 0.00>
ST_1 : Operation 42 [1/1] (0.00ns)   --->   "%j_load = load i3 %j" [top_cmplx.cpp:206]   --->   Operation 42 'load' 'j_load' <Predicate = (!icmp_ln204)> <Delay = 0.00>
ST_1 : Operation 43 [1/1] (0.00ns)   --->   "%i_load = load i3 %i" [top_cmplx.cpp:204]   --->   Operation 43 'load' 'i_load' <Predicate = (!icmp_ln204)> <Delay = 0.00>
ST_1 : Operation 44 [1/1] (0.00ns)   --->   "%specloopname_ln0 = specloopname void @_ssdm_op_SpecLoopName, void @WRITE_Q_VITIS_LOOP_206_10_str"   --->   Operation 44 'specloopname' 'specloopname_ln0' <Predicate = (!icmp_ln204)> <Delay = 0.00>
ST_1 : Operation 45 [1/1] (0.00ns)   --->   "%speclooptripcount_ln0 = speclooptripcount void @_ssdm_op_SpecLoopTripCount, i64 28, i64 28, i64 28"   --->   Operation 45 'speclooptripcount' 'speclooptripcount_ln0' <Predicate = (!icmp_ln204)> <Delay = 0.00>
ST_1 : Operation 46 [1/1] (0.67ns)   --->   "%icmp_ln206 = icmp_eq  i3 %j_load, i3 4" [top_cmplx.cpp:206]   --->   Operation 46 'icmp' 'icmp_ln206' <Predicate = (!icmp_ln204)> <Delay = 0.67> <CoreInst = "Cmp">   --->   Core 9 'Cmp' <Latency = 0> <II = 1> <Delay = 0.67> <FuncUnit> <Opcode : 'icmp'> <InPorts = 2> <OutPorts = 1>
ST_1 : Operation 47 [1/1] (0.28ns)   --->   "%or_ln204 = or i1 %icmp_ln206, i1 %first_iter_3" [top_cmplx.cpp:204]   --->   Operation 47 'or' 'or_ln204' <Predicate = (!icmp_ln204)> <Delay = 0.28> <CoreInst = "LogicGate">   --->   Core 74 'LogicGate' <Latency = 0> <II = 1> <Delay = 0.28> <FuncUnit> <Opcode : 'and' 'or' 'xor'> <InPorts = 2> <OutPorts = 1>
ST_1 : Operation 48 [1/1] (0.20ns)   --->   "%select_ln204 = select i1 %icmp_ln206, i3 0, i3 %j_load" [top_cmplx.cpp:204]   --->   Operation 48 'select' 'select_ln204' <Predicate = (!icmp_ln204)> <Delay = 0.20> <CoreInst = "Sel">   --->   Core 73 'Sel' <Latency = 0> <II = 1> <Delay = 0.20> <FuncUnit> <Opcode : 'select'> <InPorts = 3> <OutPorts = 1>
ST_1 : Operation 49 [1/1] (0.67ns)   --->   "%add_ln204_1 = add i3 %i_load, i3 1" [top_cmplx.cpp:204]   --->   Operation 49 'add' 'add_ln204_1' <Predicate = (!icmp_ln204)> <Delay = 0.67> <CoreInst = "Adder">   --->   Core 1 'Adder' <Latency = 0> <II = 1> <Delay = 0.67> <FuncUnit> <Opcode : 'add' 'sub'> <InPorts = 2> <OutPorts = 1>
ST_1 : Operation 50 [1/1] (0.20ns)   --->   "%select_ln204_1 = select i1 %icmp_ln206, i3 %add_ln204_1, i3 %i_load" [top_cmplx.cpp:204]   --->   Operation 50 'select' 'select_ln204_1' <Predicate = (!icmp_ln204)> <Delay = 0.20> <CoreInst = "Sel">   --->   Core 73 'Sel' <Latency = 0> <II = 1> <Delay = 0.20> <FuncUnit> <Opcode : 'select'> <InPorts = 3> <OutPorts = 1>
ST_1 : Operation 51 [1/1] (0.00ns)   --->   "%zext_ln204 = zext i3 %select_ln204_1" [top_cmplx.cpp:204]   --->   Operation 51 'zext' 'zext_ln204' <Predicate = (!icmp_ln204)> <Delay = 0.00>
ST_1 : Operation 52 [1/1] (0.00ns)   --->   "%Q_out_real_addr = getelementptr i32 %Q_out_real, i64 0, i64 %zext_ln204" [top_cmplx.cpp:204]   --->   Operation 52 'getelementptr' 'Q_out_real_addr' <Predicate = (!icmp_ln204)> <Delay = 0.00>
ST_1 : Operation 53 [1/1] (0.00ns)   --->   "%Q_out_real_1_addr = getelementptr i32 %Q_out_real_1, i64 0, i64 %zext_ln204" [top_cmplx.cpp:204]   --->   Operation 53 'getelementptr' 'Q_out_real_1_addr' <Predicate = (!icmp_ln204)> <Delay = 0.00>
ST_1 : Operation 54 [1/1] (0.00ns)   --->   "%Q_out_real_2_addr = getelementptr i32 %Q_out_real_2, i64 0, i64 %zext_ln204" [top_cmplx.cpp:204]   --->   Operation 54 'getelementptr' 'Q_out_real_2_addr' <Predicate = (!icmp_ln204)> <Delay = 0.00>
ST_1 : Operation 55 [1/1] (0.00ns)   --->   "%Q_out_real_3_addr = getelementptr i32 %Q_out_real_3, i64 0, i64 %zext_ln204" [top_cmplx.cpp:204]   --->   Operation 55 'getelementptr' 'Q_out_real_3_addr' <Predicate = (!icmp_ln204)> <Delay = 0.00>
ST_1 : Operation 56 [1/1] (0.00ns)   --->   "%Q_out_imag_addr = getelementptr i32 %Q_out_imag, i64 0, i64 %zext_ln204" [top_cmplx.cpp:204]   --->   Operation 56 'getelementptr' 'Q_out_imag_addr' <Predicate = (!icmp_ln204)> <Delay = 0.00>
ST_1 : Operation 57 [1/1] (0.00ns)   --->   "%Q_out_imag_1_addr = getelementptr i32 %Q_out_imag_1, i64 0, i64 %zext_ln204" [top_cmplx.cpp:204]   --->   Operation 57 'getelementptr' 'Q_out_imag_1_addr' <Predicate = (!icmp_ln204)> <Delay = 0.00>
ST_1 : Operation 58 [1/1] (0.00ns)   --->   "%Q_out_imag_2_addr = getelementptr i32 %Q_out_imag_2, i64 0, i64 %zext_ln204" [top_cmplx.cpp:204]   --->   Operation 58 'getelementptr' 'Q_out_imag_2_addr' <Predicate = (!icmp_ln204)> <Delay = 0.00>
ST_1 : Operation 59 [1/1] (0.00ns)   --->   "%Q_out_imag_3_addr = getelementptr i32 %Q_out_imag_3, i64 0, i64 %zext_ln204" [top_cmplx.cpp:204]   --->   Operation 59 'getelementptr' 'Q_out_imag_3_addr' <Predicate = (!icmp_ln204)> <Delay = 0.00>
ST_1 : Operation 60 [1/1] (0.00ns)   --->   "%br_ln206 = br i1 %or_ln204, void %for.inc282.split, void %for.first.iter.for.inc282" [top_cmplx.cpp:206]   --->   Operation 60 'br' 'br_ln206' <Predicate = (!icmp_ln204)> <Delay = 0.00>
ST_1 : Operation 61 [2/2] (0.67ns)   --->   "%Q_out_real_load = load i3 %Q_out_real_addr" [top_cmplx.cpp:204]   --->   Operation 61 'load' 'Q_out_real_load' <Predicate = (!icmp_ln204 & or_ln204)> <Delay = 0.67> <CoreInst = "RAM">   --->   Core 83 'RAM' <Latency = 1> <II = 1> <Delay = 0.67> <Storage> <Opcode : 'load' 'store'> <Ports = 2> <Width = 32> <Depth = 7> <RAM>
ST_1 : Operation 62 [2/2] (0.67ns)   --->   "%Q_out_real_1_load = load i3 %Q_out_real_1_addr" [top_cmplx.cpp:204]   --->   Operation 62 'load' 'Q_out_real_1_load' <Predicate = (!icmp_ln204 & or_ln204)> <Delay = 0.67> <CoreInst = "RAM">   --->   Core 83 'RAM' <Latency = 1> <II = 1> <Delay = 0.67> <Storage> <Opcode : 'load' 'store'> <Ports = 2> <Width = 32> <Depth = 7> <RAM>
ST_1 : Operation 63 [2/2] (0.67ns)   --->   "%Q_out_real_2_load = load i3 %Q_out_real_2_addr" [top_cmplx.cpp:204]   --->   Operation 63 'load' 'Q_out_real_2_load' <Predicate = (!icmp_ln204 & or_ln204)> <Delay = 0.67> <CoreInst = "RAM">   --->   Core 83 'RAM' <Latency = 1> <II = 1> <Delay = 0.67> <Storage> <Opcode : 'load' 'store'> <Ports = 2> <Width = 32> <Depth = 7> <RAM>
ST_1 : Operation 64 [2/2] (0.67ns)   --->   "%Q_out_real_3_load = load i3 %Q_out_real_3_addr" [top_cmplx.cpp:204]   --->   Operation 64 'load' 'Q_out_real_3_load' <Predicate = (!icmp_ln204 & or_ln204)> <Delay = 0.67> <CoreInst = "RAM">   --->   Core 83 'RAM' <Latency = 1> <II = 1> <Delay = 0.67> <Storage> <Opcode : 'load' 'store'> <Ports = 2> <Width = 32> <Depth = 7> <RAM>
ST_1 : Operation 65 [2/2] (0.67ns)   --->   "%Q_out_imag_load = load i3 %Q_out_imag_addr" [top_cmplx.cpp:204]   --->   Operation 65 'load' 'Q_out_imag_load' <Predicate = (!icmp_ln204 & or_ln204)> <Delay = 0.67> <CoreInst = "RAM">   --->   Core 83 'RAM' <Latency = 1> <II = 1> <Delay = 0.67> <Storage> <Opcode : 'load' 'store'> <Ports = 2> <Width = 32> <Depth = 7> <RAM>
ST_1 : Operation 66 [2/2] (0.67ns)   --->   "%Q_out_imag_1_load = load i3 %Q_out_imag_1_addr" [top_cmplx.cpp:204]   --->   Operation 66 'load' 'Q_out_imag_1_load' <Predicate = (!icmp_ln204 & or_ln204)> <Delay = 0.67> <CoreInst = "RAM">   --->   Core 83 'RAM' <Latency = 1> <II = 1> <Delay = 0.67> <Storage> <Opcode : 'load' 'store'> <Ports = 2> <Width = 32> <Depth = 7> <RAM>
ST_1 : Operation 67 [2/2] (0.67ns)   --->   "%Q_out_imag_2_load = load i3 %Q_out_imag_2_addr" [top_cmplx.cpp:204]   --->   Operation 67 'load' 'Q_out_imag_2_load' <Predicate = (!icmp_ln204 & or_ln204)> <Delay = 0.67> <CoreInst = "RAM">   --->   Core 83 'RAM' <Latency = 1> <II = 1> <Delay = 0.67> <Storage> <Opcode : 'load' 'store'> <Ports = 2> <Width = 32> <Depth = 7> <RAM>
ST_1 : Operation 68 [2/2] (0.67ns)   --->   "%Q_out_imag_3_load = load i3 %Q_out_imag_3_addr" [top_cmplx.cpp:204]   --->   Operation 68 'load' 'Q_out_imag_3_load' <Predicate = (!icmp_ln204 & or_ln204)> <Delay = 0.67> <CoreInst = "RAM">   --->   Core 83 'RAM' <Latency = 1> <II = 1> <Delay = 0.67> <Storage> <Opcode : 'load' 'store'> <Ports = 2> <Width = 32> <Depth = 7> <RAM>
ST_1 : Operation 69 [1/1] (0.67ns)   --->   "%add_ln206_2 = add i3 %select_ln204, i3 1" [top_cmplx.cpp:206]   --->   Operation 69 'add' 'add_ln206_2' <Predicate = (!icmp_ln204)> <Delay = 0.67> <CoreInst = "Adder">   --->   Core 1 'Adder' <Latency = 0> <II = 1> <Delay = 0.67> <FuncUnit> <Opcode : 'add' 'sub'> <InPorts = 2> <OutPorts = 1>
ST_1 : Operation 70 [1/1] (0.42ns)   --->   "%store_ln204 = store i5 %add_ln204, i5 %indvar_flatten54" [top_cmplx.cpp:204]   --->   Operation 70 'store' 'store_ln204' <Predicate = (!icmp_ln204)> <Delay = 0.42>
ST_1 : Operation 71 [1/1] (0.42ns)   --->   "%store_ln204 = store i3 %select_ln204_1, i3 %i" [top_cmplx.cpp:204]   --->   Operation 71 'store' 'store_ln204' <Predicate = (!icmp_ln204)> <Delay = 0.42>
ST_1 : Operation 72 [1/1] (0.42ns)   --->   "%store_ln206 = store i3 %add_ln206_2, i3 %j" [top_cmplx.cpp:206]   --->   Operation 72 'store' 'store_ln206' <Predicate = (!icmp_ln204)> <Delay = 0.42>
ST_1 : Operation 73 [1/1] (0.00ns)   --->   "%br_ln206 = br void %for.inc282" [top_cmplx.cpp:206]   --->   Operation 73 'br' 'br_ln206' <Predicate = (!icmp_ln204)> <Delay = 0.00>

State 2 <SV = 1> <Delay = 1.08>
ST_2 : Operation 74 [1/2] (0.67ns)   --->   "%Q_out_real_load = load i3 %Q_out_real_addr" [top_cmplx.cpp:204]   --->   Operation 74 'load' 'Q_out_real_load' <Predicate = (!icmp_ln204 & or_ln204)> <Delay = 0.67> <CoreInst = "RAM">   --->   Core 83 'RAM' <Latency = 1> <II = 1> <Delay = 0.67> <Storage> <Opcode : 'load' 'store'> <Ports = 2> <Width = 32> <Depth = 7> <RAM>
ST_2 : Operation 75 [1/2] (0.67ns)   --->   "%Q_out_real_1_load = load i3 %Q_out_real_1_addr" [top_cmplx.cpp:204]   --->   Operation 75 'load' 'Q_out_real_1_load' <Predicate = (!icmp_ln204 & or_ln204)> <Delay = 0.67> <CoreInst = "RAM">   --->   Core 83 'RAM' <Latency = 1> <II = 1> <Delay = 0.67> <Storage> <Opcode : 'load' 'store'> <Ports = 2> <Width = 32> <Depth = 7> <RAM>
ST_2 : Operation 76 [1/2] (0.67ns)   --->   "%Q_out_real_2_load = load i3 %Q_out_real_2_addr" [top_cmplx.cpp:204]   --->   Operation 76 'load' 'Q_out_real_2_load' <Predicate = (!icmp_ln204 & or_ln204)> <Delay = 0.67> <CoreInst = "RAM">   --->   Core 83 'RAM' <Latency = 1> <II = 1> <Delay = 0.67> <Storage> <Opcode : 'load' 'store'> <Ports = 2> <Width = 32> <Depth = 7> <RAM>
ST_2 : Operation 77 [1/2] (0.67ns)   --->   "%Q_out_real_3_load = load i3 %Q_out_real_3_addr" [top_cmplx.cpp:204]   --->   Operation 77 'load' 'Q_out_real_3_load' <Predicate = (!icmp_ln204 & or_ln204)> <Delay = 0.67> <CoreInst = "RAM">   --->   Core 83 'RAM' <Latency = 1> <II = 1> <Delay = 0.67> <Storage> <Opcode : 'load' 'store'> <Ports = 2> <Width = 32> <Depth = 7> <RAM>
ST_2 : Operation 78 [1/2] (0.67ns)   --->   "%Q_out_imag_load = load i3 %Q_out_imag_addr" [top_cmplx.cpp:204]   --->   Operation 78 'load' 'Q_out_imag_load' <Predicate = (!icmp_ln204 & or_ln204)> <Delay = 0.67> <CoreInst = "RAM">   --->   Core 83 'RAM' <Latency = 1> <II = 1> <Delay = 0.67> <Storage> <Opcode : 'load' 'store'> <Ports = 2> <Width = 32> <Depth = 7> <RAM>
ST_2 : Operation 79 [1/2] (0.67ns)   --->   "%Q_out_imag_1_load = load i3 %Q_out_imag_1_addr" [top_cmplx.cpp:204]   --->   Operation 79 'load' 'Q_out_imag_1_load' <Predicate = (!icmp_ln204 & or_ln204)> <Delay = 0.67> <CoreInst = "RAM">   --->   Core 83 'RAM' <Latency = 1> <II = 1> <Delay = 0.67> <Storage> <Opcode : 'load' 'store'> <Ports = 2> <Width = 32> <Depth = 7> <RAM>
ST_2 : Operation 80 [1/2] (0.67ns)   --->   "%Q_out_imag_2_load = load i3 %Q_out_imag_2_addr" [top_cmplx.cpp:204]   --->   Operation 80 'load' 'Q_out_imag_2_load' <Predicate = (!icmp_ln204 & or_ln204)> <Delay = 0.67> <CoreInst = "RAM">   --->   Core 83 'RAM' <Latency = 1> <II = 1> <Delay = 0.67> <Storage> <Opcode : 'load' 'store'> <Ports = 2> <Width = 32> <Depth = 7> <RAM>
ST_2 : Operation 81 [1/2] (0.67ns)   --->   "%Q_out_imag_3_load = load i3 %Q_out_imag_3_addr" [top_cmplx.cpp:204]   --->   Operation 81 'load' 'Q_out_imag_3_load' <Predicate = (!icmp_ln204 & or_ln204)> <Delay = 0.67> <CoreInst = "RAM">   --->   Core 83 'RAM' <Latency = 1> <II = 1> <Delay = 0.67> <Storage> <Opcode : 'load' 'store'> <Ports = 2> <Width = 32> <Depth = 7> <RAM>
ST_2 : Operation 82 [1/1] (0.00ns)   --->   "%store_ln204 = store i32 %Q_out_real_load, i32 %Q_out_real_load17" [top_cmplx.cpp:204]   --->   Operation 82 'store' 'store_ln204' <Predicate = (!icmp_ln204 & or_ln204)> <Delay = 0.00>
ST_2 : Operation 83 [1/1] (0.00ns)   --->   "%store_ln204 = store i32 %Q_out_real_1_load, i32 %Q_out_real_1_load15" [top_cmplx.cpp:204]   --->   Operation 83 'store' 'store_ln204' <Predicate = (!icmp_ln204 & or_ln204)> <Delay = 0.00>
ST_2 : Operation 84 [1/1] (0.00ns)   --->   "%store_ln204 = store i32 %Q_out_real_2_load, i32 %Q_out_real_2_load13" [top_cmplx.cpp:204]   --->   Operation 84 'store' 'store_ln204' <Predicate = (!icmp_ln204 & or_ln204)> <Delay = 0.00>
ST_2 : Operation 85 [1/1] (0.00ns)   --->   "%store_ln204 = store i32 %Q_out_real_3_load, i32 %Q_out_real_3_load11" [top_cmplx.cpp:204]   --->   Operation 85 'store' 'store_ln204' <Predicate = (!icmp_ln204 & or_ln204)> <Delay = 0.00>
ST_2 : Operation 86 [1/1] (0.00ns)   --->   "%store_ln204 = store i32 %Q_out_imag_load, i32 %Q_out_imag_load9" [top_cmplx.cpp:204]   --->   Operation 86 'store' 'store_ln204' <Predicate = (!icmp_ln204 & or_ln204)> <Delay = 0.00>
ST_2 : Operation 87 [1/1] (0.00ns)   --->   "%store_ln204 = store i32 %Q_out_imag_1_load, i32 %Q_out_imag_1_load7" [top_cmplx.cpp:204]   --->   Operation 87 'store' 'store_ln204' <Predicate = (!icmp_ln204 & or_ln204)> <Delay = 0.00>
ST_2 : Operation 88 [1/1] (0.00ns)   --->   "%store_ln204 = store i32 %Q_out_imag_2_load, i32 %Q_out_imag_2_load5" [top_cmplx.cpp:204]   --->   Operation 88 'store' 'store_ln204' <Predicate = (!icmp_ln204 & or_ln204)> <Delay = 0.00>
ST_2 : Operation 89 [1/1] (0.00ns)   --->   "%store_ln204 = store i32 %Q_out_imag_3_load, i32 %Q_out_imag_3_load3" [top_cmplx.cpp:204]   --->   Operation 89 'store' 'store_ln204' <Predicate = (!icmp_ln204 & or_ln204)> <Delay = 0.00>
ST_2 : Operation 90 [1/1] (0.00ns)   --->   "%br_ln206 = br void %for.inc282.split" [top_cmplx.cpp:206]   --->   Operation 90 'br' 'br_ln206' <Predicate = (!icmp_ln204 & or_ln204)> <Delay = 0.00>
ST_2 : Operation 91 [1/1] (0.00ns)   --->   "%trunc_ln206 = trunc i3 %select_ln204" [top_cmplx.cpp:206]   --->   Operation 91 'trunc' 'trunc_ln206' <Predicate = (!icmp_ln204)> <Delay = 0.00>
ST_2 : Operation 92 [1/1] (0.00ns)   --->   "%shl_ln206_8 = bitconcatenate i8 @_ssdm_op_BitConcatenate.i8.i3.i2.i3, i3 %select_ln204_1, i2 %trunc_ln206, i3 0" [top_cmplx.cpp:206]   --->   Operation 92 'bitconcatenate' 'shl_ln206_8' <Predicate = (!icmp_ln204)> <Delay = 0.00>
ST_2 : Operation 93 [1/1] (0.00ns)   --->   "%zext_ln206_2 = zext i8 %shl_ln206_8" [top_cmplx.cpp:206]   --->   Operation 93 'zext' 'zext_ln206_2' <Predicate = (!icmp_ln204)> <Delay = 0.00>
ST_2 : Operation 94 [1/1] (1.08ns)   --->   "%add_ln206 = add i64 %zext_ln206_2, i64 %Q_DRAM_read" [top_cmplx.cpp:206]   --->   Operation 94 'add' 'add_ln206' <Predicate = (!icmp_ln204)> <Delay = 1.08> <CoreInst = "Adder">   --->   Core 1 'Adder' <Latency = 0> <II = 1> <Delay = 1.08> <FuncUnit> <Opcode : 'add' 'sub'> <InPorts = 2> <OutPorts = 1>
ST_2 : Operation 95 [1/1] (0.00ns)   --->   "%trunc_ln206_2 = partselect i61 @_ssdm_op_PartSelect.i61.i64.i32.i32, i64 %add_ln206, i32 3, i32 63" [top_cmplx.cpp:206]   --->   Operation 95 'partselect' 'trunc_ln206_2' <Predicate = (!icmp_ln204)> <Delay = 0.00>

State 3 <SV = 2> <Delay = 8.75>
ST_3 : Operation 96 [1/1] (0.00ns)   --->   "%Q_out_real_3_load_1 = load i32 %Q_out_real_3_load11"   --->   Operation 96 'load' 'Q_out_real_3_load_1' <Predicate = (!icmp_ln204 & trunc_ln206 == 3)> <Delay = 0.00>
ST_3 : Operation 97 [1/1] (0.00ns)   --->   "%Q_out_real_2_load_1 = load i32 %Q_out_real_2_load13"   --->   Operation 97 'load' 'Q_out_real_2_load_1' <Predicate = (!icmp_ln204 & trunc_ln206 == 2)> <Delay = 0.00>
ST_3 : Operation 98 [1/1] (0.00ns)   --->   "%Q_out_real_1_load_1 = load i32 %Q_out_real_1_load15"   --->   Operation 98 'load' 'Q_out_real_1_load_1' <Predicate = (!icmp_ln204 & trunc_ln206 == 1)> <Delay = 0.00>
ST_3 : Operation 99 [1/1] (0.00ns)   --->   "%Q_out_real_load_1 = load i32 %Q_out_real_load17"   --->   Operation 99 'load' 'Q_out_real_load_1' <Predicate = (!icmp_ln204 & trunc_ln206 == 0)> <Delay = 0.00>
ST_3 : Operation 100 [1/1] (0.00ns) (grouped into LUT with out node add_ln206_1)   --->   "%shl_ln2 = bitconcatenate i6 @_ssdm_op_BitConcatenate.i6.i3.i3, i3 %select_ln204_1, i3 0" [top_cmplx.cpp:206]   --->   Operation 100 'bitconcatenate' 'shl_ln2' <Predicate = (!icmp_ln204)> <Delay = 0.00>
ST_3 : Operation 101 [1/1] (0.00ns) (grouped into LUT with out node add_ln206_1)   --->   "%or_ln206 = or i6 %shl_ln2, i6 1" [top_cmplx.cpp:206]   --->   Operation 101 'or' 'or_ln206' <Predicate = (!icmp_ln204)> <Delay = 0.00>
ST_3 : Operation 102 [1/1] (0.00ns) (grouped into LUT with out node add_ln206_1)   --->   "%shl_ln206_1 = shl i3 %select_ln204, i3 1" [top_cmplx.cpp:206]   --->   Operation 102 'shl' 'shl_ln206_1' <Predicate = (!icmp_ln204)> <Delay = 0.00>
ST_3 : Operation 103 [1/1] (0.52ns)   --->   "%tmp_s = sparsemux i32 @_ssdm_op_SparseMux.ap_auto.4f32.f32.i2, i2 0, i32 %Q_out_real_load_1, i2 1, i32 %Q_out_real_1_load_1, i2 2, i32 %Q_out_real_2_load_1, i2 3, i32 %Q_out_real_3_load_1, i32 <undef>, i2 %trunc_ln206" [top_cmplx.cpp:208]   --->   Operation 103 'sparsemux' 'tmp_s' <Predicate = (!icmp_ln204)> <Delay = 0.52> <CoreInst = "SparseMux">   --->   Core 147 'SparseMux' <Latency = 0> <II = 1> <Delay = 0.52> <FuncUnit> <Opcode : 'sparsemux'> <InPorts = 2> <OutPorts = 1>
ST_3 : Operation 104 [1/1] (0.00ns)   --->   "%bitcast_ln206 = bitcast i32 %tmp_s" [top_cmplx.cpp:206]   --->   Operation 104 'bitcast' 'bitcast_ln206' <Predicate = (!icmp_ln204)> <Delay = 0.00>
ST_3 : Operation 105 [1/1] (0.00ns)   --->   "%zext_ln206_3 = zext i32 %bitcast_ln206" [top_cmplx.cpp:206]   --->   Operation 105 'zext' 'zext_ln206_3' <Predicate = (!icmp_ln204)> <Delay = 0.00>
ST_3 : Operation 106 [1/1] (0.68ns)   --->   "%shl_ln206 = shl i8 15, i8 %zext_ln206_cast" [top_cmplx.cpp:206]   --->   Operation 106 'shl' 'shl_ln206' <Predicate = (!icmp_ln204)> <Delay = 0.68> <CoreInst = "Shifter">   --->   Core 75 'Shifter' <Latency = 0> <II = 1> <Delay = 0.68> <FuncUnit> <Opcode : 'shl' 'lshr' 'ashr'> <InPorts = 2> <OutPorts = 1>
ST_3 : Operation 107 [1/1] (0.00ns)   --->   "%shl_ln206_3 = bitconcatenate i6 @_ssdm_op_BitConcatenate.i6.i3.i3, i3 %tmp, i3 0" [top_cmplx.cpp:206]   --->   Operation 107 'bitconcatenate' 'shl_ln206_3' <Predicate = (!icmp_ln204)> <Delay = 0.00>
ST_3 : Operation 108 [1/1] (0.00ns)   --->   "%zext_ln206_4 = zext i6 %shl_ln206_3" [top_cmplx.cpp:206]   --->   Operation 108 'zext' 'zext_ln206_4' <Predicate = (!icmp_ln204)> <Delay = 0.00>
ST_3 : Operation 109 [1/1] (1.38ns)   --->   "%shl_ln206_2 = shl i64 %zext_ln206_3, i64 %zext_ln206_4" [top_cmplx.cpp:206]   --->   Operation 109 'shl' 'shl_ln206_2' <Predicate = (!icmp_ln204)> <Delay = 1.38> <CoreInst = "Shifter">   --->   Core 75 'Shifter' <Latency = 0> <II = 1> <Delay = 1.38> <FuncUnit> <Opcode : 'shl' 'lshr' 'ashr'> <InPorts = 2> <OutPorts = 1>
ST_3 : Operation 110 [1/1] (0.00ns)   --->   "%sext_ln206 = sext i61 %trunc_ln206_2" [top_cmplx.cpp:206]   --->   Operation 110 'sext' 'sext_ln206' <Predicate = (!icmp_ln204)> <Delay = 0.00>
ST_3 : Operation 111 [1/1] (0.00ns)   --->   "%memQ_addr = getelementptr i64 %memQ, i64 %sext_ln206" [top_cmplx.cpp:206]   --->   Operation 111 'getelementptr' 'memQ_addr' <Predicate = (!icmp_ln204)> <Delay = 0.00>
ST_3 : Operation 112 [1/1] (8.75ns)   --->   "%empty_35 = writereq i1 @_ssdm_op_WriteReq.m_axi.p1i64, i64 %memQ_addr, i32 1" [top_cmplx.cpp:206]   --->   Operation 112 'writereq' 'empty_35' <Predicate = (!icmp_ln204)> <Delay = 8.75> <CoreInst = "m_axi">   --->   Core 121 'm_axi' <Latency = 0> <II = 1> <Delay = 1.00> <Adapter> <Opcode : 'read' 'write' 'readreq' 'writereq' 'writeresp'>
ST_3 : Operation 113 [1/1] (0.00ns) (grouped into LUT with out node add_ln206_1)   --->   "%or_ln206_1 = or i3 %shl_ln206_1, i3 1" [top_cmplx.cpp:206]   --->   Operation 113 'or' 'or_ln206_1' <Predicate = (!icmp_ln204)> <Delay = 0.00>
ST_3 : Operation 114 [1/1] (0.00ns) (grouped into LUT with out node add_ln206_1)   --->   "%tmp_5 = partselect i3 @_ssdm_op_PartSelect.i3.i6.i32.i32, i6 %or_ln206, i32 3, i32 5" [top_cmplx.cpp:206]   --->   Operation 114 'partselect' 'tmp_5' <Predicate = (!icmp_ln204)> <Delay = 0.00>
ST_3 : Operation 115 [1/1] (0.00ns) (grouped into LUT with out node add_ln206_1)   --->   "%tmp_6 = bitconcatenate i8 @_ssdm_op_BitConcatenate.i8.i3.i3.i2, i3 %tmp_5, i3 %or_ln206_1, i2 0" [top_cmplx.cpp:206]   --->   Operation 115 'bitconcatenate' 'tmp_6' <Predicate = (!icmp_ln204)> <Delay = 0.00>
ST_3 : Operation 116 [1/1] (0.00ns) (grouped into LUT with out node add_ln206_1)   --->   "%zext_ln206_6 = zext i8 %tmp_6" [top_cmplx.cpp:206]   --->   Operation 116 'zext' 'zext_ln206_6' <Predicate = (!icmp_ln204)> <Delay = 0.00>
ST_3 : Operation 117 [1/1] (1.08ns) (out node of the LUT)   --->   "%add_ln206_1 = add i64 %zext_ln206_6, i64 %Q_DRAM_read" [top_cmplx.cpp:206]   --->   Operation 117 'add' 'add_ln206_1' <Predicate = (!icmp_ln204)> <Delay = 1.08> <CoreInst = "Adder">   --->   Core 1 'Adder' <Latency = 0> <II = 1> <Delay = 1.08> <FuncUnit> <Opcode : 'add' 'sub'> <InPorts = 2> <OutPorts = 1>
ST_3 : Operation 118 [1/1] (0.00ns)   --->   "%trunc_ln206_3 = partselect i61 @_ssdm_op_PartSelect.i61.i64.i32.i32, i64 %add_ln206_1, i32 3, i32 63" [top_cmplx.cpp:206]   --->   Operation 118 'partselect' 'trunc_ln206_3' <Predicate = (!icmp_ln204)> <Delay = 0.00>

State 4 <SV = 3> <Delay = 8.75>
ST_4 : Operation 119 [1/1] (0.00ns)   --->   "%Q_out_imag_3_load_1 = load i32 %Q_out_imag_3_load3"   --->   Operation 119 'load' 'Q_out_imag_3_load_1' <Predicate = (!icmp_ln204 & trunc_ln206 == 3)> <Delay = 0.00>
ST_4 : Operation 120 [1/1] (0.00ns)   --->   "%Q_out_imag_2_load_1 = load i32 %Q_out_imag_2_load5"   --->   Operation 120 'load' 'Q_out_imag_2_load_1' <Predicate = (!icmp_ln204 & trunc_ln206 == 2)> <Delay = 0.00>
ST_4 : Operation 121 [1/1] (0.00ns)   --->   "%Q_out_imag_1_load_1 = load i32 %Q_out_imag_1_load7"   --->   Operation 121 'load' 'Q_out_imag_1_load_1' <Predicate = (!icmp_ln204 & trunc_ln206 == 1)> <Delay = 0.00>
ST_4 : Operation 122 [1/1] (0.00ns)   --->   "%Q_out_imag_load_1 = load i32 %Q_out_imag_load9"   --->   Operation 122 'load' 'Q_out_imag_load_1' <Predicate = (!icmp_ln204 & trunc_ln206 == 0)> <Delay = 0.00>
ST_4 : Operation 123 [1/1] (0.52ns)   --->   "%tmp_4 = sparsemux i32 @_ssdm_op_SparseMux.ap_auto.4f32.f32.i2, i2 0, i32 %Q_out_imag_load_1, i2 1, i32 %Q_out_imag_1_load_1, i2 2, i32 %Q_out_imag_2_load_1, i2 3, i32 %Q_out_imag_3_load_1, i32 <undef>, i2 %trunc_ln206" [top_cmplx.cpp:209]   --->   Operation 123 'sparsemux' 'tmp_4' <Predicate = (!icmp_ln204)> <Delay = 0.52> <CoreInst = "SparseMux">   --->   Core 147 'SparseMux' <Latency = 0> <II = 1> <Delay = 0.52> <FuncUnit> <Opcode : 'sparsemux'> <InPorts = 2> <OutPorts = 1>
ST_4 : Operation 124 [1/1] (8.75ns)   --->   "%write_ln206 = write void @_ssdm_op_Write.m_axi.p1i64, i64 %memQ_addr, i64 %shl_ln206_2, i8 %shl_ln206" [top_cmplx.cpp:206]   --->   Operation 124 'write' 'write_ln206' <Predicate = (!icmp_ln204)> <Delay = 8.75> <CoreInst = "m_axi">   --->   Core 121 'm_axi' <Latency = 0> <II = 1> <Delay = 1.00> <Adapter> <Opcode : 'read' 'write' 'readreq' 'writereq' 'writeresp'>
ST_4 : Operation 125 [1/1] (0.00ns)   --->   "%bitcast_ln206_1 = bitcast i32 %tmp_4" [top_cmplx.cpp:206]   --->   Operation 125 'bitcast' 'bitcast_ln206_1' <Predicate = (!icmp_ln204)> <Delay = 0.00>
ST_4 : Operation 126 [1/1] (0.00ns)   --->   "%zext_ln206_5 = zext i32 %bitcast_ln206_1" [top_cmplx.cpp:206]   --->   Operation 126 'zext' 'zext_ln206_5' <Predicate = (!icmp_ln204)> <Delay = 0.00>
ST_4 : Operation 127 [1/1] (0.68ns)   --->   "%shl_ln206_4 = shl i8 15, i8 %zext_ln206_1_cast" [top_cmplx.cpp:206]   --->   Operation 127 'shl' 'shl_ln206_4' <Predicate = (!icmp_ln204)> <Delay = 0.68> <CoreInst = "Shifter">   --->   Core 75 'Shifter' <Latency = 0> <II = 1> <Delay = 0.68> <FuncUnit> <Opcode : 'shl' 'lshr' 'ashr'> <InPorts = 2> <OutPorts = 1>
ST_4 : Operation 128 [1/1] (0.00ns)   --->   "%shl_ln206_6 = bitconcatenate i6 @_ssdm_op_BitConcatenate.i6.i3.i3, i3 %xor_ln204_read, i3 0" [top_cmplx.cpp:206]   --->   Operation 128 'bitconcatenate' 'shl_ln206_6' <Predicate = (!icmp_ln204)> <Delay = 0.00>
ST_4 : Operation 129 [1/1] (0.00ns)   --->   "%zext_ln206_7 = zext i6 %shl_ln206_6" [top_cmplx.cpp:206]   --->   Operation 129 'zext' 'zext_ln206_7' <Predicate = (!icmp_ln204)> <Delay = 0.00>
ST_4 : Operation 130 [1/1] (1.38ns)   --->   "%shl_ln206_5 = shl i64 %zext_ln206_5, i64 %zext_ln206_7" [top_cmplx.cpp:206]   --->   Operation 130 'shl' 'shl_ln206_5' <Predicate = (!icmp_ln204)> <Delay = 1.38> <CoreInst = "Shifter">   --->   Core 75 'Shifter' <Latency = 0> <II = 1> <Delay = 1.38> <FuncUnit> <Opcode : 'shl' 'lshr' 'ashr'> <InPorts = 2> <OutPorts = 1>
ST_4 : Operation 131 [1/1] (0.00ns)   --->   "%sext_ln206_1 = sext i61 %trunc_ln206_3" [top_cmplx.cpp:206]   --->   Operation 131 'sext' 'sext_ln206_1' <Predicate = (!icmp_ln204)> <Delay = 0.00>
ST_4 : Operation 132 [1/1] (0.00ns)   --->   "%memQ_addr_1 = getelementptr i64 %memQ, i64 %sext_ln206_1" [top_cmplx.cpp:206]   --->   Operation 132 'getelementptr' 'memQ_addr_1' <Predicate = (!icmp_ln204)> <Delay = 0.00>
ST_4 : Operation 133 [1/1] (8.75ns)   --->   "%empty_37 = writereq i1 @_ssdm_op_WriteReq.m_axi.p1i64, i64 %memQ_addr_1, i32 1" [top_cmplx.cpp:206]   --->   Operation 133 'writereq' 'empty_37' <Predicate = (!icmp_ln204)> <Delay = 8.75> <CoreInst = "m_axi">   --->   Core 121 'm_axi' <Latency = 0> <II = 1> <Delay = 1.00> <Adapter> <Opcode : 'read' 'write' 'readreq' 'writereq' 'writeresp'>

State 5 <SV = 4> <Delay = 8.75>
ST_5 : Operation 134 [5/5] (8.75ns)   --->   "%empty_36 = writeresp i1 @_ssdm_op_WriteResp.m_axi.p1i64, i64 %memQ_addr" [top_cmplx.cpp:206]   --->   Operation 134 'writeresp' 'empty_36' <Predicate = (!icmp_ln204)> <Delay = 8.75> <CoreInst = "m_axi">   --->   Core 121 'm_axi' <Latency = 0> <II = 1> <Delay = 1.00> <Adapter> <Opcode : 'read' 'write' 'readreq' 'writereq' 'writeresp'>
ST_5 : Operation 135 [1/1] (8.75ns)   --->   "%write_ln206 = write void @_ssdm_op_Write.m_axi.p1i64, i64 %memQ_addr_1, i64 %shl_ln206_5, i8 %shl_ln206_4" [top_cmplx.cpp:206]   --->   Operation 135 'write' 'write_ln206' <Predicate = (!icmp_ln204)> <Delay = 8.75> <CoreInst = "m_axi">   --->   Core 121 'm_axi' <Latency = 0> <II = 1> <Delay = 1.00> <Adapter> <Opcode : 'read' 'write' 'readreq' 'writereq' 'writeresp'>

State 6 <SV = 5> <Delay = 8.75>
ST_6 : Operation 136 [4/5] (8.75ns)   --->   "%empty_36 = writeresp i1 @_ssdm_op_WriteResp.m_axi.p1i64, i64 %memQ_addr" [top_cmplx.cpp:206]   --->   Operation 136 'writeresp' 'empty_36' <Predicate = (!icmp_ln204)> <Delay = 8.75> <CoreInst = "m_axi">   --->   Core 121 'm_axi' <Latency = 0> <II = 1> <Delay = 1.00> <Adapter> <Opcode : 'read' 'write' 'readreq' 'writereq' 'writeresp'>
ST_6 : Operation 137 [5/5] (8.75ns)   --->   "%empty_38 = writeresp i1 @_ssdm_op_WriteResp.m_axi.p1i64, i64 %memQ_addr_1" [top_cmplx.cpp:206]   --->   Operation 137 'writeresp' 'empty_38' <Predicate = (!icmp_ln204)> <Delay = 8.75> <CoreInst = "m_axi">   --->   Core 121 'm_axi' <Latency = 0> <II = 1> <Delay = 1.00> <Adapter> <Opcode : 'read' 'write' 'readreq' 'writereq' 'writeresp'>

State 7 <SV = 6> <Delay = 8.75>
ST_7 : Operation 138 [3/5] (8.75ns)   --->   "%empty_36 = writeresp i1 @_ssdm_op_WriteResp.m_axi.p1i64, i64 %memQ_addr" [top_cmplx.cpp:206]   --->   Operation 138 'writeresp' 'empty_36' <Predicate = (!icmp_ln204)> <Delay = 8.75> <CoreInst = "m_axi">   --->   Core 121 'm_axi' <Latency = 0> <II = 1> <Delay = 1.00> <Adapter> <Opcode : 'read' 'write' 'readreq' 'writereq' 'writeresp'>
ST_7 : Operation 139 [4/5] (8.75ns)   --->   "%empty_38 = writeresp i1 @_ssdm_op_WriteResp.m_axi.p1i64, i64 %memQ_addr_1" [top_cmplx.cpp:206]   --->   Operation 139 'writeresp' 'empty_38' <Predicate = (!icmp_ln204)> <Delay = 8.75> <CoreInst = "m_axi">   --->   Core 121 'm_axi' <Latency = 0> <II = 1> <Delay = 1.00> <Adapter> <Opcode : 'read' 'write' 'readreq' 'writereq' 'writeresp'>

State 8 <SV = 7> <Delay = 8.75>
ST_8 : Operation 140 [2/5] (8.75ns)   --->   "%empty_36 = writeresp i1 @_ssdm_op_WriteResp.m_axi.p1i64, i64 %memQ_addr" [top_cmplx.cpp:206]   --->   Operation 140 'writeresp' 'empty_36' <Predicate = (!icmp_ln204)> <Delay = 8.75> <CoreInst = "m_axi">   --->   Core 121 'm_axi' <Latency = 0> <II = 1> <Delay = 1.00> <Adapter> <Opcode : 'read' 'write' 'readreq' 'writereq' 'writeresp'>
ST_8 : Operation 141 [3/5] (8.75ns)   --->   "%empty_38 = writeresp i1 @_ssdm_op_WriteResp.m_axi.p1i64, i64 %memQ_addr_1" [top_cmplx.cpp:206]   --->   Operation 141 'writeresp' 'empty_38' <Predicate = (!icmp_ln204)> <Delay = 8.75> <CoreInst = "m_axi">   --->   Core 121 'm_axi' <Latency = 0> <II = 1> <Delay = 1.00> <Adapter> <Opcode : 'read' 'write' 'readreq' 'writereq' 'writeresp'>
ST_8 : Operation 146 [1/1] (0.00ns)   --->   "%ret_ln0 = ret"   --->   Operation 146 'ret' 'ret_ln0' <Predicate = (icmp_ln204)> <Delay = 0.00>

State 9 <SV = 8> <Delay = 8.75>
ST_9 : Operation 142 [1/5] (8.75ns)   --->   "%empty_36 = writeresp i1 @_ssdm_op_WriteResp.m_axi.p1i64, i64 %memQ_addr" [top_cmplx.cpp:206]   --->   Operation 142 'writeresp' 'empty_36' <Predicate = (!icmp_ln204)> <Delay = 8.75> <CoreInst = "m_axi">   --->   Core 121 'm_axi' <Latency = 0> <II = 1> <Delay = 1.00> <Adapter> <Opcode : 'read' 'write' 'readreq' 'writereq' 'writeresp'>
ST_9 : Operation 143 [2/5] (8.75ns)   --->   "%empty_38 = writeresp i1 @_ssdm_op_WriteResp.m_axi.p1i64, i64 %memQ_addr_1" [top_cmplx.cpp:206]   --->   Operation 143 'writeresp' 'empty_38' <Predicate = (!icmp_ln204)> <Delay = 8.75> <CoreInst = "m_axi">   --->   Core 121 'm_axi' <Latency = 0> <II = 1> <Delay = 1.00> <Adapter> <Opcode : 'read' 'write' 'readreq' 'writereq' 'writeresp'>

State 10 <SV = 9> <Delay = 8.75>
ST_10 : Operation 144 [1/1] (0.00ns)   --->   "%specpipeline_ln206 = specpipeline void @_ssdm_op_SpecPipeline, i32 4294967295, i32 0, i32 0, i32 0, void @empty_0" [top_cmplx.cpp:206]   --->   Operation 144 'specpipeline' 'specpipeline_ln206' <Predicate = (!icmp_ln204)> <Delay = 0.00>
ST_10 : Operation 145 [1/5] (8.75ns)   --->   "%empty_38 = writeresp i1 @_ssdm_op_WriteResp.m_axi.p1i64, i64 %memQ_addr_1" [top_cmplx.cpp:206]   --->   Operation 145 'writeresp' 'empty_38' <Predicate = (!icmp_ln204)> <Delay = 8.75> <CoreInst = "m_axi">   --->   Core 121 'm_axi' <Latency = 0> <II = 1> <Delay = 1.00> <Adapter> <Opcode : 'read' 'write' 'readreq' 'writereq' 'writeresp'>


============================================================
+ Verbose Summary: Binding
============================================================
STG Binding: 
---------------- STG Properties BEGIN ----------------
- Is combinational: 0
- Is one-state seq: 0
- Is datapath-only: 0
- Is pipelined: 0
- Is top level: 0
Port [ Return ] is wired: 1; IO mode=ap_ctrl_hs:ce=0
Port [ memQ]:  wired=1; compound=1; hidden=0; nouse=0; global=0; static=0; extern=0; dir=1; type=4; pingpong=0; private_global=0; IO mode=m_axi:ce=0
Port [ Q_DRAM]:  wired=1; compound=0; hidden=0; nouse=0; global=0; static=0; extern=0; dir=0; type=0; pingpong=0; private_global=0; IO mode=ap_none:ce=0
Port [ zext_ln206]:  wired=1; compound=0; hidden=0; nouse=0; global=0; static=0; extern=0; dir=0; type=0; pingpong=0; private_global=0; IO mode=ap_none:ce=0
Port [ empty]:  wired=1; compound=0; hidden=0; nouse=0; global=0; static=0; extern=0; dir=0; type=0; pingpong=0; private_global=0; IO mode=ap_none:ce=0
Port [ zext_ln206_1]:  wired=1; compound=0; hidden=0; nouse=0; global=0; static=0; extern=0; dir=0; type=0; pingpong=0; private_global=0; IO mode=ap_none:ce=0
Port [ xor_ln204]:  wired=1; compound=0; hidden=0; nouse=0; global=0; static=0; extern=0; dir=0; type=0; pingpong=0; private_global=0; IO mode=ap_none:ce=0
Port [ Q_out_real]:  wired=1; compound=1; hidden=0; nouse=0; global=0; static=0; extern=0; dir=0; type=1; pingpong=0; private_global=0; MemPort=[13]; IO mode=ap_memory:ce=0
Port [ Q_out_real_1]:  wired=1; compound=1; hidden=0; nouse=0; global=0; static=0; extern=0; dir=0; type=1; pingpong=0; private_global=0; MemPort=[13]; IO mode=ap_memory:ce=0
Port [ Q_out_real_2]:  wired=1; compound=1; hidden=0; nouse=0; global=0; static=0; extern=0; dir=0; type=1; pingpong=0; private_global=0; MemPort=[13]; IO mode=ap_memory:ce=0
Port [ Q_out_real_3]:  wired=1; compound=1; hidden=0; nouse=0; global=0; static=0; extern=0; dir=0; type=1; pingpong=0; private_global=0; MemPort=[13]; IO mode=ap_memory:ce=0
Port [ Q_out_imag]:  wired=1; compound=1; hidden=0; nouse=0; global=0; static=0; extern=0; dir=0; type=1; pingpong=0; private_global=0; MemPort=[13]; IO mode=ap_memory:ce=0
Port [ Q_out_imag_1]:  wired=1; compound=1; hidden=0; nouse=0; global=0; static=0; extern=0; dir=0; type=1; pingpong=0; private_global=0; MemPort=[13]; IO mode=ap_memory:ce=0
Port [ Q_out_imag_2]:  wired=1; compound=1; hidden=0; nouse=0; global=0; static=0; extern=0; dir=0; type=1; pingpong=0; private_global=0; MemPort=[13]; IO mode=ap_memory:ce=0
Port [ Q_out_imag_3]:  wired=1; compound=1; hidden=0; nouse=0; global=0; static=0; extern=0; dir=0; type=1; pingpong=0; private_global=0; MemPort=[13]; IO mode=ap_memory:ce=0
---------------- STG Properties END ------------------

---------------- Datapath Model BEGIN ----------------

<LifeTime>
<method=bitvector/>
j                     (alloca           ) [ 01000000000]
i                     (alloca           ) [ 01000000000]
indvar_flatten54      (alloca           ) [ 01000000000]
Q_out_imag_3_load3    (alloca           ) [ 01111000000]
Q_out_imag_2_load5    (alloca           ) [ 01111000000]
Q_out_imag_1_load7    (alloca           ) [ 01111000000]
Q_out_imag_load9      (alloca           ) [ 01111000000]
Q_out_real_3_load11   (alloca           ) [ 01110000000]
Q_out_real_2_load13   (alloca           ) [ 01110000000]
Q_out_real_1_load15   (alloca           ) [ 01110000000]
Q_out_real_load17     (alloca           ) [ 01110000000]
xor_ln204_read        (read             ) [ 01111000000]
zext_ln206_1_read     (read             ) [ 00000000000]
tmp                   (read             ) [ 01110000000]
zext_ln206_read       (read             ) [ 00000000000]
Q_DRAM_read           (read             ) [ 01110000000]
zext_ln206_1_cast     (zext             ) [ 01111000000]
zext_ln206_cast       (zext             ) [ 01110000000]
specinterface_ln0     (specinterface    ) [ 00000000000]
store_ln0             (store            ) [ 00000000000]
store_ln204           (store            ) [ 00000000000]
store_ln206           (store            ) [ 00000000000]
br_ln0                (br               ) [ 00000000000]
first_iter_3          (phi              ) [ 01000000000]
indvar_flatten54_load (load             ) [ 00000000000]
specbitsmap_ln0       (specbitsmap      ) [ 00000000000]
icmp_ln204            (icmp             ) [ 01111111111]
add_ln204             (add              ) [ 00000000000]
br_ln204              (br               ) [ 00000000000]
j_load                (load             ) [ 00000000000]
i_load                (load             ) [ 00000000000]
specloopname_ln0      (specloopname     ) [ 00000000000]
speclooptripcount_ln0 (speclooptripcount) [ 00000000000]
icmp_ln206            (icmp             ) [ 00000000000]
or_ln204              (or               ) [ 01100000000]
select_ln204          (select           ) [ 01110000000]
add_ln204_1           (add              ) [ 00000000000]
select_ln204_1        (select           ) [ 01110000000]
zext_ln204            (zext             ) [ 00000000000]
Q_out_real_addr       (getelementptr    ) [ 00100000000]
Q_out_real_1_addr     (getelementptr    ) [ 00100000000]
Q_out_real_2_addr     (getelementptr    ) [ 00100000000]
Q_out_real_3_addr     (getelementptr    ) [ 00100000000]
Q_out_imag_addr       (getelementptr    ) [ 00100000000]
Q_out_imag_1_addr     (getelementptr    ) [ 00100000000]
Q_out_imag_2_addr     (getelementptr    ) [ 00100000000]
Q_out_imag_3_addr     (getelementptr    ) [ 00100000000]
br_ln206              (br               ) [ 00000000000]
add_ln206_2           (add              ) [ 00000000000]
store_ln204           (store            ) [ 00000000000]
store_ln204           (store            ) [ 00000000000]
store_ln206           (store            ) [ 00000000000]
br_ln206              (br               ) [ 01000000000]
Q_out_real_load       (load             ) [ 00000000000]
Q_out_real_1_load     (load             ) [ 00000000000]
Q_out_real_2_load     (load             ) [ 00000000000]
Q_out_real_3_load     (load             ) [ 00000000000]
Q_out_imag_load       (load             ) [ 00000000000]
Q_out_imag_1_load     (load             ) [ 00000000000]
Q_out_imag_2_load     (load             ) [ 00000000000]
Q_out_imag_3_load     (load             ) [ 00000000000]
store_ln204           (store            ) [ 00000000000]
store_ln204           (store            ) [ 00000000000]
store_ln204           (store            ) [ 00000000000]
store_ln204           (store            ) [ 00000000000]
store_ln204           (store            ) [ 00000000000]
store_ln204           (store            ) [ 00000000000]
store_ln204           (store            ) [ 00000000000]
store_ln204           (store            ) [ 00000000000]
br_ln206              (br               ) [ 00000000000]
trunc_ln206           (trunc            ) [ 01111000000]
shl_ln206_8           (bitconcatenate   ) [ 00000000000]
zext_ln206_2          (zext             ) [ 00000000000]
add_ln206             (add              ) [ 00000000000]
trunc_ln206_2         (partselect       ) [ 01010000000]
Q_out_real_3_load_1   (load             ) [ 00000000000]
Q_out_real_2_load_1   (load             ) [ 00000000000]
Q_out_real_1_load_1   (load             ) [ 00000000000]
Q_out_real_load_1     (load             ) [ 00000000000]
shl_ln2               (bitconcatenate   ) [ 00000000000]
or_ln206              (or               ) [ 00000000000]
shl_ln206_1           (shl              ) [ 00000000000]
tmp_s                 (sparsemux        ) [ 00000000000]
bitcast_ln206         (bitcast          ) [ 00000000000]
zext_ln206_3          (zext             ) [ 00000000000]
shl_ln206             (shl              ) [ 00101000000]
shl_ln206_3           (bitconcatenate   ) [ 00000000000]
zext_ln206_4          (zext             ) [ 00000000000]
shl_ln206_2           (shl              ) [ 00101000000]
sext_ln206            (sext             ) [ 00000000000]
memQ_addr             (getelementptr    ) [ 01101111110]
empty_35              (writereq         ) [ 00000000000]
or_ln206_1            (or               ) [ 00000000000]
tmp_5                 (partselect       ) [ 00000000000]
tmp_6                 (bitconcatenate   ) [ 00000000000]
zext_ln206_6          (zext             ) [ 00000000000]
add_ln206_1           (add              ) [ 00000000000]
trunc_ln206_3         (partselect       ) [ 00101000000]
Q_out_imag_3_load_1   (load             ) [ 00000000000]
Q_out_imag_2_load_1   (load             ) [ 00000000000]
Q_out_imag_1_load_1   (load             ) [ 00000000000]
Q_out_imag_load_1     (load             ) [ 00000000000]
tmp_4                 (sparsemux        ) [ 00000000000]
write_ln206           (write            ) [ 00000000000]
bitcast_ln206_1       (bitcast          ) [ 00000000000]
zext_ln206_5          (zext             ) [ 00000000000]
shl_ln206_4           (shl              ) [ 01000100000]
shl_ln206_6           (bitconcatenate   ) [ 00000000000]
zext_ln206_7          (zext             ) [ 00000000000]
shl_ln206_5           (shl              ) [ 01000100000]
sext_ln206_1          (sext             ) [ 00000000000]
memQ_addr_1           (getelementptr    ) [ 01100111111]
empty_37              (writereq         ) [ 00000000000]
write_ln206           (write            ) [ 00000000000]
empty_36              (writeresp        ) [ 00000000000]
specpipeline_ln206    (specpipeline     ) [ 00000000000]
empty_38              (writeresp        ) [ 00000000000]
ret_ln0               (ret              ) [ 00000000000]
</LifeTime>

<model>

<comp_list>
<comp id="0" class="1000" name="memQ">
<pin_list>
<pin id="1" dir="1" index="0" bw="1" slack="0"/>
</pin_list>
<bind>
<StgValue><ssdm name="memQ"/></StgValue>
</bind>
</comp>

<comp id="2" class="1000" name="Q_DRAM">
<pin_list>
<pin id="3" dir="1" index="0" bw="1" slack="0"/>
</pin_list>
<bind>
<StgValue><ssdm name="Q_DRAM"/></StgValue>
</bind>
</comp>

<comp id="4" class="1000" name="zext_ln206">
<pin_list>
<pin id="5" dir="1" index="0" bw="1" slack="0"/>
</pin_list>
<bind>
<StgValue><ssdm name="zext_ln206"/></StgValue>
</bind>
</comp>

<comp id="6" class="1000" name="empty">
<pin_list>
<pin id="7" dir="1" index="0" bw="1" slack="0"/>
</pin_list>
<bind>
<StgValue><ssdm name="empty"/></StgValue>
</bind>
</comp>

<comp id="8" class="1000" name="zext_ln206_1">
<pin_list>
<pin id="9" dir="1" index="0" bw="1" slack="0"/>
</pin_list>
<bind>
<StgValue><ssdm name="zext_ln206_1"/></StgValue>
</bind>
</comp>

<comp id="10" class="1000" name="xor_ln204">
<pin_list>
<pin id="11" dir="1" index="0" bw="1" slack="0"/>
</pin_list>
<bind>
<StgValue><ssdm name="xor_ln204"/></StgValue>
</bind>
</comp>

<comp id="12" class="1000" name="Q_out_real">
<pin_list>
<pin id="13" dir="1" index="0" bw="1" slack="0"/>
</pin_list>
<bind>
<StgValue><ssdm name="Q_out_real"/><MemPortTyVec>1 3 </MemPortTyVec>
</StgValue>
</bind>
</comp>

<comp id="14" class="1000" name="Q_out_real_1">
<pin_list>
<pin id="15" dir="1" index="0" bw="1" slack="0"/>
</pin_list>
<bind>
<StgValue><ssdm name="Q_out_real_1"/><MemPortTyVec>1 3 </MemPortTyVec>
</StgValue>
</bind>
</comp>

<comp id="16" class="1000" name="Q_out_real_2">
<pin_list>
<pin id="17" dir="1" index="0" bw="1" slack="0"/>
</pin_list>
<bind>
<StgValue><ssdm name="Q_out_real_2"/><MemPortTyVec>1 3 </MemPortTyVec>
</StgValue>
</bind>
</comp>

<comp id="18" class="1000" name="Q_out_real_3">
<pin_list>
<pin id="19" dir="1" index="0" bw="1" slack="0"/>
</pin_list>
<bind>
<StgValue><ssdm name="Q_out_real_3"/><MemPortTyVec>1 3 </MemPortTyVec>
</StgValue>
</bind>
</comp>

<comp id="20" class="1000" name="Q_out_imag">
<pin_list>
<pin id="21" dir="1" index="0" bw="1" slack="0"/>
</pin_list>
<bind>
<StgValue><ssdm name="Q_out_imag"/><MemPortTyVec>1 3 </MemPortTyVec>
</StgValue>
</bind>
</comp>

<comp id="22" class="1000" name="Q_out_imag_1">
<pin_list>
<pin id="23" dir="1" index="0" bw="1" slack="0"/>
</pin_list>
<bind>
<StgValue><ssdm name="Q_out_imag_1"/><MemPortTyVec>1 3 </MemPortTyVec>
</StgValue>
</bind>
</comp>

<comp id="24" class="1000" name="Q_out_imag_2">
<pin_list>
<pin id="25" dir="1" index="0" bw="1" slack="0"/>
</pin_list>
<bind>
<StgValue><ssdm name="Q_out_imag_2"/><MemPortTyVec>1 3 </MemPortTyVec>
</StgValue>
</bind>
</comp>

<comp id="26" class="1000" name="Q_out_imag_3">
<pin_list>
<pin id="27" dir="1" index="0" bw="1" slack="0"/>
</pin_list>
<bind>
<StgValue><ssdm name="Q_out_imag_3"/><MemPortTyVec>1 3 </MemPortTyVec>
</StgValue>
</bind>
</comp>

<comp id="28" class="1001" name="const_28">
<pin_list>
<pin id="29" dir="1" index="0" bw="1" slack="0"/>
</pin_list>
<bind>
<StgValue><ssdm name=""/></StgValue>
</bind>
</comp>

<comp id="30" class="1001" name="const_30">
<pin_list>
<pin id="31" dir="1" index="0" bw="1" slack="0"/>
</pin_list>
<bind>
<StgValue><ssdm name="_ssdm_op_Read.ap_auto.i3"/></StgValue>
</bind>
</comp>

<comp id="32" class="1001" name="const_32">
<pin_list>
<pin id="33" dir="1" index="0" bw="1" slack="0"/>
</pin_list>
<bind>
<StgValue><ssdm name="_ssdm_op_Read.ap_auto.i64"/></StgValue>
</bind>
</comp>

<comp id="34" class="1001" name="const_34">
<pin_list>
<pin id="35" dir="1" index="0" bw="1" slack="2147483647"/>
</pin_list>
<bind>
<StgValue><ssdm name="_ssdm_op_SpecInterface"/></StgValue>
</bind>
</comp>

<comp id="36" class="1001" name="const_36">
<pin_list>
<pin id="37" dir="1" index="0" bw="1" slack="2147483647"/>
</pin_list>
<bind>
<StgValue><ssdm name="empty"/></StgValue>
</bind>
</comp>

<comp id="38" class="1001" name="const_38">
<pin_list>
<pin id="39" dir="1" index="0" bw="1" slack="2147483647"/>
</pin_list>
<bind>
<StgValue><ssdm name=""/></StgValue>
</bind>
</comp>

<comp id="40" class="1001" name="const_40">
<pin_list>
<pin id="41" dir="1" index="0" bw="1" slack="2147483647"/>
</pin_list>
<bind>
<StgValue><ssdm name="empty_0"/></StgValue>
</bind>
</comp>

<comp id="42" class="1001" name="const_42">
<pin_list>
<pin id="43" dir="1" index="0" bw="1" slack="2147483647"/>
</pin_list>
<bind>
<StgValue><ssdm name=""/></StgValue>
</bind>
</comp>

<comp id="44" class="1001" name="const_44">
<pin_list>
<pin id="45" dir="1" index="0" bw="1" slack="2147483647"/>
</pin_list>
<bind>
<StgValue><ssdm name="empty_3"/></StgValue>
</bind>
</comp>

<comp id="46" class="1001" name="const_46">
<pin_list>
<pin id="47" dir="1" index="0" bw="1" slack="2147483647"/>
</pin_list>
<bind>
<StgValue><ssdm name="empty_2"/></StgValue>
</bind>
</comp>

<comp id="48" class="1001" name="const_48">
<pin_list>
<pin id="49" dir="1" index="0" bw="1" slack="2147483647"/>
</pin_list>
<bind>
<StgValue><ssdm name=""/></StgValue>
</bind>
</comp>

<comp id="50" class="1001" name="const_50">
<pin_list>
<pin id="51" dir="1" index="0" bw="1" slack="2147483647"/>
</pin_list>
<bind>
<StgValue><ssdm name=""/></StgValue>
</bind>
</comp>

<comp id="52" class="1001" name="const_52">
<pin_list>
<pin id="53" dir="1" index="0" bw="1" slack="0"/>
</pin_list>
<bind>
<StgValue><ssdm name=""/></StgValue>
</bind>
</comp>

<comp id="54" class="1001" name="const_54">
<pin_list>
<pin id="55" dir="1" index="0" bw="1" slack="0"/>
</pin_list>
<bind>
<StgValue><ssdm name=""/></StgValue>
</bind>
</comp>

<comp id="56" class="1001" name="const_56">
<pin_list>
<pin id="57" dir="1" index="0" bw="1" slack="0"/>
</pin_list>
<bind>
<StgValue><ssdm name=""/></StgValue>
</bind>
</comp>

<comp id="58" class="1001" name="const_58">
<pin_list>
<pin id="59" dir="1" index="0" bw="1" slack="0"/>
</pin_list>
<bind>
<StgValue><ssdm name=""/></StgValue>
</bind>
</comp>

<comp id="60" class="1001" name="const_60">
<pin_list>
<pin id="61" dir="1" index="0" bw="1" slack="2147483647"/>
</pin_list>
<bind>
<StgValue><ssdm name="_ssdm_op_SpecBitsMap"/></StgValue>
</bind>
</comp>

<comp id="62" class="1001" name="const_62">
<pin_list>
<pin id="63" dir="1" index="0" bw="1" slack="0"/>
</pin_list>
<bind>
<StgValue><ssdm name=""/></StgValue>
</bind>
</comp>

<comp id="64" class="1001" name="const_64">
<pin_list>
<pin id="65" dir="1" index="0" bw="1" slack="0"/>
</pin_list>
<bind>
<StgValue><ssdm name=""/></StgValue>
</bind>
</comp>

<comp id="66" class="1001" name="const_66">
<pin_list>
<pin id="67" dir="1" index="0" bw="1" slack="2147483647"/>
</pin_list>
<bind>
<StgValue><ssdm name="_ssdm_op_SpecLoopName"/></StgValue>
</bind>
</comp>

<comp id="68" class="1001" name="const_68">
<pin_list>
<pin id="69" dir="1" index="0" bw="1" slack="2147483647"/>
</pin_list>
<bind>
<StgValue><ssdm name="WRITE_Q_VITIS_LOOP_206_10_str"/></StgValue>
</bind>
</comp>

<comp id="70" class="1001" name="const_70">
<pin_list>
<pin id="71" dir="1" index="0" bw="1" slack="2147483647"/>
</pin_list>
<bind>
<StgValue><ssdm name="_ssdm_op_SpecLoopTripCount"/></StgValue>
</bind>
</comp>

<comp id="72" class="1001" name="const_72">
<pin_list>
<pin id="73" dir="1" index="0" bw="1" slack="2147483647"/>
</pin_list>
<bind>
<StgValue><ssdm name=""/></StgValue>
</bind>
</comp>

<comp id="74" class="1001" name="const_74">
<pin_list>
<pin id="75" dir="1" index="0" bw="1" slack="0"/>
</pin_list>
<bind>
<StgValue><ssdm name=""/></StgValue>
</bind>
</comp>

<comp id="76" class="1001" name="const_76">
<pin_list>
<pin id="77" dir="1" index="0" bw="1" slack="0"/>
</pin_list>
<bind>
<StgValue><ssdm name=""/></StgValue>
</bind>
</comp>

<comp id="78" class="1001" name="const_78">
<pin_list>
<pin id="79" dir="1" index="0" bw="1" slack="0"/>
</pin_list>
<bind>
<StgValue><ssdm name=""/></StgValue>
</bind>
</comp>

<comp id="80" class="1001" name="const_80">
<pin_list>
<pin id="81" dir="1" index="0" bw="1" slack="0"/>
</pin_list>
<bind>
<StgValue><ssdm name="_ssdm_op_BitConcatenate.i8.i3.i2.i3"/></StgValue>
</bind>
</comp>

<comp id="82" class="1001" name="const_82">
<pin_list>
<pin id="83" dir="1" index="0" bw="1" slack="0"/>
</pin_list>
<bind>
<StgValue><ssdm name="_ssdm_op_PartSelect.i61.i64.i32.i32"/></StgValue>
</bind>
</comp>

<comp id="84" class="1001" name="const_84">
<pin_list>
<pin id="85" dir="1" index="0" bw="1" slack="0"/>
</pin_list>
<bind>
<StgValue><ssdm name=""/></StgValue>
</bind>
</comp>

<comp id="86" class="1001" name="const_86">
<pin_list>
<pin id="87" dir="1" index="0" bw="1" slack="0"/>
</pin_list>
<bind>
<StgValue><ssdm name=""/></StgValue>
</bind>
</comp>

<comp id="88" class="1001" name="const_88">
<pin_list>
<pin id="89" dir="1" index="0" bw="1" slack="0"/>
</pin_list>
<bind>
<StgValue><ssdm name="_ssdm_op_BitConcatenate.i6.i3.i3"/></StgValue>
</bind>
</comp>

<comp id="90" class="1001" name="const_90">
<pin_list>
<pin id="91" dir="1" index="0" bw="1" slack="0"/>
</pin_list>
<bind>
<StgValue><ssdm name=""/></StgValue>
</bind>
</comp>

<comp id="92" class="1001" name="const_92">
<pin_list>
<pin id="93" dir="1" index="0" bw="1" slack="0"/>
</pin_list>
<bind>
<StgValue><ssdm name="_ssdm_op_SparseMux.ap_auto.4f32.f32.i2"/></StgValue>
</bind>
</comp>

<comp id="94" class="1001" name="const_94">
<pin_list>
<pin id="95" dir="1" index="0" bw="1" slack="0"/>
</pin_list>
<bind>
<StgValue><ssdm name=""/></StgValue>
</bind>
</comp>

<comp id="96" class="1001" name="const_96">
<pin_list>
<pin id="97" dir="1" index="0" bw="1" slack="0"/>
</pin_list>
<bind>
<StgValue><ssdm name=""/></StgValue>
</bind>
</comp>

<comp id="98" class="1001" name="const_98">
<pin_list>
<pin id="99" dir="1" index="0" bw="1" slack="0"/>
</pin_list>
<bind>
<StgValue><ssdm name=""/></StgValue>
</bind>
</comp>

<comp id="100" class="1001" name="const_100">
<pin_list>
<pin id="101" dir="1" index="0" bw="1" slack="0"/>
</pin_list>
<bind>
<StgValue><ssdm name=""/></StgValue>
</bind>
</comp>

<comp id="102" class="1001" name="const_102">
<pin_list>
<pin id="103" dir="1" index="0" bw="1" slack="0"/>
</pin_list>
<bind>
<StgValue><ssdm name=""/></StgValue>
</bind>
</comp>

<comp id="104" class="1001" name="const_104">
<pin_list>
<pin id="105" dir="1" index="0" bw="1" slack="0"/>
</pin_list>
<bind>
<StgValue><ssdm name=""/></StgValue>
</bind>
</comp>

<comp id="106" class="1001" name="const_106">
<pin_list>
<pin id="107" dir="1" index="0" bw="1" slack="0"/>
</pin_list>
<bind>
<StgValue><ssdm name="_ssdm_op_WriteReq.m_axi.p1i64"/></StgValue>
</bind>
</comp>

<comp id="108" class="1001" name="const_108">
<pin_list>
<pin id="109" dir="1" index="0" bw="1" slack="0"/>
</pin_list>
<bind>
<StgValue><ssdm name="_ssdm_op_PartSelect.i3.i6.i32.i32"/></StgValue>
</bind>
</comp>

<comp id="110" class="1001" name="const_110">
<pin_list>
<pin id="111" dir="1" index="0" bw="1" slack="0"/>
</pin_list>
<bind>
<StgValue><ssdm name=""/></StgValue>
</bind>
</comp>

<comp id="112" class="1001" name="const_112">
<pin_list>
<pin id="113" dir="1" index="0" bw="1" slack="0"/>
</pin_list>
<bind>
<StgValue><ssdm name="_ssdm_op_BitConcatenate.i8.i3.i3.i2"/></StgValue>
</bind>
</comp>

<comp id="114" class="1001" name="const_114">
<pin_list>
<pin id="115" dir="1" index="0" bw="1" slack="0"/>
</pin_list>
<bind>
<StgValue><ssdm name="_ssdm_op_Write.m_axi.p1i64"/></StgValue>
</bind>
</comp>

<comp id="116" class="1001" name="const_116">
<pin_list>
<pin id="117" dir="1" index="0" bw="1" slack="0"/>
</pin_list>
<bind>
<StgValue><ssdm name="_ssdm_op_WriteResp.m_axi.p1i64"/></StgValue>
</bind>
</comp>

<comp id="118" class="1001" name="const_118">
<pin_list>
<pin id="119" dir="1" index="0" bw="1" slack="2147483647"/>
</pin_list>
<bind>
<StgValue><ssdm name="_ssdm_op_SpecPipeline"/></StgValue>
</bind>
</comp>

<comp id="120" class="1004" name="j_fu_120">
<pin_list>
<pin id="121" dir="0" index="0" bw="1" slack="0"/>
<pin id="122" dir="1" index="1" bw="3" slack="0"/>
</pin_list>
<bind>
<opcode="alloca(26) " fcode="alloca"/>
<opset="j/1 "/>
</bind>
</comp>

<comp id="124" class="1004" name="i_fu_124">
<pin_list>
<pin id="125" dir="0" index="0" bw="1" slack="0"/>
<pin id="126" dir="1" index="1" bw="3" slack="0"/>
</pin_list>
<bind>
<opcode="alloca(26) " fcode="alloca"/>
<opset="i/1 "/>
</bind>
</comp>

<comp id="128" class="1004" name="indvar_flatten54_fu_128">
<pin_list>
<pin id="129" dir="0" index="0" bw="1" slack="0"/>
<pin id="130" dir="1" index="1" bw="5" slack="0"/>
</pin_list>
<bind>
<opcode="alloca(26) " fcode="alloca"/>
<opset="indvar_flatten54/1 "/>
</bind>
</comp>

<comp id="132" class="1004" name="Q_out_imag_3_load3_fu_132">
<pin_list>
<pin id="133" dir="0" index="0" bw="1" slack="0"/>
<pin id="134" dir="1" index="1" bw="32" slack="1"/>
</pin_list>
<bind>
<opcode="alloca(26) " fcode="alloca"/>
<opset="Q_out_imag_3_load3/1 "/>
</bind>
</comp>

<comp id="136" class="1004" name="Q_out_imag_2_load5_fu_136">
<pin_list>
<pin id="137" dir="0" index="0" bw="1" slack="0"/>
<pin id="138" dir="1" index="1" bw="32" slack="1"/>
</pin_list>
<bind>
<opcode="alloca(26) " fcode="alloca"/>
<opset="Q_out_imag_2_load5/1 "/>
</bind>
</comp>

<comp id="140" class="1004" name="Q_out_imag_1_load7_fu_140">
<pin_list>
<pin id="141" dir="0" index="0" bw="1" slack="0"/>
<pin id="142" dir="1" index="1" bw="32" slack="1"/>
</pin_list>
<bind>
<opcode="alloca(26) " fcode="alloca"/>
<opset="Q_out_imag_1_load7/1 "/>
</bind>
</comp>

<comp id="144" class="1004" name="Q_out_imag_load9_fu_144">
<pin_list>
<pin id="145" dir="0" index="0" bw="1" slack="0"/>
<pin id="146" dir="1" index="1" bw="32" slack="1"/>
</pin_list>
<bind>
<opcode="alloca(26) " fcode="alloca"/>
<opset="Q_out_imag_load9/1 "/>
</bind>
</comp>

<comp id="148" class="1004" name="Q_out_real_3_load11_fu_148">
<pin_list>
<pin id="149" dir="0" index="0" bw="1" slack="0"/>
<pin id="150" dir="1" index="1" bw="32" slack="1"/>
</pin_list>
<bind>
<opcode="alloca(26) " fcode="alloca"/>
<opset="Q_out_real_3_load11/1 "/>
</bind>
</comp>

<comp id="152" class="1004" name="Q_out_real_2_load13_fu_152">
<pin_list>
<pin id="153" dir="0" index="0" bw="1" slack="0"/>
<pin id="154" dir="1" index="1" bw="32" slack="1"/>
</pin_list>
<bind>
<opcode="alloca(26) " fcode="alloca"/>
<opset="Q_out_real_2_load13/1 "/>
</bind>
</comp>

<comp id="156" class="1004" name="Q_out_real_1_load15_fu_156">
<pin_list>
<pin id="157" dir="0" index="0" bw="1" slack="0"/>
<pin id="158" dir="1" index="1" bw="32" slack="1"/>
</pin_list>
<bind>
<opcode="alloca(26) " fcode="alloca"/>
<opset="Q_out_real_1_load15/1 "/>
</bind>
</comp>

<comp id="160" class="1004" name="Q_out_real_load17_fu_160">
<pin_list>
<pin id="161" dir="0" index="0" bw="1" slack="0"/>
<pin id="162" dir="1" index="1" bw="32" slack="1"/>
</pin_list>
<bind>
<opcode="alloca(26) " fcode="alloca"/>
<opset="Q_out_real_load17/1 "/>
</bind>
</comp>

<comp id="164" class="1004" name="xor_ln204_read_read_fu_164">
<pin_list>
<pin id="165" dir="0" index="0" bw="3" slack="0"/>
<pin id="166" dir="0" index="1" bw="3" slack="0"/>
<pin id="167" dir="1" index="2" bw="3" slack="3"/>
</pin_list>
<bind>
<opcode="read(1150) " fcode="read"/>
<opset="xor_ln204_read/1 "/>
</bind>
</comp>

<comp id="170" class="1004" name="zext_ln206_1_read_read_fu_170">
<pin_list>
<pin id="171" dir="0" index="0" bw="3" slack="0"/>
<pin id="172" dir="0" index="1" bw="3" slack="0"/>
<pin id="173" dir="1" index="2" bw="3" slack="0"/>
</pin_list>
<bind>
<opcode="read(1150) " fcode="read"/>
<opset="zext_ln206_1_read/1 "/>
</bind>
</comp>

<comp id="176" class="1004" name="tmp_read_fu_176">
<pin_list>
<pin id="177" dir="0" index="0" bw="3" slack="0"/>
<pin id="178" dir="0" index="1" bw="3" slack="0"/>
<pin id="179" dir="1" index="2" bw="3" slack="2"/>
</pin_list>
<bind>
<opcode="read(1150) " fcode="read"/>
<opset="tmp/1 "/>
</bind>
</comp>

<comp id="182" class="1004" name="zext_ln206_read_read_fu_182">
<pin_list>
<pin id="183" dir="0" index="0" bw="3" slack="0"/>
<pin id="184" dir="0" index="1" bw="3" slack="0"/>
<pin id="185" dir="1" index="2" bw="3" slack="0"/>
</pin_list>
<bind>
<opcode="read(1150) " fcode="read"/>
<opset="zext_ln206_read/1 "/>
</bind>
</comp>

<comp id="188" class="1004" name="Q_DRAM_read_read_fu_188">
<pin_list>
<pin id="189" dir="0" index="0" bw="64" slack="0"/>
<pin id="190" dir="0" index="1" bw="64" slack="0"/>
<pin id="191" dir="1" index="2" bw="64" slack="1"/>
</pin_list>
<bind>
<opcode="read(1150) " fcode="read"/>
<opset="Q_DRAM_read/1 "/>
</bind>
</comp>

<comp id="194" class="1004" name="grp_writeresp_fu_194">
<pin_list>
<pin id="195" dir="0" index="0" bw="1" slack="0"/>
<pin id="196" dir="0" index="1" bw="64" slack="0"/>
<pin id="197" dir="0" index="2" bw="1" slack="0"/>
<pin id="198" dir="1" index="3" bw="1" slack="2147483647"/>
</pin_list>
<bind>
<opcode="writereq(1155) writeresp(1158) " fcode="writeresp"/>
<opset="empty_35/3 empty_36/5 "/>
</bind>
</comp>

<comp id="201" class="1004" name="write_ln206_write_fu_201">
<pin_list>
<pin id="202" dir="0" index="0" bw="0" slack="0"/>
<pin id="203" dir="0" index="1" bw="64" slack="1"/>
<pin id="204" dir="0" index="2" bw="64" slack="1"/>
<pin id="205" dir="0" index="3" bw="8" slack="1"/>
<pin id="206" dir="1" index="4" bw="0" slack="2147483647"/>
</pin_list>
<bind>
<opcode="write(1151) " fcode="write"/>
<opset="write_ln206/4 "/>
</bind>
</comp>

<comp id="208" class="1004" name="grp_writeresp_fu_208">
<pin_list>
<pin id="209" dir="0" index="0" bw="1" slack="0"/>
<pin id="210" dir="0" index="1" bw="64" slack="0"/>
<pin id="211" dir="0" index="2" bw="1" slack="0"/>
<pin id="212" dir="1" index="3" bw="1" slack="2147483647"/>
</pin_list>
<bind>
<opcode="writereq(1155) writeresp(1158) " fcode="writeresp"/>
<opset="empty_37/4 empty_38/6 "/>
</bind>
</comp>

<comp id="216" class="1004" name="write_ln206_write_fu_216">
<pin_list>
<pin id="217" dir="0" index="0" bw="0" slack="0"/>
<pin id="218" dir="0" index="1" bw="64" slack="1"/>
<pin id="219" dir="0" index="2" bw="64" slack="1"/>
<pin id="220" dir="0" index="3" bw="8" slack="1"/>
<pin id="221" dir="1" index="4" bw="0" slack="2147483647"/>
</pin_list>
<bind>
<opcode="write(1151) " fcode="write"/>
<opset="write_ln206/5 "/>
</bind>
</comp>

<comp id="224" class="1004" name="Q_out_real_addr_gep_fu_224">
<pin_list>
<pin id="225" dir="0" index="0" bw="32" slack="0"/>
<pin id="226" dir="0" index="1" bw="1" slack="0"/>
<pin id="227" dir="0" index="2" bw="3" slack="0"/>
<pin id="228" dir="1" index="3" bw="3" slack="0"/>
</pin_list>
<bind>
<opcode="getelementptr(29) " fcode="getelementptr"/>
<opset="Q_out_real_addr/1 "/>
</bind>
</comp>

<comp id="231" class="1004" name="Q_out_real_1_addr_gep_fu_231">
<pin_list>
<pin id="232" dir="0" index="0" bw="32" slack="0"/>
<pin id="233" dir="0" index="1" bw="1" slack="0"/>
<pin id="234" dir="0" index="2" bw="3" slack="0"/>
<pin id="235" dir="1" index="3" bw="3" slack="0"/>
</pin_list>
<bind>
<opcode="getelementptr(29) " fcode="getelementptr"/>
<opset="Q_out_real_1_addr/1 "/>
</bind>
</comp>

<comp id="238" class="1004" name="Q_out_real_2_addr_gep_fu_238">
<pin_list>
<pin id="239" dir="0" index="0" bw="32" slack="0"/>
<pin id="240" dir="0" index="1" bw="1" slack="0"/>
<pin id="241" dir="0" index="2" bw="3" slack="0"/>
<pin id="242" dir="1" index="3" bw="3" slack="0"/>
</pin_list>
<bind>
<opcode="getelementptr(29) " fcode="getelementptr"/>
<opset="Q_out_real_2_addr/1 "/>
</bind>
</comp>

<comp id="245" class="1004" name="Q_out_real_3_addr_gep_fu_245">
<pin_list>
<pin id="246" dir="0" index="0" bw="32" slack="0"/>
<pin id="247" dir="0" index="1" bw="1" slack="0"/>
<pin id="248" dir="0" index="2" bw="3" slack="0"/>
<pin id="249" dir="1" index="3" bw="3" slack="0"/>
</pin_list>
<bind>
<opcode="getelementptr(29) " fcode="getelementptr"/>
<opset="Q_out_real_3_addr/1 "/>
</bind>
</comp>

<comp id="252" class="1004" name="Q_out_imag_addr_gep_fu_252">
<pin_list>
<pin id="253" dir="0" index="0" bw="32" slack="0"/>
<pin id="254" dir="0" index="1" bw="1" slack="0"/>
<pin id="255" dir="0" index="2" bw="3" slack="0"/>
<pin id="256" dir="1" index="3" bw="3" slack="0"/>
</pin_list>
<bind>
<opcode="getelementptr(29) " fcode="getelementptr"/>
<opset="Q_out_imag_addr/1 "/>
</bind>
</comp>

<comp id="259" class="1004" name="Q_out_imag_1_addr_gep_fu_259">
<pin_list>
<pin id="260" dir="0" index="0" bw="32" slack="0"/>
<pin id="261" dir="0" index="1" bw="1" slack="0"/>
<pin id="262" dir="0" index="2" bw="3" slack="0"/>
<pin id="263" dir="1" index="3" bw="3" slack="0"/>
</pin_list>
<bind>
<opcode="getelementptr(29) " fcode="getelementptr"/>
<opset="Q_out_imag_1_addr/1 "/>
</bind>
</comp>

<comp id="266" class="1004" name="Q_out_imag_2_addr_gep_fu_266">
<pin_list>
<pin id="267" dir="0" index="0" bw="32" slack="0"/>
<pin id="268" dir="0" index="1" bw="1" slack="0"/>
<pin id="269" dir="0" index="2" bw="3" slack="0"/>
<pin id="270" dir="1" index="3" bw="3" slack="0"/>
</pin_list>
<bind>
<opcode="getelementptr(29) " fcode="getelementptr"/>
<opset="Q_out_imag_2_addr/1 "/>
</bind>
</comp>

<comp id="273" class="1004" name="Q_out_imag_3_addr_gep_fu_273">
<pin_list>
<pin id="274" dir="0" index="0" bw="32" slack="0"/>
<pin id="275" dir="0" index="1" bw="1" slack="0"/>
<pin id="276" dir="0" index="2" bw="3" slack="0"/>
<pin id="277" dir="1" index="3" bw="3" slack="0"/>
</pin_list>
<bind>
<opcode="getelementptr(29) " fcode="getelementptr"/>
<opset="Q_out_imag_3_addr/1 "/>
</bind>
</comp>

<comp id="280" class="1004" name="grp_access_fu_280">
<pin_list>
<pin id="281" dir="0" index="0" bw="3" slack="0"/>
<pin id="282" dir="0" index="1" bw="32" slack="2147483647"/>
<pin id="283" dir="0" index="2" bw="0" slack="2147483647"/>
<pin id="284" dir="1" index="3" bw="32" slack="0"/>
</pin_list>
<bind>
<opcode="load(27) " fcode="load"/>
<opset="Q_out_real_load/1 "/>
</bind>
</comp>

<comp id="286" class="1004" name="grp_access_fu_286">
<pin_list>
<pin id="287" dir="0" index="0" bw="3" slack="0"/>
<pin id="288" dir="0" index="1" bw="32" slack="2147483647"/>
<pin id="289" dir="0" index="2" bw="0" slack="2147483647"/>
<pin id="290" dir="1" index="3" bw="32" slack="0"/>
</pin_list>
<bind>
<opcode="load(27) " fcode="load"/>
<opset="Q_out_real_1_load/1 "/>
</bind>
</comp>

<comp id="292" class="1004" name="grp_access_fu_292">
<pin_list>
<pin id="293" dir="0" index="0" bw="3" slack="0"/>
<pin id="294" dir="0" index="1" bw="32" slack="2147483647"/>
<pin id="295" dir="0" index="2" bw="0" slack="2147483647"/>
<pin id="296" dir="1" index="3" bw="32" slack="0"/>
</pin_list>
<bind>
<opcode="load(27) " fcode="load"/>
<opset="Q_out_real_2_load/1 "/>
</bind>
</comp>

<comp id="298" class="1004" name="grp_access_fu_298">
<pin_list>
<pin id="299" dir="0" index="0" bw="3" slack="0"/>
<pin id="300" dir="0" index="1" bw="32" slack="2147483647"/>
<pin id="301" dir="0" index="2" bw="0" slack="2147483647"/>
<pin id="302" dir="1" index="3" bw="32" slack="0"/>
</pin_list>
<bind>
<opcode="load(27) " fcode="load"/>
<opset="Q_out_real_3_load/1 "/>
</bind>
</comp>

<comp id="304" class="1004" name="grp_access_fu_304">
<pin_list>
<pin id="305" dir="0" index="0" bw="3" slack="0"/>
<pin id="306" dir="0" index="1" bw="32" slack="2147483647"/>
<pin id="307" dir="0" index="2" bw="0" slack="2147483647"/>
<pin id="308" dir="1" index="3" bw="32" slack="0"/>
</pin_list>
<bind>
<opcode="load(27) " fcode="load"/>
<opset="Q_out_imag_load/1 "/>
</bind>
</comp>

<comp id="310" class="1004" name="grp_access_fu_310">
<pin_list>
<pin id="311" dir="0" index="0" bw="3" slack="0"/>
<pin id="312" dir="0" index="1" bw="32" slack="2147483647"/>
<pin id="313" dir="0" index="2" bw="0" slack="2147483647"/>
<pin id="314" dir="1" index="3" bw="32" slack="0"/>
</pin_list>
<bind>
<opcode="load(27) " fcode="load"/>
<opset="Q_out_imag_1_load/1 "/>
</bind>
</comp>

<comp id="316" class="1004" name="grp_access_fu_316">
<pin_list>
<pin id="317" dir="0" index="0" bw="3" slack="0"/>
<pin id="318" dir="0" index="1" bw="32" slack="2147483647"/>
<pin id="319" dir="0" index="2" bw="0" slack="2147483647"/>
<pin id="320" dir="1" index="3" bw="32" slack="0"/>
</pin_list>
<bind>
<opcode="load(27) " fcode="load"/>
<opset="Q_out_imag_2_load/1 "/>
</bind>
</comp>

<comp id="322" class="1004" name="grp_access_fu_322">
<pin_list>
<pin id="323" dir="0" index="0" bw="3" slack="0"/>
<pin id="324" dir="0" index="1" bw="32" slack="2147483647"/>
<pin id="325" dir="0" index="2" bw="0" slack="2147483647"/>
<pin id="326" dir="1" index="3" bw="32" slack="0"/>
</pin_list>
<bind>
<opcode="load(27) " fcode="load"/>
<opset="Q_out_imag_3_load/1 "/>
</bind>
</comp>

<comp id="328" class="1005" name="first_iter_3_reg_328">
<pin_list>
<pin id="329" dir="0" index="0" bw="1" slack="2147483647"/>
<pin id="330" dir="1" index="1" bw="1" slack="2147483647"/>
</pin_list>
<bind>
<opset="first_iter_3 (phireg) "/>
</bind>
</comp>

<comp id="331" class="1004" name="first_iter_3_phi_fu_331">
<pin_list>
<pin id="332" dir="0" index="0" bw="1" slack="0"/>
<pin id="333" dir="0" index="1" bw="0" slack="2147483647"/>
<pin id="334" dir="0" index="2" bw="1" slack="0"/>
<pin id="335" dir="0" index="3" bw="0" slack="2147483647"/>
<pin id="336" dir="1" index="4" bw="1" slack="0"/>
</pin_list>
<bind>
<opcode="phi(47) " fcode="phi"/>
<opset="first_iter_3/1 "/>
</bind>
</comp>

<comp id="339" class="1004" name="zext_ln206_1_cast_fu_339">
<pin_list>
<pin id="340" dir="0" index="0" bw="3" slack="0"/>
<pin id="341" dir="1" index="1" bw="8" slack="3"/>
</pin_list>
<bind>
<opcode="zext(34) " fcode="zext"/>
<opset="zext_ln206_1_cast/1 "/>
</bind>
</comp>

<comp id="343" class="1004" name="zext_ln206_cast_fu_343">
<pin_list>
<pin id="344" dir="0" index="0" bw="3" slack="0"/>
<pin id="345" dir="1" index="1" bw="8" slack="2"/>
</pin_list>
<bind>
<opcode="zext(34) " fcode="zext"/>
<opset="zext_ln206_cast/1 "/>
</bind>
</comp>

<comp id="347" class="1004" name="store_ln0_store_fu_347">
<pin_list>
<pin id="348" dir="0" index="0" bw="1" slack="0"/>
<pin id="349" dir="0" index="1" bw="5" slack="0"/>
<pin id="350" dir="1" index="2" bw="0" slack="2147483647"/>
</pin_list>
<bind>
<opcode="store(28) " fcode="store"/>
<opset="store_ln0/1 "/>
</bind>
</comp>

<comp id="352" class="1004" name="store_ln204_store_fu_352">
<pin_list>
<pin id="353" dir="0" index="0" bw="1" slack="0"/>
<pin id="354" dir="0" index="1" bw="3" slack="0"/>
<pin id="355" dir="1" index="2" bw="0" slack="2147483647"/>
</pin_list>
<bind>
<opcode="store(28) " fcode="store"/>
<opset="store_ln204/1 "/>
</bind>
</comp>

<comp id="357" class="1004" name="store_ln206_store_fu_357">
<pin_list>
<pin id="358" dir="0" index="0" bw="1" slack="0"/>
<pin id="359" dir="0" index="1" bw="3" slack="0"/>
<pin id="360" dir="1" index="2" bw="0" slack="2147483647"/>
</pin_list>
<bind>
<opcode="store(28) " fcode="store"/>
<opset="store_ln206/1 "/>
</bind>
</comp>

<comp id="362" class="1004" name="indvar_flatten54_load_load_fu_362">
<pin_list>
<pin id="363" dir="0" index="0" bw="5" slack="0"/>
<pin id="364" dir="1" index="1" bw="5" slack="0"/>
</pin_list>
<bind>
<opcode="load(27) " fcode="load"/>
<opset="indvar_flatten54_load/1 "/>
</bind>
</comp>

<comp id="365" class="1004" name="icmp_ln204_fu_365">
<pin_list>
<pin id="366" dir="0" index="0" bw="5" slack="0"/>
<pin id="367" dir="0" index="1" bw="3" slack="0"/>
<pin id="368" dir="1" index="2" bw="1" slack="1"/>
</pin_list>
<bind>
<opcode="icmp(45) " fcode="icmp"/>
<opset="icmp_ln204/1 "/>
</bind>
</comp>

<comp id="371" class="1004" name="add_ln204_fu_371">
<pin_list>
<pin id="372" dir="0" index="0" bw="5" slack="0"/>
<pin id="373" dir="0" index="1" bw="1" slack="0"/>
<pin id="374" dir="1" index="2" bw="5" slack="0"/>
</pin_list>
<bind>
<opcode="add(8) " fcode="add"/>
<opset="add_ln204/1 "/>
</bind>
</comp>

<comp id="377" class="1004" name="j_load_load_fu_377">
<pin_list>
<pin id="378" dir="0" index="0" bw="3" slack="0"/>
<pin id="379" dir="1" index="1" bw="3" slack="0"/>
</pin_list>
<bind>
<opcode="load(27) " fcode="load"/>
<opset="j_load/1 "/>
</bind>
</comp>

<comp id="380" class="1004" name="i_load_load_fu_380">
<pin_list>
<pin id="381" dir="0" index="0" bw="3" slack="0"/>
<pin id="382" dir="1" index="1" bw="3" slack="0"/>
</pin_list>
<bind>
<opcode="load(27) " fcode="load"/>
<opset="i_load/1 "/>
</bind>
</comp>

<comp id="383" class="1004" name="icmp_ln206_fu_383">
<pin_list>
<pin id="384" dir="0" index="0" bw="3" slack="0"/>
<pin id="385" dir="0" index="1" bw="3" slack="0"/>
<pin id="386" dir="1" index="2" bw="1" slack="0"/>
</pin_list>
<bind>
<opcode="icmp(45) " fcode="icmp"/>
<opset="icmp_ln206/1 "/>
</bind>
</comp>

<comp id="389" class="1004" name="or_ln204_fu_389">
<pin_list>
<pin id="390" dir="0" index="0" bw="1" slack="0"/>
<pin id="391" dir="0" index="1" bw="1" slack="0"/>
<pin id="392" dir="1" index="2" bw="1" slack="1"/>
</pin_list>
<bind>
<opcode="or(24) " fcode="or"/>
<opset="or_ln204/1 "/>
</bind>
</comp>

<comp id="395" class="1004" name="select_ln204_fu_395">
<pin_list>
<pin id="396" dir="0" index="0" bw="1" slack="0"/>
<pin id="397" dir="0" index="1" bw="1" slack="0"/>
<pin id="398" dir="0" index="2" bw="3" slack="0"/>
<pin id="399" dir="1" index="3" bw="3" slack="0"/>
</pin_list>
<bind>
<opcode="select(49) " fcode="select"/>
<opset="select_ln204/1 "/>
</bind>
</comp>

<comp id="403" class="1004" name="add_ln204_1_fu_403">
<pin_list>
<pin id="404" dir="0" index="0" bw="3" slack="0"/>
<pin id="405" dir="0" index="1" bw="1" slack="0"/>
<pin id="406" dir="1" index="2" bw="3" slack="0"/>
</pin_list>
<bind>
<opcode="add(8) " fcode="add"/>
<opset="add_ln204_1/1 "/>
</bind>
</comp>

<comp id="409" class="1004" name="select_ln204_1_fu_409">
<pin_list>
<pin id="410" dir="0" index="0" bw="1" slack="0"/>
<pin id="411" dir="0" index="1" bw="3" slack="0"/>
<pin id="412" dir="0" index="2" bw="3" slack="0"/>
<pin id="413" dir="1" index="3" bw="3" slack="0"/>
</pin_list>
<bind>
<opcode="select(49) " fcode="select"/>
<opset="select_ln204_1/1 "/>
</bind>
</comp>

<comp id="417" class="1004" name="zext_ln204_fu_417">
<pin_list>
<pin id="418" dir="0" index="0" bw="3" slack="0"/>
<pin id="419" dir="1" index="1" bw="64" slack="0"/>
</pin_list>
<bind>
<opcode="zext(34) " fcode="zext"/>
<opset="zext_ln204/1 "/>
</bind>
</comp>

<comp id="429" class="1004" name="add_ln206_2_fu_429">
<pin_list>
<pin id="430" dir="0" index="0" bw="3" slack="0"/>
<pin id="431" dir="0" index="1" bw="1" slack="0"/>
<pin id="432" dir="1" index="2" bw="3" slack="0"/>
</pin_list>
<bind>
<opcode="add(8) " fcode="add"/>
<opset="add_ln206_2/1 "/>
</bind>
</comp>

<comp id="435" class="1004" name="store_ln204_store_fu_435">
<pin_list>
<pin id="436" dir="0" index="0" bw="5" slack="0"/>
<pin id="437" dir="0" index="1" bw="5" slack="0"/>
<pin id="438" dir="1" index="2" bw="0" slack="2147483647"/>
</pin_list>
<bind>
<opcode="store(28) " fcode="store"/>
<opset="store_ln204/1 "/>
</bind>
</comp>

<comp id="440" class="1004" name="store_ln204_store_fu_440">
<pin_list>
<pin id="441" dir="0" index="0" bw="3" slack="0"/>
<pin id="442" dir="0" index="1" bw="3" slack="0"/>
<pin id="443" dir="1" index="2" bw="0" slack="2147483647"/>
</pin_list>
<bind>
<opcode="store(28) " fcode="store"/>
<opset="store_ln204/1 "/>
</bind>
</comp>

<comp id="445" class="1004" name="store_ln206_store_fu_445">
<pin_list>
<pin id="446" dir="0" index="0" bw="3" slack="0"/>
<pin id="447" dir="0" index="1" bw="3" slack="0"/>
<pin id="448" dir="1" index="2" bw="0" slack="2147483647"/>
</pin_list>
<bind>
<opcode="store(28) " fcode="store"/>
<opset="store_ln206/1 "/>
</bind>
</comp>

<comp id="450" class="1004" name="store_ln204_store_fu_450">
<pin_list>
<pin id="451" dir="0" index="0" bw="32" slack="0"/>
<pin id="452" dir="0" index="1" bw="32" slack="1"/>
<pin id="453" dir="1" index="2" bw="0" slack="2147483647"/>
</pin_list>
<bind>
<opcode="store(28) " fcode="store"/>
<opset="store_ln204/2 "/>
</bind>
</comp>

<comp id="455" class="1004" name="store_ln204_store_fu_455">
<pin_list>
<pin id="456" dir="0" index="0" bw="32" slack="0"/>
<pin id="457" dir="0" index="1" bw="32" slack="1"/>
<pin id="458" dir="1" index="2" bw="0" slack="2147483647"/>
</pin_list>
<bind>
<opcode="store(28) " fcode="store"/>
<opset="store_ln204/2 "/>
</bind>
</comp>

<comp id="460" class="1004" name="store_ln204_store_fu_460">
<pin_list>
<pin id="461" dir="0" index="0" bw="32" slack="0"/>
<pin id="462" dir="0" index="1" bw="32" slack="1"/>
<pin id="463" dir="1" index="2" bw="0" slack="2147483647"/>
</pin_list>
<bind>
<opcode="store(28) " fcode="store"/>
<opset="store_ln204/2 "/>
</bind>
</comp>

<comp id="465" class="1004" name="store_ln204_store_fu_465">
<pin_list>
<pin id="466" dir="0" index="0" bw="32" slack="0"/>
<pin id="467" dir="0" index="1" bw="32" slack="1"/>
<pin id="468" dir="1" index="2" bw="0" slack="2147483647"/>
</pin_list>
<bind>
<opcode="store(28) " fcode="store"/>
<opset="store_ln204/2 "/>
</bind>
</comp>

<comp id="470" class="1004" name="store_ln204_store_fu_470">
<pin_list>
<pin id="471" dir="0" index="0" bw="32" slack="0"/>
<pin id="472" dir="0" index="1" bw="32" slack="1"/>
<pin id="473" dir="1" index="2" bw="0" slack="2147483647"/>
</pin_list>
<bind>
<opcode="store(28) " fcode="store"/>
<opset="store_ln204/2 "/>
</bind>
</comp>

<comp id="475" class="1004" name="store_ln204_store_fu_475">
<pin_list>
<pin id="476" dir="0" index="0" bw="32" slack="0"/>
<pin id="477" dir="0" index="1" bw="32" slack="1"/>
<pin id="478" dir="1" index="2" bw="0" slack="2147483647"/>
</pin_list>
<bind>
<opcode="store(28) " fcode="store"/>
<opset="store_ln204/2 "/>
</bind>
</comp>

<comp id="480" class="1004" name="store_ln204_store_fu_480">
<pin_list>
<pin id="481" dir="0" index="0" bw="32" slack="0"/>
<pin id="482" dir="0" index="1" bw="32" slack="1"/>
<pin id="483" dir="1" index="2" bw="0" slack="2147483647"/>
</pin_list>
<bind>
<opcode="store(28) " fcode="store"/>
<opset="store_ln204/2 "/>
</bind>
</comp>

<comp id="485" class="1004" name="store_ln204_store_fu_485">
<pin_list>
<pin id="486" dir="0" index="0" bw="32" slack="0"/>
<pin id="487" dir="0" index="1" bw="32" slack="1"/>
<pin id="488" dir="1" index="2" bw="0" slack="2147483647"/>
</pin_list>
<bind>
<opcode="store(28) " fcode="store"/>
<opset="store_ln204/2 "/>
</bind>
</comp>

<comp id="490" class="1004" name="trunc_ln206_fu_490">
<pin_list>
<pin id="491" dir="0" index="0" bw="3" slack="1"/>
<pin id="492" dir="1" index="1" bw="2" slack="0"/>
</pin_list>
<bind>
<opcode="trunc(33) " fcode="trunc"/>
<opset="trunc_ln206/2 "/>
</bind>
</comp>

<comp id="493" class="1004" name="shl_ln206_8_fu_493">
<pin_list>
<pin id="494" dir="0" index="0" bw="8" slack="0"/>
<pin id="495" dir="0" index="1" bw="3" slack="1"/>
<pin id="496" dir="0" index="2" bw="2" slack="0"/>
<pin id="497" dir="0" index="3" bw="1" slack="0"/>
<pin id="498" dir="1" index="4" bw="8" slack="0"/>
</pin_list>
<bind>
<opcode="bitconcatenate(1004) " fcode="bitconcatenate"/>
<opset="shl_ln206_8/2 "/>
</bind>
</comp>

<comp id="502" class="1004" name="zext_ln206_2_fu_502">
<pin_list>
<pin id="503" dir="0" index="0" bw="8" slack="0"/>
<pin id="504" dir="1" index="1" bw="64" slack="0"/>
</pin_list>
<bind>
<opcode="zext(34) " fcode="zext"/>
<opset="zext_ln206_2/2 "/>
</bind>
</comp>

<comp id="506" class="1004" name="add_ln206_fu_506">
<pin_list>
<pin id="507" dir="0" index="0" bw="8" slack="0"/>
<pin id="508" dir="0" index="1" bw="64" slack="1"/>
<pin id="509" dir="1" index="2" bw="64" slack="0"/>
</pin_list>
<bind>
<opcode="add(8) " fcode="add"/>
<opset="add_ln206/2 "/>
</bind>
</comp>

<comp id="511" class="1004" name="trunc_ln206_2_fu_511">
<pin_list>
<pin id="512" dir="0" index="0" bw="61" slack="0"/>
<pin id="513" dir="0" index="1" bw="64" slack="0"/>
<pin id="514" dir="0" index="2" bw="3" slack="0"/>
<pin id="515" dir="0" index="3" bw="7" slack="0"/>
<pin id="516" dir="1" index="4" bw="61" slack="1"/>
</pin_list>
<bind>
<opcode="partselect(1002) " fcode="partselect"/>
<opset="trunc_ln206_2/2 "/>
</bind>
</comp>

<comp id="521" class="1004" name="Q_out_real_3_load_1_load_fu_521">
<pin_list>
<pin id="522" dir="0" index="0" bw="32" slack="2"/>
<pin id="523" dir="1" index="1" bw="32" slack="0"/>
</pin_list>
<bind>
<opcode="load(27) " fcode="load"/>
<opset="Q_out_real_3_load_1/3 "/>
</bind>
</comp>

<comp id="524" class="1004" name="Q_out_real_2_load_1_load_fu_524">
<pin_list>
<pin id="525" dir="0" index="0" bw="32" slack="2"/>
<pin id="526" dir="1" index="1" bw="32" slack="0"/>
</pin_list>
<bind>
<opcode="load(27) " fcode="load"/>
<opset="Q_out_real_2_load_1/3 "/>
</bind>
</comp>

<comp id="527" class="1004" name="Q_out_real_1_load_1_load_fu_527">
<pin_list>
<pin id="528" dir="0" index="0" bw="32" slack="2"/>
<pin id="529" dir="1" index="1" bw="32" slack="0"/>
</pin_list>
<bind>
<opcode="load(27) " fcode="load"/>
<opset="Q_out_real_1_load_1/3 "/>
</bind>
</comp>

<comp id="530" class="1004" name="Q_out_real_load_1_load_fu_530">
<pin_list>
<pin id="531" dir="0" index="0" bw="32" slack="2"/>
<pin id="532" dir="1" index="1" bw="32" slack="0"/>
</pin_list>
<bind>
<opcode="load(27) " fcode="load"/>
<opset="Q_out_real_load_1/3 "/>
</bind>
</comp>

<comp id="533" class="1004" name="shl_ln2_fu_533">
<pin_list>
<pin id="534" dir="0" index="0" bw="6" slack="0"/>
<pin id="535" dir="0" index="1" bw="3" slack="2"/>
<pin id="536" dir="0" index="2" bw="1" slack="0"/>
<pin id="537" dir="1" index="3" bw="6" slack="0"/>
</pin_list>
<bind>
<opcode="bitconcatenate(1004) " fcode="bitconcatenate"/>
<opset="shl_ln2/3 "/>
</bind>
</comp>

<comp id="540" class="1004" name="or_ln206_fu_540">
<pin_list>
<pin id="541" dir="0" index="0" bw="6" slack="0"/>
<pin id="542" dir="0" index="1" bw="1" slack="0"/>
<pin id="543" dir="1" index="2" bw="6" slack="0"/>
</pin_list>
<bind>
<opcode="or(24) " fcode="or"/>
<opset="or_ln206/3 "/>
</bind>
</comp>

<comp id="546" class="1004" name="shl_ln206_1_fu_546">
<pin_list>
<pin id="547" dir="0" index="0" bw="3" slack="2"/>
<pin id="548" dir="0" index="1" bw="1" slack="0"/>
<pin id="549" dir="1" index="2" bw="3" slack="0"/>
</pin_list>
<bind>
<opcode="shl(20) " fcode="shl"/>
<opset="shl_ln206_1/3 "/>
</bind>
</comp>

<comp id="551" class="1004" name="tmp_s_fu_551">
<pin_list>
<pin id="552" dir="0" index="0" bw="32" slack="0"/>
<pin id="553" dir="0" index="1" bw="1" slack="0"/>
<pin id="554" dir="0" index="2" bw="32" slack="0"/>
<pin id="555" dir="0" index="3" bw="1" slack="0"/>
<pin id="556" dir="0" index="4" bw="32" slack="0"/>
<pin id="557" dir="0" index="5" bw="2" slack="0"/>
<pin id="558" dir="0" index="6" bw="32" slack="0"/>
<pin id="559" dir="0" index="7" bw="1" slack="0"/>
<pin id="560" dir="0" index="8" bw="32" slack="0"/>
<pin id="561" dir="0" index="9" bw="32" slack="0"/>
<pin id="562" dir="0" index="10" bw="2" slack="1"/>
<pin id="563" dir="1" index="11" bw="32" slack="0"/>
</pin_list>
<bind>
<opcode="sparsemux(1197) " fcode="sparsemux"/>
<opset="tmp_s/3 "/>
</bind>
</comp>

<comp id="574" class="1004" name="bitcast_ln206_fu_574">
<pin_list>
<pin id="575" dir="0" index="0" bw="32" slack="0"/>
<pin id="576" dir="1" index="1" bw="32" slack="0"/>
</pin_list>
<bind>
<opcode="bitcast(44) " fcode="bitcast"/>
<opset="bitcast_ln206/3 "/>
</bind>
</comp>

<comp id="578" class="1004" name="zext_ln206_3_fu_578">
<pin_list>
<pin id="579" dir="0" index="0" bw="32" slack="0"/>
<pin id="580" dir="1" index="1" bw="64" slack="0"/>
</pin_list>
<bind>
<opcode="zext(34) " fcode="zext"/>
<opset="zext_ln206_3/3 "/>
</bind>
</comp>

<comp id="582" class="1004" name="shl_ln206_fu_582">
<pin_list>
<pin id="583" dir="0" index="0" bw="5" slack="0"/>
<pin id="584" dir="0" index="1" bw="3" slack="2"/>
<pin id="585" dir="1" index="2" bw="8" slack="1"/>
</pin_list>
<bind>
<opcode="shl(20) " fcode="shl"/>
<opset="shl_ln206/3 "/>
</bind>
</comp>

<comp id="587" class="1004" name="shl_ln206_3_fu_587">
<pin_list>
<pin id="588" dir="0" index="0" bw="6" slack="0"/>
<pin id="589" dir="0" index="1" bw="3" slack="2"/>
<pin id="590" dir="0" index="2" bw="1" slack="0"/>
<pin id="591" dir="1" index="3" bw="6" slack="0"/>
</pin_list>
<bind>
<opcode="bitconcatenate(1004) " fcode="bitconcatenate"/>
<opset="shl_ln206_3/3 "/>
</bind>
</comp>

<comp id="594" class="1004" name="zext_ln206_4_fu_594">
<pin_list>
<pin id="595" dir="0" index="0" bw="6" slack="0"/>
<pin id="596" dir="1" index="1" bw="64" slack="0"/>
</pin_list>
<bind>
<opcode="zext(34) " fcode="zext"/>
<opset="zext_ln206_4/3 "/>
</bind>
</comp>

<comp id="598" class="1004" name="shl_ln206_2_fu_598">
<pin_list>
<pin id="599" dir="0" index="0" bw="32" slack="0"/>
<pin id="600" dir="0" index="1" bw="6" slack="0"/>
<pin id="601" dir="1" index="2" bw="64" slack="1"/>
</pin_list>
<bind>
<opcode="shl(20) " fcode="shl"/>
<opset="shl_ln206_2/3 "/>
</bind>
</comp>

<comp id="604" class="1004" name="sext_ln206_fu_604">
<pin_list>
<pin id="605" dir="0" index="0" bw="61" slack="1"/>
<pin id="606" dir="1" index="1" bw="64" slack="0"/>
</pin_list>
<bind>
<opcode="sext(35) " fcode="sext"/>
<opset="sext_ln206/3 "/>
</bind>
</comp>

<comp id="607" class="1004" name="memQ_addr_fu_607">
<pin_list>
<pin id="608" dir="0" index="0" bw="64" slack="0"/>
<pin id="609" dir="0" index="1" bw="61" slack="0"/>
<pin id="610" dir="1" index="2" bw="64" slack="0"/>
</pin_list>
<bind>
<opcode="getelementptr(29) " fcode="getelementptr"/>
<opset="memQ_addr/3 "/>
</bind>
</comp>

<comp id="614" class="1004" name="or_ln206_1_fu_614">
<pin_list>
<pin id="615" dir="0" index="0" bw="3" slack="0"/>
<pin id="616" dir="0" index="1" bw="1" slack="0"/>
<pin id="617" dir="1" index="2" bw="3" slack="0"/>
</pin_list>
<bind>
<opcode="or(24) " fcode="or"/>
<opset="or_ln206_1/3 "/>
</bind>
</comp>

<comp id="620" class="1004" name="tmp_5_fu_620">
<pin_list>
<pin id="621" dir="0" index="0" bw="3" slack="0"/>
<pin id="622" dir="0" index="1" bw="6" slack="0"/>
<pin id="623" dir="0" index="2" bw="3" slack="0"/>
<pin id="624" dir="0" index="3" bw="4" slack="0"/>
<pin id="625" dir="1" index="4" bw="3" slack="0"/>
</pin_list>
<bind>
<opcode="partselect(1002) " fcode="partselect"/>
<opset="tmp_5/3 "/>
</bind>
</comp>

<comp id="630" class="1004" name="tmp_6_fu_630">
<pin_list>
<pin id="631" dir="0" index="0" bw="8" slack="0"/>
<pin id="632" dir="0" index="1" bw="3" slack="0"/>
<pin id="633" dir="0" index="2" bw="3" slack="0"/>
<pin id="634" dir="0" index="3" bw="1" slack="0"/>
<pin id="635" dir="1" index="4" bw="8" slack="0"/>
</pin_list>
<bind>
<opcode="bitconcatenate(1004) " fcode="bitconcatenate"/>
<opset="tmp_6/3 "/>
</bind>
</comp>

<comp id="640" class="1004" name="zext_ln206_6_fu_640">
<pin_list>
<pin id="641" dir="0" index="0" bw="8" slack="0"/>
<pin id="642" dir="1" index="1" bw="64" slack="0"/>
</pin_list>
<bind>
<opcode="zext(34) " fcode="zext"/>
<opset="zext_ln206_6/3 "/>
</bind>
</comp>

<comp id="644" class="1004" name="add_ln206_1_fu_644">
<pin_list>
<pin id="645" dir="0" index="0" bw="8" slack="0"/>
<pin id="646" dir="0" index="1" bw="64" slack="2"/>
<pin id="647" dir="1" index="2" bw="64" slack="0"/>
</pin_list>
<bind>
<opcode="add(8) " fcode="add"/>
<opset="add_ln206_1/3 "/>
</bind>
</comp>

<comp id="649" class="1004" name="trunc_ln206_3_fu_649">
<pin_list>
<pin id="650" dir="0" index="0" bw="61" slack="0"/>
<pin id="651" dir="0" index="1" bw="64" slack="0"/>
<pin id="652" dir="0" index="2" bw="3" slack="0"/>
<pin id="653" dir="0" index="3" bw="7" slack="0"/>
<pin id="654" dir="1" index="4" bw="61" slack="1"/>
</pin_list>
<bind>
<opcode="partselect(1002) " fcode="partselect"/>
<opset="trunc_ln206_3/3 "/>
</bind>
</comp>

<comp id="659" class="1004" name="Q_out_imag_3_load_1_load_fu_659">
<pin_list>
<pin id="660" dir="0" index="0" bw="32" slack="3"/>
<pin id="661" dir="1" index="1" bw="32" slack="0"/>
</pin_list>
<bind>
<opcode="load(27) " fcode="load"/>
<opset="Q_out_imag_3_load_1/4 "/>
</bind>
</comp>

<comp id="662" class="1004" name="Q_out_imag_2_load_1_load_fu_662">
<pin_list>
<pin id="663" dir="0" index="0" bw="32" slack="3"/>
<pin id="664" dir="1" index="1" bw="32" slack="0"/>
</pin_list>
<bind>
<opcode="load(27) " fcode="load"/>
<opset="Q_out_imag_2_load_1/4 "/>
</bind>
</comp>

<comp id="665" class="1004" name="Q_out_imag_1_load_1_load_fu_665">
<pin_list>
<pin id="666" dir="0" index="0" bw="32" slack="3"/>
<pin id="667" dir="1" index="1" bw="32" slack="0"/>
</pin_list>
<bind>
<opcode="load(27) " fcode="load"/>
<opset="Q_out_imag_1_load_1/4 "/>
</bind>
</comp>

<comp id="668" class="1004" name="Q_out_imag_load_1_load_fu_668">
<pin_list>
<pin id="669" dir="0" index="0" bw="32" slack="3"/>
<pin id="670" dir="1" index="1" bw="32" slack="0"/>
</pin_list>
<bind>
<opcode="load(27) " fcode="load"/>
<opset="Q_out_imag_load_1/4 "/>
</bind>
</comp>

<comp id="671" class="1004" name="tmp_4_fu_671">
<pin_list>
<pin id="672" dir="0" index="0" bw="32" slack="0"/>
<pin id="673" dir="0" index="1" bw="1" slack="0"/>
<pin id="674" dir="0" index="2" bw="32" slack="0"/>
<pin id="675" dir="0" index="3" bw="1" slack="0"/>
<pin id="676" dir="0" index="4" bw="32" slack="0"/>
<pin id="677" dir="0" index="5" bw="2" slack="0"/>
<pin id="678" dir="0" index="6" bw="32" slack="0"/>
<pin id="679" dir="0" index="7" bw="1" slack="0"/>
<pin id="680" dir="0" index="8" bw="32" slack="0"/>
<pin id="681" dir="0" index="9" bw="32" slack="0"/>
<pin id="682" dir="0" index="10" bw="2" slack="2"/>
<pin id="683" dir="1" index="11" bw="32" slack="0"/>
</pin_list>
<bind>
<opcode="sparsemux(1197) " fcode="sparsemux"/>
<opset="tmp_4/4 "/>
</bind>
</comp>

<comp id="694" class="1004" name="bitcast_ln206_1_fu_694">
<pin_list>
<pin id="695" dir="0" index="0" bw="32" slack="0"/>
<pin id="696" dir="1" index="1" bw="32" slack="0"/>
</pin_list>
<bind>
<opcode="bitcast(44) " fcode="bitcast"/>
<opset="bitcast_ln206_1/4 "/>
</bind>
</comp>

<comp id="698" class="1004" name="zext_ln206_5_fu_698">
<pin_list>
<pin id="699" dir="0" index="0" bw="32" slack="0"/>
<pin id="700" dir="1" index="1" bw="64" slack="0"/>
</pin_list>
<bind>
<opcode="zext(34) " fcode="zext"/>
<opset="zext_ln206_5/4 "/>
</bind>
</comp>

<comp id="702" class="1004" name="shl_ln206_4_fu_702">
<pin_list>
<pin id="703" dir="0" index="0" bw="5" slack="0"/>
<pin id="704" dir="0" index="1" bw="3" slack="3"/>
<pin id="705" dir="1" index="2" bw="8" slack="1"/>
</pin_list>
<bind>
<opcode="shl(20) " fcode="shl"/>
<opset="shl_ln206_4/4 "/>
</bind>
</comp>

<comp id="707" class="1004" name="shl_ln206_6_fu_707">
<pin_list>
<pin id="708" dir="0" index="0" bw="6" slack="0"/>
<pin id="709" dir="0" index="1" bw="3" slack="3"/>
<pin id="710" dir="0" index="2" bw="1" slack="0"/>
<pin id="711" dir="1" index="3" bw="6" slack="0"/>
</pin_list>
<bind>
<opcode="bitconcatenate(1004) " fcode="bitconcatenate"/>
<opset="shl_ln206_6/4 "/>
</bind>
</comp>

<comp id="714" class="1004" name="zext_ln206_7_fu_714">
<pin_list>
<pin id="715" dir="0" index="0" bw="6" slack="0"/>
<pin id="716" dir="1" index="1" bw="64" slack="0"/>
</pin_list>
<bind>
<opcode="zext(34) " fcode="zext"/>
<opset="zext_ln206_7/4 "/>
</bind>
</comp>

<comp id="718" class="1004" name="shl_ln206_5_fu_718">
<pin_list>
<pin id="719" dir="0" index="0" bw="32" slack="0"/>
<pin id="720" dir="0" index="1" bw="6" slack="0"/>
<pin id="721" dir="1" index="2" bw="64" slack="1"/>
</pin_list>
<bind>
<opcode="shl(20) " fcode="shl"/>
<opset="shl_ln206_5/4 "/>
</bind>
</comp>

<comp id="724" class="1004" name="sext_ln206_1_fu_724">
<pin_list>
<pin id="725" dir="0" index="0" bw="61" slack="1"/>
<pin id="726" dir="1" index="1" bw="64" slack="0"/>
</pin_list>
<bind>
<opcode="sext(35) " fcode="sext"/>
<opset="sext_ln206_1/4 "/>
</bind>
</comp>

<comp id="727" class="1004" name="memQ_addr_1_fu_727">
<pin_list>
<pin id="728" dir="0" index="0" bw="64" slack="0"/>
<pin id="729" dir="0" index="1" bw="61" slack="0"/>
<pin id="730" dir="1" index="2" bw="64" slack="0"/>
</pin_list>
<bind>
<opcode="getelementptr(29) " fcode="getelementptr"/>
<opset="memQ_addr_1/4 "/>
</bind>
</comp>

<comp id="734" class="1005" name="j_reg_734">
<pin_list>
<pin id="735" dir="0" index="0" bw="3" slack="0"/>
<pin id="736" dir="1" index="1" bw="3" slack="0"/>
</pin_list>
<bind>
<opset="j "/>
</bind>
</comp>

<comp id="741" class="1005" name="i_reg_741">
<pin_list>
<pin id="742" dir="0" index="0" bw="3" slack="0"/>
<pin id="743" dir="1" index="1" bw="3" slack="0"/>
</pin_list>
<bind>
<opset="i "/>
</bind>
</comp>

<comp id="748" class="1005" name="indvar_flatten54_reg_748">
<pin_list>
<pin id="749" dir="0" index="0" bw="5" slack="0"/>
<pin id="750" dir="1" index="1" bw="5" slack="0"/>
</pin_list>
<bind>
<opset="indvar_flatten54 "/>
</bind>
</comp>

<comp id="755" class="1005" name="Q_out_imag_3_load3_reg_755">
<pin_list>
<pin id="756" dir="0" index="0" bw="32" slack="1"/>
<pin id="757" dir="1" index="1" bw="32" slack="1"/>
</pin_list>
<bind>
<opset="Q_out_imag_3_load3 "/>
</bind>
</comp>

<comp id="761" class="1005" name="Q_out_imag_2_load5_reg_761">
<pin_list>
<pin id="762" dir="0" index="0" bw="32" slack="1"/>
<pin id="763" dir="1" index="1" bw="32" slack="1"/>
</pin_list>
<bind>
<opset="Q_out_imag_2_load5 "/>
</bind>
</comp>

<comp id="767" class="1005" name="Q_out_imag_1_load7_reg_767">
<pin_list>
<pin id="768" dir="0" index="0" bw="32" slack="1"/>
<pin id="769" dir="1" index="1" bw="32" slack="1"/>
</pin_list>
<bind>
<opset="Q_out_imag_1_load7 "/>
</bind>
</comp>

<comp id="773" class="1005" name="Q_out_imag_load9_reg_773">
<pin_list>
<pin id="774" dir="0" index="0" bw="32" slack="1"/>
<pin id="775" dir="1" index="1" bw="32" slack="1"/>
</pin_list>
<bind>
<opset="Q_out_imag_load9 "/>
</bind>
</comp>

<comp id="779" class="1005" name="Q_out_real_3_load11_reg_779">
<pin_list>
<pin id="780" dir="0" index="0" bw="32" slack="1"/>
<pin id="781" dir="1" index="1" bw="32" slack="1"/>
</pin_list>
<bind>
<opset="Q_out_real_3_load11 "/>
</bind>
</comp>

<comp id="785" class="1005" name="Q_out_real_2_load13_reg_785">
<pin_list>
<pin id="786" dir="0" index="0" bw="32" slack="1"/>
<pin id="787" dir="1" index="1" bw="32" slack="1"/>
</pin_list>
<bind>
<opset="Q_out_real_2_load13 "/>
</bind>
</comp>

<comp id="791" class="1005" name="Q_out_real_1_load15_reg_791">
<pin_list>
<pin id="792" dir="0" index="0" bw="32" slack="1"/>
<pin id="793" dir="1" index="1" bw="32" slack="1"/>
</pin_list>
<bind>
<opset="Q_out_real_1_load15 "/>
</bind>
</comp>

<comp id="797" class="1005" name="Q_out_real_load17_reg_797">
<pin_list>
<pin id="798" dir="0" index="0" bw="32" slack="1"/>
<pin id="799" dir="1" index="1" bw="32" slack="1"/>
</pin_list>
<bind>
<opset="Q_out_real_load17 "/>
</bind>
</comp>

<comp id="803" class="1005" name="xor_ln204_read_reg_803">
<pin_list>
<pin id="804" dir="0" index="0" bw="3" slack="3"/>
<pin id="805" dir="1" index="1" bw="3" slack="3"/>
</pin_list>
<bind>
<opset="xor_ln204_read "/>
</bind>
</comp>

<comp id="808" class="1005" name="tmp_reg_808">
<pin_list>
<pin id="809" dir="0" index="0" bw="3" slack="2"/>
<pin id="810" dir="1" index="1" bw="3" slack="2"/>
</pin_list>
<bind>
<opset="tmp "/>
</bind>
</comp>

<comp id="813" class="1005" name="Q_DRAM_read_reg_813">
<pin_list>
<pin id="814" dir="0" index="0" bw="64" slack="1"/>
<pin id="815" dir="1" index="1" bw="64" slack="1"/>
</pin_list>
<bind>
<opset="Q_DRAM_read "/>
</bind>
</comp>

<comp id="819" class="1005" name="zext_ln206_1_cast_reg_819">
<pin_list>
<pin id="820" dir="0" index="0" bw="8" slack="3"/>
<pin id="821" dir="1" index="1" bw="8" slack="3"/>
</pin_list>
<bind>
<opset="zext_ln206_1_cast "/>
</bind>
</comp>

<comp id="824" class="1005" name="zext_ln206_cast_reg_824">
<pin_list>
<pin id="825" dir="0" index="0" bw="8" slack="2"/>
<pin id="826" dir="1" index="1" bw="8" slack="2"/>
</pin_list>
<bind>
<opset="zext_ln206_cast "/>
</bind>
</comp>

<comp id="829" class="1005" name="icmp_ln204_reg_829">
<pin_list>
<pin id="830" dir="0" index="0" bw="1" slack="1"/>
<pin id="831" dir="1" index="1" bw="1" slack="2147483647"/>
</pin_list>
<bind>
<opset="icmp_ln204 "/>
</bind>
</comp>

<comp id="833" class="1005" name="or_ln204_reg_833">
<pin_list>
<pin id="834" dir="0" index="0" bw="1" slack="1"/>
<pin id="835" dir="1" index="1" bw="1" slack="2147483647"/>
</pin_list>
<bind>
<opset="or_ln204 "/>
</bind>
</comp>

<comp id="837" class="1005" name="select_ln204_reg_837">
<pin_list>
<pin id="838" dir="0" index="0" bw="3" slack="1"/>
<pin id="839" dir="1" index="1" bw="3" slack="1"/>
</pin_list>
<bind>
<opset="select_ln204 "/>
</bind>
</comp>

<comp id="843" class="1005" name="select_ln204_1_reg_843">
<pin_list>
<pin id="844" dir="0" index="0" bw="3" slack="1"/>
<pin id="845" dir="1" index="1" bw="3" slack="1"/>
</pin_list>
<bind>
<opset="select_ln204_1 "/>
</bind>
</comp>

<comp id="849" class="1005" name="Q_out_real_addr_reg_849">
<pin_list>
<pin id="850" dir="0" index="0" bw="3" slack="1"/>
<pin id="851" dir="1" index="1" bw="3" slack="1"/>
</pin_list>
<bind>
<opset="Q_out_real_addr "/>
</bind>
</comp>

<comp id="854" class="1005" name="Q_out_real_1_addr_reg_854">
<pin_list>
<pin id="855" dir="0" index="0" bw="3" slack="1"/>
<pin id="856" dir="1" index="1" bw="3" slack="1"/>
</pin_list>
<bind>
<opset="Q_out_real_1_addr "/>
</bind>
</comp>

<comp id="859" class="1005" name="Q_out_real_2_addr_reg_859">
<pin_list>
<pin id="860" dir="0" index="0" bw="3" slack="1"/>
<pin id="861" dir="1" index="1" bw="3" slack="1"/>
</pin_list>
<bind>
<opset="Q_out_real_2_addr "/>
</bind>
</comp>

<comp id="864" class="1005" name="Q_out_real_3_addr_reg_864">
<pin_list>
<pin id="865" dir="0" index="0" bw="3" slack="1"/>
<pin id="866" dir="1" index="1" bw="3" slack="1"/>
</pin_list>
<bind>
<opset="Q_out_real_3_addr "/>
</bind>
</comp>

<comp id="869" class="1005" name="Q_out_imag_addr_reg_869">
<pin_list>
<pin id="870" dir="0" index="0" bw="3" slack="1"/>
<pin id="871" dir="1" index="1" bw="3" slack="1"/>
</pin_list>
<bind>
<opset="Q_out_imag_addr "/>
</bind>
</comp>

<comp id="874" class="1005" name="Q_out_imag_1_addr_reg_874">
<pin_list>
<pin id="875" dir="0" index="0" bw="3" slack="1"/>
<pin id="876" dir="1" index="1" bw="3" slack="1"/>
</pin_list>
<bind>
<opset="Q_out_imag_1_addr "/>
</bind>
</comp>

<comp id="879" class="1005" name="Q_out_imag_2_addr_reg_879">
<pin_list>
<pin id="880" dir="0" index="0" bw="3" slack="1"/>
<pin id="881" dir="1" index="1" bw="3" slack="1"/>
</pin_list>
<bind>
<opset="Q_out_imag_2_addr "/>
</bind>
</comp>

<comp id="884" class="1005" name="Q_out_imag_3_addr_reg_884">
<pin_list>
<pin id="885" dir="0" index="0" bw="3" slack="1"/>
<pin id="886" dir="1" index="1" bw="3" slack="1"/>
</pin_list>
<bind>
<opset="Q_out_imag_3_addr "/>
</bind>
</comp>

<comp id="889" class="1005" name="trunc_ln206_reg_889">
<pin_list>
<pin id="890" dir="0" index="0" bw="2" slack="1"/>
<pin id="891" dir="1" index="1" bw="2" slack="1"/>
</pin_list>
<bind>
<opset="trunc_ln206 "/>
</bind>
</comp>

<comp id="895" class="1005" name="trunc_ln206_2_reg_895">
<pin_list>
<pin id="896" dir="0" index="0" bw="61" slack="1"/>
<pin id="897" dir="1" index="1" bw="61" slack="1"/>
</pin_list>
<bind>
<opset="trunc_ln206_2 "/>
</bind>
</comp>

<comp id="900" class="1005" name="shl_ln206_reg_900">
<pin_list>
<pin id="901" dir="0" index="0" bw="8" slack="1"/>
<pin id="902" dir="1" index="1" bw="8" slack="1"/>
</pin_list>
<bind>
<opset="shl_ln206 "/>
</bind>
</comp>

<comp id="905" class="1005" name="shl_ln206_2_reg_905">
<pin_list>
<pin id="906" dir="0" index="0" bw="64" slack="1"/>
<pin id="907" dir="1" index="1" bw="64" slack="1"/>
</pin_list>
<bind>
<opset="shl_ln206_2 "/>
</bind>
</comp>

<comp id="910" class="1005" name="memQ_addr_reg_910">
<pin_list>
<pin id="911" dir="0" index="0" bw="64" slack="1"/>
<pin id="912" dir="1" index="1" bw="64" slack="1"/>
</pin_list>
<bind>
<opset="memQ_addr "/>
</bind>
</comp>

<comp id="916" class="1005" name="trunc_ln206_3_reg_916">
<pin_list>
<pin id="917" dir="0" index="0" bw="61" slack="1"/>
<pin id="918" dir="1" index="1" bw="61" slack="1"/>
</pin_list>
<bind>
<opset="trunc_ln206_3 "/>
</bind>
</comp>

<comp id="921" class="1005" name="shl_ln206_4_reg_921">
<pin_list>
<pin id="922" dir="0" index="0" bw="8" slack="1"/>
<pin id="923" dir="1" index="1" bw="8" slack="1"/>
</pin_list>
<bind>
<opset="shl_ln206_4 "/>
</bind>
</comp>

<comp id="926" class="1005" name="shl_ln206_5_reg_926">
<pin_list>
<pin id="927" dir="0" index="0" bw="64" slack="1"/>
<pin id="928" dir="1" index="1" bw="64" slack="1"/>
</pin_list>
<bind>
<opset="shl_ln206_5 "/>
</bind>
</comp>

<comp id="931" class="1005" name="memQ_addr_1_reg_931">
<pin_list>
<pin id="932" dir="0" index="0" bw="64" slack="1"/>
<pin id="933" dir="1" index="1" bw="64" slack="1"/>
</pin_list>
<bind>
<opset="memQ_addr_1 "/>
</bind>
</comp>

</comp_list>

<net_list>
<net id="123"><net_src comp="28" pin="0"/><net_sink comp="120" pin=0"/></net>

<net id="127"><net_src comp="28" pin="0"/><net_sink comp="124" pin=0"/></net>

<net id="131"><net_src comp="28" pin="0"/><net_sink comp="128" pin=0"/></net>

<net id="135"><net_src comp="28" pin="0"/><net_sink comp="132" pin=0"/></net>

<net id="139"><net_src comp="28" pin="0"/><net_sink comp="136" pin=0"/></net>

<net id="143"><net_src comp="28" pin="0"/><net_sink comp="140" pin=0"/></net>

<net id="147"><net_src comp="28" pin="0"/><net_sink comp="144" pin=0"/></net>

<net id="151"><net_src comp="28" pin="0"/><net_sink comp="148" pin=0"/></net>

<net id="155"><net_src comp="28" pin="0"/><net_sink comp="152" pin=0"/></net>

<net id="159"><net_src comp="28" pin="0"/><net_sink comp="156" pin=0"/></net>

<net id="163"><net_src comp="28" pin="0"/><net_sink comp="160" pin=0"/></net>

<net id="168"><net_src comp="30" pin="0"/><net_sink comp="164" pin=0"/></net>

<net id="169"><net_src comp="10" pin="0"/><net_sink comp="164" pin=1"/></net>

<net id="174"><net_src comp="30" pin="0"/><net_sink comp="170" pin=0"/></net>

<net id="175"><net_src comp="8" pin="0"/><net_sink comp="170" pin=1"/></net>

<net id="180"><net_src comp="30" pin="0"/><net_sink comp="176" pin=0"/></net>

<net id="181"><net_src comp="6" pin="0"/><net_sink comp="176" pin=1"/></net>

<net id="186"><net_src comp="30" pin="0"/><net_sink comp="182" pin=0"/></net>

<net id="187"><net_src comp="4" pin="0"/><net_sink comp="182" pin=1"/></net>

<net id="192"><net_src comp="32" pin="0"/><net_sink comp="188" pin=0"/></net>

<net id="193"><net_src comp="2" pin="0"/><net_sink comp="188" pin=1"/></net>

<net id="199"><net_src comp="106" pin="0"/><net_sink comp="194" pin=0"/></net>

<net id="200"><net_src comp="28" pin="0"/><net_sink comp="194" pin=2"/></net>

<net id="207"><net_src comp="114" pin="0"/><net_sink comp="201" pin=0"/></net>

<net id="213"><net_src comp="106" pin="0"/><net_sink comp="208" pin=0"/></net>

<net id="214"><net_src comp="28" pin="0"/><net_sink comp="208" pin=2"/></net>

<net id="215"><net_src comp="116" pin="0"/><net_sink comp="194" pin=0"/></net>

<net id="222"><net_src comp="114" pin="0"/><net_sink comp="216" pin=0"/></net>

<net id="223"><net_src comp="116" pin="0"/><net_sink comp="208" pin=0"/></net>

<net id="229"><net_src comp="12" pin="0"/><net_sink comp="224" pin=0"/></net>

<net id="230"><net_src comp="78" pin="0"/><net_sink comp="224" pin=1"/></net>

<net id="236"><net_src comp="14" pin="0"/><net_sink comp="231" pin=0"/></net>

<net id="237"><net_src comp="78" pin="0"/><net_sink comp="231" pin=1"/></net>

<net id="243"><net_src comp="16" pin="0"/><net_sink comp="238" pin=0"/></net>

<net id="244"><net_src comp="78" pin="0"/><net_sink comp="238" pin=1"/></net>

<net id="250"><net_src comp="18" pin="0"/><net_sink comp="245" pin=0"/></net>

<net id="251"><net_src comp="78" pin="0"/><net_sink comp="245" pin=1"/></net>

<net id="257"><net_src comp="20" pin="0"/><net_sink comp="252" pin=0"/></net>

<net id="258"><net_src comp="78" pin="0"/><net_sink comp="252" pin=1"/></net>

<net id="264"><net_src comp="22" pin="0"/><net_sink comp="259" pin=0"/></net>

<net id="265"><net_src comp="78" pin="0"/><net_sink comp="259" pin=1"/></net>

<net id="271"><net_src comp="24" pin="0"/><net_sink comp="266" pin=0"/></net>

<net id="272"><net_src comp="78" pin="0"/><net_sink comp="266" pin=1"/></net>

<net id="278"><net_src comp="26" pin="0"/><net_sink comp="273" pin=0"/></net>

<net id="279"><net_src comp="78" pin="0"/><net_sink comp="273" pin=1"/></net>

<net id="285"><net_src comp="224" pin="3"/><net_sink comp="280" pin=0"/></net>

<net id="291"><net_src comp="231" pin="3"/><net_sink comp="286" pin=0"/></net>

<net id="297"><net_src comp="238" pin="3"/><net_sink comp="292" pin=0"/></net>

<net id="303"><net_src comp="245" pin="3"/><net_sink comp="298" pin=0"/></net>

<net id="309"><net_src comp="252" pin="3"/><net_sink comp="304" pin=0"/></net>

<net id="315"><net_src comp="259" pin="3"/><net_sink comp="310" pin=0"/></net>

<net id="321"><net_src comp="266" pin="3"/><net_sink comp="316" pin=0"/></net>

<net id="327"><net_src comp="273" pin="3"/><net_sink comp="322" pin=0"/></net>

<net id="337"><net_src comp="56" pin="0"/><net_sink comp="331" pin=0"/></net>

<net id="338"><net_src comp="58" pin="0"/><net_sink comp="331" pin=2"/></net>

<net id="342"><net_src comp="170" pin="2"/><net_sink comp="339" pin=0"/></net>

<net id="346"><net_src comp="182" pin="2"/><net_sink comp="343" pin=0"/></net>

<net id="351"><net_src comp="52" pin="0"/><net_sink comp="347" pin=0"/></net>

<net id="356"><net_src comp="54" pin="0"/><net_sink comp="352" pin=0"/></net>

<net id="361"><net_src comp="54" pin="0"/><net_sink comp="357" pin=0"/></net>

<net id="369"><net_src comp="362" pin="1"/><net_sink comp="365" pin=0"/></net>

<net id="370"><net_src comp="62" pin="0"/><net_sink comp="365" pin=1"/></net>

<net id="375"><net_src comp="362" pin="1"/><net_sink comp="371" pin=0"/></net>

<net id="376"><net_src comp="64" pin="0"/><net_sink comp="371" pin=1"/></net>

<net id="387"><net_src comp="377" pin="1"/><net_sink comp="383" pin=0"/></net>

<net id="388"><net_src comp="74" pin="0"/><net_sink comp="383" pin=1"/></net>

<net id="393"><net_src comp="383" pin="2"/><net_sink comp="389" pin=0"/></net>

<net id="394"><net_src comp="331" pin="4"/><net_sink comp="389" pin=1"/></net>

<net id="400"><net_src comp="383" pin="2"/><net_sink comp="395" pin=0"/></net>

<net id="401"><net_src comp="54" pin="0"/><net_sink comp="395" pin=1"/></net>

<net id="402"><net_src comp="377" pin="1"/><net_sink comp="395" pin=2"/></net>

<net id="407"><net_src comp="380" pin="1"/><net_sink comp="403" pin=0"/></net>

<net id="408"><net_src comp="76" pin="0"/><net_sink comp="403" pin=1"/></net>

<net id="414"><net_src comp="383" pin="2"/><net_sink comp="409" pin=0"/></net>

<net id="415"><net_src comp="403" pin="2"/><net_sink comp="409" pin=1"/></net>

<net id="416"><net_src comp="380" pin="1"/><net_sink comp="409" pin=2"/></net>

<net id="420"><net_src comp="409" pin="3"/><net_sink comp="417" pin=0"/></net>

<net id="421"><net_src comp="417" pin="1"/><net_sink comp="224" pin=2"/></net>

<net id="422"><net_src comp="417" pin="1"/><net_sink comp="231" pin=2"/></net>

<net id="423"><net_src comp="417" pin="1"/><net_sink comp="238" pin=2"/></net>

<net id="424"><net_src comp="417" pin="1"/><net_sink comp="245" pin=2"/></net>

<net id="425"><net_src comp="417" pin="1"/><net_sink comp="252" pin=2"/></net>

<net id="426"><net_src comp="417" pin="1"/><net_sink comp="259" pin=2"/></net>

<net id="427"><net_src comp="417" pin="1"/><net_sink comp="266" pin=2"/></net>

<net id="428"><net_src comp="417" pin="1"/><net_sink comp="273" pin=2"/></net>

<net id="433"><net_src comp="395" pin="3"/><net_sink comp="429" pin=0"/></net>

<net id="434"><net_src comp="76" pin="0"/><net_sink comp="429" pin=1"/></net>

<net id="439"><net_src comp="371" pin="2"/><net_sink comp="435" pin=0"/></net>

<net id="444"><net_src comp="409" pin="3"/><net_sink comp="440" pin=0"/></net>

<net id="449"><net_src comp="429" pin="2"/><net_sink comp="445" pin=0"/></net>

<net id="454"><net_src comp="280" pin="3"/><net_sink comp="450" pin=0"/></net>

<net id="459"><net_src comp="286" pin="3"/><net_sink comp="455" pin=0"/></net>

<net id="464"><net_src comp="292" pin="3"/><net_sink comp="460" pin=0"/></net>

<net id="469"><net_src comp="298" pin="3"/><net_sink comp="465" pin=0"/></net>

<net id="474"><net_src comp="304" pin="3"/><net_sink comp="470" pin=0"/></net>

<net id="479"><net_src comp="310" pin="3"/><net_sink comp="475" pin=0"/></net>

<net id="484"><net_src comp="316" pin="3"/><net_sink comp="480" pin=0"/></net>

<net id="489"><net_src comp="322" pin="3"/><net_sink comp="485" pin=0"/></net>

<net id="499"><net_src comp="80" pin="0"/><net_sink comp="493" pin=0"/></net>

<net id="500"><net_src comp="490" pin="1"/><net_sink comp="493" pin=2"/></net>

<net id="501"><net_src comp="54" pin="0"/><net_sink comp="493" pin=3"/></net>

<net id="505"><net_src comp="493" pin="4"/><net_sink comp="502" pin=0"/></net>

<net id="510"><net_src comp="502" pin="1"/><net_sink comp="506" pin=0"/></net>

<net id="517"><net_src comp="82" pin="0"/><net_sink comp="511" pin=0"/></net>

<net id="518"><net_src comp="506" pin="2"/><net_sink comp="511" pin=1"/></net>

<net id="519"><net_src comp="84" pin="0"/><net_sink comp="511" pin=2"/></net>

<net id="520"><net_src comp="86" pin="0"/><net_sink comp="511" pin=3"/></net>

<net id="538"><net_src comp="88" pin="0"/><net_sink comp="533" pin=0"/></net>

<net id="539"><net_src comp="54" pin="0"/><net_sink comp="533" pin=2"/></net>

<net id="544"><net_src comp="533" pin="3"/><net_sink comp="540" pin=0"/></net>

<net id="545"><net_src comp="90" pin="0"/><net_sink comp="540" pin=1"/></net>

<net id="550"><net_src comp="76" pin="0"/><net_sink comp="546" pin=1"/></net>

<net id="564"><net_src comp="92" pin="0"/><net_sink comp="551" pin=0"/></net>

<net id="565"><net_src comp="94" pin="0"/><net_sink comp="551" pin=1"/></net>

<net id="566"><net_src comp="530" pin="1"/><net_sink comp="551" pin=2"/></net>

<net id="567"><net_src comp="96" pin="0"/><net_sink comp="551" pin=3"/></net>

<net id="568"><net_src comp="527" pin="1"/><net_sink comp="551" pin=4"/></net>

<net id="569"><net_src comp="98" pin="0"/><net_sink comp="551" pin=5"/></net>

<net id="570"><net_src comp="524" pin="1"/><net_sink comp="551" pin=6"/></net>

<net id="571"><net_src comp="100" pin="0"/><net_sink comp="551" pin=7"/></net>

<net id="572"><net_src comp="521" pin="1"/><net_sink comp="551" pin=8"/></net>

<net id="573"><net_src comp="102" pin="0"/><net_sink comp="551" pin=9"/></net>

<net id="577"><net_src comp="551" pin="11"/><net_sink comp="574" pin=0"/></net>

<net id="581"><net_src comp="574" pin="1"/><net_sink comp="578" pin=0"/></net>

<net id="586"><net_src comp="104" pin="0"/><net_sink comp="582" pin=0"/></net>

<net id="592"><net_src comp="88" pin="0"/><net_sink comp="587" pin=0"/></net>

<net id="593"><net_src comp="54" pin="0"/><net_sink comp="587" pin=2"/></net>

<net id="597"><net_src comp="587" pin="3"/><net_sink comp="594" pin=0"/></net>

<net id="602"><net_src comp="578" pin="1"/><net_sink comp="598" pin=0"/></net>

<net id="603"><net_src comp="594" pin="1"/><net_sink comp="598" pin=1"/></net>

<net id="611"><net_src comp="0" pin="0"/><net_sink comp="607" pin=0"/></net>

<net id="612"><net_src comp="604" pin="1"/><net_sink comp="607" pin=1"/></net>

<net id="613"><net_src comp="607" pin="2"/><net_sink comp="194" pin=1"/></net>

<net id="618"><net_src comp="546" pin="2"/><net_sink comp="614" pin=0"/></net>

<net id="619"><net_src comp="76" pin="0"/><net_sink comp="614" pin=1"/></net>

<net id="626"><net_src comp="108" pin="0"/><net_sink comp="620" pin=0"/></net>

<net id="627"><net_src comp="540" pin="2"/><net_sink comp="620" pin=1"/></net>

<net id="628"><net_src comp="84" pin="0"/><net_sink comp="620" pin=2"/></net>

<net id="629"><net_src comp="110" pin="0"/><net_sink comp="620" pin=3"/></net>

<net id="636"><net_src comp="112" pin="0"/><net_sink comp="630" pin=0"/></net>

<net id="637"><net_src comp="620" pin="4"/><net_sink comp="630" pin=1"/></net>

<net id="638"><net_src comp="614" pin="2"/><net_sink comp="630" pin=2"/></net>

<net id="639"><net_src comp="94" pin="0"/><net_sink comp="630" pin=3"/></net>

<net id="643"><net_src comp="630" pin="4"/><net_sink comp="640" pin=0"/></net>

<net id="648"><net_src comp="640" pin="1"/><net_sink comp="644" pin=0"/></net>

<net id="655"><net_src comp="82" pin="0"/><net_sink comp="649" pin=0"/></net>

<net id="656"><net_src comp="644" pin="2"/><net_sink comp="649" pin=1"/></net>

<net id="657"><net_src comp="84" pin="0"/><net_sink comp="649" pin=2"/></net>

<net id="658"><net_src comp="86" pin="0"/><net_sink comp="649" pin=3"/></net>

<net id="684"><net_src comp="92" pin="0"/><net_sink comp="671" pin=0"/></net>

<net id="685"><net_src comp="94" pin="0"/><net_sink comp="671" pin=1"/></net>

<net id="686"><net_src comp="668" pin="1"/><net_sink comp="671" pin=2"/></net>

<net id="687"><net_src comp="96" pin="0"/><net_sink comp="671" pin=3"/></net>

<net id="688"><net_src comp="665" pin="1"/><net_sink comp="671" pin=4"/></net>

<net id="689"><net_src comp="98" pin="0"/><net_sink comp="671" pin=5"/></net>

<net id="690"><net_src comp="662" pin="1"/><net_sink comp="671" pin=6"/></net>

<net id="691"><net_src comp="100" pin="0"/><net_sink comp="671" pin=7"/></net>

<net id="692"><net_src comp="659" pin="1"/><net_sink comp="671" pin=8"/></net>

<net id="693"><net_src comp="102" pin="0"/><net_sink comp="671" pin=9"/></net>

<net id="697"><net_src comp="671" pin="11"/><net_sink comp="694" pin=0"/></net>

<net id="701"><net_src comp="694" pin="1"/><net_sink comp="698" pin=0"/></net>

<net id="706"><net_src comp="104" pin="0"/><net_sink comp="702" pin=0"/></net>

<net id="712"><net_src comp="88" pin="0"/><net_sink comp="707" pin=0"/></net>

<net id="713"><net_src comp="54" pin="0"/><net_sink comp="707" pin=2"/></net>

<net id="717"><net_src comp="707" pin="3"/><net_sink comp="714" pin=0"/></net>

<net id="722"><net_src comp="698" pin="1"/><net_sink comp="718" pin=0"/></net>

<net id="723"><net_src comp="714" pin="1"/><net_sink comp="718" pin=1"/></net>

<net id="731"><net_src comp="0" pin="0"/><net_sink comp="727" pin=0"/></net>

<net id="732"><net_src comp="724" pin="1"/><net_sink comp="727" pin=1"/></net>

<net id="733"><net_src comp="727" pin="2"/><net_sink comp="208" pin=1"/></net>

<net id="737"><net_src comp="120" pin="1"/><net_sink comp="734" pin=0"/></net>

<net id="738"><net_src comp="734" pin="1"/><net_sink comp="357" pin=1"/></net>

<net id="739"><net_src comp="734" pin="1"/><net_sink comp="377" pin=0"/></net>

<net id="740"><net_src comp="734" pin="1"/><net_sink comp="445" pin=1"/></net>

<net id="744"><net_src comp="124" pin="1"/><net_sink comp="741" pin=0"/></net>

<net id="745"><net_src comp="741" pin="1"/><net_sink comp="352" pin=1"/></net>

<net id="746"><net_src comp="741" pin="1"/><net_sink comp="380" pin=0"/></net>

<net id="747"><net_src comp="741" pin="1"/><net_sink comp="440" pin=1"/></net>

<net id="751"><net_src comp="128" pin="1"/><net_sink comp="748" pin=0"/></net>

<net id="752"><net_src comp="748" pin="1"/><net_sink comp="347" pin=1"/></net>

<net id="753"><net_src comp="748" pin="1"/><net_sink comp="362" pin=0"/></net>

<net id="754"><net_src comp="748" pin="1"/><net_sink comp="435" pin=1"/></net>

<net id="758"><net_src comp="132" pin="1"/><net_sink comp="755" pin=0"/></net>

<net id="759"><net_src comp="755" pin="1"/><net_sink comp="485" pin=1"/></net>

<net id="760"><net_src comp="755" pin="1"/><net_sink comp="659" pin=0"/></net>

<net id="764"><net_src comp="136" pin="1"/><net_sink comp="761" pin=0"/></net>

<net id="765"><net_src comp="761" pin="1"/><net_sink comp="480" pin=1"/></net>

<net id="766"><net_src comp="761" pin="1"/><net_sink comp="662" pin=0"/></net>

<net id="770"><net_src comp="140" pin="1"/><net_sink comp="767" pin=0"/></net>

<net id="771"><net_src comp="767" pin="1"/><net_sink comp="475" pin=1"/></net>

<net id="772"><net_src comp="767" pin="1"/><net_sink comp="665" pin=0"/></net>

<net id="776"><net_src comp="144" pin="1"/><net_sink comp="773" pin=0"/></net>

<net id="777"><net_src comp="773" pin="1"/><net_sink comp="470" pin=1"/></net>

<net id="778"><net_src comp="773" pin="1"/><net_sink comp="668" pin=0"/></net>

<net id="782"><net_src comp="148" pin="1"/><net_sink comp="779" pin=0"/></net>

<net id="783"><net_src comp="779" pin="1"/><net_sink comp="465" pin=1"/></net>

<net id="784"><net_src comp="779" pin="1"/><net_sink comp="521" pin=0"/></net>

<net id="788"><net_src comp="152" pin="1"/><net_sink comp="785" pin=0"/></net>

<net id="789"><net_src comp="785" pin="1"/><net_sink comp="460" pin=1"/></net>

<net id="790"><net_src comp="785" pin="1"/><net_sink comp="524" pin=0"/></net>

<net id="794"><net_src comp="156" pin="1"/><net_sink comp="791" pin=0"/></net>

<net id="795"><net_src comp="791" pin="1"/><net_sink comp="455" pin=1"/></net>

<net id="796"><net_src comp="791" pin="1"/><net_sink comp="527" pin=0"/></net>

<net id="800"><net_src comp="160" pin="1"/><net_sink comp="797" pin=0"/></net>

<net id="801"><net_src comp="797" pin="1"/><net_sink comp="450" pin=1"/></net>

<net id="802"><net_src comp="797" pin="1"/><net_sink comp="530" pin=0"/></net>

<net id="806"><net_src comp="164" pin="2"/><net_sink comp="803" pin=0"/></net>

<net id="807"><net_src comp="803" pin="1"/><net_sink comp="707" pin=1"/></net>

<net id="811"><net_src comp="176" pin="2"/><net_sink comp="808" pin=0"/></net>

<net id="812"><net_src comp="808" pin="1"/><net_sink comp="587" pin=1"/></net>

<net id="816"><net_src comp="188" pin="2"/><net_sink comp="813" pin=0"/></net>

<net id="817"><net_src comp="813" pin="1"/><net_sink comp="506" pin=1"/></net>

<net id="818"><net_src comp="813" pin="1"/><net_sink comp="644" pin=1"/></net>

<net id="822"><net_src comp="339" pin="1"/><net_sink comp="819" pin=0"/></net>

<net id="823"><net_src comp="819" pin="1"/><net_sink comp="702" pin=1"/></net>

<net id="827"><net_src comp="343" pin="1"/><net_sink comp="824" pin=0"/></net>

<net id="828"><net_src comp="824" pin="1"/><net_sink comp="582" pin=1"/></net>

<net id="832"><net_src comp="365" pin="2"/><net_sink comp="829" pin=0"/></net>

<net id="836"><net_src comp="389" pin="2"/><net_sink comp="833" pin=0"/></net>

<net id="840"><net_src comp="395" pin="3"/><net_sink comp="837" pin=0"/></net>

<net id="841"><net_src comp="837" pin="1"/><net_sink comp="490" pin=0"/></net>

<net id="842"><net_src comp="837" pin="1"/><net_sink comp="546" pin=0"/></net>

<net id="846"><net_src comp="409" pin="3"/><net_sink comp="843" pin=0"/></net>

<net id="847"><net_src comp="843" pin="1"/><net_sink comp="493" pin=1"/></net>

<net id="848"><net_src comp="843" pin="1"/><net_sink comp="533" pin=1"/></net>

<net id="852"><net_src comp="224" pin="3"/><net_sink comp="849" pin=0"/></net>

<net id="853"><net_src comp="849" pin="1"/><net_sink comp="280" pin=0"/></net>

<net id="857"><net_src comp="231" pin="3"/><net_sink comp="854" pin=0"/></net>

<net id="858"><net_src comp="854" pin="1"/><net_sink comp="286" pin=0"/></net>

<net id="862"><net_src comp="238" pin="3"/><net_sink comp="859" pin=0"/></net>

<net id="863"><net_src comp="859" pin="1"/><net_sink comp="292" pin=0"/></net>

<net id="867"><net_src comp="245" pin="3"/><net_sink comp="864" pin=0"/></net>

<net id="868"><net_src comp="864" pin="1"/><net_sink comp="298" pin=0"/></net>

<net id="872"><net_src comp="252" pin="3"/><net_sink comp="869" pin=0"/></net>

<net id="873"><net_src comp="869" pin="1"/><net_sink comp="304" pin=0"/></net>

<net id="877"><net_src comp="259" pin="3"/><net_sink comp="874" pin=0"/></net>

<net id="878"><net_src comp="874" pin="1"/><net_sink comp="310" pin=0"/></net>

<net id="882"><net_src comp="266" pin="3"/><net_sink comp="879" pin=0"/></net>

<net id="883"><net_src comp="879" pin="1"/><net_sink comp="316" pin=0"/></net>

<net id="887"><net_src comp="273" pin="3"/><net_sink comp="884" pin=0"/></net>

<net id="888"><net_src comp="884" pin="1"/><net_sink comp="322" pin=0"/></net>

<net id="892"><net_src comp="490" pin="1"/><net_sink comp="889" pin=0"/></net>

<net id="893"><net_src comp="889" pin="1"/><net_sink comp="551" pin=10"/></net>

<net id="894"><net_src comp="889" pin="1"/><net_sink comp="671" pin=10"/></net>

<net id="898"><net_src comp="511" pin="4"/><net_sink comp="895" pin=0"/></net>

<net id="899"><net_src comp="895" pin="1"/><net_sink comp="604" pin=0"/></net>

<net id="903"><net_src comp="582" pin="2"/><net_sink comp="900" pin=0"/></net>

<net id="904"><net_src comp="900" pin="1"/><net_sink comp="201" pin=3"/></net>

<net id="908"><net_src comp="598" pin="2"/><net_sink comp="905" pin=0"/></net>

<net id="909"><net_src comp="905" pin="1"/><net_sink comp="201" pin=2"/></net>

<net id="913"><net_src comp="607" pin="2"/><net_sink comp="910" pin=0"/></net>

<net id="914"><net_src comp="910" pin="1"/><net_sink comp="201" pin=1"/></net>

<net id="915"><net_src comp="910" pin="1"/><net_sink comp="194" pin=1"/></net>

<net id="919"><net_src comp="649" pin="4"/><net_sink comp="916" pin=0"/></net>

<net id="920"><net_src comp="916" pin="1"/><net_sink comp="724" pin=0"/></net>

<net id="924"><net_src comp="702" pin="2"/><net_sink comp="921" pin=0"/></net>

<net id="925"><net_src comp="921" pin="1"/><net_sink comp="216" pin=3"/></net>

<net id="929"><net_src comp="718" pin="2"/><net_sink comp="926" pin=0"/></net>

<net id="930"><net_src comp="926" pin="1"/><net_sink comp="216" pin=2"/></net>

<net id="934"><net_src comp="727" pin="2"/><net_sink comp="931" pin=0"/></net>

<net id="935"><net_src comp="931" pin="1"/><net_sink comp="216" pin=1"/></net>

<net id="936"><net_src comp="931" pin="1"/><net_sink comp="208" pin=1"/></net>

</net_list>

</model> 
---------------- Datapath Model END ------------------

* FSMD analyzer results:
  - Output states:
	Port: memQ | {3 4 5 6 7 8 9 10 }
 - Input state : 
	Port: top_Pipeline_WRITE_Q_VITIS_LOOP_206_10 : Q_DRAM | {1 }
	Port: top_Pipeline_WRITE_Q_VITIS_LOOP_206_10 : zext_ln206 | {1 }
	Port: top_Pipeline_WRITE_Q_VITIS_LOOP_206_10 : empty | {1 }
	Port: top_Pipeline_WRITE_Q_VITIS_LOOP_206_10 : zext_ln206_1 | {1 }
	Port: top_Pipeline_WRITE_Q_VITIS_LOOP_206_10 : xor_ln204 | {1 }
	Port: top_Pipeline_WRITE_Q_VITIS_LOOP_206_10 : Q_out_real | {1 2 }
	Port: top_Pipeline_WRITE_Q_VITIS_LOOP_206_10 : Q_out_real_1 | {1 2 }
	Port: top_Pipeline_WRITE_Q_VITIS_LOOP_206_10 : Q_out_real_2 | {1 2 }
	Port: top_Pipeline_WRITE_Q_VITIS_LOOP_206_10 : Q_out_real_3 | {1 2 }
	Port: top_Pipeline_WRITE_Q_VITIS_LOOP_206_10 : Q_out_imag | {1 2 }
	Port: top_Pipeline_WRITE_Q_VITIS_LOOP_206_10 : Q_out_imag_1 | {1 2 }
	Port: top_Pipeline_WRITE_Q_VITIS_LOOP_206_10 : Q_out_imag_2 | {1 2 }
	Port: top_Pipeline_WRITE_Q_VITIS_LOOP_206_10 : Q_out_imag_3 | {1 2 }
  - Chain level:
	State 1
		store_ln0 : 1
		store_ln204 : 1
		store_ln206 : 1
		first_iter_3 : 1
		indvar_flatten54_load : 1
		icmp_ln204 : 2
		add_ln204 : 2
		br_ln204 : 3
		j_load : 1
		i_load : 1
		icmp_ln206 : 2
		or_ln204 : 3
		select_ln204 : 3
		add_ln204_1 : 2
		select_ln204_1 : 3
		zext_ln204 : 4
		Q_out_real_addr : 5
		Q_out_real_1_addr : 5
		Q_out_real_2_addr : 5
		Q_out_real_3_addr : 5
		Q_out_imag_addr : 5
		Q_out_imag_1_addr : 5
		Q_out_imag_2_addr : 5
		Q_out_imag_3_addr : 5
		br_ln206 : 3
		Q_out_real_load : 6
		Q_out_real_1_load : 6
		Q_out_real_2_load : 6
		Q_out_real_3_load : 6
		Q_out_imag_load : 6
		Q_out_imag_1_load : 6
		Q_out_imag_2_load : 6
		Q_out_imag_3_load : 6
		add_ln206_2 : 4
		store_ln204 : 3
		store_ln204 : 4
		store_ln206 : 5
	State 2
		store_ln204 : 1
		store_ln204 : 1
		store_ln204 : 1
		store_ln204 : 1
		store_ln204 : 1
		store_ln204 : 1
		store_ln204 : 1
		store_ln204 : 1
		shl_ln206_8 : 1
		zext_ln206_2 : 2
		add_ln206 : 3
		trunc_ln206_2 : 4
	State 3
		or_ln206 : 1
		tmp_s : 1
		bitcast_ln206 : 2
		zext_ln206_3 : 3
		zext_ln206_4 : 1
		shl_ln206_2 : 4
		memQ_addr : 1
		empty_35 : 2
		tmp_5 : 1
		tmp_6 : 2
		zext_ln206_6 : 3
		add_ln206_1 : 4
		trunc_ln206_3 : 5
	State 4
		tmp_4 : 1
		bitcast_ln206_1 : 2
		zext_ln206_5 : 3
		zext_ln206_7 : 1
		shl_ln206_5 : 4
		memQ_addr_1 : 1
		empty_37 : 2
	State 5
	State 6
	State 7
	State 8
	State 9
	State 10


============================================================
+ Verbose Summary: Datapath Resource usage 
============================================================

* Functional unit list:
|----------|-------------------------------|---------|---------|
| Operation|        Functional Unit        |    FF   |   LUT   |
|----------|-------------------------------|---------|---------|
|          |       shl_ln206_1_fu_546      |    0    |    0    |
|          |        shl_ln206_fu_582       |    0    |    11   |
|    shl   |       shl_ln206_2_fu_598      |    0    |    96   |
|          |       shl_ln206_4_fu_702      |    0    |    11   |
|          |       shl_ln206_5_fu_718      |    0    |    96   |
|----------|-------------------------------|---------|---------|
|          |        add_ln204_fu_371       |    0    |    12   |
|          |       add_ln204_1_fu_403      |    0    |    10   |
|    add   |       add_ln206_2_fu_429      |    0    |    10   |
|          |        add_ln206_fu_506       |    0    |    71   |
|          |       add_ln206_1_fu_644      |    0    |    71   |
|----------|-------------------------------|---------|---------|
| sparsemux|          tmp_s_fu_551         |    0    |    20   |
|          |          tmp_4_fu_671         |    0    |    20   |
|----------|-------------------------------|---------|---------|
|   icmp   |       icmp_ln204_fu_365       |    0    |    12   |
|          |       icmp_ln206_fu_383       |    0    |    10   |
|----------|-------------------------------|---------|---------|
|  select  |      select_ln204_fu_395      |    0    |    3    |
|          |     select_ln204_1_fu_409     |    0    |    3    |
|----------|-------------------------------|---------|---------|
|          |        or_ln204_fu_389        |    0    |    2    |
|    or    |        or_ln206_fu_540        |    0    |    0    |
|          |       or_ln206_1_fu_614       |    0    |    0    |
|----------|-------------------------------|---------|---------|
|          |   xor_ln204_read_read_fu_164  |    0    |    0    |
|          | zext_ln206_1_read_read_fu_170 |    0    |    0    |
|   read   |        tmp_read_fu_176        |    0    |    0    |
|          |  zext_ln206_read_read_fu_182  |    0    |    0    |
|          |    Q_DRAM_read_read_fu_188    |    0    |    0    |
|----------|-------------------------------|---------|---------|
| writeresp|      grp_writeresp_fu_194     |    0    |    0    |
|          |      grp_writeresp_fu_208     |    0    |    0    |
|----------|-------------------------------|---------|---------|
|   write  |    write_ln206_write_fu_201   |    0    |    0    |
|          |    write_ln206_write_fu_216   |    0    |    0    |
|----------|-------------------------------|---------|---------|
|          |    zext_ln206_1_cast_fu_339   |    0    |    0    |
|          |     zext_ln206_cast_fu_343    |    0    |    0    |
|          |       zext_ln204_fu_417       |    0    |    0    |
|          |      zext_ln206_2_fu_502      |    0    |    0    |
|   zext   |      zext_ln206_3_fu_578      |    0    |    0    |
|          |      zext_ln206_4_fu_594      |    0    |    0    |
|          |      zext_ln206_6_fu_640      |    0    |    0    |
|          |      zext_ln206_5_fu_698      |    0    |    0    |
|          |      zext_ln206_7_fu_714      |    0    |    0    |
|----------|-------------------------------|---------|---------|
|   trunc  |       trunc_ln206_fu_490      |    0    |    0    |
|----------|-------------------------------|---------|---------|
|          |       shl_ln206_8_fu_493      |    0    |    0    |
|          |         shl_ln2_fu_533        |    0    |    0    |
|bitconcatenate|       shl_ln206_3_fu_587      |    0    |    0    |
|          |          tmp_6_fu_630         |    0    |    0    |
|          |       shl_ln206_6_fu_707      |    0    |    0    |
|----------|-------------------------------|---------|---------|
|          |      trunc_ln206_2_fu_511     |    0    |    0    |
|partselect|          tmp_5_fu_620         |    0    |    0    |
|          |      trunc_ln206_3_fu_649     |    0    |    0    |
|----------|-------------------------------|---------|---------|
|   sext   |       sext_ln206_fu_604       |    0    |    0    |
|          |      sext_ln206_1_fu_724      |    0    |    0    |
|----------|-------------------------------|---------|---------|
|   Total  |                               |    0    |   458   |
|----------|-------------------------------|---------|---------|

Memories:
N/A

* Register list:
+---------------------------+--------+
|                           |   FF   |
+---------------------------+--------+
|    Q_DRAM_read_reg_813    |   64   |
| Q_out_imag_1_addr_reg_874 |    3   |
| Q_out_imag_1_load7_reg_767|   32   |
| Q_out_imag_2_addr_reg_879 |    3   |
| Q_out_imag_2_load5_reg_761|   32   |
| Q_out_imag_3_addr_reg_884 |    3   |
| Q_out_imag_3_load3_reg_755|   32   |
|  Q_out_imag_addr_reg_869  |    3   |
|  Q_out_imag_load9_reg_773 |   32   |
| Q_out_real_1_addr_reg_854 |    3   |
|Q_out_real_1_load15_reg_791|   32   |
| Q_out_real_2_addr_reg_859 |    3   |
|Q_out_real_2_load13_reg_785|   32   |
| Q_out_real_3_addr_reg_864 |    3   |
|Q_out_real_3_load11_reg_779|   32   |
|  Q_out_real_addr_reg_849  |    3   |
| Q_out_real_load17_reg_797 |   32   |
|    first_iter_3_reg_328   |    1   |
|         i_reg_741         |    3   |
|     icmp_ln204_reg_829    |    1   |
|  indvar_flatten54_reg_748 |    5   |
|         j_reg_734         |    3   |
|    memQ_addr_1_reg_931    |   64   |
|     memQ_addr_reg_910     |   64   |
|      or_ln204_reg_833     |    1   |
|   select_ln204_1_reg_843  |    3   |
|    select_ln204_reg_837   |    3   |
|    shl_ln206_2_reg_905    |   64   |
|    shl_ln206_4_reg_921    |    8   |
|    shl_ln206_5_reg_926    |   64   |
|     shl_ln206_reg_900     |    8   |
|        tmp_reg_808        |    3   |
|   trunc_ln206_2_reg_895   |   61   |
|   trunc_ln206_3_reg_916   |   61   |
|    trunc_ln206_reg_889    |    2   |
|   xor_ln204_read_reg_803  |    3   |
| zext_ln206_1_cast_reg_819 |    8   |
|  zext_ln206_cast_reg_824  |    8   |
+---------------------------+--------+
|           Total           |   782  |
+---------------------------+--------+

* Multiplexer (MUX) list: 
|----------------------|------|------|------|--------||---------||---------|
|         Comp         |  Pin | Size |  BW  | S x BW ||  Delay  ||   LUT   |
|----------------------|------|------|------|--------||---------||---------|
| grp_writeresp_fu_194 |  p0  |   2  |   1  |    2   |
| grp_writeresp_fu_194 |  p1  |   2  |  64  |   128  ||    9    |
| grp_writeresp_fu_208 |  p0  |   2  |   1  |    2   |
| grp_writeresp_fu_208 |  p1  |   2  |  64  |   128  ||    9    |
|   grp_access_fu_280  |  p0  |   2  |   3  |    6   ||    9    |
|   grp_access_fu_286  |  p0  |   2  |   3  |    6   ||    9    |
|   grp_access_fu_292  |  p0  |   2  |   3  |    6   ||    9    |
|   grp_access_fu_298  |  p0  |   2  |   3  |    6   ||    9    |
|   grp_access_fu_304  |  p0  |   2  |   3  |    6   ||    9    |
|   grp_access_fu_310  |  p0  |   2  |   3  |    6   ||    9    |
|   grp_access_fu_316  |  p0  |   2  |   3  |    6   ||    9    |
|   grp_access_fu_322  |  p0  |   2  |   3  |    6   ||    9    |
|----------------------|------|------|------|--------||---------||---------|
|         Total        |      |      |      |   308  ||  5.124  ||    90   |
|----------------------|------|------|------|--------||---------||---------|



* Summary:
+-----------+--------+--------+--------+
|           |  Delay |   FF   |   LUT  |
+-----------+--------+--------+--------+
|  Function |    -   |    0   |   458  |
|   Memory  |    -   |    -   |    -   |
|Multiplexer|    5   |    -   |   90   |
|  Register |    -   |   782  |    -   |
+-----------+--------+--------+--------+
|   Total   |    5   |   782  |   548  |
+-----------+--------+--------+--------+
