

================================================================
== Vitis HLS Report for 'top_Pipeline_VITIS_LOOP_119_2'
================================================================
* Date:           Thu Mar  5 00:42:41 2026

* Version:        2023.2 (Build 4023990 on Oct 11 2023)
* Project:        CGR_QR_WBS
* Solution:       solution1 (Vivado IP Flow Target)
* Product family: zynquplus
* Target device:  xczu7ev-ffvc1156-2-e


================================================================
== Performance Estimates
================================================================
+ Timing: 
    * Summary: 
    +--------+----------+----------+------------+
    |  Clock |  Target  | Estimated| Uncertainty|
    +--------+----------+----------+------------+
    |ap_clk  |  10.00 ns|  8.699 ns|     1.25 ns|
    +--------+----------+----------+------------+

+ Latency: 
    * Summary: 
    +---------+---------+----------+----------+-----+-----+---------+
    |  Latency (cycles) |  Latency (absolute) |  Interval | Pipeline|
    |   min   |   max   |    min   |    max   | min | max |   Type  |
    +---------+---------+----------+----------+-----+-----+---------+
    |      188|      374|  1.880 us|  3.740 us|  188|  374|       no|
    +---------+---------+----------+----------+-----+-----+---------+

    + Detail: 
        * Instance: 
        N/A

        * Loop: 
        +--------------------+---------+---------+----------+-----------+-----------+-------+----------+
        |                    |  Latency (cycles) | Iteration|  Initiation Interval  |  Trip |          |
        |      Loop Name     |   min   |   max   |  Latency |  achieved |   target  | Count | Pipelined|
        +--------------------+---------+---------+----------+-----------+-----------+-------+----------+
        |- VITIS_LOOP_119_2  |      186|      372|        63|         62|          1|  3 ~ 6|       yes|
        +--------------------+---------+---------+----------+-----------+-----------+-------+----------+

============================================================
+ Verbose Summary: Synthesis Manager
============================================================
InlineROM: 1
ExposeGlobal: 0
============================================================
+ Verbose Summary: CDFG Model
============================================================
IsTopModel: 0
ResetActiveHigh: 1
IsCombinational: 0
IsDatapathOnly: 0
HasWiredReturn: 1
HasMFsm: 2
HasVarLatency: 1
IsPipeline: 0
IsRtlPipelined: 0
IsInstanceOverlapped: 0
IsDontTouch: 0
HasImplIP: 0
IsGatedGlobalClock: 0

+ Individual pipeline summary: 
  * Pipeline-0: initiation interval (II) = 62, depth = 64


============================================================
+ Verbose Summary: Schedule
============================================================
* Number of FSM states : 64
* Pipeline : 1
  Pipeline-0 : II = 62, D = 64, States = { 1 2 3 4 5 6 7 8 9 10 11 12 13 14 15 16 17 18 19 20 21 22 23 24 25 26 27 28 29 30 31 32 33 34 35 36 37 38 39 40 41 42 43 44 45 46 47 48 49 50 51 52 53 54 55 56 57 58 59 60 61 62 63 64 }
* Dataflow Pipeline: 0

* FSM state transitions: 
1 --> 2 
2 --> 3 
3 --> 4 
4 --> 5 
5 --> 6 
6 --> 7 
7 --> 8 
8 --> 9 
9 --> 10 
10 --> 11 
11 --> 12 
12 --> 13 
13 --> 14 
14 --> 15 
15 --> 16 
16 --> 17 
17 --> 18 
18 --> 19 
19 --> 20 
20 --> 21 
21 --> 22 
22 --> 23 
23 --> 24 
24 --> 25 
25 --> 26 
26 --> 27 
27 --> 28 
28 --> 29 
29 --> 30 
30 --> 31 
31 --> 32 
32 --> 33 
33 --> 34 
34 --> 35 
35 --> 36 
36 --> 37 
37 --> 38 
38 --> 39 
39 --> 40 
40 --> 41 
41 --> 42 
42 --> 43 
43 --> 44 
44 --> 45 
45 --> 46 
46 --> 47 
47 --> 48 
48 --> 49 
49 --> 50 
50 --> 51 
51 --> 52 
52 --> 53 
53 --> 54 
54 --> 55 
55 --> 56 
56 --> 57 
57 --> 58 
58 --> 59 
59 --> 60 
60 --> 61 
61 --> 62 
62 --> 63 
63 --> 64 
64 --> 

* FSM state operations: 

State 1 <SV = 0> <Delay = 0.42>
ST_1 : Operation 66 [1/1] (0.00ns)   --->   "%i = alloca i32 1" [top_cmplx.cpp:119]   --->   Operation 66 'alloca' 'i' <Predicate = true> <Delay = 0.00>
ST_1 : Operation 67 [1/1] (0.00ns)   --->   "%mux_case_1 = alloca i32 1"   --->   Operation 67 'alloca' 'mux_case_1' <Predicate = true> <Delay = 0.00>
ST_1 : Operation 68 [1/1] (0.00ns)   --->   "%mux_case_2 = alloca i32 1"   --->   Operation 68 'alloca' 'mux_case_2' <Predicate = true> <Delay = 0.00>
ST_1 : Operation 69 [1/1] (0.00ns)   --->   "%mux_case_3 = alloca i32 1"   --->   Operation 69 'alloca' 'mux_case_3' <Predicate = true> <Delay = 0.00>
ST_1 : Operation 70 [1/1] (0.00ns)   --->   "%mux_case_092 = alloca i32 1"   --->   Operation 70 'alloca' 'mux_case_092' <Predicate = true> <Delay = 0.00>
ST_1 : Operation 71 [1/1] (0.00ns)   --->   "%mux_case_193 = alloca i32 1"   --->   Operation 71 'alloca' 'mux_case_193' <Predicate = true> <Delay = 0.00>
ST_1 : Operation 72 [1/1] (0.00ns)   --->   "%mux_case_294 = alloca i32 1"   --->   Operation 72 'alloca' 'mux_case_294' <Predicate = true> <Delay = 0.00>
ST_1 : Operation 73 [1/1] (0.00ns)   --->   "%mux_case_395 = alloca i32 1"   --->   Operation 73 'alloca' 'mux_case_395' <Predicate = true> <Delay = 0.00>
ST_1 : Operation 74 [1/1] (0.00ns)   --->   "%mux_case_097 = alloca i32 1"   --->   Operation 74 'alloca' 'mux_case_097' <Predicate = true> <Delay = 0.00>
ST_1 : Operation 75 [1/1] (0.00ns)   --->   "%mux_case_198 = alloca i32 1"   --->   Operation 75 'alloca' 'mux_case_198' <Predicate = true> <Delay = 0.00>
ST_1 : Operation 76 [1/1] (0.00ns)   --->   "%mux_case_299 = alloca i32 1"   --->   Operation 76 'alloca' 'mux_case_299' <Predicate = true> <Delay = 0.00>
ST_1 : Operation 77 [1/1] (0.00ns)   --->   "%mux_case_3100 = alloca i32 1"   --->   Operation 77 'alloca' 'mux_case_3100' <Predicate = true> <Delay = 0.00>
ST_1 : Operation 78 [1/1] (0.00ns)   --->   "%mux_case_0102 = alloca i32 1"   --->   Operation 78 'alloca' 'mux_case_0102' <Predicate = true> <Delay = 0.00>
ST_1 : Operation 79 [1/1] (0.00ns)   --->   "%mux_case_1103 = alloca i32 1"   --->   Operation 79 'alloca' 'mux_case_1103' <Predicate = true> <Delay = 0.00>
ST_1 : Operation 80 [1/1] (0.00ns)   --->   "%mux_case_2104 = alloca i32 1"   --->   Operation 80 'alloca' 'mux_case_2104' <Predicate = true> <Delay = 0.00>
ST_1 : Operation 81 [1/1] (0.00ns)   --->   "%mux_case_3105 = alloca i32 1"   --->   Operation 81 'alloca' 'mux_case_3105' <Predicate = true> <Delay = 0.00>
ST_1 : Operation 82 [1/1] (0.00ns)   --->   "%mux_case_0107 = alloca i32 1"   --->   Operation 82 'alloca' 'mux_case_0107' <Predicate = true> <Delay = 0.00>
ST_1 : Operation 83 [1/1] (0.00ns)   --->   "%mux_case_1108 = alloca i32 1"   --->   Operation 83 'alloca' 'mux_case_1108' <Predicate = true> <Delay = 0.00>
ST_1 : Operation 84 [1/1] (0.00ns)   --->   "%mux_case_2109 = alloca i32 1"   --->   Operation 84 'alloca' 'mux_case_2109' <Predicate = true> <Delay = 0.00>
ST_1 : Operation 85 [1/1] (0.00ns)   --->   "%mux_case_3110 = alloca i32 1"   --->   Operation 85 'alloca' 'mux_case_3110' <Predicate = true> <Delay = 0.00>
ST_1 : Operation 86 [1/1] (0.00ns)   --->   "%mux_case_0111 = alloca i32 1"   --->   Operation 86 'alloca' 'mux_case_0111' <Predicate = true> <Delay = 0.00>
ST_1 : Operation 87 [1/1] (0.00ns)   --->   "%mux_case_1112 = alloca i32 1"   --->   Operation 87 'alloca' 'mux_case_1112' <Predicate = true> <Delay = 0.00>
ST_1 : Operation 88 [1/1] (0.00ns)   --->   "%mux_case_2113 = alloca i32 1"   --->   Operation 88 'alloca' 'mux_case_2113' <Predicate = true> <Delay = 0.00>
ST_1 : Operation 89 [1/1] (0.00ns)   --->   "%mux_case_3114 = alloca i32 1"   --->   Operation 89 'alloca' 'mux_case_3114' <Predicate = true> <Delay = 0.00>
ST_1 : Operation 90 [1/1] (0.00ns)   --->   "%mux_case_1116 = alloca i32 1"   --->   Operation 90 'alloca' 'mux_case_1116' <Predicate = true> <Delay = 0.00>
ST_1 : Operation 91 [1/1] (0.00ns)   --->   "%mux_case_2117 = alloca i32 1"   --->   Operation 91 'alloca' 'mux_case_2117' <Predicate = true> <Delay = 0.00>
ST_1 : Operation 92 [1/1] (0.00ns)   --->   "%mux_case_3118 = alloca i32 1"   --->   Operation 92 'alloca' 'mux_case_3118' <Predicate = true> <Delay = 0.00>
ST_1 : Operation 93 [1/1] (0.00ns)   --->   "%mux_case_0120 = alloca i32 1"   --->   Operation 93 'alloca' 'mux_case_0120' <Predicate = true> <Delay = 0.00>
ST_1 : Operation 94 [1/1] (0.00ns)   --->   "%mux_case_1121 = alloca i32 1"   --->   Operation 94 'alloca' 'mux_case_1121' <Predicate = true> <Delay = 0.00>
ST_1 : Operation 95 [1/1] (0.00ns)   --->   "%mux_case_2122 = alloca i32 1"   --->   Operation 95 'alloca' 'mux_case_2122' <Predicate = true> <Delay = 0.00>
ST_1 : Operation 96 [1/1] (0.00ns)   --->   "%mux_case_3123 = alloca i32 1"   --->   Operation 96 'alloca' 'mux_case_3123' <Predicate = true> <Delay = 0.00>
ST_1 : Operation 97 [1/1] (0.00ns)   --->   "%mux_case_0125 = alloca i32 1"   --->   Operation 97 'alloca' 'mux_case_0125' <Predicate = true> <Delay = 0.00>
ST_1 : Operation 98 [1/1] (0.00ns)   --->   "%mux_case_1126 = alloca i32 1"   --->   Operation 98 'alloca' 'mux_case_1126' <Predicate = true> <Delay = 0.00>
ST_1 : Operation 99 [1/1] (0.00ns)   --->   "%mux_case_2127 = alloca i32 1"   --->   Operation 99 'alloca' 'mux_case_2127' <Predicate = true> <Delay = 0.00>
ST_1 : Operation 100 [1/1] (0.00ns)   --->   "%mux_case_3128 = alloca i32 1"   --->   Operation 100 'alloca' 'mux_case_3128' <Predicate = true> <Delay = 0.00>
ST_1 : Operation 101 [1/1] (0.00ns)   --->   "%mux_case_0130 = alloca i32 1"   --->   Operation 101 'alloca' 'mux_case_0130' <Predicate = true> <Delay = 0.00>
ST_1 : Operation 102 [1/1] (0.00ns)   --->   "%mux_case_1131 = alloca i32 1"   --->   Operation 102 'alloca' 'mux_case_1131' <Predicate = true> <Delay = 0.00>
ST_1 : Operation 103 [1/1] (0.00ns)   --->   "%mux_case_2132 = alloca i32 1"   --->   Operation 103 'alloca' 'mux_case_2132' <Predicate = true> <Delay = 0.00>
ST_1 : Operation 104 [1/1] (0.00ns)   --->   "%mux_case_3133 = alloca i32 1"   --->   Operation 104 'alloca' 'mux_case_3133' <Predicate = true> <Delay = 0.00>
ST_1 : Operation 105 [1/1] (0.00ns)   --->   "%mux_case_0135 = alloca i32 1"   --->   Operation 105 'alloca' 'mux_case_0135' <Predicate = true> <Delay = 0.00>
ST_1 : Operation 106 [1/1] (0.00ns)   --->   "%mux_case_1136 = alloca i32 1"   --->   Operation 106 'alloca' 'mux_case_1136' <Predicate = true> <Delay = 0.00>
ST_1 : Operation 107 [1/1] (0.00ns)   --->   "%mux_case_2137 = alloca i32 1"   --->   Operation 107 'alloca' 'mux_case_2137' <Predicate = true> <Delay = 0.00>
ST_1 : Operation 108 [1/1] (0.00ns)   --->   "%mux_case_3138 = alloca i32 1"   --->   Operation 108 'alloca' 'mux_case_3138' <Predicate = true> <Delay = 0.00>
ST_1 : Operation 109 [1/1] (0.00ns)   --->   "%mux_case_0140 = alloca i32 1"   --->   Operation 109 'alloca' 'mux_case_0140' <Predicate = true> <Delay = 0.00>
ST_1 : Operation 110 [1/1] (0.00ns)   --->   "%mux_case_1141 = alloca i32 1"   --->   Operation 110 'alloca' 'mux_case_1141' <Predicate = true> <Delay = 0.00>
ST_1 : Operation 111 [1/1] (0.00ns)   --->   "%mux_case_2142 = alloca i32 1"   --->   Operation 111 'alloca' 'mux_case_2142' <Predicate = true> <Delay = 0.00>
ST_1 : Operation 112 [1/1] (0.00ns)   --->   "%mux_case_3143 = alloca i32 1"   --->   Operation 112 'alloca' 'mux_case_3143' <Predicate = true> <Delay = 0.00>
ST_1 : Operation 113 [1/1] (0.00ns)   --->   "%mux_case_0170 = alloca i32 1"   --->   Operation 113 'alloca' 'mux_case_0170' <Predicate = true> <Delay = 0.00>
ST_1 : Operation 114 [1/1] (0.00ns)   --->   "%mux_case_1171 = alloca i32 1"   --->   Operation 114 'alloca' 'mux_case_1171' <Predicate = true> <Delay = 0.00>
ST_1 : Operation 115 [1/1] (0.00ns)   --->   "%mux_case_2172 = alloca i32 1"   --->   Operation 115 'alloca' 'mux_case_2172' <Predicate = true> <Delay = 0.00>
ST_1 : Operation 116 [1/1] (0.00ns)   --->   "%mux_case_3173 = alloca i32 1"   --->   Operation 116 'alloca' 'mux_case_3173' <Predicate = true> <Delay = 0.00>
ST_1 : Operation 117 [1/1] (0.00ns)   --->   "%mux_case_0199 = alloca i32 1"   --->   Operation 117 'alloca' 'mux_case_0199' <Predicate = true> <Delay = 0.00>
ST_1 : Operation 118 [1/1] (0.00ns)   --->   "%mux_case_1200 = alloca i32 1"   --->   Operation 118 'alloca' 'mux_case_1200' <Predicate = true> <Delay = 0.00>
ST_1 : Operation 119 [1/1] (0.00ns)   --->   "%mux_case_2201 = alloca i32 1"   --->   Operation 119 'alloca' 'mux_case_2201' <Predicate = true> <Delay = 0.00>
ST_1 : Operation 120 [1/1] (0.00ns)   --->   "%mux_case_3202 = alloca i32 1"   --->   Operation 120 'alloca' 'mux_case_3202' <Predicate = true> <Delay = 0.00>
ST_1 : Operation 121 [1/1] (0.00ns)   --->   "%tmp_13 = read i1 @_ssdm_op_Read.ap_auto.i1, i1 %empty"   --->   Operation 121 'read' 'tmp_13' <Predicate = true> <Delay = 0.00>
ST_1 : Operation 122 [1/1] (0.00ns)   --->   "%tmp_14 = read i2 @_ssdm_op_Read.ap_auto.i2, i2 %empty_19"   --->   Operation 122 'read' 'tmp_14' <Predicate = true> <Delay = 0.00>
ST_1 : Operation 123 [1/1] (0.00ns)   --->   "%tmp_15 = read i1 @_ssdm_op_Read.ap_auto.i1, i1 %empty_18"   --->   Operation 123 'read' 'tmp_15' <Predicate = true> <Delay = 0.00>
ST_1 : Operation 124 [1/1] (0.00ns)   --->   "%tmp_16 = read i2 @_ssdm_op_Read.ap_auto.i2, i2 %empty_17"   --->   Operation 124 'read' 'tmp_16' <Predicate = true> <Delay = 0.00>
ST_1 : Operation 125 [1/1] (0.00ns)   --->   "%icmp_ln41_read = read i1 @_ssdm_op_Read.ap_auto.i1, i1 %icmp_ln41"   --->   Operation 125 'read' 'icmp_ln41_read' <Predicate = true> <Delay = 0.00>
ST_1 : Operation 126 [1/1] (0.00ns)   --->   "%tmp_17 = read i1 @_ssdm_op_Read.ap_auto.i1, i1 %empty_16"   --->   Operation 126 'read' 'tmp_17' <Predicate = true> <Delay = 0.00>
ST_1 : Operation 127 [1/1] (0.00ns)   --->   "%tmp_18 = read i2 @_ssdm_op_Read.ap_auto.i2, i2 %empty_15"   --->   Operation 127 'read' 'tmp_18' <Predicate = true> <Delay = 0.00>
ST_1 : Operation 128 [1/1] (0.00ns)   --->   "%k_read = read i2 @_ssdm_op_Read.ap_auto.i2, i2 %k"   --->   Operation 128 'read' 'k_read' <Predicate = true> <Delay = 0.00>
ST_1 : Operation 129 [1/1] (0.00ns)   --->   "%mux_case_12838_read = read i32 @_ssdm_op_Read.ap_auto.float, i32 %mux_case_12838"   --->   Operation 129 'read' 'mux_case_12838_read' <Predicate = true> <Delay = 0.00>
ST_1 : Operation 130 [1/1] (0.00ns)   --->   "%mux_case_22849_read = read i32 @_ssdm_op_Read.ap_auto.float, i32 %mux_case_22849"   --->   Operation 130 'read' 'mux_case_22849_read' <Predicate = true> <Delay = 0.00>
ST_1 : Operation 131 [1/1] (0.00ns)   --->   "%mux_case_32860_read = read i32 @_ssdm_op_Read.ap_auto.float, i32 %mux_case_32860"   --->   Operation 131 'read' 'mux_case_32860_read' <Predicate = true> <Delay = 0.00>
ST_1 : Operation 132 [1/1] (0.00ns)   --->   "%mux_case_0922873_read = read i32 @_ssdm_op_Read.ap_auto.float, i32 %mux_case_0922873"   --->   Operation 132 'read' 'mux_case_0922873_read' <Predicate = true> <Delay = 0.00>
ST_1 : Operation 133 [1/1] (0.00ns)   --->   "%mux_case_1932886_read = read i32 @_ssdm_op_Read.ap_auto.float, i32 %mux_case_1932886"   --->   Operation 133 'read' 'mux_case_1932886_read' <Predicate = true> <Delay = 0.00>
ST_1 : Operation 134 [1/1] (0.00ns)   --->   "%mux_case_2942899_read = read i32 @_ssdm_op_Read.ap_auto.float, i32 %mux_case_2942899"   --->   Operation 134 'read' 'mux_case_2942899_read' <Predicate = true> <Delay = 0.00>
ST_1 : Operation 135 [1/1] (0.00ns)   --->   "%mux_case_3952912_read = read i32 @_ssdm_op_Read.ap_auto.float, i32 %mux_case_3952912"   --->   Operation 135 'read' 'mux_case_3952912_read' <Predicate = true> <Delay = 0.00>
ST_1 : Operation 136 [1/1] (0.00ns)   --->   "%mux_case_0972925_read = read i32 @_ssdm_op_Read.ap_auto.float, i32 %mux_case_0972925"   --->   Operation 136 'read' 'mux_case_0972925_read' <Predicate = true> <Delay = 0.00>
ST_1 : Operation 137 [1/1] (0.00ns)   --->   "%mux_case_1982938_read = read i32 @_ssdm_op_Read.ap_auto.float, i32 %mux_case_1982938"   --->   Operation 137 'read' 'mux_case_1982938_read' <Predicate = true> <Delay = 0.00>
ST_1 : Operation 138 [1/1] (0.00ns)   --->   "%mux_case_2992951_read = read i32 @_ssdm_op_Read.ap_auto.float, i32 %mux_case_2992951"   --->   Operation 138 'read' 'mux_case_2992951_read' <Predicate = true> <Delay = 0.00>
ST_1 : Operation 139 [1/1] (0.00ns)   --->   "%mux_case_31002964_read = read i32 @_ssdm_op_Read.ap_auto.float, i32 %mux_case_31002964"   --->   Operation 139 'read' 'mux_case_31002964_read' <Predicate = true> <Delay = 0.00>
ST_1 : Operation 140 [1/1] (0.00ns)   --->   "%mux_case_01022977_read = read i32 @_ssdm_op_Read.ap_auto.float, i32 %mux_case_01022977"   --->   Operation 140 'read' 'mux_case_01022977_read' <Predicate = true> <Delay = 0.00>
ST_1 : Operation 141 [1/1] (0.00ns)   --->   "%mux_case_11032990_read = read i32 @_ssdm_op_Read.ap_auto.float, i32 %mux_case_11032990"   --->   Operation 141 'read' 'mux_case_11032990_read' <Predicate = true> <Delay = 0.00>
ST_1 : Operation 142 [1/1] (0.00ns)   --->   "%mux_case_21043003_read = read i32 @_ssdm_op_Read.ap_auto.float, i32 %mux_case_21043003"   --->   Operation 142 'read' 'mux_case_21043003_read' <Predicate = true> <Delay = 0.00>
ST_1 : Operation 143 [1/1] (0.00ns)   --->   "%mux_case_31053016_read = read i32 @_ssdm_op_Read.ap_auto.float, i32 %mux_case_31053016"   --->   Operation 143 'read' 'mux_case_31053016_read' <Predicate = true> <Delay = 0.00>
ST_1 : Operation 144 [1/1] (0.00ns)   --->   "%mux_case_01073029_read = read i32 @_ssdm_op_Read.ap_auto.float, i32 %mux_case_01073029"   --->   Operation 144 'read' 'mux_case_01073029_read' <Predicate = true> <Delay = 0.00>
ST_1 : Operation 145 [1/1] (0.00ns)   --->   "%mux_case_11083042_read = read i32 @_ssdm_op_Read.ap_auto.float, i32 %mux_case_11083042"   --->   Operation 145 'read' 'mux_case_11083042_read' <Predicate = true> <Delay = 0.00>
ST_1 : Operation 146 [1/1] (0.00ns)   --->   "%mux_case_21093055_read = read i32 @_ssdm_op_Read.ap_auto.float, i32 %mux_case_21093055"   --->   Operation 146 'read' 'mux_case_21093055_read' <Predicate = true> <Delay = 0.00>
ST_1 : Operation 147 [1/1] (0.00ns)   --->   "%mux_case_31103068_read = read i32 @_ssdm_op_Read.ap_auto.float, i32 %mux_case_31103068"   --->   Operation 147 'read' 'mux_case_31103068_read' <Predicate = true> <Delay = 0.00>
ST_1 : Operation 148 [1/1] (0.00ns)   --->   "%mux_case_01113081_read = read i32 @_ssdm_op_Read.ap_auto.float, i32 %mux_case_01113081"   --->   Operation 148 'read' 'mux_case_01113081_read' <Predicate = true> <Delay = 0.00>
ST_1 : Operation 149 [1/1] (0.00ns)   --->   "%mux_case_11123094_read = read i32 @_ssdm_op_Read.ap_auto.float, i32 %mux_case_11123094"   --->   Operation 149 'read' 'mux_case_11123094_read' <Predicate = true> <Delay = 0.00>
ST_1 : Operation 150 [1/1] (0.00ns)   --->   "%mux_case_21133107_read = read i32 @_ssdm_op_Read.ap_auto.float, i32 %mux_case_21133107"   --->   Operation 150 'read' 'mux_case_21133107_read' <Predicate = true> <Delay = 0.00>
ST_1 : Operation 151 [1/1] (0.00ns)   --->   "%mux_case_31143120_read = read i32 @_ssdm_op_Read.ap_auto.float, i32 %mux_case_31143120"   --->   Operation 151 'read' 'mux_case_31143120_read' <Predicate = true> <Delay = 0.00>
ST_1 : Operation 152 [1/1] (0.00ns)   --->   "%mux_case_11163142_read = read i32 @_ssdm_op_Read.ap_auto.float, i32 %mux_case_11163142"   --->   Operation 152 'read' 'mux_case_11163142_read' <Predicate = true> <Delay = 0.00>
ST_1 : Operation 153 [1/1] (0.00ns)   --->   "%mux_case_21173153_read = read i32 @_ssdm_op_Read.ap_auto.float, i32 %mux_case_21173153"   --->   Operation 153 'read' 'mux_case_21173153_read' <Predicate = true> <Delay = 0.00>
ST_1 : Operation 154 [1/1] (0.00ns)   --->   "%mux_case_31183164_read = read i32 @_ssdm_op_Read.ap_auto.float, i32 %mux_case_31183164"   --->   Operation 154 'read' 'mux_case_31183164_read' <Predicate = true> <Delay = 0.00>
ST_1 : Operation 155 [1/1] (0.00ns)   --->   "%mux_case_01203177_read = read i32 @_ssdm_op_Read.ap_auto.float, i32 %mux_case_01203177"   --->   Operation 155 'read' 'mux_case_01203177_read' <Predicate = true> <Delay = 0.00>
ST_1 : Operation 156 [1/1] (0.00ns)   --->   "%mux_case_11213190_read = read i32 @_ssdm_op_Read.ap_auto.float, i32 %mux_case_11213190"   --->   Operation 156 'read' 'mux_case_11213190_read' <Predicate = true> <Delay = 0.00>
ST_1 : Operation 157 [1/1] (0.00ns)   --->   "%mux_case_21223203_read = read i32 @_ssdm_op_Read.ap_auto.float, i32 %mux_case_21223203"   --->   Operation 157 'read' 'mux_case_21223203_read' <Predicate = true> <Delay = 0.00>
ST_1 : Operation 158 [1/1] (0.00ns)   --->   "%mux_case_31233216_read = read i32 @_ssdm_op_Read.ap_auto.float, i32 %mux_case_31233216"   --->   Operation 158 'read' 'mux_case_31233216_read' <Predicate = true> <Delay = 0.00>
ST_1 : Operation 159 [1/1] (0.00ns)   --->   "%mux_case_01253229_read = read i32 @_ssdm_op_Read.ap_auto.float, i32 %mux_case_01253229"   --->   Operation 159 'read' 'mux_case_01253229_read' <Predicate = true> <Delay = 0.00>
ST_1 : Operation 160 [1/1] (0.00ns)   --->   "%mux_case_11263242_read = read i32 @_ssdm_op_Read.ap_auto.float, i32 %mux_case_11263242"   --->   Operation 160 'read' 'mux_case_11263242_read' <Predicate = true> <Delay = 0.00>
ST_1 : Operation 161 [1/1] (0.00ns)   --->   "%mux_case_21273255_read = read i32 @_ssdm_op_Read.ap_auto.float, i32 %mux_case_21273255"   --->   Operation 161 'read' 'mux_case_21273255_read' <Predicate = true> <Delay = 0.00>
ST_1 : Operation 162 [1/1] (0.00ns)   --->   "%mux_case_31283268_read = read i32 @_ssdm_op_Read.ap_auto.float, i32 %mux_case_31283268"   --->   Operation 162 'read' 'mux_case_31283268_read' <Predicate = true> <Delay = 0.00>
ST_1 : Operation 163 [1/1] (0.00ns)   --->   "%mux_case_01303281_read = read i32 @_ssdm_op_Read.ap_auto.float, i32 %mux_case_01303281"   --->   Operation 163 'read' 'mux_case_01303281_read' <Predicate = true> <Delay = 0.00>
ST_1 : Operation 164 [1/1] (0.00ns)   --->   "%mux_case_11313294_read = read i32 @_ssdm_op_Read.ap_auto.float, i32 %mux_case_11313294"   --->   Operation 164 'read' 'mux_case_11313294_read' <Predicate = true> <Delay = 0.00>
ST_1 : Operation 165 [1/1] (0.00ns)   --->   "%mux_case_21323307_read = read i32 @_ssdm_op_Read.ap_auto.float, i32 %mux_case_21323307"   --->   Operation 165 'read' 'mux_case_21323307_read' <Predicate = true> <Delay = 0.00>
ST_1 : Operation 166 [1/1] (0.00ns)   --->   "%mux_case_31333320_read = read i32 @_ssdm_op_Read.ap_auto.float, i32 %mux_case_31333320"   --->   Operation 166 'read' 'mux_case_31333320_read' <Predicate = true> <Delay = 0.00>
ST_1 : Operation 167 [1/1] (0.00ns)   --->   "%mux_case_01353333_read = read i32 @_ssdm_op_Read.ap_auto.float, i32 %mux_case_01353333"   --->   Operation 167 'read' 'mux_case_01353333_read' <Predicate = true> <Delay = 0.00>
ST_1 : Operation 168 [1/1] (0.00ns)   --->   "%mux_case_11363346_read = read i32 @_ssdm_op_Read.ap_auto.float, i32 %mux_case_11363346"   --->   Operation 168 'read' 'mux_case_11363346_read' <Predicate = true> <Delay = 0.00>
ST_1 : Operation 169 [1/1] (0.00ns)   --->   "%mux_case_21373359_read = read i32 @_ssdm_op_Read.ap_auto.float, i32 %mux_case_21373359"   --->   Operation 169 'read' 'mux_case_21373359_read' <Predicate = true> <Delay = 0.00>
ST_1 : Operation 170 [1/1] (0.00ns)   --->   "%mux_case_31383372_read = read i32 @_ssdm_op_Read.ap_auto.float, i32 %mux_case_31383372"   --->   Operation 170 'read' 'mux_case_31383372_read' <Predicate = true> <Delay = 0.00>
ST_1 : Operation 171 [1/1] (0.00ns)   --->   "%mux_case_01403385_read = read i32 @_ssdm_op_Read.ap_auto.float, i32 %mux_case_01403385"   --->   Operation 171 'read' 'mux_case_01403385_read' <Predicate = true> <Delay = 0.00>
ST_1 : Operation 172 [1/1] (0.00ns)   --->   "%mux_case_11413398_read = read i32 @_ssdm_op_Read.ap_auto.float, i32 %mux_case_11413398"   --->   Operation 172 'read' 'mux_case_11413398_read' <Predicate = true> <Delay = 0.00>
ST_1 : Operation 173 [1/1] (0.00ns)   --->   "%mux_case_21423411_read = read i32 @_ssdm_op_Read.ap_auto.float, i32 %mux_case_21423411"   --->   Operation 173 'read' 'mux_case_21423411_read' <Predicate = true> <Delay = 0.00>
ST_1 : Operation 174 [1/1] (0.00ns)   --->   "%mux_case_31433424_read = read i32 @_ssdm_op_Read.ap_auto.float, i32 %mux_case_31433424"   --->   Operation 174 'read' 'mux_case_31433424_read' <Predicate = true> <Delay = 0.00>
ST_1 : Operation 175 [1/1] (0.00ns)   --->   "%mux_case_01703435_read = read i32 @_ssdm_op_Read.ap_auto.float, i32 %mux_case_01703435"   --->   Operation 175 'read' 'mux_case_01703435_read' <Predicate = true> <Delay = 0.00>
ST_1 : Operation 176 [1/1] (0.00ns)   --->   "%mux_case_11713446_read = read i32 @_ssdm_op_Read.ap_auto.float, i32 %mux_case_11713446"   --->   Operation 176 'read' 'mux_case_11713446_read' <Predicate = true> <Delay = 0.00>
ST_1 : Operation 177 [1/1] (0.00ns)   --->   "%mux_case_21723457_read = read i32 @_ssdm_op_Read.ap_auto.float, i32 %mux_case_21723457"   --->   Operation 177 'read' 'mux_case_21723457_read' <Predicate = true> <Delay = 0.00>
ST_1 : Operation 178 [1/1] (0.00ns)   --->   "%mux_case_31733468_read = read i32 @_ssdm_op_Read.ap_auto.float, i32 %mux_case_31733468"   --->   Operation 178 'read' 'mux_case_31733468_read' <Predicate = true> <Delay = 0.00>
ST_1 : Operation 179 [1/1] (0.00ns)   --->   "%mux_case_01993479_read = read i32 @_ssdm_op_Read.ap_auto.float, i32 %mux_case_01993479"   --->   Operation 179 'read' 'mux_case_01993479_read' <Predicate = true> <Delay = 0.00>
ST_1 : Operation 180 [1/1] (0.00ns)   --->   "%mux_case_12003490_read = read i32 @_ssdm_op_Read.ap_auto.float, i32 %mux_case_12003490"   --->   Operation 180 'read' 'mux_case_12003490_read' <Predicate = true> <Delay = 0.00>
ST_1 : Operation 181 [1/1] (0.00ns)   --->   "%mux_case_22013501_read = read i32 @_ssdm_op_Read.ap_auto.float, i32 %mux_case_22013501"   --->   Operation 181 'read' 'mux_case_22013501_read' <Predicate = true> <Delay = 0.00>
ST_1 : Operation 182 [1/1] (0.00ns)   --->   "%mux_case_32023512_read = read i32 @_ssdm_op_Read.ap_auto.float, i32 %mux_case_32023512"   --->   Operation 182 'read' 'mux_case_32023512_read' <Predicate = true> <Delay = 0.00>
ST_1 : Operation 183 [1/1] (0.00ns)   --->   "%k_cast = zext i2 %k_read"   --->   Operation 183 'zext' 'k_cast' <Predicate = true> <Delay = 0.00>
ST_1 : Operation 184 [1/1] (0.42ns)   --->   "%store_ln0 = store i32 %mux_case_32023512_read, i32 %mux_case_3202"   --->   Operation 184 'store' 'store_ln0' <Predicate = true> <Delay = 0.42>
ST_1 : Operation 185 [1/1] (0.42ns)   --->   "%store_ln0 = store i32 %mux_case_22013501_read, i32 %mux_case_2201"   --->   Operation 185 'store' 'store_ln0' <Predicate = true> <Delay = 0.42>
ST_1 : Operation 186 [1/1] (0.42ns)   --->   "%store_ln0 = store i32 %mux_case_12003490_read, i32 %mux_case_1200"   --->   Operation 186 'store' 'store_ln0' <Predicate = true> <Delay = 0.42>
ST_1 : Operation 187 [1/1] (0.42ns)   --->   "%store_ln0 = store i32 %mux_case_01993479_read, i32 %mux_case_0199"   --->   Operation 187 'store' 'store_ln0' <Predicate = true> <Delay = 0.42>
ST_1 : Operation 188 [1/1] (0.42ns)   --->   "%store_ln0 = store i32 %mux_case_31733468_read, i32 %mux_case_3173"   --->   Operation 188 'store' 'store_ln0' <Predicate = true> <Delay = 0.42>
ST_1 : Operation 189 [1/1] (0.42ns)   --->   "%store_ln0 = store i32 %mux_case_21723457_read, i32 %mux_case_2172"   --->   Operation 189 'store' 'store_ln0' <Predicate = true> <Delay = 0.42>
ST_1 : Operation 190 [1/1] (0.42ns)   --->   "%store_ln0 = store i32 %mux_case_11713446_read, i32 %mux_case_1171"   --->   Operation 190 'store' 'store_ln0' <Predicate = true> <Delay = 0.42>
ST_1 : Operation 191 [1/1] (0.42ns)   --->   "%store_ln0 = store i32 %mux_case_01703435_read, i32 %mux_case_0170"   --->   Operation 191 'store' 'store_ln0' <Predicate = true> <Delay = 0.42>
ST_1 : Operation 192 [1/1] (0.42ns)   --->   "%store_ln0 = store i32 %mux_case_31433424_read, i32 %mux_case_3143"   --->   Operation 192 'store' 'store_ln0' <Predicate = true> <Delay = 0.42>
ST_1 : Operation 193 [1/1] (0.42ns)   --->   "%store_ln0 = store i32 %mux_case_21423411_read, i32 %mux_case_2142"   --->   Operation 193 'store' 'store_ln0' <Predicate = true> <Delay = 0.42>
ST_1 : Operation 194 [1/1] (0.42ns)   --->   "%store_ln0 = store i32 %mux_case_11413398_read, i32 %mux_case_1141"   --->   Operation 194 'store' 'store_ln0' <Predicate = true> <Delay = 0.42>
ST_1 : Operation 195 [1/1] (0.42ns)   --->   "%store_ln0 = store i32 %mux_case_01403385_read, i32 %mux_case_0140"   --->   Operation 195 'store' 'store_ln0' <Predicate = true> <Delay = 0.42>
ST_1 : Operation 196 [1/1] (0.42ns)   --->   "%store_ln0 = store i32 %mux_case_31383372_read, i32 %mux_case_3138"   --->   Operation 196 'store' 'store_ln0' <Predicate = true> <Delay = 0.42>
ST_1 : Operation 197 [1/1] (0.42ns)   --->   "%store_ln0 = store i32 %mux_case_21373359_read, i32 %mux_case_2137"   --->   Operation 197 'store' 'store_ln0' <Predicate = true> <Delay = 0.42>
ST_1 : Operation 198 [1/1] (0.42ns)   --->   "%store_ln0 = store i32 %mux_case_11363346_read, i32 %mux_case_1136"   --->   Operation 198 'store' 'store_ln0' <Predicate = true> <Delay = 0.42>
ST_1 : Operation 199 [1/1] (0.42ns)   --->   "%store_ln0 = store i32 %mux_case_01353333_read, i32 %mux_case_0135"   --->   Operation 199 'store' 'store_ln0' <Predicate = true> <Delay = 0.42>
ST_1 : Operation 200 [1/1] (0.42ns)   --->   "%store_ln0 = store i32 %mux_case_31333320_read, i32 %mux_case_3133"   --->   Operation 200 'store' 'store_ln0' <Predicate = true> <Delay = 0.42>
ST_1 : Operation 201 [1/1] (0.42ns)   --->   "%store_ln0 = store i32 %mux_case_21323307_read, i32 %mux_case_2132"   --->   Operation 201 'store' 'store_ln0' <Predicate = true> <Delay = 0.42>
ST_1 : Operation 202 [1/1] (0.42ns)   --->   "%store_ln0 = store i32 %mux_case_11313294_read, i32 %mux_case_1131"   --->   Operation 202 'store' 'store_ln0' <Predicate = true> <Delay = 0.42>
ST_1 : Operation 203 [1/1] (0.42ns)   --->   "%store_ln0 = store i32 %mux_case_01303281_read, i32 %mux_case_0130"   --->   Operation 203 'store' 'store_ln0' <Predicate = true> <Delay = 0.42>
ST_1 : Operation 204 [1/1] (0.42ns)   --->   "%store_ln0 = store i32 %mux_case_31283268_read, i32 %mux_case_3128"   --->   Operation 204 'store' 'store_ln0' <Predicate = true> <Delay = 0.42>
ST_1 : Operation 205 [1/1] (0.42ns)   --->   "%store_ln0 = store i32 %mux_case_21273255_read, i32 %mux_case_2127"   --->   Operation 205 'store' 'store_ln0' <Predicate = true> <Delay = 0.42>
ST_1 : Operation 206 [1/1] (0.42ns)   --->   "%store_ln0 = store i32 %mux_case_11263242_read, i32 %mux_case_1126"   --->   Operation 206 'store' 'store_ln0' <Predicate = true> <Delay = 0.42>
ST_1 : Operation 207 [1/1] (0.42ns)   --->   "%store_ln0 = store i32 %mux_case_01253229_read, i32 %mux_case_0125"   --->   Operation 207 'store' 'store_ln0' <Predicate = true> <Delay = 0.42>
ST_1 : Operation 208 [1/1] (0.42ns)   --->   "%store_ln0 = store i32 %mux_case_31233216_read, i32 %mux_case_3123"   --->   Operation 208 'store' 'store_ln0' <Predicate = true> <Delay = 0.42>
ST_1 : Operation 209 [1/1] (0.42ns)   --->   "%store_ln0 = store i32 %mux_case_21223203_read, i32 %mux_case_2122"   --->   Operation 209 'store' 'store_ln0' <Predicate = true> <Delay = 0.42>
ST_1 : Operation 210 [1/1] (0.42ns)   --->   "%store_ln0 = store i32 %mux_case_11213190_read, i32 %mux_case_1121"   --->   Operation 210 'store' 'store_ln0' <Predicate = true> <Delay = 0.42>
ST_1 : Operation 211 [1/1] (0.42ns)   --->   "%store_ln0 = store i32 %mux_case_01203177_read, i32 %mux_case_0120"   --->   Operation 211 'store' 'store_ln0' <Predicate = true> <Delay = 0.42>
ST_1 : Operation 212 [1/1] (0.42ns)   --->   "%store_ln0 = store i32 %mux_case_31183164_read, i32 %mux_case_3118"   --->   Operation 212 'store' 'store_ln0' <Predicate = true> <Delay = 0.42>
ST_1 : Operation 213 [1/1] (0.42ns)   --->   "%store_ln0 = store i32 %mux_case_21173153_read, i32 %mux_case_2117"   --->   Operation 213 'store' 'store_ln0' <Predicate = true> <Delay = 0.42>
ST_1 : Operation 214 [1/1] (0.42ns)   --->   "%store_ln0 = store i32 %mux_case_11163142_read, i32 %mux_case_1116"   --->   Operation 214 'store' 'store_ln0' <Predicate = true> <Delay = 0.42>
ST_1 : Operation 215 [1/1] (0.42ns)   --->   "%store_ln0 = store i32 %mux_case_31143120_read, i32 %mux_case_3114"   --->   Operation 215 'store' 'store_ln0' <Predicate = true> <Delay = 0.42>
ST_1 : Operation 216 [1/1] (0.42ns)   --->   "%store_ln0 = store i32 %mux_case_21133107_read, i32 %mux_case_2113"   --->   Operation 216 'store' 'store_ln0' <Predicate = true> <Delay = 0.42>
ST_1 : Operation 217 [1/1] (0.42ns)   --->   "%store_ln0 = store i32 %mux_case_11123094_read, i32 %mux_case_1112"   --->   Operation 217 'store' 'store_ln0' <Predicate = true> <Delay = 0.42>
ST_1 : Operation 218 [1/1] (0.42ns)   --->   "%store_ln0 = store i32 %mux_case_01113081_read, i32 %mux_case_0111"   --->   Operation 218 'store' 'store_ln0' <Predicate = true> <Delay = 0.42>
ST_1 : Operation 219 [1/1] (0.42ns)   --->   "%store_ln0 = store i32 %mux_case_31103068_read, i32 %mux_case_3110"   --->   Operation 219 'store' 'store_ln0' <Predicate = true> <Delay = 0.42>
ST_1 : Operation 220 [1/1] (0.42ns)   --->   "%store_ln0 = store i32 %mux_case_21093055_read, i32 %mux_case_2109"   --->   Operation 220 'store' 'store_ln0' <Predicate = true> <Delay = 0.42>
ST_1 : Operation 221 [1/1] (0.42ns)   --->   "%store_ln0 = store i32 %mux_case_11083042_read, i32 %mux_case_1108"   --->   Operation 221 'store' 'store_ln0' <Predicate = true> <Delay = 0.42>
ST_1 : Operation 222 [1/1] (0.42ns)   --->   "%store_ln0 = store i32 %mux_case_01073029_read, i32 %mux_case_0107"   --->   Operation 222 'store' 'store_ln0' <Predicate = true> <Delay = 0.42>
ST_1 : Operation 223 [1/1] (0.42ns)   --->   "%store_ln0 = store i32 %mux_case_31053016_read, i32 %mux_case_3105"   --->   Operation 223 'store' 'store_ln0' <Predicate = true> <Delay = 0.42>
ST_1 : Operation 224 [1/1] (0.42ns)   --->   "%store_ln0 = store i32 %mux_case_21043003_read, i32 %mux_case_2104"   --->   Operation 224 'store' 'store_ln0' <Predicate = true> <Delay = 0.42>
ST_1 : Operation 225 [1/1] (0.42ns)   --->   "%store_ln0 = store i32 %mux_case_11032990_read, i32 %mux_case_1103"   --->   Operation 225 'store' 'store_ln0' <Predicate = true> <Delay = 0.42>
ST_1 : Operation 226 [1/1] (0.42ns)   --->   "%store_ln0 = store i32 %mux_case_01022977_read, i32 %mux_case_0102"   --->   Operation 226 'store' 'store_ln0' <Predicate = true> <Delay = 0.42>
ST_1 : Operation 227 [1/1] (0.42ns)   --->   "%store_ln0 = store i32 %mux_case_31002964_read, i32 %mux_case_3100"   --->   Operation 227 'store' 'store_ln0' <Predicate = true> <Delay = 0.42>
ST_1 : Operation 228 [1/1] (0.42ns)   --->   "%store_ln0 = store i32 %mux_case_2992951_read, i32 %mux_case_299"   --->   Operation 228 'store' 'store_ln0' <Predicate = true> <Delay = 0.42>
ST_1 : Operation 229 [1/1] (0.42ns)   --->   "%store_ln0 = store i32 %mux_case_1982938_read, i32 %mux_case_198"   --->   Operation 229 'store' 'store_ln0' <Predicate = true> <Delay = 0.42>
ST_1 : Operation 230 [1/1] (0.42ns)   --->   "%store_ln0 = store i32 %mux_case_0972925_read, i32 %mux_case_097"   --->   Operation 230 'store' 'store_ln0' <Predicate = true> <Delay = 0.42>
ST_1 : Operation 231 [1/1] (0.42ns)   --->   "%store_ln0 = store i32 %mux_case_3952912_read, i32 %mux_case_395"   --->   Operation 231 'store' 'store_ln0' <Predicate = true> <Delay = 0.42>
ST_1 : Operation 232 [1/1] (0.42ns)   --->   "%store_ln0 = store i32 %mux_case_2942899_read, i32 %mux_case_294"   --->   Operation 232 'store' 'store_ln0' <Predicate = true> <Delay = 0.42>
ST_1 : Operation 233 [1/1] (0.42ns)   --->   "%store_ln0 = store i32 %mux_case_1932886_read, i32 %mux_case_193"   --->   Operation 233 'store' 'store_ln0' <Predicate = true> <Delay = 0.42>
ST_1 : Operation 234 [1/1] (0.42ns)   --->   "%store_ln0 = store i32 %mux_case_0922873_read, i32 %mux_case_092"   --->   Operation 234 'store' 'store_ln0' <Predicate = true> <Delay = 0.42>
ST_1 : Operation 235 [1/1] (0.42ns)   --->   "%store_ln0 = store i32 %mux_case_32860_read, i32 %mux_case_3"   --->   Operation 235 'store' 'store_ln0' <Predicate = true> <Delay = 0.42>
ST_1 : Operation 236 [1/1] (0.42ns)   --->   "%store_ln0 = store i32 %mux_case_22849_read, i32 %mux_case_2"   --->   Operation 236 'store' 'store_ln0' <Predicate = true> <Delay = 0.42>
ST_1 : Operation 237 [1/1] (0.42ns)   --->   "%store_ln0 = store i32 %mux_case_12838_read, i32 %mux_case_1"   --->   Operation 237 'store' 'store_ln0' <Predicate = true> <Delay = 0.42>
ST_1 : Operation 238 [1/1] (0.42ns)   --->   "%store_ln119 = store i3 6, i3 %i" [top_cmplx.cpp:119]   --->   Operation 238 'store' 'store_ln119' <Predicate = true> <Delay = 0.42>
ST_1 : Operation 239 [1/1] (0.00ns)   --->   "%br_ln0 = br void %VITIS_LOOP_137_3"   --->   Operation 239 'br' 'br_ln0' <Predicate = true> <Delay = 0.00>

State 2 <SV = 1> <Delay = 1.14>
ST_2 : Operation 240 [1/1] (0.00ns)   --->   "%i_1 = load i3 %i" [top_cmplx.cpp:119]   --->   Operation 240 'load' 'i_1' <Predicate = true> <Delay = 0.00>
ST_2 : Operation 241 [1/1] (0.00ns)   --->   "%mux_case_1_load = load i32 %mux_case_1"   --->   Operation 241 'load' 'mux_case_1_load' <Predicate = true> <Delay = 0.00>
ST_2 : Operation 242 [1/1] (0.00ns)   --->   "%mux_case_2_load = load i32 %mux_case_2"   --->   Operation 242 'load' 'mux_case_2_load' <Predicate = true> <Delay = 0.00>
ST_2 : Operation 243 [1/1] (0.00ns)   --->   "%mux_case_3_load = load i32 %mux_case_3"   --->   Operation 243 'load' 'mux_case_3_load' <Predicate = true> <Delay = 0.00>
ST_2 : Operation 244 [1/1] (0.00ns)   --->   "%mux_case_092_load = load i32 %mux_case_092"   --->   Operation 244 'load' 'mux_case_092_load' <Predicate = true> <Delay = 0.00>
ST_2 : Operation 245 [1/1] (0.00ns)   --->   "%mux_case_193_load = load i32 %mux_case_193"   --->   Operation 245 'load' 'mux_case_193_load' <Predicate = true> <Delay = 0.00>
ST_2 : Operation 246 [1/1] (0.00ns)   --->   "%mux_case_294_load = load i32 %mux_case_294"   --->   Operation 246 'load' 'mux_case_294_load' <Predicate = true> <Delay = 0.00>
ST_2 : Operation 247 [1/1] (0.00ns)   --->   "%mux_case_395_load = load i32 %mux_case_395"   --->   Operation 247 'load' 'mux_case_395_load' <Predicate = true> <Delay = 0.00>
ST_2 : Operation 248 [1/1] (0.00ns)   --->   "%mux_case_097_load = load i32 %mux_case_097"   --->   Operation 248 'load' 'mux_case_097_load' <Predicate = true> <Delay = 0.00>
ST_2 : Operation 249 [1/1] (0.00ns)   --->   "%mux_case_198_load = load i32 %mux_case_198"   --->   Operation 249 'load' 'mux_case_198_load' <Predicate = true> <Delay = 0.00>
ST_2 : Operation 250 [1/1] (0.00ns)   --->   "%mux_case_299_load = load i32 %mux_case_299"   --->   Operation 250 'load' 'mux_case_299_load' <Predicate = true> <Delay = 0.00>
ST_2 : Operation 251 [1/1] (0.00ns)   --->   "%mux_case_3100_load = load i32 %mux_case_3100"   --->   Operation 251 'load' 'mux_case_3100_load' <Predicate = true> <Delay = 0.00>
ST_2 : Operation 252 [1/1] (0.00ns)   --->   "%mux_case_0102_load = load i32 %mux_case_0102"   --->   Operation 252 'load' 'mux_case_0102_load' <Predicate = true> <Delay = 0.00>
ST_2 : Operation 253 [1/1] (0.00ns)   --->   "%mux_case_1103_load = load i32 %mux_case_1103"   --->   Operation 253 'load' 'mux_case_1103_load' <Predicate = true> <Delay = 0.00>
ST_2 : Operation 254 [1/1] (0.00ns)   --->   "%mux_case_2104_load = load i32 %mux_case_2104"   --->   Operation 254 'load' 'mux_case_2104_load' <Predicate = true> <Delay = 0.00>
ST_2 : Operation 255 [1/1] (0.00ns)   --->   "%mux_case_3105_load = load i32 %mux_case_3105"   --->   Operation 255 'load' 'mux_case_3105_load' <Predicate = true> <Delay = 0.00>
ST_2 : Operation 256 [1/1] (0.00ns)   --->   "%mux_case_0107_load = load i32 %mux_case_0107"   --->   Operation 256 'load' 'mux_case_0107_load' <Predicate = true> <Delay = 0.00>
ST_2 : Operation 257 [1/1] (0.00ns)   --->   "%mux_case_1108_load = load i32 %mux_case_1108"   --->   Operation 257 'load' 'mux_case_1108_load' <Predicate = true> <Delay = 0.00>
ST_2 : Operation 258 [1/1] (0.00ns)   --->   "%mux_case_2109_load = load i32 %mux_case_2109"   --->   Operation 258 'load' 'mux_case_2109_load' <Predicate = true> <Delay = 0.00>
ST_2 : Operation 259 [1/1] (0.00ns)   --->   "%mux_case_3110_load = load i32 %mux_case_3110"   --->   Operation 259 'load' 'mux_case_3110_load' <Predicate = true> <Delay = 0.00>
ST_2 : Operation 260 [1/1] (0.00ns)   --->   "%mux_case_0111_load = load i32 %mux_case_0111"   --->   Operation 260 'load' 'mux_case_0111_load' <Predicate = true> <Delay = 0.00>
ST_2 : Operation 261 [1/1] (0.00ns)   --->   "%mux_case_1112_load = load i32 %mux_case_1112"   --->   Operation 261 'load' 'mux_case_1112_load' <Predicate = true> <Delay = 0.00>
ST_2 : Operation 262 [1/1] (0.00ns)   --->   "%mux_case_2113_load = load i32 %mux_case_2113"   --->   Operation 262 'load' 'mux_case_2113_load' <Predicate = true> <Delay = 0.00>
ST_2 : Operation 263 [1/1] (0.00ns)   --->   "%mux_case_3114_load = load i32 %mux_case_3114"   --->   Operation 263 'load' 'mux_case_3114_load' <Predicate = true> <Delay = 0.00>
ST_2 : Operation 264 [1/1] (0.00ns)   --->   "%mux_case_1116_load = load i32 %mux_case_1116"   --->   Operation 264 'load' 'mux_case_1116_load' <Predicate = true> <Delay = 0.00>
ST_2 : Operation 265 [1/1] (0.00ns)   --->   "%mux_case_2117_load = load i32 %mux_case_2117"   --->   Operation 265 'load' 'mux_case_2117_load' <Predicate = true> <Delay = 0.00>
ST_2 : Operation 266 [1/1] (0.00ns)   --->   "%mux_case_3118_load = load i32 %mux_case_3118"   --->   Operation 266 'load' 'mux_case_3118_load' <Predicate = true> <Delay = 0.00>
ST_2 : Operation 267 [1/1] (0.00ns)   --->   "%mux_case_0120_load = load i32 %mux_case_0120"   --->   Operation 267 'load' 'mux_case_0120_load' <Predicate = true> <Delay = 0.00>
ST_2 : Operation 268 [1/1] (0.00ns)   --->   "%mux_case_1121_load = load i32 %mux_case_1121"   --->   Operation 268 'load' 'mux_case_1121_load' <Predicate = true> <Delay = 0.00>
ST_2 : Operation 269 [1/1] (0.00ns)   --->   "%mux_case_2122_load = load i32 %mux_case_2122"   --->   Operation 269 'load' 'mux_case_2122_load' <Predicate = true> <Delay = 0.00>
ST_2 : Operation 270 [1/1] (0.00ns)   --->   "%mux_case_3123_load = load i32 %mux_case_3123"   --->   Operation 270 'load' 'mux_case_3123_load' <Predicate = true> <Delay = 0.00>
ST_2 : Operation 271 [1/1] (0.00ns)   --->   "%mux_case_0125_load = load i32 %mux_case_0125"   --->   Operation 271 'load' 'mux_case_0125_load' <Predicate = true> <Delay = 0.00>
ST_2 : Operation 272 [1/1] (0.00ns)   --->   "%mux_case_1126_load = load i32 %mux_case_1126"   --->   Operation 272 'load' 'mux_case_1126_load' <Predicate = true> <Delay = 0.00>
ST_2 : Operation 273 [1/1] (0.00ns)   --->   "%mux_case_2127_load = load i32 %mux_case_2127"   --->   Operation 273 'load' 'mux_case_2127_load' <Predicate = true> <Delay = 0.00>
ST_2 : Operation 274 [1/1] (0.00ns)   --->   "%mux_case_3128_load = load i32 %mux_case_3128"   --->   Operation 274 'load' 'mux_case_3128_load' <Predicate = true> <Delay = 0.00>
ST_2 : Operation 275 [1/1] (0.00ns)   --->   "%mux_case_0130_load = load i32 %mux_case_0130"   --->   Operation 275 'load' 'mux_case_0130_load' <Predicate = true> <Delay = 0.00>
ST_2 : Operation 276 [1/1] (0.00ns)   --->   "%mux_case_1131_load = load i32 %mux_case_1131"   --->   Operation 276 'load' 'mux_case_1131_load' <Predicate = true> <Delay = 0.00>
ST_2 : Operation 277 [1/1] (0.00ns)   --->   "%mux_case_2132_load = load i32 %mux_case_2132"   --->   Operation 277 'load' 'mux_case_2132_load' <Predicate = true> <Delay = 0.00>
ST_2 : Operation 278 [1/1] (0.00ns)   --->   "%mux_case_3133_load = load i32 %mux_case_3133"   --->   Operation 278 'load' 'mux_case_3133_load' <Predicate = true> <Delay = 0.00>
ST_2 : Operation 279 [1/1] (0.00ns)   --->   "%mux_case_0135_load = load i32 %mux_case_0135"   --->   Operation 279 'load' 'mux_case_0135_load' <Predicate = true> <Delay = 0.00>
ST_2 : Operation 280 [1/1] (0.00ns)   --->   "%mux_case_1136_load = load i32 %mux_case_1136"   --->   Operation 280 'load' 'mux_case_1136_load' <Predicate = true> <Delay = 0.00>
ST_2 : Operation 281 [1/1] (0.00ns)   --->   "%mux_case_2137_load = load i32 %mux_case_2137"   --->   Operation 281 'load' 'mux_case_2137_load' <Predicate = true> <Delay = 0.00>
ST_2 : Operation 282 [1/1] (0.00ns)   --->   "%mux_case_3138_load = load i32 %mux_case_3138"   --->   Operation 282 'load' 'mux_case_3138_load' <Predicate = true> <Delay = 0.00>
ST_2 : Operation 283 [1/1] (0.00ns)   --->   "%mux_case_0140_load = load i32 %mux_case_0140"   --->   Operation 283 'load' 'mux_case_0140_load' <Predicate = true> <Delay = 0.00>
ST_2 : Operation 284 [1/1] (0.00ns)   --->   "%mux_case_1141_load = load i32 %mux_case_1141"   --->   Operation 284 'load' 'mux_case_1141_load' <Predicate = true> <Delay = 0.00>
ST_2 : Operation 285 [1/1] (0.00ns)   --->   "%mux_case_2142_load = load i32 %mux_case_2142"   --->   Operation 285 'load' 'mux_case_2142_load' <Predicate = true> <Delay = 0.00>
ST_2 : Operation 286 [1/1] (0.00ns)   --->   "%mux_case_3143_load = load i32 %mux_case_3143"   --->   Operation 286 'load' 'mux_case_3143_load' <Predicate = true> <Delay = 0.00>
ST_2 : Operation 287 [1/1] (0.00ns)   --->   "%mux_case_0170_load = load i32 %mux_case_0170"   --->   Operation 287 'load' 'mux_case_0170_load' <Predicate = true> <Delay = 0.00>
ST_2 : Operation 288 [1/1] (0.00ns)   --->   "%mux_case_1171_load = load i32 %mux_case_1171"   --->   Operation 288 'load' 'mux_case_1171_load' <Predicate = true> <Delay = 0.00>
ST_2 : Operation 289 [1/1] (0.00ns)   --->   "%mux_case_2172_load = load i32 %mux_case_2172"   --->   Operation 289 'load' 'mux_case_2172_load' <Predicate = true> <Delay = 0.00>
ST_2 : Operation 290 [1/1] (0.00ns)   --->   "%mux_case_3173_load = load i32 %mux_case_3173"   --->   Operation 290 'load' 'mux_case_3173_load' <Predicate = true> <Delay = 0.00>
ST_2 : Operation 291 [1/1] (0.00ns)   --->   "%mux_case_0199_load = load i32 %mux_case_0199"   --->   Operation 291 'load' 'mux_case_0199_load' <Predicate = true> <Delay = 0.00>
ST_2 : Operation 292 [1/1] (0.00ns)   --->   "%mux_case_1200_load = load i32 %mux_case_1200"   --->   Operation 292 'load' 'mux_case_1200_load' <Predicate = true> <Delay = 0.00>
ST_2 : Operation 293 [1/1] (0.00ns)   --->   "%mux_case_2201_load = load i32 %mux_case_2201"   --->   Operation 293 'load' 'mux_case_2201_load' <Predicate = true> <Delay = 0.00>
ST_2 : Operation 294 [1/1] (0.00ns)   --->   "%mux_case_3202_load = load i32 %mux_case_3202"   --->   Operation 294 'load' 'mux_case_3202_load' <Predicate = true> <Delay = 0.00>
ST_2 : Operation 295 [1/1] (0.67ns)   --->   "%icmp_ln119 = icmp_ugt  i3 %i_1, i3 %k_cast" [top_cmplx.cpp:119]   --->   Operation 295 'icmp' 'icmp_ln119' <Predicate = true> <Delay = 0.67> <CoreInst = "Cmp">   --->   Core 9 'Cmp' <Latency = 0> <II = 1> <Delay = 0.67> <FuncUnit> <Opcode : 'icmp'> <InPorts = 2> <OutPorts = 1>
ST_2 : Operation 296 [1/1] (0.00ns)   --->   "%br_ln119 = br i1 %icmp_ln119, void %for.inc177.exitStub, void %VITIS_LOOP_137_3.split" [top_cmplx.cpp:119]   --->   Operation 296 'br' 'br_ln119' <Predicate = true> <Delay = 0.00>
ST_2 : Operation 297 [1/1] (0.00ns)   --->   "%mux_case_0_out_load = load i32 %mux_case_0_out" [top_cmplx.cpp:124]   --->   Operation 297 'load' 'mux_case_0_out_load' <Predicate = (icmp_ln119 & tmp_18 == 0)> <Delay = 0.00>
ST_2 : Operation 298 [1/1] (0.00ns)   --->   "%mux_case_0115_out_load = load i32 %mux_case_0115_out" [top_cmplx.cpp:125]   --->   Operation 298 'load' 'mux_case_0115_out_load' <Predicate = (icmp_ln119 & tmp_18 == 0)> <Delay = 0.00>
ST_2 : Operation 299 [1/1] (0.52ns)   --->   "%tmp = sparsemux i32 @_ssdm_op_SparseMux.ap_auto.4f32.f32.i2, i2 0, i32 %mux_case_0_out_load, i2 1, i32 %mux_case_1_load, i2 2, i32 %mux_case_2_load, i2 3, i32 %mux_case_3_load, i32 <undef>, i2 %tmp_18" [top_cmplx.cpp:124]   --->   Operation 299 'sparsemux' 'tmp' <Predicate = (icmp_ln119)> <Delay = 0.52> <CoreInst = "SparseMux">   --->   Core 147 'SparseMux' <Latency = 0> <II = 1> <Delay = 0.52> <FuncUnit> <Opcode : 'sparsemux'> <InPorts = 2> <OutPorts = 1>
ST_2 : Operation 300 [1/1] (0.52ns)   --->   "%tmp_1 = sparsemux i32 @_ssdm_op_SparseMux.ap_auto.4f32.f32.i2, i2 0, i32 %mux_case_092_load, i2 1, i32 %mux_case_193_load, i2 2, i32 %mux_case_294_load, i2 3, i32 %mux_case_395_load, i32 <undef>, i2 %tmp_18" [top_cmplx.cpp:124]   --->   Operation 300 'sparsemux' 'tmp_1' <Predicate = (icmp_ln119)> <Delay = 0.52> <CoreInst = "SparseMux">   --->   Core 147 'SparseMux' <Latency = 0> <II = 1> <Delay = 0.52> <FuncUnit> <Opcode : 'sparsemux'> <InPorts = 2> <OutPorts = 1>
ST_2 : Operation 301 [1/1] (0.52ns)   --->   "%tmp_2 = sparsemux i32 @_ssdm_op_SparseMux.ap_auto.4f32.f32.i2, i2 0, i32 %mux_case_097_load, i2 1, i32 %mux_case_198_load, i2 2, i32 %mux_case_299_load, i2 3, i32 %mux_case_3100_load, i32 <undef>, i2 %tmp_18" [top_cmplx.cpp:124]   --->   Operation 301 'sparsemux' 'tmp_2' <Predicate = (icmp_ln119)> <Delay = 0.52> <CoreInst = "SparseMux">   --->   Core 147 'SparseMux' <Latency = 0> <II = 1> <Delay = 0.52> <FuncUnit> <Opcode : 'sparsemux'> <InPorts = 2> <OutPorts = 1>
ST_2 : Operation 302 [1/1] (0.52ns)   --->   "%tmp_3 = sparsemux i32 @_ssdm_op_SparseMux.ap_auto.4f32.f32.i2, i2 0, i32 %mux_case_0102_load, i2 1, i32 %mux_case_1103_load, i2 2, i32 %mux_case_2104_load, i2 3, i32 %mux_case_3105_load, i32 <undef>, i2 %tmp_18" [top_cmplx.cpp:124]   --->   Operation 302 'sparsemux' 'tmp_3' <Predicate = (icmp_ln119)> <Delay = 0.52> <CoreInst = "SparseMux">   --->   Core 147 'SparseMux' <Latency = 0> <II = 1> <Delay = 0.52> <FuncUnit> <Opcode : 'sparsemux'> <InPorts = 2> <OutPorts = 1>
ST_2 : Operation 303 [1/1] (0.52ns)   --->   "%tmp_4 = sparsemux i32 @_ssdm_op_SparseMux.ap_auto.4f32.f32.i2, i2 0, i32 %mux_case_0107_load, i2 1, i32 %mux_case_1108_load, i2 2, i32 %mux_case_2109_load, i2 3, i32 %mux_case_3110_load, i32 <undef>, i2 %tmp_18" [top_cmplx.cpp:124]   --->   Operation 303 'sparsemux' 'tmp_4' <Predicate = (icmp_ln119)> <Delay = 0.52> <CoreInst = "SparseMux">   --->   Core 147 'SparseMux' <Latency = 0> <II = 1> <Delay = 0.52> <FuncUnit> <Opcode : 'sparsemux'> <InPorts = 2> <OutPorts = 1>
ST_2 : Operation 304 [1/1] (0.52ns)   --->   "%tmp_5 = sparsemux i32 @_ssdm_op_SparseMux.ap_auto.4f32.f32.i2, i2 0, i32 %mux_case_0111_load, i2 1, i32 %mux_case_1112_load, i2 2, i32 %mux_case_2113_load, i2 3, i32 %mux_case_3114_load, i32 <undef>, i2 %tmp_18" [top_cmplx.cpp:124]   --->   Operation 304 'sparsemux' 'tmp_5' <Predicate = (icmp_ln119)> <Delay = 0.52> <CoreInst = "SparseMux">   --->   Core 147 'SparseMux' <Latency = 0> <II = 1> <Delay = 0.52> <FuncUnit> <Opcode : 'sparsemux'> <InPorts = 2> <OutPorts = 1>
ST_2 : Operation 305 [1/1] (0.62ns)   --->   "%ai_r = sparsemux i32 @_ssdm_op_SparseMux.ap_auto.6f32.f32.i3, i3 1, i32 %tmp, i3 2, i32 %tmp_1, i3 3, i32 %tmp_2, i3 4, i32 %tmp_3, i3 5, i32 %tmp_4, i3 6, i32 %tmp_5, i32 <undef>, i3 %i_1" [top_cmplx.cpp:124]   --->   Operation 305 'sparsemux' 'ai_r' <Predicate = (icmp_ln119)> <Delay = 0.62> <CoreInst = "SparseMux">   --->   Core 147 'SparseMux' <Latency = 0> <II = 1> <Delay = 0.62> <FuncUnit> <Opcode : 'sparsemux'> <InPorts = 2> <OutPorts = 1>
ST_2 : Operation 306 [1/1] (0.52ns)   --->   "%tmp_7 = sparsemux i32 @_ssdm_op_SparseMux.ap_auto.4f32.f32.i2, i2 0, i32 %mux_case_0115_out_load, i2 1, i32 %mux_case_1116_load, i2 2, i32 %mux_case_2117_load, i2 3, i32 %mux_case_3118_load, i32 <undef>, i2 %tmp_18" [top_cmplx.cpp:125]   --->   Operation 306 'sparsemux' 'tmp_7' <Predicate = (icmp_ln119)> <Delay = 0.52> <CoreInst = "SparseMux">   --->   Core 147 'SparseMux' <Latency = 0> <II = 1> <Delay = 0.52> <FuncUnit> <Opcode : 'sparsemux'> <InPorts = 2> <OutPorts = 1>
ST_2 : Operation 307 [1/1] (0.52ns)   --->   "%tmp_8 = sparsemux i32 @_ssdm_op_SparseMux.ap_auto.4f32.f32.i2, i2 0, i32 %mux_case_0120_load, i2 1, i32 %mux_case_1121_load, i2 2, i32 %mux_case_2122_load, i2 3, i32 %mux_case_3123_load, i32 <undef>, i2 %tmp_18" [top_cmplx.cpp:125]   --->   Operation 307 'sparsemux' 'tmp_8' <Predicate = (icmp_ln119)> <Delay = 0.52> <CoreInst = "SparseMux">   --->   Core 147 'SparseMux' <Latency = 0> <II = 1> <Delay = 0.52> <FuncUnit> <Opcode : 'sparsemux'> <InPorts = 2> <OutPorts = 1>
ST_2 : Operation 308 [1/1] (0.52ns)   --->   "%tmp_9 = sparsemux i32 @_ssdm_op_SparseMux.ap_auto.4f32.f32.i2, i2 0, i32 %mux_case_0125_load, i2 1, i32 %mux_case_1126_load, i2 2, i32 %mux_case_2127_load, i2 3, i32 %mux_case_3128_load, i32 <undef>, i2 %tmp_18" [top_cmplx.cpp:125]   --->   Operation 308 'sparsemux' 'tmp_9' <Predicate = (icmp_ln119)> <Delay = 0.52> <CoreInst = "SparseMux">   --->   Core 147 'SparseMux' <Latency = 0> <II = 1> <Delay = 0.52> <FuncUnit> <Opcode : 'sparsemux'> <InPorts = 2> <OutPorts = 1>
ST_2 : Operation 309 [1/1] (0.52ns)   --->   "%tmp_s = sparsemux i32 @_ssdm_op_SparseMux.ap_auto.4f32.f32.i2, i2 0, i32 %mux_case_0130_load, i2 1, i32 %mux_case_1131_load, i2 2, i32 %mux_case_2132_load, i2 3, i32 %mux_case_3133_load, i32 <undef>, i2 %tmp_18" [top_cmplx.cpp:125]   --->   Operation 309 'sparsemux' 'tmp_s' <Predicate = (icmp_ln119)> <Delay = 0.52> <CoreInst = "SparseMux">   --->   Core 147 'SparseMux' <Latency = 0> <II = 1> <Delay = 0.52> <FuncUnit> <Opcode : 'sparsemux'> <InPorts = 2> <OutPorts = 1>
ST_2 : Operation 310 [1/1] (0.52ns)   --->   "%tmp_6 = sparsemux i32 @_ssdm_op_SparseMux.ap_auto.4f32.f32.i2, i2 0, i32 %mux_case_0135_load, i2 1, i32 %mux_case_1136_load, i2 2, i32 %mux_case_2137_load, i2 3, i32 %mux_case_3138_load, i32 <undef>, i2 %tmp_18" [top_cmplx.cpp:125]   --->   Operation 310 'sparsemux' 'tmp_6' <Predicate = (icmp_ln119)> <Delay = 0.52> <CoreInst = "SparseMux">   --->   Core 147 'SparseMux' <Latency = 0> <II = 1> <Delay = 0.52> <FuncUnit> <Opcode : 'sparsemux'> <InPorts = 2> <OutPorts = 1>
ST_2 : Operation 311 [1/1] (0.52ns)   --->   "%tmp_10 = sparsemux i32 @_ssdm_op_SparseMux.ap_auto.4f32.f32.i2, i2 0, i32 %mux_case_0140_load, i2 1, i32 %mux_case_1141_load, i2 2, i32 %mux_case_2142_load, i2 3, i32 %mux_case_3143_load, i32 <undef>, i2 %tmp_18" [top_cmplx.cpp:125]   --->   Operation 311 'sparsemux' 'tmp_10' <Predicate = (icmp_ln119)> <Delay = 0.52> <CoreInst = "SparseMux">   --->   Core 147 'SparseMux' <Latency = 0> <II = 1> <Delay = 0.52> <FuncUnit> <Opcode : 'sparsemux'> <InPorts = 2> <OutPorts = 1>
ST_2 : Operation 312 [1/1] (0.62ns)   --->   "%ai_i = sparsemux i32 @_ssdm_op_SparseMux.ap_auto.6f32.f32.i3, i3 1, i32 %tmp_7, i3 2, i32 %tmp_8, i3 3, i32 %tmp_9, i3 4, i32 %tmp_s, i3 5, i32 %tmp_6, i3 6, i32 %tmp_10, i32 <undef>, i3 %i_1" [top_cmplx.cpp:125]   --->   Operation 312 'sparsemux' 'ai_i' <Predicate = (icmp_ln119)> <Delay = 0.62> <CoreInst = "SparseMux">   --->   Core 147 'SparseMux' <Latency = 0> <II = 1> <Delay = 0.62> <FuncUnit> <Opcode : 'sparsemux'> <InPorts = 2> <OutPorts = 1>
ST_2 : Operation 313 [1/1] (0.52ns)   --->   "%tmp_11 = sparsemux i32 @_ssdm_op_SparseMux.ap_auto.4f32.f32.i2, i2 0, i32 %mux_case_0170_load, i2 1, i32 %mux_case_1171_load, i2 2, i32 %mux_case_2172_load, i2 3, i32 %mux_case_3173_load, i32 <undef>, i2 %tmp_18" [top_cmplx.cpp:127]   --->   Operation 313 'sparsemux' 'tmp_11' <Predicate = (icmp_ln119)> <Delay = 0.52> <CoreInst = "SparseMux">   --->   Core 147 'SparseMux' <Latency = 0> <II = 1> <Delay = 0.52> <FuncUnit> <Opcode : 'sparsemux'> <InPorts = 2> <OutPorts = 1>
ST_2 : Operation 314 [1/1] (0.62ns)   --->   "%aj_r = sparsemux i32 @_ssdm_op_SparseMux.ap_auto.6f32.f32.i3, i3 1, i32 %tmp_1, i3 2, i32 %tmp_2, i3 3, i32 %tmp_3, i3 4, i32 %tmp_4, i3 5, i32 %tmp_5, i3 6, i32 %tmp_11, i32 <undef>, i3 %i_1" [top_cmplx.cpp:127]   --->   Operation 314 'sparsemux' 'aj_r' <Predicate = (icmp_ln119)> <Delay = 0.62> <CoreInst = "SparseMux">   --->   Core 147 'SparseMux' <Latency = 0> <II = 1> <Delay = 0.62> <FuncUnit> <Opcode : 'sparsemux'> <InPorts = 2> <OutPorts = 1>
ST_2 : Operation 315 [1/1] (0.52ns)   --->   "%tmp_12 = sparsemux i32 @_ssdm_op_SparseMux.ap_auto.4f32.f32.i2, i2 0, i32 %mux_case_0199_load, i2 1, i32 %mux_case_1200_load, i2 2, i32 %mux_case_2201_load, i2 3, i32 %mux_case_3202_load, i32 <undef>, i2 %tmp_18" [top_cmplx.cpp:128]   --->   Operation 315 'sparsemux' 'tmp_12' <Predicate = (icmp_ln119)> <Delay = 0.52> <CoreInst = "SparseMux">   --->   Core 147 'SparseMux' <Latency = 0> <II = 1> <Delay = 0.52> <FuncUnit> <Opcode : 'sparsemux'> <InPorts = 2> <OutPorts = 1>
ST_2 : Operation 316 [1/1] (0.62ns)   --->   "%aj_i = sparsemux i32 @_ssdm_op_SparseMux.ap_auto.6f32.f32.i3, i3 1, i32 %tmp_8, i3 2, i32 %tmp_9, i3 3, i32 %tmp_s, i3 4, i32 %tmp_6, i3 5, i32 %tmp_10, i3 6, i32 %tmp_12, i32 <undef>, i3 %i_1" [top_cmplx.cpp:128]   --->   Operation 316 'sparsemux' 'aj_i' <Predicate = (icmp_ln119)> <Delay = 0.62> <CoreInst = "SparseMux">   --->   Core 147 'SparseMux' <Latency = 0> <II = 1> <Delay = 0.62> <FuncUnit> <Opcode : 'sparsemux'> <InPorts = 2> <OutPorts = 1>
ST_2 : Operation 317 [1/1] (0.54ns)   --->   "%icmp_ln34 = icmp_eq  i2 %tmp_16, i2 3" [top_cmplx.cpp:34->top_cmplx.cpp:146]   --->   Operation 317 'icmp' 'icmp_ln34' <Predicate = (icmp_ln119 & !tmp_15)> <Delay = 0.54> <CoreInst = "Cmp">   --->   Core 9 'Cmp' <Latency = 0> <II = 1> <Delay = 0.54> <FuncUnit> <Opcode : 'icmp'> <InPorts = 2> <OutPorts = 1>
ST_2 : Operation 318 [1/1] (0.73ns)   --->   "%switch_ln46 = switch i3 %i_1, void %imag169.i170213.case.6, i3 5, void %imag169.i170213.case.5, i3 1, void %imag169.i170213.case.1, i3 2, void %imag169.i170213.case.2, i3 3, void %imag169.i170213.case.3, i3 4, void %imag169.i170213.case.4" [top_cmplx.cpp:46->top_cmplx.cpp:146]   --->   Operation 318 'switch' 'switch_ln46' <Predicate = (icmp_ln119 & !tmp_15)> <Delay = 0.73>
ST_2 : Operation 319 [1/1] (0.73ns)   --->   "%switch_ln152 = switch i2 %tmp_18, void %imag7440.case.3423, i2 0, void %real6938.case.5.imag13752.exit.3_crit_edge117, i2 1, void %imag7440.case.1421, i2 2, void %real6938.case.5.imag13752.exit.3_crit_edge" [top_cmplx.cpp:152]   --->   Operation 319 'switch' 'switch_ln152' <Predicate = (icmp_ln119 & i_1 == 5)> <Delay = 0.73>
ST_2 : Operation 320 [1/1] (0.73ns)   --->   "%switch_ln152 = switch i2 %tmp_18, void %imag7440.case.3417, i2 0, void %real6938.case.4.imag13752.exit.3_crit_edge123, i2 1, void %imag7440.case.1415, i2 2, void %real6938.case.4.imag13752.exit.3_crit_edge" [top_cmplx.cpp:152]   --->   Operation 320 'switch' 'switch_ln152' <Predicate = (icmp_ln119 & i_1 == 4)> <Delay = 0.73>
ST_2 : Operation 321 [1/1] (0.73ns)   --->   "%switch_ln152 = switch i2 %tmp_18, void %imag7440.case.3411, i2 0, void %real6938.case.3.imag13752.exit.3_crit_edge128, i2 1, void %imag7440.case.1409, i2 2, void %real6938.case.3.imag13752.exit.3_crit_edge" [top_cmplx.cpp:152]   --->   Operation 321 'switch' 'switch_ln152' <Predicate = (icmp_ln119 & i_1 == 3)> <Delay = 0.73>
ST_2 : Operation 322 [1/1] (0.73ns)   --->   "%switch_ln152 = switch i2 %tmp_18, void %imag7440.case.3405, i2 0, void %real6938.case.2.imag13752.exit.3_crit_edge133, i2 1, void %imag7440.case.1403, i2 2, void %real6938.case.2.imag13752.exit.3_crit_edge" [top_cmplx.cpp:152]   --->   Operation 322 'switch' 'switch_ln152' <Predicate = (icmp_ln119 & i_1 == 2)> <Delay = 0.73>
ST_2 : Operation 323 [1/1] (0.73ns)   --->   "%switch_ln152 = switch i2 %tmp_18, void %imag7440.case.3399, i2 0, void %real6938.case.1.imag13752.exit.3_crit_edge138, i2 1, void %imag7440.case.1397, i2 2, void %real6938.case.1.imag13752.exit.3_crit_edge" [top_cmplx.cpp:152]   --->   Operation 323 'switch' 'switch_ln152' <Predicate = (icmp_ln119 & i_1 == 1)> <Delay = 0.73>
ST_2 : Operation 324 [1/1] (0.73ns)   --->   "%switch_ln152 = switch i2 %tmp_18, void %imag7440.case.3429, i2 0, void %real6938.case.6.imag13752.exit.3_crit_edge118, i2 1, void %imag7440.case.1427, i2 2, void %real6938.case.6.imag13752.exit.3_crit_edge" [top_cmplx.cpp:152]   --->   Operation 324 'switch' 'switch_ln152' <Predicate = (icmp_ln119 & i_1 != 1 & i_1 != 2 & i_1 != 3 & i_1 != 4 & i_1 != 5)> <Delay = 0.73>
ST_2 : Operation 1838 [1/1] (0.00ns)   --->   "%store_ln0 = store i32 %mux_case_3202_load, i32 %mux_case_3202_out"   --->   Operation 1838 'store' 'store_ln0' <Predicate = (!icmp_ln119)> <Delay = 0.00>
ST_2 : Operation 1839 [1/1] (0.00ns)   --->   "%store_ln0 = store i32 %mux_case_2201_load, i32 %mux_case_2201_out"   --->   Operation 1839 'store' 'store_ln0' <Predicate = (!icmp_ln119)> <Delay = 0.00>
ST_2 : Operation 1840 [1/1] (0.00ns)   --->   "%store_ln0 = store i32 %mux_case_1200_load, i32 %mux_case_1200_out"   --->   Operation 1840 'store' 'store_ln0' <Predicate = (!icmp_ln119)> <Delay = 0.00>
ST_2 : Operation 1841 [1/1] (0.00ns)   --->   "%store_ln0 = store i32 %mux_case_0199_load, i32 %mux_case_0199_out"   --->   Operation 1841 'store' 'store_ln0' <Predicate = (!icmp_ln119)> <Delay = 0.00>
ST_2 : Operation 1842 [1/1] (0.00ns)   --->   "%store_ln0 = store i32 %mux_case_3173_load, i32 %mux_case_3173_out"   --->   Operation 1842 'store' 'store_ln0' <Predicate = (!icmp_ln119)> <Delay = 0.00>
ST_2 : Operation 1843 [1/1] (0.00ns)   --->   "%store_ln0 = store i32 %mux_case_2172_load, i32 %mux_case_2172_out"   --->   Operation 1843 'store' 'store_ln0' <Predicate = (!icmp_ln119)> <Delay = 0.00>
ST_2 : Operation 1844 [1/1] (0.00ns)   --->   "%store_ln0 = store i32 %mux_case_1171_load, i32 %mux_case_1171_out"   --->   Operation 1844 'store' 'store_ln0' <Predicate = (!icmp_ln119)> <Delay = 0.00>
ST_2 : Operation 1845 [1/1] (0.00ns)   --->   "%store_ln0 = store i32 %mux_case_0170_load, i32 %mux_case_0170_out"   --->   Operation 1845 'store' 'store_ln0' <Predicate = (!icmp_ln119)> <Delay = 0.00>
ST_2 : Operation 1846 [1/1] (0.00ns)   --->   "%store_ln0 = store i32 %mux_case_3143_load, i32 %mux_case_3143_out"   --->   Operation 1846 'store' 'store_ln0' <Predicate = (!icmp_ln119)> <Delay = 0.00>
ST_2 : Operation 1847 [1/1] (0.00ns)   --->   "%store_ln0 = store i32 %mux_case_2142_load, i32 %mux_case_2142_out"   --->   Operation 1847 'store' 'store_ln0' <Predicate = (!icmp_ln119)> <Delay = 0.00>
ST_2 : Operation 1848 [1/1] (0.00ns)   --->   "%store_ln0 = store i32 %mux_case_1141_load, i32 %mux_case_1141_out"   --->   Operation 1848 'store' 'store_ln0' <Predicate = (!icmp_ln119)> <Delay = 0.00>
ST_2 : Operation 1849 [1/1] (0.00ns)   --->   "%store_ln0 = store i32 %mux_case_0140_load, i32 %mux_case_0140_out"   --->   Operation 1849 'store' 'store_ln0' <Predicate = (!icmp_ln119)> <Delay = 0.00>
ST_2 : Operation 1850 [1/1] (0.00ns)   --->   "%store_ln0 = store i32 %mux_case_3138_load, i32 %mux_case_3138_out"   --->   Operation 1850 'store' 'store_ln0' <Predicate = (!icmp_ln119)> <Delay = 0.00>
ST_2 : Operation 1851 [1/1] (0.00ns)   --->   "%store_ln0 = store i32 %mux_case_2137_load, i32 %mux_case_2137_out"   --->   Operation 1851 'store' 'store_ln0' <Predicate = (!icmp_ln119)> <Delay = 0.00>
ST_2 : Operation 1852 [1/1] (0.00ns)   --->   "%store_ln0 = store i32 %mux_case_1136_load, i32 %mux_case_1136_out"   --->   Operation 1852 'store' 'store_ln0' <Predicate = (!icmp_ln119)> <Delay = 0.00>
ST_2 : Operation 1853 [1/1] (0.00ns)   --->   "%store_ln0 = store i32 %mux_case_0135_load, i32 %mux_case_0135_out"   --->   Operation 1853 'store' 'store_ln0' <Predicate = (!icmp_ln119)> <Delay = 0.00>
ST_2 : Operation 1854 [1/1] (0.00ns)   --->   "%store_ln0 = store i32 %mux_case_3133_load, i32 %mux_case_3133_out"   --->   Operation 1854 'store' 'store_ln0' <Predicate = (!icmp_ln119)> <Delay = 0.00>
ST_2 : Operation 1855 [1/1] (0.00ns)   --->   "%store_ln0 = store i32 %mux_case_2132_load, i32 %mux_case_2132_out"   --->   Operation 1855 'store' 'store_ln0' <Predicate = (!icmp_ln119)> <Delay = 0.00>
ST_2 : Operation 1856 [1/1] (0.00ns)   --->   "%store_ln0 = store i32 %mux_case_1131_load, i32 %mux_case_1131_out"   --->   Operation 1856 'store' 'store_ln0' <Predicate = (!icmp_ln119)> <Delay = 0.00>
ST_2 : Operation 1857 [1/1] (0.00ns)   --->   "%store_ln0 = store i32 %mux_case_0130_load, i32 %mux_case_0130_out"   --->   Operation 1857 'store' 'store_ln0' <Predicate = (!icmp_ln119)> <Delay = 0.00>
ST_2 : Operation 1858 [1/1] (0.00ns)   --->   "%store_ln0 = store i32 %mux_case_3128_load, i32 %mux_case_3128_out"   --->   Operation 1858 'store' 'store_ln0' <Predicate = (!icmp_ln119)> <Delay = 0.00>
ST_2 : Operation 1859 [1/1] (0.00ns)   --->   "%store_ln0 = store i32 %mux_case_2127_load, i32 %mux_case_2127_out"   --->   Operation 1859 'store' 'store_ln0' <Predicate = (!icmp_ln119)> <Delay = 0.00>
ST_2 : Operation 1860 [1/1] (0.00ns)   --->   "%store_ln0 = store i32 %mux_case_1126_load, i32 %mux_case_1126_out"   --->   Operation 1860 'store' 'store_ln0' <Predicate = (!icmp_ln119)> <Delay = 0.00>
ST_2 : Operation 1861 [1/1] (0.00ns)   --->   "%store_ln0 = store i32 %mux_case_0125_load, i32 %mux_case_0125_out"   --->   Operation 1861 'store' 'store_ln0' <Predicate = (!icmp_ln119)> <Delay = 0.00>
ST_2 : Operation 1862 [1/1] (0.00ns)   --->   "%store_ln0 = store i32 %mux_case_3123_load, i32 %mux_case_3123_out"   --->   Operation 1862 'store' 'store_ln0' <Predicate = (!icmp_ln119)> <Delay = 0.00>
ST_2 : Operation 1863 [1/1] (0.00ns)   --->   "%store_ln0 = store i32 %mux_case_2122_load, i32 %mux_case_2122_out"   --->   Operation 1863 'store' 'store_ln0' <Predicate = (!icmp_ln119)> <Delay = 0.00>
ST_2 : Operation 1864 [1/1] (0.00ns)   --->   "%store_ln0 = store i32 %mux_case_1121_load, i32 %mux_case_1121_out"   --->   Operation 1864 'store' 'store_ln0' <Predicate = (!icmp_ln119)> <Delay = 0.00>
ST_2 : Operation 1865 [1/1] (0.00ns)   --->   "%store_ln0 = store i32 %mux_case_0120_load, i32 %mux_case_0120_out"   --->   Operation 1865 'store' 'store_ln0' <Predicate = (!icmp_ln119)> <Delay = 0.00>
ST_2 : Operation 1866 [1/1] (0.00ns)   --->   "%store_ln0 = store i32 %mux_case_3118_load, i32 %mux_case_3118_out"   --->   Operation 1866 'store' 'store_ln0' <Predicate = (!icmp_ln119)> <Delay = 0.00>
ST_2 : Operation 1867 [1/1] (0.00ns)   --->   "%store_ln0 = store i32 %mux_case_2117_load, i32 %mux_case_2117_out"   --->   Operation 1867 'store' 'store_ln0' <Predicate = (!icmp_ln119)> <Delay = 0.00>
ST_2 : Operation 1868 [1/1] (0.00ns)   --->   "%store_ln0 = store i32 %mux_case_1116_load, i32 %mux_case_1116_out"   --->   Operation 1868 'store' 'store_ln0' <Predicate = (!icmp_ln119)> <Delay = 0.00>
ST_2 : Operation 1869 [1/1] (0.00ns)   --->   "%store_ln0 = store i32 %mux_case_3114_load, i32 %mux_case_3114_out"   --->   Operation 1869 'store' 'store_ln0' <Predicate = (!icmp_ln119)> <Delay = 0.00>
ST_2 : Operation 1870 [1/1] (0.00ns)   --->   "%store_ln0 = store i32 %mux_case_2113_load, i32 %mux_case_2113_out"   --->   Operation 1870 'store' 'store_ln0' <Predicate = (!icmp_ln119)> <Delay = 0.00>
ST_2 : Operation 1871 [1/1] (0.00ns)   --->   "%store_ln0 = store i32 %mux_case_1112_load, i32 %mux_case_1112_out"   --->   Operation 1871 'store' 'store_ln0' <Predicate = (!icmp_ln119)> <Delay = 0.00>
ST_2 : Operation 1872 [1/1] (0.00ns)   --->   "%store_ln0 = store i32 %mux_case_0111_load, i32 %mux_case_0111_out"   --->   Operation 1872 'store' 'store_ln0' <Predicate = (!icmp_ln119)> <Delay = 0.00>
ST_2 : Operation 1873 [1/1] (0.00ns)   --->   "%store_ln0 = store i32 %mux_case_3110_load, i32 %mux_case_3110_out"   --->   Operation 1873 'store' 'store_ln0' <Predicate = (!icmp_ln119)> <Delay = 0.00>
ST_2 : Operation 1874 [1/1] (0.00ns)   --->   "%store_ln0 = store i32 %mux_case_2109_load, i32 %mux_case_2109_out"   --->   Operation 1874 'store' 'store_ln0' <Predicate = (!icmp_ln119)> <Delay = 0.00>
ST_2 : Operation 1875 [1/1] (0.00ns)   --->   "%store_ln0 = store i32 %mux_case_1108_load, i32 %mux_case_1108_out"   --->   Operation 1875 'store' 'store_ln0' <Predicate = (!icmp_ln119)> <Delay = 0.00>
ST_2 : Operation 1876 [1/1] (0.00ns)   --->   "%store_ln0 = store i32 %mux_case_0107_load, i32 %mux_case_0107_out"   --->   Operation 1876 'store' 'store_ln0' <Predicate = (!icmp_ln119)> <Delay = 0.00>
ST_2 : Operation 1877 [1/1] (0.00ns)   --->   "%store_ln0 = store i32 %mux_case_3105_load, i32 %mux_case_3105_out"   --->   Operation 1877 'store' 'store_ln0' <Predicate = (!icmp_ln119)> <Delay = 0.00>
ST_2 : Operation 1878 [1/1] (0.00ns)   --->   "%store_ln0 = store i32 %mux_case_2104_load, i32 %mux_case_2104_out"   --->   Operation 1878 'store' 'store_ln0' <Predicate = (!icmp_ln119)> <Delay = 0.00>
ST_2 : Operation 1879 [1/1] (0.00ns)   --->   "%store_ln0 = store i32 %mux_case_1103_load, i32 %mux_case_1103_out"   --->   Operation 1879 'store' 'store_ln0' <Predicate = (!icmp_ln119)> <Delay = 0.00>
ST_2 : Operation 1880 [1/1] (0.00ns)   --->   "%store_ln0 = store i32 %mux_case_0102_load, i32 %mux_case_0102_out"   --->   Operation 1880 'store' 'store_ln0' <Predicate = (!icmp_ln119)> <Delay = 0.00>
ST_2 : Operation 1881 [1/1] (0.00ns)   --->   "%store_ln0 = store i32 %mux_case_3100_load, i32 %mux_case_3100_out"   --->   Operation 1881 'store' 'store_ln0' <Predicate = (!icmp_ln119)> <Delay = 0.00>
ST_2 : Operation 1882 [1/1] (0.00ns)   --->   "%store_ln0 = store i32 %mux_case_299_load, i32 %mux_case_299_out"   --->   Operation 1882 'store' 'store_ln0' <Predicate = (!icmp_ln119)> <Delay = 0.00>
ST_2 : Operation 1883 [1/1] (0.00ns)   --->   "%store_ln0 = store i32 %mux_case_198_load, i32 %mux_case_198_out"   --->   Operation 1883 'store' 'store_ln0' <Predicate = (!icmp_ln119)> <Delay = 0.00>
ST_2 : Operation 1884 [1/1] (0.00ns)   --->   "%store_ln0 = store i32 %mux_case_097_load, i32 %mux_case_097_out"   --->   Operation 1884 'store' 'store_ln0' <Predicate = (!icmp_ln119)> <Delay = 0.00>
ST_2 : Operation 1885 [1/1] (0.00ns)   --->   "%store_ln0 = store i32 %mux_case_395_load, i32 %mux_case_395_out"   --->   Operation 1885 'store' 'store_ln0' <Predicate = (!icmp_ln119)> <Delay = 0.00>
ST_2 : Operation 1886 [1/1] (0.00ns)   --->   "%store_ln0 = store i32 %mux_case_294_load, i32 %mux_case_294_out"   --->   Operation 1886 'store' 'store_ln0' <Predicate = (!icmp_ln119)> <Delay = 0.00>
ST_2 : Operation 1887 [1/1] (0.00ns)   --->   "%store_ln0 = store i32 %mux_case_193_load, i32 %mux_case_193_out"   --->   Operation 1887 'store' 'store_ln0' <Predicate = (!icmp_ln119)> <Delay = 0.00>
ST_2 : Operation 1888 [1/1] (0.00ns)   --->   "%store_ln0 = store i32 %mux_case_092_load, i32 %mux_case_092_out"   --->   Operation 1888 'store' 'store_ln0' <Predicate = (!icmp_ln119)> <Delay = 0.00>
ST_2 : Operation 1889 [1/1] (0.00ns)   --->   "%store_ln0 = store i32 %mux_case_3_load, i32 %mux_case_3_out"   --->   Operation 1889 'store' 'store_ln0' <Predicate = (!icmp_ln119)> <Delay = 0.00>
ST_2 : Operation 1890 [1/1] (0.00ns)   --->   "%store_ln0 = store i32 %mux_case_2_load, i32 %mux_case_2_out"   --->   Operation 1890 'store' 'store_ln0' <Predicate = (!icmp_ln119)> <Delay = 0.00>
ST_2 : Operation 1891 [1/1] (0.00ns)   --->   "%store_ln0 = store i32 %mux_case_1_load, i32 %mux_case_1_out"   --->   Operation 1891 'store' 'store_ln0' <Predicate = (!icmp_ln119)> <Delay = 0.00>
ST_2 : Operation 1892 [1/1] (0.00ns)   --->   "%ret_ln0 = ret"   --->   Operation 1892 'ret' 'ret_ln0' <Predicate = (!icmp_ln119)> <Delay = 0.00>

State 3 <SV = 2> <Delay = 8.41>
ST_3 : Operation 325 [2/2] (8.41ns)   --->   "%mul = fmul i32 %ai_r, i32 %ai_r" [top_cmplx.cpp:130]   --->   Operation 325 'fmul' 'mul' <Predicate = (icmp_ln119)> <Delay = 8.41> <CoreInst = "FMul_maxdsp">   --->   Core 30 'FMul_maxdsp' <Latency = 1> <II = 1> <Delay = 8.41> <FuncUnit> <Opcode : 'fmul'> <InPorts = 2> <OutPorts = 1>
ST_3 : Operation 326 [2/2] (8.41ns)   --->   "%mul1 = fmul i32 %ai_i, i32 %ai_i" [top_cmplx.cpp:130]   --->   Operation 326 'fmul' 'mul1' <Predicate = (icmp_ln119)> <Delay = 8.41> <CoreInst = "FMul_maxdsp">   --->   Core 30 'FMul_maxdsp' <Latency = 1> <II = 1> <Delay = 8.41> <FuncUnit> <Opcode : 'fmul'> <InPorts = 2> <OutPorts = 1>
ST_3 : Operation 327 [2/2] (8.41ns)   --->   "%mul2 = fmul i32 %aj_r, i32 %aj_r" [top_cmplx.cpp:131]   --->   Operation 327 'fmul' 'mul2' <Predicate = (icmp_ln119)> <Delay = 8.41> <CoreInst = "FMul_maxdsp">   --->   Core 30 'FMul_maxdsp' <Latency = 1> <II = 1> <Delay = 8.41> <FuncUnit> <Opcode : 'fmul'> <InPorts = 2> <OutPorts = 1>
ST_3 : Operation 328 [2/2] (8.41ns)   --->   "%mul3 = fmul i32 %aj_i, i32 %aj_i" [top_cmplx.cpp:131]   --->   Operation 328 'fmul' 'mul3' <Predicate = (icmp_ln119)> <Delay = 8.41> <CoreInst = "FMul_maxdsp">   --->   Core 30 'FMul_maxdsp' <Latency = 1> <II = 1> <Delay = 8.41> <FuncUnit> <Opcode : 'fmul'> <InPorts = 2> <OutPorts = 1>

State 4 <SV = 3> <Delay = 8.41>
ST_4 : Operation 329 [1/2] (8.41ns)   --->   "%mul = fmul i32 %ai_r, i32 %ai_r" [top_cmplx.cpp:130]   --->   Operation 329 'fmul' 'mul' <Predicate = (icmp_ln119)> <Delay = 8.41> <CoreInst = "FMul_maxdsp">   --->   Core 30 'FMul_maxdsp' <Latency = 1> <II = 1> <Delay = 8.41> <FuncUnit> <Opcode : 'fmul'> <InPorts = 2> <OutPorts = 1>
ST_4 : Operation 330 [1/2] (8.41ns)   --->   "%mul1 = fmul i32 %ai_i, i32 %ai_i" [top_cmplx.cpp:130]   --->   Operation 330 'fmul' 'mul1' <Predicate = (icmp_ln119)> <Delay = 8.41> <CoreInst = "FMul_maxdsp">   --->   Core 30 'FMul_maxdsp' <Latency = 1> <II = 1> <Delay = 8.41> <FuncUnit> <Opcode : 'fmul'> <InPorts = 2> <OutPorts = 1>
ST_4 : Operation 331 [1/2] (8.41ns)   --->   "%mul2 = fmul i32 %aj_r, i32 %aj_r" [top_cmplx.cpp:131]   --->   Operation 331 'fmul' 'mul2' <Predicate = (icmp_ln119)> <Delay = 8.41> <CoreInst = "FMul_maxdsp">   --->   Core 30 'FMul_maxdsp' <Latency = 1> <II = 1> <Delay = 8.41> <FuncUnit> <Opcode : 'fmul'> <InPorts = 2> <OutPorts = 1>
ST_4 : Operation 332 [1/2] (8.41ns)   --->   "%mul3 = fmul i32 %aj_i, i32 %aj_i" [top_cmplx.cpp:131]   --->   Operation 332 'fmul' 'mul3' <Predicate = (icmp_ln119)> <Delay = 8.41> <CoreInst = "FMul_maxdsp">   --->   Core 30 'FMul_maxdsp' <Latency = 1> <II = 1> <Delay = 8.41> <FuncUnit> <Opcode : 'fmul'> <InPorts = 2> <OutPorts = 1>

State 5 <SV = 4> <Delay = 6.43>
ST_5 : Operation 333 [4/4] (6.43ns)   --->   "%p_x_assign = fadd i32 %mul, i32 %mul1" [top_cmplx.cpp:130]   --->   Operation 333 'fadd' 'p_x_assign' <Predicate = (icmp_ln119)> <Delay = 6.43> <CoreInst = "FAddSub_fulldsp">   --->   Core 18 'FAddSub_fulldsp' <Latency = 3> <II = 1> <Delay = 6.43> <FuncUnit> <Opcode : 'fadd' 'fsub'> <InPorts = 2> <OutPorts = 1>
ST_5 : Operation 334 [4/4] (6.43ns)   --->   "%p_x_assign_1 = fadd i32 %mul2, i32 %mul3" [top_cmplx.cpp:131]   --->   Operation 334 'fadd' 'p_x_assign_1' <Predicate = (icmp_ln119)> <Delay = 6.43> <CoreInst = "FAddSub_fulldsp">   --->   Core 18 'FAddSub_fulldsp' <Latency = 3> <II = 1> <Delay = 6.43> <FuncUnit> <Opcode : 'fadd' 'fsub'> <InPorts = 2> <OutPorts = 1>

State 6 <SV = 5> <Delay = 6.43>
ST_6 : Operation 335 [3/4] (6.43ns)   --->   "%p_x_assign = fadd i32 %mul, i32 %mul1" [top_cmplx.cpp:130]   --->   Operation 335 'fadd' 'p_x_assign' <Predicate = (icmp_ln119)> <Delay = 6.43> <CoreInst = "FAddSub_fulldsp">   --->   Core 18 'FAddSub_fulldsp' <Latency = 3> <II = 1> <Delay = 6.43> <FuncUnit> <Opcode : 'fadd' 'fsub'> <InPorts = 2> <OutPorts = 1>
ST_6 : Operation 336 [3/4] (6.43ns)   --->   "%p_x_assign_1 = fadd i32 %mul2, i32 %mul3" [top_cmplx.cpp:131]   --->   Operation 336 'fadd' 'p_x_assign_1' <Predicate = (icmp_ln119)> <Delay = 6.43> <CoreInst = "FAddSub_fulldsp">   --->   Core 18 'FAddSub_fulldsp' <Latency = 3> <II = 1> <Delay = 6.43> <FuncUnit> <Opcode : 'fadd' 'fsub'> <InPorts = 2> <OutPorts = 1>

State 7 <SV = 6> <Delay = 6.43>
ST_7 : Operation 337 [2/4] (6.43ns)   --->   "%p_x_assign = fadd i32 %mul, i32 %mul1" [top_cmplx.cpp:130]   --->   Operation 337 'fadd' 'p_x_assign' <Predicate = (icmp_ln119)> <Delay = 6.43> <CoreInst = "FAddSub_fulldsp">   --->   Core 18 'FAddSub_fulldsp' <Latency = 3> <II = 1> <Delay = 6.43> <FuncUnit> <Opcode : 'fadd' 'fsub'> <InPorts = 2> <OutPorts = 1>
ST_7 : Operation 338 [2/4] (6.43ns)   --->   "%p_x_assign_1 = fadd i32 %mul2, i32 %mul3" [top_cmplx.cpp:131]   --->   Operation 338 'fadd' 'p_x_assign_1' <Predicate = (icmp_ln119)> <Delay = 6.43> <CoreInst = "FAddSub_fulldsp">   --->   Core 18 'FAddSub_fulldsp' <Latency = 3> <II = 1> <Delay = 6.43> <FuncUnit> <Opcode : 'fadd' 'fsub'> <InPorts = 2> <OutPorts = 1>

State 8 <SV = 7> <Delay = 6.43>
ST_8 : Operation 339 [1/4] (6.43ns)   --->   "%p_x_assign = fadd i32 %mul, i32 %mul1" [top_cmplx.cpp:130]   --->   Operation 339 'fadd' 'p_x_assign' <Predicate = (icmp_ln119)> <Delay = 6.43> <CoreInst = "FAddSub_fulldsp">   --->   Core 18 'FAddSub_fulldsp' <Latency = 3> <II = 1> <Delay = 6.43> <FuncUnit> <Opcode : 'fadd' 'fsub'> <InPorts = 2> <OutPorts = 1>
ST_8 : Operation 340 [1/4] (6.43ns)   --->   "%p_x_assign_1 = fadd i32 %mul2, i32 %mul3" [top_cmplx.cpp:131]   --->   Operation 340 'fadd' 'p_x_assign_1' <Predicate = (icmp_ln119)> <Delay = 6.43> <CoreInst = "FAddSub_fulldsp">   --->   Core 18 'FAddSub_fulldsp' <Latency = 3> <II = 1> <Delay = 6.43> <FuncUnit> <Opcode : 'fadd' 'fsub'> <InPorts = 2> <OutPorts = 1>

State 9 <SV = 8> <Delay = 8.41>
ST_9 : Operation 341 [7/7] (8.41ns)   --->   "%a_mag = fsqrt i32 @llvm.sqrt.f32, i32 %p_x_assign" [C:/Xilinx/Vitis_HLS/2023.2/tps/mingw/8.3.0/win64.o/nt\lib\gcc\x86_64-w64-mingw32\8.3.0\include\c++\cmath:464->top_cmplx.cpp:130]   --->   Operation 341 'fsqrt' 'a_mag' <Predicate = (icmp_ln119)> <Delay = 8.41> <CoreInst = "FSqrt">   --->   Core 35 'FSqrt' <Latency = 6> <II = 1> <Delay = 8.41> <FuncUnit> <Opcode : 'fsqrt'> <InPorts = 1> <OutPorts = 1>
ST_9 : Operation 342 [7/7] (8.41ns)   --->   "%b_mag = fsqrt i32 @llvm.sqrt.f32, i32 %p_x_assign_1" [C:/Xilinx/Vitis_HLS/2023.2/tps/mingw/8.3.0/win64.o/nt\lib\gcc\x86_64-w64-mingw32\8.3.0\include\c++\cmath:464->top_cmplx.cpp:131]   --->   Operation 342 'fsqrt' 'b_mag' <Predicate = (icmp_ln119)> <Delay = 8.41> <CoreInst = "FSqrt">   --->   Core 35 'FSqrt' <Latency = 6> <II = 1> <Delay = 8.41> <FuncUnit> <Opcode : 'fsqrt'> <InPorts = 1> <OutPorts = 1>

State 10 <SV = 9> <Delay = 8.41>
ST_10 : Operation 343 [6/7] (8.41ns)   --->   "%a_mag = fsqrt i32 @llvm.sqrt.f32, i32 %p_x_assign" [C:/Xilinx/Vitis_HLS/2023.2/tps/mingw/8.3.0/win64.o/nt\lib\gcc\x86_64-w64-mingw32\8.3.0\include\c++\cmath:464->top_cmplx.cpp:130]   --->   Operation 343 'fsqrt' 'a_mag' <Predicate = (icmp_ln119)> <Delay = 8.41> <CoreInst = "FSqrt">   --->   Core 35 'FSqrt' <Latency = 6> <II = 1> <Delay = 8.41> <FuncUnit> <Opcode : 'fsqrt'> <InPorts = 1> <OutPorts = 1>
ST_10 : Operation 344 [6/7] (8.41ns)   --->   "%b_mag = fsqrt i32 @llvm.sqrt.f32, i32 %p_x_assign_1" [C:/Xilinx/Vitis_HLS/2023.2/tps/mingw/8.3.0/win64.o/nt\lib\gcc\x86_64-w64-mingw32\8.3.0\include\c++\cmath:464->top_cmplx.cpp:131]   --->   Operation 344 'fsqrt' 'b_mag' <Predicate = (icmp_ln119)> <Delay = 8.41> <CoreInst = "FSqrt">   --->   Core 35 'FSqrt' <Latency = 6> <II = 1> <Delay = 8.41> <FuncUnit> <Opcode : 'fsqrt'> <InPorts = 1> <OutPorts = 1>

State 11 <SV = 10> <Delay = 8.41>
ST_11 : Operation 345 [5/7] (8.41ns)   --->   "%a_mag = fsqrt i32 @llvm.sqrt.f32, i32 %p_x_assign" [C:/Xilinx/Vitis_HLS/2023.2/tps/mingw/8.3.0/win64.o/nt\lib\gcc\x86_64-w64-mingw32\8.3.0\include\c++\cmath:464->top_cmplx.cpp:130]   --->   Operation 345 'fsqrt' 'a_mag' <Predicate = (icmp_ln119)> <Delay = 8.41> <CoreInst = "FSqrt">   --->   Core 35 'FSqrt' <Latency = 6> <II = 1> <Delay = 8.41> <FuncUnit> <Opcode : 'fsqrt'> <InPorts = 1> <OutPorts = 1>
ST_11 : Operation 346 [5/7] (8.41ns)   --->   "%b_mag = fsqrt i32 @llvm.sqrt.f32, i32 %p_x_assign_1" [C:/Xilinx/Vitis_HLS/2023.2/tps/mingw/8.3.0/win64.o/nt\lib\gcc\x86_64-w64-mingw32\8.3.0\include\c++\cmath:464->top_cmplx.cpp:131]   --->   Operation 346 'fsqrt' 'b_mag' <Predicate = (icmp_ln119)> <Delay = 8.41> <CoreInst = "FSqrt">   --->   Core 35 'FSqrt' <Latency = 6> <II = 1> <Delay = 8.41> <FuncUnit> <Opcode : 'fsqrt'> <InPorts = 1> <OutPorts = 1>

State 12 <SV = 11> <Delay = 8.41>
ST_12 : Operation 347 [4/7] (8.41ns)   --->   "%a_mag = fsqrt i32 @llvm.sqrt.f32, i32 %p_x_assign" [C:/Xilinx/Vitis_HLS/2023.2/tps/mingw/8.3.0/win64.o/nt\lib\gcc\x86_64-w64-mingw32\8.3.0\include\c++\cmath:464->top_cmplx.cpp:130]   --->   Operation 347 'fsqrt' 'a_mag' <Predicate = (icmp_ln119)> <Delay = 8.41> <CoreInst = "FSqrt">   --->   Core 35 'FSqrt' <Latency = 6> <II = 1> <Delay = 8.41> <FuncUnit> <Opcode : 'fsqrt'> <InPorts = 1> <OutPorts = 1>
ST_12 : Operation 348 [4/7] (8.41ns)   --->   "%b_mag = fsqrt i32 @llvm.sqrt.f32, i32 %p_x_assign_1" [C:/Xilinx/Vitis_HLS/2023.2/tps/mingw/8.3.0/win64.o/nt\lib\gcc\x86_64-w64-mingw32\8.3.0\include\c++\cmath:464->top_cmplx.cpp:131]   --->   Operation 348 'fsqrt' 'b_mag' <Predicate = (icmp_ln119)> <Delay = 8.41> <CoreInst = "FSqrt">   --->   Core 35 'FSqrt' <Latency = 6> <II = 1> <Delay = 8.41> <FuncUnit> <Opcode : 'fsqrt'> <InPorts = 1> <OutPorts = 1>

State 13 <SV = 12> <Delay = 8.41>
ST_13 : Operation 349 [3/7] (8.41ns)   --->   "%a_mag = fsqrt i32 @llvm.sqrt.f32, i32 %p_x_assign" [C:/Xilinx/Vitis_HLS/2023.2/tps/mingw/8.3.0/win64.o/nt\lib\gcc\x86_64-w64-mingw32\8.3.0\include\c++\cmath:464->top_cmplx.cpp:130]   --->   Operation 349 'fsqrt' 'a_mag' <Predicate = (icmp_ln119)> <Delay = 8.41> <CoreInst = "FSqrt">   --->   Core 35 'FSqrt' <Latency = 6> <II = 1> <Delay = 8.41> <FuncUnit> <Opcode : 'fsqrt'> <InPorts = 1> <OutPorts = 1>
ST_13 : Operation 350 [3/7] (8.41ns)   --->   "%b_mag = fsqrt i32 @llvm.sqrt.f32, i32 %p_x_assign_1" [C:/Xilinx/Vitis_HLS/2023.2/tps/mingw/8.3.0/win64.o/nt\lib\gcc\x86_64-w64-mingw32\8.3.0\include\c++\cmath:464->top_cmplx.cpp:131]   --->   Operation 350 'fsqrt' 'b_mag' <Predicate = (icmp_ln119)> <Delay = 8.41> <CoreInst = "FSqrt">   --->   Core 35 'FSqrt' <Latency = 6> <II = 1> <Delay = 8.41> <FuncUnit> <Opcode : 'fsqrt'> <InPorts = 1> <OutPorts = 1>

State 14 <SV = 13> <Delay = 8.41>
ST_14 : Operation 351 [2/7] (8.41ns)   --->   "%a_mag = fsqrt i32 @llvm.sqrt.f32, i32 %p_x_assign" [C:/Xilinx/Vitis_HLS/2023.2/tps/mingw/8.3.0/win64.o/nt\lib\gcc\x86_64-w64-mingw32\8.3.0\include\c++\cmath:464->top_cmplx.cpp:130]   --->   Operation 351 'fsqrt' 'a_mag' <Predicate = (icmp_ln119)> <Delay = 8.41> <CoreInst = "FSqrt">   --->   Core 35 'FSqrt' <Latency = 6> <II = 1> <Delay = 8.41> <FuncUnit> <Opcode : 'fsqrt'> <InPorts = 1> <OutPorts = 1>
ST_14 : Operation 352 [2/7] (8.41ns)   --->   "%b_mag = fsqrt i32 @llvm.sqrt.f32, i32 %p_x_assign_1" [C:/Xilinx/Vitis_HLS/2023.2/tps/mingw/8.3.0/win64.o/nt\lib\gcc\x86_64-w64-mingw32\8.3.0\include\c++\cmath:464->top_cmplx.cpp:131]   --->   Operation 352 'fsqrt' 'b_mag' <Predicate = (icmp_ln119)> <Delay = 8.41> <CoreInst = "FSqrt">   --->   Core 35 'FSqrt' <Latency = 6> <II = 1> <Delay = 8.41> <FuncUnit> <Opcode : 'fsqrt'> <InPorts = 1> <OutPorts = 1>

State 15 <SV = 14> <Delay = 8.41>
ST_15 : Operation 353 [1/7] (8.41ns)   --->   "%a_mag = fsqrt i32 @llvm.sqrt.f32, i32 %p_x_assign" [C:/Xilinx/Vitis_HLS/2023.2/tps/mingw/8.3.0/win64.o/nt\lib\gcc\x86_64-w64-mingw32\8.3.0\include\c++\cmath:464->top_cmplx.cpp:130]   --->   Operation 353 'fsqrt' 'a_mag' <Predicate = (icmp_ln119)> <Delay = 8.41> <CoreInst = "FSqrt">   --->   Core 35 'FSqrt' <Latency = 6> <II = 1> <Delay = 8.41> <FuncUnit> <Opcode : 'fsqrt'> <InPorts = 1> <OutPorts = 1>
ST_15 : Operation 354 [1/7] (8.41ns)   --->   "%b_mag = fsqrt i32 @llvm.sqrt.f32, i32 %p_x_assign_1" [C:/Xilinx/Vitis_HLS/2023.2/tps/mingw/8.3.0/win64.o/nt\lib\gcc\x86_64-w64-mingw32\8.3.0\include\c++\cmath:464->top_cmplx.cpp:131]   --->   Operation 354 'fsqrt' 'b_mag' <Predicate = (icmp_ln119)> <Delay = 8.41> <CoreInst = "FSqrt">   --->   Core 35 'FSqrt' <Latency = 6> <II = 1> <Delay = 8.41> <FuncUnit> <Opcode : 'fsqrt'> <InPorts = 1> <OutPorts = 1>

State 16 <SV = 15> <Delay = 8.41>
ST_16 : Operation 355 [2/2] (8.41ns)   --->   "%mul_i = fmul i32 %a_mag, i32 %a_mag" [top_cmplx.cpp:7->top_cmplx.cpp:133]   --->   Operation 355 'fmul' 'mul_i' <Predicate = (icmp_ln119)> <Delay = 8.41> <CoreInst = "FMul_maxdsp">   --->   Core 30 'FMul_maxdsp' <Latency = 1> <II = 1> <Delay = 8.41> <FuncUnit> <Opcode : 'fmul'> <InPorts = 2> <OutPorts = 1>
ST_16 : Operation 356 [2/2] (8.41ns)   --->   "%mul1_i = fmul i32 %b_mag, i32 %b_mag" [top_cmplx.cpp:7->top_cmplx.cpp:133]   --->   Operation 356 'fmul' 'mul1_i' <Predicate = (icmp_ln119)> <Delay = 8.41> <CoreInst = "FMul_maxdsp">   --->   Core 30 'FMul_maxdsp' <Latency = 1> <II = 1> <Delay = 8.41> <FuncUnit> <Opcode : 'fmul'> <InPorts = 2> <OutPorts = 1>

State 17 <SV = 16> <Delay = 8.41>
ST_17 : Operation 357 [1/2] (8.41ns)   --->   "%mul_i = fmul i32 %a_mag, i32 %a_mag" [top_cmplx.cpp:7->top_cmplx.cpp:133]   --->   Operation 357 'fmul' 'mul_i' <Predicate = (icmp_ln119)> <Delay = 8.41> <CoreInst = "FMul_maxdsp">   --->   Core 30 'FMul_maxdsp' <Latency = 1> <II = 1> <Delay = 8.41> <FuncUnit> <Opcode : 'fmul'> <InPorts = 2> <OutPorts = 1>
ST_17 : Operation 358 [1/2] (8.41ns)   --->   "%mul1_i = fmul i32 %b_mag, i32 %b_mag" [top_cmplx.cpp:7->top_cmplx.cpp:133]   --->   Operation 358 'fmul' 'mul1_i' <Predicate = (icmp_ln119)> <Delay = 8.41> <CoreInst = "FMul_maxdsp">   --->   Core 30 'FMul_maxdsp' <Latency = 1> <II = 1> <Delay = 8.41> <FuncUnit> <Opcode : 'fmul'> <InPorts = 2> <OutPorts = 1>

State 18 <SV = 17> <Delay = 6.43>
ST_18 : Operation 359 [4/4] (6.43ns)   --->   "%p_x_assign_2 = fadd i32 %mul_i, i32 %mul1_i" [top_cmplx.cpp:7->top_cmplx.cpp:133]   --->   Operation 359 'fadd' 'p_x_assign_2' <Predicate = (icmp_ln119)> <Delay = 6.43> <CoreInst = "FAddSub_fulldsp">   --->   Core 18 'FAddSub_fulldsp' <Latency = 3> <II = 1> <Delay = 6.43> <FuncUnit> <Opcode : 'fadd' 'fsub'> <InPorts = 2> <OutPorts = 1>

State 19 <SV = 18> <Delay = 6.43>
ST_19 : Operation 360 [3/4] (6.43ns)   --->   "%p_x_assign_2 = fadd i32 %mul_i, i32 %mul1_i" [top_cmplx.cpp:7->top_cmplx.cpp:133]   --->   Operation 360 'fadd' 'p_x_assign_2' <Predicate = (icmp_ln119)> <Delay = 6.43> <CoreInst = "FAddSub_fulldsp">   --->   Core 18 'FAddSub_fulldsp' <Latency = 3> <II = 1> <Delay = 6.43> <FuncUnit> <Opcode : 'fadd' 'fsub'> <InPorts = 2> <OutPorts = 1>

State 20 <SV = 19> <Delay = 6.43>
ST_20 : Operation 361 [2/4] (6.43ns)   --->   "%p_x_assign_2 = fadd i32 %mul_i, i32 %mul1_i" [top_cmplx.cpp:7->top_cmplx.cpp:133]   --->   Operation 361 'fadd' 'p_x_assign_2' <Predicate = (icmp_ln119)> <Delay = 6.43> <CoreInst = "FAddSub_fulldsp">   --->   Core 18 'FAddSub_fulldsp' <Latency = 3> <II = 1> <Delay = 6.43> <FuncUnit> <Opcode : 'fadd' 'fsub'> <InPorts = 2> <OutPorts = 1>

State 21 <SV = 20> <Delay = 6.43>
ST_21 : Operation 362 [1/4] (6.43ns)   --->   "%p_x_assign_2 = fadd i32 %mul_i, i32 %mul1_i" [top_cmplx.cpp:7->top_cmplx.cpp:133]   --->   Operation 362 'fadd' 'p_x_assign_2' <Predicate = (icmp_ln119)> <Delay = 6.43> <CoreInst = "FAddSub_fulldsp">   --->   Core 18 'FAddSub_fulldsp' <Latency = 3> <II = 1> <Delay = 6.43> <FuncUnit> <Opcode : 'fadd' 'fsub'> <InPorts = 2> <OutPorts = 1>

State 22 <SV = 21> <Delay = 8.41>
ST_22 : Operation 363 [7/7] (8.41ns)   --->   "%r = fsqrt i32 @llvm.sqrt.f32, i32 %p_x_assign_2" [C:/Xilinx/Vitis_HLS/2023.2/tps/mingw/8.3.0/win64.o/nt\lib\gcc\x86_64-w64-mingw32\8.3.0\include\c++\cmath:464->top_cmplx.cpp:7->top_cmplx.cpp:133]   --->   Operation 363 'fsqrt' 'r' <Predicate = (icmp_ln119)> <Delay = 8.41> <CoreInst = "FSqrt">   --->   Core 35 'FSqrt' <Latency = 6> <II = 1> <Delay = 8.41> <FuncUnit> <Opcode : 'fsqrt'> <InPorts = 1> <OutPorts = 1>

State 23 <SV = 22> <Delay = 8.41>
ST_23 : Operation 364 [6/7] (8.41ns)   --->   "%r = fsqrt i32 @llvm.sqrt.f32, i32 %p_x_assign_2" [C:/Xilinx/Vitis_HLS/2023.2/tps/mingw/8.3.0/win64.o/nt\lib\gcc\x86_64-w64-mingw32\8.3.0\include\c++\cmath:464->top_cmplx.cpp:7->top_cmplx.cpp:133]   --->   Operation 364 'fsqrt' 'r' <Predicate = (icmp_ln119)> <Delay = 8.41> <CoreInst = "FSqrt">   --->   Core 35 'FSqrt' <Latency = 6> <II = 1> <Delay = 8.41> <FuncUnit> <Opcode : 'fsqrt'> <InPorts = 1> <OutPorts = 1>

State 24 <SV = 23> <Delay = 8.41>
ST_24 : Operation 365 [5/7] (8.41ns)   --->   "%r = fsqrt i32 @llvm.sqrt.f32, i32 %p_x_assign_2" [C:/Xilinx/Vitis_HLS/2023.2/tps/mingw/8.3.0/win64.o/nt\lib\gcc\x86_64-w64-mingw32\8.3.0\include\c++\cmath:464->top_cmplx.cpp:7->top_cmplx.cpp:133]   --->   Operation 365 'fsqrt' 'r' <Predicate = (icmp_ln119)> <Delay = 8.41> <CoreInst = "FSqrt">   --->   Core 35 'FSqrt' <Latency = 6> <II = 1> <Delay = 8.41> <FuncUnit> <Opcode : 'fsqrt'> <InPorts = 1> <OutPorts = 1>

State 25 <SV = 24> <Delay = 8.41>
ST_25 : Operation 366 [4/7] (8.41ns)   --->   "%r = fsqrt i32 @llvm.sqrt.f32, i32 %p_x_assign_2" [C:/Xilinx/Vitis_HLS/2023.2/tps/mingw/8.3.0/win64.o/nt\lib\gcc\x86_64-w64-mingw32\8.3.0\include\c++\cmath:464->top_cmplx.cpp:7->top_cmplx.cpp:133]   --->   Operation 366 'fsqrt' 'r' <Predicate = (icmp_ln119)> <Delay = 8.41> <CoreInst = "FSqrt">   --->   Core 35 'FSqrt' <Latency = 6> <II = 1> <Delay = 8.41> <FuncUnit> <Opcode : 'fsqrt'> <InPorts = 1> <OutPorts = 1>

State 26 <SV = 25> <Delay = 8.41>
ST_26 : Operation 367 [3/7] (8.41ns)   --->   "%r = fsqrt i32 @llvm.sqrt.f32, i32 %p_x_assign_2" [C:/Xilinx/Vitis_HLS/2023.2/tps/mingw/8.3.0/win64.o/nt\lib\gcc\x86_64-w64-mingw32\8.3.0\include\c++\cmath:464->top_cmplx.cpp:7->top_cmplx.cpp:133]   --->   Operation 367 'fsqrt' 'r' <Predicate = (icmp_ln119)> <Delay = 8.41> <CoreInst = "FSqrt">   --->   Core 35 'FSqrt' <Latency = 6> <II = 1> <Delay = 8.41> <FuncUnit> <Opcode : 'fsqrt'> <InPorts = 1> <OutPorts = 1>

State 27 <SV = 26> <Delay = 8.41>
ST_27 : Operation 368 [2/7] (8.41ns)   --->   "%r = fsqrt i32 @llvm.sqrt.f32, i32 %p_x_assign_2" [C:/Xilinx/Vitis_HLS/2023.2/tps/mingw/8.3.0/win64.o/nt\lib\gcc\x86_64-w64-mingw32\8.3.0\include\c++\cmath:464->top_cmplx.cpp:7->top_cmplx.cpp:133]   --->   Operation 368 'fsqrt' 'r' <Predicate = (icmp_ln119)> <Delay = 8.41> <CoreInst = "FSqrt">   --->   Core 35 'FSqrt' <Latency = 6> <II = 1> <Delay = 8.41> <FuncUnit> <Opcode : 'fsqrt'> <InPorts = 1> <OutPorts = 1>

State 28 <SV = 27> <Delay = 8.41>
ST_28 : Operation 369 [1/7] (8.41ns)   --->   "%r = fsqrt i32 @llvm.sqrt.f32, i32 %p_x_assign_2" [C:/Xilinx/Vitis_HLS/2023.2/tps/mingw/8.3.0/win64.o/nt\lib\gcc\x86_64-w64-mingw32\8.3.0\include\c++\cmath:464->top_cmplx.cpp:7->top_cmplx.cpp:133]   --->   Operation 369 'fsqrt' 'r' <Predicate = (icmp_ln119)> <Delay = 8.41> <CoreInst = "FSqrt">   --->   Core 35 'FSqrt' <Latency = 6> <II = 1> <Delay = 8.41> <FuncUnit> <Opcode : 'fsqrt'> <InPorts = 1> <OutPorts = 1>

State 29 <SV = 28> <Delay = 2.78>
ST_29 : Operation 370 [2/2] (2.78ns)   --->   "%tmp_27 = fcmp_oeq  i32 %r, i32 0" [top_cmplx.cpp:9->top_cmplx.cpp:133]   --->   Operation 370 'fcmp' 'tmp_27' <Predicate = (icmp_ln119)> <Delay = 2.78> <CoreInst = "FCompare">   --->   Core 19 'FCompare' <Latency = 1> <II = 1> <Delay = 2.78> <FuncUnit> <Opcode : 'fcmp'> <InPorts = 2> <OutPorts = 1>

State 30 <SV = 29> <Delay = 8.62>
ST_30 : Operation 371 [1/1] (0.00ns)   --->   "%specpipeline_ln119 = specpipeline void @_ssdm_op_SpecPipeline, i32 4294967295, i32 0, i32 0, i32 0, void @empty_0" [top_cmplx.cpp:119]   --->   Operation 371 'specpipeline' 'specpipeline_ln119' <Predicate = (icmp_ln119)> <Delay = 0.00>
ST_30 : Operation 372 [1/1] (0.00ns)   --->   "%speclooptripcount_ln119 = speclooptripcount void @_ssdm_op_SpecLoopTripCount, i64 3, i64 6, i64 4" [top_cmplx.cpp:119]   --->   Operation 372 'speclooptripcount' 'speclooptripcount_ln119' <Predicate = (icmp_ln119)> <Delay = 0.00>
ST_30 : Operation 373 [1/1] (0.00ns)   --->   "%specloopname_ln119 = specloopname void @_ssdm_op_SpecLoopName, void @empty_13" [top_cmplx.cpp:119]   --->   Operation 373 'specloopname' 'specloopname_ln119' <Predicate = (icmp_ln119)> <Delay = 0.00>
ST_30 : Operation 374 [1/1] (0.67ns)   --->   "%add_ln119 = add i3 %i_1, i3 7" [top_cmplx.cpp:119]   --->   Operation 374 'add' 'add_ln119' <Predicate = (icmp_ln119)> <Delay = 0.67> <CoreInst = "Adder">   --->   Core 1 'Adder' <Latency = 0> <II = 1> <Delay = 0.67> <FuncUnit> <Opcode : 'add' 'sub'> <InPorts = 2> <OutPorts = 1>
ST_30 : Operation 375 [1/1] (0.00ns)   --->   "%bitcast_ln9 = bitcast i32 %r" [top_cmplx.cpp:9->top_cmplx.cpp:133]   --->   Operation 375 'bitcast' 'bitcast_ln9' <Predicate = (icmp_ln119)> <Delay = 0.00>
ST_30 : Operation 376 [1/1] (0.00ns)   --->   "%tmp_26 = partselect i8 @_ssdm_op_PartSelect.i8.i32.i32.i32, i32 %bitcast_ln9, i32 23, i32 30" [top_cmplx.cpp:9->top_cmplx.cpp:133]   --->   Operation 376 'partselect' 'tmp_26' <Predicate = (icmp_ln119)> <Delay = 0.00>
ST_30 : Operation 377 [1/1] (0.00ns)   --->   "%trunc_ln9 = trunc i32 %bitcast_ln9" [top_cmplx.cpp:9->top_cmplx.cpp:133]   --->   Operation 377 'trunc' 'trunc_ln9' <Predicate = (icmp_ln119)> <Delay = 0.00>
ST_30 : Operation 378 [1/1] (0.76ns)   --->   "%icmp_ln9 = icmp_ne  i8 %tmp_26, i8 255" [top_cmplx.cpp:9->top_cmplx.cpp:133]   --->   Operation 378 'icmp' 'icmp_ln9' <Predicate = (icmp_ln119)> <Delay = 0.76> <CoreInst = "Cmp">   --->   Core 9 'Cmp' <Latency = 0> <II = 1> <Delay = 0.76> <FuncUnit> <Opcode : 'icmp'> <InPorts = 2> <OutPorts = 1>
ST_30 : Operation 379 [1/1] (0.92ns)   --->   "%icmp_ln9_1 = icmp_eq  i23 %trunc_ln9, i23 0" [top_cmplx.cpp:9->top_cmplx.cpp:133]   --->   Operation 379 'icmp' 'icmp_ln9_1' <Predicate = (icmp_ln119)> <Delay = 0.92> <CoreInst = "Cmp">   --->   Core 9 'Cmp' <Latency = 0> <II = 1> <Delay = 0.92> <FuncUnit> <Opcode : 'icmp'> <InPorts = 2> <OutPorts = 1>
ST_30 : Operation 380 [1/1] (0.00ns) (grouped into LUT with out node and_ln9)   --->   "%or_ln9 = or i1 %icmp_ln9_1, i1 %icmp_ln9" [top_cmplx.cpp:9->top_cmplx.cpp:133]   --->   Operation 380 'or' 'or_ln9' <Predicate = (icmp_ln119)> <Delay = 0.00> <CoreInst = "LogicGate">   --->   Core 74 'LogicGate' <Latency = 0> <II = 1> <Delay = 0.28> <FuncUnit> <Opcode : 'and' 'or' 'xor'> <InPorts = 2> <OutPorts = 1>
ST_30 : Operation 381 [1/2] (2.78ns)   --->   "%tmp_27 = fcmp_oeq  i32 %r, i32 0" [top_cmplx.cpp:9->top_cmplx.cpp:133]   --->   Operation 381 'fcmp' 'tmp_27' <Predicate = (icmp_ln119)> <Delay = 2.78> <CoreInst = "FCompare">   --->   Core 19 'FCompare' <Latency = 1> <II = 1> <Delay = 2.78> <FuncUnit> <Opcode : 'fcmp'> <InPorts = 2> <OutPorts = 1>
ST_30 : Operation 382 [1/1] (0.28ns) (out node of the LUT)   --->   "%and_ln9 = and i1 %or_ln9, i1 %tmp_27" [top_cmplx.cpp:9->top_cmplx.cpp:133]   --->   Operation 382 'and' 'and_ln9' <Predicate = (icmp_ln119)> <Delay = 0.28> <CoreInst = "LogicGate">   --->   Core 74 'LogicGate' <Latency = 0> <II = 1> <Delay = 0.28> <FuncUnit> <Opcode : 'and' 'or' 'xor'> <InPorts = 2> <OutPorts = 1>
ST_30 : Operation 383 [1/1] (0.42ns)   --->   "%br_ln9 = br i1 %and_ln9, void %if.else.i, void %_Z23compute_givens_rotationffRfS_.exit" [top_cmplx.cpp:9->top_cmplx.cpp:133]   --->   Operation 383 'br' 'br_ln9' <Predicate = (icmp_ln119)> <Delay = 0.42>
ST_30 : Operation 384 [8/8] (8.27ns)   --->   "%cr = fdiv i32 %a_mag, i32 %r" [top_cmplx.cpp:16->top_cmplx.cpp:133]   --->   Operation 384 'fdiv' 'cr' <Predicate = (icmp_ln119 & !and_ln9)> <Delay = 8.27> <CoreInst = "FDiv">   --->   Core 20 'FDiv' <Latency = 7> <II = 1> <Delay = 8.27> <FuncUnit> <Opcode : 'fdiv' 'frem'> <InPorts = 2> <OutPorts = 1>
ST_30 : Operation 385 [1/1] (0.00ns)   --->   "%bitcast_ln17 = bitcast i32 %b_mag" [top_cmplx.cpp:17->top_cmplx.cpp:133]   --->   Operation 385 'bitcast' 'bitcast_ln17' <Predicate = (icmp_ln119 & !and_ln9)> <Delay = 0.00>
ST_30 : Operation 386 [1/1] (0.35ns)   --->   "%xor_ln17 = xor i32 %bitcast_ln17, i32 2147483648" [top_cmplx.cpp:17->top_cmplx.cpp:133]   --->   Operation 386 'xor' 'xor_ln17' <Predicate = (icmp_ln119 & !and_ln9)> <Delay = 0.35> <CoreInst = "LogicGate">   --->   Core 74 'LogicGate' <Latency = 0> <II = 1> <Delay = 0.35> <FuncUnit> <Opcode : 'and' 'or' 'xor'> <InPorts = 2> <OutPorts = 1>
ST_30 : Operation 387 [1/1] (0.00ns)   --->   "%bitcast_ln17_1 = bitcast i32 %xor_ln17" [top_cmplx.cpp:17->top_cmplx.cpp:133]   --->   Operation 387 'bitcast' 'bitcast_ln17_1' <Predicate = (icmp_ln119 & !and_ln9)> <Delay = 0.00>
ST_30 : Operation 388 [8/8] (8.27ns)   --->   "%sr = fdiv i32 %bitcast_ln17_1, i32 %r" [top_cmplx.cpp:17->top_cmplx.cpp:133]   --->   Operation 388 'fdiv' 'sr' <Predicate = (icmp_ln119 & !and_ln9)> <Delay = 8.27> <CoreInst = "FDiv">   --->   Core 20 'FDiv' <Latency = 7> <II = 1> <Delay = 8.27> <FuncUnit> <Opcode : 'fdiv' 'frem'> <InPorts = 2> <OutPorts = 1>
ST_30 : Operation 389 [1/1] (0.42ns)   --->   "%store_ln119 = store i3 %add_ln119, i3 %i" [top_cmplx.cpp:119]   --->   Operation 389 'store' 'store_ln119' <Predicate = (icmp_ln119)> <Delay = 0.42>

State 31 <SV = 30> <Delay = 8.27>
ST_31 : Operation 390 [7/8] (8.27ns)   --->   "%cr = fdiv i32 %a_mag, i32 %r" [top_cmplx.cpp:16->top_cmplx.cpp:133]   --->   Operation 390 'fdiv' 'cr' <Predicate = (icmp_ln119 & !and_ln9)> <Delay = 8.27> <CoreInst = "FDiv">   --->   Core 20 'FDiv' <Latency = 7> <II = 1> <Delay = 8.27> <FuncUnit> <Opcode : 'fdiv' 'frem'> <InPorts = 2> <OutPorts = 1>
ST_31 : Operation 391 [7/8] (8.27ns)   --->   "%sr = fdiv i32 %bitcast_ln17_1, i32 %r" [top_cmplx.cpp:17->top_cmplx.cpp:133]   --->   Operation 391 'fdiv' 'sr' <Predicate = (icmp_ln119 & !and_ln9)> <Delay = 8.27> <CoreInst = "FDiv">   --->   Core 20 'FDiv' <Latency = 7> <II = 1> <Delay = 8.27> <FuncUnit> <Opcode : 'fdiv' 'frem'> <InPorts = 2> <OutPorts = 1>

State 32 <SV = 31> <Delay = 8.27>
ST_32 : Operation 392 [6/8] (8.27ns)   --->   "%cr = fdiv i32 %a_mag, i32 %r" [top_cmplx.cpp:16->top_cmplx.cpp:133]   --->   Operation 392 'fdiv' 'cr' <Predicate = (icmp_ln119 & !and_ln9)> <Delay = 8.27> <CoreInst = "FDiv">   --->   Core 20 'FDiv' <Latency = 7> <II = 1> <Delay = 8.27> <FuncUnit> <Opcode : 'fdiv' 'frem'> <InPorts = 2> <OutPorts = 1>
ST_32 : Operation 393 [6/8] (8.27ns)   --->   "%sr = fdiv i32 %bitcast_ln17_1, i32 %r" [top_cmplx.cpp:17->top_cmplx.cpp:133]   --->   Operation 393 'fdiv' 'sr' <Predicate = (icmp_ln119 & !and_ln9)> <Delay = 8.27> <CoreInst = "FDiv">   --->   Core 20 'FDiv' <Latency = 7> <II = 1> <Delay = 8.27> <FuncUnit> <Opcode : 'fdiv' 'frem'> <InPorts = 2> <OutPorts = 1>

State 33 <SV = 32> <Delay = 8.27>
ST_33 : Operation 394 [5/8] (8.27ns)   --->   "%cr = fdiv i32 %a_mag, i32 %r" [top_cmplx.cpp:16->top_cmplx.cpp:133]   --->   Operation 394 'fdiv' 'cr' <Predicate = (icmp_ln119 & !and_ln9)> <Delay = 8.27> <CoreInst = "FDiv">   --->   Core 20 'FDiv' <Latency = 7> <II = 1> <Delay = 8.27> <FuncUnit> <Opcode : 'fdiv' 'frem'> <InPorts = 2> <OutPorts = 1>
ST_33 : Operation 395 [5/8] (8.27ns)   --->   "%sr = fdiv i32 %bitcast_ln17_1, i32 %r" [top_cmplx.cpp:17->top_cmplx.cpp:133]   --->   Operation 395 'fdiv' 'sr' <Predicate = (icmp_ln119 & !and_ln9)> <Delay = 8.27> <CoreInst = "FDiv">   --->   Core 20 'FDiv' <Latency = 7> <II = 1> <Delay = 8.27> <FuncUnit> <Opcode : 'fdiv' 'frem'> <InPorts = 2> <OutPorts = 1>

State 34 <SV = 33> <Delay = 8.27>
ST_34 : Operation 396 [4/8] (8.27ns)   --->   "%cr = fdiv i32 %a_mag, i32 %r" [top_cmplx.cpp:16->top_cmplx.cpp:133]   --->   Operation 396 'fdiv' 'cr' <Predicate = (icmp_ln119 & !and_ln9)> <Delay = 8.27> <CoreInst = "FDiv">   --->   Core 20 'FDiv' <Latency = 7> <II = 1> <Delay = 8.27> <FuncUnit> <Opcode : 'fdiv' 'frem'> <InPorts = 2> <OutPorts = 1>
ST_34 : Operation 397 [4/8] (8.27ns)   --->   "%sr = fdiv i32 %bitcast_ln17_1, i32 %r" [top_cmplx.cpp:17->top_cmplx.cpp:133]   --->   Operation 397 'fdiv' 'sr' <Predicate = (icmp_ln119 & !and_ln9)> <Delay = 8.27> <CoreInst = "FDiv">   --->   Core 20 'FDiv' <Latency = 7> <II = 1> <Delay = 8.27> <FuncUnit> <Opcode : 'fdiv' 'frem'> <InPorts = 2> <OutPorts = 1>

State 35 <SV = 34> <Delay = 8.27>
ST_35 : Operation 398 [3/8] (8.27ns)   --->   "%cr = fdiv i32 %a_mag, i32 %r" [top_cmplx.cpp:16->top_cmplx.cpp:133]   --->   Operation 398 'fdiv' 'cr' <Predicate = (icmp_ln119 & !and_ln9)> <Delay = 8.27> <CoreInst = "FDiv">   --->   Core 20 'FDiv' <Latency = 7> <II = 1> <Delay = 8.27> <FuncUnit> <Opcode : 'fdiv' 'frem'> <InPorts = 2> <OutPorts = 1>
ST_35 : Operation 399 [3/8] (8.27ns)   --->   "%sr = fdiv i32 %bitcast_ln17_1, i32 %r" [top_cmplx.cpp:17->top_cmplx.cpp:133]   --->   Operation 399 'fdiv' 'sr' <Predicate = (icmp_ln119 & !and_ln9)> <Delay = 8.27> <CoreInst = "FDiv">   --->   Core 20 'FDiv' <Latency = 7> <II = 1> <Delay = 8.27> <FuncUnit> <Opcode : 'fdiv' 'frem'> <InPorts = 2> <OutPorts = 1>

State 36 <SV = 35> <Delay = 8.27>
ST_36 : Operation 400 [2/8] (8.27ns)   --->   "%cr = fdiv i32 %a_mag, i32 %r" [top_cmplx.cpp:16->top_cmplx.cpp:133]   --->   Operation 400 'fdiv' 'cr' <Predicate = (icmp_ln119 & !and_ln9)> <Delay = 8.27> <CoreInst = "FDiv">   --->   Core 20 'FDiv' <Latency = 7> <II = 1> <Delay = 8.27> <FuncUnit> <Opcode : 'fdiv' 'frem'> <InPorts = 2> <OutPorts = 1>
ST_36 : Operation 401 [2/8] (8.27ns)   --->   "%sr = fdiv i32 %bitcast_ln17_1, i32 %r" [top_cmplx.cpp:17->top_cmplx.cpp:133]   --->   Operation 401 'fdiv' 'sr' <Predicate = (icmp_ln119 & !and_ln9)> <Delay = 8.27> <CoreInst = "FDiv">   --->   Core 20 'FDiv' <Latency = 7> <II = 1> <Delay = 8.27> <FuncUnit> <Opcode : 'fdiv' 'frem'> <InPorts = 2> <OutPorts = 1>

State 37 <SV = 36> <Delay = 8.69>
ST_37 : Operation 402 [1/8] (8.27ns)   --->   "%cr = fdiv i32 %a_mag, i32 %r" [top_cmplx.cpp:16->top_cmplx.cpp:133]   --->   Operation 402 'fdiv' 'cr' <Predicate = (icmp_ln119 & !and_ln9)> <Delay = 8.27> <CoreInst = "FDiv">   --->   Core 20 'FDiv' <Latency = 7> <II = 1> <Delay = 8.27> <FuncUnit> <Opcode : 'fdiv' 'frem'> <InPorts = 2> <OutPorts = 1>
ST_37 : Operation 403 [1/8] (8.27ns)   --->   "%sr = fdiv i32 %bitcast_ln17_1, i32 %r" [top_cmplx.cpp:17->top_cmplx.cpp:133]   --->   Operation 403 'fdiv' 'sr' <Predicate = (icmp_ln119 & !and_ln9)> <Delay = 8.27> <CoreInst = "FDiv">   --->   Core 20 'FDiv' <Latency = 7> <II = 1> <Delay = 8.27> <FuncUnit> <Opcode : 'fdiv' 'frem'> <InPorts = 2> <OutPorts = 1>
ST_37 : Operation 404 [1/1] (0.42ns)   --->   "%br_ln0 = br void %_Z23compute_givens_rotationffRfS_.exit"   --->   Operation 404 'br' 'br_ln0' <Predicate = (icmp_ln119 & !and_ln9)> <Delay = 0.42>

State 38 <SV = 37> <Delay = 8.41>
ST_38 : Operation 405 [1/1] (0.00ns)   --->   "%s = phi i32 %sr, void %if.else.i, i32 0, void %VITIS_LOOP_137_3.split"   --->   Operation 405 'phi' 's' <Predicate = (icmp_ln119)> <Delay = 0.00>
ST_38 : Operation 406 [1/1] (0.00ns)   --->   "%c = phi i32 %cr, void %if.else.i, i32 1, void %VITIS_LOOP_137_3.split"   --->   Operation 406 'phi' 'c' <Predicate = (icmp_ln119)> <Delay = 0.00>
ST_38 : Operation 407 [2/2] (8.41ns)   --->   "%mul_i1 = fmul i32 %c, i32 %ai_r" [top_cmplx.cpp:41->top_cmplx.cpp:146]   --->   Operation 407 'fmul' 'mul_i1' <Predicate = (icmp_ln119)> <Delay = 8.41> <CoreInst = "FMul_maxdsp">   --->   Core 30 'FMul_maxdsp' <Latency = 1> <II = 1> <Delay = 8.41> <FuncUnit> <Opcode : 'fmul'> <InPorts = 2> <OutPorts = 1>
ST_38 : Operation 408 [2/2] (8.41ns)   --->   "%mul17_i = fmul i32 %s, i32 %aj_r" [top_cmplx.cpp:41->top_cmplx.cpp:146]   --->   Operation 408 'fmul' 'mul17_i' <Predicate = (icmp_ln119)> <Delay = 8.41> <CoreInst = "FMul_maxdsp">   --->   Core 30 'FMul_maxdsp' <Latency = 1> <II = 1> <Delay = 8.41> <FuncUnit> <Opcode : 'fmul'> <InPorts = 2> <OutPorts = 1>
ST_38 : Operation 409 [2/2] (8.41ns)   --->   "%mul23_i = fmul i32 %c, i32 %ai_i" [top_cmplx.cpp:42->top_cmplx.cpp:146]   --->   Operation 409 'fmul' 'mul23_i' <Predicate = (icmp_ln119)> <Delay = 8.41> <CoreInst = "FMul_maxdsp">   --->   Core 30 'FMul_maxdsp' <Latency = 1> <II = 1> <Delay = 8.41> <FuncUnit> <Opcode : 'fmul'> <InPorts = 2> <OutPorts = 1>
ST_38 : Operation 410 [2/2] (8.41ns)   --->   "%mul24_i = fmul i32 %s, i32 %aj_i" [top_cmplx.cpp:42->top_cmplx.cpp:146]   --->   Operation 410 'fmul' 'mul24_i' <Predicate = (icmp_ln119)> <Delay = 8.41> <CoreInst = "FMul_maxdsp">   --->   Core 30 'FMul_maxdsp' <Latency = 1> <II = 1> <Delay = 8.41> <FuncUnit> <Opcode : 'fmul'> <InPorts = 2> <OutPorts = 1>
ST_38 : Operation 411 [2/2] (8.41ns)   --->   "%mul31_i = fmul i32 %s, i32 %ai_r" [top_cmplx.cpp:45->top_cmplx.cpp:146]   --->   Operation 411 'fmul' 'mul31_i' <Predicate = (icmp_ln119)> <Delay = 8.41> <CoreInst = "FMul_maxdsp">   --->   Core 30 'FMul_maxdsp' <Latency = 1> <II = 1> <Delay = 8.41> <FuncUnit> <Opcode : 'fmul'> <InPorts = 2> <OutPorts = 1>
ST_38 : Operation 412 [2/2] (8.41ns)   --->   "%mul32_i = fmul i32 %c, i32 %aj_r" [top_cmplx.cpp:45->top_cmplx.cpp:146]   --->   Operation 412 'fmul' 'mul32_i' <Predicate = (icmp_ln119)> <Delay = 8.41> <CoreInst = "FMul_maxdsp">   --->   Core 30 'FMul_maxdsp' <Latency = 1> <II = 1> <Delay = 8.41> <FuncUnit> <Opcode : 'fmul'> <InPorts = 2> <OutPorts = 1>
ST_38 : Operation 413 [1/1] (0.73ns)   --->   "%switch_ln41 = switch i3 %i_1, void %real3.i202.case.5, i3 1, void %real3.i202.case.0, i3 2, void %real3.i202.case.1, i3 3, void %real3.i202.case.2, i3 4, void %real3.i202.case.3, i3 5, void %real3.i202.case.4" [top_cmplx.cpp:41->top_cmplx.cpp:146]   --->   Operation 413 'switch' 'switch_ln41' <Predicate = (icmp_ln119)> <Delay = 0.73>
ST_38 : Operation 414 [2/2] (8.41ns)   --->   "%mul38_i = fmul i32 %s, i32 %ai_i" [top_cmplx.cpp:46->top_cmplx.cpp:146]   --->   Operation 414 'fmul' 'mul38_i' <Predicate = (icmp_ln119)> <Delay = 8.41> <CoreInst = "FMul_maxdsp">   --->   Core 30 'FMul_maxdsp' <Latency = 1> <II = 1> <Delay = 8.41> <FuncUnit> <Opcode : 'fmul'> <InPorts = 2> <OutPorts = 1>
ST_38 : Operation 415 [2/2] (8.41ns)   --->   "%mul39_i = fmul i32 %c, i32 %aj_i" [top_cmplx.cpp:46->top_cmplx.cpp:146]   --->   Operation 415 'fmul' 'mul39_i' <Predicate = (icmp_ln119)> <Delay = 8.41> <CoreInst = "FMul_maxdsp">   --->   Core 30 'FMul_maxdsp' <Latency = 1> <II = 1> <Delay = 8.41> <FuncUnit> <Opcode : 'fmul'> <InPorts = 2> <OutPorts = 1>
ST_38 : Operation 416 [1/1] (0.73ns)   --->   "%switch_ln42 = switch i3 %i_1, void %imag5.i203.case.5, i3 1, void %imag5.i203.case.0, i3 2, void %imag5.i203.case.1, i3 3, void %imag5.i203.case.2, i3 4, void %imag5.i203.case.3, i3 5, void %imag5.i203.case.4" [top_cmplx.cpp:42->top_cmplx.cpp:146]   --->   Operation 416 'switch' 'switch_ln42' <Predicate = (icmp_ln119)> <Delay = 0.73>
ST_38 : Operation 417 [1/1] (0.00ns)   --->   "%mux_case_04303518_out_load = load i32 %mux_case_04303518_out" [top_cmplx.cpp:162]   --->   Operation 417 'load' 'mux_case_04303518_out_load' <Predicate = (icmp_ln119 & i_1 == 1)> <Delay = 0.00>
ST_38 : Operation 418 [1/1] (0.00ns)   --->   "%mux_case_04603716_out_load = load i32 %mux_case_04603716_out" [top_cmplx.cpp:163]   --->   Operation 418 'load' 'mux_case_04603716_out_load' <Predicate = (icmp_ln119 & i_1 == 1)> <Delay = 0.00>
ST_38 : Operation 419 [1/1] (0.00ns)   --->   "%mux_case_05153914_out_load = load i32 %mux_case_05153914_out" [top_cmplx.cpp:165]   --->   Operation 419 'load' 'mux_case_05153914_out_load' <Predicate = (icmp_ln119 & i_1 == 6)> <Delay = 0.00>
ST_38 : Operation 420 [1/1] (0.00ns)   --->   "%mux_case_05453947_out_load = load i32 %mux_case_05453947_out" [top_cmplx.cpp:166]   --->   Operation 420 'load' 'mux_case_05453947_out_load' <Predicate = (icmp_ln119 & i_1 == 6)> <Delay = 0.00>
ST_38 : Operation 421 [1/1] (0.00ns)   --->   "%mux_case_04353551_out_load = load i32 %mux_case_04353551_out" [top_cmplx.cpp:165]   --->   Operation 421 'load' 'mux_case_04353551_out_load' <Predicate = (icmp_ln119)> <Delay = 0.00>
ST_38 : Operation 422 [1/1] (0.00ns)   --->   "%mux_case_04403584_out_load = load i32 %mux_case_04403584_out" [top_cmplx.cpp:165]   --->   Operation 422 'load' 'mux_case_04403584_out_load' <Predicate = (icmp_ln119)> <Delay = 0.00>
ST_38 : Operation 423 [1/1] (0.00ns)   --->   "%mux_case_04453617_out_load = load i32 %mux_case_04453617_out" [top_cmplx.cpp:165]   --->   Operation 423 'load' 'mux_case_04453617_out_load' <Predicate = (icmp_ln119)> <Delay = 0.00>
ST_38 : Operation 424 [1/1] (0.00ns)   --->   "%mux_case_04503650_out_load = load i32 %mux_case_04503650_out" [top_cmplx.cpp:165]   --->   Operation 424 'load' 'mux_case_04503650_out_load' <Predicate = (icmp_ln119)> <Delay = 0.00>
ST_38 : Operation 425 [1/1] (0.00ns)   --->   "%mux_case_04553683_out_load = load i32 %mux_case_04553683_out" [top_cmplx.cpp:165]   --->   Operation 425 'load' 'mux_case_04553683_out_load' <Predicate = (icmp_ln119)> <Delay = 0.00>
ST_38 : Operation 426 [1/1] (0.00ns)   --->   "%mux_case_04653749_out_load = load i32 %mux_case_04653749_out" [top_cmplx.cpp:166]   --->   Operation 426 'load' 'mux_case_04653749_out_load' <Predicate = (icmp_ln119)> <Delay = 0.00>
ST_38 : Operation 427 [1/1] (0.00ns)   --->   "%mux_case_04703782_out_load = load i32 %mux_case_04703782_out" [top_cmplx.cpp:166]   --->   Operation 427 'load' 'mux_case_04703782_out_load' <Predicate = (icmp_ln119)> <Delay = 0.00>
ST_38 : Operation 428 [1/1] (0.00ns)   --->   "%mux_case_04753815_out_load = load i32 %mux_case_04753815_out" [top_cmplx.cpp:166]   --->   Operation 428 'load' 'mux_case_04753815_out_load' <Predicate = (icmp_ln119)> <Delay = 0.00>
ST_38 : Operation 429 [1/1] (0.00ns)   --->   "%mux_case_04803848_out_load = load i32 %mux_case_04803848_out" [top_cmplx.cpp:166]   --->   Operation 429 'load' 'mux_case_04803848_out_load' <Predicate = (icmp_ln119)> <Delay = 0.00>
ST_38 : Operation 430 [1/1] (0.00ns)   --->   "%mux_case_04853881_out_load = load i32 %mux_case_04853881_out" [top_cmplx.cpp:166]   --->   Operation 430 'load' 'mux_case_04853881_out_load' <Predicate = (icmp_ln119)> <Delay = 0.00>
ST_38 : Operation 431 [1/1] (0.62ns)   --->   "%tmp_42 = sparsemux i32 @_ssdm_op_SparseMux.ap_auto.6f32.f32.i3, i3 1, i32 %mux_case_04303518_out_load, i3 2, i32 %mux_case_04353551_out_load, i3 3, i32 %mux_case_04403584_out_load, i3 4, i32 %mux_case_04453617_out_load, i3 5, i32 %mux_case_04503650_out_load, i3 6, i32 %mux_case_04553683_out_load, i32 <undef>, i3 %i_1" [top_cmplx.cpp:162]   --->   Operation 431 'sparsemux' 'tmp_42' <Predicate = (icmp_ln119)> <Delay = 0.62> <CoreInst = "SparseMux">   --->   Core 147 'SparseMux' <Latency = 0> <II = 1> <Delay = 0.62> <FuncUnit> <Opcode : 'sparsemux'> <InPorts = 2> <OutPorts = 1>
ST_38 : Operation 432 [1/1] (0.62ns)   --->   "%tmp_43 = sparsemux i32 @_ssdm_op_SparseMux.ap_auto.6f32.f32.i3, i3 1, i32 %mux_case_04603716_out_load, i3 2, i32 %mux_case_04653749_out_load, i3 3, i32 %mux_case_04703782_out_load, i3 4, i32 %mux_case_04753815_out_load, i3 5, i32 %mux_case_04803848_out_load, i3 6, i32 %mux_case_04853881_out_load, i32 <undef>, i3 %i_1" [top_cmplx.cpp:163]   --->   Operation 432 'sparsemux' 'tmp_43' <Predicate = (icmp_ln119)> <Delay = 0.62> <CoreInst = "SparseMux">   --->   Core 147 'SparseMux' <Latency = 0> <II = 1> <Delay = 0.62> <FuncUnit> <Opcode : 'sparsemux'> <InPorts = 2> <OutPorts = 1>
ST_38 : Operation 433 [1/1] (0.62ns)   --->   "%tmp_44 = sparsemux i32 @_ssdm_op_SparseMux.ap_auto.6f32.f32.i3, i3 1, i32 %mux_case_04353551_out_load, i3 2, i32 %mux_case_04403584_out_load, i3 3, i32 %mux_case_04453617_out_load, i3 4, i32 %mux_case_04503650_out_load, i3 5, i32 %mux_case_04553683_out_load, i3 6, i32 %mux_case_05153914_out_load, i32 <undef>, i3 %i_1" [top_cmplx.cpp:165]   --->   Operation 433 'sparsemux' 'tmp_44' <Predicate = (icmp_ln119)> <Delay = 0.62> <CoreInst = "SparseMux">   --->   Core 147 'SparseMux' <Latency = 0> <II = 1> <Delay = 0.62> <FuncUnit> <Opcode : 'sparsemux'> <InPorts = 2> <OutPorts = 1>
ST_38 : Operation 434 [1/1] (0.62ns)   --->   "%tmp_45 = sparsemux i32 @_ssdm_op_SparseMux.ap_auto.6f32.f32.i3, i3 1, i32 %mux_case_04653749_out_load, i3 2, i32 %mux_case_04703782_out_load, i3 3, i32 %mux_case_04753815_out_load, i3 4, i32 %mux_case_04803848_out_load, i3 5, i32 %mux_case_04853881_out_load, i3 6, i32 %mux_case_05453947_out_load, i32 <undef>, i3 %i_1" [top_cmplx.cpp:166]   --->   Operation 434 'sparsemux' 'tmp_45' <Predicate = (icmp_ln119)> <Delay = 0.62> <CoreInst = "SparseMux">   --->   Core 147 'SparseMux' <Latency = 0> <II = 1> <Delay = 0.62> <FuncUnit> <Opcode : 'sparsemux'> <InPorts = 2> <OutPorts = 1>
ST_38 : Operation 435 [1/1] (0.73ns)   --->   "%switch_ln152 = switch i3 %i_1, void %real6938.case.6, i3 1, void %real6938.case.1, i3 2, void %real6938.case.2, i3 3, void %real6938.case.3, i3 4, void %real6938.case.4, i3 5, void %real6938.case.5" [top_cmplx.cpp:152]   --->   Operation 435 'switch' 'switch_ln152' <Predicate = (icmp_ln119)> <Delay = 0.73>

State 39 <SV = 38> <Delay = 8.41>
ST_39 : Operation 436 [1/2] (8.41ns)   --->   "%mul_i1 = fmul i32 %c, i32 %ai_r" [top_cmplx.cpp:41->top_cmplx.cpp:146]   --->   Operation 436 'fmul' 'mul_i1' <Predicate = (icmp_ln119)> <Delay = 8.41> <CoreInst = "FMul_maxdsp">   --->   Core 30 'FMul_maxdsp' <Latency = 1> <II = 1> <Delay = 8.41> <FuncUnit> <Opcode : 'fmul'> <InPorts = 2> <OutPorts = 1>
ST_39 : Operation 437 [1/2] (8.41ns)   --->   "%mul17_i = fmul i32 %s, i32 %aj_r" [top_cmplx.cpp:41->top_cmplx.cpp:146]   --->   Operation 437 'fmul' 'mul17_i' <Predicate = (icmp_ln119)> <Delay = 8.41> <CoreInst = "FMul_maxdsp">   --->   Core 30 'FMul_maxdsp' <Latency = 1> <II = 1> <Delay = 8.41> <FuncUnit> <Opcode : 'fmul'> <InPorts = 2> <OutPorts = 1>
ST_39 : Operation 438 [1/2] (8.41ns)   --->   "%mul23_i = fmul i32 %c, i32 %ai_i" [top_cmplx.cpp:42->top_cmplx.cpp:146]   --->   Operation 438 'fmul' 'mul23_i' <Predicate = (icmp_ln119)> <Delay = 8.41> <CoreInst = "FMul_maxdsp">   --->   Core 30 'FMul_maxdsp' <Latency = 1> <II = 1> <Delay = 8.41> <FuncUnit> <Opcode : 'fmul'> <InPorts = 2> <OutPorts = 1>
ST_39 : Operation 439 [1/2] (8.41ns)   --->   "%mul24_i = fmul i32 %s, i32 %aj_i" [top_cmplx.cpp:42->top_cmplx.cpp:146]   --->   Operation 439 'fmul' 'mul24_i' <Predicate = (icmp_ln119)> <Delay = 8.41> <CoreInst = "FMul_maxdsp">   --->   Core 30 'FMul_maxdsp' <Latency = 1> <II = 1> <Delay = 8.41> <FuncUnit> <Opcode : 'fmul'> <InPorts = 2> <OutPorts = 1>
ST_39 : Operation 440 [1/2] (8.41ns)   --->   "%mul31_i = fmul i32 %s, i32 %ai_r" [top_cmplx.cpp:45->top_cmplx.cpp:146]   --->   Operation 440 'fmul' 'mul31_i' <Predicate = (icmp_ln119)> <Delay = 8.41> <CoreInst = "FMul_maxdsp">   --->   Core 30 'FMul_maxdsp' <Latency = 1> <II = 1> <Delay = 8.41> <FuncUnit> <Opcode : 'fmul'> <InPorts = 2> <OutPorts = 1>
ST_39 : Operation 441 [1/2] (8.41ns)   --->   "%mul32_i = fmul i32 %c, i32 %aj_r" [top_cmplx.cpp:45->top_cmplx.cpp:146]   --->   Operation 441 'fmul' 'mul32_i' <Predicate = (icmp_ln119)> <Delay = 8.41> <CoreInst = "FMul_maxdsp">   --->   Core 30 'FMul_maxdsp' <Latency = 1> <II = 1> <Delay = 8.41> <FuncUnit> <Opcode : 'fmul'> <InPorts = 2> <OutPorts = 1>
ST_39 : Operation 442 [1/2] (8.41ns)   --->   "%mul38_i = fmul i32 %s, i32 %ai_i" [top_cmplx.cpp:46->top_cmplx.cpp:146]   --->   Operation 442 'fmul' 'mul38_i' <Predicate = (icmp_ln119)> <Delay = 8.41> <CoreInst = "FMul_maxdsp">   --->   Core 30 'FMul_maxdsp' <Latency = 1> <II = 1> <Delay = 8.41> <FuncUnit> <Opcode : 'fmul'> <InPorts = 2> <OutPorts = 1>
ST_39 : Operation 443 [1/2] (8.41ns)   --->   "%mul39_i = fmul i32 %c, i32 %aj_i" [top_cmplx.cpp:46->top_cmplx.cpp:146]   --->   Operation 443 'fmul' 'mul39_i' <Predicate = (icmp_ln119)> <Delay = 8.41> <CoreInst = "FMul_maxdsp">   --->   Core 30 'FMul_maxdsp' <Latency = 1> <II = 1> <Delay = 8.41> <FuncUnit> <Opcode : 'fmul'> <InPorts = 2> <OutPorts = 1>
ST_39 : Operation 444 [1/1] (0.00ns)   --->   "%mux_case_14313527_out_load = load i32 %mux_case_14313527_out" [top_cmplx.cpp:162]   --->   Operation 444 'load' 'mux_case_14313527_out_load' <Predicate = (icmp_ln119 & i_1 == 1)> <Delay = 0.00>
ST_39 : Operation 445 [1/1] (0.00ns)   --->   "%mux_case_14613725_out_load = load i32 %mux_case_14613725_out" [top_cmplx.cpp:163]   --->   Operation 445 'load' 'mux_case_14613725_out_load' <Predicate = (icmp_ln119 & i_1 == 1)> <Delay = 0.00>
ST_39 : Operation 446 [1/1] (0.00ns)   --->   "%mux_case_15163922_out_load = load i32 %mux_case_15163922_out" [top_cmplx.cpp:165]   --->   Operation 446 'load' 'mux_case_15163922_out_load' <Predicate = (icmp_ln119 & i_1 == 6)> <Delay = 0.00>
ST_39 : Operation 447 [1/1] (0.00ns)   --->   "%mux_case_15463955_out_load = load i32 %mux_case_15463955_out" [top_cmplx.cpp:166]   --->   Operation 447 'load' 'mux_case_15463955_out_load' <Predicate = (icmp_ln119 & i_1 == 6)> <Delay = 0.00>
ST_39 : Operation 448 [1/1] (0.00ns)   --->   "%mux_case_14363559_out_load = load i32 %mux_case_14363559_out" [top_cmplx.cpp:165]   --->   Operation 448 'load' 'mux_case_14363559_out_load' <Predicate = (icmp_ln119)> <Delay = 0.00>
ST_39 : Operation 449 [1/1] (0.00ns)   --->   "%mux_case_14413592_out_load = load i32 %mux_case_14413592_out" [top_cmplx.cpp:165]   --->   Operation 449 'load' 'mux_case_14413592_out_load' <Predicate = (icmp_ln119)> <Delay = 0.00>
ST_39 : Operation 450 [1/1] (0.00ns)   --->   "%mux_case_14463625_out_load = load i32 %mux_case_14463625_out" [top_cmplx.cpp:165]   --->   Operation 450 'load' 'mux_case_14463625_out_load' <Predicate = (icmp_ln119)> <Delay = 0.00>
ST_39 : Operation 451 [1/1] (0.00ns)   --->   "%mux_case_14513659_out_load = load i32 %mux_case_14513659_out" [top_cmplx.cpp:165]   --->   Operation 451 'load' 'mux_case_14513659_out_load' <Predicate = (icmp_ln119)> <Delay = 0.00>
ST_39 : Operation 452 [1/1] (0.00ns)   --->   "%mux_case_14563691_out_load = load i32 %mux_case_14563691_out" [top_cmplx.cpp:165]   --->   Operation 452 'load' 'mux_case_14563691_out_load' <Predicate = (icmp_ln119)> <Delay = 0.00>
ST_39 : Operation 453 [1/1] (0.00ns)   --->   "%mux_case_14663757_out_load = load i32 %mux_case_14663757_out" [top_cmplx.cpp:166]   --->   Operation 453 'load' 'mux_case_14663757_out_load' <Predicate = (icmp_ln119)> <Delay = 0.00>
ST_39 : Operation 454 [1/1] (0.00ns)   --->   "%mux_case_14713790_out_load = load i32 %mux_case_14713790_out" [top_cmplx.cpp:166]   --->   Operation 454 'load' 'mux_case_14713790_out_load' <Predicate = (icmp_ln119)> <Delay = 0.00>
ST_39 : Operation 455 [1/1] (0.00ns)   --->   "%mux_case_14763823_out_load = load i32 %mux_case_14763823_out" [top_cmplx.cpp:166]   --->   Operation 455 'load' 'mux_case_14763823_out_load' <Predicate = (icmp_ln119)> <Delay = 0.00>
ST_39 : Operation 456 [1/1] (0.00ns)   --->   "%mux_case_14813857_out_load = load i32 %mux_case_14813857_out" [top_cmplx.cpp:166]   --->   Operation 456 'load' 'mux_case_14813857_out_load' <Predicate = (icmp_ln119)> <Delay = 0.00>
ST_39 : Operation 457 [1/1] (0.00ns)   --->   "%mux_case_14863889_out_load = load i32 %mux_case_14863889_out" [top_cmplx.cpp:166]   --->   Operation 457 'load' 'mux_case_14863889_out_load' <Predicate = (icmp_ln119)> <Delay = 0.00>
ST_39 : Operation 458 [2/2] (8.41ns)   --->   "%mul4 = fmul i32 %c, i32 %tmp_42" [top_cmplx.cpp:168]   --->   Operation 458 'fmul' 'mul4' <Predicate = (icmp_ln119)> <Delay = 8.41> <CoreInst = "FMul_maxdsp">   --->   Core 30 'FMul_maxdsp' <Latency = 1> <II = 1> <Delay = 8.41> <FuncUnit> <Opcode : 'fmul'> <InPorts = 2> <OutPorts = 1>
ST_39 : Operation 459 [2/2] (8.41ns)   --->   "%mul5 = fmul i32 %s, i32 %tmp_44" [top_cmplx.cpp:168]   --->   Operation 459 'fmul' 'mul5' <Predicate = (icmp_ln119)> <Delay = 8.41> <CoreInst = "FMul_maxdsp">   --->   Core 30 'FMul_maxdsp' <Latency = 1> <II = 1> <Delay = 8.41> <FuncUnit> <Opcode : 'fmul'> <InPorts = 2> <OutPorts = 1>
ST_39 : Operation 460 [2/2] (8.41ns)   --->   "%mul6 = fmul i32 %c, i32 %tmp_43" [top_cmplx.cpp:169]   --->   Operation 460 'fmul' 'mul6' <Predicate = (icmp_ln119)> <Delay = 8.41> <CoreInst = "FMul_maxdsp">   --->   Core 30 'FMul_maxdsp' <Latency = 1> <II = 1> <Delay = 8.41> <FuncUnit> <Opcode : 'fmul'> <InPorts = 2> <OutPorts = 1>
ST_39 : Operation 461 [2/2] (8.41ns)   --->   "%mul7 = fmul i32 %s, i32 %tmp_45" [top_cmplx.cpp:169]   --->   Operation 461 'fmul' 'mul7' <Predicate = (icmp_ln119)> <Delay = 8.41> <CoreInst = "FMul_maxdsp">   --->   Core 30 'FMul_maxdsp' <Latency = 1> <II = 1> <Delay = 8.41> <FuncUnit> <Opcode : 'fmul'> <InPorts = 2> <OutPorts = 1>
ST_39 : Operation 462 [2/2] (8.41ns)   --->   "%mul8 = fmul i32 %s, i32 %tmp_42" [top_cmplx.cpp:171]   --->   Operation 462 'fmul' 'mul8' <Predicate = (icmp_ln119)> <Delay = 8.41> <CoreInst = "FMul_maxdsp">   --->   Core 30 'FMul_maxdsp' <Latency = 1> <II = 1> <Delay = 8.41> <FuncUnit> <Opcode : 'fmul'> <InPorts = 2> <OutPorts = 1>
ST_39 : Operation 463 [2/2] (8.41ns)   --->   "%mul9 = fmul i32 %c, i32 %tmp_44" [top_cmplx.cpp:171]   --->   Operation 463 'fmul' 'mul9' <Predicate = (icmp_ln119)> <Delay = 8.41> <CoreInst = "FMul_maxdsp">   --->   Core 30 'FMul_maxdsp' <Latency = 1> <II = 1> <Delay = 8.41> <FuncUnit> <Opcode : 'fmul'> <InPorts = 2> <OutPorts = 1>
ST_39 : Operation 464 [2/2] (8.41ns)   --->   "%mul10 = fmul i32 %s, i32 %tmp_43" [top_cmplx.cpp:172]   --->   Operation 464 'fmul' 'mul10' <Predicate = (icmp_ln119)> <Delay = 8.41> <CoreInst = "FMul_maxdsp">   --->   Core 30 'FMul_maxdsp' <Latency = 1> <II = 1> <Delay = 8.41> <FuncUnit> <Opcode : 'fmul'> <InPorts = 2> <OutPorts = 1>
ST_39 : Operation 465 [2/2] (8.41ns)   --->   "%mul11 = fmul i32 %c, i32 %tmp_45" [top_cmplx.cpp:172]   --->   Operation 465 'fmul' 'mul11' <Predicate = (icmp_ln119)> <Delay = 8.41> <CoreInst = "FMul_maxdsp">   --->   Core 30 'FMul_maxdsp' <Latency = 1> <II = 1> <Delay = 8.41> <FuncUnit> <Opcode : 'fmul'> <InPorts = 2> <OutPorts = 1>
ST_39 : Operation 466 [1/1] (0.62ns)   --->   "%tmp_46 = sparsemux i32 @_ssdm_op_SparseMux.ap_auto.6f32.f32.i3, i3 1, i32 %mux_case_14313527_out_load, i3 2, i32 %mux_case_14363559_out_load, i3 3, i32 %mux_case_14413592_out_load, i3 4, i32 %mux_case_14463625_out_load, i3 5, i32 %mux_case_14513659_out_load, i3 6, i32 %mux_case_14563691_out_load, i32 <undef>, i3 %i_1" [top_cmplx.cpp:162]   --->   Operation 466 'sparsemux' 'tmp_46' <Predicate = (icmp_ln119)> <Delay = 0.62> <CoreInst = "SparseMux">   --->   Core 147 'SparseMux' <Latency = 0> <II = 1> <Delay = 0.62> <FuncUnit> <Opcode : 'sparsemux'> <InPorts = 2> <OutPorts = 1>
ST_39 : Operation 467 [1/1] (0.62ns)   --->   "%tmp_47 = sparsemux i32 @_ssdm_op_SparseMux.ap_auto.6f32.f32.i3, i3 1, i32 %mux_case_14613725_out_load, i3 2, i32 %mux_case_14663757_out_load, i3 3, i32 %mux_case_14713790_out_load, i3 4, i32 %mux_case_14763823_out_load, i3 5, i32 %mux_case_14813857_out_load, i3 6, i32 %mux_case_14863889_out_load, i32 <undef>, i3 %i_1" [top_cmplx.cpp:163]   --->   Operation 467 'sparsemux' 'tmp_47' <Predicate = (icmp_ln119)> <Delay = 0.62> <CoreInst = "SparseMux">   --->   Core 147 'SparseMux' <Latency = 0> <II = 1> <Delay = 0.62> <FuncUnit> <Opcode : 'sparsemux'> <InPorts = 2> <OutPorts = 1>
ST_39 : Operation 468 [1/1] (0.62ns)   --->   "%tmp_48 = sparsemux i32 @_ssdm_op_SparseMux.ap_auto.6f32.f32.i3, i3 1, i32 %mux_case_14363559_out_load, i3 2, i32 %mux_case_14413592_out_load, i3 3, i32 %mux_case_14463625_out_load, i3 4, i32 %mux_case_14513659_out_load, i3 5, i32 %mux_case_14563691_out_load, i3 6, i32 %mux_case_15163922_out_load, i32 <undef>, i3 %i_1" [top_cmplx.cpp:165]   --->   Operation 468 'sparsemux' 'tmp_48' <Predicate = (icmp_ln119)> <Delay = 0.62> <CoreInst = "SparseMux">   --->   Core 147 'SparseMux' <Latency = 0> <II = 1> <Delay = 0.62> <FuncUnit> <Opcode : 'sparsemux'> <InPorts = 2> <OutPorts = 1>
ST_39 : Operation 469 [1/1] (0.62ns)   --->   "%tmp_49 = sparsemux i32 @_ssdm_op_SparseMux.ap_auto.6f32.f32.i3, i3 1, i32 %mux_case_14663757_out_load, i3 2, i32 %mux_case_14713790_out_load, i3 3, i32 %mux_case_14763823_out_load, i3 4, i32 %mux_case_14813857_out_load, i3 5, i32 %mux_case_14863889_out_load, i3 6, i32 %mux_case_15463955_out_load, i32 <undef>, i3 %i_1" [top_cmplx.cpp:166]   --->   Operation 469 'sparsemux' 'tmp_49' <Predicate = (icmp_ln119)> <Delay = 0.62> <CoreInst = "SparseMux">   --->   Core 147 'SparseMux' <Latency = 0> <II = 1> <Delay = 0.62> <FuncUnit> <Opcode : 'sparsemux'> <InPorts = 2> <OutPorts = 1>

State 40 <SV = 39> <Delay = 8.41>
ST_40 : Operation 470 [4/4] (6.43ns)   --->   "%R_real = fsub i32 %mul_i1, i32 %mul17_i" [top_cmplx.cpp:41->top_cmplx.cpp:146]   --->   Operation 470 'fsub' 'R_real' <Predicate = (icmp_ln119)> <Delay = 6.43> <CoreInst = "FAddSub_fulldsp">   --->   Core 18 'FAddSub_fulldsp' <Latency = 3> <II = 1> <Delay = 6.43> <FuncUnit> <Opcode : 'fadd' 'fsub'> <InPorts = 2> <OutPorts = 1>
ST_40 : Operation 471 [4/4] (6.43ns)   --->   "%R_imag = fsub i32 %mul23_i, i32 %mul24_i" [top_cmplx.cpp:42->top_cmplx.cpp:146]   --->   Operation 471 'fsub' 'R_imag' <Predicate = (icmp_ln119)> <Delay = 6.43> <CoreInst = "FAddSub_fulldsp">   --->   Core 18 'FAddSub_fulldsp' <Latency = 3> <II = 1> <Delay = 6.43> <FuncUnit> <Opcode : 'fadd' 'fsub'> <InPorts = 2> <OutPorts = 1>
ST_40 : Operation 472 [4/4] (6.43ns)   --->   "%R_real_1 = fadd i32 %mul31_i, i32 %mul32_i" [top_cmplx.cpp:45->top_cmplx.cpp:146]   --->   Operation 472 'fadd' 'R_real_1' <Predicate = (icmp_ln119)> <Delay = 6.43> <CoreInst = "FAddSub_fulldsp">   --->   Core 18 'FAddSub_fulldsp' <Latency = 3> <II = 1> <Delay = 6.43> <FuncUnit> <Opcode : 'fadd' 'fsub'> <InPorts = 2> <OutPorts = 1>
ST_40 : Operation 473 [4/4] (6.43ns)   --->   "%R_imag_1 = fadd i32 %mul38_i, i32 %mul39_i" [top_cmplx.cpp:46->top_cmplx.cpp:146]   --->   Operation 473 'fadd' 'R_imag_1' <Predicate = (icmp_ln119)> <Delay = 6.43> <CoreInst = "FAddSub_fulldsp">   --->   Core 18 'FAddSub_fulldsp' <Latency = 3> <II = 1> <Delay = 6.43> <FuncUnit> <Opcode : 'fadd' 'fsub'> <InPorts = 2> <OutPorts = 1>
ST_40 : Operation 474 [1/1] (0.00ns)   --->   "%mux_case_24323535_out_load = load i32 %mux_case_24323535_out" [top_cmplx.cpp:162]   --->   Operation 474 'load' 'mux_case_24323535_out_load' <Predicate = (icmp_ln119 & i_1 == 1)> <Delay = 0.00>
ST_40 : Operation 475 [1/1] (0.00ns)   --->   "%mux_case_24623733_out_load = load i32 %mux_case_24623733_out" [top_cmplx.cpp:163]   --->   Operation 475 'load' 'mux_case_24623733_out_load' <Predicate = (icmp_ln119 & i_1 == 1)> <Delay = 0.00>
ST_40 : Operation 476 [1/1] (0.00ns)   --->   "%mux_case_25173930_out_load = load i32 %mux_case_25173930_out" [top_cmplx.cpp:165]   --->   Operation 476 'load' 'mux_case_25173930_out_load' <Predicate = (icmp_ln119 & i_1 == 6)> <Delay = 0.00>
ST_40 : Operation 477 [1/1] (0.00ns)   --->   "%mux_case_25473963_out_load = load i32 %mux_case_25473963_out" [top_cmplx.cpp:166]   --->   Operation 477 'load' 'mux_case_25473963_out_load' <Predicate = (icmp_ln119 & i_1 == 6)> <Delay = 0.00>
ST_40 : Operation 478 [1/1] (0.00ns)   --->   "%mux_case_24373568_out_load = load i32 %mux_case_24373568_out" [top_cmplx.cpp:165]   --->   Operation 478 'load' 'mux_case_24373568_out_load' <Predicate = (icmp_ln119)> <Delay = 0.00>
ST_40 : Operation 479 [1/1] (0.00ns)   --->   "%mux_case_24423600_out_load = load i32 %mux_case_24423600_out" [top_cmplx.cpp:165]   --->   Operation 479 'load' 'mux_case_24423600_out_load' <Predicate = (icmp_ln119)> <Delay = 0.00>
ST_40 : Operation 480 [1/1] (0.00ns)   --->   "%mux_case_24473633_out_load = load i32 %mux_case_24473633_out" [top_cmplx.cpp:165]   --->   Operation 480 'load' 'mux_case_24473633_out_load' <Predicate = (icmp_ln119)> <Delay = 0.00>
ST_40 : Operation 481 [1/1] (0.00ns)   --->   "%mux_case_24523667_out_load = load i32 %mux_case_24523667_out" [top_cmplx.cpp:165]   --->   Operation 481 'load' 'mux_case_24523667_out_load' <Predicate = (icmp_ln119)> <Delay = 0.00>
ST_40 : Operation 482 [1/1] (0.00ns)   --->   "%mux_case_24573700_out_load = load i32 %mux_case_24573700_out" [top_cmplx.cpp:165]   --->   Operation 482 'load' 'mux_case_24573700_out_load' <Predicate = (icmp_ln119)> <Delay = 0.00>
ST_40 : Operation 483 [1/1] (0.00ns)   --->   "%mux_case_24673766_out_load = load i32 %mux_case_24673766_out" [top_cmplx.cpp:166]   --->   Operation 483 'load' 'mux_case_24673766_out_load' <Predicate = (icmp_ln119)> <Delay = 0.00>
ST_40 : Operation 484 [1/1] (0.00ns)   --->   "%mux_case_24723798_out_load = load i32 %mux_case_24723798_out" [top_cmplx.cpp:166]   --->   Operation 484 'load' 'mux_case_24723798_out_load' <Predicate = (icmp_ln119)> <Delay = 0.00>
ST_40 : Operation 485 [1/1] (0.00ns)   --->   "%mux_case_24773831_out_load = load i32 %mux_case_24773831_out" [top_cmplx.cpp:166]   --->   Operation 485 'load' 'mux_case_24773831_out_load' <Predicate = (icmp_ln119)> <Delay = 0.00>
ST_40 : Operation 486 [1/1] (0.00ns)   --->   "%mux_case_24823865_out_load = load i32 %mux_case_24823865_out" [top_cmplx.cpp:166]   --->   Operation 486 'load' 'mux_case_24823865_out_load' <Predicate = (icmp_ln119)> <Delay = 0.00>
ST_40 : Operation 487 [1/1] (0.00ns)   --->   "%mux_case_24873898_out_load = load i32 %mux_case_24873898_out" [top_cmplx.cpp:166]   --->   Operation 487 'load' 'mux_case_24873898_out_load' <Predicate = (icmp_ln119)> <Delay = 0.00>
ST_40 : Operation 488 [1/2] (8.41ns)   --->   "%mul4 = fmul i32 %c, i32 %tmp_42" [top_cmplx.cpp:168]   --->   Operation 488 'fmul' 'mul4' <Predicate = (icmp_ln119)> <Delay = 8.41> <CoreInst = "FMul_maxdsp">   --->   Core 30 'FMul_maxdsp' <Latency = 1> <II = 1> <Delay = 8.41> <FuncUnit> <Opcode : 'fmul'> <InPorts = 2> <OutPorts = 1>
ST_40 : Operation 489 [1/2] (8.41ns)   --->   "%mul5 = fmul i32 %s, i32 %tmp_44" [top_cmplx.cpp:168]   --->   Operation 489 'fmul' 'mul5' <Predicate = (icmp_ln119)> <Delay = 8.41> <CoreInst = "FMul_maxdsp">   --->   Core 30 'FMul_maxdsp' <Latency = 1> <II = 1> <Delay = 8.41> <FuncUnit> <Opcode : 'fmul'> <InPorts = 2> <OutPorts = 1>
ST_40 : Operation 490 [1/2] (8.41ns)   --->   "%mul6 = fmul i32 %c, i32 %tmp_43" [top_cmplx.cpp:169]   --->   Operation 490 'fmul' 'mul6' <Predicate = (icmp_ln119)> <Delay = 8.41> <CoreInst = "FMul_maxdsp">   --->   Core 30 'FMul_maxdsp' <Latency = 1> <II = 1> <Delay = 8.41> <FuncUnit> <Opcode : 'fmul'> <InPorts = 2> <OutPorts = 1>
ST_40 : Operation 491 [1/2] (8.41ns)   --->   "%mul7 = fmul i32 %s, i32 %tmp_45" [top_cmplx.cpp:169]   --->   Operation 491 'fmul' 'mul7' <Predicate = (icmp_ln119)> <Delay = 8.41> <CoreInst = "FMul_maxdsp">   --->   Core 30 'FMul_maxdsp' <Latency = 1> <II = 1> <Delay = 8.41> <FuncUnit> <Opcode : 'fmul'> <InPorts = 2> <OutPorts = 1>
ST_40 : Operation 492 [1/2] (8.41ns)   --->   "%mul8 = fmul i32 %s, i32 %tmp_42" [top_cmplx.cpp:171]   --->   Operation 492 'fmul' 'mul8' <Predicate = (icmp_ln119)> <Delay = 8.41> <CoreInst = "FMul_maxdsp">   --->   Core 30 'FMul_maxdsp' <Latency = 1> <II = 1> <Delay = 8.41> <FuncUnit> <Opcode : 'fmul'> <InPorts = 2> <OutPorts = 1>
ST_40 : Operation 493 [1/2] (8.41ns)   --->   "%mul9 = fmul i32 %c, i32 %tmp_44" [top_cmplx.cpp:171]   --->   Operation 493 'fmul' 'mul9' <Predicate = (icmp_ln119)> <Delay = 8.41> <CoreInst = "FMul_maxdsp">   --->   Core 30 'FMul_maxdsp' <Latency = 1> <II = 1> <Delay = 8.41> <FuncUnit> <Opcode : 'fmul'> <InPorts = 2> <OutPorts = 1>
ST_40 : Operation 494 [1/2] (8.41ns)   --->   "%mul10 = fmul i32 %s, i32 %tmp_43" [top_cmplx.cpp:172]   --->   Operation 494 'fmul' 'mul10' <Predicate = (icmp_ln119)> <Delay = 8.41> <CoreInst = "FMul_maxdsp">   --->   Core 30 'FMul_maxdsp' <Latency = 1> <II = 1> <Delay = 8.41> <FuncUnit> <Opcode : 'fmul'> <InPorts = 2> <OutPorts = 1>
ST_40 : Operation 495 [1/2] (8.41ns)   --->   "%mul11 = fmul i32 %c, i32 %tmp_45" [top_cmplx.cpp:172]   --->   Operation 495 'fmul' 'mul11' <Predicate = (icmp_ln119)> <Delay = 8.41> <CoreInst = "FMul_maxdsp">   --->   Core 30 'FMul_maxdsp' <Latency = 1> <II = 1> <Delay = 8.41> <FuncUnit> <Opcode : 'fmul'> <InPorts = 2> <OutPorts = 1>
ST_40 : Operation 496 [2/2] (8.41ns)   --->   "%mul138_1 = fmul i32 %c, i32 %tmp_46" [top_cmplx.cpp:168]   --->   Operation 496 'fmul' 'mul138_1' <Predicate = (icmp_ln119)> <Delay = 8.41> <CoreInst = "FMul_maxdsp">   --->   Core 30 'FMul_maxdsp' <Latency = 1> <II = 1> <Delay = 8.41> <FuncUnit> <Opcode : 'fmul'> <InPorts = 2> <OutPorts = 1>
ST_40 : Operation 497 [2/2] (8.41ns)   --->   "%mul139_1 = fmul i32 %s, i32 %tmp_48" [top_cmplx.cpp:168]   --->   Operation 497 'fmul' 'mul139_1' <Predicate = (icmp_ln119)> <Delay = 8.41> <CoreInst = "FMul_maxdsp">   --->   Core 30 'FMul_maxdsp' <Latency = 1> <II = 1> <Delay = 8.41> <FuncUnit> <Opcode : 'fmul'> <InPorts = 2> <OutPorts = 1>
ST_40 : Operation 498 [2/2] (8.41ns)   --->   "%mul147_1 = fmul i32 %c, i32 %tmp_47" [top_cmplx.cpp:169]   --->   Operation 498 'fmul' 'mul147_1' <Predicate = (icmp_ln119)> <Delay = 8.41> <CoreInst = "FMul_maxdsp">   --->   Core 30 'FMul_maxdsp' <Latency = 1> <II = 1> <Delay = 8.41> <FuncUnit> <Opcode : 'fmul'> <InPorts = 2> <OutPorts = 1>
ST_40 : Operation 499 [2/2] (8.41ns)   --->   "%mul148_1 = fmul i32 %s, i32 %tmp_49" [top_cmplx.cpp:169]   --->   Operation 499 'fmul' 'mul148_1' <Predicate = (icmp_ln119)> <Delay = 8.41> <CoreInst = "FMul_maxdsp">   --->   Core 30 'FMul_maxdsp' <Latency = 1> <II = 1> <Delay = 8.41> <FuncUnit> <Opcode : 'fmul'> <InPorts = 2> <OutPorts = 1>
ST_40 : Operation 500 [2/2] (8.41ns)   --->   "%mul156_1 = fmul i32 %s, i32 %tmp_46" [top_cmplx.cpp:171]   --->   Operation 500 'fmul' 'mul156_1' <Predicate = (icmp_ln119)> <Delay = 8.41> <CoreInst = "FMul_maxdsp">   --->   Core 30 'FMul_maxdsp' <Latency = 1> <II = 1> <Delay = 8.41> <FuncUnit> <Opcode : 'fmul'> <InPorts = 2> <OutPorts = 1>
ST_40 : Operation 501 [2/2] (8.41ns)   --->   "%mul157_1 = fmul i32 %c, i32 %tmp_48" [top_cmplx.cpp:171]   --->   Operation 501 'fmul' 'mul157_1' <Predicate = (icmp_ln119)> <Delay = 8.41> <CoreInst = "FMul_maxdsp">   --->   Core 30 'FMul_maxdsp' <Latency = 1> <II = 1> <Delay = 8.41> <FuncUnit> <Opcode : 'fmul'> <InPorts = 2> <OutPorts = 1>
ST_40 : Operation 502 [2/2] (8.41ns)   --->   "%mul164_1 = fmul i32 %s, i32 %tmp_47" [top_cmplx.cpp:172]   --->   Operation 502 'fmul' 'mul164_1' <Predicate = (icmp_ln119)> <Delay = 8.41> <CoreInst = "FMul_maxdsp">   --->   Core 30 'FMul_maxdsp' <Latency = 1> <II = 1> <Delay = 8.41> <FuncUnit> <Opcode : 'fmul'> <InPorts = 2> <OutPorts = 1>
ST_40 : Operation 503 [2/2] (8.41ns)   --->   "%mul165_1 = fmul i32 %c, i32 %tmp_49" [top_cmplx.cpp:172]   --->   Operation 503 'fmul' 'mul165_1' <Predicate = (icmp_ln119)> <Delay = 8.41> <CoreInst = "FMul_maxdsp">   --->   Core 30 'FMul_maxdsp' <Latency = 1> <II = 1> <Delay = 8.41> <FuncUnit> <Opcode : 'fmul'> <InPorts = 2> <OutPorts = 1>
ST_40 : Operation 504 [1/1] (0.62ns)   --->   "%tmp_50 = sparsemux i32 @_ssdm_op_SparseMux.ap_auto.6f32.f32.i3, i3 1, i32 %mux_case_24323535_out_load, i3 2, i32 %mux_case_24373568_out_load, i3 3, i32 %mux_case_24423600_out_load, i3 4, i32 %mux_case_24473633_out_load, i3 5, i32 %mux_case_24523667_out_load, i3 6, i32 %mux_case_24573700_out_load, i32 <undef>, i3 %i_1" [top_cmplx.cpp:162]   --->   Operation 504 'sparsemux' 'tmp_50' <Predicate = (icmp_ln119)> <Delay = 0.62> <CoreInst = "SparseMux">   --->   Core 147 'SparseMux' <Latency = 0> <II = 1> <Delay = 0.62> <FuncUnit> <Opcode : 'sparsemux'> <InPorts = 2> <OutPorts = 1>
ST_40 : Operation 505 [1/1] (0.62ns)   --->   "%tmp_51 = sparsemux i32 @_ssdm_op_SparseMux.ap_auto.6f32.f32.i3, i3 1, i32 %mux_case_24623733_out_load, i3 2, i32 %mux_case_24673766_out_load, i3 3, i32 %mux_case_24723798_out_load, i3 4, i32 %mux_case_24773831_out_load, i3 5, i32 %mux_case_24823865_out_load, i3 6, i32 %mux_case_24873898_out_load, i32 <undef>, i3 %i_1" [top_cmplx.cpp:163]   --->   Operation 505 'sparsemux' 'tmp_51' <Predicate = (icmp_ln119)> <Delay = 0.62> <CoreInst = "SparseMux">   --->   Core 147 'SparseMux' <Latency = 0> <II = 1> <Delay = 0.62> <FuncUnit> <Opcode : 'sparsemux'> <InPorts = 2> <OutPorts = 1>
ST_40 : Operation 506 [1/1] (0.62ns)   --->   "%tmp_52 = sparsemux i32 @_ssdm_op_SparseMux.ap_auto.6f32.f32.i3, i3 1, i32 %mux_case_24373568_out_load, i3 2, i32 %mux_case_24423600_out_load, i3 3, i32 %mux_case_24473633_out_load, i3 4, i32 %mux_case_24523667_out_load, i3 5, i32 %mux_case_24573700_out_load, i3 6, i32 %mux_case_25173930_out_load, i32 <undef>, i3 %i_1" [top_cmplx.cpp:165]   --->   Operation 506 'sparsemux' 'tmp_52' <Predicate = (icmp_ln119)> <Delay = 0.62> <CoreInst = "SparseMux">   --->   Core 147 'SparseMux' <Latency = 0> <II = 1> <Delay = 0.62> <FuncUnit> <Opcode : 'sparsemux'> <InPorts = 2> <OutPorts = 1>
ST_40 : Operation 507 [1/1] (0.62ns)   --->   "%tmp_53 = sparsemux i32 @_ssdm_op_SparseMux.ap_auto.6f32.f32.i3, i3 1, i32 %mux_case_24673766_out_load, i3 2, i32 %mux_case_24723798_out_load, i3 3, i32 %mux_case_24773831_out_load, i3 4, i32 %mux_case_24823865_out_load, i3 5, i32 %mux_case_24873898_out_load, i3 6, i32 %mux_case_25473963_out_load, i32 <undef>, i3 %i_1" [top_cmplx.cpp:166]   --->   Operation 507 'sparsemux' 'tmp_53' <Predicate = (icmp_ln119)> <Delay = 0.62> <CoreInst = "SparseMux">   --->   Core 147 'SparseMux' <Latency = 0> <II = 1> <Delay = 0.62> <FuncUnit> <Opcode : 'sparsemux'> <InPorts = 2> <OutPorts = 1>

State 41 <SV = 40> <Delay = 8.41>
ST_41 : Operation 508 [3/4] (6.43ns)   --->   "%R_real = fsub i32 %mul_i1, i32 %mul17_i" [top_cmplx.cpp:41->top_cmplx.cpp:146]   --->   Operation 508 'fsub' 'R_real' <Predicate = (icmp_ln119)> <Delay = 6.43> <CoreInst = "FAddSub_fulldsp">   --->   Core 18 'FAddSub_fulldsp' <Latency = 3> <II = 1> <Delay = 6.43> <FuncUnit> <Opcode : 'fadd' 'fsub'> <InPorts = 2> <OutPorts = 1>
ST_41 : Operation 509 [3/4] (6.43ns)   --->   "%R_imag = fsub i32 %mul23_i, i32 %mul24_i" [top_cmplx.cpp:42->top_cmplx.cpp:146]   --->   Operation 509 'fsub' 'R_imag' <Predicate = (icmp_ln119)> <Delay = 6.43> <CoreInst = "FAddSub_fulldsp">   --->   Core 18 'FAddSub_fulldsp' <Latency = 3> <II = 1> <Delay = 6.43> <FuncUnit> <Opcode : 'fadd' 'fsub'> <InPorts = 2> <OutPorts = 1>
ST_41 : Operation 510 [3/4] (6.43ns)   --->   "%R_real_1 = fadd i32 %mul31_i, i32 %mul32_i" [top_cmplx.cpp:45->top_cmplx.cpp:146]   --->   Operation 510 'fadd' 'R_real_1' <Predicate = (icmp_ln119)> <Delay = 6.43> <CoreInst = "FAddSub_fulldsp">   --->   Core 18 'FAddSub_fulldsp' <Latency = 3> <II = 1> <Delay = 6.43> <FuncUnit> <Opcode : 'fadd' 'fsub'> <InPorts = 2> <OutPorts = 1>
ST_41 : Operation 511 [3/4] (6.43ns)   --->   "%R_imag_1 = fadd i32 %mul38_i, i32 %mul39_i" [top_cmplx.cpp:46->top_cmplx.cpp:146]   --->   Operation 511 'fadd' 'R_imag_1' <Predicate = (icmp_ln119)> <Delay = 6.43> <CoreInst = "FAddSub_fulldsp">   --->   Core 18 'FAddSub_fulldsp' <Latency = 3> <II = 1> <Delay = 6.43> <FuncUnit> <Opcode : 'fadd' 'fsub'> <InPorts = 2> <OutPorts = 1>
ST_41 : Operation 512 [1/1] (0.00ns)   --->   "%mux_case_34333543_out_load = load i32 %mux_case_34333543_out" [top_cmplx.cpp:162]   --->   Operation 512 'load' 'mux_case_34333543_out_load' <Predicate = (icmp_ln119 & i_1 == 1)> <Delay = 0.00>
ST_41 : Operation 513 [1/1] (0.00ns)   --->   "%mux_case_34633741_out_load = load i32 %mux_case_34633741_out" [top_cmplx.cpp:163]   --->   Operation 513 'load' 'mux_case_34633741_out_load' <Predicate = (icmp_ln119 & i_1 == 1)> <Delay = 0.00>
ST_41 : Operation 514 [1/1] (0.00ns)   --->   "%mux_case_35183939_out_load = load i32 %mux_case_35183939_out" [top_cmplx.cpp:165]   --->   Operation 514 'load' 'mux_case_35183939_out_load' <Predicate = (icmp_ln119 & i_1 == 6)> <Delay = 0.00>
ST_41 : Operation 515 [1/1] (0.00ns)   --->   "%mux_case_35483972_out_load = load i32 %mux_case_35483972_out" [top_cmplx.cpp:166]   --->   Operation 515 'load' 'mux_case_35483972_out_load' <Predicate = (icmp_ln119 & i_1 == 6)> <Delay = 0.00>
ST_41 : Operation 516 [1/1] (0.00ns)   --->   "%mux_case_34383576_out_load = load i32 %mux_case_34383576_out" [top_cmplx.cpp:165]   --->   Operation 516 'load' 'mux_case_34383576_out_load' <Predicate = (icmp_ln119)> <Delay = 0.00>
ST_41 : Operation 517 [1/1] (0.00ns)   --->   "%mux_case_34433609_out_load = load i32 %mux_case_34433609_out" [top_cmplx.cpp:165]   --->   Operation 517 'load' 'mux_case_34433609_out_load' <Predicate = (icmp_ln119)> <Delay = 0.00>
ST_41 : Operation 518 [1/1] (0.00ns)   --->   "%mux_case_34483641_out_load = load i32 %mux_case_34483641_out" [top_cmplx.cpp:165]   --->   Operation 518 'load' 'mux_case_34483641_out_load' <Predicate = (icmp_ln119)> <Delay = 0.00>
ST_41 : Operation 519 [1/1] (0.00ns)   --->   "%mux_case_34533675_out_load = load i32 %mux_case_34533675_out" [top_cmplx.cpp:165]   --->   Operation 519 'load' 'mux_case_34533675_out_load' <Predicate = (icmp_ln119)> <Delay = 0.00>
ST_41 : Operation 520 [1/1] (0.00ns)   --->   "%mux_case_34583708_out_load = load i32 %mux_case_34583708_out" [top_cmplx.cpp:165]   --->   Operation 520 'load' 'mux_case_34583708_out_load' <Predicate = (icmp_ln119)> <Delay = 0.00>
ST_41 : Operation 521 [1/1] (0.00ns)   --->   "%mux_case_34683774_out_load = load i32 %mux_case_34683774_out" [top_cmplx.cpp:166]   --->   Operation 521 'load' 'mux_case_34683774_out_load' <Predicate = (icmp_ln119)> <Delay = 0.00>
ST_41 : Operation 522 [1/1] (0.00ns)   --->   "%mux_case_34733807_out_load = load i32 %mux_case_34733807_out" [top_cmplx.cpp:166]   --->   Operation 522 'load' 'mux_case_34733807_out_load' <Predicate = (icmp_ln119)> <Delay = 0.00>
ST_41 : Operation 523 [1/1] (0.00ns)   --->   "%mux_case_34783839_out_load = load i32 %mux_case_34783839_out" [top_cmplx.cpp:166]   --->   Operation 523 'load' 'mux_case_34783839_out_load' <Predicate = (icmp_ln119)> <Delay = 0.00>
ST_41 : Operation 524 [1/1] (0.00ns)   --->   "%mux_case_34833873_out_load = load i32 %mux_case_34833873_out" [top_cmplx.cpp:166]   --->   Operation 524 'load' 'mux_case_34833873_out_load' <Predicate = (icmp_ln119)> <Delay = 0.00>
ST_41 : Operation 525 [1/1] (0.00ns)   --->   "%mux_case_34883906_out_load = load i32 %mux_case_34883906_out" [top_cmplx.cpp:166]   --->   Operation 525 'load' 'mux_case_34883906_out_load' <Predicate = (icmp_ln119)> <Delay = 0.00>
ST_41 : Operation 526 [4/4] (6.43ns)   --->   "%sub = fsub i32 %mul4, i32 %mul5" [top_cmplx.cpp:168]   --->   Operation 526 'fsub' 'sub' <Predicate = (icmp_ln119)> <Delay = 6.43> <CoreInst = "FAddSub_fulldsp">   --->   Core 18 'FAddSub_fulldsp' <Latency = 3> <II = 1> <Delay = 6.43> <FuncUnit> <Opcode : 'fadd' 'fsub'> <InPorts = 2> <OutPorts = 1>
ST_41 : Operation 527 [4/4] (6.43ns)   --->   "%sub1 = fsub i32 %mul6, i32 %mul7" [top_cmplx.cpp:169]   --->   Operation 527 'fsub' 'sub1' <Predicate = (icmp_ln119)> <Delay = 6.43> <CoreInst = "FAddSub_fulldsp">   --->   Core 18 'FAddSub_fulldsp' <Latency = 3> <II = 1> <Delay = 6.43> <FuncUnit> <Opcode : 'fadd' 'fsub'> <InPorts = 2> <OutPorts = 1>
ST_41 : Operation 528 [4/4] (6.43ns)   --->   "%add = fadd i32 %mul8, i32 %mul9" [top_cmplx.cpp:171]   --->   Operation 528 'fadd' 'add' <Predicate = (icmp_ln119)> <Delay = 6.43> <CoreInst = "FAddSub_fulldsp">   --->   Core 18 'FAddSub_fulldsp' <Latency = 3> <II = 1> <Delay = 6.43> <FuncUnit> <Opcode : 'fadd' 'fsub'> <InPorts = 2> <OutPorts = 1>
ST_41 : Operation 529 [4/4] (6.43ns)   --->   "%add1 = fadd i32 %mul10, i32 %mul11" [top_cmplx.cpp:172]   --->   Operation 529 'fadd' 'add1' <Predicate = (icmp_ln119)> <Delay = 6.43> <CoreInst = "FAddSub_fulldsp">   --->   Core 18 'FAddSub_fulldsp' <Latency = 3> <II = 1> <Delay = 6.43> <FuncUnit> <Opcode : 'fadd' 'fsub'> <InPorts = 2> <OutPorts = 1>
ST_41 : Operation 530 [1/2] (8.41ns)   --->   "%mul138_1 = fmul i32 %c, i32 %tmp_46" [top_cmplx.cpp:168]   --->   Operation 530 'fmul' 'mul138_1' <Predicate = (icmp_ln119)> <Delay = 8.41> <CoreInst = "FMul_maxdsp">   --->   Core 30 'FMul_maxdsp' <Latency = 1> <II = 1> <Delay = 8.41> <FuncUnit> <Opcode : 'fmul'> <InPorts = 2> <OutPorts = 1>
ST_41 : Operation 531 [1/2] (8.41ns)   --->   "%mul139_1 = fmul i32 %s, i32 %tmp_48" [top_cmplx.cpp:168]   --->   Operation 531 'fmul' 'mul139_1' <Predicate = (icmp_ln119)> <Delay = 8.41> <CoreInst = "FMul_maxdsp">   --->   Core 30 'FMul_maxdsp' <Latency = 1> <II = 1> <Delay = 8.41> <FuncUnit> <Opcode : 'fmul'> <InPorts = 2> <OutPorts = 1>
ST_41 : Operation 532 [1/2] (8.41ns)   --->   "%mul147_1 = fmul i32 %c, i32 %tmp_47" [top_cmplx.cpp:169]   --->   Operation 532 'fmul' 'mul147_1' <Predicate = (icmp_ln119)> <Delay = 8.41> <CoreInst = "FMul_maxdsp">   --->   Core 30 'FMul_maxdsp' <Latency = 1> <II = 1> <Delay = 8.41> <FuncUnit> <Opcode : 'fmul'> <InPorts = 2> <OutPorts = 1>
ST_41 : Operation 533 [1/2] (8.41ns)   --->   "%mul148_1 = fmul i32 %s, i32 %tmp_49" [top_cmplx.cpp:169]   --->   Operation 533 'fmul' 'mul148_1' <Predicate = (icmp_ln119)> <Delay = 8.41> <CoreInst = "FMul_maxdsp">   --->   Core 30 'FMul_maxdsp' <Latency = 1> <II = 1> <Delay = 8.41> <FuncUnit> <Opcode : 'fmul'> <InPorts = 2> <OutPorts = 1>
ST_41 : Operation 534 [1/2] (8.41ns)   --->   "%mul156_1 = fmul i32 %s, i32 %tmp_46" [top_cmplx.cpp:171]   --->   Operation 534 'fmul' 'mul156_1' <Predicate = (icmp_ln119)> <Delay = 8.41> <CoreInst = "FMul_maxdsp">   --->   Core 30 'FMul_maxdsp' <Latency = 1> <II = 1> <Delay = 8.41> <FuncUnit> <Opcode : 'fmul'> <InPorts = 2> <OutPorts = 1>
ST_41 : Operation 535 [1/2] (8.41ns)   --->   "%mul157_1 = fmul i32 %c, i32 %tmp_48" [top_cmplx.cpp:171]   --->   Operation 535 'fmul' 'mul157_1' <Predicate = (icmp_ln119)> <Delay = 8.41> <CoreInst = "FMul_maxdsp">   --->   Core 30 'FMul_maxdsp' <Latency = 1> <II = 1> <Delay = 8.41> <FuncUnit> <Opcode : 'fmul'> <InPorts = 2> <OutPorts = 1>
ST_41 : Operation 536 [1/2] (8.41ns)   --->   "%mul164_1 = fmul i32 %s, i32 %tmp_47" [top_cmplx.cpp:172]   --->   Operation 536 'fmul' 'mul164_1' <Predicate = (icmp_ln119)> <Delay = 8.41> <CoreInst = "FMul_maxdsp">   --->   Core 30 'FMul_maxdsp' <Latency = 1> <II = 1> <Delay = 8.41> <FuncUnit> <Opcode : 'fmul'> <InPorts = 2> <OutPorts = 1>
ST_41 : Operation 537 [1/2] (8.41ns)   --->   "%mul165_1 = fmul i32 %c, i32 %tmp_49" [top_cmplx.cpp:172]   --->   Operation 537 'fmul' 'mul165_1' <Predicate = (icmp_ln119)> <Delay = 8.41> <CoreInst = "FMul_maxdsp">   --->   Core 30 'FMul_maxdsp' <Latency = 1> <II = 1> <Delay = 8.41> <FuncUnit> <Opcode : 'fmul'> <InPorts = 2> <OutPorts = 1>
ST_41 : Operation 538 [2/2] (8.41ns)   --->   "%mul138_2 = fmul i32 %c, i32 %tmp_50" [top_cmplx.cpp:168]   --->   Operation 538 'fmul' 'mul138_2' <Predicate = (icmp_ln119)> <Delay = 8.41> <CoreInst = "FMul_maxdsp">   --->   Core 30 'FMul_maxdsp' <Latency = 1> <II = 1> <Delay = 8.41> <FuncUnit> <Opcode : 'fmul'> <InPorts = 2> <OutPorts = 1>
ST_41 : Operation 539 [2/2] (8.41ns)   --->   "%mul139_2 = fmul i32 %s, i32 %tmp_52" [top_cmplx.cpp:168]   --->   Operation 539 'fmul' 'mul139_2' <Predicate = (icmp_ln119)> <Delay = 8.41> <CoreInst = "FMul_maxdsp">   --->   Core 30 'FMul_maxdsp' <Latency = 1> <II = 1> <Delay = 8.41> <FuncUnit> <Opcode : 'fmul'> <InPorts = 2> <OutPorts = 1>
ST_41 : Operation 540 [2/2] (8.41ns)   --->   "%mul147_2 = fmul i32 %c, i32 %tmp_51" [top_cmplx.cpp:169]   --->   Operation 540 'fmul' 'mul147_2' <Predicate = (icmp_ln119)> <Delay = 8.41> <CoreInst = "FMul_maxdsp">   --->   Core 30 'FMul_maxdsp' <Latency = 1> <II = 1> <Delay = 8.41> <FuncUnit> <Opcode : 'fmul'> <InPorts = 2> <OutPorts = 1>
ST_41 : Operation 541 [2/2] (8.41ns)   --->   "%mul148_2 = fmul i32 %s, i32 %tmp_53" [top_cmplx.cpp:169]   --->   Operation 541 'fmul' 'mul148_2' <Predicate = (icmp_ln119)> <Delay = 8.41> <CoreInst = "FMul_maxdsp">   --->   Core 30 'FMul_maxdsp' <Latency = 1> <II = 1> <Delay = 8.41> <FuncUnit> <Opcode : 'fmul'> <InPorts = 2> <OutPorts = 1>
ST_41 : Operation 542 [2/2] (8.41ns)   --->   "%mul156_2 = fmul i32 %s, i32 %tmp_50" [top_cmplx.cpp:171]   --->   Operation 542 'fmul' 'mul156_2' <Predicate = (icmp_ln119)> <Delay = 8.41> <CoreInst = "FMul_maxdsp">   --->   Core 30 'FMul_maxdsp' <Latency = 1> <II = 1> <Delay = 8.41> <FuncUnit> <Opcode : 'fmul'> <InPorts = 2> <OutPorts = 1>
ST_41 : Operation 543 [2/2] (8.41ns)   --->   "%mul157_2 = fmul i32 %c, i32 %tmp_52" [top_cmplx.cpp:171]   --->   Operation 543 'fmul' 'mul157_2' <Predicate = (icmp_ln119)> <Delay = 8.41> <CoreInst = "FMul_maxdsp">   --->   Core 30 'FMul_maxdsp' <Latency = 1> <II = 1> <Delay = 8.41> <FuncUnit> <Opcode : 'fmul'> <InPorts = 2> <OutPorts = 1>
ST_41 : Operation 544 [2/2] (8.41ns)   --->   "%mul164_2 = fmul i32 %s, i32 %tmp_51" [top_cmplx.cpp:172]   --->   Operation 544 'fmul' 'mul164_2' <Predicate = (icmp_ln119)> <Delay = 8.41> <CoreInst = "FMul_maxdsp">   --->   Core 30 'FMul_maxdsp' <Latency = 1> <II = 1> <Delay = 8.41> <FuncUnit> <Opcode : 'fmul'> <InPorts = 2> <OutPorts = 1>
ST_41 : Operation 545 [2/2] (8.41ns)   --->   "%mul165_2 = fmul i32 %c, i32 %tmp_53" [top_cmplx.cpp:172]   --->   Operation 545 'fmul' 'mul165_2' <Predicate = (icmp_ln119)> <Delay = 8.41> <CoreInst = "FMul_maxdsp">   --->   Core 30 'FMul_maxdsp' <Latency = 1> <II = 1> <Delay = 8.41> <FuncUnit> <Opcode : 'fmul'> <InPorts = 2> <OutPorts = 1>
ST_41 : Operation 546 [1/1] (0.62ns)   --->   "%tmp_54 = sparsemux i32 @_ssdm_op_SparseMux.ap_auto.6f32.f32.i3, i3 1, i32 %mux_case_34333543_out_load, i3 2, i32 %mux_case_34383576_out_load, i3 3, i32 %mux_case_34433609_out_load, i3 4, i32 %mux_case_34483641_out_load, i3 5, i32 %mux_case_34533675_out_load, i3 6, i32 %mux_case_34583708_out_load, i32 <undef>, i3 %i_1" [top_cmplx.cpp:162]   --->   Operation 546 'sparsemux' 'tmp_54' <Predicate = (icmp_ln119)> <Delay = 0.62> <CoreInst = "SparseMux">   --->   Core 147 'SparseMux' <Latency = 0> <II = 1> <Delay = 0.62> <FuncUnit> <Opcode : 'sparsemux'> <InPorts = 2> <OutPorts = 1>
ST_41 : Operation 547 [1/1] (0.62ns)   --->   "%tmp_55 = sparsemux i32 @_ssdm_op_SparseMux.ap_auto.6f32.f32.i3, i3 1, i32 %mux_case_34633741_out_load, i3 2, i32 %mux_case_34683774_out_load, i3 3, i32 %mux_case_34733807_out_load, i3 4, i32 %mux_case_34783839_out_load, i3 5, i32 %mux_case_34833873_out_load, i3 6, i32 %mux_case_34883906_out_load, i32 <undef>, i3 %i_1" [top_cmplx.cpp:163]   --->   Operation 547 'sparsemux' 'tmp_55' <Predicate = (icmp_ln119)> <Delay = 0.62> <CoreInst = "SparseMux">   --->   Core 147 'SparseMux' <Latency = 0> <II = 1> <Delay = 0.62> <FuncUnit> <Opcode : 'sparsemux'> <InPorts = 2> <OutPorts = 1>
ST_41 : Operation 548 [1/1] (0.62ns)   --->   "%tmp_56 = sparsemux i32 @_ssdm_op_SparseMux.ap_auto.6f32.f32.i3, i3 1, i32 %mux_case_34383576_out_load, i3 2, i32 %mux_case_34433609_out_load, i3 3, i32 %mux_case_34483641_out_load, i3 4, i32 %mux_case_34533675_out_load, i3 5, i32 %mux_case_34583708_out_load, i3 6, i32 %mux_case_35183939_out_load, i32 <undef>, i3 %i_1" [top_cmplx.cpp:165]   --->   Operation 548 'sparsemux' 'tmp_56' <Predicate = (icmp_ln119)> <Delay = 0.62> <CoreInst = "SparseMux">   --->   Core 147 'SparseMux' <Latency = 0> <II = 1> <Delay = 0.62> <FuncUnit> <Opcode : 'sparsemux'> <InPorts = 2> <OutPorts = 1>
ST_41 : Operation 549 [1/1] (0.62ns)   --->   "%tmp_57 = sparsemux i32 @_ssdm_op_SparseMux.ap_auto.6f32.f32.i3, i3 1, i32 %mux_case_34683774_out_load, i3 2, i32 %mux_case_34733807_out_load, i3 3, i32 %mux_case_34783839_out_load, i3 4, i32 %mux_case_34833873_out_load, i3 5, i32 %mux_case_34883906_out_load, i3 6, i32 %mux_case_35483972_out_load, i32 <undef>, i3 %i_1" [top_cmplx.cpp:166]   --->   Operation 549 'sparsemux' 'tmp_57' <Predicate = (icmp_ln119)> <Delay = 0.62> <CoreInst = "SparseMux">   --->   Core 147 'SparseMux' <Latency = 0> <II = 1> <Delay = 0.62> <FuncUnit> <Opcode : 'sparsemux'> <InPorts = 2> <OutPorts = 1>

State 42 <SV = 41> <Delay = 8.41>
ST_42 : Operation 550 [2/4] (6.43ns)   --->   "%R_real = fsub i32 %mul_i1, i32 %mul17_i" [top_cmplx.cpp:41->top_cmplx.cpp:146]   --->   Operation 550 'fsub' 'R_real' <Predicate = (icmp_ln119)> <Delay = 6.43> <CoreInst = "FAddSub_fulldsp">   --->   Core 18 'FAddSub_fulldsp' <Latency = 3> <II = 1> <Delay = 6.43> <FuncUnit> <Opcode : 'fadd' 'fsub'> <InPorts = 2> <OutPorts = 1>
ST_42 : Operation 551 [2/4] (6.43ns)   --->   "%R_imag = fsub i32 %mul23_i, i32 %mul24_i" [top_cmplx.cpp:42->top_cmplx.cpp:146]   --->   Operation 551 'fsub' 'R_imag' <Predicate = (icmp_ln119)> <Delay = 6.43> <CoreInst = "FAddSub_fulldsp">   --->   Core 18 'FAddSub_fulldsp' <Latency = 3> <II = 1> <Delay = 6.43> <FuncUnit> <Opcode : 'fadd' 'fsub'> <InPorts = 2> <OutPorts = 1>
ST_42 : Operation 552 [2/4] (6.43ns)   --->   "%R_real_1 = fadd i32 %mul31_i, i32 %mul32_i" [top_cmplx.cpp:45->top_cmplx.cpp:146]   --->   Operation 552 'fadd' 'R_real_1' <Predicate = (icmp_ln119)> <Delay = 6.43> <CoreInst = "FAddSub_fulldsp">   --->   Core 18 'FAddSub_fulldsp' <Latency = 3> <II = 1> <Delay = 6.43> <FuncUnit> <Opcode : 'fadd' 'fsub'> <InPorts = 2> <OutPorts = 1>
ST_42 : Operation 553 [2/4] (6.43ns)   --->   "%R_imag_1 = fadd i32 %mul38_i, i32 %mul39_i" [top_cmplx.cpp:46->top_cmplx.cpp:146]   --->   Operation 553 'fadd' 'R_imag_1' <Predicate = (icmp_ln119)> <Delay = 6.43> <CoreInst = "FAddSub_fulldsp">   --->   Core 18 'FAddSub_fulldsp' <Latency = 3> <II = 1> <Delay = 6.43> <FuncUnit> <Opcode : 'fadd' 'fsub'> <InPorts = 2> <OutPorts = 1>
ST_42 : Operation 554 [3/4] (6.43ns)   --->   "%sub = fsub i32 %mul4, i32 %mul5" [top_cmplx.cpp:168]   --->   Operation 554 'fsub' 'sub' <Predicate = (icmp_ln119)> <Delay = 6.43> <CoreInst = "FAddSub_fulldsp">   --->   Core 18 'FAddSub_fulldsp' <Latency = 3> <II = 1> <Delay = 6.43> <FuncUnit> <Opcode : 'fadd' 'fsub'> <InPorts = 2> <OutPorts = 1>
ST_42 : Operation 555 [3/4] (6.43ns)   --->   "%sub1 = fsub i32 %mul6, i32 %mul7" [top_cmplx.cpp:169]   --->   Operation 555 'fsub' 'sub1' <Predicate = (icmp_ln119)> <Delay = 6.43> <CoreInst = "FAddSub_fulldsp">   --->   Core 18 'FAddSub_fulldsp' <Latency = 3> <II = 1> <Delay = 6.43> <FuncUnit> <Opcode : 'fadd' 'fsub'> <InPorts = 2> <OutPorts = 1>
ST_42 : Operation 556 [3/4] (6.43ns)   --->   "%add = fadd i32 %mul8, i32 %mul9" [top_cmplx.cpp:171]   --->   Operation 556 'fadd' 'add' <Predicate = (icmp_ln119)> <Delay = 6.43> <CoreInst = "FAddSub_fulldsp">   --->   Core 18 'FAddSub_fulldsp' <Latency = 3> <II = 1> <Delay = 6.43> <FuncUnit> <Opcode : 'fadd' 'fsub'> <InPorts = 2> <OutPorts = 1>
ST_42 : Operation 557 [3/4] (6.43ns)   --->   "%add1 = fadd i32 %mul10, i32 %mul11" [top_cmplx.cpp:172]   --->   Operation 557 'fadd' 'add1' <Predicate = (icmp_ln119)> <Delay = 6.43> <CoreInst = "FAddSub_fulldsp">   --->   Core 18 'FAddSub_fulldsp' <Latency = 3> <II = 1> <Delay = 6.43> <FuncUnit> <Opcode : 'fadd' 'fsub'> <InPorts = 2> <OutPorts = 1>
ST_42 : Operation 558 [4/4] (6.43ns)   --->   "%sub140_1 = fsub i32 %mul138_1, i32 %mul139_1" [top_cmplx.cpp:168]   --->   Operation 558 'fsub' 'sub140_1' <Predicate = (icmp_ln119)> <Delay = 6.43> <CoreInst = "FAddSub_fulldsp">   --->   Core 18 'FAddSub_fulldsp' <Latency = 3> <II = 1> <Delay = 6.43> <FuncUnit> <Opcode : 'fadd' 'fsub'> <InPorts = 2> <OutPorts = 1>
ST_42 : Operation 559 [4/4] (6.43ns)   --->   "%sub149_1 = fsub i32 %mul147_1, i32 %mul148_1" [top_cmplx.cpp:169]   --->   Operation 559 'fsub' 'sub149_1' <Predicate = (icmp_ln119)> <Delay = 6.43> <CoreInst = "FAddSub_fulldsp">   --->   Core 18 'FAddSub_fulldsp' <Latency = 3> <II = 1> <Delay = 6.43> <FuncUnit> <Opcode : 'fadd' 'fsub'> <InPorts = 2> <OutPorts = 1>
ST_42 : Operation 560 [4/4] (6.43ns)   --->   "%add158_1 = fadd i32 %mul156_1, i32 %mul157_1" [top_cmplx.cpp:171]   --->   Operation 560 'fadd' 'add158_1' <Predicate = (icmp_ln119)> <Delay = 6.43> <CoreInst = "FAddSub_fulldsp">   --->   Core 18 'FAddSub_fulldsp' <Latency = 3> <II = 1> <Delay = 6.43> <FuncUnit> <Opcode : 'fadd' 'fsub'> <InPorts = 2> <OutPorts = 1>
ST_42 : Operation 561 [4/4] (6.43ns)   --->   "%add166_1 = fadd i32 %mul164_1, i32 %mul165_1" [top_cmplx.cpp:172]   --->   Operation 561 'fadd' 'add166_1' <Predicate = (icmp_ln119)> <Delay = 6.43> <CoreInst = "FAddSub_fulldsp">   --->   Core 18 'FAddSub_fulldsp' <Latency = 3> <II = 1> <Delay = 6.43> <FuncUnit> <Opcode : 'fadd' 'fsub'> <InPorts = 2> <OutPorts = 1>
ST_42 : Operation 562 [1/2] (8.41ns)   --->   "%mul138_2 = fmul i32 %c, i32 %tmp_50" [top_cmplx.cpp:168]   --->   Operation 562 'fmul' 'mul138_2' <Predicate = (icmp_ln119)> <Delay = 8.41> <CoreInst = "FMul_maxdsp">   --->   Core 30 'FMul_maxdsp' <Latency = 1> <II = 1> <Delay = 8.41> <FuncUnit> <Opcode : 'fmul'> <InPorts = 2> <OutPorts = 1>
ST_42 : Operation 563 [1/2] (8.41ns)   --->   "%mul139_2 = fmul i32 %s, i32 %tmp_52" [top_cmplx.cpp:168]   --->   Operation 563 'fmul' 'mul139_2' <Predicate = (icmp_ln119)> <Delay = 8.41> <CoreInst = "FMul_maxdsp">   --->   Core 30 'FMul_maxdsp' <Latency = 1> <II = 1> <Delay = 8.41> <FuncUnit> <Opcode : 'fmul'> <InPorts = 2> <OutPorts = 1>
ST_42 : Operation 564 [1/2] (8.41ns)   --->   "%mul147_2 = fmul i32 %c, i32 %tmp_51" [top_cmplx.cpp:169]   --->   Operation 564 'fmul' 'mul147_2' <Predicate = (icmp_ln119)> <Delay = 8.41> <CoreInst = "FMul_maxdsp">   --->   Core 30 'FMul_maxdsp' <Latency = 1> <II = 1> <Delay = 8.41> <FuncUnit> <Opcode : 'fmul'> <InPorts = 2> <OutPorts = 1>
ST_42 : Operation 565 [1/2] (8.41ns)   --->   "%mul148_2 = fmul i32 %s, i32 %tmp_53" [top_cmplx.cpp:169]   --->   Operation 565 'fmul' 'mul148_2' <Predicate = (icmp_ln119)> <Delay = 8.41> <CoreInst = "FMul_maxdsp">   --->   Core 30 'FMul_maxdsp' <Latency = 1> <II = 1> <Delay = 8.41> <FuncUnit> <Opcode : 'fmul'> <InPorts = 2> <OutPorts = 1>
ST_42 : Operation 566 [1/2] (8.41ns)   --->   "%mul156_2 = fmul i32 %s, i32 %tmp_50" [top_cmplx.cpp:171]   --->   Operation 566 'fmul' 'mul156_2' <Predicate = (icmp_ln119)> <Delay = 8.41> <CoreInst = "FMul_maxdsp">   --->   Core 30 'FMul_maxdsp' <Latency = 1> <II = 1> <Delay = 8.41> <FuncUnit> <Opcode : 'fmul'> <InPorts = 2> <OutPorts = 1>
ST_42 : Operation 567 [1/2] (8.41ns)   --->   "%mul157_2 = fmul i32 %c, i32 %tmp_52" [top_cmplx.cpp:171]   --->   Operation 567 'fmul' 'mul157_2' <Predicate = (icmp_ln119)> <Delay = 8.41> <CoreInst = "FMul_maxdsp">   --->   Core 30 'FMul_maxdsp' <Latency = 1> <II = 1> <Delay = 8.41> <FuncUnit> <Opcode : 'fmul'> <InPorts = 2> <OutPorts = 1>
ST_42 : Operation 568 [1/2] (8.41ns)   --->   "%mul164_2 = fmul i32 %s, i32 %tmp_51" [top_cmplx.cpp:172]   --->   Operation 568 'fmul' 'mul164_2' <Predicate = (icmp_ln119)> <Delay = 8.41> <CoreInst = "FMul_maxdsp">   --->   Core 30 'FMul_maxdsp' <Latency = 1> <II = 1> <Delay = 8.41> <FuncUnit> <Opcode : 'fmul'> <InPorts = 2> <OutPorts = 1>
ST_42 : Operation 569 [1/2] (8.41ns)   --->   "%mul165_2 = fmul i32 %c, i32 %tmp_53" [top_cmplx.cpp:172]   --->   Operation 569 'fmul' 'mul165_2' <Predicate = (icmp_ln119)> <Delay = 8.41> <CoreInst = "FMul_maxdsp">   --->   Core 30 'FMul_maxdsp' <Latency = 1> <II = 1> <Delay = 8.41> <FuncUnit> <Opcode : 'fmul'> <InPorts = 2> <OutPorts = 1>
ST_42 : Operation 570 [2/2] (8.41ns)   --->   "%mul138_3 = fmul i32 %c, i32 %tmp_54" [top_cmplx.cpp:168]   --->   Operation 570 'fmul' 'mul138_3' <Predicate = (icmp_ln119)> <Delay = 8.41> <CoreInst = "FMul_maxdsp">   --->   Core 30 'FMul_maxdsp' <Latency = 1> <II = 1> <Delay = 8.41> <FuncUnit> <Opcode : 'fmul'> <InPorts = 2> <OutPorts = 1>
ST_42 : Operation 571 [2/2] (8.41ns)   --->   "%mul139_3 = fmul i32 %s, i32 %tmp_56" [top_cmplx.cpp:168]   --->   Operation 571 'fmul' 'mul139_3' <Predicate = (icmp_ln119)> <Delay = 8.41> <CoreInst = "FMul_maxdsp">   --->   Core 30 'FMul_maxdsp' <Latency = 1> <II = 1> <Delay = 8.41> <FuncUnit> <Opcode : 'fmul'> <InPorts = 2> <OutPorts = 1>
ST_42 : Operation 572 [2/2] (8.41ns)   --->   "%mul147_3 = fmul i32 %c, i32 %tmp_55" [top_cmplx.cpp:169]   --->   Operation 572 'fmul' 'mul147_3' <Predicate = (icmp_ln119)> <Delay = 8.41> <CoreInst = "FMul_maxdsp">   --->   Core 30 'FMul_maxdsp' <Latency = 1> <II = 1> <Delay = 8.41> <FuncUnit> <Opcode : 'fmul'> <InPorts = 2> <OutPorts = 1>
ST_42 : Operation 573 [2/2] (8.41ns)   --->   "%mul148_3 = fmul i32 %s, i32 %tmp_57" [top_cmplx.cpp:169]   --->   Operation 573 'fmul' 'mul148_3' <Predicate = (icmp_ln119)> <Delay = 8.41> <CoreInst = "FMul_maxdsp">   --->   Core 30 'FMul_maxdsp' <Latency = 1> <II = 1> <Delay = 8.41> <FuncUnit> <Opcode : 'fmul'> <InPorts = 2> <OutPorts = 1>
ST_42 : Operation 574 [2/2] (8.41ns)   --->   "%mul156_3 = fmul i32 %s, i32 %tmp_54" [top_cmplx.cpp:171]   --->   Operation 574 'fmul' 'mul156_3' <Predicate = (icmp_ln119)> <Delay = 8.41> <CoreInst = "FMul_maxdsp">   --->   Core 30 'FMul_maxdsp' <Latency = 1> <II = 1> <Delay = 8.41> <FuncUnit> <Opcode : 'fmul'> <InPorts = 2> <OutPorts = 1>
ST_42 : Operation 575 [2/2] (8.41ns)   --->   "%mul157_3 = fmul i32 %c, i32 %tmp_56" [top_cmplx.cpp:171]   --->   Operation 575 'fmul' 'mul157_3' <Predicate = (icmp_ln119)> <Delay = 8.41> <CoreInst = "FMul_maxdsp">   --->   Core 30 'FMul_maxdsp' <Latency = 1> <II = 1> <Delay = 8.41> <FuncUnit> <Opcode : 'fmul'> <InPorts = 2> <OutPorts = 1>
ST_42 : Operation 576 [2/2] (8.41ns)   --->   "%mul164_3 = fmul i32 %s, i32 %tmp_55" [top_cmplx.cpp:172]   --->   Operation 576 'fmul' 'mul164_3' <Predicate = (icmp_ln119)> <Delay = 8.41> <CoreInst = "FMul_maxdsp">   --->   Core 30 'FMul_maxdsp' <Latency = 1> <II = 1> <Delay = 8.41> <FuncUnit> <Opcode : 'fmul'> <InPorts = 2> <OutPorts = 1>
ST_42 : Operation 577 [2/2] (8.41ns)   --->   "%mul165_3 = fmul i32 %c, i32 %tmp_57" [top_cmplx.cpp:172]   --->   Operation 577 'fmul' 'mul165_3' <Predicate = (icmp_ln119)> <Delay = 8.41> <CoreInst = "FMul_maxdsp">   --->   Core 30 'FMul_maxdsp' <Latency = 1> <II = 1> <Delay = 8.41> <FuncUnit> <Opcode : 'fmul'> <InPorts = 2> <OutPorts = 1>

State 43 <SV = 42> <Delay = 8.41>
ST_43 : Operation 578 [1/4] (6.43ns)   --->   "%R_real = fsub i32 %mul_i1, i32 %mul17_i" [top_cmplx.cpp:41->top_cmplx.cpp:146]   --->   Operation 578 'fsub' 'R_real' <Predicate = (icmp_ln119)> <Delay = 6.43> <CoreInst = "FAddSub_fulldsp">   --->   Core 18 'FAddSub_fulldsp' <Latency = 3> <II = 1> <Delay = 6.43> <FuncUnit> <Opcode : 'fadd' 'fsub'> <InPorts = 2> <OutPorts = 1>
ST_43 : Operation 579 [1/4] (6.43ns)   --->   "%R_imag = fsub i32 %mul23_i, i32 %mul24_i" [top_cmplx.cpp:42->top_cmplx.cpp:146]   --->   Operation 579 'fsub' 'R_imag' <Predicate = (icmp_ln119)> <Delay = 6.43> <CoreInst = "FAddSub_fulldsp">   --->   Core 18 'FAddSub_fulldsp' <Latency = 3> <II = 1> <Delay = 6.43> <FuncUnit> <Opcode : 'fadd' 'fsub'> <InPorts = 2> <OutPorts = 1>
ST_43 : Operation 580 [1/4] (6.43ns)   --->   "%R_real_1 = fadd i32 %mul31_i, i32 %mul32_i" [top_cmplx.cpp:45->top_cmplx.cpp:146]   --->   Operation 580 'fadd' 'R_real_1' <Predicate = (icmp_ln119)> <Delay = 6.43> <CoreInst = "FAddSub_fulldsp">   --->   Core 18 'FAddSub_fulldsp' <Latency = 3> <II = 1> <Delay = 6.43> <FuncUnit> <Opcode : 'fadd' 'fsub'> <InPorts = 2> <OutPorts = 1>
ST_43 : Operation 581 [1/1] (0.73ns)   --->   "%switch_ln41 = switch i2 %tmp_18, void %real3.i202.case.3233, i2 0, void %real3.i202.exit, i2 1, void %real3.i202.case.1231, i2 2, void %real3.i202.case.4.real3.i202.exit_crit_edge" [top_cmplx.cpp:41->top_cmplx.cpp:146]   --->   Operation 581 'switch' 'switch_ln41' <Predicate = (icmp_ln119 & i_1 == 5)> <Delay = 0.73>
ST_43 : Operation 582 [1/1] (0.42ns)   --->   "%br_ln41 = br void %real3.i202.exit" [top_cmplx.cpp:41->top_cmplx.cpp:146]   --->   Operation 582 'br' 'br_ln41' <Predicate = (icmp_ln119 & i_1 == 5 & tmp_18 == 2)> <Delay = 0.42>
ST_43 : Operation 583 [1/1] (0.42ns)   --->   "%br_ln41 = br void %real3.i202.exit" [top_cmplx.cpp:41->top_cmplx.cpp:146]   --->   Operation 583 'br' 'br_ln41' <Predicate = (icmp_ln119 & i_1 == 5 & tmp_18 == 1)> <Delay = 0.42>
ST_43 : Operation 584 [1/1] (0.42ns)   --->   "%br_ln41 = br void %real3.i202.exit" [top_cmplx.cpp:41->top_cmplx.cpp:146]   --->   Operation 584 'br' 'br_ln41' <Predicate = (icmp_ln119 & i_1 == 5 & tmp_18 == 3)> <Delay = 0.42>
ST_43 : Operation 585 [1/1] (0.73ns)   --->   "%switch_ln41 = switch i2 %tmp_18, void %real3.i202.case.3227, i2 0, void %real3.i202.exit, i2 1, void %real3.i202.case.1225, i2 2, void %real3.i202.case.3.real3.i202.exit_crit_edge" [top_cmplx.cpp:41->top_cmplx.cpp:146]   --->   Operation 585 'switch' 'switch_ln41' <Predicate = (icmp_ln119 & i_1 == 4)> <Delay = 0.73>
ST_43 : Operation 586 [1/1] (0.42ns)   --->   "%br_ln41 = br void %real3.i202.exit" [top_cmplx.cpp:41->top_cmplx.cpp:146]   --->   Operation 586 'br' 'br_ln41' <Predicate = (icmp_ln119 & i_1 == 4 & tmp_18 == 2)> <Delay = 0.42>
ST_43 : Operation 587 [1/1] (0.42ns)   --->   "%br_ln41 = br void %real3.i202.exit" [top_cmplx.cpp:41->top_cmplx.cpp:146]   --->   Operation 587 'br' 'br_ln41' <Predicate = (icmp_ln119 & i_1 == 4 & tmp_18 == 1)> <Delay = 0.42>
ST_43 : Operation 588 [1/1] (0.42ns)   --->   "%br_ln41 = br void %real3.i202.exit" [top_cmplx.cpp:41->top_cmplx.cpp:146]   --->   Operation 588 'br' 'br_ln41' <Predicate = (icmp_ln119 & i_1 == 4 & tmp_18 == 3)> <Delay = 0.42>
ST_43 : Operation 589 [1/1] (0.73ns)   --->   "%switch_ln41 = switch i2 %tmp_18, void %real3.i202.case.3221, i2 0, void %real3.i202.exit, i2 1, void %real3.i202.case.1219, i2 2, void %real3.i202.case.2.real3.i202.exit_crit_edge" [top_cmplx.cpp:41->top_cmplx.cpp:146]   --->   Operation 589 'switch' 'switch_ln41' <Predicate = (icmp_ln119 & i_1 == 3)> <Delay = 0.73>
ST_43 : Operation 590 [1/1] (0.42ns)   --->   "%br_ln41 = br void %real3.i202.exit" [top_cmplx.cpp:41->top_cmplx.cpp:146]   --->   Operation 590 'br' 'br_ln41' <Predicate = (icmp_ln119 & i_1 == 3 & tmp_18 == 2)> <Delay = 0.42>
ST_43 : Operation 591 [1/1] (0.42ns)   --->   "%br_ln41 = br void %real3.i202.exit" [top_cmplx.cpp:41->top_cmplx.cpp:146]   --->   Operation 591 'br' 'br_ln41' <Predicate = (icmp_ln119 & i_1 == 3 & tmp_18 == 1)> <Delay = 0.42>
ST_43 : Operation 592 [1/1] (0.42ns)   --->   "%br_ln41 = br void %real3.i202.exit" [top_cmplx.cpp:41->top_cmplx.cpp:146]   --->   Operation 592 'br' 'br_ln41' <Predicate = (icmp_ln119 & i_1 == 3 & tmp_18 == 3)> <Delay = 0.42>
ST_43 : Operation 593 [1/1] (0.73ns)   --->   "%switch_ln41 = switch i2 %tmp_18, void %real3.i202.case.3215, i2 0, void %real3.i202.exit, i2 1, void %real3.i202.case.1213, i2 2, void %real3.i202.case.1.real3.i202.exit_crit_edge" [top_cmplx.cpp:41->top_cmplx.cpp:146]   --->   Operation 593 'switch' 'switch_ln41' <Predicate = (icmp_ln119 & i_1 == 2)> <Delay = 0.73>
ST_43 : Operation 594 [1/1] (0.42ns)   --->   "%br_ln41 = br void %real3.i202.exit" [top_cmplx.cpp:41->top_cmplx.cpp:146]   --->   Operation 594 'br' 'br_ln41' <Predicate = (icmp_ln119 & i_1 == 2 & tmp_18 == 2)> <Delay = 0.42>
ST_43 : Operation 595 [1/1] (0.42ns)   --->   "%br_ln41 = br void %real3.i202.exit" [top_cmplx.cpp:41->top_cmplx.cpp:146]   --->   Operation 595 'br' 'br_ln41' <Predicate = (icmp_ln119 & i_1 == 2 & tmp_18 == 1)> <Delay = 0.42>
ST_43 : Operation 596 [1/1] (0.42ns)   --->   "%br_ln41 = br void %real3.i202.exit" [top_cmplx.cpp:41->top_cmplx.cpp:146]   --->   Operation 596 'br' 'br_ln41' <Predicate = (icmp_ln119 & i_1 == 2 & tmp_18 == 3)> <Delay = 0.42>
ST_43 : Operation 597 [1/1] (0.73ns)   --->   "%switch_ln41 = switch i2 %tmp_18, void %real3.i202.case.3209, i2 0, void %real3.i202.case.0.real3.i202.exit_crit_edge181, i2 1, void %real3.i202.exit, i2 2, void %real3.i202.case.0.real3.i202.exit_crit_edge" [top_cmplx.cpp:41->top_cmplx.cpp:146]   --->   Operation 597 'switch' 'switch_ln41' <Predicate = (icmp_ln119 & i_1 == 1)> <Delay = 0.73>
ST_43 : Operation 598 [1/1] (0.42ns)   --->   "%br_ln41 = br void %real3.i202.exit" [top_cmplx.cpp:41->top_cmplx.cpp:146]   --->   Operation 598 'br' 'br_ln41' <Predicate = (icmp_ln119 & i_1 == 1 & tmp_18 == 2)> <Delay = 0.42>
ST_43 : Operation 599 [1/1] (0.00ns)   --->   "%store_ln41 = store i32 %R_real, i32 %mux_case_0_out" [top_cmplx.cpp:41->top_cmplx.cpp:146]   --->   Operation 599 'store' 'store_ln41' <Predicate = (icmp_ln119 & i_1 == 1 & tmp_18 == 0)> <Delay = 0.00>
ST_43 : Operation 600 [1/1] (0.42ns)   --->   "%br_ln41 = br void %real3.i202.exit" [top_cmplx.cpp:41->top_cmplx.cpp:146]   --->   Operation 600 'br' 'br_ln41' <Predicate = (icmp_ln119 & i_1 == 1 & tmp_18 == 0)> <Delay = 0.42>
ST_43 : Operation 601 [1/1] (0.42ns)   --->   "%br_ln41 = br void %real3.i202.exit" [top_cmplx.cpp:41->top_cmplx.cpp:146]   --->   Operation 601 'br' 'br_ln41' <Predicate = (icmp_ln119 & i_1 == 1 & tmp_18 == 3)> <Delay = 0.42>
ST_43 : Operation 602 [1/1] (0.73ns)   --->   "%switch_ln41 = switch i2 %tmp_18, void %real3.i202.case.3239, i2 0, void %real3.i202.exit, i2 1, void %real3.i202.case.1237, i2 2, void %real3.i202.case.5.real3.i202.exit_crit_edge" [top_cmplx.cpp:41->top_cmplx.cpp:146]   --->   Operation 602 'switch' 'switch_ln41' <Predicate = (icmp_ln119 & i_1 != 1 & i_1 != 2 & i_1 != 3 & i_1 != 4 & i_1 != 5)> <Delay = 0.73>
ST_43 : Operation 603 [1/1] (0.42ns)   --->   "%br_ln41 = br void %real3.i202.exit" [top_cmplx.cpp:41->top_cmplx.cpp:146]   --->   Operation 603 'br' 'br_ln41' <Predicate = (icmp_ln119 & i_1 != 1 & i_1 != 2 & i_1 != 3 & i_1 != 4 & i_1 != 5 & tmp_18 == 2)> <Delay = 0.42>
ST_43 : Operation 604 [1/1] (0.42ns)   --->   "%br_ln41 = br void %real3.i202.exit" [top_cmplx.cpp:41->top_cmplx.cpp:146]   --->   Operation 604 'br' 'br_ln41' <Predicate = (icmp_ln119 & i_1 != 1 & i_1 != 2 & i_1 != 3 & i_1 != 4 & i_1 != 5 & tmp_18 == 1)> <Delay = 0.42>
ST_43 : Operation 605 [1/1] (0.42ns)   --->   "%br_ln41 = br void %real3.i202.exit" [top_cmplx.cpp:41->top_cmplx.cpp:146]   --->   Operation 605 'br' 'br_ln41' <Predicate = (icmp_ln119 & i_1 != 1 & i_1 != 2 & i_1 != 3 & i_1 != 4 & i_1 != 5 & tmp_18 == 3)> <Delay = 0.42>
ST_43 : Operation 606 [1/4] (6.43ns)   --->   "%R_imag_1 = fadd i32 %mul38_i, i32 %mul39_i" [top_cmplx.cpp:46->top_cmplx.cpp:146]   --->   Operation 606 'fadd' 'R_imag_1' <Predicate = (icmp_ln119)> <Delay = 6.43> <CoreInst = "FAddSub_fulldsp">   --->   Core 18 'FAddSub_fulldsp' <Latency = 3> <II = 1> <Delay = 6.43> <FuncUnit> <Opcode : 'fadd' 'fsub'> <InPorts = 2> <OutPorts = 1>
ST_43 : Operation 607 [1/1] (0.73ns)   --->   "%switch_ln42 = switch i2 %tmp_18, void %imag5.i203.case.3311, i2 0, void %imag5.i203.exit, i2 1, void %imag5.i203.case.1309, i2 2, void %imag5.i203.case.4.imag5.i203.exit_crit_edge" [top_cmplx.cpp:42->top_cmplx.cpp:146]   --->   Operation 607 'switch' 'switch_ln42' <Predicate = (icmp_ln119 & i_1 == 5)> <Delay = 0.73>
ST_43 : Operation 608 [1/1] (0.42ns)   --->   "%br_ln42 = br void %imag5.i203.exit" [top_cmplx.cpp:42->top_cmplx.cpp:146]   --->   Operation 608 'br' 'br_ln42' <Predicate = (icmp_ln119 & i_1 == 5 & tmp_18 == 2)> <Delay = 0.42>
ST_43 : Operation 609 [1/1] (0.42ns)   --->   "%br_ln42 = br void %imag5.i203.exit" [top_cmplx.cpp:42->top_cmplx.cpp:146]   --->   Operation 609 'br' 'br_ln42' <Predicate = (icmp_ln119 & i_1 == 5 & tmp_18 == 1)> <Delay = 0.42>
ST_43 : Operation 610 [1/1] (0.42ns)   --->   "%br_ln42 = br void %imag5.i203.exit" [top_cmplx.cpp:42->top_cmplx.cpp:146]   --->   Operation 610 'br' 'br_ln42' <Predicate = (icmp_ln119 & i_1 == 5 & tmp_18 == 3)> <Delay = 0.42>
ST_43 : Operation 611 [1/1] (0.73ns)   --->   "%switch_ln42 = switch i2 %tmp_18, void %imag5.i203.case.3305, i2 0, void %imag5.i203.exit, i2 1, void %imag5.i203.case.1303, i2 2, void %imag5.i203.case.3.imag5.i203.exit_crit_edge" [top_cmplx.cpp:42->top_cmplx.cpp:146]   --->   Operation 611 'switch' 'switch_ln42' <Predicate = (icmp_ln119 & i_1 == 4)> <Delay = 0.73>
ST_43 : Operation 612 [1/1] (0.42ns)   --->   "%br_ln42 = br void %imag5.i203.exit" [top_cmplx.cpp:42->top_cmplx.cpp:146]   --->   Operation 612 'br' 'br_ln42' <Predicate = (icmp_ln119 & i_1 == 4 & tmp_18 == 2)> <Delay = 0.42>
ST_43 : Operation 613 [1/1] (0.42ns)   --->   "%br_ln42 = br void %imag5.i203.exit" [top_cmplx.cpp:42->top_cmplx.cpp:146]   --->   Operation 613 'br' 'br_ln42' <Predicate = (icmp_ln119 & i_1 == 4 & tmp_18 == 1)> <Delay = 0.42>
ST_43 : Operation 614 [1/1] (0.42ns)   --->   "%br_ln42 = br void %imag5.i203.exit" [top_cmplx.cpp:42->top_cmplx.cpp:146]   --->   Operation 614 'br' 'br_ln42' <Predicate = (icmp_ln119 & i_1 == 4 & tmp_18 == 3)> <Delay = 0.42>
ST_43 : Operation 615 [1/1] (0.73ns)   --->   "%switch_ln42 = switch i2 %tmp_18, void %imag5.i203.case.3299, i2 0, void %imag5.i203.exit, i2 1, void %imag5.i203.case.1297, i2 2, void %imag5.i203.case.2.imag5.i203.exit_crit_edge" [top_cmplx.cpp:42->top_cmplx.cpp:146]   --->   Operation 615 'switch' 'switch_ln42' <Predicate = (icmp_ln119 & i_1 == 3)> <Delay = 0.73>
ST_43 : Operation 616 [1/1] (0.42ns)   --->   "%br_ln42 = br void %imag5.i203.exit" [top_cmplx.cpp:42->top_cmplx.cpp:146]   --->   Operation 616 'br' 'br_ln42' <Predicate = (icmp_ln119 & i_1 == 3 & tmp_18 == 2)> <Delay = 0.42>
ST_43 : Operation 617 [1/1] (0.42ns)   --->   "%br_ln42 = br void %imag5.i203.exit" [top_cmplx.cpp:42->top_cmplx.cpp:146]   --->   Operation 617 'br' 'br_ln42' <Predicate = (icmp_ln119 & i_1 == 3 & tmp_18 == 1)> <Delay = 0.42>
ST_43 : Operation 618 [1/1] (0.42ns)   --->   "%br_ln42 = br void %imag5.i203.exit" [top_cmplx.cpp:42->top_cmplx.cpp:146]   --->   Operation 618 'br' 'br_ln42' <Predicate = (icmp_ln119 & i_1 == 3 & tmp_18 == 3)> <Delay = 0.42>
ST_43 : Operation 619 [1/1] (0.73ns)   --->   "%switch_ln42 = switch i2 %tmp_18, void %imag5.i203.case.3293, i2 0, void %imag5.i203.exit, i2 1, void %imag5.i203.case.1291, i2 2, void %imag5.i203.case.1.imag5.i203.exit_crit_edge" [top_cmplx.cpp:42->top_cmplx.cpp:146]   --->   Operation 619 'switch' 'switch_ln42' <Predicate = (icmp_ln119 & i_1 == 2)> <Delay = 0.73>
ST_43 : Operation 620 [1/1] (0.42ns)   --->   "%br_ln42 = br void %imag5.i203.exit" [top_cmplx.cpp:42->top_cmplx.cpp:146]   --->   Operation 620 'br' 'br_ln42' <Predicate = (icmp_ln119 & i_1 == 2 & tmp_18 == 2)> <Delay = 0.42>
ST_43 : Operation 621 [1/1] (0.42ns)   --->   "%br_ln42 = br void %imag5.i203.exit" [top_cmplx.cpp:42->top_cmplx.cpp:146]   --->   Operation 621 'br' 'br_ln42' <Predicate = (icmp_ln119 & i_1 == 2 & tmp_18 == 1)> <Delay = 0.42>
ST_43 : Operation 622 [1/1] (0.42ns)   --->   "%br_ln42 = br void %imag5.i203.exit" [top_cmplx.cpp:42->top_cmplx.cpp:146]   --->   Operation 622 'br' 'br_ln42' <Predicate = (icmp_ln119 & i_1 == 2 & tmp_18 == 3)> <Delay = 0.42>
ST_43 : Operation 623 [1/1] (0.73ns)   --->   "%switch_ln42 = switch i2 %tmp_18, void %imag5.i203.case.3287, i2 0, void %imag5.i203.case.0.imag5.i203.exit_crit_edge179, i2 1, void %imag5.i203.exit, i2 2, void %imag5.i203.case.0.imag5.i203.exit_crit_edge" [top_cmplx.cpp:42->top_cmplx.cpp:146]   --->   Operation 623 'switch' 'switch_ln42' <Predicate = (icmp_ln119 & i_1 == 1)> <Delay = 0.73>
ST_43 : Operation 624 [1/1] (0.42ns)   --->   "%br_ln42 = br void %imag5.i203.exit" [top_cmplx.cpp:42->top_cmplx.cpp:146]   --->   Operation 624 'br' 'br_ln42' <Predicate = (icmp_ln119 & i_1 == 1 & tmp_18 == 2)> <Delay = 0.42>
ST_43 : Operation 625 [1/1] (0.00ns)   --->   "%store_ln42 = store i32 %R_imag, i32 %mux_case_0115_out" [top_cmplx.cpp:42->top_cmplx.cpp:146]   --->   Operation 625 'store' 'store_ln42' <Predicate = (icmp_ln119 & i_1 == 1 & tmp_18 == 0)> <Delay = 0.00>
ST_43 : Operation 626 [1/1] (0.42ns)   --->   "%br_ln42 = br void %imag5.i203.exit" [top_cmplx.cpp:42->top_cmplx.cpp:146]   --->   Operation 626 'br' 'br_ln42' <Predicate = (icmp_ln119 & i_1 == 1 & tmp_18 == 0)> <Delay = 0.42>
ST_43 : Operation 627 [1/1] (0.42ns)   --->   "%br_ln42 = br void %imag5.i203.exit" [top_cmplx.cpp:42->top_cmplx.cpp:146]   --->   Operation 627 'br' 'br_ln42' <Predicate = (icmp_ln119 & i_1 == 1 & tmp_18 == 3)> <Delay = 0.42>
ST_43 : Operation 628 [1/1] (0.73ns)   --->   "%switch_ln42 = switch i2 %tmp_18, void %imag5.i203.case.3317, i2 0, void %imag5.i203.exit, i2 1, void %imag5.i203.case.1315, i2 2, void %imag5.i203.case.5.imag5.i203.exit_crit_edge" [top_cmplx.cpp:42->top_cmplx.cpp:146]   --->   Operation 628 'switch' 'switch_ln42' <Predicate = (icmp_ln119 & i_1 != 1 & i_1 != 2 & i_1 != 3 & i_1 != 4 & i_1 != 5)> <Delay = 0.73>
ST_43 : Operation 629 [1/1] (0.42ns)   --->   "%br_ln42 = br void %imag5.i203.exit" [top_cmplx.cpp:42->top_cmplx.cpp:146]   --->   Operation 629 'br' 'br_ln42' <Predicate = (icmp_ln119 & i_1 != 1 & i_1 != 2 & i_1 != 3 & i_1 != 4 & i_1 != 5 & tmp_18 == 2)> <Delay = 0.42>
ST_43 : Operation 630 [1/1] (0.42ns)   --->   "%br_ln42 = br void %imag5.i203.exit" [top_cmplx.cpp:42->top_cmplx.cpp:146]   --->   Operation 630 'br' 'br_ln42' <Predicate = (icmp_ln119 & i_1 != 1 & i_1 != 2 & i_1 != 3 & i_1 != 4 & i_1 != 5 & tmp_18 == 1)> <Delay = 0.42>
ST_43 : Operation 631 [1/1] (0.42ns)   --->   "%br_ln42 = br void %imag5.i203.exit" [top_cmplx.cpp:42->top_cmplx.cpp:146]   --->   Operation 631 'br' 'br_ln42' <Predicate = (icmp_ln119 & i_1 != 1 & i_1 != 2 & i_1 != 3 & i_1 != 4 & i_1 != 5 & tmp_18 == 3)> <Delay = 0.42>
ST_43 : Operation 632 [2/4] (6.43ns)   --->   "%sub = fsub i32 %mul4, i32 %mul5" [top_cmplx.cpp:168]   --->   Operation 632 'fsub' 'sub' <Predicate = (icmp_ln119)> <Delay = 6.43> <CoreInst = "FAddSub_fulldsp">   --->   Core 18 'FAddSub_fulldsp' <Latency = 3> <II = 1> <Delay = 6.43> <FuncUnit> <Opcode : 'fadd' 'fsub'> <InPorts = 2> <OutPorts = 1>
ST_43 : Operation 633 [2/4] (6.43ns)   --->   "%sub1 = fsub i32 %mul6, i32 %mul7" [top_cmplx.cpp:169]   --->   Operation 633 'fsub' 'sub1' <Predicate = (icmp_ln119)> <Delay = 6.43> <CoreInst = "FAddSub_fulldsp">   --->   Core 18 'FAddSub_fulldsp' <Latency = 3> <II = 1> <Delay = 6.43> <FuncUnit> <Opcode : 'fadd' 'fsub'> <InPorts = 2> <OutPorts = 1>
ST_43 : Operation 634 [2/4] (6.43ns)   --->   "%add = fadd i32 %mul8, i32 %mul9" [top_cmplx.cpp:171]   --->   Operation 634 'fadd' 'add' <Predicate = (icmp_ln119)> <Delay = 6.43> <CoreInst = "FAddSub_fulldsp">   --->   Core 18 'FAddSub_fulldsp' <Latency = 3> <II = 1> <Delay = 6.43> <FuncUnit> <Opcode : 'fadd' 'fsub'> <InPorts = 2> <OutPorts = 1>
ST_43 : Operation 635 [2/4] (6.43ns)   --->   "%add1 = fadd i32 %mul10, i32 %mul11" [top_cmplx.cpp:172]   --->   Operation 635 'fadd' 'add1' <Predicate = (icmp_ln119)> <Delay = 6.43> <CoreInst = "FAddSub_fulldsp">   --->   Core 18 'FAddSub_fulldsp' <Latency = 3> <II = 1> <Delay = 6.43> <FuncUnit> <Opcode : 'fadd' 'fsub'> <InPorts = 2> <OutPorts = 1>
ST_43 : Operation 636 [3/4] (6.43ns)   --->   "%sub140_1 = fsub i32 %mul138_1, i32 %mul139_1" [top_cmplx.cpp:168]   --->   Operation 636 'fsub' 'sub140_1' <Predicate = (icmp_ln119)> <Delay = 6.43> <CoreInst = "FAddSub_fulldsp">   --->   Core 18 'FAddSub_fulldsp' <Latency = 3> <II = 1> <Delay = 6.43> <FuncUnit> <Opcode : 'fadd' 'fsub'> <InPorts = 2> <OutPorts = 1>
ST_43 : Operation 637 [3/4] (6.43ns)   --->   "%sub149_1 = fsub i32 %mul147_1, i32 %mul148_1" [top_cmplx.cpp:169]   --->   Operation 637 'fsub' 'sub149_1' <Predicate = (icmp_ln119)> <Delay = 6.43> <CoreInst = "FAddSub_fulldsp">   --->   Core 18 'FAddSub_fulldsp' <Latency = 3> <II = 1> <Delay = 6.43> <FuncUnit> <Opcode : 'fadd' 'fsub'> <InPorts = 2> <OutPorts = 1>
ST_43 : Operation 638 [3/4] (6.43ns)   --->   "%add158_1 = fadd i32 %mul156_1, i32 %mul157_1" [top_cmplx.cpp:171]   --->   Operation 638 'fadd' 'add158_1' <Predicate = (icmp_ln119)> <Delay = 6.43> <CoreInst = "FAddSub_fulldsp">   --->   Core 18 'FAddSub_fulldsp' <Latency = 3> <II = 1> <Delay = 6.43> <FuncUnit> <Opcode : 'fadd' 'fsub'> <InPorts = 2> <OutPorts = 1>
ST_43 : Operation 639 [3/4] (6.43ns)   --->   "%add166_1 = fadd i32 %mul164_1, i32 %mul165_1" [top_cmplx.cpp:172]   --->   Operation 639 'fadd' 'add166_1' <Predicate = (icmp_ln119)> <Delay = 6.43> <CoreInst = "FAddSub_fulldsp">   --->   Core 18 'FAddSub_fulldsp' <Latency = 3> <II = 1> <Delay = 6.43> <FuncUnit> <Opcode : 'fadd' 'fsub'> <InPorts = 2> <OutPorts = 1>
ST_43 : Operation 640 [4/4] (6.43ns)   --->   "%sub140_2 = fsub i32 %mul138_2, i32 %mul139_2" [top_cmplx.cpp:168]   --->   Operation 640 'fsub' 'sub140_2' <Predicate = (icmp_ln119)> <Delay = 6.43> <CoreInst = "FAddSub_fulldsp">   --->   Core 18 'FAddSub_fulldsp' <Latency = 3> <II = 1> <Delay = 6.43> <FuncUnit> <Opcode : 'fadd' 'fsub'> <InPorts = 2> <OutPorts = 1>
ST_43 : Operation 641 [4/4] (6.43ns)   --->   "%sub149_2 = fsub i32 %mul147_2, i32 %mul148_2" [top_cmplx.cpp:169]   --->   Operation 641 'fsub' 'sub149_2' <Predicate = (icmp_ln119)> <Delay = 6.43> <CoreInst = "FAddSub_fulldsp">   --->   Core 18 'FAddSub_fulldsp' <Latency = 3> <II = 1> <Delay = 6.43> <FuncUnit> <Opcode : 'fadd' 'fsub'> <InPorts = 2> <OutPorts = 1>
ST_43 : Operation 642 [4/4] (6.43ns)   --->   "%add158_2 = fadd i32 %mul156_2, i32 %mul157_2" [top_cmplx.cpp:171]   --->   Operation 642 'fadd' 'add158_2' <Predicate = (icmp_ln119)> <Delay = 6.43> <CoreInst = "FAddSub_fulldsp">   --->   Core 18 'FAddSub_fulldsp' <Latency = 3> <II = 1> <Delay = 6.43> <FuncUnit> <Opcode : 'fadd' 'fsub'> <InPorts = 2> <OutPorts = 1>
ST_43 : Operation 643 [4/4] (6.43ns)   --->   "%add166_2 = fadd i32 %mul164_2, i32 %mul165_2" [top_cmplx.cpp:172]   --->   Operation 643 'fadd' 'add166_2' <Predicate = (icmp_ln119)> <Delay = 6.43> <CoreInst = "FAddSub_fulldsp">   --->   Core 18 'FAddSub_fulldsp' <Latency = 3> <II = 1> <Delay = 6.43> <FuncUnit> <Opcode : 'fadd' 'fsub'> <InPorts = 2> <OutPorts = 1>
ST_43 : Operation 644 [1/2] (8.41ns)   --->   "%mul138_3 = fmul i32 %c, i32 %tmp_54" [top_cmplx.cpp:168]   --->   Operation 644 'fmul' 'mul138_3' <Predicate = (icmp_ln119)> <Delay = 8.41> <CoreInst = "FMul_maxdsp">   --->   Core 30 'FMul_maxdsp' <Latency = 1> <II = 1> <Delay = 8.41> <FuncUnit> <Opcode : 'fmul'> <InPorts = 2> <OutPorts = 1>
ST_43 : Operation 645 [1/2] (8.41ns)   --->   "%mul139_3 = fmul i32 %s, i32 %tmp_56" [top_cmplx.cpp:168]   --->   Operation 645 'fmul' 'mul139_3' <Predicate = (icmp_ln119)> <Delay = 8.41> <CoreInst = "FMul_maxdsp">   --->   Core 30 'FMul_maxdsp' <Latency = 1> <II = 1> <Delay = 8.41> <FuncUnit> <Opcode : 'fmul'> <InPorts = 2> <OutPorts = 1>
ST_43 : Operation 646 [1/2] (8.41ns)   --->   "%mul147_3 = fmul i32 %c, i32 %tmp_55" [top_cmplx.cpp:169]   --->   Operation 646 'fmul' 'mul147_3' <Predicate = (icmp_ln119)> <Delay = 8.41> <CoreInst = "FMul_maxdsp">   --->   Core 30 'FMul_maxdsp' <Latency = 1> <II = 1> <Delay = 8.41> <FuncUnit> <Opcode : 'fmul'> <InPorts = 2> <OutPorts = 1>
ST_43 : Operation 647 [1/2] (8.41ns)   --->   "%mul148_3 = fmul i32 %s, i32 %tmp_57" [top_cmplx.cpp:169]   --->   Operation 647 'fmul' 'mul148_3' <Predicate = (icmp_ln119)> <Delay = 8.41> <CoreInst = "FMul_maxdsp">   --->   Core 30 'FMul_maxdsp' <Latency = 1> <II = 1> <Delay = 8.41> <FuncUnit> <Opcode : 'fmul'> <InPorts = 2> <OutPorts = 1>
ST_43 : Operation 648 [1/2] (8.41ns)   --->   "%mul156_3 = fmul i32 %s, i32 %tmp_54" [top_cmplx.cpp:171]   --->   Operation 648 'fmul' 'mul156_3' <Predicate = (icmp_ln119)> <Delay = 8.41> <CoreInst = "FMul_maxdsp">   --->   Core 30 'FMul_maxdsp' <Latency = 1> <II = 1> <Delay = 8.41> <FuncUnit> <Opcode : 'fmul'> <InPorts = 2> <OutPorts = 1>
ST_43 : Operation 649 [1/2] (8.41ns)   --->   "%mul157_3 = fmul i32 %c, i32 %tmp_56" [top_cmplx.cpp:171]   --->   Operation 649 'fmul' 'mul157_3' <Predicate = (icmp_ln119)> <Delay = 8.41> <CoreInst = "FMul_maxdsp">   --->   Core 30 'FMul_maxdsp' <Latency = 1> <II = 1> <Delay = 8.41> <FuncUnit> <Opcode : 'fmul'> <InPorts = 2> <OutPorts = 1>
ST_43 : Operation 650 [1/2] (8.41ns)   --->   "%mul164_3 = fmul i32 %s, i32 %tmp_55" [top_cmplx.cpp:172]   --->   Operation 650 'fmul' 'mul164_3' <Predicate = (icmp_ln119)> <Delay = 8.41> <CoreInst = "FMul_maxdsp">   --->   Core 30 'FMul_maxdsp' <Latency = 1> <II = 1> <Delay = 8.41> <FuncUnit> <Opcode : 'fmul'> <InPorts = 2> <OutPorts = 1>
ST_43 : Operation 651 [1/2] (8.41ns)   --->   "%mul165_3 = fmul i32 %c, i32 %tmp_57" [top_cmplx.cpp:172]   --->   Operation 651 'fmul' 'mul165_3' <Predicate = (icmp_ln119)> <Delay = 8.41> <CoreInst = "FMul_maxdsp">   --->   Core 30 'FMul_maxdsp' <Latency = 1> <II = 1> <Delay = 8.41> <FuncUnit> <Opcode : 'fmul'> <InPorts = 2> <OutPorts = 1>

State 44 <SV = 43> <Delay = 6.86>
ST_44 : Operation 652 [1/1] (0.00ns)   --->   "%mux_case_39171876 = phi i32 %mux_case_3114_load, void %real3.i202.case.3233, i32 %mux_case_3114_load, void %real3.i202.case.1231, i32 %mux_case_3114_load, void %real3.i202.case.3227, i32 %mux_case_3114_load, void %real3.i202.case.1225, i32 %mux_case_3114_load, void %real3.i202.case.3221, i32 %mux_case_3114_load, void %real3.i202.case.1219, i32 %mux_case_3114_load, void %real3.i202.case.3215, i32 %mux_case_3114_load, void %real3.i202.case.1213, i32 %mux_case_3114_load, void %real3.i202.case.3209, i32 %R_real, void %real3.i202.case.3239, i32 %mux_case_3114_load, void %real3.i202.case.1237, i32 %mux_case_3114_load, void %real3.i202.case.0.real3.i202.exit_crit_edge, i32 %mux_case_3114_load, void %real3.i202.case.1.real3.i202.exit_crit_edge, i32 %mux_case_3114_load, void %real3.i202.case.2.real3.i202.exit_crit_edge, i32 %mux_case_3114_load, void %real3.i202.case.3.real3.i202.exit_crit_edge, i32 %mux_case_3114_load, void %real3.i202.case.4.real3.i202.exit_crit_edge, i32 %mux_case_3114_load, void %real3.i202.case.5.real3.i202.exit_crit_edge, i32 %mux_case_3114_load, void %real3.i202.case.0.real3.i202.exit_crit_edge181, i32 %mux_case_3114_load, void %real3.i202.case.1, i32 %mux_case_3114_load, void %real3.i202.case.2, i32 %mux_case_3114_load, void %real3.i202.case.3, i32 %mux_case_3114_load, void %real3.i202.case.4, i32 %mux_case_3114_load, void %real3.i202.case.5, i32 %mux_case_3114_load, void %real3.i202.case.0"   --->   Operation 652 'phi' 'mux_case_39171876' <Predicate = (icmp_ln119)> <Delay = 0.00>
ST_44 : Operation 653 [1/1] (0.00ns)   --->   "%mux_case_29161872 = phi i32 %mux_case_2113_load, void %real3.i202.case.3233, i32 %mux_case_2113_load, void %real3.i202.case.1231, i32 %mux_case_2113_load, void %real3.i202.case.3227, i32 %mux_case_2113_load, void %real3.i202.case.1225, i32 %mux_case_2113_load, void %real3.i202.case.3221, i32 %mux_case_2113_load, void %real3.i202.case.1219, i32 %mux_case_2113_load, void %real3.i202.case.3215, i32 %mux_case_2113_load, void %real3.i202.case.1213, i32 %mux_case_2113_load, void %real3.i202.case.3209, i32 %mux_case_2113_load, void %real3.i202.case.3239, i32 %mux_case_2113_load, void %real3.i202.case.1237, i32 %mux_case_2113_load, void %real3.i202.case.0.real3.i202.exit_crit_edge, i32 %mux_case_2113_load, void %real3.i202.case.1.real3.i202.exit_crit_edge, i32 %mux_case_2113_load, void %real3.i202.case.2.real3.i202.exit_crit_edge, i32 %mux_case_2113_load, void %real3.i202.case.3.real3.i202.exit_crit_edge, i32 %mux_case_2113_load, void %real3.i202.case.4.real3.i202.exit_crit_edge, i32 %R_real, void %real3.i202.case.5.real3.i202.exit_crit_edge, i32 %mux_case_2113_load, void %real3.i202.case.0.real3.i202.exit_crit_edge181, i32 %mux_case_2113_load, void %real3.i202.case.1, i32 %mux_case_2113_load, void %real3.i202.case.2, i32 %mux_case_2113_load, void %real3.i202.case.3, i32 %mux_case_2113_load, void %real3.i202.case.4, i32 %mux_case_2113_load, void %real3.i202.case.5, i32 %mux_case_2113_load, void %real3.i202.case.0"   --->   Operation 653 'phi' 'mux_case_29161872' <Predicate = (icmp_ln119)> <Delay = 0.00>
ST_44 : Operation 654 [1/1] (0.00ns)   --->   "%mux_case_19151868 = phi i32 %mux_case_1112_load, void %real3.i202.case.3233, i32 %mux_case_1112_load, void %real3.i202.case.1231, i32 %mux_case_1112_load, void %real3.i202.case.3227, i32 %mux_case_1112_load, void %real3.i202.case.1225, i32 %mux_case_1112_load, void %real3.i202.case.3221, i32 %mux_case_1112_load, void %real3.i202.case.1219, i32 %mux_case_1112_load, void %real3.i202.case.3215, i32 %mux_case_1112_load, void %real3.i202.case.1213, i32 %mux_case_1112_load, void %real3.i202.case.3209, i32 %mux_case_1112_load, void %real3.i202.case.3239, i32 %R_real, void %real3.i202.case.1237, i32 %mux_case_1112_load, void %real3.i202.case.0.real3.i202.exit_crit_edge, i32 %mux_case_1112_load, void %real3.i202.case.1.real3.i202.exit_crit_edge, i32 %mux_case_1112_load, void %real3.i202.case.2.real3.i202.exit_crit_edge, i32 %mux_case_1112_load, void %real3.i202.case.3.real3.i202.exit_crit_edge, i32 %mux_case_1112_load, void %real3.i202.case.4.real3.i202.exit_crit_edge, i32 %mux_case_1112_load, void %real3.i202.case.5.real3.i202.exit_crit_edge, i32 %mux_case_1112_load, void %real3.i202.case.0.real3.i202.exit_crit_edge181, i32 %mux_case_1112_load, void %real3.i202.case.1, i32 %mux_case_1112_load, void %real3.i202.case.2, i32 %mux_case_1112_load, void %real3.i202.case.3, i32 %mux_case_1112_load, void %real3.i202.case.4, i32 %mux_case_1112_load, void %real3.i202.case.5, i32 %mux_case_1112_load, void %real3.i202.case.0"   --->   Operation 654 'phi' 'mux_case_19151868' <Predicate = (icmp_ln119)> <Delay = 0.00>
ST_44 : Operation 655 [1/1] (0.00ns)   --->   "%mux_case_09141864 = phi i32 %mux_case_0111_load, void %real3.i202.case.3233, i32 %mux_case_0111_load, void %real3.i202.case.1231, i32 %mux_case_0111_load, void %real3.i202.case.3227, i32 %mux_case_0111_load, void %real3.i202.case.1225, i32 %mux_case_0111_load, void %real3.i202.case.3221, i32 %mux_case_0111_load, void %real3.i202.case.1219, i32 %mux_case_0111_load, void %real3.i202.case.3215, i32 %mux_case_0111_load, void %real3.i202.case.1213, i32 %mux_case_0111_load, void %real3.i202.case.3209, i32 %mux_case_0111_load, void %real3.i202.case.3239, i32 %mux_case_0111_load, void %real3.i202.case.1237, i32 %mux_case_0111_load, void %real3.i202.case.0.real3.i202.exit_crit_edge, i32 %mux_case_0111_load, void %real3.i202.case.1.real3.i202.exit_crit_edge, i32 %mux_case_0111_load, void %real3.i202.case.2.real3.i202.exit_crit_edge, i32 %mux_case_0111_load, void %real3.i202.case.3.real3.i202.exit_crit_edge, i32 %mux_case_0111_load, void %real3.i202.case.4.real3.i202.exit_crit_edge, i32 %mux_case_0111_load, void %real3.i202.case.5.real3.i202.exit_crit_edge, i32 %mux_case_0111_load, void %real3.i202.case.0.real3.i202.exit_crit_edge181, i32 %mux_case_0111_load, void %real3.i202.case.1, i32 %mux_case_0111_load, void %real3.i202.case.2, i32 %mux_case_0111_load, void %real3.i202.case.3, i32 %mux_case_0111_load, void %real3.i202.case.4, i32 %R_real, void %real3.i202.case.5, i32 %mux_case_0111_load, void %real3.i202.case.0"   --->   Operation 655 'phi' 'mux_case_09141864' <Predicate = (icmp_ln119)> <Delay = 0.00>
ST_44 : Operation 656 [1/1] (0.00ns)   --->   "%mux_case_39121860 = phi i32 %R_real, void %real3.i202.case.3233, i32 %mux_case_3110_load, void %real3.i202.case.1231, i32 %mux_case_3110_load, void %real3.i202.case.3227, i32 %mux_case_3110_load, void %real3.i202.case.1225, i32 %mux_case_3110_load, void %real3.i202.case.3221, i32 %mux_case_3110_load, void %real3.i202.case.1219, i32 %mux_case_3110_load, void %real3.i202.case.3215, i32 %mux_case_3110_load, void %real3.i202.case.1213, i32 %mux_case_3110_load, void %real3.i202.case.3209, i32 %mux_case_3110_load, void %real3.i202.case.3239, i32 %mux_case_3110_load, void %real3.i202.case.1237, i32 %mux_case_3110_load, void %real3.i202.case.0.real3.i202.exit_crit_edge, i32 %mux_case_3110_load, void %real3.i202.case.1.real3.i202.exit_crit_edge, i32 %mux_case_3110_load, void %real3.i202.case.2.real3.i202.exit_crit_edge, i32 %mux_case_3110_load, void %real3.i202.case.3.real3.i202.exit_crit_edge, i32 %mux_case_3110_load, void %real3.i202.case.4.real3.i202.exit_crit_edge, i32 %mux_case_3110_load, void %real3.i202.case.5.real3.i202.exit_crit_edge, i32 %mux_case_3110_load, void %real3.i202.case.0.real3.i202.exit_crit_edge181, i32 %mux_case_3110_load, void %real3.i202.case.1, i32 %mux_case_3110_load, void %real3.i202.case.2, i32 %mux_case_3110_load, void %real3.i202.case.3, i32 %mux_case_3110_load, void %real3.i202.case.4, i32 %mux_case_3110_load, void %real3.i202.case.5, i32 %mux_case_3110_load, void %real3.i202.case.0"   --->   Operation 656 'phi' 'mux_case_39121860' <Predicate = (icmp_ln119)> <Delay = 0.00>
ST_44 : Operation 657 [1/1] (0.00ns)   --->   "%mux_case_29111856 = phi i32 %mux_case_2109_load, void %real3.i202.case.3233, i32 %mux_case_2109_load, void %real3.i202.case.1231, i32 %mux_case_2109_load, void %real3.i202.case.3227, i32 %mux_case_2109_load, void %real3.i202.case.1225, i32 %mux_case_2109_load, void %real3.i202.case.3221, i32 %mux_case_2109_load, void %real3.i202.case.1219, i32 %mux_case_2109_load, void %real3.i202.case.3215, i32 %mux_case_2109_load, void %real3.i202.case.1213, i32 %mux_case_2109_load, void %real3.i202.case.3209, i32 %mux_case_2109_load, void %real3.i202.case.3239, i32 %mux_case_2109_load, void %real3.i202.case.1237, i32 %mux_case_2109_load, void %real3.i202.case.0.real3.i202.exit_crit_edge, i32 %mux_case_2109_load, void %real3.i202.case.1.real3.i202.exit_crit_edge, i32 %mux_case_2109_load, void %real3.i202.case.2.real3.i202.exit_crit_edge, i32 %mux_case_2109_load, void %real3.i202.case.3.real3.i202.exit_crit_edge, i32 %R_real, void %real3.i202.case.4.real3.i202.exit_crit_edge, i32 %mux_case_2109_load, void %real3.i202.case.5.real3.i202.exit_crit_edge, i32 %mux_case_2109_load, void %real3.i202.case.0.real3.i202.exit_crit_edge181, i32 %mux_case_2109_load, void %real3.i202.case.1, i32 %mux_case_2109_load, void %real3.i202.case.2, i32 %mux_case_2109_load, void %real3.i202.case.3, i32 %mux_case_2109_load, void %real3.i202.case.4, i32 %mux_case_2109_load, void %real3.i202.case.5, i32 %mux_case_2109_load, void %real3.i202.case.0"   --->   Operation 657 'phi' 'mux_case_29111856' <Predicate = (icmp_ln119)> <Delay = 0.00>
ST_44 : Operation 658 [1/1] (0.00ns)   --->   "%mux_case_19101852 = phi i32 %mux_case_1108_load, void %real3.i202.case.3233, i32 %R_real, void %real3.i202.case.1231, i32 %mux_case_1108_load, void %real3.i202.case.3227, i32 %mux_case_1108_load, void %real3.i202.case.1225, i32 %mux_case_1108_load, void %real3.i202.case.3221, i32 %mux_case_1108_load, void %real3.i202.case.1219, i32 %mux_case_1108_load, void %real3.i202.case.3215, i32 %mux_case_1108_load, void %real3.i202.case.1213, i32 %mux_case_1108_load, void %real3.i202.case.3209, i32 %mux_case_1108_load, void %real3.i202.case.3239, i32 %mux_case_1108_load, void %real3.i202.case.1237, i32 %mux_case_1108_load, void %real3.i202.case.0.real3.i202.exit_crit_edge, i32 %mux_case_1108_load, void %real3.i202.case.1.real3.i202.exit_crit_edge, i32 %mux_case_1108_load, void %real3.i202.case.2.real3.i202.exit_crit_edge, i32 %mux_case_1108_load, void %real3.i202.case.3.real3.i202.exit_crit_edge, i32 %mux_case_1108_load, void %real3.i202.case.4.real3.i202.exit_crit_edge, i32 %mux_case_1108_load, void %real3.i202.case.5.real3.i202.exit_crit_edge, i32 %mux_case_1108_load, void %real3.i202.case.0.real3.i202.exit_crit_edge181, i32 %mux_case_1108_load, void %real3.i202.case.1, i32 %mux_case_1108_load, void %real3.i202.case.2, i32 %mux_case_1108_load, void %real3.i202.case.3, i32 %mux_case_1108_load, void %real3.i202.case.4, i32 %mux_case_1108_load, void %real3.i202.case.5, i32 %mux_case_1108_load, void %real3.i202.case.0"   --->   Operation 658 'phi' 'mux_case_19101852' <Predicate = (icmp_ln119)> <Delay = 0.00>
ST_44 : Operation 659 [1/1] (0.00ns)   --->   "%mux_case_09091848 = phi i32 %mux_case_0107_load, void %real3.i202.case.3233, i32 %mux_case_0107_load, void %real3.i202.case.1231, i32 %mux_case_0107_load, void %real3.i202.case.3227, i32 %mux_case_0107_load, void %real3.i202.case.1225, i32 %mux_case_0107_load, void %real3.i202.case.3221, i32 %mux_case_0107_load, void %real3.i202.case.1219, i32 %mux_case_0107_load, void %real3.i202.case.3215, i32 %mux_case_0107_load, void %real3.i202.case.1213, i32 %mux_case_0107_load, void %real3.i202.case.3209, i32 %mux_case_0107_load, void %real3.i202.case.3239, i32 %mux_case_0107_load, void %real3.i202.case.1237, i32 %mux_case_0107_load, void %real3.i202.case.0.real3.i202.exit_crit_edge, i32 %mux_case_0107_load, void %real3.i202.case.1.real3.i202.exit_crit_edge, i32 %mux_case_0107_load, void %real3.i202.case.2.real3.i202.exit_crit_edge, i32 %mux_case_0107_load, void %real3.i202.case.3.real3.i202.exit_crit_edge, i32 %mux_case_0107_load, void %real3.i202.case.4.real3.i202.exit_crit_edge, i32 %mux_case_0107_load, void %real3.i202.case.5.real3.i202.exit_crit_edge, i32 %mux_case_0107_load, void %real3.i202.case.0.real3.i202.exit_crit_edge181, i32 %mux_case_0107_load, void %real3.i202.case.1, i32 %mux_case_0107_load, void %real3.i202.case.2, i32 %mux_case_0107_load, void %real3.i202.case.3, i32 %R_real, void %real3.i202.case.4, i32 %mux_case_0107_load, void %real3.i202.case.5, i32 %mux_case_0107_load, void %real3.i202.case.0"   --->   Operation 659 'phi' 'mux_case_09091848' <Predicate = (icmp_ln119)> <Delay = 0.00>
ST_44 : Operation 660 [1/1] (0.00ns)   --->   "%mux_case_39071844 = phi i32 %mux_case_3105_load, void %real3.i202.case.3233, i32 %mux_case_3105_load, void %real3.i202.case.1231, i32 %R_real, void %real3.i202.case.3227, i32 %mux_case_3105_load, void %real3.i202.case.1225, i32 %mux_case_3105_load, void %real3.i202.case.3221, i32 %mux_case_3105_load, void %real3.i202.case.1219, i32 %mux_case_3105_load, void %real3.i202.case.3215, i32 %mux_case_3105_load, void %real3.i202.case.1213, i32 %mux_case_3105_load, void %real3.i202.case.3209, i32 %mux_case_3105_load, void %real3.i202.case.3239, i32 %mux_case_3105_load, void %real3.i202.case.1237, i32 %mux_case_3105_load, void %real3.i202.case.0.real3.i202.exit_crit_edge, i32 %mux_case_3105_load, void %real3.i202.case.1.real3.i202.exit_crit_edge, i32 %mux_case_3105_load, void %real3.i202.case.2.real3.i202.exit_crit_edge, i32 %mux_case_3105_load, void %real3.i202.case.3.real3.i202.exit_crit_edge, i32 %mux_case_3105_load, void %real3.i202.case.4.real3.i202.exit_crit_edge, i32 %mux_case_3105_load, void %real3.i202.case.5.real3.i202.exit_crit_edge, i32 %mux_case_3105_load, void %real3.i202.case.0.real3.i202.exit_crit_edge181, i32 %mux_case_3105_load, void %real3.i202.case.1, i32 %mux_case_3105_load, void %real3.i202.case.2, i32 %mux_case_3105_load, void %real3.i202.case.3, i32 %mux_case_3105_load, void %real3.i202.case.4, i32 %mux_case_3105_load, void %real3.i202.case.5, i32 %mux_case_3105_load, void %real3.i202.case.0"   --->   Operation 660 'phi' 'mux_case_39071844' <Predicate = (icmp_ln119)> <Delay = 0.00>
ST_44 : Operation 661 [1/1] (0.00ns)   --->   "%mux_case_29061840 = phi i32 %mux_case_2104_load, void %real3.i202.case.3233, i32 %mux_case_2104_load, void %real3.i202.case.1231, i32 %mux_case_2104_load, void %real3.i202.case.3227, i32 %mux_case_2104_load, void %real3.i202.case.1225, i32 %mux_case_2104_load, void %real3.i202.case.3221, i32 %mux_case_2104_load, void %real3.i202.case.1219, i32 %mux_case_2104_load, void %real3.i202.case.3215, i32 %mux_case_2104_load, void %real3.i202.case.1213, i32 %mux_case_2104_load, void %real3.i202.case.3209, i32 %mux_case_2104_load, void %real3.i202.case.3239, i32 %mux_case_2104_load, void %real3.i202.case.1237, i32 %mux_case_2104_load, void %real3.i202.case.0.real3.i202.exit_crit_edge, i32 %mux_case_2104_load, void %real3.i202.case.1.real3.i202.exit_crit_edge, i32 %mux_case_2104_load, void %real3.i202.case.2.real3.i202.exit_crit_edge, i32 %R_real, void %real3.i202.case.3.real3.i202.exit_crit_edge, i32 %mux_case_2104_load, void %real3.i202.case.4.real3.i202.exit_crit_edge, i32 %mux_case_2104_load, void %real3.i202.case.5.real3.i202.exit_crit_edge, i32 %mux_case_2104_load, void %real3.i202.case.0.real3.i202.exit_crit_edge181, i32 %mux_case_2104_load, void %real3.i202.case.1, i32 %mux_case_2104_load, void %real3.i202.case.2, i32 %mux_case_2104_load, void %real3.i202.case.3, i32 %mux_case_2104_load, void %real3.i202.case.4, i32 %mux_case_2104_load, void %real3.i202.case.5, i32 %mux_case_2104_load, void %real3.i202.case.0"   --->   Operation 661 'phi' 'mux_case_29061840' <Predicate = (icmp_ln119)> <Delay = 0.00>
ST_44 : Operation 662 [1/1] (0.00ns)   --->   "%mux_case_19051836 = phi i32 %mux_case_1103_load, void %real3.i202.case.3233, i32 %mux_case_1103_load, void %real3.i202.case.1231, i32 %mux_case_1103_load, void %real3.i202.case.3227, i32 %R_real, void %real3.i202.case.1225, i32 %mux_case_1103_load, void %real3.i202.case.3221, i32 %mux_case_1103_load, void %real3.i202.case.1219, i32 %mux_case_1103_load, void %real3.i202.case.3215, i32 %mux_case_1103_load, void %real3.i202.case.1213, i32 %mux_case_1103_load, void %real3.i202.case.3209, i32 %mux_case_1103_load, void %real3.i202.case.3239, i32 %mux_case_1103_load, void %real3.i202.case.1237, i32 %mux_case_1103_load, void %real3.i202.case.0.real3.i202.exit_crit_edge, i32 %mux_case_1103_load, void %real3.i202.case.1.real3.i202.exit_crit_edge, i32 %mux_case_1103_load, void %real3.i202.case.2.real3.i202.exit_crit_edge, i32 %mux_case_1103_load, void %real3.i202.case.3.real3.i202.exit_crit_edge, i32 %mux_case_1103_load, void %real3.i202.case.4.real3.i202.exit_crit_edge, i32 %mux_case_1103_load, void %real3.i202.case.5.real3.i202.exit_crit_edge, i32 %mux_case_1103_load, void %real3.i202.case.0.real3.i202.exit_crit_edge181, i32 %mux_case_1103_load, void %real3.i202.case.1, i32 %mux_case_1103_load, void %real3.i202.case.2, i32 %mux_case_1103_load, void %real3.i202.case.3, i32 %mux_case_1103_load, void %real3.i202.case.4, i32 %mux_case_1103_load, void %real3.i202.case.5, i32 %mux_case_1103_load, void %real3.i202.case.0"   --->   Operation 662 'phi' 'mux_case_19051836' <Predicate = (icmp_ln119)> <Delay = 0.00>
ST_44 : Operation 663 [1/1] (0.00ns)   --->   "%mux_case_09041832 = phi i32 %mux_case_0102_load, void %real3.i202.case.3233, i32 %mux_case_0102_load, void %real3.i202.case.1231, i32 %mux_case_0102_load, void %real3.i202.case.3227, i32 %mux_case_0102_load, void %real3.i202.case.1225, i32 %mux_case_0102_load, void %real3.i202.case.3221, i32 %mux_case_0102_load, void %real3.i202.case.1219, i32 %mux_case_0102_load, void %real3.i202.case.3215, i32 %mux_case_0102_load, void %real3.i202.case.1213, i32 %mux_case_0102_load, void %real3.i202.case.3209, i32 %mux_case_0102_load, void %real3.i202.case.3239, i32 %mux_case_0102_load, void %real3.i202.case.1237, i32 %mux_case_0102_load, void %real3.i202.case.0.real3.i202.exit_crit_edge, i32 %mux_case_0102_load, void %real3.i202.case.1.real3.i202.exit_crit_edge, i32 %mux_case_0102_load, void %real3.i202.case.2.real3.i202.exit_crit_edge, i32 %mux_case_0102_load, void %real3.i202.case.3.real3.i202.exit_crit_edge, i32 %mux_case_0102_load, void %real3.i202.case.4.real3.i202.exit_crit_edge, i32 %mux_case_0102_load, void %real3.i202.case.5.real3.i202.exit_crit_edge, i32 %mux_case_0102_load, void %real3.i202.case.0.real3.i202.exit_crit_edge181, i32 %mux_case_0102_load, void %real3.i202.case.1, i32 %mux_case_0102_load, void %real3.i202.case.2, i32 %R_real, void %real3.i202.case.3, i32 %mux_case_0102_load, void %real3.i202.case.4, i32 %mux_case_0102_load, void %real3.i202.case.5, i32 %mux_case_0102_load, void %real3.i202.case.0"   --->   Operation 663 'phi' 'mux_case_09041832' <Predicate = (icmp_ln119)> <Delay = 0.00>
ST_44 : Operation 664 [1/1] (0.00ns)   --->   "%mux_case_39021828 = phi i32 %mux_case_3100_load, void %real3.i202.case.3233, i32 %mux_case_3100_load, void %real3.i202.case.1231, i32 %mux_case_3100_load, void %real3.i202.case.3227, i32 %mux_case_3100_load, void %real3.i202.case.1225, i32 %R_real, void %real3.i202.case.3221, i32 %mux_case_3100_load, void %real3.i202.case.1219, i32 %mux_case_3100_load, void %real3.i202.case.3215, i32 %mux_case_3100_load, void %real3.i202.case.1213, i32 %mux_case_3100_load, void %real3.i202.case.3209, i32 %mux_case_3100_load, void %real3.i202.case.3239, i32 %mux_case_3100_load, void %real3.i202.case.1237, i32 %mux_case_3100_load, void %real3.i202.case.0.real3.i202.exit_crit_edge, i32 %mux_case_3100_load, void %real3.i202.case.1.real3.i202.exit_crit_edge, i32 %mux_case_3100_load, void %real3.i202.case.2.real3.i202.exit_crit_edge, i32 %mux_case_3100_load, void %real3.i202.case.3.real3.i202.exit_crit_edge, i32 %mux_case_3100_load, void %real3.i202.case.4.real3.i202.exit_crit_edge, i32 %mux_case_3100_load, void %real3.i202.case.5.real3.i202.exit_crit_edge, i32 %mux_case_3100_load, void %real3.i202.case.0.real3.i202.exit_crit_edge181, i32 %mux_case_3100_load, void %real3.i202.case.1, i32 %mux_case_3100_load, void %real3.i202.case.2, i32 %mux_case_3100_load, void %real3.i202.case.3, i32 %mux_case_3100_load, void %real3.i202.case.4, i32 %mux_case_3100_load, void %real3.i202.case.5, i32 %mux_case_3100_load, void %real3.i202.case.0"   --->   Operation 664 'phi' 'mux_case_39021828' <Predicate = (icmp_ln119)> <Delay = 0.00>
ST_44 : Operation 665 [1/1] (0.00ns)   --->   "%mux_case_29011824 = phi i32 %mux_case_299_load, void %real3.i202.case.3233, i32 %mux_case_299_load, void %real3.i202.case.1231, i32 %mux_case_299_load, void %real3.i202.case.3227, i32 %mux_case_299_load, void %real3.i202.case.1225, i32 %mux_case_299_load, void %real3.i202.case.3221, i32 %mux_case_299_load, void %real3.i202.case.1219, i32 %mux_case_299_load, void %real3.i202.case.3215, i32 %mux_case_299_load, void %real3.i202.case.1213, i32 %mux_case_299_load, void %real3.i202.case.3209, i32 %mux_case_299_load, void %real3.i202.case.3239, i32 %mux_case_299_load, void %real3.i202.case.1237, i32 %mux_case_299_load, void %real3.i202.case.0.real3.i202.exit_crit_edge, i32 %mux_case_299_load, void %real3.i202.case.1.real3.i202.exit_crit_edge, i32 %R_real, void %real3.i202.case.2.real3.i202.exit_crit_edge, i32 %mux_case_299_load, void %real3.i202.case.3.real3.i202.exit_crit_edge, i32 %mux_case_299_load, void %real3.i202.case.4.real3.i202.exit_crit_edge, i32 %mux_case_299_load, void %real3.i202.case.5.real3.i202.exit_crit_edge, i32 %mux_case_299_load, void %real3.i202.case.0.real3.i202.exit_crit_edge181, i32 %mux_case_299_load, void %real3.i202.case.1, i32 %mux_case_299_load, void %real3.i202.case.2, i32 %mux_case_299_load, void %real3.i202.case.3, i32 %mux_case_299_load, void %real3.i202.case.4, i32 %mux_case_299_load, void %real3.i202.case.5, i32 %mux_case_299_load, void %real3.i202.case.0"   --->   Operation 665 'phi' 'mux_case_29011824' <Predicate = (icmp_ln119)> <Delay = 0.00>
ST_44 : Operation 666 [1/1] (0.00ns)   --->   "%mux_case_19001820 = phi i32 %mux_case_198_load, void %real3.i202.case.3233, i32 %mux_case_198_load, void %real3.i202.case.1231, i32 %mux_case_198_load, void %real3.i202.case.3227, i32 %mux_case_198_load, void %real3.i202.case.1225, i32 %mux_case_198_load, void %real3.i202.case.3221, i32 %R_real, void %real3.i202.case.1219, i32 %mux_case_198_load, void %real3.i202.case.3215, i32 %mux_case_198_load, void %real3.i202.case.1213, i32 %mux_case_198_load, void %real3.i202.case.3209, i32 %mux_case_198_load, void %real3.i202.case.3239, i32 %mux_case_198_load, void %real3.i202.case.1237, i32 %mux_case_198_load, void %real3.i202.case.0.real3.i202.exit_crit_edge, i32 %mux_case_198_load, void %real3.i202.case.1.real3.i202.exit_crit_edge, i32 %mux_case_198_load, void %real3.i202.case.2.real3.i202.exit_crit_edge, i32 %mux_case_198_load, void %real3.i202.case.3.real3.i202.exit_crit_edge, i32 %mux_case_198_load, void %real3.i202.case.4.real3.i202.exit_crit_edge, i32 %mux_case_198_load, void %real3.i202.case.5.real3.i202.exit_crit_edge, i32 %mux_case_198_load, void %real3.i202.case.0.real3.i202.exit_crit_edge181, i32 %mux_case_198_load, void %real3.i202.case.1, i32 %mux_case_198_load, void %real3.i202.case.2, i32 %mux_case_198_load, void %real3.i202.case.3, i32 %mux_case_198_load, void %real3.i202.case.4, i32 %mux_case_198_load, void %real3.i202.case.5, i32 %mux_case_198_load, void %real3.i202.case.0"   --->   Operation 666 'phi' 'mux_case_19001820' <Predicate = (icmp_ln119)> <Delay = 0.00>
ST_44 : Operation 667 [1/1] (0.00ns)   --->   "%mux_case_08991816 = phi i32 %mux_case_097_load, void %real3.i202.case.3233, i32 %mux_case_097_load, void %real3.i202.case.1231, i32 %mux_case_097_load, void %real3.i202.case.3227, i32 %mux_case_097_load, void %real3.i202.case.1225, i32 %mux_case_097_load, void %real3.i202.case.3221, i32 %mux_case_097_load, void %real3.i202.case.1219, i32 %mux_case_097_load, void %real3.i202.case.3215, i32 %mux_case_097_load, void %real3.i202.case.1213, i32 %mux_case_097_load, void %real3.i202.case.3209, i32 %mux_case_097_load, void %real3.i202.case.3239, i32 %mux_case_097_load, void %real3.i202.case.1237, i32 %mux_case_097_load, void %real3.i202.case.0.real3.i202.exit_crit_edge, i32 %mux_case_097_load, void %real3.i202.case.1.real3.i202.exit_crit_edge, i32 %mux_case_097_load, void %real3.i202.case.2.real3.i202.exit_crit_edge, i32 %mux_case_097_load, void %real3.i202.case.3.real3.i202.exit_crit_edge, i32 %mux_case_097_load, void %real3.i202.case.4.real3.i202.exit_crit_edge, i32 %mux_case_097_load, void %real3.i202.case.5.real3.i202.exit_crit_edge, i32 %mux_case_097_load, void %real3.i202.case.0.real3.i202.exit_crit_edge181, i32 %mux_case_097_load, void %real3.i202.case.1, i32 %R_real, void %real3.i202.case.2, i32 %mux_case_097_load, void %real3.i202.case.3, i32 %mux_case_097_load, void %real3.i202.case.4, i32 %mux_case_097_load, void %real3.i202.case.5, i32 %mux_case_097_load, void %real3.i202.case.0"   --->   Operation 667 'phi' 'mux_case_08991816' <Predicate = (icmp_ln119)> <Delay = 0.00>
ST_44 : Operation 668 [1/1] (0.00ns)   --->   "%mux_case_38971812 = phi i32 %mux_case_395_load, void %real3.i202.case.3233, i32 %mux_case_395_load, void %real3.i202.case.1231, i32 %mux_case_395_load, void %real3.i202.case.3227, i32 %mux_case_395_load, void %real3.i202.case.1225, i32 %mux_case_395_load, void %real3.i202.case.3221, i32 %mux_case_395_load, void %real3.i202.case.1219, i32 %R_real, void %real3.i202.case.3215, i32 %mux_case_395_load, void %real3.i202.case.1213, i32 %mux_case_395_load, void %real3.i202.case.3209, i32 %mux_case_395_load, void %real3.i202.case.3239, i32 %mux_case_395_load, void %real3.i202.case.1237, i32 %mux_case_395_load, void %real3.i202.case.0.real3.i202.exit_crit_edge, i32 %mux_case_395_load, void %real3.i202.case.1.real3.i202.exit_crit_edge, i32 %mux_case_395_load, void %real3.i202.case.2.real3.i202.exit_crit_edge, i32 %mux_case_395_load, void %real3.i202.case.3.real3.i202.exit_crit_edge, i32 %mux_case_395_load, void %real3.i202.case.4.real3.i202.exit_crit_edge, i32 %mux_case_395_load, void %real3.i202.case.5.real3.i202.exit_crit_edge, i32 %mux_case_395_load, void %real3.i202.case.0.real3.i202.exit_crit_edge181, i32 %mux_case_395_load, void %real3.i202.case.1, i32 %mux_case_395_load, void %real3.i202.case.2, i32 %mux_case_395_load, void %real3.i202.case.3, i32 %mux_case_395_load, void %real3.i202.case.4, i32 %mux_case_395_load, void %real3.i202.case.5, i32 %mux_case_395_load, void %real3.i202.case.0"   --->   Operation 668 'phi' 'mux_case_38971812' <Predicate = (icmp_ln119)> <Delay = 0.00>
ST_44 : Operation 669 [1/1] (0.00ns)   --->   "%mux_case_28961808 = phi i32 %mux_case_294_load, void %real3.i202.case.3233, i32 %mux_case_294_load, void %real3.i202.case.1231, i32 %mux_case_294_load, void %real3.i202.case.3227, i32 %mux_case_294_load, void %real3.i202.case.1225, i32 %mux_case_294_load, void %real3.i202.case.3221, i32 %mux_case_294_load, void %real3.i202.case.1219, i32 %mux_case_294_load, void %real3.i202.case.3215, i32 %mux_case_294_load, void %real3.i202.case.1213, i32 %mux_case_294_load, void %real3.i202.case.3209, i32 %mux_case_294_load, void %real3.i202.case.3239, i32 %mux_case_294_load, void %real3.i202.case.1237, i32 %mux_case_294_load, void %real3.i202.case.0.real3.i202.exit_crit_edge, i32 %R_real, void %real3.i202.case.1.real3.i202.exit_crit_edge, i32 %mux_case_294_load, void %real3.i202.case.2.real3.i202.exit_crit_edge, i32 %mux_case_294_load, void %real3.i202.case.3.real3.i202.exit_crit_edge, i32 %mux_case_294_load, void %real3.i202.case.4.real3.i202.exit_crit_edge, i32 %mux_case_294_load, void %real3.i202.case.5.real3.i202.exit_crit_edge, i32 %mux_case_294_load, void %real3.i202.case.0.real3.i202.exit_crit_edge181, i32 %mux_case_294_load, void %real3.i202.case.1, i32 %mux_case_294_load, void %real3.i202.case.2, i32 %mux_case_294_load, void %real3.i202.case.3, i32 %mux_case_294_load, void %real3.i202.case.4, i32 %mux_case_294_load, void %real3.i202.case.5, i32 %mux_case_294_load, void %real3.i202.case.0"   --->   Operation 669 'phi' 'mux_case_28961808' <Predicate = (icmp_ln119)> <Delay = 0.00>
ST_44 : Operation 670 [1/1] (0.00ns)   --->   "%mux_case_18951804 = phi i32 %mux_case_193_load, void %real3.i202.case.3233, i32 %mux_case_193_load, void %real3.i202.case.1231, i32 %mux_case_193_load, void %real3.i202.case.3227, i32 %mux_case_193_load, void %real3.i202.case.1225, i32 %mux_case_193_load, void %real3.i202.case.3221, i32 %mux_case_193_load, void %real3.i202.case.1219, i32 %mux_case_193_load, void %real3.i202.case.3215, i32 %R_real, void %real3.i202.case.1213, i32 %mux_case_193_load, void %real3.i202.case.3209, i32 %mux_case_193_load, void %real3.i202.case.3239, i32 %mux_case_193_load, void %real3.i202.case.1237, i32 %mux_case_193_load, void %real3.i202.case.0.real3.i202.exit_crit_edge, i32 %mux_case_193_load, void %real3.i202.case.1.real3.i202.exit_crit_edge, i32 %mux_case_193_load, void %real3.i202.case.2.real3.i202.exit_crit_edge, i32 %mux_case_193_load, void %real3.i202.case.3.real3.i202.exit_crit_edge, i32 %mux_case_193_load, void %real3.i202.case.4.real3.i202.exit_crit_edge, i32 %mux_case_193_load, void %real3.i202.case.5.real3.i202.exit_crit_edge, i32 %mux_case_193_load, void %real3.i202.case.0.real3.i202.exit_crit_edge181, i32 %mux_case_193_load, void %real3.i202.case.1, i32 %mux_case_193_load, void %real3.i202.case.2, i32 %mux_case_193_load, void %real3.i202.case.3, i32 %mux_case_193_load, void %real3.i202.case.4, i32 %mux_case_193_load, void %real3.i202.case.5, i32 %mux_case_193_load, void %real3.i202.case.0"   --->   Operation 670 'phi' 'mux_case_18951804' <Predicate = (icmp_ln119)> <Delay = 0.00>
ST_44 : Operation 671 [1/1] (0.00ns)   --->   "%mux_case_08941800 = phi i32 %mux_case_092_load, void %real3.i202.case.3233, i32 %mux_case_092_load, void %real3.i202.case.1231, i32 %mux_case_092_load, void %real3.i202.case.3227, i32 %mux_case_092_load, void %real3.i202.case.1225, i32 %mux_case_092_load, void %real3.i202.case.3221, i32 %mux_case_092_load, void %real3.i202.case.1219, i32 %mux_case_092_load, void %real3.i202.case.3215, i32 %mux_case_092_load, void %real3.i202.case.1213, i32 %mux_case_092_load, void %real3.i202.case.3209, i32 %mux_case_092_load, void %real3.i202.case.3239, i32 %mux_case_092_load, void %real3.i202.case.1237, i32 %mux_case_092_load, void %real3.i202.case.0.real3.i202.exit_crit_edge, i32 %mux_case_092_load, void %real3.i202.case.1.real3.i202.exit_crit_edge, i32 %mux_case_092_load, void %real3.i202.case.2.real3.i202.exit_crit_edge, i32 %mux_case_092_load, void %real3.i202.case.3.real3.i202.exit_crit_edge, i32 %mux_case_092_load, void %real3.i202.case.4.real3.i202.exit_crit_edge, i32 %mux_case_092_load, void %real3.i202.case.5.real3.i202.exit_crit_edge, i32 %mux_case_092_load, void %real3.i202.case.0.real3.i202.exit_crit_edge181, i32 %R_real, void %real3.i202.case.1, i32 %mux_case_092_load, void %real3.i202.case.2, i32 %mux_case_092_load, void %real3.i202.case.3, i32 %mux_case_092_load, void %real3.i202.case.4, i32 %mux_case_092_load, void %real3.i202.case.5, i32 %mux_case_092_load, void %real3.i202.case.0"   --->   Operation 671 'phi' 'mux_case_08941800' <Predicate = (icmp_ln119)> <Delay = 0.00>
ST_44 : Operation 672 [1/1] (0.00ns)   --->   "%mux_case_38921796 = phi i32 %mux_case_3_load, void %real3.i202.case.3233, i32 %mux_case_3_load, void %real3.i202.case.1231, i32 %mux_case_3_load, void %real3.i202.case.3227, i32 %mux_case_3_load, void %real3.i202.case.1225, i32 %mux_case_3_load, void %real3.i202.case.3221, i32 %mux_case_3_load, void %real3.i202.case.1219, i32 %mux_case_3_load, void %real3.i202.case.3215, i32 %mux_case_3_load, void %real3.i202.case.1213, i32 %R_real, void %real3.i202.case.3209, i32 %mux_case_3_load, void %real3.i202.case.3239, i32 %mux_case_3_load, void %real3.i202.case.1237, i32 %mux_case_3_load, void %real3.i202.case.0.real3.i202.exit_crit_edge, i32 %mux_case_3_load, void %real3.i202.case.1.real3.i202.exit_crit_edge, i32 %mux_case_3_load, void %real3.i202.case.2.real3.i202.exit_crit_edge, i32 %mux_case_3_load, void %real3.i202.case.3.real3.i202.exit_crit_edge, i32 %mux_case_3_load, void %real3.i202.case.4.real3.i202.exit_crit_edge, i32 %mux_case_3_load, void %real3.i202.case.5.real3.i202.exit_crit_edge, i32 %mux_case_3_load, void %real3.i202.case.0.real3.i202.exit_crit_edge181, i32 %mux_case_3_load, void %real3.i202.case.1, i32 %mux_case_3_load, void %real3.i202.case.2, i32 %mux_case_3_load, void %real3.i202.case.3, i32 %mux_case_3_load, void %real3.i202.case.4, i32 %mux_case_3_load, void %real3.i202.case.5, i32 %mux_case_3_load, void %real3.i202.case.0"   --->   Operation 672 'phi' 'mux_case_38921796' <Predicate = (icmp_ln119)> <Delay = 0.00>
ST_44 : Operation 673 [1/1] (0.00ns)   --->   "%mux_case_28911792 = phi i32 %mux_case_2_load, void %real3.i202.case.3233, i32 %mux_case_2_load, void %real3.i202.case.1231, i32 %mux_case_2_load, void %real3.i202.case.3227, i32 %mux_case_2_load, void %real3.i202.case.1225, i32 %mux_case_2_load, void %real3.i202.case.3221, i32 %mux_case_2_load, void %real3.i202.case.1219, i32 %mux_case_2_load, void %real3.i202.case.3215, i32 %mux_case_2_load, void %real3.i202.case.1213, i32 %mux_case_2_load, void %real3.i202.case.3209, i32 %mux_case_2_load, void %real3.i202.case.3239, i32 %mux_case_2_load, void %real3.i202.case.1237, i32 %R_real, void %real3.i202.case.0.real3.i202.exit_crit_edge, i32 %mux_case_2_load, void %real3.i202.case.1.real3.i202.exit_crit_edge, i32 %mux_case_2_load, void %real3.i202.case.2.real3.i202.exit_crit_edge, i32 %mux_case_2_load, void %real3.i202.case.3.real3.i202.exit_crit_edge, i32 %mux_case_2_load, void %real3.i202.case.4.real3.i202.exit_crit_edge, i32 %mux_case_2_load, void %real3.i202.case.5.real3.i202.exit_crit_edge, i32 %mux_case_2_load, void %real3.i202.case.0.real3.i202.exit_crit_edge181, i32 %mux_case_2_load, void %real3.i202.case.1, i32 %mux_case_2_load, void %real3.i202.case.2, i32 %mux_case_2_load, void %real3.i202.case.3, i32 %mux_case_2_load, void %real3.i202.case.4, i32 %mux_case_2_load, void %real3.i202.case.5, i32 %mux_case_2_load, void %real3.i202.case.0"   --->   Operation 673 'phi' 'mux_case_28911792' <Predicate = (icmp_ln119)> <Delay = 0.00>
ST_44 : Operation 674 [1/1] (0.00ns)   --->   "%mux_case_18901788 = phi i32 %mux_case_1_load, void %real3.i202.case.3233, i32 %mux_case_1_load, void %real3.i202.case.1231, i32 %mux_case_1_load, void %real3.i202.case.3227, i32 %mux_case_1_load, void %real3.i202.case.1225, i32 %mux_case_1_load, void %real3.i202.case.3221, i32 %mux_case_1_load, void %real3.i202.case.1219, i32 %mux_case_1_load, void %real3.i202.case.3215, i32 %mux_case_1_load, void %real3.i202.case.1213, i32 %mux_case_1_load, void %real3.i202.case.3209, i32 %mux_case_1_load, void %real3.i202.case.3239, i32 %mux_case_1_load, void %real3.i202.case.1237, i32 %mux_case_1_load, void %real3.i202.case.0.real3.i202.exit_crit_edge, i32 %mux_case_1_load, void %real3.i202.case.1.real3.i202.exit_crit_edge, i32 %mux_case_1_load, void %real3.i202.case.2.real3.i202.exit_crit_edge, i32 %mux_case_1_load, void %real3.i202.case.3.real3.i202.exit_crit_edge, i32 %mux_case_1_load, void %real3.i202.case.4.real3.i202.exit_crit_edge, i32 %mux_case_1_load, void %real3.i202.case.5.real3.i202.exit_crit_edge, i32 %mux_case_1_load, void %real3.i202.case.0.real3.i202.exit_crit_edge181, i32 %mux_case_1_load, void %real3.i202.case.1, i32 %mux_case_1_load, void %real3.i202.case.2, i32 %mux_case_1_load, void %real3.i202.case.3, i32 %mux_case_1_load, void %real3.i202.case.4, i32 %mux_case_1_load, void %real3.i202.case.5, i32 %R_real, void %real3.i202.case.0"   --->   Operation 674 'phi' 'mux_case_18901788' <Predicate = (icmp_ln119)> <Delay = 0.00>
ST_44 : Operation 675 [1/1] (0.73ns)   --->   "%switch_ln45 = switch i3 %i_1, void %real117.i204.case.6, i3 5, void %real117.i204.case.5, i3 1, void %real117.i204.case.1, i3 2, void %real117.i204.case.2, i3 3, void %real117.i204.case.3, i3 4, void %real117.i204.case.4" [top_cmplx.cpp:45->top_cmplx.cpp:146]   --->   Operation 675 'switch' 'switch_ln45' <Predicate = (icmp_ln119)> <Delay = 0.73>
ST_44 : Operation 676 [1/1] (0.73ns)   --->   "%switch_ln45 = switch i2 %tmp_18, void %real117.i204.case.3269, i2 0, void %real117.i204.exit, i2 1, void %real117.i204.case.1267, i2 2, void %real117.i204.case.4.real117.i204.exit_crit_edge" [top_cmplx.cpp:45->top_cmplx.cpp:146]   --->   Operation 676 'switch' 'switch_ln45' <Predicate = (icmp_ln119 & i_1 == 4)> <Delay = 0.73>
ST_44 : Operation 677 [1/1] (0.42ns)   --->   "%br_ln45 = br void %real117.i204.exit" [top_cmplx.cpp:45->top_cmplx.cpp:146]   --->   Operation 677 'br' 'br_ln45' <Predicate = (icmp_ln119 & i_1 == 4 & tmp_18 == 2)> <Delay = 0.42>
ST_44 : Operation 678 [1/1] (0.42ns)   --->   "%br_ln45 = br void %real117.i204.exit" [top_cmplx.cpp:45->top_cmplx.cpp:146]   --->   Operation 678 'br' 'br_ln45' <Predicate = (icmp_ln119 & i_1 == 4 & tmp_18 == 1)> <Delay = 0.42>
ST_44 : Operation 679 [1/1] (0.42ns)   --->   "%br_ln45 = br void %real117.i204.exit" [top_cmplx.cpp:45->top_cmplx.cpp:146]   --->   Operation 679 'br' 'br_ln45' <Predicate = (icmp_ln119 & i_1 == 4 & tmp_18 == 3)> <Delay = 0.42>
ST_44 : Operation 680 [1/1] (0.73ns)   --->   "%switch_ln45 = switch i2 %tmp_18, void %real117.i204.case.3263, i2 0, void %real117.i204.exit, i2 1, void %real117.i204.case.1261, i2 2, void %real117.i204.case.3.real117.i204.exit_crit_edge" [top_cmplx.cpp:45->top_cmplx.cpp:146]   --->   Operation 680 'switch' 'switch_ln45' <Predicate = (icmp_ln119 & i_1 == 3)> <Delay = 0.73>
ST_44 : Operation 681 [1/1] (0.42ns)   --->   "%br_ln45 = br void %real117.i204.exit" [top_cmplx.cpp:45->top_cmplx.cpp:146]   --->   Operation 681 'br' 'br_ln45' <Predicate = (icmp_ln119 & i_1 == 3 & tmp_18 == 2)> <Delay = 0.42>
ST_44 : Operation 682 [1/1] (0.42ns)   --->   "%br_ln45 = br void %real117.i204.exit" [top_cmplx.cpp:45->top_cmplx.cpp:146]   --->   Operation 682 'br' 'br_ln45' <Predicate = (icmp_ln119 & i_1 == 3 & tmp_18 == 1)> <Delay = 0.42>
ST_44 : Operation 683 [1/1] (0.42ns)   --->   "%br_ln45 = br void %real117.i204.exit" [top_cmplx.cpp:45->top_cmplx.cpp:146]   --->   Operation 683 'br' 'br_ln45' <Predicate = (icmp_ln119 & i_1 == 3 & tmp_18 == 3)> <Delay = 0.42>
ST_44 : Operation 684 [1/1] (0.73ns)   --->   "%switch_ln45 = switch i2 %tmp_18, void %real117.i204.case.3257, i2 0, void %real117.i204.exit, i2 1, void %real117.i204.case.1255, i2 2, void %real117.i204.case.2.real117.i204.exit_crit_edge" [top_cmplx.cpp:45->top_cmplx.cpp:146]   --->   Operation 684 'switch' 'switch_ln45' <Predicate = (icmp_ln119 & i_1 == 2)> <Delay = 0.73>
ST_44 : Operation 685 [1/1] (0.42ns)   --->   "%br_ln45 = br void %real117.i204.exit" [top_cmplx.cpp:45->top_cmplx.cpp:146]   --->   Operation 685 'br' 'br_ln45' <Predicate = (icmp_ln119 & i_1 == 2 & tmp_18 == 2)> <Delay = 0.42>
ST_44 : Operation 686 [1/1] (0.42ns)   --->   "%br_ln45 = br void %real117.i204.exit" [top_cmplx.cpp:45->top_cmplx.cpp:146]   --->   Operation 686 'br' 'br_ln45' <Predicate = (icmp_ln119 & i_1 == 2 & tmp_18 == 1)> <Delay = 0.42>
ST_44 : Operation 687 [1/1] (0.42ns)   --->   "%br_ln45 = br void %real117.i204.exit" [top_cmplx.cpp:45->top_cmplx.cpp:146]   --->   Operation 687 'br' 'br_ln45' <Predicate = (icmp_ln119 & i_1 == 2 & tmp_18 == 3)> <Delay = 0.42>
ST_44 : Operation 688 [1/1] (0.73ns)   --->   "%switch_ln45 = switch i2 %tmp_18, void %real117.i204.case.3251, i2 0, void %real117.i204.exit, i2 1, void %real117.i204.case.1249, i2 2, void %real117.i204.case.1.real117.i204.exit_crit_edge" [top_cmplx.cpp:45->top_cmplx.cpp:146]   --->   Operation 688 'switch' 'switch_ln45' <Predicate = (icmp_ln119 & i_1 == 1)> <Delay = 0.73>
ST_44 : Operation 689 [1/1] (0.42ns)   --->   "%br_ln45 = br void %real117.i204.exit" [top_cmplx.cpp:45->top_cmplx.cpp:146]   --->   Operation 689 'br' 'br_ln45' <Predicate = (icmp_ln119 & i_1 == 1 & tmp_18 == 2)> <Delay = 0.42>
ST_44 : Operation 690 [1/1] (0.42ns)   --->   "%br_ln45 = br void %real117.i204.exit" [top_cmplx.cpp:45->top_cmplx.cpp:146]   --->   Operation 690 'br' 'br_ln45' <Predicate = (icmp_ln119 & i_1 == 1 & tmp_18 == 1)> <Delay = 0.42>
ST_44 : Operation 691 [1/1] (0.42ns)   --->   "%br_ln45 = br void %real117.i204.exit" [top_cmplx.cpp:45->top_cmplx.cpp:146]   --->   Operation 691 'br' 'br_ln45' <Predicate = (icmp_ln119 & i_1 == 1 & tmp_18 == 3)> <Delay = 0.42>
ST_44 : Operation 692 [1/1] (0.73ns)   --->   "%switch_ln45 = switch i2 %tmp_18, void %real117.i204.case.3275, i2 0, void %real117.i204.exit, i2 1, void %real117.i204.case.1273, i2 2, void %real117.i204.case.5.real117.i204.exit_crit_edge" [top_cmplx.cpp:45->top_cmplx.cpp:146]   --->   Operation 692 'switch' 'switch_ln45' <Predicate = (icmp_ln119 & i_1 == 5)> <Delay = 0.73>
ST_44 : Operation 693 [1/1] (0.42ns)   --->   "%br_ln45 = br void %real117.i204.exit" [top_cmplx.cpp:45->top_cmplx.cpp:146]   --->   Operation 693 'br' 'br_ln45' <Predicate = (icmp_ln119 & i_1 == 5 & tmp_18 == 2)> <Delay = 0.42>
ST_44 : Operation 694 [1/1] (0.42ns)   --->   "%br_ln45 = br void %real117.i204.exit" [top_cmplx.cpp:45->top_cmplx.cpp:146]   --->   Operation 694 'br' 'br_ln45' <Predicate = (icmp_ln119 & i_1 == 5 & tmp_18 == 1)> <Delay = 0.42>
ST_44 : Operation 695 [1/1] (0.42ns)   --->   "%br_ln45 = br void %real117.i204.exit" [top_cmplx.cpp:45->top_cmplx.cpp:146]   --->   Operation 695 'br' 'br_ln45' <Predicate = (icmp_ln119 & i_1 == 5 & tmp_18 == 3)> <Delay = 0.42>
ST_44 : Operation 696 [1/1] (0.73ns)   --->   "%switch_ln45 = switch i2 %tmp_18, void %real117.i204.case.3281, i2 0, void %real117.i204.exit, i2 1, void %real117.i204.case.1279, i2 2, void %real117.i204.case.6.real117.i204.exit_crit_edge" [top_cmplx.cpp:45->top_cmplx.cpp:146]   --->   Operation 696 'switch' 'switch_ln45' <Predicate = (icmp_ln119 & i_1 != 1 & i_1 != 2 & i_1 != 3 & i_1 != 4 & i_1 != 5)> <Delay = 0.73>
ST_44 : Operation 697 [1/1] (0.42ns)   --->   "%br_ln45 = br void %real117.i204.exit" [top_cmplx.cpp:45->top_cmplx.cpp:146]   --->   Operation 697 'br' 'br_ln45' <Predicate = (icmp_ln119 & i_1 != 1 & i_1 != 2 & i_1 != 3 & i_1 != 4 & i_1 != 5 & tmp_18 == 2)> <Delay = 0.42>
ST_44 : Operation 698 [1/1] (0.42ns)   --->   "%br_ln45 = br void %real117.i204.exit" [top_cmplx.cpp:45->top_cmplx.cpp:146]   --->   Operation 698 'br' 'br_ln45' <Predicate = (icmp_ln119 & i_1 != 1 & i_1 != 2 & i_1 != 3 & i_1 != 4 & i_1 != 5 & tmp_18 == 1)> <Delay = 0.42>
ST_44 : Operation 699 [1/1] (0.42ns)   --->   "%br_ln45 = br void %real117.i204.exit" [top_cmplx.cpp:45->top_cmplx.cpp:146]   --->   Operation 699 'br' 'br_ln45' <Predicate = (icmp_ln119 & i_1 != 1 & i_1 != 2 & i_1 != 3 & i_1 != 4 & i_1 != 5 & tmp_18 == 3)> <Delay = 0.42>
ST_44 : Operation 700 [1/1] (0.00ns)   --->   "%mux_case_31087 = phi i32 %mux_case_3173_load, void %real117.i204.case.3275, i32 %mux_case_3173_load, void %real117.i204.case.1273, i32 %mux_case_3173_load, void %real117.i204.case.3269, i32 %mux_case_3173_load, void %real117.i204.case.1267, i32 %mux_case_3173_load, void %real117.i204.case.3263, i32 %mux_case_3173_load, void %real117.i204.case.1261, i32 %mux_case_3173_load, void %real117.i204.case.3257, i32 %mux_case_3173_load, void %real117.i204.case.1255, i32 %mux_case_3173_load, void %real117.i204.case.3251, i32 %mux_case_3173_load, void %real117.i204.case.1249, i32 %R_real_1, void %real117.i204.case.3281, i32 %mux_case_3173_load, void %real117.i204.case.1279, i32 %mux_case_3173_load, void %real117.i204.case.1.real117.i204.exit_crit_edge, i32 %mux_case_3173_load, void %real117.i204.case.2.real117.i204.exit_crit_edge, i32 %mux_case_3173_load, void %real117.i204.case.3.real117.i204.exit_crit_edge, i32 %mux_case_3173_load, void %real117.i204.case.4.real117.i204.exit_crit_edge, i32 %mux_case_3173_load, void %real117.i204.case.5.real117.i204.exit_crit_edge, i32 %mux_case_3173_load, void %real117.i204.case.6.real117.i204.exit_crit_edge, i32 %mux_case_3173_load, void %real117.i204.case.1, i32 %mux_case_3173_load, void %real117.i204.case.2, i32 %mux_case_3173_load, void %real117.i204.case.3, i32 %mux_case_3173_load, void %real117.i204.case.4, i32 %mux_case_3173_load, void %real117.i204.case.5, i32 %mux_case_3173_load, void %real117.i204.case.6"   --->   Operation 700 'phi' 'mux_case_31087' <Predicate = (icmp_ln119)> <Delay = 0.00>
ST_44 : Operation 701 [1/1] (0.00ns)   --->   "%mux_case_21086 = phi i32 %mux_case_2172_load, void %real117.i204.case.3275, i32 %mux_case_2172_load, void %real117.i204.case.1273, i32 %mux_case_2172_load, void %real117.i204.case.3269, i32 %mux_case_2172_load, void %real117.i204.case.1267, i32 %mux_case_2172_load, void %real117.i204.case.3263, i32 %mux_case_2172_load, void %real117.i204.case.1261, i32 %mux_case_2172_load, void %real117.i204.case.3257, i32 %mux_case_2172_load, void %real117.i204.case.1255, i32 %mux_case_2172_load, void %real117.i204.case.3251, i32 %mux_case_2172_load, void %real117.i204.case.1249, i32 %mux_case_2172_load, void %real117.i204.case.3281, i32 %mux_case_2172_load, void %real117.i204.case.1279, i32 %mux_case_2172_load, void %real117.i204.case.1.real117.i204.exit_crit_edge, i32 %mux_case_2172_load, void %real117.i204.case.2.real117.i204.exit_crit_edge, i32 %mux_case_2172_load, void %real117.i204.case.3.real117.i204.exit_crit_edge, i32 %mux_case_2172_load, void %real117.i204.case.4.real117.i204.exit_crit_edge, i32 %mux_case_2172_load, void %real117.i204.case.5.real117.i204.exit_crit_edge, i32 %R_real_1, void %real117.i204.case.6.real117.i204.exit_crit_edge, i32 %mux_case_2172_load, void %real117.i204.case.1, i32 %mux_case_2172_load, void %real117.i204.case.2, i32 %mux_case_2172_load, void %real117.i204.case.3, i32 %mux_case_2172_load, void %real117.i204.case.4, i32 %mux_case_2172_load, void %real117.i204.case.5, i32 %mux_case_2172_load, void %real117.i204.case.6"   --->   Operation 701 'phi' 'mux_case_21086' <Predicate = (icmp_ln119)> <Delay = 0.00>
ST_44 : Operation 702 [1/1] (0.00ns)   --->   "%mux_case_11085 = phi i32 %mux_case_1171_load, void %real117.i204.case.3275, i32 %mux_case_1171_load, void %real117.i204.case.1273, i32 %mux_case_1171_load, void %real117.i204.case.3269, i32 %mux_case_1171_load, void %real117.i204.case.1267, i32 %mux_case_1171_load, void %real117.i204.case.3263, i32 %mux_case_1171_load, void %real117.i204.case.1261, i32 %mux_case_1171_load, void %real117.i204.case.3257, i32 %mux_case_1171_load, void %real117.i204.case.1255, i32 %mux_case_1171_load, void %real117.i204.case.3251, i32 %mux_case_1171_load, void %real117.i204.case.1249, i32 %mux_case_1171_load, void %real117.i204.case.3281, i32 %R_real_1, void %real117.i204.case.1279, i32 %mux_case_1171_load, void %real117.i204.case.1.real117.i204.exit_crit_edge, i32 %mux_case_1171_load, void %real117.i204.case.2.real117.i204.exit_crit_edge, i32 %mux_case_1171_load, void %real117.i204.case.3.real117.i204.exit_crit_edge, i32 %mux_case_1171_load, void %real117.i204.case.4.real117.i204.exit_crit_edge, i32 %mux_case_1171_load, void %real117.i204.case.5.real117.i204.exit_crit_edge, i32 %mux_case_1171_load, void %real117.i204.case.6.real117.i204.exit_crit_edge, i32 %mux_case_1171_load, void %real117.i204.case.1, i32 %mux_case_1171_load, void %real117.i204.case.2, i32 %mux_case_1171_load, void %real117.i204.case.3, i32 %mux_case_1171_load, void %real117.i204.case.4, i32 %mux_case_1171_load, void %real117.i204.case.5, i32 %mux_case_1171_load, void %real117.i204.case.6"   --->   Operation 702 'phi' 'mux_case_11085' <Predicate = (icmp_ln119)> <Delay = 0.00>
ST_44 : Operation 703 [1/1] (0.00ns)   --->   "%mux_case_31082 = phi i32 %R_real_1, void %real117.i204.case.3275, i32 %mux_case_39171876, void %real117.i204.case.1273, i32 %mux_case_39171876, void %real117.i204.case.3269, i32 %mux_case_39171876, void %real117.i204.case.1267, i32 %mux_case_39171876, void %real117.i204.case.3263, i32 %mux_case_39171876, void %real117.i204.case.1261, i32 %mux_case_39171876, void %real117.i204.case.3257, i32 %mux_case_39171876, void %real117.i204.case.1255, i32 %mux_case_39171876, void %real117.i204.case.3251, i32 %mux_case_39171876, void %real117.i204.case.1249, i32 %mux_case_39171876, void %real117.i204.case.3281, i32 %mux_case_39171876, void %real117.i204.case.1279, i32 %mux_case_39171876, void %real117.i204.case.1.real117.i204.exit_crit_edge, i32 %mux_case_39171876, void %real117.i204.case.2.real117.i204.exit_crit_edge, i32 %mux_case_39171876, void %real117.i204.case.3.real117.i204.exit_crit_edge, i32 %mux_case_39171876, void %real117.i204.case.4.real117.i204.exit_crit_edge, i32 %mux_case_39171876, void %real117.i204.case.5.real117.i204.exit_crit_edge, i32 %mux_case_39171876, void %real117.i204.case.6.real117.i204.exit_crit_edge, i32 %mux_case_39171876, void %real117.i204.case.1, i32 %mux_case_39171876, void %real117.i204.case.2, i32 %mux_case_39171876, void %real117.i204.case.3, i32 %mux_case_39171876, void %real117.i204.case.4, i32 %mux_case_39171876, void %real117.i204.case.5, i32 %mux_case_39171876, void %real117.i204.case.6"   --->   Operation 703 'phi' 'mux_case_31082' <Predicate = (icmp_ln119)> <Delay = 0.00>
ST_44 : Operation 704 [1/1] (0.00ns)   --->   "%mux_case_21081 = phi i32 %mux_case_29161872, void %real117.i204.case.3275, i32 %mux_case_29161872, void %real117.i204.case.1273, i32 %mux_case_29161872, void %real117.i204.case.3269, i32 %mux_case_29161872, void %real117.i204.case.1267, i32 %mux_case_29161872, void %real117.i204.case.3263, i32 %mux_case_29161872, void %real117.i204.case.1261, i32 %mux_case_29161872, void %real117.i204.case.3257, i32 %mux_case_29161872, void %real117.i204.case.1255, i32 %mux_case_29161872, void %real117.i204.case.3251, i32 %mux_case_29161872, void %real117.i204.case.1249, i32 %mux_case_29161872, void %real117.i204.case.3281, i32 %mux_case_29161872, void %real117.i204.case.1279, i32 %mux_case_29161872, void %real117.i204.case.1.real117.i204.exit_crit_edge, i32 %mux_case_29161872, void %real117.i204.case.2.real117.i204.exit_crit_edge, i32 %mux_case_29161872, void %real117.i204.case.3.real117.i204.exit_crit_edge, i32 %mux_case_29161872, void %real117.i204.case.4.real117.i204.exit_crit_edge, i32 %R_real_1, void %real117.i204.case.5.real117.i204.exit_crit_edge, i32 %mux_case_29161872, void %real117.i204.case.6.real117.i204.exit_crit_edge, i32 %mux_case_29161872, void %real117.i204.case.1, i32 %mux_case_29161872, void %real117.i204.case.2, i32 %mux_case_29161872, void %real117.i204.case.3, i32 %mux_case_29161872, void %real117.i204.case.4, i32 %mux_case_29161872, void %real117.i204.case.5, i32 %mux_case_29161872, void %real117.i204.case.6"   --->   Operation 704 'phi' 'mux_case_21081' <Predicate = (icmp_ln119)> <Delay = 0.00>
ST_44 : Operation 705 [1/1] (0.00ns)   --->   "%mux_case_11080 = phi i32 %mux_case_19151868, void %real117.i204.case.3275, i32 %R_real_1, void %real117.i204.case.1273, i32 %mux_case_19151868, void %real117.i204.case.3269, i32 %mux_case_19151868, void %real117.i204.case.1267, i32 %mux_case_19151868, void %real117.i204.case.3263, i32 %mux_case_19151868, void %real117.i204.case.1261, i32 %mux_case_19151868, void %real117.i204.case.3257, i32 %mux_case_19151868, void %real117.i204.case.1255, i32 %mux_case_19151868, void %real117.i204.case.3251, i32 %mux_case_19151868, void %real117.i204.case.1249, i32 %mux_case_19151868, void %real117.i204.case.3281, i32 %mux_case_19151868, void %real117.i204.case.1279, i32 %mux_case_19151868, void %real117.i204.case.1.real117.i204.exit_crit_edge, i32 %mux_case_19151868, void %real117.i204.case.2.real117.i204.exit_crit_edge, i32 %mux_case_19151868, void %real117.i204.case.3.real117.i204.exit_crit_edge, i32 %mux_case_19151868, void %real117.i204.case.4.real117.i204.exit_crit_edge, i32 %mux_case_19151868, void %real117.i204.case.5.real117.i204.exit_crit_edge, i32 %mux_case_19151868, void %real117.i204.case.6.real117.i204.exit_crit_edge, i32 %mux_case_19151868, void %real117.i204.case.1, i32 %mux_case_19151868, void %real117.i204.case.2, i32 %mux_case_19151868, void %real117.i204.case.3, i32 %mux_case_19151868, void %real117.i204.case.4, i32 %mux_case_19151868, void %real117.i204.case.5, i32 %mux_case_19151868, void %real117.i204.case.6"   --->   Operation 705 'phi' 'mux_case_11080' <Predicate = (icmp_ln119)> <Delay = 0.00>
ST_44 : Operation 706 [1/1] (0.00ns)   --->   "%mux_case_31077 = phi i32 %mux_case_39121860, void %real117.i204.case.3275, i32 %mux_case_39121860, void %real117.i204.case.1273, i32 %R_real_1, void %real117.i204.case.3269, i32 %mux_case_39121860, void %real117.i204.case.1267, i32 %mux_case_39121860, void %real117.i204.case.3263, i32 %mux_case_39121860, void %real117.i204.case.1261, i32 %mux_case_39121860, void %real117.i204.case.3257, i32 %mux_case_39121860, void %real117.i204.case.1255, i32 %mux_case_39121860, void %real117.i204.case.3251, i32 %mux_case_39121860, void %real117.i204.case.1249, i32 %mux_case_39121860, void %real117.i204.case.3281, i32 %mux_case_39121860, void %real117.i204.case.1279, i32 %mux_case_39121860, void %real117.i204.case.1.real117.i204.exit_crit_edge, i32 %mux_case_39121860, void %real117.i204.case.2.real117.i204.exit_crit_edge, i32 %mux_case_39121860, void %real117.i204.case.3.real117.i204.exit_crit_edge, i32 %mux_case_39121860, void %real117.i204.case.4.real117.i204.exit_crit_edge, i32 %mux_case_39121860, void %real117.i204.case.5.real117.i204.exit_crit_edge, i32 %mux_case_39121860, void %real117.i204.case.6.real117.i204.exit_crit_edge, i32 %mux_case_39121860, void %real117.i204.case.1, i32 %mux_case_39121860, void %real117.i204.case.2, i32 %mux_case_39121860, void %real117.i204.case.3, i32 %mux_case_39121860, void %real117.i204.case.4, i32 %mux_case_39121860, void %real117.i204.case.5, i32 %mux_case_39121860, void %real117.i204.case.6"   --->   Operation 706 'phi' 'mux_case_31077' <Predicate = (icmp_ln119)> <Delay = 0.00>
ST_44 : Operation 707 [1/1] (0.00ns)   --->   "%mux_case_21076 = phi i32 %mux_case_29111856, void %real117.i204.case.3275, i32 %mux_case_29111856, void %real117.i204.case.1273, i32 %mux_case_29111856, void %real117.i204.case.3269, i32 %mux_case_29111856, void %real117.i204.case.1267, i32 %mux_case_29111856, void %real117.i204.case.3263, i32 %mux_case_29111856, void %real117.i204.case.1261, i32 %mux_case_29111856, void %real117.i204.case.3257, i32 %mux_case_29111856, void %real117.i204.case.1255, i32 %mux_case_29111856, void %real117.i204.case.3251, i32 %mux_case_29111856, void %real117.i204.case.1249, i32 %mux_case_29111856, void %real117.i204.case.3281, i32 %mux_case_29111856, void %real117.i204.case.1279, i32 %mux_case_29111856, void %real117.i204.case.1.real117.i204.exit_crit_edge, i32 %mux_case_29111856, void %real117.i204.case.2.real117.i204.exit_crit_edge, i32 %mux_case_29111856, void %real117.i204.case.3.real117.i204.exit_crit_edge, i32 %R_real_1, void %real117.i204.case.4.real117.i204.exit_crit_edge, i32 %mux_case_29111856, void %real117.i204.case.5.real117.i204.exit_crit_edge, i32 %mux_case_29111856, void %real117.i204.case.6.real117.i204.exit_crit_edge, i32 %mux_case_29111856, void %real117.i204.case.1, i32 %mux_case_29111856, void %real117.i204.case.2, i32 %mux_case_29111856, void %real117.i204.case.3, i32 %mux_case_29111856, void %real117.i204.case.4, i32 %mux_case_29111856, void %real117.i204.case.5, i32 %mux_case_29111856, void %real117.i204.case.6"   --->   Operation 707 'phi' 'mux_case_21076' <Predicate = (icmp_ln119)> <Delay = 0.00>
ST_44 : Operation 708 [1/1] (0.00ns)   --->   "%mux_case_11075 = phi i32 %mux_case_19101852, void %real117.i204.case.3275, i32 %mux_case_19101852, void %real117.i204.case.1273, i32 %mux_case_19101852, void %real117.i204.case.3269, i32 %R_real_1, void %real117.i204.case.1267, i32 %mux_case_19101852, void %real117.i204.case.3263, i32 %mux_case_19101852, void %real117.i204.case.1261, i32 %mux_case_19101852, void %real117.i204.case.3257, i32 %mux_case_19101852, void %real117.i204.case.1255, i32 %mux_case_19101852, void %real117.i204.case.3251, i32 %mux_case_19101852, void %real117.i204.case.1249, i32 %mux_case_19101852, void %real117.i204.case.3281, i32 %mux_case_19101852, void %real117.i204.case.1279, i32 %mux_case_19101852, void %real117.i204.case.1.real117.i204.exit_crit_edge, i32 %mux_case_19101852, void %real117.i204.case.2.real117.i204.exit_crit_edge, i32 %mux_case_19101852, void %real117.i204.case.3.real117.i204.exit_crit_edge, i32 %mux_case_19101852, void %real117.i204.case.4.real117.i204.exit_crit_edge, i32 %mux_case_19101852, void %real117.i204.case.5.real117.i204.exit_crit_edge, i32 %mux_case_19101852, void %real117.i204.case.6.real117.i204.exit_crit_edge, i32 %mux_case_19101852, void %real117.i204.case.1, i32 %mux_case_19101852, void %real117.i204.case.2, i32 %mux_case_19101852, void %real117.i204.case.3, i32 %mux_case_19101852, void %real117.i204.case.4, i32 %mux_case_19101852, void %real117.i204.case.5, i32 %mux_case_19101852, void %real117.i204.case.6"   --->   Operation 708 'phi' 'mux_case_11075' <Predicate = (icmp_ln119)> <Delay = 0.00>
ST_44 : Operation 709 [1/1] (0.00ns)   --->   "%mux_case_31072 = phi i32 %mux_case_39071844, void %real117.i204.case.3275, i32 %mux_case_39071844, void %real117.i204.case.1273, i32 %mux_case_39071844, void %real117.i204.case.3269, i32 %mux_case_39071844, void %real117.i204.case.1267, i32 %R_real_1, void %real117.i204.case.3263, i32 %mux_case_39071844, void %real117.i204.case.1261, i32 %mux_case_39071844, void %real117.i204.case.3257, i32 %mux_case_39071844, void %real117.i204.case.1255, i32 %mux_case_39071844, void %real117.i204.case.3251, i32 %mux_case_39071844, void %real117.i204.case.1249, i32 %mux_case_39071844, void %real117.i204.case.3281, i32 %mux_case_39071844, void %real117.i204.case.1279, i32 %mux_case_39071844, void %real117.i204.case.1.real117.i204.exit_crit_edge, i32 %mux_case_39071844, void %real117.i204.case.2.real117.i204.exit_crit_edge, i32 %mux_case_39071844, void %real117.i204.case.3.real117.i204.exit_crit_edge, i32 %mux_case_39071844, void %real117.i204.case.4.real117.i204.exit_crit_edge, i32 %mux_case_39071844, void %real117.i204.case.5.real117.i204.exit_crit_edge, i32 %mux_case_39071844, void %real117.i204.case.6.real117.i204.exit_crit_edge, i32 %mux_case_39071844, void %real117.i204.case.1, i32 %mux_case_39071844, void %real117.i204.case.2, i32 %mux_case_39071844, void %real117.i204.case.3, i32 %mux_case_39071844, void %real117.i204.case.4, i32 %mux_case_39071844, void %real117.i204.case.5, i32 %mux_case_39071844, void %real117.i204.case.6"   --->   Operation 709 'phi' 'mux_case_31072' <Predicate = (icmp_ln119)> <Delay = 0.00>
ST_44 : Operation 710 [1/1] (0.00ns)   --->   "%mux_case_21071 = phi i32 %mux_case_29061840, void %real117.i204.case.3275, i32 %mux_case_29061840, void %real117.i204.case.1273, i32 %mux_case_29061840, void %real117.i204.case.3269, i32 %mux_case_29061840, void %real117.i204.case.1267, i32 %mux_case_29061840, void %real117.i204.case.3263, i32 %mux_case_29061840, void %real117.i204.case.1261, i32 %mux_case_29061840, void %real117.i204.case.3257, i32 %mux_case_29061840, void %real117.i204.case.1255, i32 %mux_case_29061840, void %real117.i204.case.3251, i32 %mux_case_29061840, void %real117.i204.case.1249, i32 %mux_case_29061840, void %real117.i204.case.3281, i32 %mux_case_29061840, void %real117.i204.case.1279, i32 %mux_case_29061840, void %real117.i204.case.1.real117.i204.exit_crit_edge, i32 %mux_case_29061840, void %real117.i204.case.2.real117.i204.exit_crit_edge, i32 %R_real_1, void %real117.i204.case.3.real117.i204.exit_crit_edge, i32 %mux_case_29061840, void %real117.i204.case.4.real117.i204.exit_crit_edge, i32 %mux_case_29061840, void %real117.i204.case.5.real117.i204.exit_crit_edge, i32 %mux_case_29061840, void %real117.i204.case.6.real117.i204.exit_crit_edge, i32 %mux_case_29061840, void %real117.i204.case.1, i32 %mux_case_29061840, void %real117.i204.case.2, i32 %mux_case_29061840, void %real117.i204.case.3, i32 %mux_case_29061840, void %real117.i204.case.4, i32 %mux_case_29061840, void %real117.i204.case.5, i32 %mux_case_29061840, void %real117.i204.case.6"   --->   Operation 710 'phi' 'mux_case_21071' <Predicate = (icmp_ln119)> <Delay = 0.00>
ST_44 : Operation 711 [1/1] (0.00ns)   --->   "%mux_case_11070 = phi i32 %mux_case_19051836, void %real117.i204.case.3275, i32 %mux_case_19051836, void %real117.i204.case.1273, i32 %mux_case_19051836, void %real117.i204.case.3269, i32 %mux_case_19051836, void %real117.i204.case.1267, i32 %mux_case_19051836, void %real117.i204.case.3263, i32 %R_real_1, void %real117.i204.case.1261, i32 %mux_case_19051836, void %real117.i204.case.3257, i32 %mux_case_19051836, void %real117.i204.case.1255, i32 %mux_case_19051836, void %real117.i204.case.3251, i32 %mux_case_19051836, void %real117.i204.case.1249, i32 %mux_case_19051836, void %real117.i204.case.3281, i32 %mux_case_19051836, void %real117.i204.case.1279, i32 %mux_case_19051836, void %real117.i204.case.1.real117.i204.exit_crit_edge, i32 %mux_case_19051836, void %real117.i204.case.2.real117.i204.exit_crit_edge, i32 %mux_case_19051836, void %real117.i204.case.3.real117.i204.exit_crit_edge, i32 %mux_case_19051836, void %real117.i204.case.4.real117.i204.exit_crit_edge, i32 %mux_case_19051836, void %real117.i204.case.5.real117.i204.exit_crit_edge, i32 %mux_case_19051836, void %real117.i204.case.6.real117.i204.exit_crit_edge, i32 %mux_case_19051836, void %real117.i204.case.1, i32 %mux_case_19051836, void %real117.i204.case.2, i32 %mux_case_19051836, void %real117.i204.case.3, i32 %mux_case_19051836, void %real117.i204.case.4, i32 %mux_case_19051836, void %real117.i204.case.5, i32 %mux_case_19051836, void %real117.i204.case.6"   --->   Operation 711 'phi' 'mux_case_11070' <Predicate = (icmp_ln119)> <Delay = 0.00>
ST_44 : Operation 712 [1/1] (0.00ns)   --->   "%mux_case_31067 = phi i32 %mux_case_39021828, void %real117.i204.case.3275, i32 %mux_case_39021828, void %real117.i204.case.1273, i32 %mux_case_39021828, void %real117.i204.case.3269, i32 %mux_case_39021828, void %real117.i204.case.1267, i32 %mux_case_39021828, void %real117.i204.case.3263, i32 %mux_case_39021828, void %real117.i204.case.1261, i32 %R_real_1, void %real117.i204.case.3257, i32 %mux_case_39021828, void %real117.i204.case.1255, i32 %mux_case_39021828, void %real117.i204.case.3251, i32 %mux_case_39021828, void %real117.i204.case.1249, i32 %mux_case_39021828, void %real117.i204.case.3281, i32 %mux_case_39021828, void %real117.i204.case.1279, i32 %mux_case_39021828, void %real117.i204.case.1.real117.i204.exit_crit_edge, i32 %mux_case_39021828, void %real117.i204.case.2.real117.i204.exit_crit_edge, i32 %mux_case_39021828, void %real117.i204.case.3.real117.i204.exit_crit_edge, i32 %mux_case_39021828, void %real117.i204.case.4.real117.i204.exit_crit_edge, i32 %mux_case_39021828, void %real117.i204.case.5.real117.i204.exit_crit_edge, i32 %mux_case_39021828, void %real117.i204.case.6.real117.i204.exit_crit_edge, i32 %mux_case_39021828, void %real117.i204.case.1, i32 %mux_case_39021828, void %real117.i204.case.2, i32 %mux_case_39021828, void %real117.i204.case.3, i32 %mux_case_39021828, void %real117.i204.case.4, i32 %mux_case_39021828, void %real117.i204.case.5, i32 %mux_case_39021828, void %real117.i204.case.6"   --->   Operation 712 'phi' 'mux_case_31067' <Predicate = (icmp_ln119)> <Delay = 0.00>
ST_44 : Operation 713 [1/1] (0.00ns)   --->   "%mux_case_21066 = phi i32 %mux_case_29011824, void %real117.i204.case.3275, i32 %mux_case_29011824, void %real117.i204.case.1273, i32 %mux_case_29011824, void %real117.i204.case.3269, i32 %mux_case_29011824, void %real117.i204.case.1267, i32 %mux_case_29011824, void %real117.i204.case.3263, i32 %mux_case_29011824, void %real117.i204.case.1261, i32 %mux_case_29011824, void %real117.i204.case.3257, i32 %mux_case_29011824, void %real117.i204.case.1255, i32 %mux_case_29011824, void %real117.i204.case.3251, i32 %mux_case_29011824, void %real117.i204.case.1249, i32 %mux_case_29011824, void %real117.i204.case.3281, i32 %mux_case_29011824, void %real117.i204.case.1279, i32 %mux_case_29011824, void %real117.i204.case.1.real117.i204.exit_crit_edge, i32 %R_real_1, void %real117.i204.case.2.real117.i204.exit_crit_edge, i32 %mux_case_29011824, void %real117.i204.case.3.real117.i204.exit_crit_edge, i32 %mux_case_29011824, void %real117.i204.case.4.real117.i204.exit_crit_edge, i32 %mux_case_29011824, void %real117.i204.case.5.real117.i204.exit_crit_edge, i32 %mux_case_29011824, void %real117.i204.case.6.real117.i204.exit_crit_edge, i32 %mux_case_29011824, void %real117.i204.case.1, i32 %mux_case_29011824, void %real117.i204.case.2, i32 %mux_case_29011824, void %real117.i204.case.3, i32 %mux_case_29011824, void %real117.i204.case.4, i32 %mux_case_29011824, void %real117.i204.case.5, i32 %mux_case_29011824, void %real117.i204.case.6"   --->   Operation 713 'phi' 'mux_case_21066' <Predicate = (icmp_ln119)> <Delay = 0.00>
ST_44 : Operation 714 [1/1] (0.00ns)   --->   "%mux_case_11065 = phi i32 %mux_case_19001820, void %real117.i204.case.3275, i32 %mux_case_19001820, void %real117.i204.case.1273, i32 %mux_case_19001820, void %real117.i204.case.3269, i32 %mux_case_19001820, void %real117.i204.case.1267, i32 %mux_case_19001820, void %real117.i204.case.3263, i32 %mux_case_19001820, void %real117.i204.case.1261, i32 %mux_case_19001820, void %real117.i204.case.3257, i32 %R_real_1, void %real117.i204.case.1255, i32 %mux_case_19001820, void %real117.i204.case.3251, i32 %mux_case_19001820, void %real117.i204.case.1249, i32 %mux_case_19001820, void %real117.i204.case.3281, i32 %mux_case_19001820, void %real117.i204.case.1279, i32 %mux_case_19001820, void %real117.i204.case.1.real117.i204.exit_crit_edge, i32 %mux_case_19001820, void %real117.i204.case.2.real117.i204.exit_crit_edge, i32 %mux_case_19001820, void %real117.i204.case.3.real117.i204.exit_crit_edge, i32 %mux_case_19001820, void %real117.i204.case.4.real117.i204.exit_crit_edge, i32 %mux_case_19001820, void %real117.i204.case.5.real117.i204.exit_crit_edge, i32 %mux_case_19001820, void %real117.i204.case.6.real117.i204.exit_crit_edge, i32 %mux_case_19001820, void %real117.i204.case.1, i32 %mux_case_19001820, void %real117.i204.case.2, i32 %mux_case_19001820, void %real117.i204.case.3, i32 %mux_case_19001820, void %real117.i204.case.4, i32 %mux_case_19001820, void %real117.i204.case.5, i32 %mux_case_19001820, void %real117.i204.case.6"   --->   Operation 714 'phi' 'mux_case_11065' <Predicate = (icmp_ln119)> <Delay = 0.00>
ST_44 : Operation 715 [1/1] (0.00ns)   --->   "%mux_case_31062 = phi i32 %mux_case_38971812, void %real117.i204.case.3275, i32 %mux_case_38971812, void %real117.i204.case.1273, i32 %mux_case_38971812, void %real117.i204.case.3269, i32 %mux_case_38971812, void %real117.i204.case.1267, i32 %mux_case_38971812, void %real117.i204.case.3263, i32 %mux_case_38971812, void %real117.i204.case.1261, i32 %mux_case_38971812, void %real117.i204.case.3257, i32 %mux_case_38971812, void %real117.i204.case.1255, i32 %R_real_1, void %real117.i204.case.3251, i32 %mux_case_38971812, void %real117.i204.case.1249, i32 %mux_case_38971812, void %real117.i204.case.3281, i32 %mux_case_38971812, void %real117.i204.case.1279, i32 %mux_case_38971812, void %real117.i204.case.1.real117.i204.exit_crit_edge, i32 %mux_case_38971812, void %real117.i204.case.2.real117.i204.exit_crit_edge, i32 %mux_case_38971812, void %real117.i204.case.3.real117.i204.exit_crit_edge, i32 %mux_case_38971812, void %real117.i204.case.4.real117.i204.exit_crit_edge, i32 %mux_case_38971812, void %real117.i204.case.5.real117.i204.exit_crit_edge, i32 %mux_case_38971812, void %real117.i204.case.6.real117.i204.exit_crit_edge, i32 %mux_case_38971812, void %real117.i204.case.1, i32 %mux_case_38971812, void %real117.i204.case.2, i32 %mux_case_38971812, void %real117.i204.case.3, i32 %mux_case_38971812, void %real117.i204.case.4, i32 %mux_case_38971812, void %real117.i204.case.5, i32 %mux_case_38971812, void %real117.i204.case.6"   --->   Operation 715 'phi' 'mux_case_31062' <Predicate = (icmp_ln119)> <Delay = 0.00>
ST_44 : Operation 716 [1/1] (0.00ns)   --->   "%mux_case_21061 = phi i32 %mux_case_28961808, void %real117.i204.case.3275, i32 %mux_case_28961808, void %real117.i204.case.1273, i32 %mux_case_28961808, void %real117.i204.case.3269, i32 %mux_case_28961808, void %real117.i204.case.1267, i32 %mux_case_28961808, void %real117.i204.case.3263, i32 %mux_case_28961808, void %real117.i204.case.1261, i32 %mux_case_28961808, void %real117.i204.case.3257, i32 %mux_case_28961808, void %real117.i204.case.1255, i32 %mux_case_28961808, void %real117.i204.case.3251, i32 %mux_case_28961808, void %real117.i204.case.1249, i32 %mux_case_28961808, void %real117.i204.case.3281, i32 %mux_case_28961808, void %real117.i204.case.1279, i32 %R_real_1, void %real117.i204.case.1.real117.i204.exit_crit_edge, i32 %mux_case_28961808, void %real117.i204.case.2.real117.i204.exit_crit_edge, i32 %mux_case_28961808, void %real117.i204.case.3.real117.i204.exit_crit_edge, i32 %mux_case_28961808, void %real117.i204.case.4.real117.i204.exit_crit_edge, i32 %mux_case_28961808, void %real117.i204.case.5.real117.i204.exit_crit_edge, i32 %mux_case_28961808, void %real117.i204.case.6.real117.i204.exit_crit_edge, i32 %mux_case_28961808, void %real117.i204.case.1, i32 %mux_case_28961808, void %real117.i204.case.2, i32 %mux_case_28961808, void %real117.i204.case.3, i32 %mux_case_28961808, void %real117.i204.case.4, i32 %mux_case_28961808, void %real117.i204.case.5, i32 %mux_case_28961808, void %real117.i204.case.6"   --->   Operation 716 'phi' 'mux_case_21061' <Predicate = (icmp_ln119)> <Delay = 0.00>
ST_44 : Operation 717 [1/1] (0.00ns)   --->   "%mux_case_11060 = phi i32 %mux_case_18951804, void %real117.i204.case.3275, i32 %mux_case_18951804, void %real117.i204.case.1273, i32 %mux_case_18951804, void %real117.i204.case.3269, i32 %mux_case_18951804, void %real117.i204.case.1267, i32 %mux_case_18951804, void %real117.i204.case.3263, i32 %mux_case_18951804, void %real117.i204.case.1261, i32 %mux_case_18951804, void %real117.i204.case.3257, i32 %mux_case_18951804, void %real117.i204.case.1255, i32 %mux_case_18951804, void %real117.i204.case.3251, i32 %R_real_1, void %real117.i204.case.1249, i32 %mux_case_18951804, void %real117.i204.case.3281, i32 %mux_case_18951804, void %real117.i204.case.1279, i32 %mux_case_18951804, void %real117.i204.case.1.real117.i204.exit_crit_edge, i32 %mux_case_18951804, void %real117.i204.case.2.real117.i204.exit_crit_edge, i32 %mux_case_18951804, void %real117.i204.case.3.real117.i204.exit_crit_edge, i32 %mux_case_18951804, void %real117.i204.case.4.real117.i204.exit_crit_edge, i32 %mux_case_18951804, void %real117.i204.case.5.real117.i204.exit_crit_edge, i32 %mux_case_18951804, void %real117.i204.case.6.real117.i204.exit_crit_edge, i32 %mux_case_18951804, void %real117.i204.case.1, i32 %mux_case_18951804, void %real117.i204.case.2, i32 %mux_case_18951804, void %real117.i204.case.3, i32 %mux_case_18951804, void %real117.i204.case.4, i32 %mux_case_18951804, void %real117.i204.case.5, i32 %mux_case_18951804, void %real117.i204.case.6"   --->   Operation 717 'phi' 'mux_case_11060' <Predicate = (icmp_ln119)> <Delay = 0.00>
ST_44 : Operation 718 [1/1] (0.00ns)   --->   "%mux_case_39471972 = phi i32 %mux_case_3143_load, void %imag5.i203.case.3311, i32 %mux_case_3143_load, void %imag5.i203.case.1309, i32 %mux_case_3143_load, void %imag5.i203.case.3305, i32 %mux_case_3143_load, void %imag5.i203.case.1303, i32 %mux_case_3143_load, void %imag5.i203.case.3299, i32 %mux_case_3143_load, void %imag5.i203.case.1297, i32 %mux_case_3143_load, void %imag5.i203.case.3293, i32 %mux_case_3143_load, void %imag5.i203.case.1291, i32 %mux_case_3143_load, void %imag5.i203.case.3287, i32 %R_imag, void %imag5.i203.case.3317, i32 %mux_case_3143_load, void %imag5.i203.case.1315, i32 %mux_case_3143_load, void %imag5.i203.case.0.imag5.i203.exit_crit_edge, i32 %mux_case_3143_load, void %imag5.i203.case.1.imag5.i203.exit_crit_edge, i32 %mux_case_3143_load, void %imag5.i203.case.2.imag5.i203.exit_crit_edge, i32 %mux_case_3143_load, void %imag5.i203.case.3.imag5.i203.exit_crit_edge, i32 %mux_case_3143_load, void %imag5.i203.case.4.imag5.i203.exit_crit_edge, i32 %mux_case_3143_load, void %imag5.i203.case.5.imag5.i203.exit_crit_edge, i32 %mux_case_3143_load, void %imag5.i203.case.0.imag5.i203.exit_crit_edge179, i32 %mux_case_3143_load, void %imag5.i203.case.1, i32 %mux_case_3143_load, void %imag5.i203.case.2, i32 %mux_case_3143_load, void %imag5.i203.case.3, i32 %mux_case_3143_load, void %imag5.i203.case.4, i32 %mux_case_3143_load, void %imag5.i203.case.5, i32 %mux_case_3143_load, void %imag5.i203.case.0"   --->   Operation 718 'phi' 'mux_case_39471972' <Predicate = (icmp_ln119)> <Delay = 0.00>
ST_44 : Operation 719 [1/1] (0.00ns)   --->   "%mux_case_29461968 = phi i32 %mux_case_2142_load, void %imag5.i203.case.3311, i32 %mux_case_2142_load, void %imag5.i203.case.1309, i32 %mux_case_2142_load, void %imag5.i203.case.3305, i32 %mux_case_2142_load, void %imag5.i203.case.1303, i32 %mux_case_2142_load, void %imag5.i203.case.3299, i32 %mux_case_2142_load, void %imag5.i203.case.1297, i32 %mux_case_2142_load, void %imag5.i203.case.3293, i32 %mux_case_2142_load, void %imag5.i203.case.1291, i32 %mux_case_2142_load, void %imag5.i203.case.3287, i32 %mux_case_2142_load, void %imag5.i203.case.3317, i32 %mux_case_2142_load, void %imag5.i203.case.1315, i32 %mux_case_2142_load, void %imag5.i203.case.0.imag5.i203.exit_crit_edge, i32 %mux_case_2142_load, void %imag5.i203.case.1.imag5.i203.exit_crit_edge, i32 %mux_case_2142_load, void %imag5.i203.case.2.imag5.i203.exit_crit_edge, i32 %mux_case_2142_load, void %imag5.i203.case.3.imag5.i203.exit_crit_edge, i32 %mux_case_2142_load, void %imag5.i203.case.4.imag5.i203.exit_crit_edge, i32 %R_imag, void %imag5.i203.case.5.imag5.i203.exit_crit_edge, i32 %mux_case_2142_load, void %imag5.i203.case.0.imag5.i203.exit_crit_edge179, i32 %mux_case_2142_load, void %imag5.i203.case.1, i32 %mux_case_2142_load, void %imag5.i203.case.2, i32 %mux_case_2142_load, void %imag5.i203.case.3, i32 %mux_case_2142_load, void %imag5.i203.case.4, i32 %mux_case_2142_load, void %imag5.i203.case.5, i32 %mux_case_2142_load, void %imag5.i203.case.0"   --->   Operation 719 'phi' 'mux_case_29461968' <Predicate = (icmp_ln119)> <Delay = 0.00>
ST_44 : Operation 720 [1/1] (0.00ns)   --->   "%mux_case_19451964 = phi i32 %mux_case_1141_load, void %imag5.i203.case.3311, i32 %mux_case_1141_load, void %imag5.i203.case.1309, i32 %mux_case_1141_load, void %imag5.i203.case.3305, i32 %mux_case_1141_load, void %imag5.i203.case.1303, i32 %mux_case_1141_load, void %imag5.i203.case.3299, i32 %mux_case_1141_load, void %imag5.i203.case.1297, i32 %mux_case_1141_load, void %imag5.i203.case.3293, i32 %mux_case_1141_load, void %imag5.i203.case.1291, i32 %mux_case_1141_load, void %imag5.i203.case.3287, i32 %mux_case_1141_load, void %imag5.i203.case.3317, i32 %R_imag, void %imag5.i203.case.1315, i32 %mux_case_1141_load, void %imag5.i203.case.0.imag5.i203.exit_crit_edge, i32 %mux_case_1141_load, void %imag5.i203.case.1.imag5.i203.exit_crit_edge, i32 %mux_case_1141_load, void %imag5.i203.case.2.imag5.i203.exit_crit_edge, i32 %mux_case_1141_load, void %imag5.i203.case.3.imag5.i203.exit_crit_edge, i32 %mux_case_1141_load, void %imag5.i203.case.4.imag5.i203.exit_crit_edge, i32 %mux_case_1141_load, void %imag5.i203.case.5.imag5.i203.exit_crit_edge, i32 %mux_case_1141_load, void %imag5.i203.case.0.imag5.i203.exit_crit_edge179, i32 %mux_case_1141_load, void %imag5.i203.case.1, i32 %mux_case_1141_load, void %imag5.i203.case.2, i32 %mux_case_1141_load, void %imag5.i203.case.3, i32 %mux_case_1141_load, void %imag5.i203.case.4, i32 %mux_case_1141_load, void %imag5.i203.case.5, i32 %mux_case_1141_load, void %imag5.i203.case.0"   --->   Operation 720 'phi' 'mux_case_19451964' <Predicate = (icmp_ln119)> <Delay = 0.00>
ST_44 : Operation 721 [1/1] (0.00ns)   --->   "%mux_case_09441960 = phi i32 %mux_case_0140_load, void %imag5.i203.case.3311, i32 %mux_case_0140_load, void %imag5.i203.case.1309, i32 %mux_case_0140_load, void %imag5.i203.case.3305, i32 %mux_case_0140_load, void %imag5.i203.case.1303, i32 %mux_case_0140_load, void %imag5.i203.case.3299, i32 %mux_case_0140_load, void %imag5.i203.case.1297, i32 %mux_case_0140_load, void %imag5.i203.case.3293, i32 %mux_case_0140_load, void %imag5.i203.case.1291, i32 %mux_case_0140_load, void %imag5.i203.case.3287, i32 %mux_case_0140_load, void %imag5.i203.case.3317, i32 %mux_case_0140_load, void %imag5.i203.case.1315, i32 %mux_case_0140_load, void %imag5.i203.case.0.imag5.i203.exit_crit_edge, i32 %mux_case_0140_load, void %imag5.i203.case.1.imag5.i203.exit_crit_edge, i32 %mux_case_0140_load, void %imag5.i203.case.2.imag5.i203.exit_crit_edge, i32 %mux_case_0140_load, void %imag5.i203.case.3.imag5.i203.exit_crit_edge, i32 %mux_case_0140_load, void %imag5.i203.case.4.imag5.i203.exit_crit_edge, i32 %mux_case_0140_load, void %imag5.i203.case.5.imag5.i203.exit_crit_edge, i32 %mux_case_0140_load, void %imag5.i203.case.0.imag5.i203.exit_crit_edge179, i32 %mux_case_0140_load, void %imag5.i203.case.1, i32 %mux_case_0140_load, void %imag5.i203.case.2, i32 %mux_case_0140_load, void %imag5.i203.case.3, i32 %mux_case_0140_load, void %imag5.i203.case.4, i32 %R_imag, void %imag5.i203.case.5, i32 %mux_case_0140_load, void %imag5.i203.case.0"   --->   Operation 721 'phi' 'mux_case_09441960' <Predicate = (icmp_ln119)> <Delay = 0.00>
ST_44 : Operation 722 [1/1] (0.00ns)   --->   "%mux_case_39421956 = phi i32 %R_imag, void %imag5.i203.case.3311, i32 %mux_case_3138_load, void %imag5.i203.case.1309, i32 %mux_case_3138_load, void %imag5.i203.case.3305, i32 %mux_case_3138_load, void %imag5.i203.case.1303, i32 %mux_case_3138_load, void %imag5.i203.case.3299, i32 %mux_case_3138_load, void %imag5.i203.case.1297, i32 %mux_case_3138_load, void %imag5.i203.case.3293, i32 %mux_case_3138_load, void %imag5.i203.case.1291, i32 %mux_case_3138_load, void %imag5.i203.case.3287, i32 %mux_case_3138_load, void %imag5.i203.case.3317, i32 %mux_case_3138_load, void %imag5.i203.case.1315, i32 %mux_case_3138_load, void %imag5.i203.case.0.imag5.i203.exit_crit_edge, i32 %mux_case_3138_load, void %imag5.i203.case.1.imag5.i203.exit_crit_edge, i32 %mux_case_3138_load, void %imag5.i203.case.2.imag5.i203.exit_crit_edge, i32 %mux_case_3138_load, void %imag5.i203.case.3.imag5.i203.exit_crit_edge, i32 %mux_case_3138_load, void %imag5.i203.case.4.imag5.i203.exit_crit_edge, i32 %mux_case_3138_load, void %imag5.i203.case.5.imag5.i203.exit_crit_edge, i32 %mux_case_3138_load, void %imag5.i203.case.0.imag5.i203.exit_crit_edge179, i32 %mux_case_3138_load, void %imag5.i203.case.1, i32 %mux_case_3138_load, void %imag5.i203.case.2, i32 %mux_case_3138_load, void %imag5.i203.case.3, i32 %mux_case_3138_load, void %imag5.i203.case.4, i32 %mux_case_3138_load, void %imag5.i203.case.5, i32 %mux_case_3138_load, void %imag5.i203.case.0"   --->   Operation 722 'phi' 'mux_case_39421956' <Predicate = (icmp_ln119)> <Delay = 0.00>
ST_44 : Operation 723 [1/1] (0.00ns)   --->   "%mux_case_29411952 = phi i32 %mux_case_2137_load, void %imag5.i203.case.3311, i32 %mux_case_2137_load, void %imag5.i203.case.1309, i32 %mux_case_2137_load, void %imag5.i203.case.3305, i32 %mux_case_2137_load, void %imag5.i203.case.1303, i32 %mux_case_2137_load, void %imag5.i203.case.3299, i32 %mux_case_2137_load, void %imag5.i203.case.1297, i32 %mux_case_2137_load, void %imag5.i203.case.3293, i32 %mux_case_2137_load, void %imag5.i203.case.1291, i32 %mux_case_2137_load, void %imag5.i203.case.3287, i32 %mux_case_2137_load, void %imag5.i203.case.3317, i32 %mux_case_2137_load, void %imag5.i203.case.1315, i32 %mux_case_2137_load, void %imag5.i203.case.0.imag5.i203.exit_crit_edge, i32 %mux_case_2137_load, void %imag5.i203.case.1.imag5.i203.exit_crit_edge, i32 %mux_case_2137_load, void %imag5.i203.case.2.imag5.i203.exit_crit_edge, i32 %mux_case_2137_load, void %imag5.i203.case.3.imag5.i203.exit_crit_edge, i32 %R_imag, void %imag5.i203.case.4.imag5.i203.exit_crit_edge, i32 %mux_case_2137_load, void %imag5.i203.case.5.imag5.i203.exit_crit_edge, i32 %mux_case_2137_load, void %imag5.i203.case.0.imag5.i203.exit_crit_edge179, i32 %mux_case_2137_load, void %imag5.i203.case.1, i32 %mux_case_2137_load, void %imag5.i203.case.2, i32 %mux_case_2137_load, void %imag5.i203.case.3, i32 %mux_case_2137_load, void %imag5.i203.case.4, i32 %mux_case_2137_load, void %imag5.i203.case.5, i32 %mux_case_2137_load, void %imag5.i203.case.0"   --->   Operation 723 'phi' 'mux_case_29411952' <Predicate = (icmp_ln119)> <Delay = 0.00>
ST_44 : Operation 724 [1/1] (0.00ns)   --->   "%mux_case_19401948 = phi i32 %mux_case_1136_load, void %imag5.i203.case.3311, i32 %R_imag, void %imag5.i203.case.1309, i32 %mux_case_1136_load, void %imag5.i203.case.3305, i32 %mux_case_1136_load, void %imag5.i203.case.1303, i32 %mux_case_1136_load, void %imag5.i203.case.3299, i32 %mux_case_1136_load, void %imag5.i203.case.1297, i32 %mux_case_1136_load, void %imag5.i203.case.3293, i32 %mux_case_1136_load, void %imag5.i203.case.1291, i32 %mux_case_1136_load, void %imag5.i203.case.3287, i32 %mux_case_1136_load, void %imag5.i203.case.3317, i32 %mux_case_1136_load, void %imag5.i203.case.1315, i32 %mux_case_1136_load, void %imag5.i203.case.0.imag5.i203.exit_crit_edge, i32 %mux_case_1136_load, void %imag5.i203.case.1.imag5.i203.exit_crit_edge, i32 %mux_case_1136_load, void %imag5.i203.case.2.imag5.i203.exit_crit_edge, i32 %mux_case_1136_load, void %imag5.i203.case.3.imag5.i203.exit_crit_edge, i32 %mux_case_1136_load, void %imag5.i203.case.4.imag5.i203.exit_crit_edge, i32 %mux_case_1136_load, void %imag5.i203.case.5.imag5.i203.exit_crit_edge, i32 %mux_case_1136_load, void %imag5.i203.case.0.imag5.i203.exit_crit_edge179, i32 %mux_case_1136_load, void %imag5.i203.case.1, i32 %mux_case_1136_load, void %imag5.i203.case.2, i32 %mux_case_1136_load, void %imag5.i203.case.3, i32 %mux_case_1136_load, void %imag5.i203.case.4, i32 %mux_case_1136_load, void %imag5.i203.case.5, i32 %mux_case_1136_load, void %imag5.i203.case.0"   --->   Operation 724 'phi' 'mux_case_19401948' <Predicate = (icmp_ln119)> <Delay = 0.00>
ST_44 : Operation 725 [1/1] (0.00ns)   --->   "%mux_case_09391944 = phi i32 %mux_case_0135_load, void %imag5.i203.case.3311, i32 %mux_case_0135_load, void %imag5.i203.case.1309, i32 %mux_case_0135_load, void %imag5.i203.case.3305, i32 %mux_case_0135_load, void %imag5.i203.case.1303, i32 %mux_case_0135_load, void %imag5.i203.case.3299, i32 %mux_case_0135_load, void %imag5.i203.case.1297, i32 %mux_case_0135_load, void %imag5.i203.case.3293, i32 %mux_case_0135_load, void %imag5.i203.case.1291, i32 %mux_case_0135_load, void %imag5.i203.case.3287, i32 %mux_case_0135_load, void %imag5.i203.case.3317, i32 %mux_case_0135_load, void %imag5.i203.case.1315, i32 %mux_case_0135_load, void %imag5.i203.case.0.imag5.i203.exit_crit_edge, i32 %mux_case_0135_load, void %imag5.i203.case.1.imag5.i203.exit_crit_edge, i32 %mux_case_0135_load, void %imag5.i203.case.2.imag5.i203.exit_crit_edge, i32 %mux_case_0135_load, void %imag5.i203.case.3.imag5.i203.exit_crit_edge, i32 %mux_case_0135_load, void %imag5.i203.case.4.imag5.i203.exit_crit_edge, i32 %mux_case_0135_load, void %imag5.i203.case.5.imag5.i203.exit_crit_edge, i32 %mux_case_0135_load, void %imag5.i203.case.0.imag5.i203.exit_crit_edge179, i32 %mux_case_0135_load, void %imag5.i203.case.1, i32 %mux_case_0135_load, void %imag5.i203.case.2, i32 %mux_case_0135_load, void %imag5.i203.case.3, i32 %R_imag, void %imag5.i203.case.4, i32 %mux_case_0135_load, void %imag5.i203.case.5, i32 %mux_case_0135_load, void %imag5.i203.case.0"   --->   Operation 725 'phi' 'mux_case_09391944' <Predicate = (icmp_ln119)> <Delay = 0.00>
ST_44 : Operation 726 [1/1] (0.00ns)   --->   "%mux_case_39371940 = phi i32 %mux_case_3133_load, void %imag5.i203.case.3311, i32 %mux_case_3133_load, void %imag5.i203.case.1309, i32 %R_imag, void %imag5.i203.case.3305, i32 %mux_case_3133_load, void %imag5.i203.case.1303, i32 %mux_case_3133_load, void %imag5.i203.case.3299, i32 %mux_case_3133_load, void %imag5.i203.case.1297, i32 %mux_case_3133_load, void %imag5.i203.case.3293, i32 %mux_case_3133_load, void %imag5.i203.case.1291, i32 %mux_case_3133_load, void %imag5.i203.case.3287, i32 %mux_case_3133_load, void %imag5.i203.case.3317, i32 %mux_case_3133_load, void %imag5.i203.case.1315, i32 %mux_case_3133_load, void %imag5.i203.case.0.imag5.i203.exit_crit_edge, i32 %mux_case_3133_load, void %imag5.i203.case.1.imag5.i203.exit_crit_edge, i32 %mux_case_3133_load, void %imag5.i203.case.2.imag5.i203.exit_crit_edge, i32 %mux_case_3133_load, void %imag5.i203.case.3.imag5.i203.exit_crit_edge, i32 %mux_case_3133_load, void %imag5.i203.case.4.imag5.i203.exit_crit_edge, i32 %mux_case_3133_load, void %imag5.i203.case.5.imag5.i203.exit_crit_edge, i32 %mux_case_3133_load, void %imag5.i203.case.0.imag5.i203.exit_crit_edge179, i32 %mux_case_3133_load, void %imag5.i203.case.1, i32 %mux_case_3133_load, void %imag5.i203.case.2, i32 %mux_case_3133_load, void %imag5.i203.case.3, i32 %mux_case_3133_load, void %imag5.i203.case.4, i32 %mux_case_3133_load, void %imag5.i203.case.5, i32 %mux_case_3133_load, void %imag5.i203.case.0"   --->   Operation 726 'phi' 'mux_case_39371940' <Predicate = (icmp_ln119)> <Delay = 0.00>
ST_44 : Operation 727 [1/1] (0.00ns)   --->   "%mux_case_29361936 = phi i32 %mux_case_2132_load, void %imag5.i203.case.3311, i32 %mux_case_2132_load, void %imag5.i203.case.1309, i32 %mux_case_2132_load, void %imag5.i203.case.3305, i32 %mux_case_2132_load, void %imag5.i203.case.1303, i32 %mux_case_2132_load, void %imag5.i203.case.3299, i32 %mux_case_2132_load, void %imag5.i203.case.1297, i32 %mux_case_2132_load, void %imag5.i203.case.3293, i32 %mux_case_2132_load, void %imag5.i203.case.1291, i32 %mux_case_2132_load, void %imag5.i203.case.3287, i32 %mux_case_2132_load, void %imag5.i203.case.3317, i32 %mux_case_2132_load, void %imag5.i203.case.1315, i32 %mux_case_2132_load, void %imag5.i203.case.0.imag5.i203.exit_crit_edge, i32 %mux_case_2132_load, void %imag5.i203.case.1.imag5.i203.exit_crit_edge, i32 %mux_case_2132_load, void %imag5.i203.case.2.imag5.i203.exit_crit_edge, i32 %R_imag, void %imag5.i203.case.3.imag5.i203.exit_crit_edge, i32 %mux_case_2132_load, void %imag5.i203.case.4.imag5.i203.exit_crit_edge, i32 %mux_case_2132_load, void %imag5.i203.case.5.imag5.i203.exit_crit_edge, i32 %mux_case_2132_load, void %imag5.i203.case.0.imag5.i203.exit_crit_edge179, i32 %mux_case_2132_load, void %imag5.i203.case.1, i32 %mux_case_2132_load, void %imag5.i203.case.2, i32 %mux_case_2132_load, void %imag5.i203.case.3, i32 %mux_case_2132_load, void %imag5.i203.case.4, i32 %mux_case_2132_load, void %imag5.i203.case.5, i32 %mux_case_2132_load, void %imag5.i203.case.0"   --->   Operation 727 'phi' 'mux_case_29361936' <Predicate = (icmp_ln119)> <Delay = 0.00>
ST_44 : Operation 728 [1/1] (0.00ns)   --->   "%mux_case_19351932 = phi i32 %mux_case_1131_load, void %imag5.i203.case.3311, i32 %mux_case_1131_load, void %imag5.i203.case.1309, i32 %mux_case_1131_load, void %imag5.i203.case.3305, i32 %R_imag, void %imag5.i203.case.1303, i32 %mux_case_1131_load, void %imag5.i203.case.3299, i32 %mux_case_1131_load, void %imag5.i203.case.1297, i32 %mux_case_1131_load, void %imag5.i203.case.3293, i32 %mux_case_1131_load, void %imag5.i203.case.1291, i32 %mux_case_1131_load, void %imag5.i203.case.3287, i32 %mux_case_1131_load, void %imag5.i203.case.3317, i32 %mux_case_1131_load, void %imag5.i203.case.1315, i32 %mux_case_1131_load, void %imag5.i203.case.0.imag5.i203.exit_crit_edge, i32 %mux_case_1131_load, void %imag5.i203.case.1.imag5.i203.exit_crit_edge, i32 %mux_case_1131_load, void %imag5.i203.case.2.imag5.i203.exit_crit_edge, i32 %mux_case_1131_load, void %imag5.i203.case.3.imag5.i203.exit_crit_edge, i32 %mux_case_1131_load, void %imag5.i203.case.4.imag5.i203.exit_crit_edge, i32 %mux_case_1131_load, void %imag5.i203.case.5.imag5.i203.exit_crit_edge, i32 %mux_case_1131_load, void %imag5.i203.case.0.imag5.i203.exit_crit_edge179, i32 %mux_case_1131_load, void %imag5.i203.case.1, i32 %mux_case_1131_load, void %imag5.i203.case.2, i32 %mux_case_1131_load, void %imag5.i203.case.3, i32 %mux_case_1131_load, void %imag5.i203.case.4, i32 %mux_case_1131_load, void %imag5.i203.case.5, i32 %mux_case_1131_load, void %imag5.i203.case.0"   --->   Operation 728 'phi' 'mux_case_19351932' <Predicate = (icmp_ln119)> <Delay = 0.00>
ST_44 : Operation 729 [1/1] (0.00ns)   --->   "%mux_case_09341928 = phi i32 %mux_case_0130_load, void %imag5.i203.case.3311, i32 %mux_case_0130_load, void %imag5.i203.case.1309, i32 %mux_case_0130_load, void %imag5.i203.case.3305, i32 %mux_case_0130_load, void %imag5.i203.case.1303, i32 %mux_case_0130_load, void %imag5.i203.case.3299, i32 %mux_case_0130_load, void %imag5.i203.case.1297, i32 %mux_case_0130_load, void %imag5.i203.case.3293, i32 %mux_case_0130_load, void %imag5.i203.case.1291, i32 %mux_case_0130_load, void %imag5.i203.case.3287, i32 %mux_case_0130_load, void %imag5.i203.case.3317, i32 %mux_case_0130_load, void %imag5.i203.case.1315, i32 %mux_case_0130_load, void %imag5.i203.case.0.imag5.i203.exit_crit_edge, i32 %mux_case_0130_load, void %imag5.i203.case.1.imag5.i203.exit_crit_edge, i32 %mux_case_0130_load, void %imag5.i203.case.2.imag5.i203.exit_crit_edge, i32 %mux_case_0130_load, void %imag5.i203.case.3.imag5.i203.exit_crit_edge, i32 %mux_case_0130_load, void %imag5.i203.case.4.imag5.i203.exit_crit_edge, i32 %mux_case_0130_load, void %imag5.i203.case.5.imag5.i203.exit_crit_edge, i32 %mux_case_0130_load, void %imag5.i203.case.0.imag5.i203.exit_crit_edge179, i32 %mux_case_0130_load, void %imag5.i203.case.1, i32 %mux_case_0130_load, void %imag5.i203.case.2, i32 %R_imag, void %imag5.i203.case.3, i32 %mux_case_0130_load, void %imag5.i203.case.4, i32 %mux_case_0130_load, void %imag5.i203.case.5, i32 %mux_case_0130_load, void %imag5.i203.case.0"   --->   Operation 729 'phi' 'mux_case_09341928' <Predicate = (icmp_ln119)> <Delay = 0.00>
ST_44 : Operation 730 [1/1] (0.00ns)   --->   "%mux_case_39321924 = phi i32 %mux_case_3128_load, void %imag5.i203.case.3311, i32 %mux_case_3128_load, void %imag5.i203.case.1309, i32 %mux_case_3128_load, void %imag5.i203.case.3305, i32 %mux_case_3128_load, void %imag5.i203.case.1303, i32 %R_imag, void %imag5.i203.case.3299, i32 %mux_case_3128_load, void %imag5.i203.case.1297, i32 %mux_case_3128_load, void %imag5.i203.case.3293, i32 %mux_case_3128_load, void %imag5.i203.case.1291, i32 %mux_case_3128_load, void %imag5.i203.case.3287, i32 %mux_case_3128_load, void %imag5.i203.case.3317, i32 %mux_case_3128_load, void %imag5.i203.case.1315, i32 %mux_case_3128_load, void %imag5.i203.case.0.imag5.i203.exit_crit_edge, i32 %mux_case_3128_load, void %imag5.i203.case.1.imag5.i203.exit_crit_edge, i32 %mux_case_3128_load, void %imag5.i203.case.2.imag5.i203.exit_crit_edge, i32 %mux_case_3128_load, void %imag5.i203.case.3.imag5.i203.exit_crit_edge, i32 %mux_case_3128_load, void %imag5.i203.case.4.imag5.i203.exit_crit_edge, i32 %mux_case_3128_load, void %imag5.i203.case.5.imag5.i203.exit_crit_edge, i32 %mux_case_3128_load, void %imag5.i203.case.0.imag5.i203.exit_crit_edge179, i32 %mux_case_3128_load, void %imag5.i203.case.1, i32 %mux_case_3128_load, void %imag5.i203.case.2, i32 %mux_case_3128_load, void %imag5.i203.case.3, i32 %mux_case_3128_load, void %imag5.i203.case.4, i32 %mux_case_3128_load, void %imag5.i203.case.5, i32 %mux_case_3128_load, void %imag5.i203.case.0"   --->   Operation 730 'phi' 'mux_case_39321924' <Predicate = (icmp_ln119)> <Delay = 0.00>
ST_44 : Operation 731 [1/1] (0.00ns)   --->   "%mux_case_29311920 = phi i32 %mux_case_2127_load, void %imag5.i203.case.3311, i32 %mux_case_2127_load, void %imag5.i203.case.1309, i32 %mux_case_2127_load, void %imag5.i203.case.3305, i32 %mux_case_2127_load, void %imag5.i203.case.1303, i32 %mux_case_2127_load, void %imag5.i203.case.3299, i32 %mux_case_2127_load, void %imag5.i203.case.1297, i32 %mux_case_2127_load, void %imag5.i203.case.3293, i32 %mux_case_2127_load, void %imag5.i203.case.1291, i32 %mux_case_2127_load, void %imag5.i203.case.3287, i32 %mux_case_2127_load, void %imag5.i203.case.3317, i32 %mux_case_2127_load, void %imag5.i203.case.1315, i32 %mux_case_2127_load, void %imag5.i203.case.0.imag5.i203.exit_crit_edge, i32 %mux_case_2127_load, void %imag5.i203.case.1.imag5.i203.exit_crit_edge, i32 %R_imag, void %imag5.i203.case.2.imag5.i203.exit_crit_edge, i32 %mux_case_2127_load, void %imag5.i203.case.3.imag5.i203.exit_crit_edge, i32 %mux_case_2127_load, void %imag5.i203.case.4.imag5.i203.exit_crit_edge, i32 %mux_case_2127_load, void %imag5.i203.case.5.imag5.i203.exit_crit_edge, i32 %mux_case_2127_load, void %imag5.i203.case.0.imag5.i203.exit_crit_edge179, i32 %mux_case_2127_load, void %imag5.i203.case.1, i32 %mux_case_2127_load, void %imag5.i203.case.2, i32 %mux_case_2127_load, void %imag5.i203.case.3, i32 %mux_case_2127_load, void %imag5.i203.case.4, i32 %mux_case_2127_load, void %imag5.i203.case.5, i32 %mux_case_2127_load, void %imag5.i203.case.0"   --->   Operation 731 'phi' 'mux_case_29311920' <Predicate = (icmp_ln119)> <Delay = 0.00>
ST_44 : Operation 732 [1/1] (0.00ns)   --->   "%mux_case_19301916 = phi i32 %mux_case_1126_load, void %imag5.i203.case.3311, i32 %mux_case_1126_load, void %imag5.i203.case.1309, i32 %mux_case_1126_load, void %imag5.i203.case.3305, i32 %mux_case_1126_load, void %imag5.i203.case.1303, i32 %mux_case_1126_load, void %imag5.i203.case.3299, i32 %R_imag, void %imag5.i203.case.1297, i32 %mux_case_1126_load, void %imag5.i203.case.3293, i32 %mux_case_1126_load, void %imag5.i203.case.1291, i32 %mux_case_1126_load, void %imag5.i203.case.3287, i32 %mux_case_1126_load, void %imag5.i203.case.3317, i32 %mux_case_1126_load, void %imag5.i203.case.1315, i32 %mux_case_1126_load, void %imag5.i203.case.0.imag5.i203.exit_crit_edge, i32 %mux_case_1126_load, void %imag5.i203.case.1.imag5.i203.exit_crit_edge, i32 %mux_case_1126_load, void %imag5.i203.case.2.imag5.i203.exit_crit_edge, i32 %mux_case_1126_load, void %imag5.i203.case.3.imag5.i203.exit_crit_edge, i32 %mux_case_1126_load, void %imag5.i203.case.4.imag5.i203.exit_crit_edge, i32 %mux_case_1126_load, void %imag5.i203.case.5.imag5.i203.exit_crit_edge, i32 %mux_case_1126_load, void %imag5.i203.case.0.imag5.i203.exit_crit_edge179, i32 %mux_case_1126_load, void %imag5.i203.case.1, i32 %mux_case_1126_load, void %imag5.i203.case.2, i32 %mux_case_1126_load, void %imag5.i203.case.3, i32 %mux_case_1126_load, void %imag5.i203.case.4, i32 %mux_case_1126_load, void %imag5.i203.case.5, i32 %mux_case_1126_load, void %imag5.i203.case.0"   --->   Operation 732 'phi' 'mux_case_19301916' <Predicate = (icmp_ln119)> <Delay = 0.00>
ST_44 : Operation 733 [1/1] (0.00ns)   --->   "%mux_case_09291912 = phi i32 %mux_case_0125_load, void %imag5.i203.case.3311, i32 %mux_case_0125_load, void %imag5.i203.case.1309, i32 %mux_case_0125_load, void %imag5.i203.case.3305, i32 %mux_case_0125_load, void %imag5.i203.case.1303, i32 %mux_case_0125_load, void %imag5.i203.case.3299, i32 %mux_case_0125_load, void %imag5.i203.case.1297, i32 %mux_case_0125_load, void %imag5.i203.case.3293, i32 %mux_case_0125_load, void %imag5.i203.case.1291, i32 %mux_case_0125_load, void %imag5.i203.case.3287, i32 %mux_case_0125_load, void %imag5.i203.case.3317, i32 %mux_case_0125_load, void %imag5.i203.case.1315, i32 %mux_case_0125_load, void %imag5.i203.case.0.imag5.i203.exit_crit_edge, i32 %mux_case_0125_load, void %imag5.i203.case.1.imag5.i203.exit_crit_edge, i32 %mux_case_0125_load, void %imag5.i203.case.2.imag5.i203.exit_crit_edge, i32 %mux_case_0125_load, void %imag5.i203.case.3.imag5.i203.exit_crit_edge, i32 %mux_case_0125_load, void %imag5.i203.case.4.imag5.i203.exit_crit_edge, i32 %mux_case_0125_load, void %imag5.i203.case.5.imag5.i203.exit_crit_edge, i32 %mux_case_0125_load, void %imag5.i203.case.0.imag5.i203.exit_crit_edge179, i32 %mux_case_0125_load, void %imag5.i203.case.1, i32 %R_imag, void %imag5.i203.case.2, i32 %mux_case_0125_load, void %imag5.i203.case.3, i32 %mux_case_0125_load, void %imag5.i203.case.4, i32 %mux_case_0125_load, void %imag5.i203.case.5, i32 %mux_case_0125_load, void %imag5.i203.case.0"   --->   Operation 733 'phi' 'mux_case_09291912' <Predicate = (icmp_ln119)> <Delay = 0.00>
ST_44 : Operation 734 [1/1] (0.00ns)   --->   "%mux_case_39271908 = phi i32 %mux_case_3123_load, void %imag5.i203.case.3311, i32 %mux_case_3123_load, void %imag5.i203.case.1309, i32 %mux_case_3123_load, void %imag5.i203.case.3305, i32 %mux_case_3123_load, void %imag5.i203.case.1303, i32 %mux_case_3123_load, void %imag5.i203.case.3299, i32 %mux_case_3123_load, void %imag5.i203.case.1297, i32 %R_imag, void %imag5.i203.case.3293, i32 %mux_case_3123_load, void %imag5.i203.case.1291, i32 %mux_case_3123_load, void %imag5.i203.case.3287, i32 %mux_case_3123_load, void %imag5.i203.case.3317, i32 %mux_case_3123_load, void %imag5.i203.case.1315, i32 %mux_case_3123_load, void %imag5.i203.case.0.imag5.i203.exit_crit_edge, i32 %mux_case_3123_load, void %imag5.i203.case.1.imag5.i203.exit_crit_edge, i32 %mux_case_3123_load, void %imag5.i203.case.2.imag5.i203.exit_crit_edge, i32 %mux_case_3123_load, void %imag5.i203.case.3.imag5.i203.exit_crit_edge, i32 %mux_case_3123_load, void %imag5.i203.case.4.imag5.i203.exit_crit_edge, i32 %mux_case_3123_load, void %imag5.i203.case.5.imag5.i203.exit_crit_edge, i32 %mux_case_3123_load, void %imag5.i203.case.0.imag5.i203.exit_crit_edge179, i32 %mux_case_3123_load, void %imag5.i203.case.1, i32 %mux_case_3123_load, void %imag5.i203.case.2, i32 %mux_case_3123_load, void %imag5.i203.case.3, i32 %mux_case_3123_load, void %imag5.i203.case.4, i32 %mux_case_3123_load, void %imag5.i203.case.5, i32 %mux_case_3123_load, void %imag5.i203.case.0"   --->   Operation 734 'phi' 'mux_case_39271908' <Predicate = (icmp_ln119)> <Delay = 0.00>
ST_44 : Operation 735 [1/1] (0.00ns)   --->   "%mux_case_29261904 = phi i32 %mux_case_2122_load, void %imag5.i203.case.3311, i32 %mux_case_2122_load, void %imag5.i203.case.1309, i32 %mux_case_2122_load, void %imag5.i203.case.3305, i32 %mux_case_2122_load, void %imag5.i203.case.1303, i32 %mux_case_2122_load, void %imag5.i203.case.3299, i32 %mux_case_2122_load, void %imag5.i203.case.1297, i32 %mux_case_2122_load, void %imag5.i203.case.3293, i32 %mux_case_2122_load, void %imag5.i203.case.1291, i32 %mux_case_2122_load, void %imag5.i203.case.3287, i32 %mux_case_2122_load, void %imag5.i203.case.3317, i32 %mux_case_2122_load, void %imag5.i203.case.1315, i32 %mux_case_2122_load, void %imag5.i203.case.0.imag5.i203.exit_crit_edge, i32 %R_imag, void %imag5.i203.case.1.imag5.i203.exit_crit_edge, i32 %mux_case_2122_load, void %imag5.i203.case.2.imag5.i203.exit_crit_edge, i32 %mux_case_2122_load, void %imag5.i203.case.3.imag5.i203.exit_crit_edge, i32 %mux_case_2122_load, void %imag5.i203.case.4.imag5.i203.exit_crit_edge, i32 %mux_case_2122_load, void %imag5.i203.case.5.imag5.i203.exit_crit_edge, i32 %mux_case_2122_load, void %imag5.i203.case.0.imag5.i203.exit_crit_edge179, i32 %mux_case_2122_load, void %imag5.i203.case.1, i32 %mux_case_2122_load, void %imag5.i203.case.2, i32 %mux_case_2122_load, void %imag5.i203.case.3, i32 %mux_case_2122_load, void %imag5.i203.case.4, i32 %mux_case_2122_load, void %imag5.i203.case.5, i32 %mux_case_2122_load, void %imag5.i203.case.0"   --->   Operation 735 'phi' 'mux_case_29261904' <Predicate = (icmp_ln119)> <Delay = 0.00>
ST_44 : Operation 736 [1/1] (0.00ns)   --->   "%mux_case_19251900 = phi i32 %mux_case_1121_load, void %imag5.i203.case.3311, i32 %mux_case_1121_load, void %imag5.i203.case.1309, i32 %mux_case_1121_load, void %imag5.i203.case.3305, i32 %mux_case_1121_load, void %imag5.i203.case.1303, i32 %mux_case_1121_load, void %imag5.i203.case.3299, i32 %mux_case_1121_load, void %imag5.i203.case.1297, i32 %mux_case_1121_load, void %imag5.i203.case.3293, i32 %R_imag, void %imag5.i203.case.1291, i32 %mux_case_1121_load, void %imag5.i203.case.3287, i32 %mux_case_1121_load, void %imag5.i203.case.3317, i32 %mux_case_1121_load, void %imag5.i203.case.1315, i32 %mux_case_1121_load, void %imag5.i203.case.0.imag5.i203.exit_crit_edge, i32 %mux_case_1121_load, void %imag5.i203.case.1.imag5.i203.exit_crit_edge, i32 %mux_case_1121_load, void %imag5.i203.case.2.imag5.i203.exit_crit_edge, i32 %mux_case_1121_load, void %imag5.i203.case.3.imag5.i203.exit_crit_edge, i32 %mux_case_1121_load, void %imag5.i203.case.4.imag5.i203.exit_crit_edge, i32 %mux_case_1121_load, void %imag5.i203.case.5.imag5.i203.exit_crit_edge, i32 %mux_case_1121_load, void %imag5.i203.case.0.imag5.i203.exit_crit_edge179, i32 %mux_case_1121_load, void %imag5.i203.case.1, i32 %mux_case_1121_load, void %imag5.i203.case.2, i32 %mux_case_1121_load, void %imag5.i203.case.3, i32 %mux_case_1121_load, void %imag5.i203.case.4, i32 %mux_case_1121_load, void %imag5.i203.case.5, i32 %mux_case_1121_load, void %imag5.i203.case.0"   --->   Operation 736 'phi' 'mux_case_19251900' <Predicate = (icmp_ln119)> <Delay = 0.00>
ST_44 : Operation 737 [1/1] (0.00ns)   --->   "%mux_case_09241896 = phi i32 %mux_case_0120_load, void %imag5.i203.case.3311, i32 %mux_case_0120_load, void %imag5.i203.case.1309, i32 %mux_case_0120_load, void %imag5.i203.case.3305, i32 %mux_case_0120_load, void %imag5.i203.case.1303, i32 %mux_case_0120_load, void %imag5.i203.case.3299, i32 %mux_case_0120_load, void %imag5.i203.case.1297, i32 %mux_case_0120_load, void %imag5.i203.case.3293, i32 %mux_case_0120_load, void %imag5.i203.case.1291, i32 %mux_case_0120_load, void %imag5.i203.case.3287, i32 %mux_case_0120_load, void %imag5.i203.case.3317, i32 %mux_case_0120_load, void %imag5.i203.case.1315, i32 %mux_case_0120_load, void %imag5.i203.case.0.imag5.i203.exit_crit_edge, i32 %mux_case_0120_load, void %imag5.i203.case.1.imag5.i203.exit_crit_edge, i32 %mux_case_0120_load, void %imag5.i203.case.2.imag5.i203.exit_crit_edge, i32 %mux_case_0120_load, void %imag5.i203.case.3.imag5.i203.exit_crit_edge, i32 %mux_case_0120_load, void %imag5.i203.case.4.imag5.i203.exit_crit_edge, i32 %mux_case_0120_load, void %imag5.i203.case.5.imag5.i203.exit_crit_edge, i32 %mux_case_0120_load, void %imag5.i203.case.0.imag5.i203.exit_crit_edge179, i32 %R_imag, void %imag5.i203.case.1, i32 %mux_case_0120_load, void %imag5.i203.case.2, i32 %mux_case_0120_load, void %imag5.i203.case.3, i32 %mux_case_0120_load, void %imag5.i203.case.4, i32 %mux_case_0120_load, void %imag5.i203.case.5, i32 %mux_case_0120_load, void %imag5.i203.case.0"   --->   Operation 737 'phi' 'mux_case_09241896' <Predicate = (icmp_ln119)> <Delay = 0.00>
ST_44 : Operation 738 [1/1] (0.00ns)   --->   "%mux_case_39221892 = phi i32 %mux_case_3118_load, void %imag5.i203.case.3311, i32 %mux_case_3118_load, void %imag5.i203.case.1309, i32 %mux_case_3118_load, void %imag5.i203.case.3305, i32 %mux_case_3118_load, void %imag5.i203.case.1303, i32 %mux_case_3118_load, void %imag5.i203.case.3299, i32 %mux_case_3118_load, void %imag5.i203.case.1297, i32 %mux_case_3118_load, void %imag5.i203.case.3293, i32 %mux_case_3118_load, void %imag5.i203.case.1291, i32 %R_imag, void %imag5.i203.case.3287, i32 %mux_case_3118_load, void %imag5.i203.case.3317, i32 %mux_case_3118_load, void %imag5.i203.case.1315, i32 %mux_case_3118_load, void %imag5.i203.case.0.imag5.i203.exit_crit_edge, i32 %mux_case_3118_load, void %imag5.i203.case.1.imag5.i203.exit_crit_edge, i32 %mux_case_3118_load, void %imag5.i203.case.2.imag5.i203.exit_crit_edge, i32 %mux_case_3118_load, void %imag5.i203.case.3.imag5.i203.exit_crit_edge, i32 %mux_case_3118_load, void %imag5.i203.case.4.imag5.i203.exit_crit_edge, i32 %mux_case_3118_load, void %imag5.i203.case.5.imag5.i203.exit_crit_edge, i32 %mux_case_3118_load, void %imag5.i203.case.0.imag5.i203.exit_crit_edge179, i32 %mux_case_3118_load, void %imag5.i203.case.1, i32 %mux_case_3118_load, void %imag5.i203.case.2, i32 %mux_case_3118_load, void %imag5.i203.case.3, i32 %mux_case_3118_load, void %imag5.i203.case.4, i32 %mux_case_3118_load, void %imag5.i203.case.5, i32 %mux_case_3118_load, void %imag5.i203.case.0"   --->   Operation 738 'phi' 'mux_case_39221892' <Predicate = (icmp_ln119)> <Delay = 0.00>
ST_44 : Operation 739 [1/1] (0.00ns)   --->   "%mux_case_29211888 = phi i32 %mux_case_2117_load, void %imag5.i203.case.3311, i32 %mux_case_2117_load, void %imag5.i203.case.1309, i32 %mux_case_2117_load, void %imag5.i203.case.3305, i32 %mux_case_2117_load, void %imag5.i203.case.1303, i32 %mux_case_2117_load, void %imag5.i203.case.3299, i32 %mux_case_2117_load, void %imag5.i203.case.1297, i32 %mux_case_2117_load, void %imag5.i203.case.3293, i32 %mux_case_2117_load, void %imag5.i203.case.1291, i32 %mux_case_2117_load, void %imag5.i203.case.3287, i32 %mux_case_2117_load, void %imag5.i203.case.3317, i32 %mux_case_2117_load, void %imag5.i203.case.1315, i32 %R_imag, void %imag5.i203.case.0.imag5.i203.exit_crit_edge, i32 %mux_case_2117_load, void %imag5.i203.case.1.imag5.i203.exit_crit_edge, i32 %mux_case_2117_load, void %imag5.i203.case.2.imag5.i203.exit_crit_edge, i32 %mux_case_2117_load, void %imag5.i203.case.3.imag5.i203.exit_crit_edge, i32 %mux_case_2117_load, void %imag5.i203.case.4.imag5.i203.exit_crit_edge, i32 %mux_case_2117_load, void %imag5.i203.case.5.imag5.i203.exit_crit_edge, i32 %mux_case_2117_load, void %imag5.i203.case.0.imag5.i203.exit_crit_edge179, i32 %mux_case_2117_load, void %imag5.i203.case.1, i32 %mux_case_2117_load, void %imag5.i203.case.2, i32 %mux_case_2117_load, void %imag5.i203.case.3, i32 %mux_case_2117_load, void %imag5.i203.case.4, i32 %mux_case_2117_load, void %imag5.i203.case.5, i32 %mux_case_2117_load, void %imag5.i203.case.0"   --->   Operation 739 'phi' 'mux_case_29211888' <Predicate = (icmp_ln119)> <Delay = 0.00>
ST_44 : Operation 740 [1/1] (0.00ns)   --->   "%mux_case_19201884 = phi i32 %mux_case_1116_load, void %imag5.i203.case.3311, i32 %mux_case_1116_load, void %imag5.i203.case.1309, i32 %mux_case_1116_load, void %imag5.i203.case.3305, i32 %mux_case_1116_load, void %imag5.i203.case.1303, i32 %mux_case_1116_load, void %imag5.i203.case.3299, i32 %mux_case_1116_load, void %imag5.i203.case.1297, i32 %mux_case_1116_load, void %imag5.i203.case.3293, i32 %mux_case_1116_load, void %imag5.i203.case.1291, i32 %mux_case_1116_load, void %imag5.i203.case.3287, i32 %mux_case_1116_load, void %imag5.i203.case.3317, i32 %mux_case_1116_load, void %imag5.i203.case.1315, i32 %mux_case_1116_load, void %imag5.i203.case.0.imag5.i203.exit_crit_edge, i32 %mux_case_1116_load, void %imag5.i203.case.1.imag5.i203.exit_crit_edge, i32 %mux_case_1116_load, void %imag5.i203.case.2.imag5.i203.exit_crit_edge, i32 %mux_case_1116_load, void %imag5.i203.case.3.imag5.i203.exit_crit_edge, i32 %mux_case_1116_load, void %imag5.i203.case.4.imag5.i203.exit_crit_edge, i32 %mux_case_1116_load, void %imag5.i203.case.5.imag5.i203.exit_crit_edge, i32 %mux_case_1116_load, void %imag5.i203.case.0.imag5.i203.exit_crit_edge179, i32 %mux_case_1116_load, void %imag5.i203.case.1, i32 %mux_case_1116_load, void %imag5.i203.case.2, i32 %mux_case_1116_load, void %imag5.i203.case.3, i32 %mux_case_1116_load, void %imag5.i203.case.4, i32 %mux_case_1116_load, void %imag5.i203.case.5, i32 %R_imag, void %imag5.i203.case.0"   --->   Operation 740 'phi' 'mux_case_19201884' <Predicate = (icmp_ln119)> <Delay = 0.00>
ST_44 : Operation 741 [1/1] (0.73ns)   --->   "%switch_ln46 = switch i3 %i_1, void %imag169.i205.case.6, i3 5, void %imag169.i205.case.5, i3 1, void %imag169.i205.case.1, i3 2, void %imag169.i205.case.2, i3 3, void %imag169.i205.case.3, i3 4, void %imag169.i205.case.4" [top_cmplx.cpp:46->top_cmplx.cpp:146]   --->   Operation 741 'switch' 'switch_ln46' <Predicate = (icmp_ln119)> <Delay = 0.73>
ST_44 : Operation 742 [1/1] (0.73ns)   --->   "%switch_ln46 = switch i2 %tmp_18, void %imag169.i205.case.3347, i2 0, void %imag169.i205.exit, i2 1, void %imag169.i205.case.1345, i2 2, void %imag169.i205.case.4.imag169.i205.exit_crit_edge" [top_cmplx.cpp:46->top_cmplx.cpp:146]   --->   Operation 742 'switch' 'switch_ln46' <Predicate = (icmp_ln119 & i_1 == 4)> <Delay = 0.73>
ST_44 : Operation 743 [1/1] (0.42ns)   --->   "%br_ln46 = br void %imag169.i205.exit" [top_cmplx.cpp:46->top_cmplx.cpp:146]   --->   Operation 743 'br' 'br_ln46' <Predicate = (icmp_ln119 & i_1 == 4 & tmp_18 == 2)> <Delay = 0.42>
ST_44 : Operation 744 [1/1] (0.42ns)   --->   "%br_ln46 = br void %imag169.i205.exit" [top_cmplx.cpp:46->top_cmplx.cpp:146]   --->   Operation 744 'br' 'br_ln46' <Predicate = (icmp_ln119 & i_1 == 4 & tmp_18 == 1)> <Delay = 0.42>
ST_44 : Operation 745 [1/1] (0.42ns)   --->   "%br_ln46 = br void %imag169.i205.exit" [top_cmplx.cpp:46->top_cmplx.cpp:146]   --->   Operation 745 'br' 'br_ln46' <Predicate = (icmp_ln119 & i_1 == 4 & tmp_18 == 3)> <Delay = 0.42>
ST_44 : Operation 746 [1/1] (0.73ns)   --->   "%switch_ln46 = switch i2 %tmp_18, void %imag169.i205.case.3341, i2 0, void %imag169.i205.exit, i2 1, void %imag169.i205.case.1339, i2 2, void %imag169.i205.case.3.imag169.i205.exit_crit_edge" [top_cmplx.cpp:46->top_cmplx.cpp:146]   --->   Operation 746 'switch' 'switch_ln46' <Predicate = (icmp_ln119 & i_1 == 3)> <Delay = 0.73>
ST_44 : Operation 747 [1/1] (0.42ns)   --->   "%br_ln46 = br void %imag169.i205.exit" [top_cmplx.cpp:46->top_cmplx.cpp:146]   --->   Operation 747 'br' 'br_ln46' <Predicate = (icmp_ln119 & i_1 == 3 & tmp_18 == 2)> <Delay = 0.42>
ST_44 : Operation 748 [1/1] (0.42ns)   --->   "%br_ln46 = br void %imag169.i205.exit" [top_cmplx.cpp:46->top_cmplx.cpp:146]   --->   Operation 748 'br' 'br_ln46' <Predicate = (icmp_ln119 & i_1 == 3 & tmp_18 == 1)> <Delay = 0.42>
ST_44 : Operation 749 [1/1] (0.42ns)   --->   "%br_ln46 = br void %imag169.i205.exit" [top_cmplx.cpp:46->top_cmplx.cpp:146]   --->   Operation 749 'br' 'br_ln46' <Predicate = (icmp_ln119 & i_1 == 3 & tmp_18 == 3)> <Delay = 0.42>
ST_44 : Operation 750 [1/1] (0.73ns)   --->   "%switch_ln46 = switch i2 %tmp_18, void %imag169.i205.case.3335, i2 0, void %imag169.i205.exit, i2 1, void %imag169.i205.case.1333, i2 2, void %imag169.i205.case.2.imag169.i205.exit_crit_edge" [top_cmplx.cpp:46->top_cmplx.cpp:146]   --->   Operation 750 'switch' 'switch_ln46' <Predicate = (icmp_ln119 & i_1 == 2)> <Delay = 0.73>
ST_44 : Operation 751 [1/1] (0.42ns)   --->   "%br_ln46 = br void %imag169.i205.exit" [top_cmplx.cpp:46->top_cmplx.cpp:146]   --->   Operation 751 'br' 'br_ln46' <Predicate = (icmp_ln119 & i_1 == 2 & tmp_18 == 2)> <Delay = 0.42>
ST_44 : Operation 752 [1/1] (0.42ns)   --->   "%br_ln46 = br void %imag169.i205.exit" [top_cmplx.cpp:46->top_cmplx.cpp:146]   --->   Operation 752 'br' 'br_ln46' <Predicate = (icmp_ln119 & i_1 == 2 & tmp_18 == 1)> <Delay = 0.42>
ST_44 : Operation 753 [1/1] (0.42ns)   --->   "%br_ln46 = br void %imag169.i205.exit" [top_cmplx.cpp:46->top_cmplx.cpp:146]   --->   Operation 753 'br' 'br_ln46' <Predicate = (icmp_ln119 & i_1 == 2 & tmp_18 == 3)> <Delay = 0.42>
ST_44 : Operation 754 [1/1] (0.73ns)   --->   "%switch_ln46 = switch i2 %tmp_18, void %imag169.i205.case.3329, i2 0, void %imag169.i205.exit, i2 1, void %imag169.i205.case.1327, i2 2, void %imag169.i205.case.1.imag169.i205.exit_crit_edge" [top_cmplx.cpp:46->top_cmplx.cpp:146]   --->   Operation 754 'switch' 'switch_ln46' <Predicate = (icmp_ln119 & i_1 == 1)> <Delay = 0.73>
ST_44 : Operation 755 [1/1] (0.42ns)   --->   "%br_ln46 = br void %imag169.i205.exit" [top_cmplx.cpp:46->top_cmplx.cpp:146]   --->   Operation 755 'br' 'br_ln46' <Predicate = (icmp_ln119 & i_1 == 1 & tmp_18 == 2)> <Delay = 0.42>
ST_44 : Operation 756 [1/1] (0.42ns)   --->   "%br_ln46 = br void %imag169.i205.exit" [top_cmplx.cpp:46->top_cmplx.cpp:146]   --->   Operation 756 'br' 'br_ln46' <Predicate = (icmp_ln119 & i_1 == 1 & tmp_18 == 1)> <Delay = 0.42>
ST_44 : Operation 757 [1/1] (0.42ns)   --->   "%br_ln46 = br void %imag169.i205.exit" [top_cmplx.cpp:46->top_cmplx.cpp:146]   --->   Operation 757 'br' 'br_ln46' <Predicate = (icmp_ln119 & i_1 == 1 & tmp_18 == 3)> <Delay = 0.42>
ST_44 : Operation 758 [1/1] (0.73ns)   --->   "%switch_ln46 = switch i2 %tmp_18, void %imag169.i205.case.3353, i2 0, void %imag169.i205.exit, i2 1, void %imag169.i205.case.1351, i2 2, void %imag169.i205.case.5.imag169.i205.exit_crit_edge" [top_cmplx.cpp:46->top_cmplx.cpp:146]   --->   Operation 758 'switch' 'switch_ln46' <Predicate = (icmp_ln119 & i_1 == 5)> <Delay = 0.73>
ST_44 : Operation 759 [1/1] (0.42ns)   --->   "%br_ln46 = br void %imag169.i205.exit" [top_cmplx.cpp:46->top_cmplx.cpp:146]   --->   Operation 759 'br' 'br_ln46' <Predicate = (icmp_ln119 & i_1 == 5 & tmp_18 == 2)> <Delay = 0.42>
ST_44 : Operation 760 [1/1] (0.42ns)   --->   "%br_ln46 = br void %imag169.i205.exit" [top_cmplx.cpp:46->top_cmplx.cpp:146]   --->   Operation 760 'br' 'br_ln46' <Predicate = (icmp_ln119 & i_1 == 5 & tmp_18 == 1)> <Delay = 0.42>
ST_44 : Operation 761 [1/1] (0.42ns)   --->   "%br_ln46 = br void %imag169.i205.exit" [top_cmplx.cpp:46->top_cmplx.cpp:146]   --->   Operation 761 'br' 'br_ln46' <Predicate = (icmp_ln119 & i_1 == 5 & tmp_18 == 3)> <Delay = 0.42>
ST_44 : Operation 762 [1/1] (0.73ns)   --->   "%switch_ln46 = switch i2 %tmp_18, void %imag169.i205.case.3359, i2 0, void %imag169.i205.exit, i2 1, void %imag169.i205.case.1357, i2 2, void %imag169.i205.case.6.imag169.i205.exit_crit_edge" [top_cmplx.cpp:46->top_cmplx.cpp:146]   --->   Operation 762 'switch' 'switch_ln46' <Predicate = (icmp_ln119 & i_1 != 1 & i_1 != 2 & i_1 != 3 & i_1 != 4 & i_1 != 5)> <Delay = 0.73>
ST_44 : Operation 763 [1/1] (0.42ns)   --->   "%br_ln46 = br void %imag169.i205.exit" [top_cmplx.cpp:46->top_cmplx.cpp:146]   --->   Operation 763 'br' 'br_ln46' <Predicate = (icmp_ln119 & i_1 != 1 & i_1 != 2 & i_1 != 3 & i_1 != 4 & i_1 != 5 & tmp_18 == 2)> <Delay = 0.42>
ST_44 : Operation 764 [1/1] (0.42ns)   --->   "%br_ln46 = br void %imag169.i205.exit" [top_cmplx.cpp:46->top_cmplx.cpp:146]   --->   Operation 764 'br' 'br_ln46' <Predicate = (icmp_ln119 & i_1 != 1 & i_1 != 2 & i_1 != 3 & i_1 != 4 & i_1 != 5 & tmp_18 == 1)> <Delay = 0.42>
ST_44 : Operation 765 [1/1] (0.42ns)   --->   "%br_ln46 = br void %imag169.i205.exit" [top_cmplx.cpp:46->top_cmplx.cpp:146]   --->   Operation 765 'br' 'br_ln46' <Predicate = (icmp_ln119 & i_1 != 1 & i_1 != 2 & i_1 != 3 & i_1 != 4 & i_1 != 5 & tmp_18 == 3)> <Delay = 0.42>
ST_44 : Operation 766 [1/1] (0.00ns)   --->   "%mux_case_31536 = phi i32 %mux_case_3202_load, void %imag169.i205.case.3353, i32 %mux_case_3202_load, void %imag169.i205.case.1351, i32 %mux_case_3202_load, void %imag169.i205.case.3347, i32 %mux_case_3202_load, void %imag169.i205.case.1345, i32 %mux_case_3202_load, void %imag169.i205.case.3341, i32 %mux_case_3202_load, void %imag169.i205.case.1339, i32 %mux_case_3202_load, void %imag169.i205.case.3335, i32 %mux_case_3202_load, void %imag169.i205.case.1333, i32 %mux_case_3202_load, void %imag169.i205.case.3329, i32 %mux_case_3202_load, void %imag169.i205.case.1327, i32 %R_imag_1, void %imag169.i205.case.3359, i32 %mux_case_3202_load, void %imag169.i205.case.1357, i32 %mux_case_3202_load, void %imag169.i205.case.1.imag169.i205.exit_crit_edge, i32 %mux_case_3202_load, void %imag169.i205.case.2.imag169.i205.exit_crit_edge, i32 %mux_case_3202_load, void %imag169.i205.case.3.imag169.i205.exit_crit_edge, i32 %mux_case_3202_load, void %imag169.i205.case.4.imag169.i205.exit_crit_edge, i32 %mux_case_3202_load, void %imag169.i205.case.5.imag169.i205.exit_crit_edge, i32 %mux_case_3202_load, void %imag169.i205.case.6.imag169.i205.exit_crit_edge, i32 %mux_case_3202_load, void %imag169.i205.case.1, i32 %mux_case_3202_load, void %imag169.i205.case.2, i32 %mux_case_3202_load, void %imag169.i205.case.3, i32 %mux_case_3202_load, void %imag169.i205.case.4, i32 %mux_case_3202_load, void %imag169.i205.case.5, i32 %mux_case_3202_load, void %imag169.i205.case.6"   --->   Operation 766 'phi' 'mux_case_31536' <Predicate = (icmp_ln119)> <Delay = 0.00>
ST_44 : Operation 767 [1/1] (0.00ns)   --->   "%mux_case_21535 = phi i32 %mux_case_2201_load, void %imag169.i205.case.3353, i32 %mux_case_2201_load, void %imag169.i205.case.1351, i32 %mux_case_2201_load, void %imag169.i205.case.3347, i32 %mux_case_2201_load, void %imag169.i205.case.1345, i32 %mux_case_2201_load, void %imag169.i205.case.3341, i32 %mux_case_2201_load, void %imag169.i205.case.1339, i32 %mux_case_2201_load, void %imag169.i205.case.3335, i32 %mux_case_2201_load, void %imag169.i205.case.1333, i32 %mux_case_2201_load, void %imag169.i205.case.3329, i32 %mux_case_2201_load, void %imag169.i205.case.1327, i32 %mux_case_2201_load, void %imag169.i205.case.3359, i32 %mux_case_2201_load, void %imag169.i205.case.1357, i32 %mux_case_2201_load, void %imag169.i205.case.1.imag169.i205.exit_crit_edge, i32 %mux_case_2201_load, void %imag169.i205.case.2.imag169.i205.exit_crit_edge, i32 %mux_case_2201_load, void %imag169.i205.case.3.imag169.i205.exit_crit_edge, i32 %mux_case_2201_load, void %imag169.i205.case.4.imag169.i205.exit_crit_edge, i32 %mux_case_2201_load, void %imag169.i205.case.5.imag169.i205.exit_crit_edge, i32 %R_imag_1, void %imag169.i205.case.6.imag169.i205.exit_crit_edge, i32 %mux_case_2201_load, void %imag169.i205.case.1, i32 %mux_case_2201_load, void %imag169.i205.case.2, i32 %mux_case_2201_load, void %imag169.i205.case.3, i32 %mux_case_2201_load, void %imag169.i205.case.4, i32 %mux_case_2201_load, void %imag169.i205.case.5, i32 %mux_case_2201_load, void %imag169.i205.case.6"   --->   Operation 767 'phi' 'mux_case_21535' <Predicate = (icmp_ln119)> <Delay = 0.00>
ST_44 : Operation 768 [1/1] (0.00ns)   --->   "%mux_case_11534 = phi i32 %mux_case_1200_load, void %imag169.i205.case.3353, i32 %mux_case_1200_load, void %imag169.i205.case.1351, i32 %mux_case_1200_load, void %imag169.i205.case.3347, i32 %mux_case_1200_load, void %imag169.i205.case.1345, i32 %mux_case_1200_load, void %imag169.i205.case.3341, i32 %mux_case_1200_load, void %imag169.i205.case.1339, i32 %mux_case_1200_load, void %imag169.i205.case.3335, i32 %mux_case_1200_load, void %imag169.i205.case.1333, i32 %mux_case_1200_load, void %imag169.i205.case.3329, i32 %mux_case_1200_load, void %imag169.i205.case.1327, i32 %mux_case_1200_load, void %imag169.i205.case.3359, i32 %R_imag_1, void %imag169.i205.case.1357, i32 %mux_case_1200_load, void %imag169.i205.case.1.imag169.i205.exit_crit_edge, i32 %mux_case_1200_load, void %imag169.i205.case.2.imag169.i205.exit_crit_edge, i32 %mux_case_1200_load, void %imag169.i205.case.3.imag169.i205.exit_crit_edge, i32 %mux_case_1200_load, void %imag169.i205.case.4.imag169.i205.exit_crit_edge, i32 %mux_case_1200_load, void %imag169.i205.case.5.imag169.i205.exit_crit_edge, i32 %mux_case_1200_load, void %imag169.i205.case.6.imag169.i205.exit_crit_edge, i32 %mux_case_1200_load, void %imag169.i205.case.1, i32 %mux_case_1200_load, void %imag169.i205.case.2, i32 %mux_case_1200_load, void %imag169.i205.case.3, i32 %mux_case_1200_load, void %imag169.i205.case.4, i32 %mux_case_1200_load, void %imag169.i205.case.5, i32 %mux_case_1200_load, void %imag169.i205.case.6"   --->   Operation 768 'phi' 'mux_case_11534' <Predicate = (icmp_ln119)> <Delay = 0.00>
ST_44 : Operation 769 [1/1] (0.00ns)   --->   "%mux_case_31531 = phi i32 %R_imag_1, void %imag169.i205.case.3353, i32 %mux_case_39471972, void %imag169.i205.case.1351, i32 %mux_case_39471972, void %imag169.i205.case.3347, i32 %mux_case_39471972, void %imag169.i205.case.1345, i32 %mux_case_39471972, void %imag169.i205.case.3341, i32 %mux_case_39471972, void %imag169.i205.case.1339, i32 %mux_case_39471972, void %imag169.i205.case.3335, i32 %mux_case_39471972, void %imag169.i205.case.1333, i32 %mux_case_39471972, void %imag169.i205.case.3329, i32 %mux_case_39471972, void %imag169.i205.case.1327, i32 %mux_case_39471972, void %imag169.i205.case.3359, i32 %mux_case_39471972, void %imag169.i205.case.1357, i32 %mux_case_39471972, void %imag169.i205.case.1.imag169.i205.exit_crit_edge, i32 %mux_case_39471972, void %imag169.i205.case.2.imag169.i205.exit_crit_edge, i32 %mux_case_39471972, void %imag169.i205.case.3.imag169.i205.exit_crit_edge, i32 %mux_case_39471972, void %imag169.i205.case.4.imag169.i205.exit_crit_edge, i32 %mux_case_39471972, void %imag169.i205.case.5.imag169.i205.exit_crit_edge, i32 %mux_case_39471972, void %imag169.i205.case.6.imag169.i205.exit_crit_edge, i32 %mux_case_39471972, void %imag169.i205.case.1, i32 %mux_case_39471972, void %imag169.i205.case.2, i32 %mux_case_39471972, void %imag169.i205.case.3, i32 %mux_case_39471972, void %imag169.i205.case.4, i32 %mux_case_39471972, void %imag169.i205.case.5, i32 %mux_case_39471972, void %imag169.i205.case.6"   --->   Operation 769 'phi' 'mux_case_31531' <Predicate = (icmp_ln119)> <Delay = 0.00>
ST_44 : Operation 770 [1/1] (0.00ns)   --->   "%mux_case_21530 = phi i32 %mux_case_29461968, void %imag169.i205.case.3353, i32 %mux_case_29461968, void %imag169.i205.case.1351, i32 %mux_case_29461968, void %imag169.i205.case.3347, i32 %mux_case_29461968, void %imag169.i205.case.1345, i32 %mux_case_29461968, void %imag169.i205.case.3341, i32 %mux_case_29461968, void %imag169.i205.case.1339, i32 %mux_case_29461968, void %imag169.i205.case.3335, i32 %mux_case_29461968, void %imag169.i205.case.1333, i32 %mux_case_29461968, void %imag169.i205.case.3329, i32 %mux_case_29461968, void %imag169.i205.case.1327, i32 %mux_case_29461968, void %imag169.i205.case.3359, i32 %mux_case_29461968, void %imag169.i205.case.1357, i32 %mux_case_29461968, void %imag169.i205.case.1.imag169.i205.exit_crit_edge, i32 %mux_case_29461968, void %imag169.i205.case.2.imag169.i205.exit_crit_edge, i32 %mux_case_29461968, void %imag169.i205.case.3.imag169.i205.exit_crit_edge, i32 %mux_case_29461968, void %imag169.i205.case.4.imag169.i205.exit_crit_edge, i32 %R_imag_1, void %imag169.i205.case.5.imag169.i205.exit_crit_edge, i32 %mux_case_29461968, void %imag169.i205.case.6.imag169.i205.exit_crit_edge, i32 %mux_case_29461968, void %imag169.i205.case.1, i32 %mux_case_29461968, void %imag169.i205.case.2, i32 %mux_case_29461968, void %imag169.i205.case.3, i32 %mux_case_29461968, void %imag169.i205.case.4, i32 %mux_case_29461968, void %imag169.i205.case.5, i32 %mux_case_29461968, void %imag169.i205.case.6"   --->   Operation 770 'phi' 'mux_case_21530' <Predicate = (icmp_ln119)> <Delay = 0.00>
ST_44 : Operation 771 [1/1] (0.00ns)   --->   "%mux_case_11529 = phi i32 %mux_case_19451964, void %imag169.i205.case.3353, i32 %R_imag_1, void %imag169.i205.case.1351, i32 %mux_case_19451964, void %imag169.i205.case.3347, i32 %mux_case_19451964, void %imag169.i205.case.1345, i32 %mux_case_19451964, void %imag169.i205.case.3341, i32 %mux_case_19451964, void %imag169.i205.case.1339, i32 %mux_case_19451964, void %imag169.i205.case.3335, i32 %mux_case_19451964, void %imag169.i205.case.1333, i32 %mux_case_19451964, void %imag169.i205.case.3329, i32 %mux_case_19451964, void %imag169.i205.case.1327, i32 %mux_case_19451964, void %imag169.i205.case.3359, i32 %mux_case_19451964, void %imag169.i205.case.1357, i32 %mux_case_19451964, void %imag169.i205.case.1.imag169.i205.exit_crit_edge, i32 %mux_case_19451964, void %imag169.i205.case.2.imag169.i205.exit_crit_edge, i32 %mux_case_19451964, void %imag169.i205.case.3.imag169.i205.exit_crit_edge, i32 %mux_case_19451964, void %imag169.i205.case.4.imag169.i205.exit_crit_edge, i32 %mux_case_19451964, void %imag169.i205.case.5.imag169.i205.exit_crit_edge, i32 %mux_case_19451964, void %imag169.i205.case.6.imag169.i205.exit_crit_edge, i32 %mux_case_19451964, void %imag169.i205.case.1, i32 %mux_case_19451964, void %imag169.i205.case.2, i32 %mux_case_19451964, void %imag169.i205.case.3, i32 %mux_case_19451964, void %imag169.i205.case.4, i32 %mux_case_19451964, void %imag169.i205.case.5, i32 %mux_case_19451964, void %imag169.i205.case.6"   --->   Operation 771 'phi' 'mux_case_11529' <Predicate = (icmp_ln119)> <Delay = 0.00>
ST_44 : Operation 772 [1/1] (0.00ns)   --->   "%mux_case_31526 = phi i32 %mux_case_39421956, void %imag169.i205.case.3353, i32 %mux_case_39421956, void %imag169.i205.case.1351, i32 %R_imag_1, void %imag169.i205.case.3347, i32 %mux_case_39421956, void %imag169.i205.case.1345, i32 %mux_case_39421956, void %imag169.i205.case.3341, i32 %mux_case_39421956, void %imag169.i205.case.1339, i32 %mux_case_39421956, void %imag169.i205.case.3335, i32 %mux_case_39421956, void %imag169.i205.case.1333, i32 %mux_case_39421956, void %imag169.i205.case.3329, i32 %mux_case_39421956, void %imag169.i205.case.1327, i32 %mux_case_39421956, void %imag169.i205.case.3359, i32 %mux_case_39421956, void %imag169.i205.case.1357, i32 %mux_case_39421956, void %imag169.i205.case.1.imag169.i205.exit_crit_edge, i32 %mux_case_39421956, void %imag169.i205.case.2.imag169.i205.exit_crit_edge, i32 %mux_case_39421956, void %imag169.i205.case.3.imag169.i205.exit_crit_edge, i32 %mux_case_39421956, void %imag169.i205.case.4.imag169.i205.exit_crit_edge, i32 %mux_case_39421956, void %imag169.i205.case.5.imag169.i205.exit_crit_edge, i32 %mux_case_39421956, void %imag169.i205.case.6.imag169.i205.exit_crit_edge, i32 %mux_case_39421956, void %imag169.i205.case.1, i32 %mux_case_39421956, void %imag169.i205.case.2, i32 %mux_case_39421956, void %imag169.i205.case.3, i32 %mux_case_39421956, void %imag169.i205.case.4, i32 %mux_case_39421956, void %imag169.i205.case.5, i32 %mux_case_39421956, void %imag169.i205.case.6"   --->   Operation 772 'phi' 'mux_case_31526' <Predicate = (icmp_ln119)> <Delay = 0.00>
ST_44 : Operation 773 [1/1] (0.00ns)   --->   "%mux_case_21525 = phi i32 %mux_case_29411952, void %imag169.i205.case.3353, i32 %mux_case_29411952, void %imag169.i205.case.1351, i32 %mux_case_29411952, void %imag169.i205.case.3347, i32 %mux_case_29411952, void %imag169.i205.case.1345, i32 %mux_case_29411952, void %imag169.i205.case.3341, i32 %mux_case_29411952, void %imag169.i205.case.1339, i32 %mux_case_29411952, void %imag169.i205.case.3335, i32 %mux_case_29411952, void %imag169.i205.case.1333, i32 %mux_case_29411952, void %imag169.i205.case.3329, i32 %mux_case_29411952, void %imag169.i205.case.1327, i32 %mux_case_29411952, void %imag169.i205.case.3359, i32 %mux_case_29411952, void %imag169.i205.case.1357, i32 %mux_case_29411952, void %imag169.i205.case.1.imag169.i205.exit_crit_edge, i32 %mux_case_29411952, void %imag169.i205.case.2.imag169.i205.exit_crit_edge, i32 %mux_case_29411952, void %imag169.i205.case.3.imag169.i205.exit_crit_edge, i32 %R_imag_1, void %imag169.i205.case.4.imag169.i205.exit_crit_edge, i32 %mux_case_29411952, void %imag169.i205.case.5.imag169.i205.exit_crit_edge, i32 %mux_case_29411952, void %imag169.i205.case.6.imag169.i205.exit_crit_edge, i32 %mux_case_29411952, void %imag169.i205.case.1, i32 %mux_case_29411952, void %imag169.i205.case.2, i32 %mux_case_29411952, void %imag169.i205.case.3, i32 %mux_case_29411952, void %imag169.i205.case.4, i32 %mux_case_29411952, void %imag169.i205.case.5, i32 %mux_case_29411952, void %imag169.i205.case.6"   --->   Operation 773 'phi' 'mux_case_21525' <Predicate = (icmp_ln119)> <Delay = 0.00>
ST_44 : Operation 774 [1/1] (0.00ns)   --->   "%mux_case_11524 = phi i32 %mux_case_19401948, void %imag169.i205.case.3353, i32 %mux_case_19401948, void %imag169.i205.case.1351, i32 %mux_case_19401948, void %imag169.i205.case.3347, i32 %R_imag_1, void %imag169.i205.case.1345, i32 %mux_case_19401948, void %imag169.i205.case.3341, i32 %mux_case_19401948, void %imag169.i205.case.1339, i32 %mux_case_19401948, void %imag169.i205.case.3335, i32 %mux_case_19401948, void %imag169.i205.case.1333, i32 %mux_case_19401948, void %imag169.i205.case.3329, i32 %mux_case_19401948, void %imag169.i205.case.1327, i32 %mux_case_19401948, void %imag169.i205.case.3359, i32 %mux_case_19401948, void %imag169.i205.case.1357, i32 %mux_case_19401948, void %imag169.i205.case.1.imag169.i205.exit_crit_edge, i32 %mux_case_19401948, void %imag169.i205.case.2.imag169.i205.exit_crit_edge, i32 %mux_case_19401948, void %imag169.i205.case.3.imag169.i205.exit_crit_edge, i32 %mux_case_19401948, void %imag169.i205.case.4.imag169.i205.exit_crit_edge, i32 %mux_case_19401948, void %imag169.i205.case.5.imag169.i205.exit_crit_edge, i32 %mux_case_19401948, void %imag169.i205.case.6.imag169.i205.exit_crit_edge, i32 %mux_case_19401948, void %imag169.i205.case.1, i32 %mux_case_19401948, void %imag169.i205.case.2, i32 %mux_case_19401948, void %imag169.i205.case.3, i32 %mux_case_19401948, void %imag169.i205.case.4, i32 %mux_case_19401948, void %imag169.i205.case.5, i32 %mux_case_19401948, void %imag169.i205.case.6"   --->   Operation 774 'phi' 'mux_case_11524' <Predicate = (icmp_ln119)> <Delay = 0.00>
ST_44 : Operation 775 [1/1] (0.00ns)   --->   "%mux_case_31521 = phi i32 %mux_case_39371940, void %imag169.i205.case.3353, i32 %mux_case_39371940, void %imag169.i205.case.1351, i32 %mux_case_39371940, void %imag169.i205.case.3347, i32 %mux_case_39371940, void %imag169.i205.case.1345, i32 %R_imag_1, void %imag169.i205.case.3341, i32 %mux_case_39371940, void %imag169.i205.case.1339, i32 %mux_case_39371940, void %imag169.i205.case.3335, i32 %mux_case_39371940, void %imag169.i205.case.1333, i32 %mux_case_39371940, void %imag169.i205.case.3329, i32 %mux_case_39371940, void %imag169.i205.case.1327, i32 %mux_case_39371940, void %imag169.i205.case.3359, i32 %mux_case_39371940, void %imag169.i205.case.1357, i32 %mux_case_39371940, void %imag169.i205.case.1.imag169.i205.exit_crit_edge, i32 %mux_case_39371940, void %imag169.i205.case.2.imag169.i205.exit_crit_edge, i32 %mux_case_39371940, void %imag169.i205.case.3.imag169.i205.exit_crit_edge, i32 %mux_case_39371940, void %imag169.i205.case.4.imag169.i205.exit_crit_edge, i32 %mux_case_39371940, void %imag169.i205.case.5.imag169.i205.exit_crit_edge, i32 %mux_case_39371940, void %imag169.i205.case.6.imag169.i205.exit_crit_edge, i32 %mux_case_39371940, void %imag169.i205.case.1, i32 %mux_case_39371940, void %imag169.i205.case.2, i32 %mux_case_39371940, void %imag169.i205.case.3, i32 %mux_case_39371940, void %imag169.i205.case.4, i32 %mux_case_39371940, void %imag169.i205.case.5, i32 %mux_case_39371940, void %imag169.i205.case.6"   --->   Operation 775 'phi' 'mux_case_31521' <Predicate = (icmp_ln119)> <Delay = 0.00>
ST_44 : Operation 776 [1/1] (0.00ns)   --->   "%mux_case_21520 = phi i32 %mux_case_29361936, void %imag169.i205.case.3353, i32 %mux_case_29361936, void %imag169.i205.case.1351, i32 %mux_case_29361936, void %imag169.i205.case.3347, i32 %mux_case_29361936, void %imag169.i205.case.1345, i32 %mux_case_29361936, void %imag169.i205.case.3341, i32 %mux_case_29361936, void %imag169.i205.case.1339, i32 %mux_case_29361936, void %imag169.i205.case.3335, i32 %mux_case_29361936, void %imag169.i205.case.1333, i32 %mux_case_29361936, void %imag169.i205.case.3329, i32 %mux_case_29361936, void %imag169.i205.case.1327, i32 %mux_case_29361936, void %imag169.i205.case.3359, i32 %mux_case_29361936, void %imag169.i205.case.1357, i32 %mux_case_29361936, void %imag169.i205.case.1.imag169.i205.exit_crit_edge, i32 %mux_case_29361936, void %imag169.i205.case.2.imag169.i205.exit_crit_edge, i32 %R_imag_1, void %imag169.i205.case.3.imag169.i205.exit_crit_edge, i32 %mux_case_29361936, void %imag169.i205.case.4.imag169.i205.exit_crit_edge, i32 %mux_case_29361936, void %imag169.i205.case.5.imag169.i205.exit_crit_edge, i32 %mux_case_29361936, void %imag169.i205.case.6.imag169.i205.exit_crit_edge, i32 %mux_case_29361936, void %imag169.i205.case.1, i32 %mux_case_29361936, void %imag169.i205.case.2, i32 %mux_case_29361936, void %imag169.i205.case.3, i32 %mux_case_29361936, void %imag169.i205.case.4, i32 %mux_case_29361936, void %imag169.i205.case.5, i32 %mux_case_29361936, void %imag169.i205.case.6"   --->   Operation 776 'phi' 'mux_case_21520' <Predicate = (icmp_ln119)> <Delay = 0.00>
ST_44 : Operation 777 [1/1] (0.00ns)   --->   "%mux_case_11519 = phi i32 %mux_case_19351932, void %imag169.i205.case.3353, i32 %mux_case_19351932, void %imag169.i205.case.1351, i32 %mux_case_19351932, void %imag169.i205.case.3347, i32 %mux_case_19351932, void %imag169.i205.case.1345, i32 %mux_case_19351932, void %imag169.i205.case.3341, i32 %R_imag_1, void %imag169.i205.case.1339, i32 %mux_case_19351932, void %imag169.i205.case.3335, i32 %mux_case_19351932, void %imag169.i205.case.1333, i32 %mux_case_19351932, void %imag169.i205.case.3329, i32 %mux_case_19351932, void %imag169.i205.case.1327, i32 %mux_case_19351932, void %imag169.i205.case.3359, i32 %mux_case_19351932, void %imag169.i205.case.1357, i32 %mux_case_19351932, void %imag169.i205.case.1.imag169.i205.exit_crit_edge, i32 %mux_case_19351932, void %imag169.i205.case.2.imag169.i205.exit_crit_edge, i32 %mux_case_19351932, void %imag169.i205.case.3.imag169.i205.exit_crit_edge, i32 %mux_case_19351932, void %imag169.i205.case.4.imag169.i205.exit_crit_edge, i32 %mux_case_19351932, void %imag169.i205.case.5.imag169.i205.exit_crit_edge, i32 %mux_case_19351932, void %imag169.i205.case.6.imag169.i205.exit_crit_edge, i32 %mux_case_19351932, void %imag169.i205.case.1, i32 %mux_case_19351932, void %imag169.i205.case.2, i32 %mux_case_19351932, void %imag169.i205.case.3, i32 %mux_case_19351932, void %imag169.i205.case.4, i32 %mux_case_19351932, void %imag169.i205.case.5, i32 %mux_case_19351932, void %imag169.i205.case.6"   --->   Operation 777 'phi' 'mux_case_11519' <Predicate = (icmp_ln119)> <Delay = 0.00>
ST_44 : Operation 778 [1/1] (0.00ns)   --->   "%mux_case_31516 = phi i32 %mux_case_39321924, void %imag169.i205.case.3353, i32 %mux_case_39321924, void %imag169.i205.case.1351, i32 %mux_case_39321924, void %imag169.i205.case.3347, i32 %mux_case_39321924, void %imag169.i205.case.1345, i32 %mux_case_39321924, void %imag169.i205.case.3341, i32 %mux_case_39321924, void %imag169.i205.case.1339, i32 %R_imag_1, void %imag169.i205.case.3335, i32 %mux_case_39321924, void %imag169.i205.case.1333, i32 %mux_case_39321924, void %imag169.i205.case.3329, i32 %mux_case_39321924, void %imag169.i205.case.1327, i32 %mux_case_39321924, void %imag169.i205.case.3359, i32 %mux_case_39321924, void %imag169.i205.case.1357, i32 %mux_case_39321924, void %imag169.i205.case.1.imag169.i205.exit_crit_edge, i32 %mux_case_39321924, void %imag169.i205.case.2.imag169.i205.exit_crit_edge, i32 %mux_case_39321924, void %imag169.i205.case.3.imag169.i205.exit_crit_edge, i32 %mux_case_39321924, void %imag169.i205.case.4.imag169.i205.exit_crit_edge, i32 %mux_case_39321924, void %imag169.i205.case.5.imag169.i205.exit_crit_edge, i32 %mux_case_39321924, void %imag169.i205.case.6.imag169.i205.exit_crit_edge, i32 %mux_case_39321924, void %imag169.i205.case.1, i32 %mux_case_39321924, void %imag169.i205.case.2, i32 %mux_case_39321924, void %imag169.i205.case.3, i32 %mux_case_39321924, void %imag169.i205.case.4, i32 %mux_case_39321924, void %imag169.i205.case.5, i32 %mux_case_39321924, void %imag169.i205.case.6"   --->   Operation 778 'phi' 'mux_case_31516' <Predicate = (icmp_ln119)> <Delay = 0.00>
ST_44 : Operation 779 [1/1] (0.00ns)   --->   "%mux_case_21515 = phi i32 %mux_case_29311920, void %imag169.i205.case.3353, i32 %mux_case_29311920, void %imag169.i205.case.1351, i32 %mux_case_29311920, void %imag169.i205.case.3347, i32 %mux_case_29311920, void %imag169.i205.case.1345, i32 %mux_case_29311920, void %imag169.i205.case.3341, i32 %mux_case_29311920, void %imag169.i205.case.1339, i32 %mux_case_29311920, void %imag169.i205.case.3335, i32 %mux_case_29311920, void %imag169.i205.case.1333, i32 %mux_case_29311920, void %imag169.i205.case.3329, i32 %mux_case_29311920, void %imag169.i205.case.1327, i32 %mux_case_29311920, void %imag169.i205.case.3359, i32 %mux_case_29311920, void %imag169.i205.case.1357, i32 %mux_case_29311920, void %imag169.i205.case.1.imag169.i205.exit_crit_edge, i32 %R_imag_1, void %imag169.i205.case.2.imag169.i205.exit_crit_edge, i32 %mux_case_29311920, void %imag169.i205.case.3.imag169.i205.exit_crit_edge, i32 %mux_case_29311920, void %imag169.i205.case.4.imag169.i205.exit_crit_edge, i32 %mux_case_29311920, void %imag169.i205.case.5.imag169.i205.exit_crit_edge, i32 %mux_case_29311920, void %imag169.i205.case.6.imag169.i205.exit_crit_edge, i32 %mux_case_29311920, void %imag169.i205.case.1, i32 %mux_case_29311920, void %imag169.i205.case.2, i32 %mux_case_29311920, void %imag169.i205.case.3, i32 %mux_case_29311920, void %imag169.i205.case.4, i32 %mux_case_29311920, void %imag169.i205.case.5, i32 %mux_case_29311920, void %imag169.i205.case.6"   --->   Operation 779 'phi' 'mux_case_21515' <Predicate = (icmp_ln119)> <Delay = 0.00>
ST_44 : Operation 780 [1/1] (0.00ns)   --->   "%mux_case_11514 = phi i32 %mux_case_19301916, void %imag169.i205.case.3353, i32 %mux_case_19301916, void %imag169.i205.case.1351, i32 %mux_case_19301916, void %imag169.i205.case.3347, i32 %mux_case_19301916, void %imag169.i205.case.1345, i32 %mux_case_19301916, void %imag169.i205.case.3341, i32 %mux_case_19301916, void %imag169.i205.case.1339, i32 %mux_case_19301916, void %imag169.i205.case.3335, i32 %R_imag_1, void %imag169.i205.case.1333, i32 %mux_case_19301916, void %imag169.i205.case.3329, i32 %mux_case_19301916, void %imag169.i205.case.1327, i32 %mux_case_19301916, void %imag169.i205.case.3359, i32 %mux_case_19301916, void %imag169.i205.case.1357, i32 %mux_case_19301916, void %imag169.i205.case.1.imag169.i205.exit_crit_edge, i32 %mux_case_19301916, void %imag169.i205.case.2.imag169.i205.exit_crit_edge, i32 %mux_case_19301916, void %imag169.i205.case.3.imag169.i205.exit_crit_edge, i32 %mux_case_19301916, void %imag169.i205.case.4.imag169.i205.exit_crit_edge, i32 %mux_case_19301916, void %imag169.i205.case.5.imag169.i205.exit_crit_edge, i32 %mux_case_19301916, void %imag169.i205.case.6.imag169.i205.exit_crit_edge, i32 %mux_case_19301916, void %imag169.i205.case.1, i32 %mux_case_19301916, void %imag169.i205.case.2, i32 %mux_case_19301916, void %imag169.i205.case.3, i32 %mux_case_19301916, void %imag169.i205.case.4, i32 %mux_case_19301916, void %imag169.i205.case.5, i32 %mux_case_19301916, void %imag169.i205.case.6"   --->   Operation 780 'phi' 'mux_case_11514' <Predicate = (icmp_ln119)> <Delay = 0.00>
ST_44 : Operation 781 [1/1] (0.00ns)   --->   "%mux_case_31511 = phi i32 %mux_case_39271908, void %imag169.i205.case.3353, i32 %mux_case_39271908, void %imag169.i205.case.1351, i32 %mux_case_39271908, void %imag169.i205.case.3347, i32 %mux_case_39271908, void %imag169.i205.case.1345, i32 %mux_case_39271908, void %imag169.i205.case.3341, i32 %mux_case_39271908, void %imag169.i205.case.1339, i32 %mux_case_39271908, void %imag169.i205.case.3335, i32 %mux_case_39271908, void %imag169.i205.case.1333, i32 %R_imag_1, void %imag169.i205.case.3329, i32 %mux_case_39271908, void %imag169.i205.case.1327, i32 %mux_case_39271908, void %imag169.i205.case.3359, i32 %mux_case_39271908, void %imag169.i205.case.1357, i32 %mux_case_39271908, void %imag169.i205.case.1.imag169.i205.exit_crit_edge, i32 %mux_case_39271908, void %imag169.i205.case.2.imag169.i205.exit_crit_edge, i32 %mux_case_39271908, void %imag169.i205.case.3.imag169.i205.exit_crit_edge, i32 %mux_case_39271908, void %imag169.i205.case.4.imag169.i205.exit_crit_edge, i32 %mux_case_39271908, void %imag169.i205.case.5.imag169.i205.exit_crit_edge, i32 %mux_case_39271908, void %imag169.i205.case.6.imag169.i205.exit_crit_edge, i32 %mux_case_39271908, void %imag169.i205.case.1, i32 %mux_case_39271908, void %imag169.i205.case.2, i32 %mux_case_39271908, void %imag169.i205.case.3, i32 %mux_case_39271908, void %imag169.i205.case.4, i32 %mux_case_39271908, void %imag169.i205.case.5, i32 %mux_case_39271908, void %imag169.i205.case.6"   --->   Operation 781 'phi' 'mux_case_31511' <Predicate = (icmp_ln119)> <Delay = 0.00>
ST_44 : Operation 782 [1/1] (0.00ns)   --->   "%mux_case_21510 = phi i32 %mux_case_29261904, void %imag169.i205.case.3353, i32 %mux_case_29261904, void %imag169.i205.case.1351, i32 %mux_case_29261904, void %imag169.i205.case.3347, i32 %mux_case_29261904, void %imag169.i205.case.1345, i32 %mux_case_29261904, void %imag169.i205.case.3341, i32 %mux_case_29261904, void %imag169.i205.case.1339, i32 %mux_case_29261904, void %imag169.i205.case.3335, i32 %mux_case_29261904, void %imag169.i205.case.1333, i32 %mux_case_29261904, void %imag169.i205.case.3329, i32 %mux_case_29261904, void %imag169.i205.case.1327, i32 %mux_case_29261904, void %imag169.i205.case.3359, i32 %mux_case_29261904, void %imag169.i205.case.1357, i32 %R_imag_1, void %imag169.i205.case.1.imag169.i205.exit_crit_edge, i32 %mux_case_29261904, void %imag169.i205.case.2.imag169.i205.exit_crit_edge, i32 %mux_case_29261904, void %imag169.i205.case.3.imag169.i205.exit_crit_edge, i32 %mux_case_29261904, void %imag169.i205.case.4.imag169.i205.exit_crit_edge, i32 %mux_case_29261904, void %imag169.i205.case.5.imag169.i205.exit_crit_edge, i32 %mux_case_29261904, void %imag169.i205.case.6.imag169.i205.exit_crit_edge, i32 %mux_case_29261904, void %imag169.i205.case.1, i32 %mux_case_29261904, void %imag169.i205.case.2, i32 %mux_case_29261904, void %imag169.i205.case.3, i32 %mux_case_29261904, void %imag169.i205.case.4, i32 %mux_case_29261904, void %imag169.i205.case.5, i32 %mux_case_29261904, void %imag169.i205.case.6"   --->   Operation 782 'phi' 'mux_case_21510' <Predicate = (icmp_ln119)> <Delay = 0.00>
ST_44 : Operation 783 [1/1] (0.00ns)   --->   "%mux_case_11509 = phi i32 %mux_case_19251900, void %imag169.i205.case.3353, i32 %mux_case_19251900, void %imag169.i205.case.1351, i32 %mux_case_19251900, void %imag169.i205.case.3347, i32 %mux_case_19251900, void %imag169.i205.case.1345, i32 %mux_case_19251900, void %imag169.i205.case.3341, i32 %mux_case_19251900, void %imag169.i205.case.1339, i32 %mux_case_19251900, void %imag169.i205.case.3335, i32 %mux_case_19251900, void %imag169.i205.case.1333, i32 %mux_case_19251900, void %imag169.i205.case.3329, i32 %R_imag_1, void %imag169.i205.case.1327, i32 %mux_case_19251900, void %imag169.i205.case.3359, i32 %mux_case_19251900, void %imag169.i205.case.1357, i32 %mux_case_19251900, void %imag169.i205.case.1.imag169.i205.exit_crit_edge, i32 %mux_case_19251900, void %imag169.i205.case.2.imag169.i205.exit_crit_edge, i32 %mux_case_19251900, void %imag169.i205.case.3.imag169.i205.exit_crit_edge, i32 %mux_case_19251900, void %imag169.i205.case.4.imag169.i205.exit_crit_edge, i32 %mux_case_19251900, void %imag169.i205.case.5.imag169.i205.exit_crit_edge, i32 %mux_case_19251900, void %imag169.i205.case.6.imag169.i205.exit_crit_edge, i32 %mux_case_19251900, void %imag169.i205.case.1, i32 %mux_case_19251900, void %imag169.i205.case.2, i32 %mux_case_19251900, void %imag169.i205.case.3, i32 %mux_case_19251900, void %imag169.i205.case.4, i32 %mux_case_19251900, void %imag169.i205.case.5, i32 %mux_case_19251900, void %imag169.i205.case.6"   --->   Operation 783 'phi' 'mux_case_11509' <Predicate = (icmp_ln119)> <Delay = 0.00>
ST_44 : Operation 784 [1/1] (0.47ns)   --->   "%br_ln144 = br i1 %tmp_13, void %if.then92.1, void %for.inc95.1" [top_cmplx.cpp:144]   --->   Operation 784 'br' 'br_ln144' <Predicate = (icmp_ln119)> <Delay = 0.47>
ST_44 : Operation 785 [1/1] (0.47ns)   --->   "%tmp_28 = sparsemux i32 @_ssdm_op_SparseMux.ap_auto.3float.float.i2, i2 1, i32 %mux_case_18901788, i2 2, i32 %mux_case_28911792, i2 3, i32 %mux_case_38921796, i32 <undef>, i2 %tmp_14" [top_cmplx.cpp:34->top_cmplx.cpp:146]   --->   Operation 785 'sparsemux' 'tmp_28' <Predicate = (icmp_ln119 & i_1 == 1 & !tmp_13)> <Delay = 0.47> <CoreInst = "SparseMux">   --->   Core 147 'SparseMux' <Latency = 0> <II = 1> <Delay = 0.47> <FuncUnit> <Opcode : 'sparsemux'> <InPorts = 2> <OutPorts = 1>
ST_44 : Operation 786 [1/1] (0.47ns)   --->   "%tmp_29 = sparsemux i32 @_ssdm_op_SparseMux.ap_auto.3float.float.i2, i2 1, i32 %mux_case_11060, i2 2, i32 %mux_case_21061, i2 3, i32 %mux_case_31062, i32 <undef>, i2 %tmp_14" [top_cmplx.cpp:34->top_cmplx.cpp:146]   --->   Operation 786 'sparsemux' 'tmp_29' <Predicate = (icmp_ln119 & !tmp_13)> <Delay = 0.47> <CoreInst = "SparseMux">   --->   Core 147 'SparseMux' <Latency = 0> <II = 1> <Delay = 0.47> <FuncUnit> <Opcode : 'sparsemux'> <InPorts = 2> <OutPorts = 1>
ST_44 : Operation 787 [1/1] (0.47ns)   --->   "%tmp_30 = sparsemux i32 @_ssdm_op_SparseMux.ap_auto.3float.float.i2, i2 1, i32 %mux_case_11065, i2 2, i32 %mux_case_21066, i2 3, i32 %mux_case_31067, i32 <undef>, i2 %tmp_14" [top_cmplx.cpp:34->top_cmplx.cpp:146]   --->   Operation 787 'sparsemux' 'tmp_30' <Predicate = (icmp_ln119 & !tmp_13)> <Delay = 0.47> <CoreInst = "SparseMux">   --->   Core 147 'SparseMux' <Latency = 0> <II = 1> <Delay = 0.47> <FuncUnit> <Opcode : 'sparsemux'> <InPorts = 2> <OutPorts = 1>
ST_44 : Operation 788 [1/1] (0.47ns)   --->   "%tmp_31 = sparsemux i32 @_ssdm_op_SparseMux.ap_auto.3float.float.i2, i2 1, i32 %mux_case_11070, i2 2, i32 %mux_case_21071, i2 3, i32 %mux_case_31072, i32 <undef>, i2 %tmp_14" [top_cmplx.cpp:34->top_cmplx.cpp:146]   --->   Operation 788 'sparsemux' 'tmp_31' <Predicate = (icmp_ln119 & !tmp_13)> <Delay = 0.47> <CoreInst = "SparseMux">   --->   Core 147 'SparseMux' <Latency = 0> <II = 1> <Delay = 0.47> <FuncUnit> <Opcode : 'sparsemux'> <InPorts = 2> <OutPorts = 1>
ST_44 : Operation 789 [1/1] (0.47ns)   --->   "%tmp_32 = sparsemux i32 @_ssdm_op_SparseMux.ap_auto.3float.float.i2, i2 1, i32 %mux_case_11075, i2 2, i32 %mux_case_21076, i2 3, i32 %mux_case_31077, i32 <undef>, i2 %tmp_14" [top_cmplx.cpp:34->top_cmplx.cpp:146]   --->   Operation 789 'sparsemux' 'tmp_32' <Predicate = (icmp_ln119 & !tmp_13)> <Delay = 0.47> <CoreInst = "SparseMux">   --->   Core 147 'SparseMux' <Latency = 0> <II = 1> <Delay = 0.47> <FuncUnit> <Opcode : 'sparsemux'> <InPorts = 2> <OutPorts = 1>
ST_44 : Operation 790 [1/1] (0.47ns)   --->   "%tmp_33 = sparsemux i32 @_ssdm_op_SparseMux.ap_auto.3float.float.i2, i2 1, i32 %mux_case_11080, i2 2, i32 %mux_case_21081, i2 3, i32 %mux_case_31082, i32 <undef>, i2 %tmp_14" [top_cmplx.cpp:34->top_cmplx.cpp:146]   --->   Operation 790 'sparsemux' 'tmp_33' <Predicate = (icmp_ln119 & !tmp_13)> <Delay = 0.47> <CoreInst = "SparseMux">   --->   Core 147 'SparseMux' <Latency = 0> <II = 1> <Delay = 0.47> <FuncUnit> <Opcode : 'sparsemux'> <InPorts = 2> <OutPorts = 1>
ST_44 : Operation 791 [1/1] (0.62ns)   --->   "%ai_r_1 = sparsemux i32 @_ssdm_op_SparseMux.ap_auto.6f32.f32.i3, i3 1, i32 %tmp_28, i3 2, i32 %tmp_29, i3 3, i32 %tmp_30, i3 4, i32 %tmp_31, i3 5, i32 %tmp_32, i3 6, i32 %tmp_33, i32 <undef>, i3 %i_1" [top_cmplx.cpp:34->top_cmplx.cpp:146]   --->   Operation 791 'sparsemux' 'ai_r_1' <Predicate = (icmp_ln119 & !tmp_13)> <Delay = 0.62> <CoreInst = "SparseMux">   --->   Core 147 'SparseMux' <Latency = 0> <II = 1> <Delay = 0.62> <FuncUnit> <Opcode : 'sparsemux'> <InPorts = 2> <OutPorts = 1>
ST_44 : Operation 792 [1/1] (0.47ns)   --->   "%tmp_34 = sparsemux i32 @_ssdm_op_SparseMux.ap_auto.3float.float.i2, i2 1, i32 %mux_case_19201884, i2 2, i32 %mux_case_29211888, i2 3, i32 %mux_case_39221892, i32 <undef>, i2 %tmp_14" [top_cmplx.cpp:35->top_cmplx.cpp:146]   --->   Operation 792 'sparsemux' 'tmp_34' <Predicate = (icmp_ln119 & i_1 == 1 & !tmp_13)> <Delay = 0.47> <CoreInst = "SparseMux">   --->   Core 147 'SparseMux' <Latency = 0> <II = 1> <Delay = 0.47> <FuncUnit> <Opcode : 'sparsemux'> <InPorts = 2> <OutPorts = 1>
ST_44 : Operation 793 [1/1] (0.47ns)   --->   "%tmp_35 = sparsemux i32 @_ssdm_op_SparseMux.ap_auto.3float.float.i2, i2 1, i32 %mux_case_11509, i2 2, i32 %mux_case_21510, i2 3, i32 %mux_case_31511, i32 <undef>, i2 %tmp_14" [top_cmplx.cpp:35->top_cmplx.cpp:146]   --->   Operation 793 'sparsemux' 'tmp_35' <Predicate = (icmp_ln119 & !tmp_13)> <Delay = 0.47> <CoreInst = "SparseMux">   --->   Core 147 'SparseMux' <Latency = 0> <II = 1> <Delay = 0.47> <FuncUnit> <Opcode : 'sparsemux'> <InPorts = 2> <OutPorts = 1>
ST_44 : Operation 794 [1/1] (0.47ns)   --->   "%tmp_36 = sparsemux i32 @_ssdm_op_SparseMux.ap_auto.3float.float.i2, i2 1, i32 %mux_case_11514, i2 2, i32 %mux_case_21515, i2 3, i32 %mux_case_31516, i32 <undef>, i2 %tmp_14" [top_cmplx.cpp:35->top_cmplx.cpp:146]   --->   Operation 794 'sparsemux' 'tmp_36' <Predicate = (icmp_ln119 & !tmp_13)> <Delay = 0.47> <CoreInst = "SparseMux">   --->   Core 147 'SparseMux' <Latency = 0> <II = 1> <Delay = 0.47> <FuncUnit> <Opcode : 'sparsemux'> <InPorts = 2> <OutPorts = 1>
ST_44 : Operation 795 [1/1] (0.47ns)   --->   "%tmp_37 = sparsemux i32 @_ssdm_op_SparseMux.ap_auto.3float.float.i2, i2 1, i32 %mux_case_11519, i2 2, i32 %mux_case_21520, i2 3, i32 %mux_case_31521, i32 <undef>, i2 %tmp_14" [top_cmplx.cpp:35->top_cmplx.cpp:146]   --->   Operation 795 'sparsemux' 'tmp_37' <Predicate = (icmp_ln119 & !tmp_13)> <Delay = 0.47> <CoreInst = "SparseMux">   --->   Core 147 'SparseMux' <Latency = 0> <II = 1> <Delay = 0.47> <FuncUnit> <Opcode : 'sparsemux'> <InPorts = 2> <OutPorts = 1>
ST_44 : Operation 796 [1/1] (0.47ns)   --->   "%tmp_38 = sparsemux i32 @_ssdm_op_SparseMux.ap_auto.3float.float.i2, i2 1, i32 %mux_case_11524, i2 2, i32 %mux_case_21525, i2 3, i32 %mux_case_31526, i32 <undef>, i2 %tmp_14" [top_cmplx.cpp:35->top_cmplx.cpp:146]   --->   Operation 796 'sparsemux' 'tmp_38' <Predicate = (icmp_ln119 & !tmp_13)> <Delay = 0.47> <CoreInst = "SparseMux">   --->   Core 147 'SparseMux' <Latency = 0> <II = 1> <Delay = 0.47> <FuncUnit> <Opcode : 'sparsemux'> <InPorts = 2> <OutPorts = 1>
ST_44 : Operation 797 [1/1] (0.47ns)   --->   "%tmp_39 = sparsemux i32 @_ssdm_op_SparseMux.ap_auto.3float.float.i2, i2 1, i32 %mux_case_11529, i2 2, i32 %mux_case_21530, i2 3, i32 %mux_case_31531, i32 <undef>, i2 %tmp_14" [top_cmplx.cpp:35->top_cmplx.cpp:146]   --->   Operation 797 'sparsemux' 'tmp_39' <Predicate = (icmp_ln119 & !tmp_13)> <Delay = 0.47> <CoreInst = "SparseMux">   --->   Core 147 'SparseMux' <Latency = 0> <II = 1> <Delay = 0.47> <FuncUnit> <Opcode : 'sparsemux'> <InPorts = 2> <OutPorts = 1>
ST_44 : Operation 798 [1/1] (0.62ns)   --->   "%ai_i_1 = sparsemux i32 @_ssdm_op_SparseMux.ap_auto.6f32.f32.i3, i3 1, i32 %tmp_34, i3 2, i32 %tmp_35, i3 3, i32 %tmp_36, i3 4, i32 %tmp_37, i3 5, i32 %tmp_38, i3 6, i32 %tmp_39, i32 <undef>, i3 %i_1" [top_cmplx.cpp:35->top_cmplx.cpp:146]   --->   Operation 798 'sparsemux' 'ai_i_1' <Predicate = (icmp_ln119 & !tmp_13)> <Delay = 0.62> <CoreInst = "SparseMux">   --->   Core 147 'SparseMux' <Latency = 0> <II = 1> <Delay = 0.62> <FuncUnit> <Opcode : 'sparsemux'> <InPorts = 2> <OutPorts = 1>
ST_44 : Operation 799 [1/1] (0.47ns)   --->   "%tmp_40 = sparsemux i32 @_ssdm_op_SparseMux.ap_auto.3float.float.i2, i2 1, i32 %mux_case_11085, i2 2, i32 %mux_case_21086, i2 3, i32 %mux_case_31087, i32 <undef>, i2 %tmp_14" [top_cmplx.cpp:37->top_cmplx.cpp:146]   --->   Operation 799 'sparsemux' 'tmp_40' <Predicate = (icmp_ln119 & !tmp_13 & i_1 == 6)> <Delay = 0.47> <CoreInst = "SparseMux">   --->   Core 147 'SparseMux' <Latency = 0> <II = 1> <Delay = 0.47> <FuncUnit> <Opcode : 'sparsemux'> <InPorts = 2> <OutPorts = 1>
ST_44 : Operation 800 [1/1] (0.62ns)   --->   "%aj_r_1 = sparsemux i32 @_ssdm_op_SparseMux.ap_auto.6float.float.i3, i3 1, i32 %tmp_29, i3 2, i32 %tmp_30, i3 3, i32 %tmp_31, i3 4, i32 %tmp_32, i3 5, i32 %tmp_33, i3 6, i32 %tmp_40, i32 <undef>, i3 %i_1" [top_cmplx.cpp:37->top_cmplx.cpp:146]   --->   Operation 800 'sparsemux' 'aj_r_1' <Predicate = (icmp_ln119 & !tmp_13)> <Delay = 0.62> <CoreInst = "SparseMux">   --->   Core 147 'SparseMux' <Latency = 0> <II = 1> <Delay = 0.62> <FuncUnit> <Opcode : 'sparsemux'> <InPorts = 2> <OutPorts = 1>
ST_44 : Operation 801 [1/1] (0.47ns)   --->   "%tmp_41 = sparsemux i32 @_ssdm_op_SparseMux.ap_auto.3float.float.i2, i2 1, i32 %mux_case_11534, i2 2, i32 %mux_case_21535, i2 3, i32 %mux_case_31536, i32 <undef>, i2 %tmp_14" [top_cmplx.cpp:38->top_cmplx.cpp:146]   --->   Operation 801 'sparsemux' 'tmp_41' <Predicate = (icmp_ln119 & !tmp_13 & i_1 == 6)> <Delay = 0.47> <CoreInst = "SparseMux">   --->   Core 147 'SparseMux' <Latency = 0> <II = 1> <Delay = 0.47> <FuncUnit> <Opcode : 'sparsemux'> <InPorts = 2> <OutPorts = 1>
ST_44 : Operation 802 [1/1] (0.62ns)   --->   "%aj_i_1 = sparsemux i32 @_ssdm_op_SparseMux.ap_auto.6float.float.i3, i3 1, i32 %tmp_35, i3 2, i32 %tmp_36, i3 3, i32 %tmp_37, i3 4, i32 %tmp_38, i3 5, i32 %tmp_39, i3 6, i32 %tmp_41, i32 <undef>, i3 %i_1" [top_cmplx.cpp:38->top_cmplx.cpp:146]   --->   Operation 802 'sparsemux' 'aj_i_1' <Predicate = (icmp_ln119 & !tmp_13)> <Delay = 0.62> <CoreInst = "SparseMux">   --->   Core 147 'SparseMux' <Latency = 0> <II = 1> <Delay = 0.62> <FuncUnit> <Opcode : 'sparsemux'> <InPorts = 2> <OutPorts = 1>
ST_44 : Operation 803 [1/1] (0.73ns)   --->   "%switch_ln41 = switch i3 %i_1, void %real3.i147214.case.5, i3 1, void %real3.i147214.case.0, i3 2, void %real3.i147214.case.1, i3 3, void %real3.i147214.case.2, i3 4, void %real3.i147214.case.3, i3 5, void %real3.i147214.case.4" [top_cmplx.cpp:41->top_cmplx.cpp:146]   --->   Operation 803 'switch' 'switch_ln41' <Predicate = (icmp_ln119 & !tmp_13)> <Delay = 0.73>
ST_44 : Operation 804 [1/4] (6.43ns)   --->   "%sub = fsub i32 %mul4, i32 %mul5" [top_cmplx.cpp:168]   --->   Operation 804 'fsub' 'sub' <Predicate = (icmp_ln119)> <Delay = 6.43> <CoreInst = "FAddSub_fulldsp">   --->   Core 18 'FAddSub_fulldsp' <Latency = 3> <II = 1> <Delay = 6.43> <FuncUnit> <Opcode : 'fadd' 'fsub'> <InPorts = 2> <OutPorts = 1>
ST_44 : Operation 805 [1/4] (6.43ns)   --->   "%sub1 = fsub i32 %mul6, i32 %mul7" [top_cmplx.cpp:169]   --->   Operation 805 'fsub' 'sub1' <Predicate = (icmp_ln119)> <Delay = 6.43> <CoreInst = "FAddSub_fulldsp">   --->   Core 18 'FAddSub_fulldsp' <Latency = 3> <II = 1> <Delay = 6.43> <FuncUnit> <Opcode : 'fadd' 'fsub'> <InPorts = 2> <OutPorts = 1>
ST_44 : Operation 806 [1/4] (6.43ns)   --->   "%add = fadd i32 %mul8, i32 %mul9" [top_cmplx.cpp:171]   --->   Operation 806 'fadd' 'add' <Predicate = (icmp_ln119)> <Delay = 6.43> <CoreInst = "FAddSub_fulldsp">   --->   Core 18 'FAddSub_fulldsp' <Latency = 3> <II = 1> <Delay = 6.43> <FuncUnit> <Opcode : 'fadd' 'fsub'> <InPorts = 2> <OutPorts = 1>
ST_44 : Operation 807 [1/4] (6.43ns)   --->   "%add1 = fadd i32 %mul10, i32 %mul11" [top_cmplx.cpp:172]   --->   Operation 807 'fadd' 'add1' <Predicate = (icmp_ln119)> <Delay = 6.43> <CoreInst = "FAddSub_fulldsp">   --->   Core 18 'FAddSub_fulldsp' <Latency = 3> <II = 1> <Delay = 6.43> <FuncUnit> <Opcode : 'fadd' 'fsub'> <InPorts = 2> <OutPorts = 1>
ST_44 : Operation 808 [2/4] (6.43ns)   --->   "%sub140_1 = fsub i32 %mul138_1, i32 %mul139_1" [top_cmplx.cpp:168]   --->   Operation 808 'fsub' 'sub140_1' <Predicate = (icmp_ln119)> <Delay = 6.43> <CoreInst = "FAddSub_fulldsp">   --->   Core 18 'FAddSub_fulldsp' <Latency = 3> <II = 1> <Delay = 6.43> <FuncUnit> <Opcode : 'fadd' 'fsub'> <InPorts = 2> <OutPorts = 1>
ST_44 : Operation 809 [2/4] (6.43ns)   --->   "%sub149_1 = fsub i32 %mul147_1, i32 %mul148_1" [top_cmplx.cpp:169]   --->   Operation 809 'fsub' 'sub149_1' <Predicate = (icmp_ln119)> <Delay = 6.43> <CoreInst = "FAddSub_fulldsp">   --->   Core 18 'FAddSub_fulldsp' <Latency = 3> <II = 1> <Delay = 6.43> <FuncUnit> <Opcode : 'fadd' 'fsub'> <InPorts = 2> <OutPorts = 1>
ST_44 : Operation 810 [2/4] (6.43ns)   --->   "%add158_1 = fadd i32 %mul156_1, i32 %mul157_1" [top_cmplx.cpp:171]   --->   Operation 810 'fadd' 'add158_1' <Predicate = (icmp_ln119)> <Delay = 6.43> <CoreInst = "FAddSub_fulldsp">   --->   Core 18 'FAddSub_fulldsp' <Latency = 3> <II = 1> <Delay = 6.43> <FuncUnit> <Opcode : 'fadd' 'fsub'> <InPorts = 2> <OutPorts = 1>
ST_44 : Operation 811 [2/4] (6.43ns)   --->   "%add166_1 = fadd i32 %mul164_1, i32 %mul165_1" [top_cmplx.cpp:172]   --->   Operation 811 'fadd' 'add166_1' <Predicate = (icmp_ln119)> <Delay = 6.43> <CoreInst = "FAddSub_fulldsp">   --->   Core 18 'FAddSub_fulldsp' <Latency = 3> <II = 1> <Delay = 6.43> <FuncUnit> <Opcode : 'fadd' 'fsub'> <InPorts = 2> <OutPorts = 1>
ST_44 : Operation 812 [3/4] (6.43ns)   --->   "%sub140_2 = fsub i32 %mul138_2, i32 %mul139_2" [top_cmplx.cpp:168]   --->   Operation 812 'fsub' 'sub140_2' <Predicate = (icmp_ln119)> <Delay = 6.43> <CoreInst = "FAddSub_fulldsp">   --->   Core 18 'FAddSub_fulldsp' <Latency = 3> <II = 1> <Delay = 6.43> <FuncUnit> <Opcode : 'fadd' 'fsub'> <InPorts = 2> <OutPorts = 1>
ST_44 : Operation 813 [3/4] (6.43ns)   --->   "%sub149_2 = fsub i32 %mul147_2, i32 %mul148_2" [top_cmplx.cpp:169]   --->   Operation 813 'fsub' 'sub149_2' <Predicate = (icmp_ln119)> <Delay = 6.43> <CoreInst = "FAddSub_fulldsp">   --->   Core 18 'FAddSub_fulldsp' <Latency = 3> <II = 1> <Delay = 6.43> <FuncUnit> <Opcode : 'fadd' 'fsub'> <InPorts = 2> <OutPorts = 1>
ST_44 : Operation 814 [3/4] (6.43ns)   --->   "%add158_2 = fadd i32 %mul156_2, i32 %mul157_2" [top_cmplx.cpp:171]   --->   Operation 814 'fadd' 'add158_2' <Predicate = (icmp_ln119)> <Delay = 6.43> <CoreInst = "FAddSub_fulldsp">   --->   Core 18 'FAddSub_fulldsp' <Latency = 3> <II = 1> <Delay = 6.43> <FuncUnit> <Opcode : 'fadd' 'fsub'> <InPorts = 2> <OutPorts = 1>
ST_44 : Operation 815 [3/4] (6.43ns)   --->   "%add166_2 = fadd i32 %mul164_2, i32 %mul165_2" [top_cmplx.cpp:172]   --->   Operation 815 'fadd' 'add166_2' <Predicate = (icmp_ln119)> <Delay = 6.43> <CoreInst = "FAddSub_fulldsp">   --->   Core 18 'FAddSub_fulldsp' <Latency = 3> <II = 1> <Delay = 6.43> <FuncUnit> <Opcode : 'fadd' 'fsub'> <InPorts = 2> <OutPorts = 1>
ST_44 : Operation 816 [4/4] (6.43ns)   --->   "%sub140_3 = fsub i32 %mul138_3, i32 %mul139_3" [top_cmplx.cpp:168]   --->   Operation 816 'fsub' 'sub140_3' <Predicate = (icmp_ln119)> <Delay = 6.43> <CoreInst = "FAddSub_fulldsp">   --->   Core 18 'FAddSub_fulldsp' <Latency = 3> <II = 1> <Delay = 6.43> <FuncUnit> <Opcode : 'fadd' 'fsub'> <InPorts = 2> <OutPorts = 1>
ST_44 : Operation 817 [4/4] (6.43ns)   --->   "%sub149_3 = fsub i32 %mul147_3, i32 %mul148_3" [top_cmplx.cpp:169]   --->   Operation 817 'fsub' 'sub149_3' <Predicate = (icmp_ln119)> <Delay = 6.43> <CoreInst = "FAddSub_fulldsp">   --->   Core 18 'FAddSub_fulldsp' <Latency = 3> <II = 1> <Delay = 6.43> <FuncUnit> <Opcode : 'fadd' 'fsub'> <InPorts = 2> <OutPorts = 1>
ST_44 : Operation 818 [4/4] (6.43ns)   --->   "%add158_3 = fadd i32 %mul156_3, i32 %mul157_3" [top_cmplx.cpp:171]   --->   Operation 818 'fadd' 'add158_3' <Predicate = (icmp_ln119)> <Delay = 6.43> <CoreInst = "FAddSub_fulldsp">   --->   Core 18 'FAddSub_fulldsp' <Latency = 3> <II = 1> <Delay = 6.43> <FuncUnit> <Opcode : 'fadd' 'fsub'> <InPorts = 2> <OutPorts = 1>
ST_44 : Operation 819 [4/4] (6.43ns)   --->   "%add166_3 = fadd i32 %mul164_3, i32 %mul165_3" [top_cmplx.cpp:172]   --->   Operation 819 'fadd' 'add166_3' <Predicate = (icmp_ln119)> <Delay = 6.43> <CoreInst = "FAddSub_fulldsp">   --->   Core 18 'FAddSub_fulldsp' <Latency = 3> <II = 1> <Delay = 6.43> <FuncUnit> <Opcode : 'fadd' 'fsub'> <InPorts = 2> <OutPorts = 1>
ST_44 : Operation 820 [1/1] (0.42ns)   --->   "%store_ln172 = store i32 %add1, i32 %mux_case_04853881_out" [top_cmplx.cpp:172]   --->   Operation 820 'store' 'store_ln172' <Predicate = (icmp_ln119 & i_1 == 5 & tmp_18 == 2)> <Delay = 0.42>
ST_44 : Operation 821 [1/1] (0.42ns)   --->   "%store_ln169 = store i32 %sub1, i32 %mux_case_04803848_out" [top_cmplx.cpp:169]   --->   Operation 821 'store' 'store_ln169' <Predicate = (icmp_ln119 & i_1 == 5 & tmp_18 == 2)> <Delay = 0.42>
ST_44 : Operation 822 [1/1] (0.42ns)   --->   "%store_ln171 = store i32 %add, i32 %mux_case_04553683_out" [top_cmplx.cpp:171]   --->   Operation 822 'store' 'store_ln171' <Predicate = (icmp_ln119 & i_1 == 5 & tmp_18 == 2)> <Delay = 0.42>
ST_44 : Operation 823 [1/1] (0.42ns)   --->   "%store_ln168 = store i32 %sub, i32 %mux_case_04503650_out" [top_cmplx.cpp:168]   --->   Operation 823 'store' 'store_ln168' <Predicate = (icmp_ln119 & i_1 == 5 & tmp_18 == 2)> <Delay = 0.42>
ST_44 : Operation 824 [1/1] (0.42ns)   --->   "%store_ln172 = store i32 %add1, i32 %mux_case_04853881_out" [top_cmplx.cpp:172]   --->   Operation 824 'store' 'store_ln172' <Predicate = (icmp_ln119 & i_1 == 5 & tmp_18 == 1)> <Delay = 0.42>
ST_44 : Operation 825 [1/1] (0.42ns)   --->   "%store_ln169 = store i32 %sub1, i32 %mux_case_04803848_out" [top_cmplx.cpp:169]   --->   Operation 825 'store' 'store_ln169' <Predicate = (icmp_ln119 & i_1 == 5 & tmp_18 == 1)> <Delay = 0.42>
ST_44 : Operation 826 [1/1] (0.42ns)   --->   "%store_ln171 = store i32 %add, i32 %mux_case_04553683_out" [top_cmplx.cpp:171]   --->   Operation 826 'store' 'store_ln171' <Predicate = (icmp_ln119 & i_1 == 5 & tmp_18 == 1)> <Delay = 0.42>
ST_44 : Operation 827 [1/1] (0.42ns)   --->   "%store_ln168 = store i32 %sub, i32 %mux_case_04503650_out" [top_cmplx.cpp:168]   --->   Operation 827 'store' 'store_ln168' <Predicate = (icmp_ln119 & i_1 == 5 & tmp_18 == 1)> <Delay = 0.42>
ST_44 : Operation 828 [1/1] (0.42ns)   --->   "%store_ln172 = store i32 %add1, i32 %mux_case_04853881_out" [top_cmplx.cpp:172]   --->   Operation 828 'store' 'store_ln172' <Predicate = (icmp_ln119 & i_1 == 5 & tmp_18 == 0)> <Delay = 0.42>
ST_44 : Operation 829 [1/1] (0.42ns)   --->   "%store_ln169 = store i32 %sub1, i32 %mux_case_04803848_out" [top_cmplx.cpp:169]   --->   Operation 829 'store' 'store_ln169' <Predicate = (icmp_ln119 & i_1 == 5 & tmp_18 == 0)> <Delay = 0.42>
ST_44 : Operation 830 [1/1] (0.42ns)   --->   "%store_ln171 = store i32 %add, i32 %mux_case_04553683_out" [top_cmplx.cpp:171]   --->   Operation 830 'store' 'store_ln171' <Predicate = (icmp_ln119 & i_1 == 5 & tmp_18 == 0)> <Delay = 0.42>
ST_44 : Operation 831 [1/1] (0.42ns)   --->   "%store_ln168 = store i32 %sub, i32 %mux_case_04503650_out" [top_cmplx.cpp:168]   --->   Operation 831 'store' 'store_ln168' <Predicate = (icmp_ln119 & i_1 == 5 & tmp_18 == 0)> <Delay = 0.42>
ST_44 : Operation 832 [1/1] (0.42ns)   --->   "%store_ln172 = store i32 %add1, i32 %mux_case_04853881_out" [top_cmplx.cpp:172]   --->   Operation 832 'store' 'store_ln172' <Predicate = (icmp_ln119 & i_1 == 5 & tmp_18 == 3)> <Delay = 0.42>
ST_44 : Operation 833 [1/1] (0.42ns)   --->   "%store_ln169 = store i32 %sub1, i32 %mux_case_04803848_out" [top_cmplx.cpp:169]   --->   Operation 833 'store' 'store_ln169' <Predicate = (icmp_ln119 & i_1 == 5 & tmp_18 == 3)> <Delay = 0.42>
ST_44 : Operation 834 [1/1] (0.42ns)   --->   "%store_ln171 = store i32 %add, i32 %mux_case_04553683_out" [top_cmplx.cpp:171]   --->   Operation 834 'store' 'store_ln171' <Predicate = (icmp_ln119 & i_1 == 5 & tmp_18 == 3)> <Delay = 0.42>
ST_44 : Operation 835 [1/1] (0.42ns)   --->   "%store_ln168 = store i32 %sub, i32 %mux_case_04503650_out" [top_cmplx.cpp:168]   --->   Operation 835 'store' 'store_ln168' <Predicate = (icmp_ln119 & i_1 == 5 & tmp_18 == 3)> <Delay = 0.42>
ST_44 : Operation 836 [1/1] (0.42ns)   --->   "%store_ln172 = store i32 %add1, i32 %mux_case_04803848_out" [top_cmplx.cpp:172]   --->   Operation 836 'store' 'store_ln172' <Predicate = (icmp_ln119 & i_1 == 4 & tmp_18 == 2)> <Delay = 0.42>
ST_44 : Operation 837 [1/1] (0.42ns)   --->   "%store_ln169 = store i32 %sub1, i32 %mux_case_04753815_out" [top_cmplx.cpp:169]   --->   Operation 837 'store' 'store_ln169' <Predicate = (icmp_ln119 & i_1 == 4 & tmp_18 == 2)> <Delay = 0.42>
ST_44 : Operation 838 [1/1] (0.42ns)   --->   "%store_ln171 = store i32 %add, i32 %mux_case_04503650_out" [top_cmplx.cpp:171]   --->   Operation 838 'store' 'store_ln171' <Predicate = (icmp_ln119 & i_1 == 4 & tmp_18 == 2)> <Delay = 0.42>
ST_44 : Operation 839 [1/1] (0.42ns)   --->   "%store_ln168 = store i32 %sub, i32 %mux_case_04453617_out" [top_cmplx.cpp:168]   --->   Operation 839 'store' 'store_ln168' <Predicate = (icmp_ln119 & i_1 == 4 & tmp_18 == 2)> <Delay = 0.42>
ST_44 : Operation 840 [1/1] (0.42ns)   --->   "%store_ln172 = store i32 %add1, i32 %mux_case_04803848_out" [top_cmplx.cpp:172]   --->   Operation 840 'store' 'store_ln172' <Predicate = (icmp_ln119 & i_1 == 4 & tmp_18 == 1)> <Delay = 0.42>
ST_44 : Operation 841 [1/1] (0.42ns)   --->   "%store_ln169 = store i32 %sub1, i32 %mux_case_04753815_out" [top_cmplx.cpp:169]   --->   Operation 841 'store' 'store_ln169' <Predicate = (icmp_ln119 & i_1 == 4 & tmp_18 == 1)> <Delay = 0.42>
ST_44 : Operation 842 [1/1] (0.42ns)   --->   "%store_ln171 = store i32 %add, i32 %mux_case_04503650_out" [top_cmplx.cpp:171]   --->   Operation 842 'store' 'store_ln171' <Predicate = (icmp_ln119 & i_1 == 4 & tmp_18 == 1)> <Delay = 0.42>
ST_44 : Operation 843 [1/1] (0.42ns)   --->   "%store_ln168 = store i32 %sub, i32 %mux_case_04453617_out" [top_cmplx.cpp:168]   --->   Operation 843 'store' 'store_ln168' <Predicate = (icmp_ln119 & i_1 == 4 & tmp_18 == 1)> <Delay = 0.42>
ST_44 : Operation 844 [1/1] (0.42ns)   --->   "%store_ln172 = store i32 %add1, i32 %mux_case_04803848_out" [top_cmplx.cpp:172]   --->   Operation 844 'store' 'store_ln172' <Predicate = (icmp_ln119 & i_1 == 4 & tmp_18 == 0)> <Delay = 0.42>
ST_44 : Operation 845 [1/1] (0.42ns)   --->   "%store_ln169 = store i32 %sub1, i32 %mux_case_04753815_out" [top_cmplx.cpp:169]   --->   Operation 845 'store' 'store_ln169' <Predicate = (icmp_ln119 & i_1 == 4 & tmp_18 == 0)> <Delay = 0.42>
ST_44 : Operation 846 [1/1] (0.42ns)   --->   "%store_ln171 = store i32 %add, i32 %mux_case_04503650_out" [top_cmplx.cpp:171]   --->   Operation 846 'store' 'store_ln171' <Predicate = (icmp_ln119 & i_1 == 4 & tmp_18 == 0)> <Delay = 0.42>
ST_44 : Operation 847 [1/1] (0.42ns)   --->   "%store_ln168 = store i32 %sub, i32 %mux_case_04453617_out" [top_cmplx.cpp:168]   --->   Operation 847 'store' 'store_ln168' <Predicate = (icmp_ln119 & i_1 == 4 & tmp_18 == 0)> <Delay = 0.42>
ST_44 : Operation 848 [1/1] (0.42ns)   --->   "%store_ln172 = store i32 %add1, i32 %mux_case_04803848_out" [top_cmplx.cpp:172]   --->   Operation 848 'store' 'store_ln172' <Predicate = (icmp_ln119 & i_1 == 4 & tmp_18 == 3)> <Delay = 0.42>
ST_44 : Operation 849 [1/1] (0.42ns)   --->   "%store_ln169 = store i32 %sub1, i32 %mux_case_04753815_out" [top_cmplx.cpp:169]   --->   Operation 849 'store' 'store_ln169' <Predicate = (icmp_ln119 & i_1 == 4 & tmp_18 == 3)> <Delay = 0.42>
ST_44 : Operation 850 [1/1] (0.42ns)   --->   "%store_ln171 = store i32 %add, i32 %mux_case_04503650_out" [top_cmplx.cpp:171]   --->   Operation 850 'store' 'store_ln171' <Predicate = (icmp_ln119 & i_1 == 4 & tmp_18 == 3)> <Delay = 0.42>
ST_44 : Operation 851 [1/1] (0.42ns)   --->   "%store_ln168 = store i32 %sub, i32 %mux_case_04453617_out" [top_cmplx.cpp:168]   --->   Operation 851 'store' 'store_ln168' <Predicate = (icmp_ln119 & i_1 == 4 & tmp_18 == 3)> <Delay = 0.42>
ST_44 : Operation 852 [1/1] (0.42ns)   --->   "%store_ln172 = store i32 %add1, i32 %mux_case_04753815_out" [top_cmplx.cpp:172]   --->   Operation 852 'store' 'store_ln172' <Predicate = (icmp_ln119 & i_1 == 3 & tmp_18 == 2)> <Delay = 0.42>
ST_44 : Operation 853 [1/1] (0.42ns)   --->   "%store_ln169 = store i32 %sub1, i32 %mux_case_04703782_out" [top_cmplx.cpp:169]   --->   Operation 853 'store' 'store_ln169' <Predicate = (icmp_ln119 & i_1 == 3 & tmp_18 == 2)> <Delay = 0.42>
ST_44 : Operation 854 [1/1] (0.42ns)   --->   "%store_ln171 = store i32 %add, i32 %mux_case_04453617_out" [top_cmplx.cpp:171]   --->   Operation 854 'store' 'store_ln171' <Predicate = (icmp_ln119 & i_1 == 3 & tmp_18 == 2)> <Delay = 0.42>
ST_44 : Operation 855 [1/1] (0.42ns)   --->   "%store_ln168 = store i32 %sub, i32 %mux_case_04403584_out" [top_cmplx.cpp:168]   --->   Operation 855 'store' 'store_ln168' <Predicate = (icmp_ln119 & i_1 == 3 & tmp_18 == 2)> <Delay = 0.42>
ST_44 : Operation 856 [1/1] (0.42ns)   --->   "%store_ln172 = store i32 %add1, i32 %mux_case_04753815_out" [top_cmplx.cpp:172]   --->   Operation 856 'store' 'store_ln172' <Predicate = (icmp_ln119 & i_1 == 3 & tmp_18 == 1)> <Delay = 0.42>
ST_44 : Operation 857 [1/1] (0.42ns)   --->   "%store_ln169 = store i32 %sub1, i32 %mux_case_04703782_out" [top_cmplx.cpp:169]   --->   Operation 857 'store' 'store_ln169' <Predicate = (icmp_ln119 & i_1 == 3 & tmp_18 == 1)> <Delay = 0.42>
ST_44 : Operation 858 [1/1] (0.42ns)   --->   "%store_ln171 = store i32 %add, i32 %mux_case_04453617_out" [top_cmplx.cpp:171]   --->   Operation 858 'store' 'store_ln171' <Predicate = (icmp_ln119 & i_1 == 3 & tmp_18 == 1)> <Delay = 0.42>
ST_44 : Operation 859 [1/1] (0.42ns)   --->   "%store_ln168 = store i32 %sub, i32 %mux_case_04403584_out" [top_cmplx.cpp:168]   --->   Operation 859 'store' 'store_ln168' <Predicate = (icmp_ln119 & i_1 == 3 & tmp_18 == 1)> <Delay = 0.42>
ST_44 : Operation 860 [1/1] (0.42ns)   --->   "%store_ln172 = store i32 %add1, i32 %mux_case_04753815_out" [top_cmplx.cpp:172]   --->   Operation 860 'store' 'store_ln172' <Predicate = (icmp_ln119 & i_1 == 3 & tmp_18 == 0)> <Delay = 0.42>
ST_44 : Operation 861 [1/1] (0.42ns)   --->   "%store_ln169 = store i32 %sub1, i32 %mux_case_04703782_out" [top_cmplx.cpp:169]   --->   Operation 861 'store' 'store_ln169' <Predicate = (icmp_ln119 & i_1 == 3 & tmp_18 == 0)> <Delay = 0.42>
ST_44 : Operation 862 [1/1] (0.42ns)   --->   "%store_ln171 = store i32 %add, i32 %mux_case_04453617_out" [top_cmplx.cpp:171]   --->   Operation 862 'store' 'store_ln171' <Predicate = (icmp_ln119 & i_1 == 3 & tmp_18 == 0)> <Delay = 0.42>
ST_44 : Operation 863 [1/1] (0.42ns)   --->   "%store_ln168 = store i32 %sub, i32 %mux_case_04403584_out" [top_cmplx.cpp:168]   --->   Operation 863 'store' 'store_ln168' <Predicate = (icmp_ln119 & i_1 == 3 & tmp_18 == 0)> <Delay = 0.42>
ST_44 : Operation 864 [1/1] (0.42ns)   --->   "%store_ln172 = store i32 %add1, i32 %mux_case_04753815_out" [top_cmplx.cpp:172]   --->   Operation 864 'store' 'store_ln172' <Predicate = (icmp_ln119 & i_1 == 3 & tmp_18 == 3)> <Delay = 0.42>
ST_44 : Operation 865 [1/1] (0.42ns)   --->   "%store_ln169 = store i32 %sub1, i32 %mux_case_04703782_out" [top_cmplx.cpp:169]   --->   Operation 865 'store' 'store_ln169' <Predicate = (icmp_ln119 & i_1 == 3 & tmp_18 == 3)> <Delay = 0.42>
ST_44 : Operation 866 [1/1] (0.42ns)   --->   "%store_ln171 = store i32 %add, i32 %mux_case_04453617_out" [top_cmplx.cpp:171]   --->   Operation 866 'store' 'store_ln171' <Predicate = (icmp_ln119 & i_1 == 3 & tmp_18 == 3)> <Delay = 0.42>
ST_44 : Operation 867 [1/1] (0.42ns)   --->   "%store_ln168 = store i32 %sub, i32 %mux_case_04403584_out" [top_cmplx.cpp:168]   --->   Operation 867 'store' 'store_ln168' <Predicate = (icmp_ln119 & i_1 == 3 & tmp_18 == 3)> <Delay = 0.42>
ST_44 : Operation 868 [1/1] (0.42ns)   --->   "%store_ln172 = store i32 %add1, i32 %mux_case_04703782_out" [top_cmplx.cpp:172]   --->   Operation 868 'store' 'store_ln172' <Predicate = (icmp_ln119 & i_1 == 2 & tmp_18 == 2)> <Delay = 0.42>
ST_44 : Operation 869 [1/1] (0.42ns)   --->   "%store_ln169 = store i32 %sub1, i32 %mux_case_04653749_out" [top_cmplx.cpp:169]   --->   Operation 869 'store' 'store_ln169' <Predicate = (icmp_ln119 & i_1 == 2 & tmp_18 == 2)> <Delay = 0.42>
ST_44 : Operation 870 [1/1] (0.42ns)   --->   "%store_ln171 = store i32 %add, i32 %mux_case_04403584_out" [top_cmplx.cpp:171]   --->   Operation 870 'store' 'store_ln171' <Predicate = (icmp_ln119 & i_1 == 2 & tmp_18 == 2)> <Delay = 0.42>
ST_44 : Operation 871 [1/1] (0.42ns)   --->   "%store_ln168 = store i32 %sub, i32 %mux_case_04353551_out" [top_cmplx.cpp:168]   --->   Operation 871 'store' 'store_ln168' <Predicate = (icmp_ln119 & i_1 == 2 & tmp_18 == 2)> <Delay = 0.42>
ST_44 : Operation 872 [1/1] (0.42ns)   --->   "%store_ln172 = store i32 %add1, i32 %mux_case_04703782_out" [top_cmplx.cpp:172]   --->   Operation 872 'store' 'store_ln172' <Predicate = (icmp_ln119 & i_1 == 2 & tmp_18 == 1)> <Delay = 0.42>
ST_44 : Operation 873 [1/1] (0.42ns)   --->   "%store_ln169 = store i32 %sub1, i32 %mux_case_04653749_out" [top_cmplx.cpp:169]   --->   Operation 873 'store' 'store_ln169' <Predicate = (icmp_ln119 & i_1 == 2 & tmp_18 == 1)> <Delay = 0.42>
ST_44 : Operation 874 [1/1] (0.42ns)   --->   "%store_ln171 = store i32 %add, i32 %mux_case_04403584_out" [top_cmplx.cpp:171]   --->   Operation 874 'store' 'store_ln171' <Predicate = (icmp_ln119 & i_1 == 2 & tmp_18 == 1)> <Delay = 0.42>
ST_44 : Operation 875 [1/1] (0.42ns)   --->   "%store_ln168 = store i32 %sub, i32 %mux_case_04353551_out" [top_cmplx.cpp:168]   --->   Operation 875 'store' 'store_ln168' <Predicate = (icmp_ln119 & i_1 == 2 & tmp_18 == 1)> <Delay = 0.42>
ST_44 : Operation 876 [1/1] (0.42ns)   --->   "%store_ln172 = store i32 %add1, i32 %mux_case_04703782_out" [top_cmplx.cpp:172]   --->   Operation 876 'store' 'store_ln172' <Predicate = (icmp_ln119 & i_1 == 2 & tmp_18 == 0)> <Delay = 0.42>
ST_44 : Operation 877 [1/1] (0.42ns)   --->   "%store_ln169 = store i32 %sub1, i32 %mux_case_04653749_out" [top_cmplx.cpp:169]   --->   Operation 877 'store' 'store_ln169' <Predicate = (icmp_ln119 & i_1 == 2 & tmp_18 == 0)> <Delay = 0.42>
ST_44 : Operation 878 [1/1] (0.42ns)   --->   "%store_ln171 = store i32 %add, i32 %mux_case_04403584_out" [top_cmplx.cpp:171]   --->   Operation 878 'store' 'store_ln171' <Predicate = (icmp_ln119 & i_1 == 2 & tmp_18 == 0)> <Delay = 0.42>
ST_44 : Operation 879 [1/1] (0.42ns)   --->   "%store_ln168 = store i32 %sub, i32 %mux_case_04353551_out" [top_cmplx.cpp:168]   --->   Operation 879 'store' 'store_ln168' <Predicate = (icmp_ln119 & i_1 == 2 & tmp_18 == 0)> <Delay = 0.42>
ST_44 : Operation 880 [1/1] (0.42ns)   --->   "%store_ln172 = store i32 %add1, i32 %mux_case_04703782_out" [top_cmplx.cpp:172]   --->   Operation 880 'store' 'store_ln172' <Predicate = (icmp_ln119 & i_1 == 2 & tmp_18 == 3)> <Delay = 0.42>
ST_44 : Operation 881 [1/1] (0.42ns)   --->   "%store_ln169 = store i32 %sub1, i32 %mux_case_04653749_out" [top_cmplx.cpp:169]   --->   Operation 881 'store' 'store_ln169' <Predicate = (icmp_ln119 & i_1 == 2 & tmp_18 == 3)> <Delay = 0.42>
ST_44 : Operation 882 [1/1] (0.42ns)   --->   "%store_ln171 = store i32 %add, i32 %mux_case_04403584_out" [top_cmplx.cpp:171]   --->   Operation 882 'store' 'store_ln171' <Predicate = (icmp_ln119 & i_1 == 2 & tmp_18 == 3)> <Delay = 0.42>
ST_44 : Operation 883 [1/1] (0.42ns)   --->   "%store_ln168 = store i32 %sub, i32 %mux_case_04353551_out" [top_cmplx.cpp:168]   --->   Operation 883 'store' 'store_ln168' <Predicate = (icmp_ln119 & i_1 == 2 & tmp_18 == 3)> <Delay = 0.42>
ST_44 : Operation 884 [1/1] (0.42ns)   --->   "%store_ln172 = store i32 %add1, i32 %mux_case_04653749_out" [top_cmplx.cpp:172]   --->   Operation 884 'store' 'store_ln172' <Predicate = (icmp_ln119 & i_1 == 1 & tmp_18 == 2)> <Delay = 0.42>
ST_44 : Operation 885 [1/1] (0.42ns)   --->   "%store_ln171 = store i32 %add, i32 %mux_case_04353551_out" [top_cmplx.cpp:171]   --->   Operation 885 'store' 'store_ln171' <Predicate = (icmp_ln119 & i_1 == 1 & tmp_18 == 2)> <Delay = 0.42>
ST_44 : Operation 886 [1/1] (0.00ns)   --->   "%store_ln169 = store i32 %sub1, i32 %mux_case_04603716_out" [top_cmplx.cpp:169]   --->   Operation 886 'store' 'store_ln169' <Predicate = (icmp_ln119 & i_1 == 1 & tmp_18 == 2)> <Delay = 0.00>
ST_44 : Operation 887 [1/1] (0.00ns)   --->   "%store_ln168 = store i32 %sub, i32 %mux_case_04303518_out" [top_cmplx.cpp:168]   --->   Operation 887 'store' 'store_ln168' <Predicate = (icmp_ln119 & i_1 == 1 & tmp_18 == 2)> <Delay = 0.00>
ST_44 : Operation 888 [1/1] (0.42ns)   --->   "%store_ln172 = store i32 %add1, i32 %mux_case_04653749_out" [top_cmplx.cpp:172]   --->   Operation 888 'store' 'store_ln172' <Predicate = (icmp_ln119 & i_1 == 1 & tmp_18 == 1)> <Delay = 0.42>
ST_44 : Operation 889 [1/1] (0.42ns)   --->   "%store_ln171 = store i32 %add, i32 %mux_case_04353551_out" [top_cmplx.cpp:171]   --->   Operation 889 'store' 'store_ln171' <Predicate = (icmp_ln119 & i_1 == 1 & tmp_18 == 1)> <Delay = 0.42>
ST_44 : Operation 890 [1/1] (0.00ns)   --->   "%store_ln169 = store i32 %sub1, i32 %mux_case_04603716_out" [top_cmplx.cpp:169]   --->   Operation 890 'store' 'store_ln169' <Predicate = (icmp_ln119 & i_1 == 1 & tmp_18 == 1)> <Delay = 0.00>
ST_44 : Operation 891 [1/1] (0.00ns)   --->   "%store_ln168 = store i32 %sub, i32 %mux_case_04303518_out" [top_cmplx.cpp:168]   --->   Operation 891 'store' 'store_ln168' <Predicate = (icmp_ln119 & i_1 == 1 & tmp_18 == 1)> <Delay = 0.00>
ST_44 : Operation 892 [1/1] (0.42ns)   --->   "%store_ln172 = store i32 %add1, i32 %mux_case_04653749_out" [top_cmplx.cpp:172]   --->   Operation 892 'store' 'store_ln172' <Predicate = (icmp_ln119 & i_1 == 1 & tmp_18 == 0)> <Delay = 0.42>
ST_44 : Operation 893 [1/1] (0.42ns)   --->   "%store_ln171 = store i32 %add, i32 %mux_case_04353551_out" [top_cmplx.cpp:171]   --->   Operation 893 'store' 'store_ln171' <Predicate = (icmp_ln119 & i_1 == 1 & tmp_18 == 0)> <Delay = 0.42>
ST_44 : Operation 894 [1/1] (0.00ns)   --->   "%store_ln169 = store i32 %sub1, i32 %mux_case_04603716_out" [top_cmplx.cpp:169]   --->   Operation 894 'store' 'store_ln169' <Predicate = (icmp_ln119 & i_1 == 1 & tmp_18 == 0)> <Delay = 0.00>
ST_44 : Operation 895 [1/1] (0.00ns)   --->   "%store_ln168 = store i32 %sub, i32 %mux_case_04303518_out" [top_cmplx.cpp:168]   --->   Operation 895 'store' 'store_ln168' <Predicate = (icmp_ln119 & i_1 == 1 & tmp_18 == 0)> <Delay = 0.00>
ST_44 : Operation 896 [1/1] (0.42ns)   --->   "%store_ln172 = store i32 %add1, i32 %mux_case_04653749_out" [top_cmplx.cpp:172]   --->   Operation 896 'store' 'store_ln172' <Predicate = (icmp_ln119 & i_1 == 1 & tmp_18 == 3)> <Delay = 0.42>
ST_44 : Operation 897 [1/1] (0.42ns)   --->   "%store_ln171 = store i32 %add, i32 %mux_case_04353551_out" [top_cmplx.cpp:171]   --->   Operation 897 'store' 'store_ln171' <Predicate = (icmp_ln119 & i_1 == 1 & tmp_18 == 3)> <Delay = 0.42>
ST_44 : Operation 898 [1/1] (0.00ns)   --->   "%store_ln169 = store i32 %sub1, i32 %mux_case_04603716_out" [top_cmplx.cpp:169]   --->   Operation 898 'store' 'store_ln169' <Predicate = (icmp_ln119 & i_1 == 1 & tmp_18 == 3)> <Delay = 0.00>
ST_44 : Operation 899 [1/1] (0.00ns)   --->   "%store_ln168 = store i32 %sub, i32 %mux_case_04303518_out" [top_cmplx.cpp:168]   --->   Operation 899 'store' 'store_ln168' <Predicate = (icmp_ln119 & i_1 == 1 & tmp_18 == 3)> <Delay = 0.00>
ST_44 : Operation 900 [1/1] (0.42ns)   --->   "%store_ln169 = store i32 %sub1, i32 %mux_case_04853881_out" [top_cmplx.cpp:169]   --->   Operation 900 'store' 'store_ln169' <Predicate = (icmp_ln119 & i_1 != 1 & i_1 != 2 & i_1 != 3 & i_1 != 4 & i_1 != 5 & tmp_18 == 2)> <Delay = 0.42>
ST_44 : Operation 901 [1/1] (0.42ns)   --->   "%store_ln168 = store i32 %sub, i32 %mux_case_04553683_out" [top_cmplx.cpp:168]   --->   Operation 901 'store' 'store_ln168' <Predicate = (icmp_ln119 & i_1 != 1 & i_1 != 2 & i_1 != 3 & i_1 != 4 & i_1 != 5 & tmp_18 == 2)> <Delay = 0.42>
ST_44 : Operation 902 [1/1] (0.00ns)   --->   "%store_ln172 = store i32 %add1, i32 %mux_case_05453947_out" [top_cmplx.cpp:172]   --->   Operation 902 'store' 'store_ln172' <Predicate = (icmp_ln119 & i_1 != 1 & i_1 != 2 & i_1 != 3 & i_1 != 4 & i_1 != 5 & tmp_18 == 2)> <Delay = 0.00>
ST_44 : Operation 903 [1/1] (0.00ns)   --->   "%store_ln171 = store i32 %add, i32 %mux_case_05153914_out" [top_cmplx.cpp:171]   --->   Operation 903 'store' 'store_ln171' <Predicate = (icmp_ln119 & i_1 != 1 & i_1 != 2 & i_1 != 3 & i_1 != 4 & i_1 != 5 & tmp_18 == 2)> <Delay = 0.00>
ST_44 : Operation 904 [1/1] (0.42ns)   --->   "%store_ln169 = store i32 %sub1, i32 %mux_case_04853881_out" [top_cmplx.cpp:169]   --->   Operation 904 'store' 'store_ln169' <Predicate = (icmp_ln119 & i_1 != 1 & i_1 != 2 & i_1 != 3 & i_1 != 4 & i_1 != 5 & tmp_18 == 1)> <Delay = 0.42>
ST_44 : Operation 905 [1/1] (0.42ns)   --->   "%store_ln168 = store i32 %sub, i32 %mux_case_04553683_out" [top_cmplx.cpp:168]   --->   Operation 905 'store' 'store_ln168' <Predicate = (icmp_ln119 & i_1 != 1 & i_1 != 2 & i_1 != 3 & i_1 != 4 & i_1 != 5 & tmp_18 == 1)> <Delay = 0.42>
ST_44 : Operation 906 [1/1] (0.00ns)   --->   "%store_ln172 = store i32 %add1, i32 %mux_case_05453947_out" [top_cmplx.cpp:172]   --->   Operation 906 'store' 'store_ln172' <Predicate = (icmp_ln119 & i_1 != 1 & i_1 != 2 & i_1 != 3 & i_1 != 4 & i_1 != 5 & tmp_18 == 1)> <Delay = 0.00>
ST_44 : Operation 907 [1/1] (0.00ns)   --->   "%store_ln171 = store i32 %add, i32 %mux_case_05153914_out" [top_cmplx.cpp:171]   --->   Operation 907 'store' 'store_ln171' <Predicate = (icmp_ln119 & i_1 != 1 & i_1 != 2 & i_1 != 3 & i_1 != 4 & i_1 != 5 & tmp_18 == 1)> <Delay = 0.00>
ST_44 : Operation 908 [1/1] (0.42ns)   --->   "%store_ln169 = store i32 %sub1, i32 %mux_case_04853881_out" [top_cmplx.cpp:169]   --->   Operation 908 'store' 'store_ln169' <Predicate = (icmp_ln119 & i_1 != 1 & i_1 != 2 & i_1 != 3 & i_1 != 4 & i_1 != 5 & tmp_18 == 0)> <Delay = 0.42>
ST_44 : Operation 909 [1/1] (0.42ns)   --->   "%store_ln168 = store i32 %sub, i32 %mux_case_04553683_out" [top_cmplx.cpp:168]   --->   Operation 909 'store' 'store_ln168' <Predicate = (icmp_ln119 & i_1 != 1 & i_1 != 2 & i_1 != 3 & i_1 != 4 & i_1 != 5 & tmp_18 == 0)> <Delay = 0.42>
ST_44 : Operation 910 [1/1] (0.00ns)   --->   "%store_ln172 = store i32 %add1, i32 %mux_case_05453947_out" [top_cmplx.cpp:172]   --->   Operation 910 'store' 'store_ln172' <Predicate = (icmp_ln119 & i_1 != 1 & i_1 != 2 & i_1 != 3 & i_1 != 4 & i_1 != 5 & tmp_18 == 0)> <Delay = 0.00>
ST_44 : Operation 911 [1/1] (0.00ns)   --->   "%store_ln171 = store i32 %add, i32 %mux_case_05153914_out" [top_cmplx.cpp:171]   --->   Operation 911 'store' 'store_ln171' <Predicate = (icmp_ln119 & i_1 != 1 & i_1 != 2 & i_1 != 3 & i_1 != 4 & i_1 != 5 & tmp_18 == 0)> <Delay = 0.00>
ST_44 : Operation 912 [1/1] (0.42ns)   --->   "%store_ln169 = store i32 %sub1, i32 %mux_case_04853881_out" [top_cmplx.cpp:169]   --->   Operation 912 'store' 'store_ln169' <Predicate = (icmp_ln119 & i_1 != 1 & i_1 != 2 & i_1 != 3 & i_1 != 4 & i_1 != 5 & tmp_18 == 3)> <Delay = 0.42>
ST_44 : Operation 913 [1/1] (0.42ns)   --->   "%store_ln168 = store i32 %sub, i32 %mux_case_04553683_out" [top_cmplx.cpp:168]   --->   Operation 913 'store' 'store_ln168' <Predicate = (icmp_ln119 & i_1 != 1 & i_1 != 2 & i_1 != 3 & i_1 != 4 & i_1 != 5 & tmp_18 == 3)> <Delay = 0.42>
ST_44 : Operation 914 [1/1] (0.00ns)   --->   "%store_ln172 = store i32 %add1, i32 %mux_case_05453947_out" [top_cmplx.cpp:172]   --->   Operation 914 'store' 'store_ln172' <Predicate = (icmp_ln119 & i_1 != 1 & i_1 != 2 & i_1 != 3 & i_1 != 4 & i_1 != 5 & tmp_18 == 3)> <Delay = 0.00>
ST_44 : Operation 915 [1/1] (0.00ns)   --->   "%store_ln171 = store i32 %add, i32 %mux_case_05153914_out" [top_cmplx.cpp:171]   --->   Operation 915 'store' 'store_ln171' <Predicate = (icmp_ln119 & i_1 != 1 & i_1 != 2 & i_1 != 3 & i_1 != 4 & i_1 != 5 & tmp_18 == 3)> <Delay = 0.00>

State 45 <SV = 44> <Delay = 8.41>
ST_45 : Operation 916 [1/1] (0.00ns)   --->   "%mux_case_01084 = phi i32 %mux_case_0170_load, void %real117.i204.case.3275, i32 %mux_case_0170_load, void %real117.i204.case.1273, i32 %mux_case_0170_load, void %real117.i204.case.3269, i32 %mux_case_0170_load, void %real117.i204.case.1267, i32 %mux_case_0170_load, void %real117.i204.case.3263, i32 %mux_case_0170_load, void %real117.i204.case.1261, i32 %mux_case_0170_load, void %real117.i204.case.3257, i32 %mux_case_0170_load, void %real117.i204.case.1255, i32 %mux_case_0170_load, void %real117.i204.case.3251, i32 %mux_case_0170_load, void %real117.i204.case.1249, i32 %mux_case_0170_load, void %real117.i204.case.3281, i32 %mux_case_0170_load, void %real117.i204.case.1279, i32 %mux_case_0170_load, void %real117.i204.case.1.real117.i204.exit_crit_edge, i32 %mux_case_0170_load, void %real117.i204.case.2.real117.i204.exit_crit_edge, i32 %mux_case_0170_load, void %real117.i204.case.3.real117.i204.exit_crit_edge, i32 %mux_case_0170_load, void %real117.i204.case.4.real117.i204.exit_crit_edge, i32 %mux_case_0170_load, void %real117.i204.case.5.real117.i204.exit_crit_edge, i32 %mux_case_0170_load, void %real117.i204.case.6.real117.i204.exit_crit_edge, i32 %mux_case_0170_load, void %real117.i204.case.1, i32 %mux_case_0170_load, void %real117.i204.case.2, i32 %mux_case_0170_load, void %real117.i204.case.3, i32 %mux_case_0170_load, void %real117.i204.case.4, i32 %mux_case_0170_load, void %real117.i204.case.5, i32 %R_real_1, void %real117.i204.case.6"   --->   Operation 916 'phi' 'mux_case_01084' <Predicate = (icmp_ln119)> <Delay = 0.00>
ST_45 : Operation 917 [1/1] (0.00ns)   --->   "%mux_case_01079 = phi i32 %mux_case_09141864, void %real117.i204.case.3275, i32 %mux_case_09141864, void %real117.i204.case.1273, i32 %mux_case_09141864, void %real117.i204.case.3269, i32 %mux_case_09141864, void %real117.i204.case.1267, i32 %mux_case_09141864, void %real117.i204.case.3263, i32 %mux_case_09141864, void %real117.i204.case.1261, i32 %mux_case_09141864, void %real117.i204.case.3257, i32 %mux_case_09141864, void %real117.i204.case.1255, i32 %mux_case_09141864, void %real117.i204.case.3251, i32 %mux_case_09141864, void %real117.i204.case.1249, i32 %mux_case_09141864, void %real117.i204.case.3281, i32 %mux_case_09141864, void %real117.i204.case.1279, i32 %mux_case_09141864, void %real117.i204.case.1.real117.i204.exit_crit_edge, i32 %mux_case_09141864, void %real117.i204.case.2.real117.i204.exit_crit_edge, i32 %mux_case_09141864, void %real117.i204.case.3.real117.i204.exit_crit_edge, i32 %mux_case_09141864, void %real117.i204.case.4.real117.i204.exit_crit_edge, i32 %mux_case_09141864, void %real117.i204.case.5.real117.i204.exit_crit_edge, i32 %mux_case_09141864, void %real117.i204.case.6.real117.i204.exit_crit_edge, i32 %mux_case_09141864, void %real117.i204.case.1, i32 %mux_case_09141864, void %real117.i204.case.2, i32 %mux_case_09141864, void %real117.i204.case.3, i32 %mux_case_09141864, void %real117.i204.case.4, i32 %R_real_1, void %real117.i204.case.5, i32 %mux_case_09141864, void %real117.i204.case.6"   --->   Operation 917 'phi' 'mux_case_01079' <Predicate = (icmp_ln119)> <Delay = 0.00>
ST_45 : Operation 918 [1/1] (0.00ns)   --->   "%mux_case_01074 = phi i32 %mux_case_09091848, void %real117.i204.case.3275, i32 %mux_case_09091848, void %real117.i204.case.1273, i32 %mux_case_09091848, void %real117.i204.case.3269, i32 %mux_case_09091848, void %real117.i204.case.1267, i32 %mux_case_09091848, void %real117.i204.case.3263, i32 %mux_case_09091848, void %real117.i204.case.1261, i32 %mux_case_09091848, void %real117.i204.case.3257, i32 %mux_case_09091848, void %real117.i204.case.1255, i32 %mux_case_09091848, void %real117.i204.case.3251, i32 %mux_case_09091848, void %real117.i204.case.1249, i32 %mux_case_09091848, void %real117.i204.case.3281, i32 %mux_case_09091848, void %real117.i204.case.1279, i32 %mux_case_09091848, void %real117.i204.case.1.real117.i204.exit_crit_edge, i32 %mux_case_09091848, void %real117.i204.case.2.real117.i204.exit_crit_edge, i32 %mux_case_09091848, void %real117.i204.case.3.real117.i204.exit_crit_edge, i32 %mux_case_09091848, void %real117.i204.case.4.real117.i204.exit_crit_edge, i32 %mux_case_09091848, void %real117.i204.case.5.real117.i204.exit_crit_edge, i32 %mux_case_09091848, void %real117.i204.case.6.real117.i204.exit_crit_edge, i32 %mux_case_09091848, void %real117.i204.case.1, i32 %mux_case_09091848, void %real117.i204.case.2, i32 %mux_case_09091848, void %real117.i204.case.3, i32 %R_real_1, void %real117.i204.case.4, i32 %mux_case_09091848, void %real117.i204.case.5, i32 %mux_case_09091848, void %real117.i204.case.6"   --->   Operation 918 'phi' 'mux_case_01074' <Predicate = (icmp_ln119)> <Delay = 0.00>
ST_45 : Operation 919 [1/1] (0.00ns)   --->   "%mux_case_01069 = phi i32 %mux_case_09041832, void %real117.i204.case.3275, i32 %mux_case_09041832, void %real117.i204.case.1273, i32 %mux_case_09041832, void %real117.i204.case.3269, i32 %mux_case_09041832, void %real117.i204.case.1267, i32 %mux_case_09041832, void %real117.i204.case.3263, i32 %mux_case_09041832, void %real117.i204.case.1261, i32 %mux_case_09041832, void %real117.i204.case.3257, i32 %mux_case_09041832, void %real117.i204.case.1255, i32 %mux_case_09041832, void %real117.i204.case.3251, i32 %mux_case_09041832, void %real117.i204.case.1249, i32 %mux_case_09041832, void %real117.i204.case.3281, i32 %mux_case_09041832, void %real117.i204.case.1279, i32 %mux_case_09041832, void %real117.i204.case.1.real117.i204.exit_crit_edge, i32 %mux_case_09041832, void %real117.i204.case.2.real117.i204.exit_crit_edge, i32 %mux_case_09041832, void %real117.i204.case.3.real117.i204.exit_crit_edge, i32 %mux_case_09041832, void %real117.i204.case.4.real117.i204.exit_crit_edge, i32 %mux_case_09041832, void %real117.i204.case.5.real117.i204.exit_crit_edge, i32 %mux_case_09041832, void %real117.i204.case.6.real117.i204.exit_crit_edge, i32 %mux_case_09041832, void %real117.i204.case.1, i32 %mux_case_09041832, void %real117.i204.case.2, i32 %R_real_1, void %real117.i204.case.3, i32 %mux_case_09041832, void %real117.i204.case.4, i32 %mux_case_09041832, void %real117.i204.case.5, i32 %mux_case_09041832, void %real117.i204.case.6"   --->   Operation 919 'phi' 'mux_case_01069' <Predicate = (icmp_ln119)> <Delay = 0.00>
ST_45 : Operation 920 [1/1] (0.00ns)   --->   "%mux_case_01064 = phi i32 %mux_case_08991816, void %real117.i204.case.3275, i32 %mux_case_08991816, void %real117.i204.case.1273, i32 %mux_case_08991816, void %real117.i204.case.3269, i32 %mux_case_08991816, void %real117.i204.case.1267, i32 %mux_case_08991816, void %real117.i204.case.3263, i32 %mux_case_08991816, void %real117.i204.case.1261, i32 %mux_case_08991816, void %real117.i204.case.3257, i32 %mux_case_08991816, void %real117.i204.case.1255, i32 %mux_case_08991816, void %real117.i204.case.3251, i32 %mux_case_08991816, void %real117.i204.case.1249, i32 %mux_case_08991816, void %real117.i204.case.3281, i32 %mux_case_08991816, void %real117.i204.case.1279, i32 %mux_case_08991816, void %real117.i204.case.1.real117.i204.exit_crit_edge, i32 %mux_case_08991816, void %real117.i204.case.2.real117.i204.exit_crit_edge, i32 %mux_case_08991816, void %real117.i204.case.3.real117.i204.exit_crit_edge, i32 %mux_case_08991816, void %real117.i204.case.4.real117.i204.exit_crit_edge, i32 %mux_case_08991816, void %real117.i204.case.5.real117.i204.exit_crit_edge, i32 %mux_case_08991816, void %real117.i204.case.6.real117.i204.exit_crit_edge, i32 %mux_case_08991816, void %real117.i204.case.1, i32 %R_real_1, void %real117.i204.case.2, i32 %mux_case_08991816, void %real117.i204.case.3, i32 %mux_case_08991816, void %real117.i204.case.4, i32 %mux_case_08991816, void %real117.i204.case.5, i32 %mux_case_08991816, void %real117.i204.case.6"   --->   Operation 920 'phi' 'mux_case_01064' <Predicate = (icmp_ln119)> <Delay = 0.00>
ST_45 : Operation 921 [1/1] (0.00ns)   --->   "%mux_case_01059 = phi i32 %mux_case_08941800, void %real117.i204.case.3275, i32 %mux_case_08941800, void %real117.i204.case.1273, i32 %mux_case_08941800, void %real117.i204.case.3269, i32 %mux_case_08941800, void %real117.i204.case.1267, i32 %mux_case_08941800, void %real117.i204.case.3263, i32 %mux_case_08941800, void %real117.i204.case.1261, i32 %mux_case_08941800, void %real117.i204.case.3257, i32 %mux_case_08941800, void %real117.i204.case.1255, i32 %mux_case_08941800, void %real117.i204.case.3251, i32 %mux_case_08941800, void %real117.i204.case.1249, i32 %mux_case_08941800, void %real117.i204.case.3281, i32 %mux_case_08941800, void %real117.i204.case.1279, i32 %mux_case_08941800, void %real117.i204.case.1.real117.i204.exit_crit_edge, i32 %mux_case_08941800, void %real117.i204.case.2.real117.i204.exit_crit_edge, i32 %mux_case_08941800, void %real117.i204.case.3.real117.i204.exit_crit_edge, i32 %mux_case_08941800, void %real117.i204.case.4.real117.i204.exit_crit_edge, i32 %mux_case_08941800, void %real117.i204.case.5.real117.i204.exit_crit_edge, i32 %mux_case_08941800, void %real117.i204.case.6.real117.i204.exit_crit_edge, i32 %R_real_1, void %real117.i204.case.1, i32 %mux_case_08941800, void %real117.i204.case.2, i32 %mux_case_08941800, void %real117.i204.case.3, i32 %mux_case_08941800, void %real117.i204.case.4, i32 %mux_case_08941800, void %real117.i204.case.5, i32 %mux_case_08941800, void %real117.i204.case.6"   --->   Operation 921 'phi' 'mux_case_01059' <Predicate = (icmp_ln119)> <Delay = 0.00>
ST_45 : Operation 922 [1/1] (0.00ns)   --->   "%mux_case_01533 = phi i32 %mux_case_0199_load, void %imag169.i205.case.3353, i32 %mux_case_0199_load, void %imag169.i205.case.1351, i32 %mux_case_0199_load, void %imag169.i205.case.3347, i32 %mux_case_0199_load, void %imag169.i205.case.1345, i32 %mux_case_0199_load, void %imag169.i205.case.3341, i32 %mux_case_0199_load, void %imag169.i205.case.1339, i32 %mux_case_0199_load, void %imag169.i205.case.3335, i32 %mux_case_0199_load, void %imag169.i205.case.1333, i32 %mux_case_0199_load, void %imag169.i205.case.3329, i32 %mux_case_0199_load, void %imag169.i205.case.1327, i32 %mux_case_0199_load, void %imag169.i205.case.3359, i32 %mux_case_0199_load, void %imag169.i205.case.1357, i32 %mux_case_0199_load, void %imag169.i205.case.1.imag169.i205.exit_crit_edge, i32 %mux_case_0199_load, void %imag169.i205.case.2.imag169.i205.exit_crit_edge, i32 %mux_case_0199_load, void %imag169.i205.case.3.imag169.i205.exit_crit_edge, i32 %mux_case_0199_load, void %imag169.i205.case.4.imag169.i205.exit_crit_edge, i32 %mux_case_0199_load, void %imag169.i205.case.5.imag169.i205.exit_crit_edge, i32 %mux_case_0199_load, void %imag169.i205.case.6.imag169.i205.exit_crit_edge, i32 %mux_case_0199_load, void %imag169.i205.case.1, i32 %mux_case_0199_load, void %imag169.i205.case.2, i32 %mux_case_0199_load, void %imag169.i205.case.3, i32 %mux_case_0199_load, void %imag169.i205.case.4, i32 %mux_case_0199_load, void %imag169.i205.case.5, i32 %R_imag_1, void %imag169.i205.case.6"   --->   Operation 922 'phi' 'mux_case_01533' <Predicate = (icmp_ln119)> <Delay = 0.00>
ST_45 : Operation 923 [1/1] (0.00ns)   --->   "%mux_case_01528 = phi i32 %mux_case_09441960, void %imag169.i205.case.3353, i32 %mux_case_09441960, void %imag169.i205.case.1351, i32 %mux_case_09441960, void %imag169.i205.case.3347, i32 %mux_case_09441960, void %imag169.i205.case.1345, i32 %mux_case_09441960, void %imag169.i205.case.3341, i32 %mux_case_09441960, void %imag169.i205.case.1339, i32 %mux_case_09441960, void %imag169.i205.case.3335, i32 %mux_case_09441960, void %imag169.i205.case.1333, i32 %mux_case_09441960, void %imag169.i205.case.3329, i32 %mux_case_09441960, void %imag169.i205.case.1327, i32 %mux_case_09441960, void %imag169.i205.case.3359, i32 %mux_case_09441960, void %imag169.i205.case.1357, i32 %mux_case_09441960, void %imag169.i205.case.1.imag169.i205.exit_crit_edge, i32 %mux_case_09441960, void %imag169.i205.case.2.imag169.i205.exit_crit_edge, i32 %mux_case_09441960, void %imag169.i205.case.3.imag169.i205.exit_crit_edge, i32 %mux_case_09441960, void %imag169.i205.case.4.imag169.i205.exit_crit_edge, i32 %mux_case_09441960, void %imag169.i205.case.5.imag169.i205.exit_crit_edge, i32 %mux_case_09441960, void %imag169.i205.case.6.imag169.i205.exit_crit_edge, i32 %mux_case_09441960, void %imag169.i205.case.1, i32 %mux_case_09441960, void %imag169.i205.case.2, i32 %mux_case_09441960, void %imag169.i205.case.3, i32 %mux_case_09441960, void %imag169.i205.case.4, i32 %R_imag_1, void %imag169.i205.case.5, i32 %mux_case_09441960, void %imag169.i205.case.6"   --->   Operation 923 'phi' 'mux_case_01528' <Predicate = (icmp_ln119)> <Delay = 0.00>
ST_45 : Operation 924 [1/1] (0.00ns)   --->   "%mux_case_01523 = phi i32 %mux_case_09391944, void %imag169.i205.case.3353, i32 %mux_case_09391944, void %imag169.i205.case.1351, i32 %mux_case_09391944, void %imag169.i205.case.3347, i32 %mux_case_09391944, void %imag169.i205.case.1345, i32 %mux_case_09391944, void %imag169.i205.case.3341, i32 %mux_case_09391944, void %imag169.i205.case.1339, i32 %mux_case_09391944, void %imag169.i205.case.3335, i32 %mux_case_09391944, void %imag169.i205.case.1333, i32 %mux_case_09391944, void %imag169.i205.case.3329, i32 %mux_case_09391944, void %imag169.i205.case.1327, i32 %mux_case_09391944, void %imag169.i205.case.3359, i32 %mux_case_09391944, void %imag169.i205.case.1357, i32 %mux_case_09391944, void %imag169.i205.case.1.imag169.i205.exit_crit_edge, i32 %mux_case_09391944, void %imag169.i205.case.2.imag169.i205.exit_crit_edge, i32 %mux_case_09391944, void %imag169.i205.case.3.imag169.i205.exit_crit_edge, i32 %mux_case_09391944, void %imag169.i205.case.4.imag169.i205.exit_crit_edge, i32 %mux_case_09391944, void %imag169.i205.case.5.imag169.i205.exit_crit_edge, i32 %mux_case_09391944, void %imag169.i205.case.6.imag169.i205.exit_crit_edge, i32 %mux_case_09391944, void %imag169.i205.case.1, i32 %mux_case_09391944, void %imag169.i205.case.2, i32 %mux_case_09391944, void %imag169.i205.case.3, i32 %R_imag_1, void %imag169.i205.case.4, i32 %mux_case_09391944, void %imag169.i205.case.5, i32 %mux_case_09391944, void %imag169.i205.case.6"   --->   Operation 924 'phi' 'mux_case_01523' <Predicate = (icmp_ln119)> <Delay = 0.00>
ST_45 : Operation 925 [1/1] (0.00ns)   --->   "%mux_case_01518 = phi i32 %mux_case_09341928, void %imag169.i205.case.3353, i32 %mux_case_09341928, void %imag169.i205.case.1351, i32 %mux_case_09341928, void %imag169.i205.case.3347, i32 %mux_case_09341928, void %imag169.i205.case.1345, i32 %mux_case_09341928, void %imag169.i205.case.3341, i32 %mux_case_09341928, void %imag169.i205.case.1339, i32 %mux_case_09341928, void %imag169.i205.case.3335, i32 %mux_case_09341928, void %imag169.i205.case.1333, i32 %mux_case_09341928, void %imag169.i205.case.3329, i32 %mux_case_09341928, void %imag169.i205.case.1327, i32 %mux_case_09341928, void %imag169.i205.case.3359, i32 %mux_case_09341928, void %imag169.i205.case.1357, i32 %mux_case_09341928, void %imag169.i205.case.1.imag169.i205.exit_crit_edge, i32 %mux_case_09341928, void %imag169.i205.case.2.imag169.i205.exit_crit_edge, i32 %mux_case_09341928, void %imag169.i205.case.3.imag169.i205.exit_crit_edge, i32 %mux_case_09341928, void %imag169.i205.case.4.imag169.i205.exit_crit_edge, i32 %mux_case_09341928, void %imag169.i205.case.5.imag169.i205.exit_crit_edge, i32 %mux_case_09341928, void %imag169.i205.case.6.imag169.i205.exit_crit_edge, i32 %mux_case_09341928, void %imag169.i205.case.1, i32 %mux_case_09341928, void %imag169.i205.case.2, i32 %R_imag_1, void %imag169.i205.case.3, i32 %mux_case_09341928, void %imag169.i205.case.4, i32 %mux_case_09341928, void %imag169.i205.case.5, i32 %mux_case_09341928, void %imag169.i205.case.6"   --->   Operation 925 'phi' 'mux_case_01518' <Predicate = (icmp_ln119)> <Delay = 0.00>
ST_45 : Operation 926 [1/1] (0.00ns)   --->   "%mux_case_01513 = phi i32 %mux_case_09291912, void %imag169.i205.case.3353, i32 %mux_case_09291912, void %imag169.i205.case.1351, i32 %mux_case_09291912, void %imag169.i205.case.3347, i32 %mux_case_09291912, void %imag169.i205.case.1345, i32 %mux_case_09291912, void %imag169.i205.case.3341, i32 %mux_case_09291912, void %imag169.i205.case.1339, i32 %mux_case_09291912, void %imag169.i205.case.3335, i32 %mux_case_09291912, void %imag169.i205.case.1333, i32 %mux_case_09291912, void %imag169.i205.case.3329, i32 %mux_case_09291912, void %imag169.i205.case.1327, i32 %mux_case_09291912, void %imag169.i205.case.3359, i32 %mux_case_09291912, void %imag169.i205.case.1357, i32 %mux_case_09291912, void %imag169.i205.case.1.imag169.i205.exit_crit_edge, i32 %mux_case_09291912, void %imag169.i205.case.2.imag169.i205.exit_crit_edge, i32 %mux_case_09291912, void %imag169.i205.case.3.imag169.i205.exit_crit_edge, i32 %mux_case_09291912, void %imag169.i205.case.4.imag169.i205.exit_crit_edge, i32 %mux_case_09291912, void %imag169.i205.case.5.imag169.i205.exit_crit_edge, i32 %mux_case_09291912, void %imag169.i205.case.6.imag169.i205.exit_crit_edge, i32 %mux_case_09291912, void %imag169.i205.case.1, i32 %R_imag_1, void %imag169.i205.case.2, i32 %mux_case_09291912, void %imag169.i205.case.3, i32 %mux_case_09291912, void %imag169.i205.case.4, i32 %mux_case_09291912, void %imag169.i205.case.5, i32 %mux_case_09291912, void %imag169.i205.case.6"   --->   Operation 926 'phi' 'mux_case_01513' <Predicate = (icmp_ln119)> <Delay = 0.00>
ST_45 : Operation 927 [1/1] (0.00ns)   --->   "%mux_case_01508 = phi i32 %mux_case_09241896, void %imag169.i205.case.3353, i32 %mux_case_09241896, void %imag169.i205.case.1351, i32 %mux_case_09241896, void %imag169.i205.case.3347, i32 %mux_case_09241896, void %imag169.i205.case.1345, i32 %mux_case_09241896, void %imag169.i205.case.3341, i32 %mux_case_09241896, void %imag169.i205.case.1339, i32 %mux_case_09241896, void %imag169.i205.case.3335, i32 %mux_case_09241896, void %imag169.i205.case.1333, i32 %mux_case_09241896, void %imag169.i205.case.3329, i32 %mux_case_09241896, void %imag169.i205.case.1327, i32 %mux_case_09241896, void %imag169.i205.case.3359, i32 %mux_case_09241896, void %imag169.i205.case.1357, i32 %mux_case_09241896, void %imag169.i205.case.1.imag169.i205.exit_crit_edge, i32 %mux_case_09241896, void %imag169.i205.case.2.imag169.i205.exit_crit_edge, i32 %mux_case_09241896, void %imag169.i205.case.3.imag169.i205.exit_crit_edge, i32 %mux_case_09241896, void %imag169.i205.case.4.imag169.i205.exit_crit_edge, i32 %mux_case_09241896, void %imag169.i205.case.5.imag169.i205.exit_crit_edge, i32 %mux_case_09241896, void %imag169.i205.case.6.imag169.i205.exit_crit_edge, i32 %R_imag_1, void %imag169.i205.case.1, i32 %mux_case_09241896, void %imag169.i205.case.2, i32 %mux_case_09241896, void %imag169.i205.case.3, i32 %mux_case_09241896, void %imag169.i205.case.4, i32 %mux_case_09241896, void %imag169.i205.case.5, i32 %mux_case_09241896, void %imag169.i205.case.6"   --->   Operation 927 'phi' 'mux_case_01508' <Predicate = (icmp_ln119)> <Delay = 0.00>
ST_45 : Operation 928 [2/2] (8.41ns)   --->   "%mul_i2 = fmul i32 %c, i32 %ai_r_1" [top_cmplx.cpp:41->top_cmplx.cpp:146]   --->   Operation 928 'fmul' 'mul_i2' <Predicate = (icmp_ln119 & !tmp_13)> <Delay = 8.41> <CoreInst = "FMul_maxdsp">   --->   Core 30 'FMul_maxdsp' <Latency = 1> <II = 1> <Delay = 8.41> <FuncUnit> <Opcode : 'fmul'> <InPorts = 2> <OutPorts = 1>
ST_45 : Operation 929 [2/2] (8.41ns)   --->   "%mul17_i1 = fmul i32 %s, i32 %aj_r_1" [top_cmplx.cpp:41->top_cmplx.cpp:146]   --->   Operation 929 'fmul' 'mul17_i1' <Predicate = (icmp_ln119 & !tmp_13)> <Delay = 8.41> <CoreInst = "FMul_maxdsp">   --->   Core 30 'FMul_maxdsp' <Latency = 1> <II = 1> <Delay = 8.41> <FuncUnit> <Opcode : 'fmul'> <InPorts = 2> <OutPorts = 1>
ST_45 : Operation 930 [2/2] (8.41ns)   --->   "%mul23_i1 = fmul i32 %c, i32 %ai_i_1" [top_cmplx.cpp:42->top_cmplx.cpp:146]   --->   Operation 930 'fmul' 'mul23_i1' <Predicate = (icmp_ln119 & !tmp_13)> <Delay = 8.41> <CoreInst = "FMul_maxdsp">   --->   Core 30 'FMul_maxdsp' <Latency = 1> <II = 1> <Delay = 8.41> <FuncUnit> <Opcode : 'fmul'> <InPorts = 2> <OutPorts = 1>
ST_45 : Operation 931 [2/2] (8.41ns)   --->   "%mul24_i1 = fmul i32 %s, i32 %aj_i_1" [top_cmplx.cpp:42->top_cmplx.cpp:146]   --->   Operation 931 'fmul' 'mul24_i1' <Predicate = (icmp_ln119 & !tmp_13)> <Delay = 8.41> <CoreInst = "FMul_maxdsp">   --->   Core 30 'FMul_maxdsp' <Latency = 1> <II = 1> <Delay = 8.41> <FuncUnit> <Opcode : 'fmul'> <InPorts = 2> <OutPorts = 1>
ST_45 : Operation 932 [2/2] (8.41ns)   --->   "%mul31_i1 = fmul i32 %s, i32 %ai_r_1" [top_cmplx.cpp:45->top_cmplx.cpp:146]   --->   Operation 932 'fmul' 'mul31_i1' <Predicate = (icmp_ln119 & !tmp_13)> <Delay = 8.41> <CoreInst = "FMul_maxdsp">   --->   Core 30 'FMul_maxdsp' <Latency = 1> <II = 1> <Delay = 8.41> <FuncUnit> <Opcode : 'fmul'> <InPorts = 2> <OutPorts = 1>
ST_45 : Operation 933 [2/2] (8.41ns)   --->   "%mul32_i1 = fmul i32 %c, i32 %aj_r_1" [top_cmplx.cpp:45->top_cmplx.cpp:146]   --->   Operation 933 'fmul' 'mul32_i1' <Predicate = (icmp_ln119 & !tmp_13)> <Delay = 8.41> <CoreInst = "FMul_maxdsp">   --->   Core 30 'FMul_maxdsp' <Latency = 1> <II = 1> <Delay = 8.41> <FuncUnit> <Opcode : 'fmul'> <InPorts = 2> <OutPorts = 1>
ST_45 : Operation 934 [2/2] (8.41ns)   --->   "%mul38_i1 = fmul i32 %s, i32 %ai_i_1" [top_cmplx.cpp:46->top_cmplx.cpp:146]   --->   Operation 934 'fmul' 'mul38_i1' <Predicate = (icmp_ln119 & !tmp_13)> <Delay = 8.41> <CoreInst = "FMul_maxdsp">   --->   Core 30 'FMul_maxdsp' <Latency = 1> <II = 1> <Delay = 8.41> <FuncUnit> <Opcode : 'fmul'> <InPorts = 2> <OutPorts = 1>
ST_45 : Operation 935 [2/2] (8.41ns)   --->   "%mul39_i1 = fmul i32 %c, i32 %aj_i_1" [top_cmplx.cpp:46->top_cmplx.cpp:146]   --->   Operation 935 'fmul' 'mul39_i1' <Predicate = (icmp_ln119 & !tmp_13)> <Delay = 8.41> <CoreInst = "FMul_maxdsp">   --->   Core 30 'FMul_maxdsp' <Latency = 1> <II = 1> <Delay = 8.41> <FuncUnit> <Opcode : 'fmul'> <InPorts = 2> <OutPorts = 1>
ST_45 : Operation 936 [1/1] (0.73ns)   --->   "%switch_ln42 = switch i3 %i_1, void %imag5.i148215.case.5, i3 1, void %imag5.i148215.case.0, i3 2, void %imag5.i148215.case.1, i3 3, void %imag5.i148215.case.2, i3 4, void %imag5.i148215.case.3, i3 5, void %imag5.i148215.case.4" [top_cmplx.cpp:42->top_cmplx.cpp:146]   --->   Operation 936 'switch' 'switch_ln42' <Predicate = (icmp_ln119 & !tmp_13)> <Delay = 0.73>
ST_45 : Operation 937 [1/4] (6.43ns)   --->   "%sub140_1 = fsub i32 %mul138_1, i32 %mul139_1" [top_cmplx.cpp:168]   --->   Operation 937 'fsub' 'sub140_1' <Predicate = (icmp_ln119)> <Delay = 6.43> <CoreInst = "FAddSub_fulldsp">   --->   Core 18 'FAddSub_fulldsp' <Latency = 3> <II = 1> <Delay = 6.43> <FuncUnit> <Opcode : 'fadd' 'fsub'> <InPorts = 2> <OutPorts = 1>
ST_45 : Operation 938 [1/4] (6.43ns)   --->   "%sub149_1 = fsub i32 %mul147_1, i32 %mul148_1" [top_cmplx.cpp:169]   --->   Operation 938 'fsub' 'sub149_1' <Predicate = (icmp_ln119)> <Delay = 6.43> <CoreInst = "FAddSub_fulldsp">   --->   Core 18 'FAddSub_fulldsp' <Latency = 3> <II = 1> <Delay = 6.43> <FuncUnit> <Opcode : 'fadd' 'fsub'> <InPorts = 2> <OutPorts = 1>
ST_45 : Operation 939 [1/4] (6.43ns)   --->   "%add158_1 = fadd i32 %mul156_1, i32 %mul157_1" [top_cmplx.cpp:171]   --->   Operation 939 'fadd' 'add158_1' <Predicate = (icmp_ln119)> <Delay = 6.43> <CoreInst = "FAddSub_fulldsp">   --->   Core 18 'FAddSub_fulldsp' <Latency = 3> <II = 1> <Delay = 6.43> <FuncUnit> <Opcode : 'fadd' 'fsub'> <InPorts = 2> <OutPorts = 1>
ST_45 : Operation 940 [1/4] (6.43ns)   --->   "%add166_1 = fadd i32 %mul164_1, i32 %mul165_1" [top_cmplx.cpp:172]   --->   Operation 940 'fadd' 'add166_1' <Predicate = (icmp_ln119)> <Delay = 6.43> <CoreInst = "FAddSub_fulldsp">   --->   Core 18 'FAddSub_fulldsp' <Latency = 3> <II = 1> <Delay = 6.43> <FuncUnit> <Opcode : 'fadd' 'fsub'> <InPorts = 2> <OutPorts = 1>
ST_45 : Operation 941 [2/4] (6.43ns)   --->   "%sub140_2 = fsub i32 %mul138_2, i32 %mul139_2" [top_cmplx.cpp:168]   --->   Operation 941 'fsub' 'sub140_2' <Predicate = (icmp_ln119)> <Delay = 6.43> <CoreInst = "FAddSub_fulldsp">   --->   Core 18 'FAddSub_fulldsp' <Latency = 3> <II = 1> <Delay = 6.43> <FuncUnit> <Opcode : 'fadd' 'fsub'> <InPorts = 2> <OutPorts = 1>
ST_45 : Operation 942 [2/4] (6.43ns)   --->   "%sub149_2 = fsub i32 %mul147_2, i32 %mul148_2" [top_cmplx.cpp:169]   --->   Operation 942 'fsub' 'sub149_2' <Predicate = (icmp_ln119)> <Delay = 6.43> <CoreInst = "FAddSub_fulldsp">   --->   Core 18 'FAddSub_fulldsp' <Latency = 3> <II = 1> <Delay = 6.43> <FuncUnit> <Opcode : 'fadd' 'fsub'> <InPorts = 2> <OutPorts = 1>
ST_45 : Operation 943 [2/4] (6.43ns)   --->   "%add158_2 = fadd i32 %mul156_2, i32 %mul157_2" [top_cmplx.cpp:171]   --->   Operation 943 'fadd' 'add158_2' <Predicate = (icmp_ln119)> <Delay = 6.43> <CoreInst = "FAddSub_fulldsp">   --->   Core 18 'FAddSub_fulldsp' <Latency = 3> <II = 1> <Delay = 6.43> <FuncUnit> <Opcode : 'fadd' 'fsub'> <InPorts = 2> <OutPorts = 1>
ST_45 : Operation 944 [2/4] (6.43ns)   --->   "%add166_2 = fadd i32 %mul164_2, i32 %mul165_2" [top_cmplx.cpp:172]   --->   Operation 944 'fadd' 'add166_2' <Predicate = (icmp_ln119)> <Delay = 6.43> <CoreInst = "FAddSub_fulldsp">   --->   Core 18 'FAddSub_fulldsp' <Latency = 3> <II = 1> <Delay = 6.43> <FuncUnit> <Opcode : 'fadd' 'fsub'> <InPorts = 2> <OutPorts = 1>
ST_45 : Operation 945 [3/4] (6.43ns)   --->   "%sub140_3 = fsub i32 %mul138_3, i32 %mul139_3" [top_cmplx.cpp:168]   --->   Operation 945 'fsub' 'sub140_3' <Predicate = (icmp_ln119)> <Delay = 6.43> <CoreInst = "FAddSub_fulldsp">   --->   Core 18 'FAddSub_fulldsp' <Latency = 3> <II = 1> <Delay = 6.43> <FuncUnit> <Opcode : 'fadd' 'fsub'> <InPorts = 2> <OutPorts = 1>
ST_45 : Operation 946 [3/4] (6.43ns)   --->   "%sub149_3 = fsub i32 %mul147_3, i32 %mul148_3" [top_cmplx.cpp:169]   --->   Operation 946 'fsub' 'sub149_3' <Predicate = (icmp_ln119)> <Delay = 6.43> <CoreInst = "FAddSub_fulldsp">   --->   Core 18 'FAddSub_fulldsp' <Latency = 3> <II = 1> <Delay = 6.43> <FuncUnit> <Opcode : 'fadd' 'fsub'> <InPorts = 2> <OutPorts = 1>
ST_45 : Operation 947 [3/4] (6.43ns)   --->   "%add158_3 = fadd i32 %mul156_3, i32 %mul157_3" [top_cmplx.cpp:171]   --->   Operation 947 'fadd' 'add158_3' <Predicate = (icmp_ln119)> <Delay = 6.43> <CoreInst = "FAddSub_fulldsp">   --->   Core 18 'FAddSub_fulldsp' <Latency = 3> <II = 1> <Delay = 6.43> <FuncUnit> <Opcode : 'fadd' 'fsub'> <InPorts = 2> <OutPorts = 1>
ST_45 : Operation 948 [3/4] (6.43ns)   --->   "%add166_3 = fadd i32 %mul164_3, i32 %mul165_3" [top_cmplx.cpp:172]   --->   Operation 948 'fadd' 'add166_3' <Predicate = (icmp_ln119)> <Delay = 6.43> <CoreInst = "FAddSub_fulldsp">   --->   Core 18 'FAddSub_fulldsp' <Latency = 3> <II = 1> <Delay = 6.43> <FuncUnit> <Opcode : 'fadd' 'fsub'> <InPorts = 2> <OutPorts = 1>
ST_45 : Operation 949 [1/1] (0.42ns)   --->   "%store_ln172 = store i32 %add166_1, i32 %mux_case_14863889_out" [top_cmplx.cpp:172]   --->   Operation 949 'store' 'store_ln172' <Predicate = (icmp_ln119 & i_1 == 5 & tmp_18 == 2)> <Delay = 0.42>
ST_45 : Operation 950 [1/1] (0.42ns)   --->   "%store_ln169 = store i32 %sub149_1, i32 %mux_case_14813857_out" [top_cmplx.cpp:169]   --->   Operation 950 'store' 'store_ln169' <Predicate = (icmp_ln119 & i_1 == 5 & tmp_18 == 2)> <Delay = 0.42>
ST_45 : Operation 951 [1/1] (0.42ns)   --->   "%store_ln171 = store i32 %add158_1, i32 %mux_case_14563691_out" [top_cmplx.cpp:171]   --->   Operation 951 'store' 'store_ln171' <Predicate = (icmp_ln119 & i_1 == 5 & tmp_18 == 2)> <Delay = 0.42>
ST_45 : Operation 952 [1/1] (0.42ns)   --->   "%store_ln168 = store i32 %sub140_1, i32 %mux_case_14513659_out" [top_cmplx.cpp:168]   --->   Operation 952 'store' 'store_ln168' <Predicate = (icmp_ln119 & i_1 == 5 & tmp_18 == 2)> <Delay = 0.42>
ST_45 : Operation 953 [1/1] (0.42ns)   --->   "%store_ln172 = store i32 %add166_1, i32 %mux_case_14863889_out" [top_cmplx.cpp:172]   --->   Operation 953 'store' 'store_ln172' <Predicate = (icmp_ln119 & i_1 == 5 & tmp_18 == 1)> <Delay = 0.42>
ST_45 : Operation 954 [1/1] (0.42ns)   --->   "%store_ln169 = store i32 %sub149_1, i32 %mux_case_14813857_out" [top_cmplx.cpp:169]   --->   Operation 954 'store' 'store_ln169' <Predicate = (icmp_ln119 & i_1 == 5 & tmp_18 == 1)> <Delay = 0.42>
ST_45 : Operation 955 [1/1] (0.42ns)   --->   "%store_ln171 = store i32 %add158_1, i32 %mux_case_14563691_out" [top_cmplx.cpp:171]   --->   Operation 955 'store' 'store_ln171' <Predicate = (icmp_ln119 & i_1 == 5 & tmp_18 == 1)> <Delay = 0.42>
ST_45 : Operation 956 [1/1] (0.42ns)   --->   "%store_ln168 = store i32 %sub140_1, i32 %mux_case_14513659_out" [top_cmplx.cpp:168]   --->   Operation 956 'store' 'store_ln168' <Predicate = (icmp_ln119 & i_1 == 5 & tmp_18 == 1)> <Delay = 0.42>
ST_45 : Operation 957 [1/1] (0.42ns)   --->   "%store_ln172 = store i32 %add166_1, i32 %mux_case_14863889_out" [top_cmplx.cpp:172]   --->   Operation 957 'store' 'store_ln172' <Predicate = (icmp_ln119 & i_1 == 5 & tmp_18 == 0)> <Delay = 0.42>
ST_45 : Operation 958 [1/1] (0.42ns)   --->   "%store_ln169 = store i32 %sub149_1, i32 %mux_case_14813857_out" [top_cmplx.cpp:169]   --->   Operation 958 'store' 'store_ln169' <Predicate = (icmp_ln119 & i_1 == 5 & tmp_18 == 0)> <Delay = 0.42>
ST_45 : Operation 959 [1/1] (0.42ns)   --->   "%store_ln171 = store i32 %add158_1, i32 %mux_case_14563691_out" [top_cmplx.cpp:171]   --->   Operation 959 'store' 'store_ln171' <Predicate = (icmp_ln119 & i_1 == 5 & tmp_18 == 0)> <Delay = 0.42>
ST_45 : Operation 960 [1/1] (0.42ns)   --->   "%store_ln168 = store i32 %sub140_1, i32 %mux_case_14513659_out" [top_cmplx.cpp:168]   --->   Operation 960 'store' 'store_ln168' <Predicate = (icmp_ln119 & i_1 == 5 & tmp_18 == 0)> <Delay = 0.42>
ST_45 : Operation 961 [1/1] (0.42ns)   --->   "%store_ln172 = store i32 %add166_1, i32 %mux_case_14863889_out" [top_cmplx.cpp:172]   --->   Operation 961 'store' 'store_ln172' <Predicate = (icmp_ln119 & i_1 == 5 & tmp_18 == 3)> <Delay = 0.42>
ST_45 : Operation 962 [1/1] (0.42ns)   --->   "%store_ln169 = store i32 %sub149_1, i32 %mux_case_14813857_out" [top_cmplx.cpp:169]   --->   Operation 962 'store' 'store_ln169' <Predicate = (icmp_ln119 & i_1 == 5 & tmp_18 == 3)> <Delay = 0.42>
ST_45 : Operation 963 [1/1] (0.42ns)   --->   "%store_ln171 = store i32 %add158_1, i32 %mux_case_14563691_out" [top_cmplx.cpp:171]   --->   Operation 963 'store' 'store_ln171' <Predicate = (icmp_ln119 & i_1 == 5 & tmp_18 == 3)> <Delay = 0.42>
ST_45 : Operation 964 [1/1] (0.42ns)   --->   "%store_ln168 = store i32 %sub140_1, i32 %mux_case_14513659_out" [top_cmplx.cpp:168]   --->   Operation 964 'store' 'store_ln168' <Predicate = (icmp_ln119 & i_1 == 5 & tmp_18 == 3)> <Delay = 0.42>
ST_45 : Operation 965 [1/1] (0.42ns)   --->   "%store_ln172 = store i32 %add166_1, i32 %mux_case_14813857_out" [top_cmplx.cpp:172]   --->   Operation 965 'store' 'store_ln172' <Predicate = (icmp_ln119 & i_1 == 4 & tmp_18 == 2)> <Delay = 0.42>
ST_45 : Operation 966 [1/1] (0.42ns)   --->   "%store_ln169 = store i32 %sub149_1, i32 %mux_case_14763823_out" [top_cmplx.cpp:169]   --->   Operation 966 'store' 'store_ln169' <Predicate = (icmp_ln119 & i_1 == 4 & tmp_18 == 2)> <Delay = 0.42>
ST_45 : Operation 967 [1/1] (0.42ns)   --->   "%store_ln171 = store i32 %add158_1, i32 %mux_case_14513659_out" [top_cmplx.cpp:171]   --->   Operation 967 'store' 'store_ln171' <Predicate = (icmp_ln119 & i_1 == 4 & tmp_18 == 2)> <Delay = 0.42>
ST_45 : Operation 968 [1/1] (0.42ns)   --->   "%store_ln168 = store i32 %sub140_1, i32 %mux_case_14463625_out" [top_cmplx.cpp:168]   --->   Operation 968 'store' 'store_ln168' <Predicate = (icmp_ln119 & i_1 == 4 & tmp_18 == 2)> <Delay = 0.42>
ST_45 : Operation 969 [1/1] (0.42ns)   --->   "%store_ln172 = store i32 %add166_1, i32 %mux_case_14813857_out" [top_cmplx.cpp:172]   --->   Operation 969 'store' 'store_ln172' <Predicate = (icmp_ln119 & i_1 == 4 & tmp_18 == 1)> <Delay = 0.42>
ST_45 : Operation 970 [1/1] (0.42ns)   --->   "%store_ln169 = store i32 %sub149_1, i32 %mux_case_14763823_out" [top_cmplx.cpp:169]   --->   Operation 970 'store' 'store_ln169' <Predicate = (icmp_ln119 & i_1 == 4 & tmp_18 == 1)> <Delay = 0.42>
ST_45 : Operation 971 [1/1] (0.42ns)   --->   "%store_ln171 = store i32 %add158_1, i32 %mux_case_14513659_out" [top_cmplx.cpp:171]   --->   Operation 971 'store' 'store_ln171' <Predicate = (icmp_ln119 & i_1 == 4 & tmp_18 == 1)> <Delay = 0.42>
ST_45 : Operation 972 [1/1] (0.42ns)   --->   "%store_ln168 = store i32 %sub140_1, i32 %mux_case_14463625_out" [top_cmplx.cpp:168]   --->   Operation 972 'store' 'store_ln168' <Predicate = (icmp_ln119 & i_1 == 4 & tmp_18 == 1)> <Delay = 0.42>
ST_45 : Operation 973 [1/1] (0.42ns)   --->   "%store_ln172 = store i32 %add166_1, i32 %mux_case_14813857_out" [top_cmplx.cpp:172]   --->   Operation 973 'store' 'store_ln172' <Predicate = (icmp_ln119 & i_1 == 4 & tmp_18 == 0)> <Delay = 0.42>
ST_45 : Operation 974 [1/1] (0.42ns)   --->   "%store_ln169 = store i32 %sub149_1, i32 %mux_case_14763823_out" [top_cmplx.cpp:169]   --->   Operation 974 'store' 'store_ln169' <Predicate = (icmp_ln119 & i_1 == 4 & tmp_18 == 0)> <Delay = 0.42>
ST_45 : Operation 975 [1/1] (0.42ns)   --->   "%store_ln171 = store i32 %add158_1, i32 %mux_case_14513659_out" [top_cmplx.cpp:171]   --->   Operation 975 'store' 'store_ln171' <Predicate = (icmp_ln119 & i_1 == 4 & tmp_18 == 0)> <Delay = 0.42>
ST_45 : Operation 976 [1/1] (0.42ns)   --->   "%store_ln168 = store i32 %sub140_1, i32 %mux_case_14463625_out" [top_cmplx.cpp:168]   --->   Operation 976 'store' 'store_ln168' <Predicate = (icmp_ln119 & i_1 == 4 & tmp_18 == 0)> <Delay = 0.42>
ST_45 : Operation 977 [1/1] (0.42ns)   --->   "%store_ln172 = store i32 %add166_1, i32 %mux_case_14813857_out" [top_cmplx.cpp:172]   --->   Operation 977 'store' 'store_ln172' <Predicate = (icmp_ln119 & i_1 == 4 & tmp_18 == 3)> <Delay = 0.42>
ST_45 : Operation 978 [1/1] (0.42ns)   --->   "%store_ln169 = store i32 %sub149_1, i32 %mux_case_14763823_out" [top_cmplx.cpp:169]   --->   Operation 978 'store' 'store_ln169' <Predicate = (icmp_ln119 & i_1 == 4 & tmp_18 == 3)> <Delay = 0.42>
ST_45 : Operation 979 [1/1] (0.42ns)   --->   "%store_ln171 = store i32 %add158_1, i32 %mux_case_14513659_out" [top_cmplx.cpp:171]   --->   Operation 979 'store' 'store_ln171' <Predicate = (icmp_ln119 & i_1 == 4 & tmp_18 == 3)> <Delay = 0.42>
ST_45 : Operation 980 [1/1] (0.42ns)   --->   "%store_ln168 = store i32 %sub140_1, i32 %mux_case_14463625_out" [top_cmplx.cpp:168]   --->   Operation 980 'store' 'store_ln168' <Predicate = (icmp_ln119 & i_1 == 4 & tmp_18 == 3)> <Delay = 0.42>
ST_45 : Operation 981 [1/1] (0.42ns)   --->   "%store_ln172 = store i32 %add166_1, i32 %mux_case_14763823_out" [top_cmplx.cpp:172]   --->   Operation 981 'store' 'store_ln172' <Predicate = (icmp_ln119 & i_1 == 3 & tmp_18 == 2)> <Delay = 0.42>
ST_45 : Operation 982 [1/1] (0.42ns)   --->   "%store_ln169 = store i32 %sub149_1, i32 %mux_case_14713790_out" [top_cmplx.cpp:169]   --->   Operation 982 'store' 'store_ln169' <Predicate = (icmp_ln119 & i_1 == 3 & tmp_18 == 2)> <Delay = 0.42>
ST_45 : Operation 983 [1/1] (0.42ns)   --->   "%store_ln171 = store i32 %add158_1, i32 %mux_case_14463625_out" [top_cmplx.cpp:171]   --->   Operation 983 'store' 'store_ln171' <Predicate = (icmp_ln119 & i_1 == 3 & tmp_18 == 2)> <Delay = 0.42>
ST_45 : Operation 984 [1/1] (0.42ns)   --->   "%store_ln168 = store i32 %sub140_1, i32 %mux_case_14413592_out" [top_cmplx.cpp:168]   --->   Operation 984 'store' 'store_ln168' <Predicate = (icmp_ln119 & i_1 == 3 & tmp_18 == 2)> <Delay = 0.42>
ST_45 : Operation 985 [1/1] (0.42ns)   --->   "%store_ln172 = store i32 %add166_1, i32 %mux_case_14763823_out" [top_cmplx.cpp:172]   --->   Operation 985 'store' 'store_ln172' <Predicate = (icmp_ln119 & i_1 == 3 & tmp_18 == 1)> <Delay = 0.42>
ST_45 : Operation 986 [1/1] (0.42ns)   --->   "%store_ln169 = store i32 %sub149_1, i32 %mux_case_14713790_out" [top_cmplx.cpp:169]   --->   Operation 986 'store' 'store_ln169' <Predicate = (icmp_ln119 & i_1 == 3 & tmp_18 == 1)> <Delay = 0.42>
ST_45 : Operation 987 [1/1] (0.42ns)   --->   "%store_ln171 = store i32 %add158_1, i32 %mux_case_14463625_out" [top_cmplx.cpp:171]   --->   Operation 987 'store' 'store_ln171' <Predicate = (icmp_ln119 & i_1 == 3 & tmp_18 == 1)> <Delay = 0.42>
ST_45 : Operation 988 [1/1] (0.42ns)   --->   "%store_ln168 = store i32 %sub140_1, i32 %mux_case_14413592_out" [top_cmplx.cpp:168]   --->   Operation 988 'store' 'store_ln168' <Predicate = (icmp_ln119 & i_1 == 3 & tmp_18 == 1)> <Delay = 0.42>
ST_45 : Operation 989 [1/1] (0.42ns)   --->   "%store_ln172 = store i32 %add166_1, i32 %mux_case_14763823_out" [top_cmplx.cpp:172]   --->   Operation 989 'store' 'store_ln172' <Predicate = (icmp_ln119 & i_1 == 3 & tmp_18 == 0)> <Delay = 0.42>
ST_45 : Operation 990 [1/1] (0.42ns)   --->   "%store_ln169 = store i32 %sub149_1, i32 %mux_case_14713790_out" [top_cmplx.cpp:169]   --->   Operation 990 'store' 'store_ln169' <Predicate = (icmp_ln119 & i_1 == 3 & tmp_18 == 0)> <Delay = 0.42>
ST_45 : Operation 991 [1/1] (0.42ns)   --->   "%store_ln171 = store i32 %add158_1, i32 %mux_case_14463625_out" [top_cmplx.cpp:171]   --->   Operation 991 'store' 'store_ln171' <Predicate = (icmp_ln119 & i_1 == 3 & tmp_18 == 0)> <Delay = 0.42>
ST_45 : Operation 992 [1/1] (0.42ns)   --->   "%store_ln168 = store i32 %sub140_1, i32 %mux_case_14413592_out" [top_cmplx.cpp:168]   --->   Operation 992 'store' 'store_ln168' <Predicate = (icmp_ln119 & i_1 == 3 & tmp_18 == 0)> <Delay = 0.42>
ST_45 : Operation 993 [1/1] (0.42ns)   --->   "%store_ln172 = store i32 %add166_1, i32 %mux_case_14763823_out" [top_cmplx.cpp:172]   --->   Operation 993 'store' 'store_ln172' <Predicate = (icmp_ln119 & i_1 == 3 & tmp_18 == 3)> <Delay = 0.42>
ST_45 : Operation 994 [1/1] (0.42ns)   --->   "%store_ln169 = store i32 %sub149_1, i32 %mux_case_14713790_out" [top_cmplx.cpp:169]   --->   Operation 994 'store' 'store_ln169' <Predicate = (icmp_ln119 & i_1 == 3 & tmp_18 == 3)> <Delay = 0.42>
ST_45 : Operation 995 [1/1] (0.42ns)   --->   "%store_ln171 = store i32 %add158_1, i32 %mux_case_14463625_out" [top_cmplx.cpp:171]   --->   Operation 995 'store' 'store_ln171' <Predicate = (icmp_ln119 & i_1 == 3 & tmp_18 == 3)> <Delay = 0.42>
ST_45 : Operation 996 [1/1] (0.42ns)   --->   "%store_ln168 = store i32 %sub140_1, i32 %mux_case_14413592_out" [top_cmplx.cpp:168]   --->   Operation 996 'store' 'store_ln168' <Predicate = (icmp_ln119 & i_1 == 3 & tmp_18 == 3)> <Delay = 0.42>
ST_45 : Operation 997 [1/1] (0.42ns)   --->   "%store_ln172 = store i32 %add166_1, i32 %mux_case_14713790_out" [top_cmplx.cpp:172]   --->   Operation 997 'store' 'store_ln172' <Predicate = (icmp_ln119 & i_1 == 2 & tmp_18 == 2)> <Delay = 0.42>
ST_45 : Operation 998 [1/1] (0.42ns)   --->   "%store_ln169 = store i32 %sub149_1, i32 %mux_case_14663757_out" [top_cmplx.cpp:169]   --->   Operation 998 'store' 'store_ln169' <Predicate = (icmp_ln119 & i_1 == 2 & tmp_18 == 2)> <Delay = 0.42>
ST_45 : Operation 999 [1/1] (0.42ns)   --->   "%store_ln171 = store i32 %add158_1, i32 %mux_case_14413592_out" [top_cmplx.cpp:171]   --->   Operation 999 'store' 'store_ln171' <Predicate = (icmp_ln119 & i_1 == 2 & tmp_18 == 2)> <Delay = 0.42>
ST_45 : Operation 1000 [1/1] (0.42ns)   --->   "%store_ln168 = store i32 %sub140_1, i32 %mux_case_14363559_out" [top_cmplx.cpp:168]   --->   Operation 1000 'store' 'store_ln168' <Predicate = (icmp_ln119 & i_1 == 2 & tmp_18 == 2)> <Delay = 0.42>
ST_45 : Operation 1001 [1/1] (0.42ns)   --->   "%store_ln172 = store i32 %add166_1, i32 %mux_case_14713790_out" [top_cmplx.cpp:172]   --->   Operation 1001 'store' 'store_ln172' <Predicate = (icmp_ln119 & i_1 == 2 & tmp_18 == 1)> <Delay = 0.42>
ST_45 : Operation 1002 [1/1] (0.42ns)   --->   "%store_ln169 = store i32 %sub149_1, i32 %mux_case_14663757_out" [top_cmplx.cpp:169]   --->   Operation 1002 'store' 'store_ln169' <Predicate = (icmp_ln119 & i_1 == 2 & tmp_18 == 1)> <Delay = 0.42>
ST_45 : Operation 1003 [1/1] (0.42ns)   --->   "%store_ln171 = store i32 %add158_1, i32 %mux_case_14413592_out" [top_cmplx.cpp:171]   --->   Operation 1003 'store' 'store_ln171' <Predicate = (icmp_ln119 & i_1 == 2 & tmp_18 == 1)> <Delay = 0.42>
ST_45 : Operation 1004 [1/1] (0.42ns)   --->   "%store_ln168 = store i32 %sub140_1, i32 %mux_case_14363559_out" [top_cmplx.cpp:168]   --->   Operation 1004 'store' 'store_ln168' <Predicate = (icmp_ln119 & i_1 == 2 & tmp_18 == 1)> <Delay = 0.42>
ST_45 : Operation 1005 [1/1] (0.42ns)   --->   "%store_ln172 = store i32 %add166_1, i32 %mux_case_14713790_out" [top_cmplx.cpp:172]   --->   Operation 1005 'store' 'store_ln172' <Predicate = (icmp_ln119 & i_1 == 2 & tmp_18 == 0)> <Delay = 0.42>
ST_45 : Operation 1006 [1/1] (0.42ns)   --->   "%store_ln169 = store i32 %sub149_1, i32 %mux_case_14663757_out" [top_cmplx.cpp:169]   --->   Operation 1006 'store' 'store_ln169' <Predicate = (icmp_ln119 & i_1 == 2 & tmp_18 == 0)> <Delay = 0.42>
ST_45 : Operation 1007 [1/1] (0.42ns)   --->   "%store_ln171 = store i32 %add158_1, i32 %mux_case_14413592_out" [top_cmplx.cpp:171]   --->   Operation 1007 'store' 'store_ln171' <Predicate = (icmp_ln119 & i_1 == 2 & tmp_18 == 0)> <Delay = 0.42>
ST_45 : Operation 1008 [1/1] (0.42ns)   --->   "%store_ln168 = store i32 %sub140_1, i32 %mux_case_14363559_out" [top_cmplx.cpp:168]   --->   Operation 1008 'store' 'store_ln168' <Predicate = (icmp_ln119 & i_1 == 2 & tmp_18 == 0)> <Delay = 0.42>
ST_45 : Operation 1009 [1/1] (0.42ns)   --->   "%store_ln172 = store i32 %add166_1, i32 %mux_case_14713790_out" [top_cmplx.cpp:172]   --->   Operation 1009 'store' 'store_ln172' <Predicate = (icmp_ln119 & i_1 == 2 & tmp_18 == 3)> <Delay = 0.42>
ST_45 : Operation 1010 [1/1] (0.42ns)   --->   "%store_ln169 = store i32 %sub149_1, i32 %mux_case_14663757_out" [top_cmplx.cpp:169]   --->   Operation 1010 'store' 'store_ln169' <Predicate = (icmp_ln119 & i_1 == 2 & tmp_18 == 3)> <Delay = 0.42>
ST_45 : Operation 1011 [1/1] (0.42ns)   --->   "%store_ln171 = store i32 %add158_1, i32 %mux_case_14413592_out" [top_cmplx.cpp:171]   --->   Operation 1011 'store' 'store_ln171' <Predicate = (icmp_ln119 & i_1 == 2 & tmp_18 == 3)> <Delay = 0.42>
ST_45 : Operation 1012 [1/1] (0.42ns)   --->   "%store_ln168 = store i32 %sub140_1, i32 %mux_case_14363559_out" [top_cmplx.cpp:168]   --->   Operation 1012 'store' 'store_ln168' <Predicate = (icmp_ln119 & i_1 == 2 & tmp_18 == 3)> <Delay = 0.42>
ST_45 : Operation 1013 [1/1] (0.42ns)   --->   "%store_ln172 = store i32 %add166_1, i32 %mux_case_14663757_out" [top_cmplx.cpp:172]   --->   Operation 1013 'store' 'store_ln172' <Predicate = (icmp_ln119 & i_1 == 1 & tmp_18 == 2)> <Delay = 0.42>
ST_45 : Operation 1014 [1/1] (0.42ns)   --->   "%store_ln171 = store i32 %add158_1, i32 %mux_case_14363559_out" [top_cmplx.cpp:171]   --->   Operation 1014 'store' 'store_ln171' <Predicate = (icmp_ln119 & i_1 == 1 & tmp_18 == 2)> <Delay = 0.42>
ST_45 : Operation 1015 [1/1] (0.00ns)   --->   "%store_ln169 = store i32 %sub149_1, i32 %mux_case_14613725_out" [top_cmplx.cpp:169]   --->   Operation 1015 'store' 'store_ln169' <Predicate = (icmp_ln119 & i_1 == 1 & tmp_18 == 2)> <Delay = 0.00>
ST_45 : Operation 1016 [1/1] (0.00ns)   --->   "%store_ln168 = store i32 %sub140_1, i32 %mux_case_14313527_out" [top_cmplx.cpp:168]   --->   Operation 1016 'store' 'store_ln168' <Predicate = (icmp_ln119 & i_1 == 1 & tmp_18 == 2)> <Delay = 0.00>
ST_45 : Operation 1017 [1/1] (0.42ns)   --->   "%store_ln172 = store i32 %add166_1, i32 %mux_case_14663757_out" [top_cmplx.cpp:172]   --->   Operation 1017 'store' 'store_ln172' <Predicate = (icmp_ln119 & i_1 == 1 & tmp_18 == 1)> <Delay = 0.42>
ST_45 : Operation 1018 [1/1] (0.42ns)   --->   "%store_ln171 = store i32 %add158_1, i32 %mux_case_14363559_out" [top_cmplx.cpp:171]   --->   Operation 1018 'store' 'store_ln171' <Predicate = (icmp_ln119 & i_1 == 1 & tmp_18 == 1)> <Delay = 0.42>
ST_45 : Operation 1019 [1/1] (0.00ns)   --->   "%store_ln169 = store i32 %sub149_1, i32 %mux_case_14613725_out" [top_cmplx.cpp:169]   --->   Operation 1019 'store' 'store_ln169' <Predicate = (icmp_ln119 & i_1 == 1 & tmp_18 == 1)> <Delay = 0.00>
ST_45 : Operation 1020 [1/1] (0.00ns)   --->   "%store_ln168 = store i32 %sub140_1, i32 %mux_case_14313527_out" [top_cmplx.cpp:168]   --->   Operation 1020 'store' 'store_ln168' <Predicate = (icmp_ln119 & i_1 == 1 & tmp_18 == 1)> <Delay = 0.00>
ST_45 : Operation 1021 [1/1] (0.42ns)   --->   "%store_ln172 = store i32 %add166_1, i32 %mux_case_14663757_out" [top_cmplx.cpp:172]   --->   Operation 1021 'store' 'store_ln172' <Predicate = (icmp_ln119 & i_1 == 1 & tmp_18 == 0)> <Delay = 0.42>
ST_45 : Operation 1022 [1/1] (0.42ns)   --->   "%store_ln171 = store i32 %add158_1, i32 %mux_case_14363559_out" [top_cmplx.cpp:171]   --->   Operation 1022 'store' 'store_ln171' <Predicate = (icmp_ln119 & i_1 == 1 & tmp_18 == 0)> <Delay = 0.42>
ST_45 : Operation 1023 [1/1] (0.00ns)   --->   "%store_ln169 = store i32 %sub149_1, i32 %mux_case_14613725_out" [top_cmplx.cpp:169]   --->   Operation 1023 'store' 'store_ln169' <Predicate = (icmp_ln119 & i_1 == 1 & tmp_18 == 0)> <Delay = 0.00>
ST_45 : Operation 1024 [1/1] (0.00ns)   --->   "%store_ln168 = store i32 %sub140_1, i32 %mux_case_14313527_out" [top_cmplx.cpp:168]   --->   Operation 1024 'store' 'store_ln168' <Predicate = (icmp_ln119 & i_1 == 1 & tmp_18 == 0)> <Delay = 0.00>
ST_45 : Operation 1025 [1/1] (0.42ns)   --->   "%store_ln172 = store i32 %add166_1, i32 %mux_case_14663757_out" [top_cmplx.cpp:172]   --->   Operation 1025 'store' 'store_ln172' <Predicate = (icmp_ln119 & i_1 == 1 & tmp_18 == 3)> <Delay = 0.42>
ST_45 : Operation 1026 [1/1] (0.42ns)   --->   "%store_ln171 = store i32 %add158_1, i32 %mux_case_14363559_out" [top_cmplx.cpp:171]   --->   Operation 1026 'store' 'store_ln171' <Predicate = (icmp_ln119 & i_1 == 1 & tmp_18 == 3)> <Delay = 0.42>
ST_45 : Operation 1027 [1/1] (0.00ns)   --->   "%store_ln169 = store i32 %sub149_1, i32 %mux_case_14613725_out" [top_cmplx.cpp:169]   --->   Operation 1027 'store' 'store_ln169' <Predicate = (icmp_ln119 & i_1 == 1 & tmp_18 == 3)> <Delay = 0.00>
ST_45 : Operation 1028 [1/1] (0.00ns)   --->   "%store_ln168 = store i32 %sub140_1, i32 %mux_case_14313527_out" [top_cmplx.cpp:168]   --->   Operation 1028 'store' 'store_ln168' <Predicate = (icmp_ln119 & i_1 == 1 & tmp_18 == 3)> <Delay = 0.00>
ST_45 : Operation 1029 [1/1] (0.42ns)   --->   "%store_ln169 = store i32 %sub149_1, i32 %mux_case_14863889_out" [top_cmplx.cpp:169]   --->   Operation 1029 'store' 'store_ln169' <Predicate = (icmp_ln119 & i_1 != 1 & i_1 != 2 & i_1 != 3 & i_1 != 4 & i_1 != 5 & tmp_18 == 2)> <Delay = 0.42>
ST_45 : Operation 1030 [1/1] (0.42ns)   --->   "%store_ln168 = store i32 %sub140_1, i32 %mux_case_14563691_out" [top_cmplx.cpp:168]   --->   Operation 1030 'store' 'store_ln168' <Predicate = (icmp_ln119 & i_1 != 1 & i_1 != 2 & i_1 != 3 & i_1 != 4 & i_1 != 5 & tmp_18 == 2)> <Delay = 0.42>
ST_45 : Operation 1031 [1/1] (0.00ns)   --->   "%store_ln172 = store i32 %add166_1, i32 %mux_case_15463955_out" [top_cmplx.cpp:172]   --->   Operation 1031 'store' 'store_ln172' <Predicate = (icmp_ln119 & i_1 != 1 & i_1 != 2 & i_1 != 3 & i_1 != 4 & i_1 != 5 & tmp_18 == 2)> <Delay = 0.00>
ST_45 : Operation 1032 [1/1] (0.00ns)   --->   "%store_ln171 = store i32 %add158_1, i32 %mux_case_15163922_out" [top_cmplx.cpp:171]   --->   Operation 1032 'store' 'store_ln171' <Predicate = (icmp_ln119 & i_1 != 1 & i_1 != 2 & i_1 != 3 & i_1 != 4 & i_1 != 5 & tmp_18 == 2)> <Delay = 0.00>
ST_45 : Operation 1033 [1/1] (0.42ns)   --->   "%store_ln169 = store i32 %sub149_1, i32 %mux_case_14863889_out" [top_cmplx.cpp:169]   --->   Operation 1033 'store' 'store_ln169' <Predicate = (icmp_ln119 & i_1 != 1 & i_1 != 2 & i_1 != 3 & i_1 != 4 & i_1 != 5 & tmp_18 == 1)> <Delay = 0.42>
ST_45 : Operation 1034 [1/1] (0.42ns)   --->   "%store_ln168 = store i32 %sub140_1, i32 %mux_case_14563691_out" [top_cmplx.cpp:168]   --->   Operation 1034 'store' 'store_ln168' <Predicate = (icmp_ln119 & i_1 != 1 & i_1 != 2 & i_1 != 3 & i_1 != 4 & i_1 != 5 & tmp_18 == 1)> <Delay = 0.42>
ST_45 : Operation 1035 [1/1] (0.00ns)   --->   "%store_ln172 = store i32 %add166_1, i32 %mux_case_15463955_out" [top_cmplx.cpp:172]   --->   Operation 1035 'store' 'store_ln172' <Predicate = (icmp_ln119 & i_1 != 1 & i_1 != 2 & i_1 != 3 & i_1 != 4 & i_1 != 5 & tmp_18 == 1)> <Delay = 0.00>
ST_45 : Operation 1036 [1/1] (0.00ns)   --->   "%store_ln171 = store i32 %add158_1, i32 %mux_case_15163922_out" [top_cmplx.cpp:171]   --->   Operation 1036 'store' 'store_ln171' <Predicate = (icmp_ln119 & i_1 != 1 & i_1 != 2 & i_1 != 3 & i_1 != 4 & i_1 != 5 & tmp_18 == 1)> <Delay = 0.00>
ST_45 : Operation 1037 [1/1] (0.42ns)   --->   "%store_ln169 = store i32 %sub149_1, i32 %mux_case_14863889_out" [top_cmplx.cpp:169]   --->   Operation 1037 'store' 'store_ln169' <Predicate = (icmp_ln119 & i_1 != 1 & i_1 != 2 & i_1 != 3 & i_1 != 4 & i_1 != 5 & tmp_18 == 0)> <Delay = 0.42>
ST_45 : Operation 1038 [1/1] (0.42ns)   --->   "%store_ln168 = store i32 %sub140_1, i32 %mux_case_14563691_out" [top_cmplx.cpp:168]   --->   Operation 1038 'store' 'store_ln168' <Predicate = (icmp_ln119 & i_1 != 1 & i_1 != 2 & i_1 != 3 & i_1 != 4 & i_1 != 5 & tmp_18 == 0)> <Delay = 0.42>
ST_45 : Operation 1039 [1/1] (0.00ns)   --->   "%store_ln172 = store i32 %add166_1, i32 %mux_case_15463955_out" [top_cmplx.cpp:172]   --->   Operation 1039 'store' 'store_ln172' <Predicate = (icmp_ln119 & i_1 != 1 & i_1 != 2 & i_1 != 3 & i_1 != 4 & i_1 != 5 & tmp_18 == 0)> <Delay = 0.00>
ST_45 : Operation 1040 [1/1] (0.00ns)   --->   "%store_ln171 = store i32 %add158_1, i32 %mux_case_15163922_out" [top_cmplx.cpp:171]   --->   Operation 1040 'store' 'store_ln171' <Predicate = (icmp_ln119 & i_1 != 1 & i_1 != 2 & i_1 != 3 & i_1 != 4 & i_1 != 5 & tmp_18 == 0)> <Delay = 0.00>
ST_45 : Operation 1041 [1/1] (0.42ns)   --->   "%store_ln169 = store i32 %sub149_1, i32 %mux_case_14863889_out" [top_cmplx.cpp:169]   --->   Operation 1041 'store' 'store_ln169' <Predicate = (icmp_ln119 & i_1 != 1 & i_1 != 2 & i_1 != 3 & i_1 != 4 & i_1 != 5 & tmp_18 == 3)> <Delay = 0.42>
ST_45 : Operation 1042 [1/1] (0.42ns)   --->   "%store_ln168 = store i32 %sub140_1, i32 %mux_case_14563691_out" [top_cmplx.cpp:168]   --->   Operation 1042 'store' 'store_ln168' <Predicate = (icmp_ln119 & i_1 != 1 & i_1 != 2 & i_1 != 3 & i_1 != 4 & i_1 != 5 & tmp_18 == 3)> <Delay = 0.42>
ST_45 : Operation 1043 [1/1] (0.00ns)   --->   "%store_ln172 = store i32 %add166_1, i32 %mux_case_15463955_out" [top_cmplx.cpp:172]   --->   Operation 1043 'store' 'store_ln172' <Predicate = (icmp_ln119 & i_1 != 1 & i_1 != 2 & i_1 != 3 & i_1 != 4 & i_1 != 5 & tmp_18 == 3)> <Delay = 0.00>
ST_45 : Operation 1044 [1/1] (0.00ns)   --->   "%store_ln171 = store i32 %add158_1, i32 %mux_case_15163922_out" [top_cmplx.cpp:171]   --->   Operation 1044 'store' 'store_ln171' <Predicate = (icmp_ln119 & i_1 != 1 & i_1 != 2 & i_1 != 3 & i_1 != 4 & i_1 != 5 & tmp_18 == 3)> <Delay = 0.00>

State 46 <SV = 45> <Delay = 8.41>
ST_46 : Operation 1045 [1/2] (8.41ns)   --->   "%mul_i2 = fmul i32 %c, i32 %ai_r_1" [top_cmplx.cpp:41->top_cmplx.cpp:146]   --->   Operation 1045 'fmul' 'mul_i2' <Predicate = (icmp_ln119 & !tmp_13)> <Delay = 8.41> <CoreInst = "FMul_maxdsp">   --->   Core 30 'FMul_maxdsp' <Latency = 1> <II = 1> <Delay = 8.41> <FuncUnit> <Opcode : 'fmul'> <InPorts = 2> <OutPorts = 1>
ST_46 : Operation 1046 [1/2] (8.41ns)   --->   "%mul17_i1 = fmul i32 %s, i32 %aj_r_1" [top_cmplx.cpp:41->top_cmplx.cpp:146]   --->   Operation 1046 'fmul' 'mul17_i1' <Predicate = (icmp_ln119 & !tmp_13)> <Delay = 8.41> <CoreInst = "FMul_maxdsp">   --->   Core 30 'FMul_maxdsp' <Latency = 1> <II = 1> <Delay = 8.41> <FuncUnit> <Opcode : 'fmul'> <InPorts = 2> <OutPorts = 1>
ST_46 : Operation 1047 [1/2] (8.41ns)   --->   "%mul23_i1 = fmul i32 %c, i32 %ai_i_1" [top_cmplx.cpp:42->top_cmplx.cpp:146]   --->   Operation 1047 'fmul' 'mul23_i1' <Predicate = (icmp_ln119 & !tmp_13)> <Delay = 8.41> <CoreInst = "FMul_maxdsp">   --->   Core 30 'FMul_maxdsp' <Latency = 1> <II = 1> <Delay = 8.41> <FuncUnit> <Opcode : 'fmul'> <InPorts = 2> <OutPorts = 1>
ST_46 : Operation 1048 [1/2] (8.41ns)   --->   "%mul24_i1 = fmul i32 %s, i32 %aj_i_1" [top_cmplx.cpp:42->top_cmplx.cpp:146]   --->   Operation 1048 'fmul' 'mul24_i1' <Predicate = (icmp_ln119 & !tmp_13)> <Delay = 8.41> <CoreInst = "FMul_maxdsp">   --->   Core 30 'FMul_maxdsp' <Latency = 1> <II = 1> <Delay = 8.41> <FuncUnit> <Opcode : 'fmul'> <InPorts = 2> <OutPorts = 1>
ST_46 : Operation 1049 [1/2] (8.41ns)   --->   "%mul31_i1 = fmul i32 %s, i32 %ai_r_1" [top_cmplx.cpp:45->top_cmplx.cpp:146]   --->   Operation 1049 'fmul' 'mul31_i1' <Predicate = (icmp_ln119 & !tmp_13)> <Delay = 8.41> <CoreInst = "FMul_maxdsp">   --->   Core 30 'FMul_maxdsp' <Latency = 1> <II = 1> <Delay = 8.41> <FuncUnit> <Opcode : 'fmul'> <InPorts = 2> <OutPorts = 1>
ST_46 : Operation 1050 [1/2] (8.41ns)   --->   "%mul32_i1 = fmul i32 %c, i32 %aj_r_1" [top_cmplx.cpp:45->top_cmplx.cpp:146]   --->   Operation 1050 'fmul' 'mul32_i1' <Predicate = (icmp_ln119 & !tmp_13)> <Delay = 8.41> <CoreInst = "FMul_maxdsp">   --->   Core 30 'FMul_maxdsp' <Latency = 1> <II = 1> <Delay = 8.41> <FuncUnit> <Opcode : 'fmul'> <InPorts = 2> <OutPorts = 1>
ST_46 : Operation 1051 [1/2] (8.41ns)   --->   "%mul38_i1 = fmul i32 %s, i32 %ai_i_1" [top_cmplx.cpp:46->top_cmplx.cpp:146]   --->   Operation 1051 'fmul' 'mul38_i1' <Predicate = (icmp_ln119 & !tmp_13)> <Delay = 8.41> <CoreInst = "FMul_maxdsp">   --->   Core 30 'FMul_maxdsp' <Latency = 1> <II = 1> <Delay = 8.41> <FuncUnit> <Opcode : 'fmul'> <InPorts = 2> <OutPorts = 1>
ST_46 : Operation 1052 [1/2] (8.41ns)   --->   "%mul39_i1 = fmul i32 %c, i32 %aj_i_1" [top_cmplx.cpp:46->top_cmplx.cpp:146]   --->   Operation 1052 'fmul' 'mul39_i1' <Predicate = (icmp_ln119 & !tmp_13)> <Delay = 8.41> <CoreInst = "FMul_maxdsp">   --->   Core 30 'FMul_maxdsp' <Latency = 1> <II = 1> <Delay = 8.41> <FuncUnit> <Opcode : 'fmul'> <InPorts = 2> <OutPorts = 1>
ST_46 : Operation 1053 [1/4] (6.43ns)   --->   "%sub140_2 = fsub i32 %mul138_2, i32 %mul139_2" [top_cmplx.cpp:168]   --->   Operation 1053 'fsub' 'sub140_2' <Predicate = (icmp_ln119)> <Delay = 6.43> <CoreInst = "FAddSub_fulldsp">   --->   Core 18 'FAddSub_fulldsp' <Latency = 3> <II = 1> <Delay = 6.43> <FuncUnit> <Opcode : 'fadd' 'fsub'> <InPorts = 2> <OutPorts = 1>
ST_46 : Operation 1054 [1/4] (6.43ns)   --->   "%sub149_2 = fsub i32 %mul147_2, i32 %mul148_2" [top_cmplx.cpp:169]   --->   Operation 1054 'fsub' 'sub149_2' <Predicate = (icmp_ln119)> <Delay = 6.43> <CoreInst = "FAddSub_fulldsp">   --->   Core 18 'FAddSub_fulldsp' <Latency = 3> <II = 1> <Delay = 6.43> <FuncUnit> <Opcode : 'fadd' 'fsub'> <InPorts = 2> <OutPorts = 1>
ST_46 : Operation 1055 [1/4] (6.43ns)   --->   "%add158_2 = fadd i32 %mul156_2, i32 %mul157_2" [top_cmplx.cpp:171]   --->   Operation 1055 'fadd' 'add158_2' <Predicate = (icmp_ln119)> <Delay = 6.43> <CoreInst = "FAddSub_fulldsp">   --->   Core 18 'FAddSub_fulldsp' <Latency = 3> <II = 1> <Delay = 6.43> <FuncUnit> <Opcode : 'fadd' 'fsub'> <InPorts = 2> <OutPorts = 1>
ST_46 : Operation 1056 [1/4] (6.43ns)   --->   "%add166_2 = fadd i32 %mul164_2, i32 %mul165_2" [top_cmplx.cpp:172]   --->   Operation 1056 'fadd' 'add166_2' <Predicate = (icmp_ln119)> <Delay = 6.43> <CoreInst = "FAddSub_fulldsp">   --->   Core 18 'FAddSub_fulldsp' <Latency = 3> <II = 1> <Delay = 6.43> <FuncUnit> <Opcode : 'fadd' 'fsub'> <InPorts = 2> <OutPorts = 1>
ST_46 : Operation 1057 [2/4] (6.43ns)   --->   "%sub140_3 = fsub i32 %mul138_3, i32 %mul139_3" [top_cmplx.cpp:168]   --->   Operation 1057 'fsub' 'sub140_3' <Predicate = (icmp_ln119)> <Delay = 6.43> <CoreInst = "FAddSub_fulldsp">   --->   Core 18 'FAddSub_fulldsp' <Latency = 3> <II = 1> <Delay = 6.43> <FuncUnit> <Opcode : 'fadd' 'fsub'> <InPorts = 2> <OutPorts = 1>
ST_46 : Operation 1058 [2/4] (6.43ns)   --->   "%sub149_3 = fsub i32 %mul147_3, i32 %mul148_3" [top_cmplx.cpp:169]   --->   Operation 1058 'fsub' 'sub149_3' <Predicate = (icmp_ln119)> <Delay = 6.43> <CoreInst = "FAddSub_fulldsp">   --->   Core 18 'FAddSub_fulldsp' <Latency = 3> <II = 1> <Delay = 6.43> <FuncUnit> <Opcode : 'fadd' 'fsub'> <InPorts = 2> <OutPorts = 1>
ST_46 : Operation 1059 [2/4] (6.43ns)   --->   "%add158_3 = fadd i32 %mul156_3, i32 %mul157_3" [top_cmplx.cpp:171]   --->   Operation 1059 'fadd' 'add158_3' <Predicate = (icmp_ln119)> <Delay = 6.43> <CoreInst = "FAddSub_fulldsp">   --->   Core 18 'FAddSub_fulldsp' <Latency = 3> <II = 1> <Delay = 6.43> <FuncUnit> <Opcode : 'fadd' 'fsub'> <InPorts = 2> <OutPorts = 1>
ST_46 : Operation 1060 [2/4] (6.43ns)   --->   "%add166_3 = fadd i32 %mul164_3, i32 %mul165_3" [top_cmplx.cpp:172]   --->   Operation 1060 'fadd' 'add166_3' <Predicate = (icmp_ln119)> <Delay = 6.43> <CoreInst = "FAddSub_fulldsp">   --->   Core 18 'FAddSub_fulldsp' <Latency = 3> <II = 1> <Delay = 6.43> <FuncUnit> <Opcode : 'fadd' 'fsub'> <InPorts = 2> <OutPorts = 1>
ST_46 : Operation 1061 [1/1] (0.42ns)   --->   "%store_ln172 = store i32 %add166_2, i32 %mux_case_24873898_out" [top_cmplx.cpp:172]   --->   Operation 1061 'store' 'store_ln172' <Predicate = (icmp_ln119 & i_1 == 5 & tmp_18 == 2)> <Delay = 0.42>
ST_46 : Operation 1062 [1/1] (0.42ns)   --->   "%store_ln169 = store i32 %sub149_2, i32 %mux_case_24823865_out" [top_cmplx.cpp:169]   --->   Operation 1062 'store' 'store_ln169' <Predicate = (icmp_ln119 & i_1 == 5 & tmp_18 == 2)> <Delay = 0.42>
ST_46 : Operation 1063 [1/1] (0.42ns)   --->   "%store_ln171 = store i32 %add158_2, i32 %mux_case_24573700_out" [top_cmplx.cpp:171]   --->   Operation 1063 'store' 'store_ln171' <Predicate = (icmp_ln119 & i_1 == 5 & tmp_18 == 2)> <Delay = 0.42>
ST_46 : Operation 1064 [1/1] (0.42ns)   --->   "%store_ln168 = store i32 %sub140_2, i32 %mux_case_24523667_out" [top_cmplx.cpp:168]   --->   Operation 1064 'store' 'store_ln168' <Predicate = (icmp_ln119 & i_1 == 5 & tmp_18 == 2)> <Delay = 0.42>
ST_46 : Operation 1065 [1/1] (0.42ns)   --->   "%store_ln172 = store i32 %add166_2, i32 %mux_case_24873898_out" [top_cmplx.cpp:172]   --->   Operation 1065 'store' 'store_ln172' <Predicate = (icmp_ln119 & i_1 == 5 & tmp_18 == 1)> <Delay = 0.42>
ST_46 : Operation 1066 [1/1] (0.42ns)   --->   "%store_ln169 = store i32 %sub149_2, i32 %mux_case_24823865_out" [top_cmplx.cpp:169]   --->   Operation 1066 'store' 'store_ln169' <Predicate = (icmp_ln119 & i_1 == 5 & tmp_18 == 1)> <Delay = 0.42>
ST_46 : Operation 1067 [1/1] (0.42ns)   --->   "%store_ln171 = store i32 %add158_2, i32 %mux_case_24573700_out" [top_cmplx.cpp:171]   --->   Operation 1067 'store' 'store_ln171' <Predicate = (icmp_ln119 & i_1 == 5 & tmp_18 == 1)> <Delay = 0.42>
ST_46 : Operation 1068 [1/1] (0.42ns)   --->   "%store_ln168 = store i32 %sub140_2, i32 %mux_case_24523667_out" [top_cmplx.cpp:168]   --->   Operation 1068 'store' 'store_ln168' <Predicate = (icmp_ln119 & i_1 == 5 & tmp_18 == 1)> <Delay = 0.42>
ST_46 : Operation 1069 [1/1] (0.42ns)   --->   "%store_ln172 = store i32 %add166_2, i32 %mux_case_24873898_out" [top_cmplx.cpp:172]   --->   Operation 1069 'store' 'store_ln172' <Predicate = (icmp_ln119 & i_1 == 5 & tmp_18 == 0)> <Delay = 0.42>
ST_46 : Operation 1070 [1/1] (0.42ns)   --->   "%store_ln169 = store i32 %sub149_2, i32 %mux_case_24823865_out" [top_cmplx.cpp:169]   --->   Operation 1070 'store' 'store_ln169' <Predicate = (icmp_ln119 & i_1 == 5 & tmp_18 == 0)> <Delay = 0.42>
ST_46 : Operation 1071 [1/1] (0.42ns)   --->   "%store_ln171 = store i32 %add158_2, i32 %mux_case_24573700_out" [top_cmplx.cpp:171]   --->   Operation 1071 'store' 'store_ln171' <Predicate = (icmp_ln119 & i_1 == 5 & tmp_18 == 0)> <Delay = 0.42>
ST_46 : Operation 1072 [1/1] (0.42ns)   --->   "%store_ln168 = store i32 %sub140_2, i32 %mux_case_24523667_out" [top_cmplx.cpp:168]   --->   Operation 1072 'store' 'store_ln168' <Predicate = (icmp_ln119 & i_1 == 5 & tmp_18 == 0)> <Delay = 0.42>
ST_46 : Operation 1073 [1/1] (0.42ns)   --->   "%store_ln172 = store i32 %add166_2, i32 %mux_case_24873898_out" [top_cmplx.cpp:172]   --->   Operation 1073 'store' 'store_ln172' <Predicate = (icmp_ln119 & i_1 == 5 & tmp_18 == 3)> <Delay = 0.42>
ST_46 : Operation 1074 [1/1] (0.42ns)   --->   "%store_ln169 = store i32 %sub149_2, i32 %mux_case_24823865_out" [top_cmplx.cpp:169]   --->   Operation 1074 'store' 'store_ln169' <Predicate = (icmp_ln119 & i_1 == 5 & tmp_18 == 3)> <Delay = 0.42>
ST_46 : Operation 1075 [1/1] (0.42ns)   --->   "%store_ln171 = store i32 %add158_2, i32 %mux_case_24573700_out" [top_cmplx.cpp:171]   --->   Operation 1075 'store' 'store_ln171' <Predicate = (icmp_ln119 & i_1 == 5 & tmp_18 == 3)> <Delay = 0.42>
ST_46 : Operation 1076 [1/1] (0.42ns)   --->   "%store_ln168 = store i32 %sub140_2, i32 %mux_case_24523667_out" [top_cmplx.cpp:168]   --->   Operation 1076 'store' 'store_ln168' <Predicate = (icmp_ln119 & i_1 == 5 & tmp_18 == 3)> <Delay = 0.42>
ST_46 : Operation 1077 [1/1] (0.42ns)   --->   "%store_ln172 = store i32 %add166_2, i32 %mux_case_24823865_out" [top_cmplx.cpp:172]   --->   Operation 1077 'store' 'store_ln172' <Predicate = (icmp_ln119 & i_1 == 4 & tmp_18 == 2)> <Delay = 0.42>
ST_46 : Operation 1078 [1/1] (0.42ns)   --->   "%store_ln169 = store i32 %sub149_2, i32 %mux_case_24773831_out" [top_cmplx.cpp:169]   --->   Operation 1078 'store' 'store_ln169' <Predicate = (icmp_ln119 & i_1 == 4 & tmp_18 == 2)> <Delay = 0.42>
ST_46 : Operation 1079 [1/1] (0.42ns)   --->   "%store_ln171 = store i32 %add158_2, i32 %mux_case_24523667_out" [top_cmplx.cpp:171]   --->   Operation 1079 'store' 'store_ln171' <Predicate = (icmp_ln119 & i_1 == 4 & tmp_18 == 2)> <Delay = 0.42>
ST_46 : Operation 1080 [1/1] (0.42ns)   --->   "%store_ln168 = store i32 %sub140_2, i32 %mux_case_24473633_out" [top_cmplx.cpp:168]   --->   Operation 1080 'store' 'store_ln168' <Predicate = (icmp_ln119 & i_1 == 4 & tmp_18 == 2)> <Delay = 0.42>
ST_46 : Operation 1081 [1/1] (0.42ns)   --->   "%store_ln172 = store i32 %add166_2, i32 %mux_case_24823865_out" [top_cmplx.cpp:172]   --->   Operation 1081 'store' 'store_ln172' <Predicate = (icmp_ln119 & i_1 == 4 & tmp_18 == 1)> <Delay = 0.42>
ST_46 : Operation 1082 [1/1] (0.42ns)   --->   "%store_ln169 = store i32 %sub149_2, i32 %mux_case_24773831_out" [top_cmplx.cpp:169]   --->   Operation 1082 'store' 'store_ln169' <Predicate = (icmp_ln119 & i_1 == 4 & tmp_18 == 1)> <Delay = 0.42>
ST_46 : Operation 1083 [1/1] (0.42ns)   --->   "%store_ln171 = store i32 %add158_2, i32 %mux_case_24523667_out" [top_cmplx.cpp:171]   --->   Operation 1083 'store' 'store_ln171' <Predicate = (icmp_ln119 & i_1 == 4 & tmp_18 == 1)> <Delay = 0.42>
ST_46 : Operation 1084 [1/1] (0.42ns)   --->   "%store_ln168 = store i32 %sub140_2, i32 %mux_case_24473633_out" [top_cmplx.cpp:168]   --->   Operation 1084 'store' 'store_ln168' <Predicate = (icmp_ln119 & i_1 == 4 & tmp_18 == 1)> <Delay = 0.42>
ST_46 : Operation 1085 [1/1] (0.42ns)   --->   "%store_ln172 = store i32 %add166_2, i32 %mux_case_24823865_out" [top_cmplx.cpp:172]   --->   Operation 1085 'store' 'store_ln172' <Predicate = (icmp_ln119 & i_1 == 4 & tmp_18 == 0)> <Delay = 0.42>
ST_46 : Operation 1086 [1/1] (0.42ns)   --->   "%store_ln169 = store i32 %sub149_2, i32 %mux_case_24773831_out" [top_cmplx.cpp:169]   --->   Operation 1086 'store' 'store_ln169' <Predicate = (icmp_ln119 & i_1 == 4 & tmp_18 == 0)> <Delay = 0.42>
ST_46 : Operation 1087 [1/1] (0.42ns)   --->   "%store_ln171 = store i32 %add158_2, i32 %mux_case_24523667_out" [top_cmplx.cpp:171]   --->   Operation 1087 'store' 'store_ln171' <Predicate = (icmp_ln119 & i_1 == 4 & tmp_18 == 0)> <Delay = 0.42>
ST_46 : Operation 1088 [1/1] (0.42ns)   --->   "%store_ln168 = store i32 %sub140_2, i32 %mux_case_24473633_out" [top_cmplx.cpp:168]   --->   Operation 1088 'store' 'store_ln168' <Predicate = (icmp_ln119 & i_1 == 4 & tmp_18 == 0)> <Delay = 0.42>
ST_46 : Operation 1089 [1/1] (0.42ns)   --->   "%store_ln172 = store i32 %add166_2, i32 %mux_case_24823865_out" [top_cmplx.cpp:172]   --->   Operation 1089 'store' 'store_ln172' <Predicate = (icmp_ln119 & i_1 == 4 & tmp_18 == 3)> <Delay = 0.42>
ST_46 : Operation 1090 [1/1] (0.42ns)   --->   "%store_ln169 = store i32 %sub149_2, i32 %mux_case_24773831_out" [top_cmplx.cpp:169]   --->   Operation 1090 'store' 'store_ln169' <Predicate = (icmp_ln119 & i_1 == 4 & tmp_18 == 3)> <Delay = 0.42>
ST_46 : Operation 1091 [1/1] (0.42ns)   --->   "%store_ln171 = store i32 %add158_2, i32 %mux_case_24523667_out" [top_cmplx.cpp:171]   --->   Operation 1091 'store' 'store_ln171' <Predicate = (icmp_ln119 & i_1 == 4 & tmp_18 == 3)> <Delay = 0.42>
ST_46 : Operation 1092 [1/1] (0.42ns)   --->   "%store_ln168 = store i32 %sub140_2, i32 %mux_case_24473633_out" [top_cmplx.cpp:168]   --->   Operation 1092 'store' 'store_ln168' <Predicate = (icmp_ln119 & i_1 == 4 & tmp_18 == 3)> <Delay = 0.42>
ST_46 : Operation 1093 [1/1] (0.42ns)   --->   "%store_ln172 = store i32 %add166_2, i32 %mux_case_24773831_out" [top_cmplx.cpp:172]   --->   Operation 1093 'store' 'store_ln172' <Predicate = (icmp_ln119 & i_1 == 3 & tmp_18 == 2)> <Delay = 0.42>
ST_46 : Operation 1094 [1/1] (0.42ns)   --->   "%store_ln169 = store i32 %sub149_2, i32 %mux_case_24723798_out" [top_cmplx.cpp:169]   --->   Operation 1094 'store' 'store_ln169' <Predicate = (icmp_ln119 & i_1 == 3 & tmp_18 == 2)> <Delay = 0.42>
ST_46 : Operation 1095 [1/1] (0.42ns)   --->   "%store_ln171 = store i32 %add158_2, i32 %mux_case_24473633_out" [top_cmplx.cpp:171]   --->   Operation 1095 'store' 'store_ln171' <Predicate = (icmp_ln119 & i_1 == 3 & tmp_18 == 2)> <Delay = 0.42>
ST_46 : Operation 1096 [1/1] (0.42ns)   --->   "%store_ln168 = store i32 %sub140_2, i32 %mux_case_24423600_out" [top_cmplx.cpp:168]   --->   Operation 1096 'store' 'store_ln168' <Predicate = (icmp_ln119 & i_1 == 3 & tmp_18 == 2)> <Delay = 0.42>
ST_46 : Operation 1097 [1/1] (0.42ns)   --->   "%store_ln172 = store i32 %add166_2, i32 %mux_case_24773831_out" [top_cmplx.cpp:172]   --->   Operation 1097 'store' 'store_ln172' <Predicate = (icmp_ln119 & i_1 == 3 & tmp_18 == 1)> <Delay = 0.42>
ST_46 : Operation 1098 [1/1] (0.42ns)   --->   "%store_ln169 = store i32 %sub149_2, i32 %mux_case_24723798_out" [top_cmplx.cpp:169]   --->   Operation 1098 'store' 'store_ln169' <Predicate = (icmp_ln119 & i_1 == 3 & tmp_18 == 1)> <Delay = 0.42>
ST_46 : Operation 1099 [1/1] (0.42ns)   --->   "%store_ln171 = store i32 %add158_2, i32 %mux_case_24473633_out" [top_cmplx.cpp:171]   --->   Operation 1099 'store' 'store_ln171' <Predicate = (icmp_ln119 & i_1 == 3 & tmp_18 == 1)> <Delay = 0.42>
ST_46 : Operation 1100 [1/1] (0.42ns)   --->   "%store_ln168 = store i32 %sub140_2, i32 %mux_case_24423600_out" [top_cmplx.cpp:168]   --->   Operation 1100 'store' 'store_ln168' <Predicate = (icmp_ln119 & i_1 == 3 & tmp_18 == 1)> <Delay = 0.42>
ST_46 : Operation 1101 [1/1] (0.42ns)   --->   "%store_ln172 = store i32 %add166_2, i32 %mux_case_24773831_out" [top_cmplx.cpp:172]   --->   Operation 1101 'store' 'store_ln172' <Predicate = (icmp_ln119 & i_1 == 3 & tmp_18 == 0)> <Delay = 0.42>
ST_46 : Operation 1102 [1/1] (0.42ns)   --->   "%store_ln169 = store i32 %sub149_2, i32 %mux_case_24723798_out" [top_cmplx.cpp:169]   --->   Operation 1102 'store' 'store_ln169' <Predicate = (icmp_ln119 & i_1 == 3 & tmp_18 == 0)> <Delay = 0.42>
ST_46 : Operation 1103 [1/1] (0.42ns)   --->   "%store_ln171 = store i32 %add158_2, i32 %mux_case_24473633_out" [top_cmplx.cpp:171]   --->   Operation 1103 'store' 'store_ln171' <Predicate = (icmp_ln119 & i_1 == 3 & tmp_18 == 0)> <Delay = 0.42>
ST_46 : Operation 1104 [1/1] (0.42ns)   --->   "%store_ln168 = store i32 %sub140_2, i32 %mux_case_24423600_out" [top_cmplx.cpp:168]   --->   Operation 1104 'store' 'store_ln168' <Predicate = (icmp_ln119 & i_1 == 3 & tmp_18 == 0)> <Delay = 0.42>
ST_46 : Operation 1105 [1/1] (0.42ns)   --->   "%store_ln172 = store i32 %add166_2, i32 %mux_case_24773831_out" [top_cmplx.cpp:172]   --->   Operation 1105 'store' 'store_ln172' <Predicate = (icmp_ln119 & i_1 == 3 & tmp_18 == 3)> <Delay = 0.42>
ST_46 : Operation 1106 [1/1] (0.42ns)   --->   "%store_ln169 = store i32 %sub149_2, i32 %mux_case_24723798_out" [top_cmplx.cpp:169]   --->   Operation 1106 'store' 'store_ln169' <Predicate = (icmp_ln119 & i_1 == 3 & tmp_18 == 3)> <Delay = 0.42>
ST_46 : Operation 1107 [1/1] (0.42ns)   --->   "%store_ln171 = store i32 %add158_2, i32 %mux_case_24473633_out" [top_cmplx.cpp:171]   --->   Operation 1107 'store' 'store_ln171' <Predicate = (icmp_ln119 & i_1 == 3 & tmp_18 == 3)> <Delay = 0.42>
ST_46 : Operation 1108 [1/1] (0.42ns)   --->   "%store_ln168 = store i32 %sub140_2, i32 %mux_case_24423600_out" [top_cmplx.cpp:168]   --->   Operation 1108 'store' 'store_ln168' <Predicate = (icmp_ln119 & i_1 == 3 & tmp_18 == 3)> <Delay = 0.42>
ST_46 : Operation 1109 [1/1] (0.42ns)   --->   "%store_ln172 = store i32 %add166_2, i32 %mux_case_24723798_out" [top_cmplx.cpp:172]   --->   Operation 1109 'store' 'store_ln172' <Predicate = (icmp_ln119 & i_1 == 2 & tmp_18 == 2)> <Delay = 0.42>
ST_46 : Operation 1110 [1/1] (0.42ns)   --->   "%store_ln169 = store i32 %sub149_2, i32 %mux_case_24673766_out" [top_cmplx.cpp:169]   --->   Operation 1110 'store' 'store_ln169' <Predicate = (icmp_ln119 & i_1 == 2 & tmp_18 == 2)> <Delay = 0.42>
ST_46 : Operation 1111 [1/1] (0.42ns)   --->   "%store_ln171 = store i32 %add158_2, i32 %mux_case_24423600_out" [top_cmplx.cpp:171]   --->   Operation 1111 'store' 'store_ln171' <Predicate = (icmp_ln119 & i_1 == 2 & tmp_18 == 2)> <Delay = 0.42>
ST_46 : Operation 1112 [1/1] (0.42ns)   --->   "%store_ln168 = store i32 %sub140_2, i32 %mux_case_24373568_out" [top_cmplx.cpp:168]   --->   Operation 1112 'store' 'store_ln168' <Predicate = (icmp_ln119 & i_1 == 2 & tmp_18 == 2)> <Delay = 0.42>
ST_46 : Operation 1113 [1/1] (0.42ns)   --->   "%store_ln172 = store i32 %add166_2, i32 %mux_case_24723798_out" [top_cmplx.cpp:172]   --->   Operation 1113 'store' 'store_ln172' <Predicate = (icmp_ln119 & i_1 == 2 & tmp_18 == 1)> <Delay = 0.42>
ST_46 : Operation 1114 [1/1] (0.42ns)   --->   "%store_ln169 = store i32 %sub149_2, i32 %mux_case_24673766_out" [top_cmplx.cpp:169]   --->   Operation 1114 'store' 'store_ln169' <Predicate = (icmp_ln119 & i_1 == 2 & tmp_18 == 1)> <Delay = 0.42>
ST_46 : Operation 1115 [1/1] (0.42ns)   --->   "%store_ln171 = store i32 %add158_2, i32 %mux_case_24423600_out" [top_cmplx.cpp:171]   --->   Operation 1115 'store' 'store_ln171' <Predicate = (icmp_ln119 & i_1 == 2 & tmp_18 == 1)> <Delay = 0.42>
ST_46 : Operation 1116 [1/1] (0.42ns)   --->   "%store_ln168 = store i32 %sub140_2, i32 %mux_case_24373568_out" [top_cmplx.cpp:168]   --->   Operation 1116 'store' 'store_ln168' <Predicate = (icmp_ln119 & i_1 == 2 & tmp_18 == 1)> <Delay = 0.42>
ST_46 : Operation 1117 [1/1] (0.42ns)   --->   "%store_ln172 = store i32 %add166_2, i32 %mux_case_24723798_out" [top_cmplx.cpp:172]   --->   Operation 1117 'store' 'store_ln172' <Predicate = (icmp_ln119 & i_1 == 2 & tmp_18 == 0)> <Delay = 0.42>
ST_46 : Operation 1118 [1/1] (0.42ns)   --->   "%store_ln169 = store i32 %sub149_2, i32 %mux_case_24673766_out" [top_cmplx.cpp:169]   --->   Operation 1118 'store' 'store_ln169' <Predicate = (icmp_ln119 & i_1 == 2 & tmp_18 == 0)> <Delay = 0.42>
ST_46 : Operation 1119 [1/1] (0.42ns)   --->   "%store_ln171 = store i32 %add158_2, i32 %mux_case_24423600_out" [top_cmplx.cpp:171]   --->   Operation 1119 'store' 'store_ln171' <Predicate = (icmp_ln119 & i_1 == 2 & tmp_18 == 0)> <Delay = 0.42>
ST_46 : Operation 1120 [1/1] (0.42ns)   --->   "%store_ln168 = store i32 %sub140_2, i32 %mux_case_24373568_out" [top_cmplx.cpp:168]   --->   Operation 1120 'store' 'store_ln168' <Predicate = (icmp_ln119 & i_1 == 2 & tmp_18 == 0)> <Delay = 0.42>
ST_46 : Operation 1121 [1/1] (0.42ns)   --->   "%store_ln172 = store i32 %add166_2, i32 %mux_case_24723798_out" [top_cmplx.cpp:172]   --->   Operation 1121 'store' 'store_ln172' <Predicate = (icmp_ln119 & i_1 == 2 & tmp_18 == 3)> <Delay = 0.42>
ST_46 : Operation 1122 [1/1] (0.42ns)   --->   "%store_ln169 = store i32 %sub149_2, i32 %mux_case_24673766_out" [top_cmplx.cpp:169]   --->   Operation 1122 'store' 'store_ln169' <Predicate = (icmp_ln119 & i_1 == 2 & tmp_18 == 3)> <Delay = 0.42>
ST_46 : Operation 1123 [1/1] (0.42ns)   --->   "%store_ln171 = store i32 %add158_2, i32 %mux_case_24423600_out" [top_cmplx.cpp:171]   --->   Operation 1123 'store' 'store_ln171' <Predicate = (icmp_ln119 & i_1 == 2 & tmp_18 == 3)> <Delay = 0.42>
ST_46 : Operation 1124 [1/1] (0.42ns)   --->   "%store_ln168 = store i32 %sub140_2, i32 %mux_case_24373568_out" [top_cmplx.cpp:168]   --->   Operation 1124 'store' 'store_ln168' <Predicate = (icmp_ln119 & i_1 == 2 & tmp_18 == 3)> <Delay = 0.42>
ST_46 : Operation 1125 [1/1] (0.42ns)   --->   "%store_ln172 = store i32 %add166_2, i32 %mux_case_24673766_out" [top_cmplx.cpp:172]   --->   Operation 1125 'store' 'store_ln172' <Predicate = (icmp_ln119 & i_1 == 1 & tmp_18 == 2)> <Delay = 0.42>
ST_46 : Operation 1126 [1/1] (0.42ns)   --->   "%store_ln171 = store i32 %add158_2, i32 %mux_case_24373568_out" [top_cmplx.cpp:171]   --->   Operation 1126 'store' 'store_ln171' <Predicate = (icmp_ln119 & i_1 == 1 & tmp_18 == 2)> <Delay = 0.42>
ST_46 : Operation 1127 [1/1] (0.00ns)   --->   "%store_ln169 = store i32 %sub149_2, i32 %mux_case_24623733_out" [top_cmplx.cpp:169]   --->   Operation 1127 'store' 'store_ln169' <Predicate = (icmp_ln119 & i_1 == 1 & tmp_18 == 2)> <Delay = 0.00>
ST_46 : Operation 1128 [1/1] (0.00ns)   --->   "%store_ln168 = store i32 %sub140_2, i32 %mux_case_24323535_out" [top_cmplx.cpp:168]   --->   Operation 1128 'store' 'store_ln168' <Predicate = (icmp_ln119 & i_1 == 1 & tmp_18 == 2)> <Delay = 0.00>
ST_46 : Operation 1129 [1/1] (0.42ns)   --->   "%store_ln172 = store i32 %add166_2, i32 %mux_case_24673766_out" [top_cmplx.cpp:172]   --->   Operation 1129 'store' 'store_ln172' <Predicate = (icmp_ln119 & i_1 == 1 & tmp_18 == 1)> <Delay = 0.42>
ST_46 : Operation 1130 [1/1] (0.42ns)   --->   "%store_ln171 = store i32 %add158_2, i32 %mux_case_24373568_out" [top_cmplx.cpp:171]   --->   Operation 1130 'store' 'store_ln171' <Predicate = (icmp_ln119 & i_1 == 1 & tmp_18 == 1)> <Delay = 0.42>
ST_46 : Operation 1131 [1/1] (0.00ns)   --->   "%store_ln169 = store i32 %sub149_2, i32 %mux_case_24623733_out" [top_cmplx.cpp:169]   --->   Operation 1131 'store' 'store_ln169' <Predicate = (icmp_ln119 & i_1 == 1 & tmp_18 == 1)> <Delay = 0.00>
ST_46 : Operation 1132 [1/1] (0.00ns)   --->   "%store_ln168 = store i32 %sub140_2, i32 %mux_case_24323535_out" [top_cmplx.cpp:168]   --->   Operation 1132 'store' 'store_ln168' <Predicate = (icmp_ln119 & i_1 == 1 & tmp_18 == 1)> <Delay = 0.00>
ST_46 : Operation 1133 [1/1] (0.42ns)   --->   "%store_ln172 = store i32 %add166_2, i32 %mux_case_24673766_out" [top_cmplx.cpp:172]   --->   Operation 1133 'store' 'store_ln172' <Predicate = (icmp_ln119 & i_1 == 1 & tmp_18 == 0)> <Delay = 0.42>
ST_46 : Operation 1134 [1/1] (0.42ns)   --->   "%store_ln171 = store i32 %add158_2, i32 %mux_case_24373568_out" [top_cmplx.cpp:171]   --->   Operation 1134 'store' 'store_ln171' <Predicate = (icmp_ln119 & i_1 == 1 & tmp_18 == 0)> <Delay = 0.42>
ST_46 : Operation 1135 [1/1] (0.00ns)   --->   "%store_ln169 = store i32 %sub149_2, i32 %mux_case_24623733_out" [top_cmplx.cpp:169]   --->   Operation 1135 'store' 'store_ln169' <Predicate = (icmp_ln119 & i_1 == 1 & tmp_18 == 0)> <Delay = 0.00>
ST_46 : Operation 1136 [1/1] (0.00ns)   --->   "%store_ln168 = store i32 %sub140_2, i32 %mux_case_24323535_out" [top_cmplx.cpp:168]   --->   Operation 1136 'store' 'store_ln168' <Predicate = (icmp_ln119 & i_1 == 1 & tmp_18 == 0)> <Delay = 0.00>
ST_46 : Operation 1137 [1/1] (0.42ns)   --->   "%store_ln172 = store i32 %add166_2, i32 %mux_case_24673766_out" [top_cmplx.cpp:172]   --->   Operation 1137 'store' 'store_ln172' <Predicate = (icmp_ln119 & i_1 == 1 & tmp_18 == 3)> <Delay = 0.42>
ST_46 : Operation 1138 [1/1] (0.42ns)   --->   "%store_ln171 = store i32 %add158_2, i32 %mux_case_24373568_out" [top_cmplx.cpp:171]   --->   Operation 1138 'store' 'store_ln171' <Predicate = (icmp_ln119 & i_1 == 1 & tmp_18 == 3)> <Delay = 0.42>
ST_46 : Operation 1139 [1/1] (0.00ns)   --->   "%store_ln169 = store i32 %sub149_2, i32 %mux_case_24623733_out" [top_cmplx.cpp:169]   --->   Operation 1139 'store' 'store_ln169' <Predicate = (icmp_ln119 & i_1 == 1 & tmp_18 == 3)> <Delay = 0.00>
ST_46 : Operation 1140 [1/1] (0.00ns)   --->   "%store_ln168 = store i32 %sub140_2, i32 %mux_case_24323535_out" [top_cmplx.cpp:168]   --->   Operation 1140 'store' 'store_ln168' <Predicate = (icmp_ln119 & i_1 == 1 & tmp_18 == 3)> <Delay = 0.00>
ST_46 : Operation 1141 [1/1] (0.42ns)   --->   "%store_ln169 = store i32 %sub149_2, i32 %mux_case_24873898_out" [top_cmplx.cpp:169]   --->   Operation 1141 'store' 'store_ln169' <Predicate = (icmp_ln119 & i_1 != 1 & i_1 != 2 & i_1 != 3 & i_1 != 4 & i_1 != 5 & tmp_18 == 2)> <Delay = 0.42>
ST_46 : Operation 1142 [1/1] (0.42ns)   --->   "%store_ln168 = store i32 %sub140_2, i32 %mux_case_24573700_out" [top_cmplx.cpp:168]   --->   Operation 1142 'store' 'store_ln168' <Predicate = (icmp_ln119 & i_1 != 1 & i_1 != 2 & i_1 != 3 & i_1 != 4 & i_1 != 5 & tmp_18 == 2)> <Delay = 0.42>
ST_46 : Operation 1143 [1/1] (0.00ns)   --->   "%store_ln172 = store i32 %add166_2, i32 %mux_case_25473963_out" [top_cmplx.cpp:172]   --->   Operation 1143 'store' 'store_ln172' <Predicate = (icmp_ln119 & i_1 != 1 & i_1 != 2 & i_1 != 3 & i_1 != 4 & i_1 != 5 & tmp_18 == 2)> <Delay = 0.00>
ST_46 : Operation 1144 [1/1] (0.00ns)   --->   "%store_ln171 = store i32 %add158_2, i32 %mux_case_25173930_out" [top_cmplx.cpp:171]   --->   Operation 1144 'store' 'store_ln171' <Predicate = (icmp_ln119 & i_1 != 1 & i_1 != 2 & i_1 != 3 & i_1 != 4 & i_1 != 5 & tmp_18 == 2)> <Delay = 0.00>
ST_46 : Operation 1145 [1/1] (0.42ns)   --->   "%store_ln169 = store i32 %sub149_2, i32 %mux_case_24873898_out" [top_cmplx.cpp:169]   --->   Operation 1145 'store' 'store_ln169' <Predicate = (icmp_ln119 & i_1 != 1 & i_1 != 2 & i_1 != 3 & i_1 != 4 & i_1 != 5 & tmp_18 == 1)> <Delay = 0.42>
ST_46 : Operation 1146 [1/1] (0.42ns)   --->   "%store_ln168 = store i32 %sub140_2, i32 %mux_case_24573700_out" [top_cmplx.cpp:168]   --->   Operation 1146 'store' 'store_ln168' <Predicate = (icmp_ln119 & i_1 != 1 & i_1 != 2 & i_1 != 3 & i_1 != 4 & i_1 != 5 & tmp_18 == 1)> <Delay = 0.42>
ST_46 : Operation 1147 [1/1] (0.00ns)   --->   "%store_ln172 = store i32 %add166_2, i32 %mux_case_25473963_out" [top_cmplx.cpp:172]   --->   Operation 1147 'store' 'store_ln172' <Predicate = (icmp_ln119 & i_1 != 1 & i_1 != 2 & i_1 != 3 & i_1 != 4 & i_1 != 5 & tmp_18 == 1)> <Delay = 0.00>
ST_46 : Operation 1148 [1/1] (0.00ns)   --->   "%store_ln171 = store i32 %add158_2, i32 %mux_case_25173930_out" [top_cmplx.cpp:171]   --->   Operation 1148 'store' 'store_ln171' <Predicate = (icmp_ln119 & i_1 != 1 & i_1 != 2 & i_1 != 3 & i_1 != 4 & i_1 != 5 & tmp_18 == 1)> <Delay = 0.00>
ST_46 : Operation 1149 [1/1] (0.42ns)   --->   "%store_ln169 = store i32 %sub149_2, i32 %mux_case_24873898_out" [top_cmplx.cpp:169]   --->   Operation 1149 'store' 'store_ln169' <Predicate = (icmp_ln119 & i_1 != 1 & i_1 != 2 & i_1 != 3 & i_1 != 4 & i_1 != 5 & tmp_18 == 0)> <Delay = 0.42>
ST_46 : Operation 1150 [1/1] (0.42ns)   --->   "%store_ln168 = store i32 %sub140_2, i32 %mux_case_24573700_out" [top_cmplx.cpp:168]   --->   Operation 1150 'store' 'store_ln168' <Predicate = (icmp_ln119 & i_1 != 1 & i_1 != 2 & i_1 != 3 & i_1 != 4 & i_1 != 5 & tmp_18 == 0)> <Delay = 0.42>
ST_46 : Operation 1151 [1/1] (0.00ns)   --->   "%store_ln172 = store i32 %add166_2, i32 %mux_case_25473963_out" [top_cmplx.cpp:172]   --->   Operation 1151 'store' 'store_ln172' <Predicate = (icmp_ln119 & i_1 != 1 & i_1 != 2 & i_1 != 3 & i_1 != 4 & i_1 != 5 & tmp_18 == 0)> <Delay = 0.00>
ST_46 : Operation 1152 [1/1] (0.00ns)   --->   "%store_ln171 = store i32 %add158_2, i32 %mux_case_25173930_out" [top_cmplx.cpp:171]   --->   Operation 1152 'store' 'store_ln171' <Predicate = (icmp_ln119 & i_1 != 1 & i_1 != 2 & i_1 != 3 & i_1 != 4 & i_1 != 5 & tmp_18 == 0)> <Delay = 0.00>
ST_46 : Operation 1153 [1/1] (0.42ns)   --->   "%store_ln169 = store i32 %sub149_2, i32 %mux_case_24873898_out" [top_cmplx.cpp:169]   --->   Operation 1153 'store' 'store_ln169' <Predicate = (icmp_ln119 & i_1 != 1 & i_1 != 2 & i_1 != 3 & i_1 != 4 & i_1 != 5 & tmp_18 == 3)> <Delay = 0.42>
ST_46 : Operation 1154 [1/1] (0.42ns)   --->   "%store_ln168 = store i32 %sub140_2, i32 %mux_case_24573700_out" [top_cmplx.cpp:168]   --->   Operation 1154 'store' 'store_ln168' <Predicate = (icmp_ln119 & i_1 != 1 & i_1 != 2 & i_1 != 3 & i_1 != 4 & i_1 != 5 & tmp_18 == 3)> <Delay = 0.42>
ST_46 : Operation 1155 [1/1] (0.00ns)   --->   "%store_ln172 = store i32 %add166_2, i32 %mux_case_25473963_out" [top_cmplx.cpp:172]   --->   Operation 1155 'store' 'store_ln172' <Predicate = (icmp_ln119 & i_1 != 1 & i_1 != 2 & i_1 != 3 & i_1 != 4 & i_1 != 5 & tmp_18 == 3)> <Delay = 0.00>
ST_46 : Operation 1156 [1/1] (0.00ns)   --->   "%store_ln171 = store i32 %add158_2, i32 %mux_case_25173930_out" [top_cmplx.cpp:171]   --->   Operation 1156 'store' 'store_ln171' <Predicate = (icmp_ln119 & i_1 != 1 & i_1 != 2 & i_1 != 3 & i_1 != 4 & i_1 != 5 & tmp_18 == 3)> <Delay = 0.00>

State 47 <SV = 46> <Delay = 6.86>
ST_47 : Operation 1157 [4/4] (6.43ns)   --->   "%R_real_2 = fsub i32 %mul_i2, i32 %mul17_i1" [top_cmplx.cpp:41->top_cmplx.cpp:146]   --->   Operation 1157 'fsub' 'R_real_2' <Predicate = (icmp_ln119 & !tmp_13)> <Delay = 6.43> <CoreInst = "FAddSub_fulldsp">   --->   Core 18 'FAddSub_fulldsp' <Latency = 3> <II = 1> <Delay = 6.43> <FuncUnit> <Opcode : 'fadd' 'fsub'> <InPorts = 2> <OutPorts = 1>
ST_47 : Operation 1158 [4/4] (6.43ns)   --->   "%R_imag_2 = fsub i32 %mul23_i1, i32 %mul24_i1" [top_cmplx.cpp:42->top_cmplx.cpp:146]   --->   Operation 1158 'fsub' 'R_imag_2' <Predicate = (icmp_ln119 & !tmp_13)> <Delay = 6.43> <CoreInst = "FAddSub_fulldsp">   --->   Core 18 'FAddSub_fulldsp' <Latency = 3> <II = 1> <Delay = 6.43> <FuncUnit> <Opcode : 'fadd' 'fsub'> <InPorts = 2> <OutPorts = 1>
ST_47 : Operation 1159 [4/4] (6.43ns)   --->   "%R_real_3 = fadd i32 %mul31_i1, i32 %mul32_i1" [top_cmplx.cpp:45->top_cmplx.cpp:146]   --->   Operation 1159 'fadd' 'R_real_3' <Predicate = (icmp_ln119 & !tmp_13)> <Delay = 6.43> <CoreInst = "FAddSub_fulldsp">   --->   Core 18 'FAddSub_fulldsp' <Latency = 3> <II = 1> <Delay = 6.43> <FuncUnit> <Opcode : 'fadd' 'fsub'> <InPorts = 2> <OutPorts = 1>
ST_47 : Operation 1160 [4/4] (6.43ns)   --->   "%R_imag_3 = fadd i32 %mul38_i1, i32 %mul39_i1" [top_cmplx.cpp:46->top_cmplx.cpp:146]   --->   Operation 1160 'fadd' 'R_imag_3' <Predicate = (icmp_ln119 & !tmp_13)> <Delay = 6.43> <CoreInst = "FAddSub_fulldsp">   --->   Core 18 'FAddSub_fulldsp' <Latency = 3> <II = 1> <Delay = 6.43> <FuncUnit> <Opcode : 'fadd' 'fsub'> <InPorts = 2> <OutPorts = 1>
ST_47 : Operation 1161 [1/4] (6.43ns)   --->   "%sub140_3 = fsub i32 %mul138_3, i32 %mul139_3" [top_cmplx.cpp:168]   --->   Operation 1161 'fsub' 'sub140_3' <Predicate = (icmp_ln119)> <Delay = 6.43> <CoreInst = "FAddSub_fulldsp">   --->   Core 18 'FAddSub_fulldsp' <Latency = 3> <II = 1> <Delay = 6.43> <FuncUnit> <Opcode : 'fadd' 'fsub'> <InPorts = 2> <OutPorts = 1>
ST_47 : Operation 1162 [1/4] (6.43ns)   --->   "%sub149_3 = fsub i32 %mul147_3, i32 %mul148_3" [top_cmplx.cpp:169]   --->   Operation 1162 'fsub' 'sub149_3' <Predicate = (icmp_ln119)> <Delay = 6.43> <CoreInst = "FAddSub_fulldsp">   --->   Core 18 'FAddSub_fulldsp' <Latency = 3> <II = 1> <Delay = 6.43> <FuncUnit> <Opcode : 'fadd' 'fsub'> <InPorts = 2> <OutPorts = 1>
ST_47 : Operation 1163 [1/4] (6.43ns)   --->   "%add158_3 = fadd i32 %mul156_3, i32 %mul157_3" [top_cmplx.cpp:171]   --->   Operation 1163 'fadd' 'add158_3' <Predicate = (icmp_ln119)> <Delay = 6.43> <CoreInst = "FAddSub_fulldsp">   --->   Core 18 'FAddSub_fulldsp' <Latency = 3> <II = 1> <Delay = 6.43> <FuncUnit> <Opcode : 'fadd' 'fsub'> <InPorts = 2> <OutPorts = 1>
ST_47 : Operation 1164 [1/4] (6.43ns)   --->   "%add166_3 = fadd i32 %mul164_3, i32 %mul165_3" [top_cmplx.cpp:172]   --->   Operation 1164 'fadd' 'add166_3' <Predicate = (icmp_ln119)> <Delay = 6.43> <CoreInst = "FAddSub_fulldsp">   --->   Core 18 'FAddSub_fulldsp' <Latency = 3> <II = 1> <Delay = 6.43> <FuncUnit> <Opcode : 'fadd' 'fsub'> <InPorts = 2> <OutPorts = 1>
ST_47 : Operation 1165 [1/1] (0.42ns)   --->   "%store_ln172 = store i32 %add166_3, i32 %mux_case_34883906_out" [top_cmplx.cpp:172]   --->   Operation 1165 'store' 'store_ln172' <Predicate = (icmp_ln119 & i_1 == 5 & tmp_18 == 2)> <Delay = 0.42>
ST_47 : Operation 1166 [1/1] (0.42ns)   --->   "%store_ln169 = store i32 %sub149_3, i32 %mux_case_34833873_out" [top_cmplx.cpp:169]   --->   Operation 1166 'store' 'store_ln169' <Predicate = (icmp_ln119 & i_1 == 5 & tmp_18 == 2)> <Delay = 0.42>
ST_47 : Operation 1167 [1/1] (0.42ns)   --->   "%store_ln171 = store i32 %add158_3, i32 %mux_case_34583708_out" [top_cmplx.cpp:171]   --->   Operation 1167 'store' 'store_ln171' <Predicate = (icmp_ln119 & i_1 == 5 & tmp_18 == 2)> <Delay = 0.42>
ST_47 : Operation 1168 [1/1] (0.42ns)   --->   "%store_ln168 = store i32 %sub140_3, i32 %mux_case_34533675_out" [top_cmplx.cpp:168]   --->   Operation 1168 'store' 'store_ln168' <Predicate = (icmp_ln119 & i_1 == 5 & tmp_18 == 2)> <Delay = 0.42>
ST_47 : Operation 1169 [1/1] (0.42ns)   --->   "%store_ln172 = store i32 %add166_3, i32 %mux_case_34883906_out" [top_cmplx.cpp:172]   --->   Operation 1169 'store' 'store_ln172' <Predicate = (icmp_ln119 & i_1 == 5 & tmp_18 == 1)> <Delay = 0.42>
ST_47 : Operation 1170 [1/1] (0.42ns)   --->   "%store_ln169 = store i32 %sub149_3, i32 %mux_case_34833873_out" [top_cmplx.cpp:169]   --->   Operation 1170 'store' 'store_ln169' <Predicate = (icmp_ln119 & i_1 == 5 & tmp_18 == 1)> <Delay = 0.42>
ST_47 : Operation 1171 [1/1] (0.42ns)   --->   "%store_ln171 = store i32 %add158_3, i32 %mux_case_34583708_out" [top_cmplx.cpp:171]   --->   Operation 1171 'store' 'store_ln171' <Predicate = (icmp_ln119 & i_1 == 5 & tmp_18 == 1)> <Delay = 0.42>
ST_47 : Operation 1172 [1/1] (0.42ns)   --->   "%store_ln168 = store i32 %sub140_3, i32 %mux_case_34533675_out" [top_cmplx.cpp:168]   --->   Operation 1172 'store' 'store_ln168' <Predicate = (icmp_ln119 & i_1 == 5 & tmp_18 == 1)> <Delay = 0.42>
ST_47 : Operation 1173 [1/1] (0.42ns)   --->   "%store_ln172 = store i32 %add166_3, i32 %mux_case_34883906_out" [top_cmplx.cpp:172]   --->   Operation 1173 'store' 'store_ln172' <Predicate = (icmp_ln119 & i_1 == 5 & tmp_18 == 0)> <Delay = 0.42>
ST_47 : Operation 1174 [1/1] (0.42ns)   --->   "%store_ln169 = store i32 %sub149_3, i32 %mux_case_34833873_out" [top_cmplx.cpp:169]   --->   Operation 1174 'store' 'store_ln169' <Predicate = (icmp_ln119 & i_1 == 5 & tmp_18 == 0)> <Delay = 0.42>
ST_47 : Operation 1175 [1/1] (0.42ns)   --->   "%store_ln171 = store i32 %add158_3, i32 %mux_case_34583708_out" [top_cmplx.cpp:171]   --->   Operation 1175 'store' 'store_ln171' <Predicate = (icmp_ln119 & i_1 == 5 & tmp_18 == 0)> <Delay = 0.42>
ST_47 : Operation 1176 [1/1] (0.42ns)   --->   "%store_ln168 = store i32 %sub140_3, i32 %mux_case_34533675_out" [top_cmplx.cpp:168]   --->   Operation 1176 'store' 'store_ln168' <Predicate = (icmp_ln119 & i_1 == 5 & tmp_18 == 0)> <Delay = 0.42>
ST_47 : Operation 1177 [1/1] (0.42ns)   --->   "%store_ln172 = store i32 %add166_3, i32 %mux_case_34883906_out" [top_cmplx.cpp:172]   --->   Operation 1177 'store' 'store_ln172' <Predicate = (icmp_ln119 & i_1 == 5 & tmp_18 == 3)> <Delay = 0.42>
ST_47 : Operation 1178 [1/1] (0.42ns)   --->   "%store_ln169 = store i32 %sub149_3, i32 %mux_case_34833873_out" [top_cmplx.cpp:169]   --->   Operation 1178 'store' 'store_ln169' <Predicate = (icmp_ln119 & i_1 == 5 & tmp_18 == 3)> <Delay = 0.42>
ST_47 : Operation 1179 [1/1] (0.42ns)   --->   "%store_ln171 = store i32 %add158_3, i32 %mux_case_34583708_out" [top_cmplx.cpp:171]   --->   Operation 1179 'store' 'store_ln171' <Predicate = (icmp_ln119 & i_1 == 5 & tmp_18 == 3)> <Delay = 0.42>
ST_47 : Operation 1180 [1/1] (0.42ns)   --->   "%store_ln168 = store i32 %sub140_3, i32 %mux_case_34533675_out" [top_cmplx.cpp:168]   --->   Operation 1180 'store' 'store_ln168' <Predicate = (icmp_ln119 & i_1 == 5 & tmp_18 == 3)> <Delay = 0.42>
ST_47 : Operation 1181 [1/1] (0.42ns)   --->   "%store_ln172 = store i32 %add166_3, i32 %mux_case_34833873_out" [top_cmplx.cpp:172]   --->   Operation 1181 'store' 'store_ln172' <Predicate = (icmp_ln119 & i_1 == 4 & tmp_18 == 2)> <Delay = 0.42>
ST_47 : Operation 1182 [1/1] (0.42ns)   --->   "%store_ln169 = store i32 %sub149_3, i32 %mux_case_34783839_out" [top_cmplx.cpp:169]   --->   Operation 1182 'store' 'store_ln169' <Predicate = (icmp_ln119 & i_1 == 4 & tmp_18 == 2)> <Delay = 0.42>
ST_47 : Operation 1183 [1/1] (0.42ns)   --->   "%store_ln171 = store i32 %add158_3, i32 %mux_case_34533675_out" [top_cmplx.cpp:171]   --->   Operation 1183 'store' 'store_ln171' <Predicate = (icmp_ln119 & i_1 == 4 & tmp_18 == 2)> <Delay = 0.42>
ST_47 : Operation 1184 [1/1] (0.42ns)   --->   "%store_ln168 = store i32 %sub140_3, i32 %mux_case_34483641_out" [top_cmplx.cpp:168]   --->   Operation 1184 'store' 'store_ln168' <Predicate = (icmp_ln119 & i_1 == 4 & tmp_18 == 2)> <Delay = 0.42>
ST_47 : Operation 1185 [1/1] (0.42ns)   --->   "%store_ln172 = store i32 %add166_3, i32 %mux_case_34833873_out" [top_cmplx.cpp:172]   --->   Operation 1185 'store' 'store_ln172' <Predicate = (icmp_ln119 & i_1 == 4 & tmp_18 == 1)> <Delay = 0.42>
ST_47 : Operation 1186 [1/1] (0.42ns)   --->   "%store_ln169 = store i32 %sub149_3, i32 %mux_case_34783839_out" [top_cmplx.cpp:169]   --->   Operation 1186 'store' 'store_ln169' <Predicate = (icmp_ln119 & i_1 == 4 & tmp_18 == 1)> <Delay = 0.42>
ST_47 : Operation 1187 [1/1] (0.42ns)   --->   "%store_ln171 = store i32 %add158_3, i32 %mux_case_34533675_out" [top_cmplx.cpp:171]   --->   Operation 1187 'store' 'store_ln171' <Predicate = (icmp_ln119 & i_1 == 4 & tmp_18 == 1)> <Delay = 0.42>
ST_47 : Operation 1188 [1/1] (0.42ns)   --->   "%store_ln168 = store i32 %sub140_3, i32 %mux_case_34483641_out" [top_cmplx.cpp:168]   --->   Operation 1188 'store' 'store_ln168' <Predicate = (icmp_ln119 & i_1 == 4 & tmp_18 == 1)> <Delay = 0.42>
ST_47 : Operation 1189 [1/1] (0.42ns)   --->   "%store_ln172 = store i32 %add166_3, i32 %mux_case_34833873_out" [top_cmplx.cpp:172]   --->   Operation 1189 'store' 'store_ln172' <Predicate = (icmp_ln119 & i_1 == 4 & tmp_18 == 0)> <Delay = 0.42>
ST_47 : Operation 1190 [1/1] (0.42ns)   --->   "%store_ln169 = store i32 %sub149_3, i32 %mux_case_34783839_out" [top_cmplx.cpp:169]   --->   Operation 1190 'store' 'store_ln169' <Predicate = (icmp_ln119 & i_1 == 4 & tmp_18 == 0)> <Delay = 0.42>
ST_47 : Operation 1191 [1/1] (0.42ns)   --->   "%store_ln171 = store i32 %add158_3, i32 %mux_case_34533675_out" [top_cmplx.cpp:171]   --->   Operation 1191 'store' 'store_ln171' <Predicate = (icmp_ln119 & i_1 == 4 & tmp_18 == 0)> <Delay = 0.42>
ST_47 : Operation 1192 [1/1] (0.42ns)   --->   "%store_ln168 = store i32 %sub140_3, i32 %mux_case_34483641_out" [top_cmplx.cpp:168]   --->   Operation 1192 'store' 'store_ln168' <Predicate = (icmp_ln119 & i_1 == 4 & tmp_18 == 0)> <Delay = 0.42>
ST_47 : Operation 1193 [1/1] (0.42ns)   --->   "%store_ln172 = store i32 %add166_3, i32 %mux_case_34833873_out" [top_cmplx.cpp:172]   --->   Operation 1193 'store' 'store_ln172' <Predicate = (icmp_ln119 & i_1 == 4 & tmp_18 == 3)> <Delay = 0.42>
ST_47 : Operation 1194 [1/1] (0.42ns)   --->   "%store_ln169 = store i32 %sub149_3, i32 %mux_case_34783839_out" [top_cmplx.cpp:169]   --->   Operation 1194 'store' 'store_ln169' <Predicate = (icmp_ln119 & i_1 == 4 & tmp_18 == 3)> <Delay = 0.42>
ST_47 : Operation 1195 [1/1] (0.42ns)   --->   "%store_ln171 = store i32 %add158_3, i32 %mux_case_34533675_out" [top_cmplx.cpp:171]   --->   Operation 1195 'store' 'store_ln171' <Predicate = (icmp_ln119 & i_1 == 4 & tmp_18 == 3)> <Delay = 0.42>
ST_47 : Operation 1196 [1/1] (0.42ns)   --->   "%store_ln168 = store i32 %sub140_3, i32 %mux_case_34483641_out" [top_cmplx.cpp:168]   --->   Operation 1196 'store' 'store_ln168' <Predicate = (icmp_ln119 & i_1 == 4 & tmp_18 == 3)> <Delay = 0.42>
ST_47 : Operation 1197 [1/1] (0.42ns)   --->   "%store_ln172 = store i32 %add166_3, i32 %mux_case_34783839_out" [top_cmplx.cpp:172]   --->   Operation 1197 'store' 'store_ln172' <Predicate = (icmp_ln119 & i_1 == 3 & tmp_18 == 2)> <Delay = 0.42>
ST_47 : Operation 1198 [1/1] (0.42ns)   --->   "%store_ln169 = store i32 %sub149_3, i32 %mux_case_34733807_out" [top_cmplx.cpp:169]   --->   Operation 1198 'store' 'store_ln169' <Predicate = (icmp_ln119 & i_1 == 3 & tmp_18 == 2)> <Delay = 0.42>
ST_47 : Operation 1199 [1/1] (0.42ns)   --->   "%store_ln171 = store i32 %add158_3, i32 %mux_case_34483641_out" [top_cmplx.cpp:171]   --->   Operation 1199 'store' 'store_ln171' <Predicate = (icmp_ln119 & i_1 == 3 & tmp_18 == 2)> <Delay = 0.42>
ST_47 : Operation 1200 [1/1] (0.42ns)   --->   "%store_ln168 = store i32 %sub140_3, i32 %mux_case_34433609_out" [top_cmplx.cpp:168]   --->   Operation 1200 'store' 'store_ln168' <Predicate = (icmp_ln119 & i_1 == 3 & tmp_18 == 2)> <Delay = 0.42>
ST_47 : Operation 1201 [1/1] (0.42ns)   --->   "%store_ln172 = store i32 %add166_3, i32 %mux_case_34783839_out" [top_cmplx.cpp:172]   --->   Operation 1201 'store' 'store_ln172' <Predicate = (icmp_ln119 & i_1 == 3 & tmp_18 == 1)> <Delay = 0.42>
ST_47 : Operation 1202 [1/1] (0.42ns)   --->   "%store_ln169 = store i32 %sub149_3, i32 %mux_case_34733807_out" [top_cmplx.cpp:169]   --->   Operation 1202 'store' 'store_ln169' <Predicate = (icmp_ln119 & i_1 == 3 & tmp_18 == 1)> <Delay = 0.42>
ST_47 : Operation 1203 [1/1] (0.42ns)   --->   "%store_ln171 = store i32 %add158_3, i32 %mux_case_34483641_out" [top_cmplx.cpp:171]   --->   Operation 1203 'store' 'store_ln171' <Predicate = (icmp_ln119 & i_1 == 3 & tmp_18 == 1)> <Delay = 0.42>
ST_47 : Operation 1204 [1/1] (0.42ns)   --->   "%store_ln168 = store i32 %sub140_3, i32 %mux_case_34433609_out" [top_cmplx.cpp:168]   --->   Operation 1204 'store' 'store_ln168' <Predicate = (icmp_ln119 & i_1 == 3 & tmp_18 == 1)> <Delay = 0.42>
ST_47 : Operation 1205 [1/1] (0.42ns)   --->   "%store_ln172 = store i32 %add166_3, i32 %mux_case_34783839_out" [top_cmplx.cpp:172]   --->   Operation 1205 'store' 'store_ln172' <Predicate = (icmp_ln119 & i_1 == 3 & tmp_18 == 0)> <Delay = 0.42>
ST_47 : Operation 1206 [1/1] (0.42ns)   --->   "%store_ln169 = store i32 %sub149_3, i32 %mux_case_34733807_out" [top_cmplx.cpp:169]   --->   Operation 1206 'store' 'store_ln169' <Predicate = (icmp_ln119 & i_1 == 3 & tmp_18 == 0)> <Delay = 0.42>
ST_47 : Operation 1207 [1/1] (0.42ns)   --->   "%store_ln171 = store i32 %add158_3, i32 %mux_case_34483641_out" [top_cmplx.cpp:171]   --->   Operation 1207 'store' 'store_ln171' <Predicate = (icmp_ln119 & i_1 == 3 & tmp_18 == 0)> <Delay = 0.42>
ST_47 : Operation 1208 [1/1] (0.42ns)   --->   "%store_ln168 = store i32 %sub140_3, i32 %mux_case_34433609_out" [top_cmplx.cpp:168]   --->   Operation 1208 'store' 'store_ln168' <Predicate = (icmp_ln119 & i_1 == 3 & tmp_18 == 0)> <Delay = 0.42>
ST_47 : Operation 1209 [1/1] (0.42ns)   --->   "%store_ln172 = store i32 %add166_3, i32 %mux_case_34783839_out" [top_cmplx.cpp:172]   --->   Operation 1209 'store' 'store_ln172' <Predicate = (icmp_ln119 & i_1 == 3 & tmp_18 == 3)> <Delay = 0.42>
ST_47 : Operation 1210 [1/1] (0.42ns)   --->   "%store_ln169 = store i32 %sub149_3, i32 %mux_case_34733807_out" [top_cmplx.cpp:169]   --->   Operation 1210 'store' 'store_ln169' <Predicate = (icmp_ln119 & i_1 == 3 & tmp_18 == 3)> <Delay = 0.42>
ST_47 : Operation 1211 [1/1] (0.42ns)   --->   "%store_ln171 = store i32 %add158_3, i32 %mux_case_34483641_out" [top_cmplx.cpp:171]   --->   Operation 1211 'store' 'store_ln171' <Predicate = (icmp_ln119 & i_1 == 3 & tmp_18 == 3)> <Delay = 0.42>
ST_47 : Operation 1212 [1/1] (0.42ns)   --->   "%store_ln168 = store i32 %sub140_3, i32 %mux_case_34433609_out" [top_cmplx.cpp:168]   --->   Operation 1212 'store' 'store_ln168' <Predicate = (icmp_ln119 & i_1 == 3 & tmp_18 == 3)> <Delay = 0.42>
ST_47 : Operation 1213 [1/1] (0.42ns)   --->   "%store_ln172 = store i32 %add166_3, i32 %mux_case_34733807_out" [top_cmplx.cpp:172]   --->   Operation 1213 'store' 'store_ln172' <Predicate = (icmp_ln119 & i_1 == 2 & tmp_18 == 2)> <Delay = 0.42>
ST_47 : Operation 1214 [1/1] (0.42ns)   --->   "%store_ln169 = store i32 %sub149_3, i32 %mux_case_34683774_out" [top_cmplx.cpp:169]   --->   Operation 1214 'store' 'store_ln169' <Predicate = (icmp_ln119 & i_1 == 2 & tmp_18 == 2)> <Delay = 0.42>
ST_47 : Operation 1215 [1/1] (0.42ns)   --->   "%store_ln171 = store i32 %add158_3, i32 %mux_case_34433609_out" [top_cmplx.cpp:171]   --->   Operation 1215 'store' 'store_ln171' <Predicate = (icmp_ln119 & i_1 == 2 & tmp_18 == 2)> <Delay = 0.42>
ST_47 : Operation 1216 [1/1] (0.42ns)   --->   "%store_ln168 = store i32 %sub140_3, i32 %mux_case_34383576_out" [top_cmplx.cpp:168]   --->   Operation 1216 'store' 'store_ln168' <Predicate = (icmp_ln119 & i_1 == 2 & tmp_18 == 2)> <Delay = 0.42>
ST_47 : Operation 1217 [1/1] (0.42ns)   --->   "%store_ln172 = store i32 %add166_3, i32 %mux_case_34733807_out" [top_cmplx.cpp:172]   --->   Operation 1217 'store' 'store_ln172' <Predicate = (icmp_ln119 & i_1 == 2 & tmp_18 == 1)> <Delay = 0.42>
ST_47 : Operation 1218 [1/1] (0.42ns)   --->   "%store_ln169 = store i32 %sub149_3, i32 %mux_case_34683774_out" [top_cmplx.cpp:169]   --->   Operation 1218 'store' 'store_ln169' <Predicate = (icmp_ln119 & i_1 == 2 & tmp_18 == 1)> <Delay = 0.42>
ST_47 : Operation 1219 [1/1] (0.42ns)   --->   "%store_ln171 = store i32 %add158_3, i32 %mux_case_34433609_out" [top_cmplx.cpp:171]   --->   Operation 1219 'store' 'store_ln171' <Predicate = (icmp_ln119 & i_1 == 2 & tmp_18 == 1)> <Delay = 0.42>
ST_47 : Operation 1220 [1/1] (0.42ns)   --->   "%store_ln168 = store i32 %sub140_3, i32 %mux_case_34383576_out" [top_cmplx.cpp:168]   --->   Operation 1220 'store' 'store_ln168' <Predicate = (icmp_ln119 & i_1 == 2 & tmp_18 == 1)> <Delay = 0.42>
ST_47 : Operation 1221 [1/1] (0.42ns)   --->   "%store_ln172 = store i32 %add166_3, i32 %mux_case_34733807_out" [top_cmplx.cpp:172]   --->   Operation 1221 'store' 'store_ln172' <Predicate = (icmp_ln119 & i_1 == 2 & tmp_18 == 0)> <Delay = 0.42>
ST_47 : Operation 1222 [1/1] (0.42ns)   --->   "%store_ln169 = store i32 %sub149_3, i32 %mux_case_34683774_out" [top_cmplx.cpp:169]   --->   Operation 1222 'store' 'store_ln169' <Predicate = (icmp_ln119 & i_1 == 2 & tmp_18 == 0)> <Delay = 0.42>
ST_47 : Operation 1223 [1/1] (0.42ns)   --->   "%store_ln171 = store i32 %add158_3, i32 %mux_case_34433609_out" [top_cmplx.cpp:171]   --->   Operation 1223 'store' 'store_ln171' <Predicate = (icmp_ln119 & i_1 == 2 & tmp_18 == 0)> <Delay = 0.42>
ST_47 : Operation 1224 [1/1] (0.42ns)   --->   "%store_ln168 = store i32 %sub140_3, i32 %mux_case_34383576_out" [top_cmplx.cpp:168]   --->   Operation 1224 'store' 'store_ln168' <Predicate = (icmp_ln119 & i_1 == 2 & tmp_18 == 0)> <Delay = 0.42>
ST_47 : Operation 1225 [1/1] (0.42ns)   --->   "%store_ln172 = store i32 %add166_3, i32 %mux_case_34733807_out" [top_cmplx.cpp:172]   --->   Operation 1225 'store' 'store_ln172' <Predicate = (icmp_ln119 & i_1 == 2 & tmp_18 == 3)> <Delay = 0.42>
ST_47 : Operation 1226 [1/1] (0.42ns)   --->   "%store_ln169 = store i32 %sub149_3, i32 %mux_case_34683774_out" [top_cmplx.cpp:169]   --->   Operation 1226 'store' 'store_ln169' <Predicate = (icmp_ln119 & i_1 == 2 & tmp_18 == 3)> <Delay = 0.42>
ST_47 : Operation 1227 [1/1] (0.42ns)   --->   "%store_ln171 = store i32 %add158_3, i32 %mux_case_34433609_out" [top_cmplx.cpp:171]   --->   Operation 1227 'store' 'store_ln171' <Predicate = (icmp_ln119 & i_1 == 2 & tmp_18 == 3)> <Delay = 0.42>
ST_47 : Operation 1228 [1/1] (0.42ns)   --->   "%store_ln168 = store i32 %sub140_3, i32 %mux_case_34383576_out" [top_cmplx.cpp:168]   --->   Operation 1228 'store' 'store_ln168' <Predicate = (icmp_ln119 & i_1 == 2 & tmp_18 == 3)> <Delay = 0.42>
ST_47 : Operation 1229 [1/1] (0.42ns)   --->   "%store_ln172 = store i32 %add166_3, i32 %mux_case_34683774_out" [top_cmplx.cpp:172]   --->   Operation 1229 'store' 'store_ln172' <Predicate = (icmp_ln119 & i_1 == 1 & tmp_18 == 2)> <Delay = 0.42>
ST_47 : Operation 1230 [1/1] (0.42ns)   --->   "%store_ln171 = store i32 %add158_3, i32 %mux_case_34383576_out" [top_cmplx.cpp:171]   --->   Operation 1230 'store' 'store_ln171' <Predicate = (icmp_ln119 & i_1 == 1 & tmp_18 == 2)> <Delay = 0.42>
ST_47 : Operation 1231 [1/1] (0.00ns)   --->   "%store_ln169 = store i32 %sub149_3, i32 %mux_case_34633741_out" [top_cmplx.cpp:169]   --->   Operation 1231 'store' 'store_ln169' <Predicate = (icmp_ln119 & i_1 == 1 & tmp_18 == 2)> <Delay = 0.00>
ST_47 : Operation 1232 [1/1] (0.00ns)   --->   "%store_ln168 = store i32 %sub140_3, i32 %mux_case_34333543_out" [top_cmplx.cpp:168]   --->   Operation 1232 'store' 'store_ln168' <Predicate = (icmp_ln119 & i_1 == 1 & tmp_18 == 2)> <Delay = 0.00>
ST_47 : Operation 1233 [1/1] (0.42ns)   --->   "%store_ln172 = store i32 %add166_3, i32 %mux_case_34683774_out" [top_cmplx.cpp:172]   --->   Operation 1233 'store' 'store_ln172' <Predicate = (icmp_ln119 & i_1 == 1 & tmp_18 == 1)> <Delay = 0.42>
ST_47 : Operation 1234 [1/1] (0.42ns)   --->   "%store_ln171 = store i32 %add158_3, i32 %mux_case_34383576_out" [top_cmplx.cpp:171]   --->   Operation 1234 'store' 'store_ln171' <Predicate = (icmp_ln119 & i_1 == 1 & tmp_18 == 1)> <Delay = 0.42>
ST_47 : Operation 1235 [1/1] (0.00ns)   --->   "%store_ln169 = store i32 %sub149_3, i32 %mux_case_34633741_out" [top_cmplx.cpp:169]   --->   Operation 1235 'store' 'store_ln169' <Predicate = (icmp_ln119 & i_1 == 1 & tmp_18 == 1)> <Delay = 0.00>
ST_47 : Operation 1236 [1/1] (0.00ns)   --->   "%store_ln168 = store i32 %sub140_3, i32 %mux_case_34333543_out" [top_cmplx.cpp:168]   --->   Operation 1236 'store' 'store_ln168' <Predicate = (icmp_ln119 & i_1 == 1 & tmp_18 == 1)> <Delay = 0.00>
ST_47 : Operation 1237 [1/1] (0.42ns)   --->   "%store_ln172 = store i32 %add166_3, i32 %mux_case_34683774_out" [top_cmplx.cpp:172]   --->   Operation 1237 'store' 'store_ln172' <Predicate = (icmp_ln119 & i_1 == 1 & tmp_18 == 0)> <Delay = 0.42>
ST_47 : Operation 1238 [1/1] (0.42ns)   --->   "%store_ln171 = store i32 %add158_3, i32 %mux_case_34383576_out" [top_cmplx.cpp:171]   --->   Operation 1238 'store' 'store_ln171' <Predicate = (icmp_ln119 & i_1 == 1 & tmp_18 == 0)> <Delay = 0.42>
ST_47 : Operation 1239 [1/1] (0.00ns)   --->   "%store_ln169 = store i32 %sub149_3, i32 %mux_case_34633741_out" [top_cmplx.cpp:169]   --->   Operation 1239 'store' 'store_ln169' <Predicate = (icmp_ln119 & i_1 == 1 & tmp_18 == 0)> <Delay = 0.00>
ST_47 : Operation 1240 [1/1] (0.00ns)   --->   "%store_ln168 = store i32 %sub140_3, i32 %mux_case_34333543_out" [top_cmplx.cpp:168]   --->   Operation 1240 'store' 'store_ln168' <Predicate = (icmp_ln119 & i_1 == 1 & tmp_18 == 0)> <Delay = 0.00>
ST_47 : Operation 1241 [1/1] (0.42ns)   --->   "%store_ln172 = store i32 %add166_3, i32 %mux_case_34683774_out" [top_cmplx.cpp:172]   --->   Operation 1241 'store' 'store_ln172' <Predicate = (icmp_ln119 & i_1 == 1 & tmp_18 == 3)> <Delay = 0.42>
ST_47 : Operation 1242 [1/1] (0.42ns)   --->   "%store_ln171 = store i32 %add158_3, i32 %mux_case_34383576_out" [top_cmplx.cpp:171]   --->   Operation 1242 'store' 'store_ln171' <Predicate = (icmp_ln119 & i_1 == 1 & tmp_18 == 3)> <Delay = 0.42>
ST_47 : Operation 1243 [1/1] (0.00ns)   --->   "%store_ln169 = store i32 %sub149_3, i32 %mux_case_34633741_out" [top_cmplx.cpp:169]   --->   Operation 1243 'store' 'store_ln169' <Predicate = (icmp_ln119 & i_1 == 1 & tmp_18 == 3)> <Delay = 0.00>
ST_47 : Operation 1244 [1/1] (0.00ns)   --->   "%store_ln168 = store i32 %sub140_3, i32 %mux_case_34333543_out" [top_cmplx.cpp:168]   --->   Operation 1244 'store' 'store_ln168' <Predicate = (icmp_ln119 & i_1 == 1 & tmp_18 == 3)> <Delay = 0.00>
ST_47 : Operation 1245 [1/1] (0.42ns)   --->   "%store_ln169 = store i32 %sub149_3, i32 %mux_case_34883906_out" [top_cmplx.cpp:169]   --->   Operation 1245 'store' 'store_ln169' <Predicate = (icmp_ln119 & i_1 != 1 & i_1 != 2 & i_1 != 3 & i_1 != 4 & i_1 != 5 & tmp_18 == 2)> <Delay = 0.42>
ST_47 : Operation 1246 [1/1] (0.42ns)   --->   "%store_ln168 = store i32 %sub140_3, i32 %mux_case_34583708_out" [top_cmplx.cpp:168]   --->   Operation 1246 'store' 'store_ln168' <Predicate = (icmp_ln119 & i_1 != 1 & i_1 != 2 & i_1 != 3 & i_1 != 4 & i_1 != 5 & tmp_18 == 2)> <Delay = 0.42>
ST_47 : Operation 1247 [1/1] (0.00ns)   --->   "%store_ln172 = store i32 %add166_3, i32 %mux_case_35483972_out" [top_cmplx.cpp:172]   --->   Operation 1247 'store' 'store_ln172' <Predicate = (icmp_ln119 & i_1 != 1 & i_1 != 2 & i_1 != 3 & i_1 != 4 & i_1 != 5 & tmp_18 == 2)> <Delay = 0.00>
ST_47 : Operation 1248 [1/1] (0.00ns)   --->   "%store_ln171 = store i32 %add158_3, i32 %mux_case_35183939_out" [top_cmplx.cpp:171]   --->   Operation 1248 'store' 'store_ln171' <Predicate = (icmp_ln119 & i_1 != 1 & i_1 != 2 & i_1 != 3 & i_1 != 4 & i_1 != 5 & tmp_18 == 2)> <Delay = 0.00>
ST_47 : Operation 1249 [1/1] (0.42ns)   --->   "%store_ln169 = store i32 %sub149_3, i32 %mux_case_34883906_out" [top_cmplx.cpp:169]   --->   Operation 1249 'store' 'store_ln169' <Predicate = (icmp_ln119 & i_1 != 1 & i_1 != 2 & i_1 != 3 & i_1 != 4 & i_1 != 5 & tmp_18 == 1)> <Delay = 0.42>
ST_47 : Operation 1250 [1/1] (0.42ns)   --->   "%store_ln168 = store i32 %sub140_3, i32 %mux_case_34583708_out" [top_cmplx.cpp:168]   --->   Operation 1250 'store' 'store_ln168' <Predicate = (icmp_ln119 & i_1 != 1 & i_1 != 2 & i_1 != 3 & i_1 != 4 & i_1 != 5 & tmp_18 == 1)> <Delay = 0.42>
ST_47 : Operation 1251 [1/1] (0.00ns)   --->   "%store_ln172 = store i32 %add166_3, i32 %mux_case_35483972_out" [top_cmplx.cpp:172]   --->   Operation 1251 'store' 'store_ln172' <Predicate = (icmp_ln119 & i_1 != 1 & i_1 != 2 & i_1 != 3 & i_1 != 4 & i_1 != 5 & tmp_18 == 1)> <Delay = 0.00>
ST_47 : Operation 1252 [1/1] (0.00ns)   --->   "%store_ln171 = store i32 %add158_3, i32 %mux_case_35183939_out" [top_cmplx.cpp:171]   --->   Operation 1252 'store' 'store_ln171' <Predicate = (icmp_ln119 & i_1 != 1 & i_1 != 2 & i_1 != 3 & i_1 != 4 & i_1 != 5 & tmp_18 == 1)> <Delay = 0.00>
ST_47 : Operation 1253 [1/1] (0.42ns)   --->   "%store_ln169 = store i32 %sub149_3, i32 %mux_case_34883906_out" [top_cmplx.cpp:169]   --->   Operation 1253 'store' 'store_ln169' <Predicate = (icmp_ln119 & i_1 != 1 & i_1 != 2 & i_1 != 3 & i_1 != 4 & i_1 != 5 & tmp_18 == 0)> <Delay = 0.42>
ST_47 : Operation 1254 [1/1] (0.42ns)   --->   "%store_ln168 = store i32 %sub140_3, i32 %mux_case_34583708_out" [top_cmplx.cpp:168]   --->   Operation 1254 'store' 'store_ln168' <Predicate = (icmp_ln119 & i_1 != 1 & i_1 != 2 & i_1 != 3 & i_1 != 4 & i_1 != 5 & tmp_18 == 0)> <Delay = 0.42>
ST_47 : Operation 1255 [1/1] (0.00ns)   --->   "%store_ln172 = store i32 %add166_3, i32 %mux_case_35483972_out" [top_cmplx.cpp:172]   --->   Operation 1255 'store' 'store_ln172' <Predicate = (icmp_ln119 & i_1 != 1 & i_1 != 2 & i_1 != 3 & i_1 != 4 & i_1 != 5 & tmp_18 == 0)> <Delay = 0.00>
ST_47 : Operation 1256 [1/1] (0.00ns)   --->   "%store_ln171 = store i32 %add158_3, i32 %mux_case_35183939_out" [top_cmplx.cpp:171]   --->   Operation 1256 'store' 'store_ln171' <Predicate = (icmp_ln119 & i_1 != 1 & i_1 != 2 & i_1 != 3 & i_1 != 4 & i_1 != 5 & tmp_18 == 0)> <Delay = 0.00>
ST_47 : Operation 1257 [1/1] (0.42ns)   --->   "%store_ln169 = store i32 %sub149_3, i32 %mux_case_34883906_out" [top_cmplx.cpp:169]   --->   Operation 1257 'store' 'store_ln169' <Predicate = (icmp_ln119 & i_1 != 1 & i_1 != 2 & i_1 != 3 & i_1 != 4 & i_1 != 5 & tmp_18 == 3)> <Delay = 0.42>
ST_47 : Operation 1258 [1/1] (0.42ns)   --->   "%store_ln168 = store i32 %sub140_3, i32 %mux_case_34583708_out" [top_cmplx.cpp:168]   --->   Operation 1258 'store' 'store_ln168' <Predicate = (icmp_ln119 & i_1 != 1 & i_1 != 2 & i_1 != 3 & i_1 != 4 & i_1 != 5 & tmp_18 == 3)> <Delay = 0.42>
ST_47 : Operation 1259 [1/1] (0.00ns)   --->   "%store_ln172 = store i32 %add166_3, i32 %mux_case_35483972_out" [top_cmplx.cpp:172]   --->   Operation 1259 'store' 'store_ln172' <Predicate = (icmp_ln119 & i_1 != 1 & i_1 != 2 & i_1 != 3 & i_1 != 4 & i_1 != 5 & tmp_18 == 3)> <Delay = 0.00>
ST_47 : Operation 1260 [1/1] (0.00ns)   --->   "%store_ln171 = store i32 %add158_3, i32 %mux_case_35183939_out" [top_cmplx.cpp:171]   --->   Operation 1260 'store' 'store_ln171' <Predicate = (icmp_ln119 & i_1 != 1 & i_1 != 2 & i_1 != 3 & i_1 != 4 & i_1 != 5 & tmp_18 == 3)> <Delay = 0.00>

State 48 <SV = 47> <Delay = 6.43>
ST_48 : Operation 1261 [3/4] (6.43ns)   --->   "%R_real_2 = fsub i32 %mul_i2, i32 %mul17_i1" [top_cmplx.cpp:41->top_cmplx.cpp:146]   --->   Operation 1261 'fsub' 'R_real_2' <Predicate = (icmp_ln119 & !tmp_13)> <Delay = 6.43> <CoreInst = "FAddSub_fulldsp">   --->   Core 18 'FAddSub_fulldsp' <Latency = 3> <II = 1> <Delay = 6.43> <FuncUnit> <Opcode : 'fadd' 'fsub'> <InPorts = 2> <OutPorts = 1>
ST_48 : Operation 1262 [3/4] (6.43ns)   --->   "%R_imag_2 = fsub i32 %mul23_i1, i32 %mul24_i1" [top_cmplx.cpp:42->top_cmplx.cpp:146]   --->   Operation 1262 'fsub' 'R_imag_2' <Predicate = (icmp_ln119 & !tmp_13)> <Delay = 6.43> <CoreInst = "FAddSub_fulldsp">   --->   Core 18 'FAddSub_fulldsp' <Latency = 3> <II = 1> <Delay = 6.43> <FuncUnit> <Opcode : 'fadd' 'fsub'> <InPorts = 2> <OutPorts = 1>
ST_48 : Operation 1263 [3/4] (6.43ns)   --->   "%R_real_3 = fadd i32 %mul31_i1, i32 %mul32_i1" [top_cmplx.cpp:45->top_cmplx.cpp:146]   --->   Operation 1263 'fadd' 'R_real_3' <Predicate = (icmp_ln119 & !tmp_13)> <Delay = 6.43> <CoreInst = "FAddSub_fulldsp">   --->   Core 18 'FAddSub_fulldsp' <Latency = 3> <II = 1> <Delay = 6.43> <FuncUnit> <Opcode : 'fadd' 'fsub'> <InPorts = 2> <OutPorts = 1>
ST_48 : Operation 1264 [3/4] (6.43ns)   --->   "%R_imag_3 = fadd i32 %mul38_i1, i32 %mul39_i1" [top_cmplx.cpp:46->top_cmplx.cpp:146]   --->   Operation 1264 'fadd' 'R_imag_3' <Predicate = (icmp_ln119 & !tmp_13)> <Delay = 6.43> <CoreInst = "FAddSub_fulldsp">   --->   Core 18 'FAddSub_fulldsp' <Latency = 3> <II = 1> <Delay = 6.43> <FuncUnit> <Opcode : 'fadd' 'fsub'> <InPorts = 2> <OutPorts = 1>

State 49 <SV = 48> <Delay = 6.43>
ST_49 : Operation 1265 [2/4] (6.43ns)   --->   "%R_real_2 = fsub i32 %mul_i2, i32 %mul17_i1" [top_cmplx.cpp:41->top_cmplx.cpp:146]   --->   Operation 1265 'fsub' 'R_real_2' <Predicate = (icmp_ln119 & !tmp_13)> <Delay = 6.43> <CoreInst = "FAddSub_fulldsp">   --->   Core 18 'FAddSub_fulldsp' <Latency = 3> <II = 1> <Delay = 6.43> <FuncUnit> <Opcode : 'fadd' 'fsub'> <InPorts = 2> <OutPorts = 1>
ST_49 : Operation 1266 [2/4] (6.43ns)   --->   "%R_imag_2 = fsub i32 %mul23_i1, i32 %mul24_i1" [top_cmplx.cpp:42->top_cmplx.cpp:146]   --->   Operation 1266 'fsub' 'R_imag_2' <Predicate = (icmp_ln119 & !tmp_13)> <Delay = 6.43> <CoreInst = "FAddSub_fulldsp">   --->   Core 18 'FAddSub_fulldsp' <Latency = 3> <II = 1> <Delay = 6.43> <FuncUnit> <Opcode : 'fadd' 'fsub'> <InPorts = 2> <OutPorts = 1>
ST_49 : Operation 1267 [2/4] (6.43ns)   --->   "%R_real_3 = fadd i32 %mul31_i1, i32 %mul32_i1" [top_cmplx.cpp:45->top_cmplx.cpp:146]   --->   Operation 1267 'fadd' 'R_real_3' <Predicate = (icmp_ln119 & !tmp_13)> <Delay = 6.43> <CoreInst = "FAddSub_fulldsp">   --->   Core 18 'FAddSub_fulldsp' <Latency = 3> <II = 1> <Delay = 6.43> <FuncUnit> <Opcode : 'fadd' 'fsub'> <InPorts = 2> <OutPorts = 1>
ST_49 : Operation 1268 [2/4] (6.43ns)   --->   "%R_imag_3 = fadd i32 %mul38_i1, i32 %mul39_i1" [top_cmplx.cpp:46->top_cmplx.cpp:146]   --->   Operation 1268 'fadd' 'R_imag_3' <Predicate = (icmp_ln119 & !tmp_13)> <Delay = 6.43> <CoreInst = "FAddSub_fulldsp">   --->   Core 18 'FAddSub_fulldsp' <Latency = 3> <II = 1> <Delay = 6.43> <FuncUnit> <Opcode : 'fadd' 'fsub'> <InPorts = 2> <OutPorts = 1>

State 50 <SV = 49> <Delay = 7.59>
ST_50 : Operation 1269 [1/4] (6.43ns)   --->   "%R_real_2 = fsub i32 %mul_i2, i32 %mul17_i1" [top_cmplx.cpp:41->top_cmplx.cpp:146]   --->   Operation 1269 'fsub' 'R_real_2' <Predicate = (icmp_ln119 & !tmp_13)> <Delay = 6.43> <CoreInst = "FAddSub_fulldsp">   --->   Core 18 'FAddSub_fulldsp' <Latency = 3> <II = 1> <Delay = 6.43> <FuncUnit> <Opcode : 'fadd' 'fsub'> <InPorts = 2> <OutPorts = 1>
ST_50 : Operation 1270 [1/4] (6.43ns)   --->   "%R_imag_2 = fsub i32 %mul23_i1, i32 %mul24_i1" [top_cmplx.cpp:42->top_cmplx.cpp:146]   --->   Operation 1270 'fsub' 'R_imag_2' <Predicate = (icmp_ln119 & !tmp_13)> <Delay = 6.43> <CoreInst = "FAddSub_fulldsp">   --->   Core 18 'FAddSub_fulldsp' <Latency = 3> <II = 1> <Delay = 6.43> <FuncUnit> <Opcode : 'fadd' 'fsub'> <InPorts = 2> <OutPorts = 1>
ST_50 : Operation 1271 [1/4] (6.43ns)   --->   "%R_real_3 = fadd i32 %mul31_i1, i32 %mul32_i1" [top_cmplx.cpp:45->top_cmplx.cpp:146]   --->   Operation 1271 'fadd' 'R_real_3' <Predicate = (icmp_ln119 & !tmp_13)> <Delay = 6.43> <CoreInst = "FAddSub_fulldsp">   --->   Core 18 'FAddSub_fulldsp' <Latency = 3> <II = 1> <Delay = 6.43> <FuncUnit> <Opcode : 'fadd' 'fsub'> <InPorts = 2> <OutPorts = 1>
ST_50 : Operation 1272 [1/1] (0.73ns)   --->   "%switch_ln41 = switch i2 %tmp_14, void %real3.i147214.case.31567, i2 2, void %real3.i147214.case.4.real3.i147214.exit_crit_edge, i2 1, void %real3.i147214.exit" [top_cmplx.cpp:41->top_cmplx.cpp:146]   --->   Operation 1272 'switch' 'switch_ln41' <Predicate = (icmp_ln119 & i_1 == 5 & !tmp_13)> <Delay = 0.73>
ST_50 : Operation 1273 [1/1] (0.42ns)   --->   "%br_ln41 = br void %real3.i147214.exit" [top_cmplx.cpp:41->top_cmplx.cpp:146]   --->   Operation 1273 'br' 'br_ln41' <Predicate = (icmp_ln119 & i_1 == 5 & !tmp_13 & tmp_14 == 2)> <Delay = 0.42>
ST_50 : Operation 1274 [1/1] (0.42ns)   --->   "%br_ln41 = br void %real3.i147214.exit" [top_cmplx.cpp:41->top_cmplx.cpp:146]   --->   Operation 1274 'br' 'br_ln41' <Predicate = (icmp_ln119 & i_1 == 5 & !tmp_13 & tmp_14 != 2 & tmp_14 != 1)> <Delay = 0.42>
ST_50 : Operation 1275 [1/1] (0.73ns)   --->   "%switch_ln41 = switch i2 %tmp_14, void %real3.i147214.case.31561, i2 2, void %real3.i147214.case.3.real3.i147214.exit_crit_edge, i2 1, void %real3.i147214.exit" [top_cmplx.cpp:41->top_cmplx.cpp:146]   --->   Operation 1275 'switch' 'switch_ln41' <Predicate = (icmp_ln119 & i_1 == 4 & !tmp_13)> <Delay = 0.73>
ST_50 : Operation 1276 [1/1] (0.42ns)   --->   "%br_ln41 = br void %real3.i147214.exit" [top_cmplx.cpp:41->top_cmplx.cpp:146]   --->   Operation 1276 'br' 'br_ln41' <Predicate = (icmp_ln119 & i_1 == 4 & !tmp_13 & tmp_14 == 2)> <Delay = 0.42>
ST_50 : Operation 1277 [1/1] (0.42ns)   --->   "%br_ln41 = br void %real3.i147214.exit" [top_cmplx.cpp:41->top_cmplx.cpp:146]   --->   Operation 1277 'br' 'br_ln41' <Predicate = (icmp_ln119 & i_1 == 4 & !tmp_13 & tmp_14 != 2 & tmp_14 != 1)> <Delay = 0.42>
ST_50 : Operation 1278 [1/1] (0.73ns)   --->   "%switch_ln41 = switch i2 %tmp_14, void %real3.i147214.case.31555, i2 2, void %real3.i147214.case.2.real3.i147214.exit_crit_edge, i2 1, void %real3.i147214.exit" [top_cmplx.cpp:41->top_cmplx.cpp:146]   --->   Operation 1278 'switch' 'switch_ln41' <Predicate = (icmp_ln119 & i_1 == 3 & !tmp_13)> <Delay = 0.73>
ST_50 : Operation 1279 [1/1] (0.42ns)   --->   "%br_ln41 = br void %real3.i147214.exit" [top_cmplx.cpp:41->top_cmplx.cpp:146]   --->   Operation 1279 'br' 'br_ln41' <Predicate = (icmp_ln119 & i_1 == 3 & !tmp_13 & tmp_14 == 2)> <Delay = 0.42>
ST_50 : Operation 1280 [1/1] (0.42ns)   --->   "%br_ln41 = br void %real3.i147214.exit" [top_cmplx.cpp:41->top_cmplx.cpp:146]   --->   Operation 1280 'br' 'br_ln41' <Predicate = (icmp_ln119 & i_1 == 3 & !tmp_13 & tmp_14 != 2 & tmp_14 != 1)> <Delay = 0.42>
ST_50 : Operation 1281 [1/1] (0.73ns)   --->   "%switch_ln41 = switch i2 %tmp_14, void %real3.i147214.case.31549, i2 2, void %real3.i147214.case.1.real3.i147214.exit_crit_edge, i2 1, void %real3.i147214.exit" [top_cmplx.cpp:41->top_cmplx.cpp:146]   --->   Operation 1281 'switch' 'switch_ln41' <Predicate = (icmp_ln119 & i_1 == 2 & !tmp_13)> <Delay = 0.73>
ST_50 : Operation 1282 [1/1] (0.42ns)   --->   "%br_ln41 = br void %real3.i147214.exit" [top_cmplx.cpp:41->top_cmplx.cpp:146]   --->   Operation 1282 'br' 'br_ln41' <Predicate = (icmp_ln119 & i_1 == 2 & !tmp_13 & tmp_14 == 2)> <Delay = 0.42>
ST_50 : Operation 1283 [1/1] (0.42ns)   --->   "%br_ln41 = br void %real3.i147214.exit" [top_cmplx.cpp:41->top_cmplx.cpp:146]   --->   Operation 1283 'br' 'br_ln41' <Predicate = (icmp_ln119 & i_1 == 2 & !tmp_13 & tmp_14 != 2 & tmp_14 != 1)> <Delay = 0.42>
ST_50 : Operation 1284 [1/1] (0.73ns)   --->   "%switch_ln41 = switch i2 %tmp_14, void %real3.i147214.case.31543, i2 2, void %real3.i147214.case.0.real3.i147214.exit_crit_edge, i2 1, void %real3.i147214.exit" [top_cmplx.cpp:41->top_cmplx.cpp:146]   --->   Operation 1284 'switch' 'switch_ln41' <Predicate = (icmp_ln119 & i_1 == 1 & !tmp_13)> <Delay = 0.73>
ST_50 : Operation 1285 [1/1] (0.42ns)   --->   "%br_ln41 = br void %real3.i147214.exit" [top_cmplx.cpp:41->top_cmplx.cpp:146]   --->   Operation 1285 'br' 'br_ln41' <Predicate = (icmp_ln119 & i_1 == 1 & !tmp_13 & tmp_14 == 2)> <Delay = 0.42>
ST_50 : Operation 1286 [1/1] (0.42ns)   --->   "%br_ln41 = br void %real3.i147214.exit" [top_cmplx.cpp:41->top_cmplx.cpp:146]   --->   Operation 1286 'br' 'br_ln41' <Predicate = (icmp_ln119 & i_1 == 1 & !tmp_13 & tmp_14 != 2 & tmp_14 != 1)> <Delay = 0.42>
ST_50 : Operation 1287 [1/1] (0.73ns)   --->   "%switch_ln41 = switch i2 %tmp_14, void %real3.i147214.case.31573, i2 2, void %real3.i147214.case.5.real3.i147214.exit_crit_edge, i2 1, void %real3.i147214.exit" [top_cmplx.cpp:41->top_cmplx.cpp:146]   --->   Operation 1287 'switch' 'switch_ln41' <Predicate = (icmp_ln119 & i_1 != 1 & i_1 != 2 & i_1 != 3 & i_1 != 4 & i_1 != 5 & !tmp_13)> <Delay = 0.73>
ST_50 : Operation 1288 [1/1] (0.42ns)   --->   "%br_ln41 = br void %real3.i147214.exit" [top_cmplx.cpp:41->top_cmplx.cpp:146]   --->   Operation 1288 'br' 'br_ln41' <Predicate = (icmp_ln119 & i_1 != 1 & i_1 != 2 & i_1 != 3 & i_1 != 4 & i_1 != 5 & !tmp_13 & tmp_14 == 2)> <Delay = 0.42>
ST_50 : Operation 1289 [1/1] (0.42ns)   --->   "%br_ln41 = br void %real3.i147214.exit" [top_cmplx.cpp:41->top_cmplx.cpp:146]   --->   Operation 1289 'br' 'br_ln41' <Predicate = (icmp_ln119 & i_1 != 1 & i_1 != 2 & i_1 != 3 & i_1 != 4 & i_1 != 5 & !tmp_13 & tmp_14 != 2 & tmp_14 != 1)> <Delay = 0.42>
ST_50 : Operation 1290 [1/4] (6.43ns)   --->   "%R_imag_3 = fadd i32 %mul38_i1, i32 %mul39_i1" [top_cmplx.cpp:46->top_cmplx.cpp:146]   --->   Operation 1290 'fadd' 'R_imag_3' <Predicate = (icmp_ln119 & !tmp_13)> <Delay = 6.43> <CoreInst = "FAddSub_fulldsp">   --->   Core 18 'FAddSub_fulldsp' <Latency = 3> <II = 1> <Delay = 6.43> <FuncUnit> <Opcode : 'fadd' 'fsub'> <InPorts = 2> <OutPorts = 1>
ST_50 : Operation 1291 [1/1] (0.73ns)   --->   "%switch_ln42 = switch i2 %tmp_14, void %imag5.i148215.case.31645, i2 2, void %imag5.i148215.case.4.imag5.i148215.exit_crit_edge, i2 1, void %imag5.i148215.exit" [top_cmplx.cpp:42->top_cmplx.cpp:146]   --->   Operation 1291 'switch' 'switch_ln42' <Predicate = (icmp_ln119 & i_1 == 5 & !tmp_13)> <Delay = 0.73>
ST_50 : Operation 1292 [1/1] (0.42ns)   --->   "%br_ln42 = br void %imag5.i148215.exit" [top_cmplx.cpp:42->top_cmplx.cpp:146]   --->   Operation 1292 'br' 'br_ln42' <Predicate = (icmp_ln119 & i_1 == 5 & !tmp_13 & tmp_14 == 2)> <Delay = 0.42>
ST_50 : Operation 1293 [1/1] (0.42ns)   --->   "%br_ln42 = br void %imag5.i148215.exit" [top_cmplx.cpp:42->top_cmplx.cpp:146]   --->   Operation 1293 'br' 'br_ln42' <Predicate = (icmp_ln119 & i_1 == 5 & !tmp_13 & tmp_14 != 2 & tmp_14 != 1)> <Delay = 0.42>
ST_50 : Operation 1294 [1/1] (0.73ns)   --->   "%switch_ln42 = switch i2 %tmp_14, void %imag5.i148215.case.31639, i2 2, void %imag5.i148215.case.3.imag5.i148215.exit_crit_edge, i2 1, void %imag5.i148215.exit" [top_cmplx.cpp:42->top_cmplx.cpp:146]   --->   Operation 1294 'switch' 'switch_ln42' <Predicate = (icmp_ln119 & i_1 == 4 & !tmp_13)> <Delay = 0.73>
ST_50 : Operation 1295 [1/1] (0.42ns)   --->   "%br_ln42 = br void %imag5.i148215.exit" [top_cmplx.cpp:42->top_cmplx.cpp:146]   --->   Operation 1295 'br' 'br_ln42' <Predicate = (icmp_ln119 & i_1 == 4 & !tmp_13 & tmp_14 == 2)> <Delay = 0.42>
ST_50 : Operation 1296 [1/1] (0.42ns)   --->   "%br_ln42 = br void %imag5.i148215.exit" [top_cmplx.cpp:42->top_cmplx.cpp:146]   --->   Operation 1296 'br' 'br_ln42' <Predicate = (icmp_ln119 & i_1 == 4 & !tmp_13 & tmp_14 != 2 & tmp_14 != 1)> <Delay = 0.42>
ST_50 : Operation 1297 [1/1] (0.73ns)   --->   "%switch_ln42 = switch i2 %tmp_14, void %imag5.i148215.case.31633, i2 2, void %imag5.i148215.case.2.imag5.i148215.exit_crit_edge, i2 1, void %imag5.i148215.exit" [top_cmplx.cpp:42->top_cmplx.cpp:146]   --->   Operation 1297 'switch' 'switch_ln42' <Predicate = (icmp_ln119 & i_1 == 3 & !tmp_13)> <Delay = 0.73>
ST_50 : Operation 1298 [1/1] (0.42ns)   --->   "%br_ln42 = br void %imag5.i148215.exit" [top_cmplx.cpp:42->top_cmplx.cpp:146]   --->   Operation 1298 'br' 'br_ln42' <Predicate = (icmp_ln119 & i_1 == 3 & !tmp_13 & tmp_14 == 2)> <Delay = 0.42>
ST_50 : Operation 1299 [1/1] (0.42ns)   --->   "%br_ln42 = br void %imag5.i148215.exit" [top_cmplx.cpp:42->top_cmplx.cpp:146]   --->   Operation 1299 'br' 'br_ln42' <Predicate = (icmp_ln119 & i_1 == 3 & !tmp_13 & tmp_14 != 2 & tmp_14 != 1)> <Delay = 0.42>
ST_50 : Operation 1300 [1/1] (0.73ns)   --->   "%switch_ln42 = switch i2 %tmp_14, void %imag5.i148215.case.31627, i2 2, void %imag5.i148215.case.1.imag5.i148215.exit_crit_edge, i2 1, void %imag5.i148215.exit" [top_cmplx.cpp:42->top_cmplx.cpp:146]   --->   Operation 1300 'switch' 'switch_ln42' <Predicate = (icmp_ln119 & i_1 == 2 & !tmp_13)> <Delay = 0.73>
ST_50 : Operation 1301 [1/1] (0.42ns)   --->   "%br_ln42 = br void %imag5.i148215.exit" [top_cmplx.cpp:42->top_cmplx.cpp:146]   --->   Operation 1301 'br' 'br_ln42' <Predicate = (icmp_ln119 & i_1 == 2 & !tmp_13 & tmp_14 == 2)> <Delay = 0.42>
ST_50 : Operation 1302 [1/1] (0.42ns)   --->   "%br_ln42 = br void %imag5.i148215.exit" [top_cmplx.cpp:42->top_cmplx.cpp:146]   --->   Operation 1302 'br' 'br_ln42' <Predicate = (icmp_ln119 & i_1 == 2 & !tmp_13 & tmp_14 != 2 & tmp_14 != 1)> <Delay = 0.42>
ST_50 : Operation 1303 [1/1] (0.73ns)   --->   "%switch_ln42 = switch i2 %tmp_14, void %imag5.i148215.case.31621, i2 2, void %imag5.i148215.case.0.imag5.i148215.exit_crit_edge, i2 1, void %imag5.i148215.exit" [top_cmplx.cpp:42->top_cmplx.cpp:146]   --->   Operation 1303 'switch' 'switch_ln42' <Predicate = (icmp_ln119 & i_1 == 1 & !tmp_13)> <Delay = 0.73>
ST_50 : Operation 1304 [1/1] (0.42ns)   --->   "%br_ln42 = br void %imag5.i148215.exit" [top_cmplx.cpp:42->top_cmplx.cpp:146]   --->   Operation 1304 'br' 'br_ln42' <Predicate = (icmp_ln119 & i_1 == 1 & !tmp_13 & tmp_14 == 2)> <Delay = 0.42>
ST_50 : Operation 1305 [1/1] (0.42ns)   --->   "%br_ln42 = br void %imag5.i148215.exit" [top_cmplx.cpp:42->top_cmplx.cpp:146]   --->   Operation 1305 'br' 'br_ln42' <Predicate = (icmp_ln119 & i_1 == 1 & !tmp_13 & tmp_14 != 2 & tmp_14 != 1)> <Delay = 0.42>
ST_50 : Operation 1306 [1/1] (0.73ns)   --->   "%switch_ln42 = switch i2 %tmp_14, void %imag5.i148215.case.31651, i2 2, void %imag5.i148215.case.5.imag5.i148215.exit_crit_edge, i2 1, void %imag5.i148215.exit" [top_cmplx.cpp:42->top_cmplx.cpp:146]   --->   Operation 1306 'switch' 'switch_ln42' <Predicate = (icmp_ln119 & i_1 != 1 & i_1 != 2 & i_1 != 3 & i_1 != 4 & i_1 != 5 & !tmp_13)> <Delay = 0.73>
ST_50 : Operation 1307 [1/1] (0.42ns)   --->   "%br_ln42 = br void %imag5.i148215.exit" [top_cmplx.cpp:42->top_cmplx.cpp:146]   --->   Operation 1307 'br' 'br_ln42' <Predicate = (icmp_ln119 & i_1 != 1 & i_1 != 2 & i_1 != 3 & i_1 != 4 & i_1 != 5 & !tmp_13 & tmp_14 == 2)> <Delay = 0.42>
ST_50 : Operation 1308 [1/1] (0.42ns)   --->   "%br_ln42 = br void %imag5.i148215.exit" [top_cmplx.cpp:42->top_cmplx.cpp:146]   --->   Operation 1308 'br' 'br_ln42' <Predicate = (icmp_ln119 & i_1 != 1 & i_1 != 2 & i_1 != 3 & i_1 != 4 & i_1 != 5 & !tmp_13 & tmp_14 != 2 & tmp_14 != 1)> <Delay = 0.42>

State 51 <SV = 50> <Delay = 3.44>
ST_51 : Operation 1309 [1/1] (0.00ns)   --->   "%mux_case_38572108 = phi i32 %mux_case_31082, void %real3.i147214.case.31567, i32 %mux_case_31082, void %real3.i147214.case.31561, i32 %mux_case_31082, void %real3.i147214.case.31555, i32 %mux_case_31082, void %real3.i147214.case.31549, i32 %mux_case_31082, void %real3.i147214.case.31543, i32 %R_real_2, void %real3.i147214.case.31573, i32 %mux_case_31082, void %real3.i147214.case.0.real3.i147214.exit_crit_edge, i32 %mux_case_31082, void %real3.i147214.case.1.real3.i147214.exit_crit_edge, i32 %mux_case_31082, void %real3.i147214.case.2.real3.i147214.exit_crit_edge, i32 %mux_case_31082, void %real3.i147214.case.3.real3.i147214.exit_crit_edge, i32 %mux_case_31082, void %real3.i147214.case.4.real3.i147214.exit_crit_edge, i32 %mux_case_31082, void %real3.i147214.case.5.real3.i147214.exit_crit_edge, i32 %mux_case_31082, void %real3.i147214.case.0, i32 %mux_case_31082, void %real3.i147214.case.1, i32 %mux_case_31082, void %real3.i147214.case.2, i32 %mux_case_31082, void %real3.i147214.case.3, i32 %mux_case_31082, void %real3.i147214.case.4, i32 %mux_case_31082, void %real3.i147214.case.5"   --->   Operation 1309 'phi' 'mux_case_38572108' <Predicate = (icmp_ln119 & !tmp_13)> <Delay = 0.00>
ST_51 : Operation 1310 [1/1] (0.00ns)   --->   "%mux_case_28562103 = phi i32 %mux_case_21081, void %real3.i147214.case.31567, i32 %mux_case_21081, void %real3.i147214.case.31561, i32 %mux_case_21081, void %real3.i147214.case.31555, i32 %mux_case_21081, void %real3.i147214.case.31549, i32 %mux_case_21081, void %real3.i147214.case.31543, i32 %mux_case_21081, void %real3.i147214.case.31573, i32 %mux_case_21081, void %real3.i147214.case.0.real3.i147214.exit_crit_edge, i32 %mux_case_21081, void %real3.i147214.case.1.real3.i147214.exit_crit_edge, i32 %mux_case_21081, void %real3.i147214.case.2.real3.i147214.exit_crit_edge, i32 %mux_case_21081, void %real3.i147214.case.3.real3.i147214.exit_crit_edge, i32 %mux_case_21081, void %real3.i147214.case.4.real3.i147214.exit_crit_edge, i32 %R_real_2, void %real3.i147214.case.5.real3.i147214.exit_crit_edge, i32 %mux_case_21081, void %real3.i147214.case.0, i32 %mux_case_21081, void %real3.i147214.case.1, i32 %mux_case_21081, void %real3.i147214.case.2, i32 %mux_case_21081, void %real3.i147214.case.3, i32 %mux_case_21081, void %real3.i147214.case.4, i32 %mux_case_21081, void %real3.i147214.case.5"   --->   Operation 1310 'phi' 'mux_case_28562103' <Predicate = (icmp_ln119 & !tmp_13)> <Delay = 0.00>
ST_51 : Operation 1311 [1/1] (0.00ns)   --->   "%mux_case_18552098 = phi i32 %mux_case_11080, void %real3.i147214.case.31567, i32 %mux_case_11080, void %real3.i147214.case.31561, i32 %mux_case_11080, void %real3.i147214.case.31555, i32 %mux_case_11080, void %real3.i147214.case.31549, i32 %mux_case_11080, void %real3.i147214.case.31543, i32 %mux_case_11080, void %real3.i147214.case.31573, i32 %mux_case_11080, void %real3.i147214.case.0.real3.i147214.exit_crit_edge, i32 %mux_case_11080, void %real3.i147214.case.1.real3.i147214.exit_crit_edge, i32 %mux_case_11080, void %real3.i147214.case.2.real3.i147214.exit_crit_edge, i32 %mux_case_11080, void %real3.i147214.case.3.real3.i147214.exit_crit_edge, i32 %mux_case_11080, void %real3.i147214.case.4.real3.i147214.exit_crit_edge, i32 %mux_case_11080, void %real3.i147214.case.5.real3.i147214.exit_crit_edge, i32 %mux_case_11080, void %real3.i147214.case.0, i32 %mux_case_11080, void %real3.i147214.case.1, i32 %mux_case_11080, void %real3.i147214.case.2, i32 %mux_case_11080, void %real3.i147214.case.3, i32 %mux_case_11080, void %real3.i147214.case.4, i32 %R_real_2, void %real3.i147214.case.5"   --->   Operation 1311 'phi' 'mux_case_18552098' <Predicate = (icmp_ln119 & !tmp_13)> <Delay = 0.00>
ST_51 : Operation 1312 [1/1] (0.00ns)   --->   "%mux_case_38522088 = phi i32 %R_real_2, void %real3.i147214.case.31567, i32 %mux_case_31077, void %real3.i147214.case.31561, i32 %mux_case_31077, void %real3.i147214.case.31555, i32 %mux_case_31077, void %real3.i147214.case.31549, i32 %mux_case_31077, void %real3.i147214.case.31543, i32 %mux_case_31077, void %real3.i147214.case.31573, i32 %mux_case_31077, void %real3.i147214.case.0.real3.i147214.exit_crit_edge, i32 %mux_case_31077, void %real3.i147214.case.1.real3.i147214.exit_crit_edge, i32 %mux_case_31077, void %real3.i147214.case.2.real3.i147214.exit_crit_edge, i32 %mux_case_31077, void %real3.i147214.case.3.real3.i147214.exit_crit_edge, i32 %mux_case_31077, void %real3.i147214.case.4.real3.i147214.exit_crit_edge, i32 %mux_case_31077, void %real3.i147214.case.5.real3.i147214.exit_crit_edge, i32 %mux_case_31077, void %real3.i147214.case.0, i32 %mux_case_31077, void %real3.i147214.case.1, i32 %mux_case_31077, void %real3.i147214.case.2, i32 %mux_case_31077, void %real3.i147214.case.3, i32 %mux_case_31077, void %real3.i147214.case.4, i32 %mux_case_31077, void %real3.i147214.case.5"   --->   Operation 1312 'phi' 'mux_case_38522088' <Predicate = (icmp_ln119 & !tmp_13)> <Delay = 0.00>
ST_51 : Operation 1313 [1/1] (0.00ns)   --->   "%mux_case_28512083 = phi i32 %mux_case_21076, void %real3.i147214.case.31567, i32 %mux_case_21076, void %real3.i147214.case.31561, i32 %mux_case_21076, void %real3.i147214.case.31555, i32 %mux_case_21076, void %real3.i147214.case.31549, i32 %mux_case_21076, void %real3.i147214.case.31543, i32 %mux_case_21076, void %real3.i147214.case.31573, i32 %mux_case_21076, void %real3.i147214.case.0.real3.i147214.exit_crit_edge, i32 %mux_case_21076, void %real3.i147214.case.1.real3.i147214.exit_crit_edge, i32 %mux_case_21076, void %real3.i147214.case.2.real3.i147214.exit_crit_edge, i32 %mux_case_21076, void %real3.i147214.case.3.real3.i147214.exit_crit_edge, i32 %R_real_2, void %real3.i147214.case.4.real3.i147214.exit_crit_edge, i32 %mux_case_21076, void %real3.i147214.case.5.real3.i147214.exit_crit_edge, i32 %mux_case_21076, void %real3.i147214.case.0, i32 %mux_case_21076, void %real3.i147214.case.1, i32 %mux_case_21076, void %real3.i147214.case.2, i32 %mux_case_21076, void %real3.i147214.case.3, i32 %mux_case_21076, void %real3.i147214.case.4, i32 %mux_case_21076, void %real3.i147214.case.5"   --->   Operation 1313 'phi' 'mux_case_28512083' <Predicate = (icmp_ln119 & !tmp_13)> <Delay = 0.00>
ST_51 : Operation 1314 [1/1] (0.00ns)   --->   "%mux_case_18502078 = phi i32 %mux_case_11075, void %real3.i147214.case.31567, i32 %mux_case_11075, void %real3.i147214.case.31561, i32 %mux_case_11075, void %real3.i147214.case.31555, i32 %mux_case_11075, void %real3.i147214.case.31549, i32 %mux_case_11075, void %real3.i147214.case.31543, i32 %mux_case_11075, void %real3.i147214.case.31573, i32 %mux_case_11075, void %real3.i147214.case.0.real3.i147214.exit_crit_edge, i32 %mux_case_11075, void %real3.i147214.case.1.real3.i147214.exit_crit_edge, i32 %mux_case_11075, void %real3.i147214.case.2.real3.i147214.exit_crit_edge, i32 %mux_case_11075, void %real3.i147214.case.3.real3.i147214.exit_crit_edge, i32 %mux_case_11075, void %real3.i147214.case.4.real3.i147214.exit_crit_edge, i32 %mux_case_11075, void %real3.i147214.case.5.real3.i147214.exit_crit_edge, i32 %mux_case_11075, void %real3.i147214.case.0, i32 %mux_case_11075, void %real3.i147214.case.1, i32 %mux_case_11075, void %real3.i147214.case.2, i32 %mux_case_11075, void %real3.i147214.case.3, i32 %R_real_2, void %real3.i147214.case.4, i32 %mux_case_11075, void %real3.i147214.case.5"   --->   Operation 1314 'phi' 'mux_case_18502078' <Predicate = (icmp_ln119 & !tmp_13)> <Delay = 0.00>
ST_51 : Operation 1315 [1/1] (0.00ns)   --->   "%mux_case_38472068 = phi i32 %mux_case_31072, void %real3.i147214.case.31567, i32 %R_real_2, void %real3.i147214.case.31561, i32 %mux_case_31072, void %real3.i147214.case.31555, i32 %mux_case_31072, void %real3.i147214.case.31549, i32 %mux_case_31072, void %real3.i147214.case.31543, i32 %mux_case_31072, void %real3.i147214.case.31573, i32 %mux_case_31072, void %real3.i147214.case.0.real3.i147214.exit_crit_edge, i32 %mux_case_31072, void %real3.i147214.case.1.real3.i147214.exit_crit_edge, i32 %mux_case_31072, void %real3.i147214.case.2.real3.i147214.exit_crit_edge, i32 %mux_case_31072, void %real3.i147214.case.3.real3.i147214.exit_crit_edge, i32 %mux_case_31072, void %real3.i147214.case.4.real3.i147214.exit_crit_edge, i32 %mux_case_31072, void %real3.i147214.case.5.real3.i147214.exit_crit_edge, i32 %mux_case_31072, void %real3.i147214.case.0, i32 %mux_case_31072, void %real3.i147214.case.1, i32 %mux_case_31072, void %real3.i147214.case.2, i32 %mux_case_31072, void %real3.i147214.case.3, i32 %mux_case_31072, void %real3.i147214.case.4, i32 %mux_case_31072, void %real3.i147214.case.5"   --->   Operation 1315 'phi' 'mux_case_38472068' <Predicate = (icmp_ln119 & !tmp_13)> <Delay = 0.00>
ST_51 : Operation 1316 [1/1] (0.00ns)   --->   "%mux_case_28462063 = phi i32 %mux_case_21071, void %real3.i147214.case.31567, i32 %mux_case_21071, void %real3.i147214.case.31561, i32 %mux_case_21071, void %real3.i147214.case.31555, i32 %mux_case_21071, void %real3.i147214.case.31549, i32 %mux_case_21071, void %real3.i147214.case.31543, i32 %mux_case_21071, void %real3.i147214.case.31573, i32 %mux_case_21071, void %real3.i147214.case.0.real3.i147214.exit_crit_edge, i32 %mux_case_21071, void %real3.i147214.case.1.real3.i147214.exit_crit_edge, i32 %mux_case_21071, void %real3.i147214.case.2.real3.i147214.exit_crit_edge, i32 %R_real_2, void %real3.i147214.case.3.real3.i147214.exit_crit_edge, i32 %mux_case_21071, void %real3.i147214.case.4.real3.i147214.exit_crit_edge, i32 %mux_case_21071, void %real3.i147214.case.5.real3.i147214.exit_crit_edge, i32 %mux_case_21071, void %real3.i147214.case.0, i32 %mux_case_21071, void %real3.i147214.case.1, i32 %mux_case_21071, void %real3.i147214.case.2, i32 %mux_case_21071, void %real3.i147214.case.3, i32 %mux_case_21071, void %real3.i147214.case.4, i32 %mux_case_21071, void %real3.i147214.case.5"   --->   Operation 1316 'phi' 'mux_case_28462063' <Predicate = (icmp_ln119 & !tmp_13)> <Delay = 0.00>
ST_51 : Operation 1317 [1/1] (0.00ns)   --->   "%mux_case_18452058 = phi i32 %mux_case_11070, void %real3.i147214.case.31567, i32 %mux_case_11070, void %real3.i147214.case.31561, i32 %mux_case_11070, void %real3.i147214.case.31555, i32 %mux_case_11070, void %real3.i147214.case.31549, i32 %mux_case_11070, void %real3.i147214.case.31543, i32 %mux_case_11070, void %real3.i147214.case.31573, i32 %mux_case_11070, void %real3.i147214.case.0.real3.i147214.exit_crit_edge, i32 %mux_case_11070, void %real3.i147214.case.1.real3.i147214.exit_crit_edge, i32 %mux_case_11070, void %real3.i147214.case.2.real3.i147214.exit_crit_edge, i32 %mux_case_11070, void %real3.i147214.case.3.real3.i147214.exit_crit_edge, i32 %mux_case_11070, void %real3.i147214.case.4.real3.i147214.exit_crit_edge, i32 %mux_case_11070, void %real3.i147214.case.5.real3.i147214.exit_crit_edge, i32 %mux_case_11070, void %real3.i147214.case.0, i32 %mux_case_11070, void %real3.i147214.case.1, i32 %mux_case_11070, void %real3.i147214.case.2, i32 %R_real_2, void %real3.i147214.case.3, i32 %mux_case_11070, void %real3.i147214.case.4, i32 %mux_case_11070, void %real3.i147214.case.5"   --->   Operation 1317 'phi' 'mux_case_18452058' <Predicate = (icmp_ln119 & !tmp_13)> <Delay = 0.00>
ST_51 : Operation 1318 [1/1] (0.00ns)   --->   "%mux_case_38422048 = phi i32 %mux_case_31067, void %real3.i147214.case.31567, i32 %mux_case_31067, void %real3.i147214.case.31561, i32 %R_real_2, void %real3.i147214.case.31555, i32 %mux_case_31067, void %real3.i147214.case.31549, i32 %mux_case_31067, void %real3.i147214.case.31543, i32 %mux_case_31067, void %real3.i147214.case.31573, i32 %mux_case_31067, void %real3.i147214.case.0.real3.i147214.exit_crit_edge, i32 %mux_case_31067, void %real3.i147214.case.1.real3.i147214.exit_crit_edge, i32 %mux_case_31067, void %real3.i147214.case.2.real3.i147214.exit_crit_edge, i32 %mux_case_31067, void %real3.i147214.case.3.real3.i147214.exit_crit_edge, i32 %mux_case_31067, void %real3.i147214.case.4.real3.i147214.exit_crit_edge, i32 %mux_case_31067, void %real3.i147214.case.5.real3.i147214.exit_crit_edge, i32 %mux_case_31067, void %real3.i147214.case.0, i32 %mux_case_31067, void %real3.i147214.case.1, i32 %mux_case_31067, void %real3.i147214.case.2, i32 %mux_case_31067, void %real3.i147214.case.3, i32 %mux_case_31067, void %real3.i147214.case.4, i32 %mux_case_31067, void %real3.i147214.case.5"   --->   Operation 1318 'phi' 'mux_case_38422048' <Predicate = (icmp_ln119 & !tmp_13)> <Delay = 0.00>
ST_51 : Operation 1319 [1/1] (0.00ns)   --->   "%mux_case_28412043 = phi i32 %mux_case_21066, void %real3.i147214.case.31567, i32 %mux_case_21066, void %real3.i147214.case.31561, i32 %mux_case_21066, void %real3.i147214.case.31555, i32 %mux_case_21066, void %real3.i147214.case.31549, i32 %mux_case_21066, void %real3.i147214.case.31543, i32 %mux_case_21066, void %real3.i147214.case.31573, i32 %mux_case_21066, void %real3.i147214.case.0.real3.i147214.exit_crit_edge, i32 %mux_case_21066, void %real3.i147214.case.1.real3.i147214.exit_crit_edge, i32 %R_real_2, void %real3.i147214.case.2.real3.i147214.exit_crit_edge, i32 %mux_case_21066, void %real3.i147214.case.3.real3.i147214.exit_crit_edge, i32 %mux_case_21066, void %real3.i147214.case.4.real3.i147214.exit_crit_edge, i32 %mux_case_21066, void %real3.i147214.case.5.real3.i147214.exit_crit_edge, i32 %mux_case_21066, void %real3.i147214.case.0, i32 %mux_case_21066, void %real3.i147214.case.1, i32 %mux_case_21066, void %real3.i147214.case.2, i32 %mux_case_21066, void %real3.i147214.case.3, i32 %mux_case_21066, void %real3.i147214.case.4, i32 %mux_case_21066, void %real3.i147214.case.5"   --->   Operation 1319 'phi' 'mux_case_28412043' <Predicate = (icmp_ln119 & !tmp_13)> <Delay = 0.00>
ST_51 : Operation 1320 [1/1] (0.00ns)   --->   "%mux_case_18402038 = phi i32 %mux_case_11065, void %real3.i147214.case.31567, i32 %mux_case_11065, void %real3.i147214.case.31561, i32 %mux_case_11065, void %real3.i147214.case.31555, i32 %mux_case_11065, void %real3.i147214.case.31549, i32 %mux_case_11065, void %real3.i147214.case.31543, i32 %mux_case_11065, void %real3.i147214.case.31573, i32 %mux_case_11065, void %real3.i147214.case.0.real3.i147214.exit_crit_edge, i32 %mux_case_11065, void %real3.i147214.case.1.real3.i147214.exit_crit_edge, i32 %mux_case_11065, void %real3.i147214.case.2.real3.i147214.exit_crit_edge, i32 %mux_case_11065, void %real3.i147214.case.3.real3.i147214.exit_crit_edge, i32 %mux_case_11065, void %real3.i147214.case.4.real3.i147214.exit_crit_edge, i32 %mux_case_11065, void %real3.i147214.case.5.real3.i147214.exit_crit_edge, i32 %mux_case_11065, void %real3.i147214.case.0, i32 %mux_case_11065, void %real3.i147214.case.1, i32 %R_real_2, void %real3.i147214.case.2, i32 %mux_case_11065, void %real3.i147214.case.3, i32 %mux_case_11065, void %real3.i147214.case.4, i32 %mux_case_11065, void %real3.i147214.case.5"   --->   Operation 1320 'phi' 'mux_case_18402038' <Predicate = (icmp_ln119 & !tmp_13)> <Delay = 0.00>
ST_51 : Operation 1321 [1/1] (0.00ns)   --->   "%mux_case_38372028 = phi i32 %mux_case_31062, void %real3.i147214.case.31567, i32 %mux_case_31062, void %real3.i147214.case.31561, i32 %mux_case_31062, void %real3.i147214.case.31555, i32 %R_real_2, void %real3.i147214.case.31549, i32 %mux_case_31062, void %real3.i147214.case.31543, i32 %mux_case_31062, void %real3.i147214.case.31573, i32 %mux_case_31062, void %real3.i147214.case.0.real3.i147214.exit_crit_edge, i32 %mux_case_31062, void %real3.i147214.case.1.real3.i147214.exit_crit_edge, i32 %mux_case_31062, void %real3.i147214.case.2.real3.i147214.exit_crit_edge, i32 %mux_case_31062, void %real3.i147214.case.3.real3.i147214.exit_crit_edge, i32 %mux_case_31062, void %real3.i147214.case.4.real3.i147214.exit_crit_edge, i32 %mux_case_31062, void %real3.i147214.case.5.real3.i147214.exit_crit_edge, i32 %mux_case_31062, void %real3.i147214.case.0, i32 %mux_case_31062, void %real3.i147214.case.1, i32 %mux_case_31062, void %real3.i147214.case.2, i32 %mux_case_31062, void %real3.i147214.case.3, i32 %mux_case_31062, void %real3.i147214.case.4, i32 %mux_case_31062, void %real3.i147214.case.5"   --->   Operation 1321 'phi' 'mux_case_38372028' <Predicate = (icmp_ln119 & !tmp_13)> <Delay = 0.00>
ST_51 : Operation 1322 [1/1] (0.00ns)   --->   "%mux_case_28362023 = phi i32 %mux_case_21061, void %real3.i147214.case.31567, i32 %mux_case_21061, void %real3.i147214.case.31561, i32 %mux_case_21061, void %real3.i147214.case.31555, i32 %mux_case_21061, void %real3.i147214.case.31549, i32 %mux_case_21061, void %real3.i147214.case.31543, i32 %mux_case_21061, void %real3.i147214.case.31573, i32 %mux_case_21061, void %real3.i147214.case.0.real3.i147214.exit_crit_edge, i32 %R_real_2, void %real3.i147214.case.1.real3.i147214.exit_crit_edge, i32 %mux_case_21061, void %real3.i147214.case.2.real3.i147214.exit_crit_edge, i32 %mux_case_21061, void %real3.i147214.case.3.real3.i147214.exit_crit_edge, i32 %mux_case_21061, void %real3.i147214.case.4.real3.i147214.exit_crit_edge, i32 %mux_case_21061, void %real3.i147214.case.5.real3.i147214.exit_crit_edge, i32 %mux_case_21061, void %real3.i147214.case.0, i32 %mux_case_21061, void %real3.i147214.case.1, i32 %mux_case_21061, void %real3.i147214.case.2, i32 %mux_case_21061, void %real3.i147214.case.3, i32 %mux_case_21061, void %real3.i147214.case.4, i32 %mux_case_21061, void %real3.i147214.case.5"   --->   Operation 1322 'phi' 'mux_case_28362023' <Predicate = (icmp_ln119 & !tmp_13)> <Delay = 0.00>
ST_51 : Operation 1323 [1/1] (0.00ns)   --->   "%mux_case_18352018 = phi i32 %mux_case_11060, void %real3.i147214.case.31567, i32 %mux_case_11060, void %real3.i147214.case.31561, i32 %mux_case_11060, void %real3.i147214.case.31555, i32 %mux_case_11060, void %real3.i147214.case.31549, i32 %mux_case_11060, void %real3.i147214.case.31543, i32 %mux_case_11060, void %real3.i147214.case.31573, i32 %mux_case_11060, void %real3.i147214.case.0.real3.i147214.exit_crit_edge, i32 %mux_case_11060, void %real3.i147214.case.1.real3.i147214.exit_crit_edge, i32 %mux_case_11060, void %real3.i147214.case.2.real3.i147214.exit_crit_edge, i32 %mux_case_11060, void %real3.i147214.case.3.real3.i147214.exit_crit_edge, i32 %mux_case_11060, void %real3.i147214.case.4.real3.i147214.exit_crit_edge, i32 %mux_case_11060, void %real3.i147214.case.5.real3.i147214.exit_crit_edge, i32 %mux_case_11060, void %real3.i147214.case.0, i32 %R_real_2, void %real3.i147214.case.1, i32 %mux_case_11060, void %real3.i147214.case.2, i32 %mux_case_11060, void %real3.i147214.case.3, i32 %mux_case_11060, void %real3.i147214.case.4, i32 %mux_case_11060, void %real3.i147214.case.5"   --->   Operation 1323 'phi' 'mux_case_18352018' <Predicate = (icmp_ln119 & !tmp_13)> <Delay = 0.00>
ST_51 : Operation 1324 [1/1] (0.00ns)   --->   "%mux_case_38322008 = phi i32 %mux_case_38921796, void %real3.i147214.case.31567, i32 %mux_case_38921796, void %real3.i147214.case.31561, i32 %mux_case_38921796, void %real3.i147214.case.31555, i32 %mux_case_38921796, void %real3.i147214.case.31549, i32 %R_real_2, void %real3.i147214.case.31543, i32 %mux_case_38921796, void %real3.i147214.case.31573, i32 %mux_case_38921796, void %real3.i147214.case.0.real3.i147214.exit_crit_edge, i32 %mux_case_38921796, void %real3.i147214.case.1.real3.i147214.exit_crit_edge, i32 %mux_case_38921796, void %real3.i147214.case.2.real3.i147214.exit_crit_edge, i32 %mux_case_38921796, void %real3.i147214.case.3.real3.i147214.exit_crit_edge, i32 %mux_case_38921796, void %real3.i147214.case.4.real3.i147214.exit_crit_edge, i32 %mux_case_38921796, void %real3.i147214.case.5.real3.i147214.exit_crit_edge, i32 %mux_case_38921796, void %real3.i147214.case.0, i32 %mux_case_38921796, void %real3.i147214.case.1, i32 %mux_case_38921796, void %real3.i147214.case.2, i32 %mux_case_38921796, void %real3.i147214.case.3, i32 %mux_case_38921796, void %real3.i147214.case.4, i32 %mux_case_38921796, void %real3.i147214.case.5"   --->   Operation 1324 'phi' 'mux_case_38322008' <Predicate = (icmp_ln119 & !tmp_13)> <Delay = 0.00>
ST_51 : Operation 1325 [1/1] (0.00ns)   --->   "%mux_case_28312003 = phi i32 %mux_case_28911792, void %real3.i147214.case.31567, i32 %mux_case_28911792, void %real3.i147214.case.31561, i32 %mux_case_28911792, void %real3.i147214.case.31555, i32 %mux_case_28911792, void %real3.i147214.case.31549, i32 %mux_case_28911792, void %real3.i147214.case.31543, i32 %mux_case_28911792, void %real3.i147214.case.31573, i32 %R_real_2, void %real3.i147214.case.0.real3.i147214.exit_crit_edge, i32 %mux_case_28911792, void %real3.i147214.case.1.real3.i147214.exit_crit_edge, i32 %mux_case_28911792, void %real3.i147214.case.2.real3.i147214.exit_crit_edge, i32 %mux_case_28911792, void %real3.i147214.case.3.real3.i147214.exit_crit_edge, i32 %mux_case_28911792, void %real3.i147214.case.4.real3.i147214.exit_crit_edge, i32 %mux_case_28911792, void %real3.i147214.case.5.real3.i147214.exit_crit_edge, i32 %mux_case_28911792, void %real3.i147214.case.0, i32 %mux_case_28911792, void %real3.i147214.case.1, i32 %mux_case_28911792, void %real3.i147214.case.2, i32 %mux_case_28911792, void %real3.i147214.case.3, i32 %mux_case_28911792, void %real3.i147214.case.4, i32 %mux_case_28911792, void %real3.i147214.case.5"   --->   Operation 1325 'phi' 'mux_case_28312003' <Predicate = (icmp_ln119 & !tmp_13)> <Delay = 0.00>
ST_51 : Operation 1326 [1/1] (0.00ns)   --->   "%mux_case_18301998 = phi i32 %mux_case_18901788, void %real3.i147214.case.31567, i32 %mux_case_18901788, void %real3.i147214.case.31561, i32 %mux_case_18901788, void %real3.i147214.case.31555, i32 %mux_case_18901788, void %real3.i147214.case.31549, i32 %mux_case_18901788, void %real3.i147214.case.31543, i32 %mux_case_18901788, void %real3.i147214.case.31573, i32 %mux_case_18901788, void %real3.i147214.case.0.real3.i147214.exit_crit_edge, i32 %mux_case_18901788, void %real3.i147214.case.1.real3.i147214.exit_crit_edge, i32 %mux_case_18901788, void %real3.i147214.case.2.real3.i147214.exit_crit_edge, i32 %mux_case_18901788, void %real3.i147214.case.3.real3.i147214.exit_crit_edge, i32 %mux_case_18901788, void %real3.i147214.case.4.real3.i147214.exit_crit_edge, i32 %mux_case_18901788, void %real3.i147214.case.5.real3.i147214.exit_crit_edge, i32 %R_real_2, void %real3.i147214.case.0, i32 %mux_case_18901788, void %real3.i147214.case.1, i32 %mux_case_18901788, void %real3.i147214.case.2, i32 %mux_case_18901788, void %real3.i147214.case.3, i32 %mux_case_18901788, void %real3.i147214.case.4, i32 %mux_case_18901788, void %real3.i147214.case.5"   --->   Operation 1326 'phi' 'mux_case_18301998' <Predicate = (icmp_ln119 & !tmp_13)> <Delay = 0.00>
ST_51 : Operation 1327 [1/1] (0.73ns)   --->   "%switch_ln45 = switch i3 %i_1, void %real117.i150216.case.6, i3 5, void %real117.i150216.case.5, i3 1, void %real117.i150216.case.1, i3 2, void %real117.i150216.case.2, i3 3, void %real117.i150216.case.3, i3 4, void %real117.i150216.case.4" [top_cmplx.cpp:45->top_cmplx.cpp:146]   --->   Operation 1327 'switch' 'switch_ln45' <Predicate = (icmp_ln119 & !tmp_13)> <Delay = 0.73>
ST_51 : Operation 1328 [1/1] (0.73ns)   --->   "%switch_ln45 = switch i2 %tmp_14, void %real117.i150216.case.31603, i2 2, void %real117.i150216.case.4.real117.i150216.exit_crit_edge, i2 1, void %real117.i150216.exit" [top_cmplx.cpp:45->top_cmplx.cpp:146]   --->   Operation 1328 'switch' 'switch_ln45' <Predicate = (icmp_ln119 & i_1 == 4 & !tmp_13)> <Delay = 0.73>
ST_51 : Operation 1329 [1/1] (0.42ns)   --->   "%br_ln45 = br void %real117.i150216.exit" [top_cmplx.cpp:45->top_cmplx.cpp:146]   --->   Operation 1329 'br' 'br_ln45' <Predicate = (icmp_ln119 & i_1 == 4 & !tmp_13 & tmp_14 == 2)> <Delay = 0.42>
ST_51 : Operation 1330 [1/1] (0.42ns)   --->   "%br_ln45 = br void %real117.i150216.exit" [top_cmplx.cpp:45->top_cmplx.cpp:146]   --->   Operation 1330 'br' 'br_ln45' <Predicate = (icmp_ln119 & i_1 == 4 & !tmp_13 & tmp_14 != 2 & tmp_14 != 1)> <Delay = 0.42>
ST_51 : Operation 1331 [1/1] (0.73ns)   --->   "%switch_ln45 = switch i2 %tmp_14, void %real117.i150216.case.31597, i2 2, void %real117.i150216.case.3.real117.i150216.exit_crit_edge, i2 1, void %real117.i150216.exit" [top_cmplx.cpp:45->top_cmplx.cpp:146]   --->   Operation 1331 'switch' 'switch_ln45' <Predicate = (icmp_ln119 & i_1 == 3 & !tmp_13)> <Delay = 0.73>
ST_51 : Operation 1332 [1/1] (0.42ns)   --->   "%br_ln45 = br void %real117.i150216.exit" [top_cmplx.cpp:45->top_cmplx.cpp:146]   --->   Operation 1332 'br' 'br_ln45' <Predicate = (icmp_ln119 & i_1 == 3 & !tmp_13 & tmp_14 == 2)> <Delay = 0.42>
ST_51 : Operation 1333 [1/1] (0.42ns)   --->   "%br_ln45 = br void %real117.i150216.exit" [top_cmplx.cpp:45->top_cmplx.cpp:146]   --->   Operation 1333 'br' 'br_ln45' <Predicate = (icmp_ln119 & i_1 == 3 & !tmp_13 & tmp_14 != 2 & tmp_14 != 1)> <Delay = 0.42>
ST_51 : Operation 1334 [1/1] (0.73ns)   --->   "%switch_ln45 = switch i2 %tmp_14, void %real117.i150216.case.31591, i2 2, void %real117.i150216.case.2.real117.i150216.exit_crit_edge, i2 1, void %real117.i150216.exit" [top_cmplx.cpp:45->top_cmplx.cpp:146]   --->   Operation 1334 'switch' 'switch_ln45' <Predicate = (icmp_ln119 & i_1 == 2 & !tmp_13)> <Delay = 0.73>
ST_51 : Operation 1335 [1/1] (0.42ns)   --->   "%br_ln45 = br void %real117.i150216.exit" [top_cmplx.cpp:45->top_cmplx.cpp:146]   --->   Operation 1335 'br' 'br_ln45' <Predicate = (icmp_ln119 & i_1 == 2 & !tmp_13 & tmp_14 == 2)> <Delay = 0.42>
ST_51 : Operation 1336 [1/1] (0.42ns)   --->   "%br_ln45 = br void %real117.i150216.exit" [top_cmplx.cpp:45->top_cmplx.cpp:146]   --->   Operation 1336 'br' 'br_ln45' <Predicate = (icmp_ln119 & i_1 == 2 & !tmp_13 & tmp_14 != 2 & tmp_14 != 1)> <Delay = 0.42>
ST_51 : Operation 1337 [1/1] (0.73ns)   --->   "%switch_ln45 = switch i2 %tmp_14, void %real117.i150216.case.31585, i2 2, void %real117.i150216.case.1.real117.i150216.exit_crit_edge, i2 1, void %real117.i150216.exit" [top_cmplx.cpp:45->top_cmplx.cpp:146]   --->   Operation 1337 'switch' 'switch_ln45' <Predicate = (icmp_ln119 & i_1 == 1 & !tmp_13)> <Delay = 0.73>
ST_51 : Operation 1338 [1/1] (0.42ns)   --->   "%br_ln45 = br void %real117.i150216.exit" [top_cmplx.cpp:45->top_cmplx.cpp:146]   --->   Operation 1338 'br' 'br_ln45' <Predicate = (icmp_ln119 & i_1 == 1 & !tmp_13 & tmp_14 == 2)> <Delay = 0.42>
ST_51 : Operation 1339 [1/1] (0.42ns)   --->   "%br_ln45 = br void %real117.i150216.exit" [top_cmplx.cpp:45->top_cmplx.cpp:146]   --->   Operation 1339 'br' 'br_ln45' <Predicate = (icmp_ln119 & i_1 == 1 & !tmp_13 & tmp_14 != 2 & tmp_14 != 1)> <Delay = 0.42>
ST_51 : Operation 1340 [1/1] (0.73ns)   --->   "%switch_ln45 = switch i2 %tmp_14, void %real117.i150216.case.31609, i2 2, void %real117.i150216.case.5.real117.i150216.exit_crit_edge, i2 1, void %real117.i150216.exit" [top_cmplx.cpp:45->top_cmplx.cpp:146]   --->   Operation 1340 'switch' 'switch_ln45' <Predicate = (icmp_ln119 & i_1 == 5 & !tmp_13)> <Delay = 0.73>
ST_51 : Operation 1341 [1/1] (0.42ns)   --->   "%br_ln45 = br void %real117.i150216.exit" [top_cmplx.cpp:45->top_cmplx.cpp:146]   --->   Operation 1341 'br' 'br_ln45' <Predicate = (icmp_ln119 & i_1 == 5 & !tmp_13 & tmp_14 == 2)> <Delay = 0.42>
ST_51 : Operation 1342 [1/1] (0.42ns)   --->   "%br_ln45 = br void %real117.i150216.exit" [top_cmplx.cpp:45->top_cmplx.cpp:146]   --->   Operation 1342 'br' 'br_ln45' <Predicate = (icmp_ln119 & i_1 == 5 & !tmp_13 & tmp_14 != 2 & tmp_14 != 1)> <Delay = 0.42>
ST_51 : Operation 1343 [1/1] (0.73ns)   --->   "%switch_ln45 = switch i2 %tmp_14, void %real117.i150216.case.31615, i2 2, void %real117.i150216.case.6.real117.i150216.exit_crit_edge, i2 1, void %real117.i150216.exit" [top_cmplx.cpp:45->top_cmplx.cpp:146]   --->   Operation 1343 'switch' 'switch_ln45' <Predicate = (icmp_ln119 & i_1 != 1 & i_1 != 2 & i_1 != 3 & i_1 != 4 & i_1 != 5 & !tmp_13)> <Delay = 0.73>
ST_51 : Operation 1344 [1/1] (0.42ns)   --->   "%br_ln45 = br void %real117.i150216.exit" [top_cmplx.cpp:45->top_cmplx.cpp:146]   --->   Operation 1344 'br' 'br_ln45' <Predicate = (icmp_ln119 & i_1 != 1 & i_1 != 2 & i_1 != 3 & i_1 != 4 & i_1 != 5 & !tmp_13 & tmp_14 == 2)> <Delay = 0.42>
ST_51 : Operation 1345 [1/1] (0.42ns)   --->   "%br_ln45 = br void %real117.i150216.exit" [top_cmplx.cpp:45->top_cmplx.cpp:146]   --->   Operation 1345 'br' 'br_ln45' <Predicate = (icmp_ln119 & i_1 != 1 & i_1 != 2 & i_1 != 3 & i_1 != 4 & i_1 != 5 & !tmp_13 & tmp_14 != 2 & tmp_14 != 1)> <Delay = 0.42>
ST_51 : Operation 1346 [1/1] (0.00ns)   --->   "%mux_case_310522240 = phi i32 %mux_case_31087, void %real117.i150216.case.31609, i32 %mux_case_31087, void %real117.i150216.case.31603, i32 %mux_case_31087, void %real117.i150216.case.31597, i32 %mux_case_31087, void %real117.i150216.case.31591, i32 %mux_case_31087, void %real117.i150216.case.31585, i32 %R_real_3, void %real117.i150216.case.31615, i32 %mux_case_31087, void %real117.i150216.case.1.real117.i150216.exit_crit_edge, i32 %mux_case_31087, void %real117.i150216.case.2.real117.i150216.exit_crit_edge, i32 %mux_case_31087, void %real117.i150216.case.3.real117.i150216.exit_crit_edge, i32 %mux_case_31087, void %real117.i150216.case.4.real117.i150216.exit_crit_edge, i32 %mux_case_31087, void %real117.i150216.case.5.real117.i150216.exit_crit_edge, i32 %mux_case_31087, void %real117.i150216.case.6.real117.i150216.exit_crit_edge, i32 %mux_case_31087, void %real117.i150216.case.1, i32 %mux_case_31087, void %real117.i150216.case.2, i32 %mux_case_31087, void %real117.i150216.case.3, i32 %mux_case_31087, void %real117.i150216.case.4, i32 %mux_case_31087, void %real117.i150216.case.5, i32 %mux_case_31087, void %real117.i150216.case.6"   --->   Operation 1346 'phi' 'mux_case_310522240' <Predicate = (icmp_ln119 & !tmp_13)> <Delay = 0.00>
ST_51 : Operation 1347 [1/1] (0.00ns)   --->   "%mux_case_210512237 = phi i32 %mux_case_21086, void %real117.i150216.case.31609, i32 %mux_case_21086, void %real117.i150216.case.31603, i32 %mux_case_21086, void %real117.i150216.case.31597, i32 %mux_case_21086, void %real117.i150216.case.31591, i32 %mux_case_21086, void %real117.i150216.case.31585, i32 %mux_case_21086, void %real117.i150216.case.31615, i32 %mux_case_21086, void %real117.i150216.case.1.real117.i150216.exit_crit_edge, i32 %mux_case_21086, void %real117.i150216.case.2.real117.i150216.exit_crit_edge, i32 %mux_case_21086, void %real117.i150216.case.3.real117.i150216.exit_crit_edge, i32 %mux_case_21086, void %real117.i150216.case.4.real117.i150216.exit_crit_edge, i32 %mux_case_21086, void %real117.i150216.case.5.real117.i150216.exit_crit_edge, i32 %R_real_3, void %real117.i150216.case.6.real117.i150216.exit_crit_edge, i32 %mux_case_21086, void %real117.i150216.case.1, i32 %mux_case_21086, void %real117.i150216.case.2, i32 %mux_case_21086, void %real117.i150216.case.3, i32 %mux_case_21086, void %real117.i150216.case.4, i32 %mux_case_21086, void %real117.i150216.case.5, i32 %mux_case_21086, void %real117.i150216.case.6"   --->   Operation 1347 'phi' 'mux_case_210512237' <Predicate = (icmp_ln119 & !tmp_13)> <Delay = 0.00>
ST_51 : Operation 1348 [1/1] (0.00ns)   --->   "%mux_case_110502234 = phi i32 %mux_case_11085, void %real117.i150216.case.31609, i32 %mux_case_11085, void %real117.i150216.case.31603, i32 %mux_case_11085, void %real117.i150216.case.31597, i32 %mux_case_11085, void %real117.i150216.case.31591, i32 %mux_case_11085, void %real117.i150216.case.31585, i32 %mux_case_11085, void %real117.i150216.case.31615, i32 %mux_case_11085, void %real117.i150216.case.1.real117.i150216.exit_crit_edge, i32 %mux_case_11085, void %real117.i150216.case.2.real117.i150216.exit_crit_edge, i32 %mux_case_11085, void %real117.i150216.case.3.real117.i150216.exit_crit_edge, i32 %mux_case_11085, void %real117.i150216.case.4.real117.i150216.exit_crit_edge, i32 %mux_case_11085, void %real117.i150216.case.5.real117.i150216.exit_crit_edge, i32 %mux_case_11085, void %real117.i150216.case.6.real117.i150216.exit_crit_edge, i32 %mux_case_11085, void %real117.i150216.case.1, i32 %mux_case_11085, void %real117.i150216.case.2, i32 %mux_case_11085, void %real117.i150216.case.3, i32 %mux_case_11085, void %real117.i150216.case.4, i32 %mux_case_11085, void %real117.i150216.case.5, i32 %R_real_3, void %real117.i150216.case.6"   --->   Operation 1348 'phi' 'mux_case_110502234' <Predicate = (icmp_ln119 & !tmp_13)> <Delay = 0.00>
ST_51 : Operation 1349 [1/1] (0.00ns)   --->   "%mux_case_38572106 = phi i32 %R_real_3, void %real117.i150216.case.31609, i32 %mux_case_38572108, void %real117.i150216.case.31603, i32 %mux_case_38572108, void %real117.i150216.case.31597, i32 %mux_case_38572108, void %real117.i150216.case.31591, i32 %mux_case_38572108, void %real117.i150216.case.31585, i32 %mux_case_38572108, void %real117.i150216.case.31615, i32 %mux_case_38572108, void %real117.i150216.case.1.real117.i150216.exit_crit_edge, i32 %mux_case_38572108, void %real117.i150216.case.2.real117.i150216.exit_crit_edge, i32 %mux_case_38572108, void %real117.i150216.case.3.real117.i150216.exit_crit_edge, i32 %mux_case_38572108, void %real117.i150216.case.4.real117.i150216.exit_crit_edge, i32 %mux_case_38572108, void %real117.i150216.case.5.real117.i150216.exit_crit_edge, i32 %mux_case_38572108, void %real117.i150216.case.6.real117.i150216.exit_crit_edge, i32 %mux_case_38572108, void %real117.i150216.case.1, i32 %mux_case_38572108, void %real117.i150216.case.2, i32 %mux_case_38572108, void %real117.i150216.case.3, i32 %mux_case_38572108, void %real117.i150216.case.4, i32 %mux_case_38572108, void %real117.i150216.case.5, i32 %mux_case_38572108, void %real117.i150216.case.6"   --->   Operation 1349 'phi' 'mux_case_38572106' <Predicate = (icmp_ln119 & !tmp_13)> <Delay = 0.00>
ST_51 : Operation 1350 [1/1] (0.00ns)   --->   "%mux_case_28562101 = phi i32 %mux_case_28562103, void %real117.i150216.case.31609, i32 %mux_case_28562103, void %real117.i150216.case.31603, i32 %mux_case_28562103, void %real117.i150216.case.31597, i32 %mux_case_28562103, void %real117.i150216.case.31591, i32 %mux_case_28562103, void %real117.i150216.case.31585, i32 %mux_case_28562103, void %real117.i150216.case.31615, i32 %mux_case_28562103, void %real117.i150216.case.1.real117.i150216.exit_crit_edge, i32 %mux_case_28562103, void %real117.i150216.case.2.real117.i150216.exit_crit_edge, i32 %mux_case_28562103, void %real117.i150216.case.3.real117.i150216.exit_crit_edge, i32 %mux_case_28562103, void %real117.i150216.case.4.real117.i150216.exit_crit_edge, i32 %R_real_3, void %real117.i150216.case.5.real117.i150216.exit_crit_edge, i32 %mux_case_28562103, void %real117.i150216.case.6.real117.i150216.exit_crit_edge, i32 %mux_case_28562103, void %real117.i150216.case.1, i32 %mux_case_28562103, void %real117.i150216.case.2, i32 %mux_case_28562103, void %real117.i150216.case.3, i32 %mux_case_28562103, void %real117.i150216.case.4, i32 %mux_case_28562103, void %real117.i150216.case.5, i32 %mux_case_28562103, void %real117.i150216.case.6"   --->   Operation 1350 'phi' 'mux_case_28562101' <Predicate = (icmp_ln119 & !tmp_13)> <Delay = 0.00>
ST_51 : Operation 1351 [1/1] (0.00ns)   --->   "%mux_case_18552096 = phi i32 %mux_case_18552098, void %real117.i150216.case.31609, i32 %mux_case_18552098, void %real117.i150216.case.31603, i32 %mux_case_18552098, void %real117.i150216.case.31597, i32 %mux_case_18552098, void %real117.i150216.case.31591, i32 %mux_case_18552098, void %real117.i150216.case.31585, i32 %mux_case_18552098, void %real117.i150216.case.31615, i32 %mux_case_18552098, void %real117.i150216.case.1.real117.i150216.exit_crit_edge, i32 %mux_case_18552098, void %real117.i150216.case.2.real117.i150216.exit_crit_edge, i32 %mux_case_18552098, void %real117.i150216.case.3.real117.i150216.exit_crit_edge, i32 %mux_case_18552098, void %real117.i150216.case.4.real117.i150216.exit_crit_edge, i32 %mux_case_18552098, void %real117.i150216.case.5.real117.i150216.exit_crit_edge, i32 %mux_case_18552098, void %real117.i150216.case.6.real117.i150216.exit_crit_edge, i32 %mux_case_18552098, void %real117.i150216.case.1, i32 %mux_case_18552098, void %real117.i150216.case.2, i32 %mux_case_18552098, void %real117.i150216.case.3, i32 %mux_case_18552098, void %real117.i150216.case.4, i32 %R_real_3, void %real117.i150216.case.5, i32 %mux_case_18552098, void %real117.i150216.case.6"   --->   Operation 1351 'phi' 'mux_case_18552096' <Predicate = (icmp_ln119 & !tmp_13)> <Delay = 0.00>
ST_51 : Operation 1352 [1/1] (0.00ns)   --->   "%mux_case_38522086 = phi i32 %mux_case_38522088, void %real117.i150216.case.31609, i32 %R_real_3, void %real117.i150216.case.31603, i32 %mux_case_38522088, void %real117.i150216.case.31597, i32 %mux_case_38522088, void %real117.i150216.case.31591, i32 %mux_case_38522088, void %real117.i150216.case.31585, i32 %mux_case_38522088, void %real117.i150216.case.31615, i32 %mux_case_38522088, void %real117.i150216.case.1.real117.i150216.exit_crit_edge, i32 %mux_case_38522088, void %real117.i150216.case.2.real117.i150216.exit_crit_edge, i32 %mux_case_38522088, void %real117.i150216.case.3.real117.i150216.exit_crit_edge, i32 %mux_case_38522088, void %real117.i150216.case.4.real117.i150216.exit_crit_edge, i32 %mux_case_38522088, void %real117.i150216.case.5.real117.i150216.exit_crit_edge, i32 %mux_case_38522088, void %real117.i150216.case.6.real117.i150216.exit_crit_edge, i32 %mux_case_38522088, void %real117.i150216.case.1, i32 %mux_case_38522088, void %real117.i150216.case.2, i32 %mux_case_38522088, void %real117.i150216.case.3, i32 %mux_case_38522088, void %real117.i150216.case.4, i32 %mux_case_38522088, void %real117.i150216.case.5, i32 %mux_case_38522088, void %real117.i150216.case.6"   --->   Operation 1352 'phi' 'mux_case_38522086' <Predicate = (icmp_ln119 & !tmp_13)> <Delay = 0.00>
ST_51 : Operation 1353 [1/1] (0.00ns)   --->   "%mux_case_28512081 = phi i32 %mux_case_28512083, void %real117.i150216.case.31609, i32 %mux_case_28512083, void %real117.i150216.case.31603, i32 %mux_case_28512083, void %real117.i150216.case.31597, i32 %mux_case_28512083, void %real117.i150216.case.31591, i32 %mux_case_28512083, void %real117.i150216.case.31585, i32 %mux_case_28512083, void %real117.i150216.case.31615, i32 %mux_case_28512083, void %real117.i150216.case.1.real117.i150216.exit_crit_edge, i32 %mux_case_28512083, void %real117.i150216.case.2.real117.i150216.exit_crit_edge, i32 %mux_case_28512083, void %real117.i150216.case.3.real117.i150216.exit_crit_edge, i32 %R_real_3, void %real117.i150216.case.4.real117.i150216.exit_crit_edge, i32 %mux_case_28512083, void %real117.i150216.case.5.real117.i150216.exit_crit_edge, i32 %mux_case_28512083, void %real117.i150216.case.6.real117.i150216.exit_crit_edge, i32 %mux_case_28512083, void %real117.i150216.case.1, i32 %mux_case_28512083, void %real117.i150216.case.2, i32 %mux_case_28512083, void %real117.i150216.case.3, i32 %mux_case_28512083, void %real117.i150216.case.4, i32 %mux_case_28512083, void %real117.i150216.case.5, i32 %mux_case_28512083, void %real117.i150216.case.6"   --->   Operation 1353 'phi' 'mux_case_28512081' <Predicate = (icmp_ln119 & !tmp_13)> <Delay = 0.00>
ST_51 : Operation 1354 [1/1] (0.00ns)   --->   "%mux_case_18502076 = phi i32 %mux_case_18502078, void %real117.i150216.case.31609, i32 %mux_case_18502078, void %real117.i150216.case.31603, i32 %mux_case_18502078, void %real117.i150216.case.31597, i32 %mux_case_18502078, void %real117.i150216.case.31591, i32 %mux_case_18502078, void %real117.i150216.case.31585, i32 %mux_case_18502078, void %real117.i150216.case.31615, i32 %mux_case_18502078, void %real117.i150216.case.1.real117.i150216.exit_crit_edge, i32 %mux_case_18502078, void %real117.i150216.case.2.real117.i150216.exit_crit_edge, i32 %mux_case_18502078, void %real117.i150216.case.3.real117.i150216.exit_crit_edge, i32 %mux_case_18502078, void %real117.i150216.case.4.real117.i150216.exit_crit_edge, i32 %mux_case_18502078, void %real117.i150216.case.5.real117.i150216.exit_crit_edge, i32 %mux_case_18502078, void %real117.i150216.case.6.real117.i150216.exit_crit_edge, i32 %mux_case_18502078, void %real117.i150216.case.1, i32 %mux_case_18502078, void %real117.i150216.case.2, i32 %mux_case_18502078, void %real117.i150216.case.3, i32 %R_real_3, void %real117.i150216.case.4, i32 %mux_case_18502078, void %real117.i150216.case.5, i32 %mux_case_18502078, void %real117.i150216.case.6"   --->   Operation 1354 'phi' 'mux_case_18502076' <Predicate = (icmp_ln119 & !tmp_13)> <Delay = 0.00>
ST_51 : Operation 1355 [1/1] (0.00ns)   --->   "%mux_case_38472066 = phi i32 %mux_case_38472068, void %real117.i150216.case.31609, i32 %mux_case_38472068, void %real117.i150216.case.31603, i32 %R_real_3, void %real117.i150216.case.31597, i32 %mux_case_38472068, void %real117.i150216.case.31591, i32 %mux_case_38472068, void %real117.i150216.case.31585, i32 %mux_case_38472068, void %real117.i150216.case.31615, i32 %mux_case_38472068, void %real117.i150216.case.1.real117.i150216.exit_crit_edge, i32 %mux_case_38472068, void %real117.i150216.case.2.real117.i150216.exit_crit_edge, i32 %mux_case_38472068, void %real117.i150216.case.3.real117.i150216.exit_crit_edge, i32 %mux_case_38472068, void %real117.i150216.case.4.real117.i150216.exit_crit_edge, i32 %mux_case_38472068, void %real117.i150216.case.5.real117.i150216.exit_crit_edge, i32 %mux_case_38472068, void %real117.i150216.case.6.real117.i150216.exit_crit_edge, i32 %mux_case_38472068, void %real117.i150216.case.1, i32 %mux_case_38472068, void %real117.i150216.case.2, i32 %mux_case_38472068, void %real117.i150216.case.3, i32 %mux_case_38472068, void %real117.i150216.case.4, i32 %mux_case_38472068, void %real117.i150216.case.5, i32 %mux_case_38472068, void %real117.i150216.case.6"   --->   Operation 1355 'phi' 'mux_case_38472066' <Predicate = (icmp_ln119 & !tmp_13)> <Delay = 0.00>
ST_51 : Operation 1356 [1/1] (0.00ns)   --->   "%mux_case_28462061 = phi i32 %mux_case_28462063, void %real117.i150216.case.31609, i32 %mux_case_28462063, void %real117.i150216.case.31603, i32 %mux_case_28462063, void %real117.i150216.case.31597, i32 %mux_case_28462063, void %real117.i150216.case.31591, i32 %mux_case_28462063, void %real117.i150216.case.31585, i32 %mux_case_28462063, void %real117.i150216.case.31615, i32 %mux_case_28462063, void %real117.i150216.case.1.real117.i150216.exit_crit_edge, i32 %mux_case_28462063, void %real117.i150216.case.2.real117.i150216.exit_crit_edge, i32 %R_real_3, void %real117.i150216.case.3.real117.i150216.exit_crit_edge, i32 %mux_case_28462063, void %real117.i150216.case.4.real117.i150216.exit_crit_edge, i32 %mux_case_28462063, void %real117.i150216.case.5.real117.i150216.exit_crit_edge, i32 %mux_case_28462063, void %real117.i150216.case.6.real117.i150216.exit_crit_edge, i32 %mux_case_28462063, void %real117.i150216.case.1, i32 %mux_case_28462063, void %real117.i150216.case.2, i32 %mux_case_28462063, void %real117.i150216.case.3, i32 %mux_case_28462063, void %real117.i150216.case.4, i32 %mux_case_28462063, void %real117.i150216.case.5, i32 %mux_case_28462063, void %real117.i150216.case.6"   --->   Operation 1356 'phi' 'mux_case_28462061' <Predicate = (icmp_ln119 & !tmp_13)> <Delay = 0.00>
ST_51 : Operation 1357 [1/1] (0.00ns)   --->   "%mux_case_18452056 = phi i32 %mux_case_18452058, void %real117.i150216.case.31609, i32 %mux_case_18452058, void %real117.i150216.case.31603, i32 %mux_case_18452058, void %real117.i150216.case.31597, i32 %mux_case_18452058, void %real117.i150216.case.31591, i32 %mux_case_18452058, void %real117.i150216.case.31585, i32 %mux_case_18452058, void %real117.i150216.case.31615, i32 %mux_case_18452058, void %real117.i150216.case.1.real117.i150216.exit_crit_edge, i32 %mux_case_18452058, void %real117.i150216.case.2.real117.i150216.exit_crit_edge, i32 %mux_case_18452058, void %real117.i150216.case.3.real117.i150216.exit_crit_edge, i32 %mux_case_18452058, void %real117.i150216.case.4.real117.i150216.exit_crit_edge, i32 %mux_case_18452058, void %real117.i150216.case.5.real117.i150216.exit_crit_edge, i32 %mux_case_18452058, void %real117.i150216.case.6.real117.i150216.exit_crit_edge, i32 %mux_case_18452058, void %real117.i150216.case.1, i32 %mux_case_18452058, void %real117.i150216.case.2, i32 %R_real_3, void %real117.i150216.case.3, i32 %mux_case_18452058, void %real117.i150216.case.4, i32 %mux_case_18452058, void %real117.i150216.case.5, i32 %mux_case_18452058, void %real117.i150216.case.6"   --->   Operation 1357 'phi' 'mux_case_18452056' <Predicate = (icmp_ln119 & !tmp_13)> <Delay = 0.00>
ST_51 : Operation 1358 [1/1] (0.00ns)   --->   "%mux_case_38422046 = phi i32 %mux_case_38422048, void %real117.i150216.case.31609, i32 %mux_case_38422048, void %real117.i150216.case.31603, i32 %mux_case_38422048, void %real117.i150216.case.31597, i32 %R_real_3, void %real117.i150216.case.31591, i32 %mux_case_38422048, void %real117.i150216.case.31585, i32 %mux_case_38422048, void %real117.i150216.case.31615, i32 %mux_case_38422048, void %real117.i150216.case.1.real117.i150216.exit_crit_edge, i32 %mux_case_38422048, void %real117.i150216.case.2.real117.i150216.exit_crit_edge, i32 %mux_case_38422048, void %real117.i150216.case.3.real117.i150216.exit_crit_edge, i32 %mux_case_38422048, void %real117.i150216.case.4.real117.i150216.exit_crit_edge, i32 %mux_case_38422048, void %real117.i150216.case.5.real117.i150216.exit_crit_edge, i32 %mux_case_38422048, void %real117.i150216.case.6.real117.i150216.exit_crit_edge, i32 %mux_case_38422048, void %real117.i150216.case.1, i32 %mux_case_38422048, void %real117.i150216.case.2, i32 %mux_case_38422048, void %real117.i150216.case.3, i32 %mux_case_38422048, void %real117.i150216.case.4, i32 %mux_case_38422048, void %real117.i150216.case.5, i32 %mux_case_38422048, void %real117.i150216.case.6"   --->   Operation 1358 'phi' 'mux_case_38422046' <Predicate = (icmp_ln119 & !tmp_13)> <Delay = 0.00>
ST_51 : Operation 1359 [1/1] (0.00ns)   --->   "%mux_case_28412041 = phi i32 %mux_case_28412043, void %real117.i150216.case.31609, i32 %mux_case_28412043, void %real117.i150216.case.31603, i32 %mux_case_28412043, void %real117.i150216.case.31597, i32 %mux_case_28412043, void %real117.i150216.case.31591, i32 %mux_case_28412043, void %real117.i150216.case.31585, i32 %mux_case_28412043, void %real117.i150216.case.31615, i32 %mux_case_28412043, void %real117.i150216.case.1.real117.i150216.exit_crit_edge, i32 %R_real_3, void %real117.i150216.case.2.real117.i150216.exit_crit_edge, i32 %mux_case_28412043, void %real117.i150216.case.3.real117.i150216.exit_crit_edge, i32 %mux_case_28412043, void %real117.i150216.case.4.real117.i150216.exit_crit_edge, i32 %mux_case_28412043, void %real117.i150216.case.5.real117.i150216.exit_crit_edge, i32 %mux_case_28412043, void %real117.i150216.case.6.real117.i150216.exit_crit_edge, i32 %mux_case_28412043, void %real117.i150216.case.1, i32 %mux_case_28412043, void %real117.i150216.case.2, i32 %mux_case_28412043, void %real117.i150216.case.3, i32 %mux_case_28412043, void %real117.i150216.case.4, i32 %mux_case_28412043, void %real117.i150216.case.5, i32 %mux_case_28412043, void %real117.i150216.case.6"   --->   Operation 1359 'phi' 'mux_case_28412041' <Predicate = (icmp_ln119 & !tmp_13)> <Delay = 0.00>
ST_51 : Operation 1360 [1/1] (0.00ns)   --->   "%mux_case_18402036 = phi i32 %mux_case_18402038, void %real117.i150216.case.31609, i32 %mux_case_18402038, void %real117.i150216.case.31603, i32 %mux_case_18402038, void %real117.i150216.case.31597, i32 %mux_case_18402038, void %real117.i150216.case.31591, i32 %mux_case_18402038, void %real117.i150216.case.31585, i32 %mux_case_18402038, void %real117.i150216.case.31615, i32 %mux_case_18402038, void %real117.i150216.case.1.real117.i150216.exit_crit_edge, i32 %mux_case_18402038, void %real117.i150216.case.2.real117.i150216.exit_crit_edge, i32 %mux_case_18402038, void %real117.i150216.case.3.real117.i150216.exit_crit_edge, i32 %mux_case_18402038, void %real117.i150216.case.4.real117.i150216.exit_crit_edge, i32 %mux_case_18402038, void %real117.i150216.case.5.real117.i150216.exit_crit_edge, i32 %mux_case_18402038, void %real117.i150216.case.6.real117.i150216.exit_crit_edge, i32 %mux_case_18402038, void %real117.i150216.case.1, i32 %R_real_3, void %real117.i150216.case.2, i32 %mux_case_18402038, void %real117.i150216.case.3, i32 %mux_case_18402038, void %real117.i150216.case.4, i32 %mux_case_18402038, void %real117.i150216.case.5, i32 %mux_case_18402038, void %real117.i150216.case.6"   --->   Operation 1360 'phi' 'mux_case_18402036' <Predicate = (icmp_ln119 & !tmp_13)> <Delay = 0.00>
ST_51 : Operation 1361 [1/1] (0.00ns)   --->   "%mux_case_38372026 = phi i32 %mux_case_38372028, void %real117.i150216.case.31609, i32 %mux_case_38372028, void %real117.i150216.case.31603, i32 %mux_case_38372028, void %real117.i150216.case.31597, i32 %mux_case_38372028, void %real117.i150216.case.31591, i32 %R_real_3, void %real117.i150216.case.31585, i32 %mux_case_38372028, void %real117.i150216.case.31615, i32 %mux_case_38372028, void %real117.i150216.case.1.real117.i150216.exit_crit_edge, i32 %mux_case_38372028, void %real117.i150216.case.2.real117.i150216.exit_crit_edge, i32 %mux_case_38372028, void %real117.i150216.case.3.real117.i150216.exit_crit_edge, i32 %mux_case_38372028, void %real117.i150216.case.4.real117.i150216.exit_crit_edge, i32 %mux_case_38372028, void %real117.i150216.case.5.real117.i150216.exit_crit_edge, i32 %mux_case_38372028, void %real117.i150216.case.6.real117.i150216.exit_crit_edge, i32 %mux_case_38372028, void %real117.i150216.case.1, i32 %mux_case_38372028, void %real117.i150216.case.2, i32 %mux_case_38372028, void %real117.i150216.case.3, i32 %mux_case_38372028, void %real117.i150216.case.4, i32 %mux_case_38372028, void %real117.i150216.case.5, i32 %mux_case_38372028, void %real117.i150216.case.6"   --->   Operation 1361 'phi' 'mux_case_38372026' <Predicate = (icmp_ln119 & !tmp_13)> <Delay = 0.00>
ST_51 : Operation 1362 [1/1] (0.00ns)   --->   "%mux_case_28362021 = phi i32 %mux_case_28362023, void %real117.i150216.case.31609, i32 %mux_case_28362023, void %real117.i150216.case.31603, i32 %mux_case_28362023, void %real117.i150216.case.31597, i32 %mux_case_28362023, void %real117.i150216.case.31591, i32 %mux_case_28362023, void %real117.i150216.case.31585, i32 %mux_case_28362023, void %real117.i150216.case.31615, i32 %R_real_3, void %real117.i150216.case.1.real117.i150216.exit_crit_edge, i32 %mux_case_28362023, void %real117.i150216.case.2.real117.i150216.exit_crit_edge, i32 %mux_case_28362023, void %real117.i150216.case.3.real117.i150216.exit_crit_edge, i32 %mux_case_28362023, void %real117.i150216.case.4.real117.i150216.exit_crit_edge, i32 %mux_case_28362023, void %real117.i150216.case.5.real117.i150216.exit_crit_edge, i32 %mux_case_28362023, void %real117.i150216.case.6.real117.i150216.exit_crit_edge, i32 %mux_case_28362023, void %real117.i150216.case.1, i32 %mux_case_28362023, void %real117.i150216.case.2, i32 %mux_case_28362023, void %real117.i150216.case.3, i32 %mux_case_28362023, void %real117.i150216.case.4, i32 %mux_case_28362023, void %real117.i150216.case.5, i32 %mux_case_28362023, void %real117.i150216.case.6"   --->   Operation 1362 'phi' 'mux_case_28362021' <Predicate = (icmp_ln119 & !tmp_13)> <Delay = 0.00>
ST_51 : Operation 1363 [1/1] (0.00ns)   --->   "%mux_case_18352016 = phi i32 %mux_case_18352018, void %real117.i150216.case.31609, i32 %mux_case_18352018, void %real117.i150216.case.31603, i32 %mux_case_18352018, void %real117.i150216.case.31597, i32 %mux_case_18352018, void %real117.i150216.case.31591, i32 %mux_case_18352018, void %real117.i150216.case.31585, i32 %mux_case_18352018, void %real117.i150216.case.31615, i32 %mux_case_18352018, void %real117.i150216.case.1.real117.i150216.exit_crit_edge, i32 %mux_case_18352018, void %real117.i150216.case.2.real117.i150216.exit_crit_edge, i32 %mux_case_18352018, void %real117.i150216.case.3.real117.i150216.exit_crit_edge, i32 %mux_case_18352018, void %real117.i150216.case.4.real117.i150216.exit_crit_edge, i32 %mux_case_18352018, void %real117.i150216.case.5.real117.i150216.exit_crit_edge, i32 %mux_case_18352018, void %real117.i150216.case.6.real117.i150216.exit_crit_edge, i32 %R_real_3, void %real117.i150216.case.1, i32 %mux_case_18352018, void %real117.i150216.case.2, i32 %mux_case_18352018, void %real117.i150216.case.3, i32 %mux_case_18352018, void %real117.i150216.case.4, i32 %mux_case_18352018, void %real117.i150216.case.5, i32 %mux_case_18352018, void %real117.i150216.case.6"   --->   Operation 1363 'phi' 'mux_case_18352016' <Predicate = (icmp_ln119 & !tmp_13)> <Delay = 0.00>
ST_51 : Operation 1364 [1/1] (0.00ns)   --->   "%mux_case_38872228 = phi i32 %mux_case_31531, void %imag5.i148215.case.31645, i32 %mux_case_31531, void %imag5.i148215.case.31639, i32 %mux_case_31531, void %imag5.i148215.case.31633, i32 %mux_case_31531, void %imag5.i148215.case.31627, i32 %mux_case_31531, void %imag5.i148215.case.31621, i32 %R_imag_2, void %imag5.i148215.case.31651, i32 %mux_case_31531, void %imag5.i148215.case.0.imag5.i148215.exit_crit_edge, i32 %mux_case_31531, void %imag5.i148215.case.1.imag5.i148215.exit_crit_edge, i32 %mux_case_31531, void %imag5.i148215.case.2.imag5.i148215.exit_crit_edge, i32 %mux_case_31531, void %imag5.i148215.case.3.imag5.i148215.exit_crit_edge, i32 %mux_case_31531, void %imag5.i148215.case.4.imag5.i148215.exit_crit_edge, i32 %mux_case_31531, void %imag5.i148215.case.5.imag5.i148215.exit_crit_edge, i32 %mux_case_31531, void %imag5.i148215.case.0, i32 %mux_case_31531, void %imag5.i148215.case.1, i32 %mux_case_31531, void %imag5.i148215.case.2, i32 %mux_case_31531, void %imag5.i148215.case.3, i32 %mux_case_31531, void %imag5.i148215.case.4, i32 %mux_case_31531, void %imag5.i148215.case.5"   --->   Operation 1364 'phi' 'mux_case_38872228' <Predicate = (icmp_ln119 & !tmp_13)> <Delay = 0.00>
ST_51 : Operation 1365 [1/1] (0.00ns)   --->   "%mux_case_28862223 = phi i32 %mux_case_21530, void %imag5.i148215.case.31645, i32 %mux_case_21530, void %imag5.i148215.case.31639, i32 %mux_case_21530, void %imag5.i148215.case.31633, i32 %mux_case_21530, void %imag5.i148215.case.31627, i32 %mux_case_21530, void %imag5.i148215.case.31621, i32 %mux_case_21530, void %imag5.i148215.case.31651, i32 %mux_case_21530, void %imag5.i148215.case.0.imag5.i148215.exit_crit_edge, i32 %mux_case_21530, void %imag5.i148215.case.1.imag5.i148215.exit_crit_edge, i32 %mux_case_21530, void %imag5.i148215.case.2.imag5.i148215.exit_crit_edge, i32 %mux_case_21530, void %imag5.i148215.case.3.imag5.i148215.exit_crit_edge, i32 %mux_case_21530, void %imag5.i148215.case.4.imag5.i148215.exit_crit_edge, i32 %R_imag_2, void %imag5.i148215.case.5.imag5.i148215.exit_crit_edge, i32 %mux_case_21530, void %imag5.i148215.case.0, i32 %mux_case_21530, void %imag5.i148215.case.1, i32 %mux_case_21530, void %imag5.i148215.case.2, i32 %mux_case_21530, void %imag5.i148215.case.3, i32 %mux_case_21530, void %imag5.i148215.case.4, i32 %mux_case_21530, void %imag5.i148215.case.5"   --->   Operation 1365 'phi' 'mux_case_28862223' <Predicate = (icmp_ln119 & !tmp_13)> <Delay = 0.00>
ST_51 : Operation 1366 [1/1] (0.00ns)   --->   "%mux_case_18852218 = phi i32 %mux_case_11529, void %imag5.i148215.case.31645, i32 %mux_case_11529, void %imag5.i148215.case.31639, i32 %mux_case_11529, void %imag5.i148215.case.31633, i32 %mux_case_11529, void %imag5.i148215.case.31627, i32 %mux_case_11529, void %imag5.i148215.case.31621, i32 %mux_case_11529, void %imag5.i148215.case.31651, i32 %mux_case_11529, void %imag5.i148215.case.0.imag5.i148215.exit_crit_edge, i32 %mux_case_11529, void %imag5.i148215.case.1.imag5.i148215.exit_crit_edge, i32 %mux_case_11529, void %imag5.i148215.case.2.imag5.i148215.exit_crit_edge, i32 %mux_case_11529, void %imag5.i148215.case.3.imag5.i148215.exit_crit_edge, i32 %mux_case_11529, void %imag5.i148215.case.4.imag5.i148215.exit_crit_edge, i32 %mux_case_11529, void %imag5.i148215.case.5.imag5.i148215.exit_crit_edge, i32 %mux_case_11529, void %imag5.i148215.case.0, i32 %mux_case_11529, void %imag5.i148215.case.1, i32 %mux_case_11529, void %imag5.i148215.case.2, i32 %mux_case_11529, void %imag5.i148215.case.3, i32 %mux_case_11529, void %imag5.i148215.case.4, i32 %R_imag_2, void %imag5.i148215.case.5"   --->   Operation 1366 'phi' 'mux_case_18852218' <Predicate = (icmp_ln119 & !tmp_13)> <Delay = 0.00>
ST_51 : Operation 1367 [1/1] (0.00ns)   --->   "%mux_case_38822208 = phi i32 %R_imag_2, void %imag5.i148215.case.31645, i32 %mux_case_31526, void %imag5.i148215.case.31639, i32 %mux_case_31526, void %imag5.i148215.case.31633, i32 %mux_case_31526, void %imag5.i148215.case.31627, i32 %mux_case_31526, void %imag5.i148215.case.31621, i32 %mux_case_31526, void %imag5.i148215.case.31651, i32 %mux_case_31526, void %imag5.i148215.case.0.imag5.i148215.exit_crit_edge, i32 %mux_case_31526, void %imag5.i148215.case.1.imag5.i148215.exit_crit_edge, i32 %mux_case_31526, void %imag5.i148215.case.2.imag5.i148215.exit_crit_edge, i32 %mux_case_31526, void %imag5.i148215.case.3.imag5.i148215.exit_crit_edge, i32 %mux_case_31526, void %imag5.i148215.case.4.imag5.i148215.exit_crit_edge, i32 %mux_case_31526, void %imag5.i148215.case.5.imag5.i148215.exit_crit_edge, i32 %mux_case_31526, void %imag5.i148215.case.0, i32 %mux_case_31526, void %imag5.i148215.case.1, i32 %mux_case_31526, void %imag5.i148215.case.2, i32 %mux_case_31526, void %imag5.i148215.case.3, i32 %mux_case_31526, void %imag5.i148215.case.4, i32 %mux_case_31526, void %imag5.i148215.case.5"   --->   Operation 1367 'phi' 'mux_case_38822208' <Predicate = (icmp_ln119 & !tmp_13)> <Delay = 0.00>
ST_51 : Operation 1368 [1/1] (0.00ns)   --->   "%mux_case_28812203 = phi i32 %mux_case_21525, void %imag5.i148215.case.31645, i32 %mux_case_21525, void %imag5.i148215.case.31639, i32 %mux_case_21525, void %imag5.i148215.case.31633, i32 %mux_case_21525, void %imag5.i148215.case.31627, i32 %mux_case_21525, void %imag5.i148215.case.31621, i32 %mux_case_21525, void %imag5.i148215.case.31651, i32 %mux_case_21525, void %imag5.i148215.case.0.imag5.i148215.exit_crit_edge, i32 %mux_case_21525, void %imag5.i148215.case.1.imag5.i148215.exit_crit_edge, i32 %mux_case_21525, void %imag5.i148215.case.2.imag5.i148215.exit_crit_edge, i32 %mux_case_21525, void %imag5.i148215.case.3.imag5.i148215.exit_crit_edge, i32 %R_imag_2, void %imag5.i148215.case.4.imag5.i148215.exit_crit_edge, i32 %mux_case_21525, void %imag5.i148215.case.5.imag5.i148215.exit_crit_edge, i32 %mux_case_21525, void %imag5.i148215.case.0, i32 %mux_case_21525, void %imag5.i148215.case.1, i32 %mux_case_21525, void %imag5.i148215.case.2, i32 %mux_case_21525, void %imag5.i148215.case.3, i32 %mux_case_21525, void %imag5.i148215.case.4, i32 %mux_case_21525, void %imag5.i148215.case.5"   --->   Operation 1368 'phi' 'mux_case_28812203' <Predicate = (icmp_ln119 & !tmp_13)> <Delay = 0.00>
ST_51 : Operation 1369 [1/1] (0.00ns)   --->   "%mux_case_18802198 = phi i32 %mux_case_11524, void %imag5.i148215.case.31645, i32 %mux_case_11524, void %imag5.i148215.case.31639, i32 %mux_case_11524, void %imag5.i148215.case.31633, i32 %mux_case_11524, void %imag5.i148215.case.31627, i32 %mux_case_11524, void %imag5.i148215.case.31621, i32 %mux_case_11524, void %imag5.i148215.case.31651, i32 %mux_case_11524, void %imag5.i148215.case.0.imag5.i148215.exit_crit_edge, i32 %mux_case_11524, void %imag5.i148215.case.1.imag5.i148215.exit_crit_edge, i32 %mux_case_11524, void %imag5.i148215.case.2.imag5.i148215.exit_crit_edge, i32 %mux_case_11524, void %imag5.i148215.case.3.imag5.i148215.exit_crit_edge, i32 %mux_case_11524, void %imag5.i148215.case.4.imag5.i148215.exit_crit_edge, i32 %mux_case_11524, void %imag5.i148215.case.5.imag5.i148215.exit_crit_edge, i32 %mux_case_11524, void %imag5.i148215.case.0, i32 %mux_case_11524, void %imag5.i148215.case.1, i32 %mux_case_11524, void %imag5.i148215.case.2, i32 %mux_case_11524, void %imag5.i148215.case.3, i32 %R_imag_2, void %imag5.i148215.case.4, i32 %mux_case_11524, void %imag5.i148215.case.5"   --->   Operation 1369 'phi' 'mux_case_18802198' <Predicate = (icmp_ln119 & !tmp_13)> <Delay = 0.00>
ST_51 : Operation 1370 [1/1] (0.00ns)   --->   "%mux_case_38772188 = phi i32 %mux_case_31521, void %imag5.i148215.case.31645, i32 %R_imag_2, void %imag5.i148215.case.31639, i32 %mux_case_31521, void %imag5.i148215.case.31633, i32 %mux_case_31521, void %imag5.i148215.case.31627, i32 %mux_case_31521, void %imag5.i148215.case.31621, i32 %mux_case_31521, void %imag5.i148215.case.31651, i32 %mux_case_31521, void %imag5.i148215.case.0.imag5.i148215.exit_crit_edge, i32 %mux_case_31521, void %imag5.i148215.case.1.imag5.i148215.exit_crit_edge, i32 %mux_case_31521, void %imag5.i148215.case.2.imag5.i148215.exit_crit_edge, i32 %mux_case_31521, void %imag5.i148215.case.3.imag5.i148215.exit_crit_edge, i32 %mux_case_31521, void %imag5.i148215.case.4.imag5.i148215.exit_crit_edge, i32 %mux_case_31521, void %imag5.i148215.case.5.imag5.i148215.exit_crit_edge, i32 %mux_case_31521, void %imag5.i148215.case.0, i32 %mux_case_31521, void %imag5.i148215.case.1, i32 %mux_case_31521, void %imag5.i148215.case.2, i32 %mux_case_31521, void %imag5.i148215.case.3, i32 %mux_case_31521, void %imag5.i148215.case.4, i32 %mux_case_31521, void %imag5.i148215.case.5"   --->   Operation 1370 'phi' 'mux_case_38772188' <Predicate = (icmp_ln119 & !tmp_13)> <Delay = 0.00>
ST_51 : Operation 1371 [1/1] (0.00ns)   --->   "%mux_case_28762183 = phi i32 %mux_case_21520, void %imag5.i148215.case.31645, i32 %mux_case_21520, void %imag5.i148215.case.31639, i32 %mux_case_21520, void %imag5.i148215.case.31633, i32 %mux_case_21520, void %imag5.i148215.case.31627, i32 %mux_case_21520, void %imag5.i148215.case.31621, i32 %mux_case_21520, void %imag5.i148215.case.31651, i32 %mux_case_21520, void %imag5.i148215.case.0.imag5.i148215.exit_crit_edge, i32 %mux_case_21520, void %imag5.i148215.case.1.imag5.i148215.exit_crit_edge, i32 %mux_case_21520, void %imag5.i148215.case.2.imag5.i148215.exit_crit_edge, i32 %R_imag_2, void %imag5.i148215.case.3.imag5.i148215.exit_crit_edge, i32 %mux_case_21520, void %imag5.i148215.case.4.imag5.i148215.exit_crit_edge, i32 %mux_case_21520, void %imag5.i148215.case.5.imag5.i148215.exit_crit_edge, i32 %mux_case_21520, void %imag5.i148215.case.0, i32 %mux_case_21520, void %imag5.i148215.case.1, i32 %mux_case_21520, void %imag5.i148215.case.2, i32 %mux_case_21520, void %imag5.i148215.case.3, i32 %mux_case_21520, void %imag5.i148215.case.4, i32 %mux_case_21520, void %imag5.i148215.case.5"   --->   Operation 1371 'phi' 'mux_case_28762183' <Predicate = (icmp_ln119 & !tmp_13)> <Delay = 0.00>
ST_51 : Operation 1372 [1/1] (0.00ns)   --->   "%mux_case_18752178 = phi i32 %mux_case_11519, void %imag5.i148215.case.31645, i32 %mux_case_11519, void %imag5.i148215.case.31639, i32 %mux_case_11519, void %imag5.i148215.case.31633, i32 %mux_case_11519, void %imag5.i148215.case.31627, i32 %mux_case_11519, void %imag5.i148215.case.31621, i32 %mux_case_11519, void %imag5.i148215.case.31651, i32 %mux_case_11519, void %imag5.i148215.case.0.imag5.i148215.exit_crit_edge, i32 %mux_case_11519, void %imag5.i148215.case.1.imag5.i148215.exit_crit_edge, i32 %mux_case_11519, void %imag5.i148215.case.2.imag5.i148215.exit_crit_edge, i32 %mux_case_11519, void %imag5.i148215.case.3.imag5.i148215.exit_crit_edge, i32 %mux_case_11519, void %imag5.i148215.case.4.imag5.i148215.exit_crit_edge, i32 %mux_case_11519, void %imag5.i148215.case.5.imag5.i148215.exit_crit_edge, i32 %mux_case_11519, void %imag5.i148215.case.0, i32 %mux_case_11519, void %imag5.i148215.case.1, i32 %mux_case_11519, void %imag5.i148215.case.2, i32 %R_imag_2, void %imag5.i148215.case.3, i32 %mux_case_11519, void %imag5.i148215.case.4, i32 %mux_case_11519, void %imag5.i148215.case.5"   --->   Operation 1372 'phi' 'mux_case_18752178' <Predicate = (icmp_ln119 & !tmp_13)> <Delay = 0.00>
ST_51 : Operation 1373 [1/1] (0.00ns)   --->   "%mux_case_38722168 = phi i32 %mux_case_31516, void %imag5.i148215.case.31645, i32 %mux_case_31516, void %imag5.i148215.case.31639, i32 %R_imag_2, void %imag5.i148215.case.31633, i32 %mux_case_31516, void %imag5.i148215.case.31627, i32 %mux_case_31516, void %imag5.i148215.case.31621, i32 %mux_case_31516, void %imag5.i148215.case.31651, i32 %mux_case_31516, void %imag5.i148215.case.0.imag5.i148215.exit_crit_edge, i32 %mux_case_31516, void %imag5.i148215.case.1.imag5.i148215.exit_crit_edge, i32 %mux_case_31516, void %imag5.i148215.case.2.imag5.i148215.exit_crit_edge, i32 %mux_case_31516, void %imag5.i148215.case.3.imag5.i148215.exit_crit_edge, i32 %mux_case_31516, void %imag5.i148215.case.4.imag5.i148215.exit_crit_edge, i32 %mux_case_31516, void %imag5.i148215.case.5.imag5.i148215.exit_crit_edge, i32 %mux_case_31516, void %imag5.i148215.case.0, i32 %mux_case_31516, void %imag5.i148215.case.1, i32 %mux_case_31516, void %imag5.i148215.case.2, i32 %mux_case_31516, void %imag5.i148215.case.3, i32 %mux_case_31516, void %imag5.i148215.case.4, i32 %mux_case_31516, void %imag5.i148215.case.5"   --->   Operation 1373 'phi' 'mux_case_38722168' <Predicate = (icmp_ln119 & !tmp_13)> <Delay = 0.00>
ST_51 : Operation 1374 [1/1] (0.00ns)   --->   "%mux_case_28712163 = phi i32 %mux_case_21515, void %imag5.i148215.case.31645, i32 %mux_case_21515, void %imag5.i148215.case.31639, i32 %mux_case_21515, void %imag5.i148215.case.31633, i32 %mux_case_21515, void %imag5.i148215.case.31627, i32 %mux_case_21515, void %imag5.i148215.case.31621, i32 %mux_case_21515, void %imag5.i148215.case.31651, i32 %mux_case_21515, void %imag5.i148215.case.0.imag5.i148215.exit_crit_edge, i32 %mux_case_21515, void %imag5.i148215.case.1.imag5.i148215.exit_crit_edge, i32 %R_imag_2, void %imag5.i148215.case.2.imag5.i148215.exit_crit_edge, i32 %mux_case_21515, void %imag5.i148215.case.3.imag5.i148215.exit_crit_edge, i32 %mux_case_21515, void %imag5.i148215.case.4.imag5.i148215.exit_crit_edge, i32 %mux_case_21515, void %imag5.i148215.case.5.imag5.i148215.exit_crit_edge, i32 %mux_case_21515, void %imag5.i148215.case.0, i32 %mux_case_21515, void %imag5.i148215.case.1, i32 %mux_case_21515, void %imag5.i148215.case.2, i32 %mux_case_21515, void %imag5.i148215.case.3, i32 %mux_case_21515, void %imag5.i148215.case.4, i32 %mux_case_21515, void %imag5.i148215.case.5"   --->   Operation 1374 'phi' 'mux_case_28712163' <Predicate = (icmp_ln119 & !tmp_13)> <Delay = 0.00>
ST_51 : Operation 1375 [1/1] (0.00ns)   --->   "%mux_case_18702158 = phi i32 %mux_case_11514, void %imag5.i148215.case.31645, i32 %mux_case_11514, void %imag5.i148215.case.31639, i32 %mux_case_11514, void %imag5.i148215.case.31633, i32 %mux_case_11514, void %imag5.i148215.case.31627, i32 %mux_case_11514, void %imag5.i148215.case.31621, i32 %mux_case_11514, void %imag5.i148215.case.31651, i32 %mux_case_11514, void %imag5.i148215.case.0.imag5.i148215.exit_crit_edge, i32 %mux_case_11514, void %imag5.i148215.case.1.imag5.i148215.exit_crit_edge, i32 %mux_case_11514, void %imag5.i148215.case.2.imag5.i148215.exit_crit_edge, i32 %mux_case_11514, void %imag5.i148215.case.3.imag5.i148215.exit_crit_edge, i32 %mux_case_11514, void %imag5.i148215.case.4.imag5.i148215.exit_crit_edge, i32 %mux_case_11514, void %imag5.i148215.case.5.imag5.i148215.exit_crit_edge, i32 %mux_case_11514, void %imag5.i148215.case.0, i32 %mux_case_11514, void %imag5.i148215.case.1, i32 %R_imag_2, void %imag5.i148215.case.2, i32 %mux_case_11514, void %imag5.i148215.case.3, i32 %mux_case_11514, void %imag5.i148215.case.4, i32 %mux_case_11514, void %imag5.i148215.case.5"   --->   Operation 1375 'phi' 'mux_case_18702158' <Predicate = (icmp_ln119 & !tmp_13)> <Delay = 0.00>
ST_51 : Operation 1376 [1/1] (0.00ns)   --->   "%mux_case_38672148 = phi i32 %mux_case_31511, void %imag5.i148215.case.31645, i32 %mux_case_31511, void %imag5.i148215.case.31639, i32 %mux_case_31511, void %imag5.i148215.case.31633, i32 %R_imag_2, void %imag5.i148215.case.31627, i32 %mux_case_31511, void %imag5.i148215.case.31621, i32 %mux_case_31511, void %imag5.i148215.case.31651, i32 %mux_case_31511, void %imag5.i148215.case.0.imag5.i148215.exit_crit_edge, i32 %mux_case_31511, void %imag5.i148215.case.1.imag5.i148215.exit_crit_edge, i32 %mux_case_31511, void %imag5.i148215.case.2.imag5.i148215.exit_crit_edge, i32 %mux_case_31511, void %imag5.i148215.case.3.imag5.i148215.exit_crit_edge, i32 %mux_case_31511, void %imag5.i148215.case.4.imag5.i148215.exit_crit_edge, i32 %mux_case_31511, void %imag5.i148215.case.5.imag5.i148215.exit_crit_edge, i32 %mux_case_31511, void %imag5.i148215.case.0, i32 %mux_case_31511, void %imag5.i148215.case.1, i32 %mux_case_31511, void %imag5.i148215.case.2, i32 %mux_case_31511, void %imag5.i148215.case.3, i32 %mux_case_31511, void %imag5.i148215.case.4, i32 %mux_case_31511, void %imag5.i148215.case.5"   --->   Operation 1376 'phi' 'mux_case_38672148' <Predicate = (icmp_ln119 & !tmp_13)> <Delay = 0.00>
ST_51 : Operation 1377 [1/1] (0.00ns)   --->   "%mux_case_28662143 = phi i32 %mux_case_21510, void %imag5.i148215.case.31645, i32 %mux_case_21510, void %imag5.i148215.case.31639, i32 %mux_case_21510, void %imag5.i148215.case.31633, i32 %mux_case_21510, void %imag5.i148215.case.31627, i32 %mux_case_21510, void %imag5.i148215.case.31621, i32 %mux_case_21510, void %imag5.i148215.case.31651, i32 %mux_case_21510, void %imag5.i148215.case.0.imag5.i148215.exit_crit_edge, i32 %R_imag_2, void %imag5.i148215.case.1.imag5.i148215.exit_crit_edge, i32 %mux_case_21510, void %imag5.i148215.case.2.imag5.i148215.exit_crit_edge, i32 %mux_case_21510, void %imag5.i148215.case.3.imag5.i148215.exit_crit_edge, i32 %mux_case_21510, void %imag5.i148215.case.4.imag5.i148215.exit_crit_edge, i32 %mux_case_21510, void %imag5.i148215.case.5.imag5.i148215.exit_crit_edge, i32 %mux_case_21510, void %imag5.i148215.case.0, i32 %mux_case_21510, void %imag5.i148215.case.1, i32 %mux_case_21510, void %imag5.i148215.case.2, i32 %mux_case_21510, void %imag5.i148215.case.3, i32 %mux_case_21510, void %imag5.i148215.case.4, i32 %mux_case_21510, void %imag5.i148215.case.5"   --->   Operation 1377 'phi' 'mux_case_28662143' <Predicate = (icmp_ln119 & !tmp_13)> <Delay = 0.00>
ST_51 : Operation 1378 [1/1] (0.00ns)   --->   "%mux_case_18652138 = phi i32 %mux_case_11509, void %imag5.i148215.case.31645, i32 %mux_case_11509, void %imag5.i148215.case.31639, i32 %mux_case_11509, void %imag5.i148215.case.31633, i32 %mux_case_11509, void %imag5.i148215.case.31627, i32 %mux_case_11509, void %imag5.i148215.case.31621, i32 %mux_case_11509, void %imag5.i148215.case.31651, i32 %mux_case_11509, void %imag5.i148215.case.0.imag5.i148215.exit_crit_edge, i32 %mux_case_11509, void %imag5.i148215.case.1.imag5.i148215.exit_crit_edge, i32 %mux_case_11509, void %imag5.i148215.case.2.imag5.i148215.exit_crit_edge, i32 %mux_case_11509, void %imag5.i148215.case.3.imag5.i148215.exit_crit_edge, i32 %mux_case_11509, void %imag5.i148215.case.4.imag5.i148215.exit_crit_edge, i32 %mux_case_11509, void %imag5.i148215.case.5.imag5.i148215.exit_crit_edge, i32 %mux_case_11509, void %imag5.i148215.case.0, i32 %R_imag_2, void %imag5.i148215.case.1, i32 %mux_case_11509, void %imag5.i148215.case.2, i32 %mux_case_11509, void %imag5.i148215.case.3, i32 %mux_case_11509, void %imag5.i148215.case.4, i32 %mux_case_11509, void %imag5.i148215.case.5"   --->   Operation 1378 'phi' 'mux_case_18652138' <Predicate = (icmp_ln119 & !tmp_13)> <Delay = 0.00>
ST_51 : Operation 1379 [1/1] (0.00ns)   --->   "%mux_case_38622128 = phi i32 %mux_case_39221892, void %imag5.i148215.case.31645, i32 %mux_case_39221892, void %imag5.i148215.case.31639, i32 %mux_case_39221892, void %imag5.i148215.case.31633, i32 %mux_case_39221892, void %imag5.i148215.case.31627, i32 %R_imag_2, void %imag5.i148215.case.31621, i32 %mux_case_39221892, void %imag5.i148215.case.31651, i32 %mux_case_39221892, void %imag5.i148215.case.0.imag5.i148215.exit_crit_edge, i32 %mux_case_39221892, void %imag5.i148215.case.1.imag5.i148215.exit_crit_edge, i32 %mux_case_39221892, void %imag5.i148215.case.2.imag5.i148215.exit_crit_edge, i32 %mux_case_39221892, void %imag5.i148215.case.3.imag5.i148215.exit_crit_edge, i32 %mux_case_39221892, void %imag5.i148215.case.4.imag5.i148215.exit_crit_edge, i32 %mux_case_39221892, void %imag5.i148215.case.5.imag5.i148215.exit_crit_edge, i32 %mux_case_39221892, void %imag5.i148215.case.0, i32 %mux_case_39221892, void %imag5.i148215.case.1, i32 %mux_case_39221892, void %imag5.i148215.case.2, i32 %mux_case_39221892, void %imag5.i148215.case.3, i32 %mux_case_39221892, void %imag5.i148215.case.4, i32 %mux_case_39221892, void %imag5.i148215.case.5"   --->   Operation 1379 'phi' 'mux_case_38622128' <Predicate = (icmp_ln119 & !tmp_13)> <Delay = 0.00>
ST_51 : Operation 1380 [1/1] (0.00ns)   --->   "%mux_case_28612123 = phi i32 %mux_case_29211888, void %imag5.i148215.case.31645, i32 %mux_case_29211888, void %imag5.i148215.case.31639, i32 %mux_case_29211888, void %imag5.i148215.case.31633, i32 %mux_case_29211888, void %imag5.i148215.case.31627, i32 %mux_case_29211888, void %imag5.i148215.case.31621, i32 %mux_case_29211888, void %imag5.i148215.case.31651, i32 %R_imag_2, void %imag5.i148215.case.0.imag5.i148215.exit_crit_edge, i32 %mux_case_29211888, void %imag5.i148215.case.1.imag5.i148215.exit_crit_edge, i32 %mux_case_29211888, void %imag5.i148215.case.2.imag5.i148215.exit_crit_edge, i32 %mux_case_29211888, void %imag5.i148215.case.3.imag5.i148215.exit_crit_edge, i32 %mux_case_29211888, void %imag5.i148215.case.4.imag5.i148215.exit_crit_edge, i32 %mux_case_29211888, void %imag5.i148215.case.5.imag5.i148215.exit_crit_edge, i32 %mux_case_29211888, void %imag5.i148215.case.0, i32 %mux_case_29211888, void %imag5.i148215.case.1, i32 %mux_case_29211888, void %imag5.i148215.case.2, i32 %mux_case_29211888, void %imag5.i148215.case.3, i32 %mux_case_29211888, void %imag5.i148215.case.4, i32 %mux_case_29211888, void %imag5.i148215.case.5"   --->   Operation 1380 'phi' 'mux_case_28612123' <Predicate = (icmp_ln119 & !tmp_13)> <Delay = 0.00>
ST_51 : Operation 1381 [1/1] (0.00ns)   --->   "%mux_case_18602118 = phi i32 %mux_case_19201884, void %imag5.i148215.case.31645, i32 %mux_case_19201884, void %imag5.i148215.case.31639, i32 %mux_case_19201884, void %imag5.i148215.case.31633, i32 %mux_case_19201884, void %imag5.i148215.case.31627, i32 %mux_case_19201884, void %imag5.i148215.case.31621, i32 %mux_case_19201884, void %imag5.i148215.case.31651, i32 %mux_case_19201884, void %imag5.i148215.case.0.imag5.i148215.exit_crit_edge, i32 %mux_case_19201884, void %imag5.i148215.case.1.imag5.i148215.exit_crit_edge, i32 %mux_case_19201884, void %imag5.i148215.case.2.imag5.i148215.exit_crit_edge, i32 %mux_case_19201884, void %imag5.i148215.case.3.imag5.i148215.exit_crit_edge, i32 %mux_case_19201884, void %imag5.i148215.case.4.imag5.i148215.exit_crit_edge, i32 %mux_case_19201884, void %imag5.i148215.case.5.imag5.i148215.exit_crit_edge, i32 %R_imag_2, void %imag5.i148215.case.0, i32 %mux_case_19201884, void %imag5.i148215.case.1, i32 %mux_case_19201884, void %imag5.i148215.case.2, i32 %mux_case_19201884, void %imag5.i148215.case.3, i32 %mux_case_19201884, void %imag5.i148215.case.4, i32 %mux_case_19201884, void %imag5.i148215.case.5"   --->   Operation 1381 'phi' 'mux_case_18602118' <Predicate = (icmp_ln119 & !tmp_13)> <Delay = 0.00>
ST_51 : Operation 1382 [1/1] (0.73ns)   --->   "%switch_ln46 = switch i3 %i_1, void %imag169.i151217.case.6, i3 5, void %imag169.i151217.case.5, i3 1, void %imag169.i151217.case.1, i3 2, void %imag169.i151217.case.2, i3 3, void %imag169.i151217.case.3, i3 4, void %imag169.i151217.case.4" [top_cmplx.cpp:46->top_cmplx.cpp:146]   --->   Operation 1382 'switch' 'switch_ln46' <Predicate = (icmp_ln119 & !tmp_13)> <Delay = 0.73>
ST_51 : Operation 1383 [1/1] (0.73ns)   --->   "%switch_ln46 = switch i2 %tmp_14, void %imag169.i151217.case.31765, i2 2, void %imag169.i151217.case.4.for.inc95.1_crit_edge, i2 1, void %for.inc95.1" [top_cmplx.cpp:46->top_cmplx.cpp:146]   --->   Operation 1383 'switch' 'switch_ln46' <Predicate = (icmp_ln119 & i_1 == 4 & !tmp_13)> <Delay = 0.73>
ST_51 : Operation 1384 [1/1] (0.47ns)   --->   "%br_ln46 = br void %for.inc95.1" [top_cmplx.cpp:46->top_cmplx.cpp:146]   --->   Operation 1384 'br' 'br_ln46' <Predicate = (icmp_ln119 & i_1 == 4 & !tmp_13 & tmp_14 == 2)> <Delay = 0.47>
ST_51 : Operation 1385 [1/1] (0.47ns)   --->   "%br_ln46 = br void %for.inc95.1" [top_cmplx.cpp:46->top_cmplx.cpp:146]   --->   Operation 1385 'br' 'br_ln46' <Predicate = (icmp_ln119 & i_1 == 4 & !tmp_13 & tmp_14 != 2 & tmp_14 != 1)> <Delay = 0.47>
ST_51 : Operation 1386 [1/1] (0.73ns)   --->   "%switch_ln46 = switch i2 %tmp_14, void %imag169.i151217.case.31759, i2 2, void %imag169.i151217.case.3.for.inc95.1_crit_edge, i2 1, void %for.inc95.1" [top_cmplx.cpp:46->top_cmplx.cpp:146]   --->   Operation 1386 'switch' 'switch_ln46' <Predicate = (icmp_ln119 & i_1 == 3 & !tmp_13)> <Delay = 0.73>
ST_51 : Operation 1387 [1/1] (0.47ns)   --->   "%br_ln46 = br void %for.inc95.1" [top_cmplx.cpp:46->top_cmplx.cpp:146]   --->   Operation 1387 'br' 'br_ln46' <Predicate = (icmp_ln119 & i_1 == 3 & !tmp_13 & tmp_14 == 2)> <Delay = 0.47>
ST_51 : Operation 1388 [1/1] (0.47ns)   --->   "%br_ln46 = br void %for.inc95.1" [top_cmplx.cpp:46->top_cmplx.cpp:146]   --->   Operation 1388 'br' 'br_ln46' <Predicate = (icmp_ln119 & i_1 == 3 & !tmp_13 & tmp_14 != 2 & tmp_14 != 1)> <Delay = 0.47>
ST_51 : Operation 1389 [1/1] (0.73ns)   --->   "%switch_ln46 = switch i2 %tmp_14, void %imag169.i151217.case.31753, i2 2, void %imag169.i151217.case.2.for.inc95.1_crit_edge, i2 1, void %for.inc95.1" [top_cmplx.cpp:46->top_cmplx.cpp:146]   --->   Operation 1389 'switch' 'switch_ln46' <Predicate = (icmp_ln119 & i_1 == 2 & !tmp_13)> <Delay = 0.73>
ST_51 : Operation 1390 [1/1] (0.47ns)   --->   "%br_ln46 = br void %for.inc95.1" [top_cmplx.cpp:46->top_cmplx.cpp:146]   --->   Operation 1390 'br' 'br_ln46' <Predicate = (icmp_ln119 & i_1 == 2 & !tmp_13 & tmp_14 == 2)> <Delay = 0.47>
ST_51 : Operation 1391 [1/1] (0.47ns)   --->   "%br_ln46 = br void %for.inc95.1" [top_cmplx.cpp:46->top_cmplx.cpp:146]   --->   Operation 1391 'br' 'br_ln46' <Predicate = (icmp_ln119 & i_1 == 2 & !tmp_13 & tmp_14 != 2 & tmp_14 != 1)> <Delay = 0.47>
ST_51 : Operation 1392 [1/1] (0.73ns)   --->   "%switch_ln46 = switch i2 %tmp_14, void %imag169.i151217.case.31747, i2 2, void %imag169.i151217.case.1.for.inc95.1_crit_edge, i2 1, void %for.inc95.1" [top_cmplx.cpp:46->top_cmplx.cpp:146]   --->   Operation 1392 'switch' 'switch_ln46' <Predicate = (icmp_ln119 & i_1 == 1 & !tmp_13)> <Delay = 0.73>
ST_51 : Operation 1393 [1/1] (0.47ns)   --->   "%br_ln46 = br void %for.inc95.1" [top_cmplx.cpp:46->top_cmplx.cpp:146]   --->   Operation 1393 'br' 'br_ln46' <Predicate = (icmp_ln119 & i_1 == 1 & !tmp_13 & tmp_14 == 2)> <Delay = 0.47>
ST_51 : Operation 1394 [1/1] (0.47ns)   --->   "%br_ln46 = br void %for.inc95.1" [top_cmplx.cpp:46->top_cmplx.cpp:146]   --->   Operation 1394 'br' 'br_ln46' <Predicate = (icmp_ln119 & i_1 == 1 & !tmp_13 & tmp_14 != 2 & tmp_14 != 1)> <Delay = 0.47>
ST_51 : Operation 1395 [1/1] (0.73ns)   --->   "%switch_ln46 = switch i2 %tmp_14, void %imag169.i151217.case.31771, i2 2, void %imag169.i151217.case.5.for.inc95.1_crit_edge, i2 1, void %for.inc95.1" [top_cmplx.cpp:46->top_cmplx.cpp:146]   --->   Operation 1395 'switch' 'switch_ln46' <Predicate = (icmp_ln119 & i_1 == 5 & !tmp_13)> <Delay = 0.73>
ST_51 : Operation 1396 [1/1] (0.47ns)   --->   "%br_ln46 = br void %for.inc95.1" [top_cmplx.cpp:46->top_cmplx.cpp:146]   --->   Operation 1396 'br' 'br_ln46' <Predicate = (icmp_ln119 & i_1 == 5 & !tmp_13 & tmp_14 == 2)> <Delay = 0.47>
ST_51 : Operation 1397 [1/1] (0.47ns)   --->   "%br_ln46 = br void %for.inc95.1" [top_cmplx.cpp:46->top_cmplx.cpp:146]   --->   Operation 1397 'br' 'br_ln46' <Predicate = (icmp_ln119 & i_1 == 5 & !tmp_13 & tmp_14 != 2 & tmp_14 != 1)> <Delay = 0.47>
ST_51 : Operation 1398 [1/1] (0.73ns)   --->   "%switch_ln46 = switch i2 %tmp_14, void %imag169.i151217.case.31777, i2 2, void %imag169.i151217.case.6.for.inc95.1_crit_edge, i2 1, void %for.inc95.1" [top_cmplx.cpp:46->top_cmplx.cpp:146]   --->   Operation 1398 'switch' 'switch_ln46' <Predicate = (icmp_ln119 & i_1 != 1 & i_1 != 2 & i_1 != 3 & i_1 != 4 & i_1 != 5 & !tmp_13)> <Delay = 0.73>
ST_51 : Operation 1399 [1/1] (0.47ns)   --->   "%br_ln46 = br void %for.inc95.1" [top_cmplx.cpp:46->top_cmplx.cpp:146]   --->   Operation 1399 'br' 'br_ln46' <Predicate = (icmp_ln119 & i_1 != 1 & i_1 != 2 & i_1 != 3 & i_1 != 4 & i_1 != 5 & !tmp_13 & tmp_14 == 2)> <Delay = 0.47>
ST_51 : Operation 1400 [1/1] (0.47ns)   --->   "%br_ln46 = br void %for.inc95.1" [top_cmplx.cpp:46->top_cmplx.cpp:146]   --->   Operation 1400 'br' 'br_ln46' <Predicate = (icmp_ln119 & i_1 != 1 & i_1 != 2 & i_1 != 3 & i_1 != 4 & i_1 != 5 & !tmp_13 & tmp_14 != 2 & tmp_14 != 1)> <Delay = 0.47>
ST_51 : Operation 1401 [1/1] (0.00ns)   --->   "%mux_case_31387 = phi i32 %mux_case_31536, void %imag169.i151217.case.31771, i32 %mux_case_31536, void %imag169.i151217.case.31765, i32 %mux_case_31536, void %imag169.i151217.case.31759, i32 %mux_case_31536, void %imag169.i151217.case.31753, i32 %mux_case_31536, void %imag169.i151217.case.31747, i32 %R_imag_3, void %imag169.i151217.case.31777, i32 %mux_case_31536, void %imag169.i151217.case.1.for.inc95.1_crit_edge, i32 %mux_case_31536, void %imag169.i151217.case.2.for.inc95.1_crit_edge, i32 %mux_case_31536, void %imag169.i151217.case.3.for.inc95.1_crit_edge, i32 %mux_case_31536, void %imag169.i151217.case.4.for.inc95.1_crit_edge, i32 %mux_case_31536, void %imag169.i151217.case.5.for.inc95.1_crit_edge, i32 %mux_case_31536, void %imag169.i151217.case.6.for.inc95.1_crit_edge, i32 %mux_case_31536, void %imag169.i151217.case.1, i32 %mux_case_31536, void %imag169.i151217.case.2, i32 %mux_case_31536, void %imag169.i151217.case.3, i32 %mux_case_31536, void %imag169.i151217.case.4, i32 %mux_case_31536, void %imag169.i151217.case.5, i32 %mux_case_31536, void %imag169.i151217.case.6, i32 %mux_case_31536, void %imag169.i205.exit"   --->   Operation 1401 'phi' 'mux_case_31387' <Predicate = (icmp_ln119)> <Delay = 0.00>
ST_51 : Operation 1402 [1/1] (0.00ns)   --->   "%mux_case_21386 = phi i32 %mux_case_21535, void %imag169.i151217.case.31771, i32 %mux_case_21535, void %imag169.i151217.case.31765, i32 %mux_case_21535, void %imag169.i151217.case.31759, i32 %mux_case_21535, void %imag169.i151217.case.31753, i32 %mux_case_21535, void %imag169.i151217.case.31747, i32 %mux_case_21535, void %imag169.i151217.case.31777, i32 %mux_case_21535, void %imag169.i151217.case.1.for.inc95.1_crit_edge, i32 %mux_case_21535, void %imag169.i151217.case.2.for.inc95.1_crit_edge, i32 %mux_case_21535, void %imag169.i151217.case.3.for.inc95.1_crit_edge, i32 %mux_case_21535, void %imag169.i151217.case.4.for.inc95.1_crit_edge, i32 %mux_case_21535, void %imag169.i151217.case.5.for.inc95.1_crit_edge, i32 %R_imag_3, void %imag169.i151217.case.6.for.inc95.1_crit_edge, i32 %mux_case_21535, void %imag169.i151217.case.1, i32 %mux_case_21535, void %imag169.i151217.case.2, i32 %mux_case_21535, void %imag169.i151217.case.3, i32 %mux_case_21535, void %imag169.i151217.case.4, i32 %mux_case_21535, void %imag169.i151217.case.5, i32 %mux_case_21535, void %imag169.i151217.case.6, i32 %mux_case_21535, void %imag169.i205.exit"   --->   Operation 1402 'phi' 'mux_case_21386' <Predicate = (icmp_ln119)> <Delay = 0.00>
ST_51 : Operation 1403 [1/1] (0.00ns)   --->   "%mux_case_31052 = phi i32 %mux_case_310522240, void %imag169.i151217.case.31771, i32 %mux_case_310522240, void %imag169.i151217.case.31765, i32 %mux_case_310522240, void %imag169.i151217.case.31759, i32 %mux_case_310522240, void %imag169.i151217.case.31753, i32 %mux_case_310522240, void %imag169.i151217.case.31747, i32 %mux_case_310522240, void %imag169.i151217.case.31777, i32 %mux_case_310522240, void %imag169.i151217.case.1.for.inc95.1_crit_edge, i32 %mux_case_310522240, void %imag169.i151217.case.2.for.inc95.1_crit_edge, i32 %mux_case_310522240, void %imag169.i151217.case.3.for.inc95.1_crit_edge, i32 %mux_case_310522240, void %imag169.i151217.case.4.for.inc95.1_crit_edge, i32 %mux_case_310522240, void %imag169.i151217.case.5.for.inc95.1_crit_edge, i32 %mux_case_310522240, void %imag169.i151217.case.6.for.inc95.1_crit_edge, i32 %mux_case_310522240, void %imag169.i151217.case.1, i32 %mux_case_310522240, void %imag169.i151217.case.2, i32 %mux_case_310522240, void %imag169.i151217.case.3, i32 %mux_case_310522240, void %imag169.i151217.case.4, i32 %mux_case_310522240, void %imag169.i151217.case.5, i32 %mux_case_310522240, void %imag169.i151217.case.6, i32 %mux_case_31087, void %imag169.i205.exit" [top_cmplx.cpp:45->top_cmplx.cpp:146]   --->   Operation 1403 'phi' 'mux_case_31052' <Predicate = (icmp_ln119)> <Delay = 0.00>
ST_51 : Operation 1404 [1/1] (0.00ns)   --->   "%mux_case_21051 = phi i32 %mux_case_210512237, void %imag169.i151217.case.31771, i32 %mux_case_210512237, void %imag169.i151217.case.31765, i32 %mux_case_210512237, void %imag169.i151217.case.31759, i32 %mux_case_210512237, void %imag169.i151217.case.31753, i32 %mux_case_210512237, void %imag169.i151217.case.31747, i32 %mux_case_210512237, void %imag169.i151217.case.31777, i32 %mux_case_210512237, void %imag169.i151217.case.1.for.inc95.1_crit_edge, i32 %mux_case_210512237, void %imag169.i151217.case.2.for.inc95.1_crit_edge, i32 %mux_case_210512237, void %imag169.i151217.case.3.for.inc95.1_crit_edge, i32 %mux_case_210512237, void %imag169.i151217.case.4.for.inc95.1_crit_edge, i32 %mux_case_210512237, void %imag169.i151217.case.5.for.inc95.1_crit_edge, i32 %mux_case_210512237, void %imag169.i151217.case.6.for.inc95.1_crit_edge, i32 %mux_case_210512237, void %imag169.i151217.case.1, i32 %mux_case_210512237, void %imag169.i151217.case.2, i32 %mux_case_210512237, void %imag169.i151217.case.3, i32 %mux_case_210512237, void %imag169.i151217.case.4, i32 %mux_case_210512237, void %imag169.i151217.case.5, i32 %mux_case_210512237, void %imag169.i151217.case.6, i32 %mux_case_21086, void %imag169.i205.exit" [top_cmplx.cpp:45->top_cmplx.cpp:146]   --->   Operation 1404 'phi' 'mux_case_21051' <Predicate = (icmp_ln119)> <Delay = 0.00>
ST_51 : Operation 1405 [1/1] (0.00ns)   --->   "%mux_case_31382 = phi i32 %R_imag_3, void %imag169.i151217.case.31771, i32 %mux_case_38872228, void %imag169.i151217.case.31765, i32 %mux_case_38872228, void %imag169.i151217.case.31759, i32 %mux_case_38872228, void %imag169.i151217.case.31753, i32 %mux_case_38872228, void %imag169.i151217.case.31747, i32 %mux_case_38872228, void %imag169.i151217.case.31777, i32 %mux_case_38872228, void %imag169.i151217.case.1.for.inc95.1_crit_edge, i32 %mux_case_38872228, void %imag169.i151217.case.2.for.inc95.1_crit_edge, i32 %mux_case_38872228, void %imag169.i151217.case.3.for.inc95.1_crit_edge, i32 %mux_case_38872228, void %imag169.i151217.case.4.for.inc95.1_crit_edge, i32 %mux_case_38872228, void %imag169.i151217.case.5.for.inc95.1_crit_edge, i32 %mux_case_38872228, void %imag169.i151217.case.6.for.inc95.1_crit_edge, i32 %mux_case_38872228, void %imag169.i151217.case.1, i32 %mux_case_38872228, void %imag169.i151217.case.2, i32 %mux_case_38872228, void %imag169.i151217.case.3, i32 %mux_case_38872228, void %imag169.i151217.case.4, i32 %mux_case_38872228, void %imag169.i151217.case.5, i32 %mux_case_38872228, void %imag169.i151217.case.6, i32 %mux_case_31531, void %imag169.i205.exit"   --->   Operation 1405 'phi' 'mux_case_31382' <Predicate = (icmp_ln119)> <Delay = 0.00>
ST_51 : Operation 1406 [1/1] (0.00ns)   --->   "%mux_case_21381 = phi i32 %mux_case_28862223, void %imag169.i151217.case.31771, i32 %mux_case_28862223, void %imag169.i151217.case.31765, i32 %mux_case_28862223, void %imag169.i151217.case.31759, i32 %mux_case_28862223, void %imag169.i151217.case.31753, i32 %mux_case_28862223, void %imag169.i151217.case.31747, i32 %mux_case_28862223, void %imag169.i151217.case.31777, i32 %mux_case_28862223, void %imag169.i151217.case.1.for.inc95.1_crit_edge, i32 %mux_case_28862223, void %imag169.i151217.case.2.for.inc95.1_crit_edge, i32 %mux_case_28862223, void %imag169.i151217.case.3.for.inc95.1_crit_edge, i32 %mux_case_28862223, void %imag169.i151217.case.4.for.inc95.1_crit_edge, i32 %R_imag_3, void %imag169.i151217.case.5.for.inc95.1_crit_edge, i32 %mux_case_28862223, void %imag169.i151217.case.6.for.inc95.1_crit_edge, i32 %mux_case_28862223, void %imag169.i151217.case.1, i32 %mux_case_28862223, void %imag169.i151217.case.2, i32 %mux_case_28862223, void %imag169.i151217.case.3, i32 %mux_case_28862223, void %imag169.i151217.case.4, i32 %mux_case_28862223, void %imag169.i151217.case.5, i32 %mux_case_28862223, void %imag169.i151217.case.6, i32 %mux_case_21530, void %imag169.i205.exit"   --->   Operation 1406 'phi' 'mux_case_21381' <Predicate = (icmp_ln119)> <Delay = 0.00>
ST_51 : Operation 1407 [1/1] (0.00ns)   --->   "%mux_case_31377 = phi i32 %mux_case_38822208, void %imag169.i151217.case.31771, i32 %R_imag_3, void %imag169.i151217.case.31765, i32 %mux_case_38822208, void %imag169.i151217.case.31759, i32 %mux_case_38822208, void %imag169.i151217.case.31753, i32 %mux_case_38822208, void %imag169.i151217.case.31747, i32 %mux_case_38822208, void %imag169.i151217.case.31777, i32 %mux_case_38822208, void %imag169.i151217.case.1.for.inc95.1_crit_edge, i32 %mux_case_38822208, void %imag169.i151217.case.2.for.inc95.1_crit_edge, i32 %mux_case_38822208, void %imag169.i151217.case.3.for.inc95.1_crit_edge, i32 %mux_case_38822208, void %imag169.i151217.case.4.for.inc95.1_crit_edge, i32 %mux_case_38822208, void %imag169.i151217.case.5.for.inc95.1_crit_edge, i32 %mux_case_38822208, void %imag169.i151217.case.6.for.inc95.1_crit_edge, i32 %mux_case_38822208, void %imag169.i151217.case.1, i32 %mux_case_38822208, void %imag169.i151217.case.2, i32 %mux_case_38822208, void %imag169.i151217.case.3, i32 %mux_case_38822208, void %imag169.i151217.case.4, i32 %mux_case_38822208, void %imag169.i151217.case.5, i32 %mux_case_38822208, void %imag169.i151217.case.6, i32 %mux_case_31526, void %imag169.i205.exit"   --->   Operation 1407 'phi' 'mux_case_31377' <Predicate = (icmp_ln119)> <Delay = 0.00>
ST_51 : Operation 1408 [1/1] (0.00ns)   --->   "%mux_case_21376 = phi i32 %mux_case_28812203, void %imag169.i151217.case.31771, i32 %mux_case_28812203, void %imag169.i151217.case.31765, i32 %mux_case_28812203, void %imag169.i151217.case.31759, i32 %mux_case_28812203, void %imag169.i151217.case.31753, i32 %mux_case_28812203, void %imag169.i151217.case.31747, i32 %mux_case_28812203, void %imag169.i151217.case.31777, i32 %mux_case_28812203, void %imag169.i151217.case.1.for.inc95.1_crit_edge, i32 %mux_case_28812203, void %imag169.i151217.case.2.for.inc95.1_crit_edge, i32 %mux_case_28812203, void %imag169.i151217.case.3.for.inc95.1_crit_edge, i32 %R_imag_3, void %imag169.i151217.case.4.for.inc95.1_crit_edge, i32 %mux_case_28812203, void %imag169.i151217.case.5.for.inc95.1_crit_edge, i32 %mux_case_28812203, void %imag169.i151217.case.6.for.inc95.1_crit_edge, i32 %mux_case_28812203, void %imag169.i151217.case.1, i32 %mux_case_28812203, void %imag169.i151217.case.2, i32 %mux_case_28812203, void %imag169.i151217.case.3, i32 %mux_case_28812203, void %imag169.i151217.case.4, i32 %mux_case_28812203, void %imag169.i151217.case.5, i32 %mux_case_28812203, void %imag169.i151217.case.6, i32 %mux_case_21525, void %imag169.i205.exit"   --->   Operation 1408 'phi' 'mux_case_21376' <Predicate = (icmp_ln119)> <Delay = 0.00>
ST_51 : Operation 1409 [1/1] (0.00ns)   --->   "%mux_case_31372 = phi i32 %mux_case_38772188, void %imag169.i151217.case.31771, i32 %mux_case_38772188, void %imag169.i151217.case.31765, i32 %R_imag_3, void %imag169.i151217.case.31759, i32 %mux_case_38772188, void %imag169.i151217.case.31753, i32 %mux_case_38772188, void %imag169.i151217.case.31747, i32 %mux_case_38772188, void %imag169.i151217.case.31777, i32 %mux_case_38772188, void %imag169.i151217.case.1.for.inc95.1_crit_edge, i32 %mux_case_38772188, void %imag169.i151217.case.2.for.inc95.1_crit_edge, i32 %mux_case_38772188, void %imag169.i151217.case.3.for.inc95.1_crit_edge, i32 %mux_case_38772188, void %imag169.i151217.case.4.for.inc95.1_crit_edge, i32 %mux_case_38772188, void %imag169.i151217.case.5.for.inc95.1_crit_edge, i32 %mux_case_38772188, void %imag169.i151217.case.6.for.inc95.1_crit_edge, i32 %mux_case_38772188, void %imag169.i151217.case.1, i32 %mux_case_38772188, void %imag169.i151217.case.2, i32 %mux_case_38772188, void %imag169.i151217.case.3, i32 %mux_case_38772188, void %imag169.i151217.case.4, i32 %mux_case_38772188, void %imag169.i151217.case.5, i32 %mux_case_38772188, void %imag169.i151217.case.6, i32 %mux_case_31521, void %imag169.i205.exit"   --->   Operation 1409 'phi' 'mux_case_31372' <Predicate = (icmp_ln119)> <Delay = 0.00>
ST_51 : Operation 1410 [1/1] (0.00ns)   --->   "%mux_case_21371 = phi i32 %mux_case_28762183, void %imag169.i151217.case.31771, i32 %mux_case_28762183, void %imag169.i151217.case.31765, i32 %mux_case_28762183, void %imag169.i151217.case.31759, i32 %mux_case_28762183, void %imag169.i151217.case.31753, i32 %mux_case_28762183, void %imag169.i151217.case.31747, i32 %mux_case_28762183, void %imag169.i151217.case.31777, i32 %mux_case_28762183, void %imag169.i151217.case.1.for.inc95.1_crit_edge, i32 %mux_case_28762183, void %imag169.i151217.case.2.for.inc95.1_crit_edge, i32 %R_imag_3, void %imag169.i151217.case.3.for.inc95.1_crit_edge, i32 %mux_case_28762183, void %imag169.i151217.case.4.for.inc95.1_crit_edge, i32 %mux_case_28762183, void %imag169.i151217.case.5.for.inc95.1_crit_edge, i32 %mux_case_28762183, void %imag169.i151217.case.6.for.inc95.1_crit_edge, i32 %mux_case_28762183, void %imag169.i151217.case.1, i32 %mux_case_28762183, void %imag169.i151217.case.2, i32 %mux_case_28762183, void %imag169.i151217.case.3, i32 %mux_case_28762183, void %imag169.i151217.case.4, i32 %mux_case_28762183, void %imag169.i151217.case.5, i32 %mux_case_28762183, void %imag169.i151217.case.6, i32 %mux_case_21520, void %imag169.i205.exit"   --->   Operation 1410 'phi' 'mux_case_21371' <Predicate = (icmp_ln119)> <Delay = 0.00>
ST_51 : Operation 1411 [1/1] (0.00ns)   --->   "%mux_case_31367 = phi i32 %mux_case_38722168, void %imag169.i151217.case.31771, i32 %mux_case_38722168, void %imag169.i151217.case.31765, i32 %mux_case_38722168, void %imag169.i151217.case.31759, i32 %R_imag_3, void %imag169.i151217.case.31753, i32 %mux_case_38722168, void %imag169.i151217.case.31747, i32 %mux_case_38722168, void %imag169.i151217.case.31777, i32 %mux_case_38722168, void %imag169.i151217.case.1.for.inc95.1_crit_edge, i32 %mux_case_38722168, void %imag169.i151217.case.2.for.inc95.1_crit_edge, i32 %mux_case_38722168, void %imag169.i151217.case.3.for.inc95.1_crit_edge, i32 %mux_case_38722168, void %imag169.i151217.case.4.for.inc95.1_crit_edge, i32 %mux_case_38722168, void %imag169.i151217.case.5.for.inc95.1_crit_edge, i32 %mux_case_38722168, void %imag169.i151217.case.6.for.inc95.1_crit_edge, i32 %mux_case_38722168, void %imag169.i151217.case.1, i32 %mux_case_38722168, void %imag169.i151217.case.2, i32 %mux_case_38722168, void %imag169.i151217.case.3, i32 %mux_case_38722168, void %imag169.i151217.case.4, i32 %mux_case_38722168, void %imag169.i151217.case.5, i32 %mux_case_38722168, void %imag169.i151217.case.6, i32 %mux_case_31516, void %imag169.i205.exit"   --->   Operation 1411 'phi' 'mux_case_31367' <Predicate = (icmp_ln119)> <Delay = 0.00>
ST_51 : Operation 1412 [1/1] (0.00ns)   --->   "%mux_case_21366 = phi i32 %mux_case_28712163, void %imag169.i151217.case.31771, i32 %mux_case_28712163, void %imag169.i151217.case.31765, i32 %mux_case_28712163, void %imag169.i151217.case.31759, i32 %mux_case_28712163, void %imag169.i151217.case.31753, i32 %mux_case_28712163, void %imag169.i151217.case.31747, i32 %mux_case_28712163, void %imag169.i151217.case.31777, i32 %mux_case_28712163, void %imag169.i151217.case.1.for.inc95.1_crit_edge, i32 %R_imag_3, void %imag169.i151217.case.2.for.inc95.1_crit_edge, i32 %mux_case_28712163, void %imag169.i151217.case.3.for.inc95.1_crit_edge, i32 %mux_case_28712163, void %imag169.i151217.case.4.for.inc95.1_crit_edge, i32 %mux_case_28712163, void %imag169.i151217.case.5.for.inc95.1_crit_edge, i32 %mux_case_28712163, void %imag169.i151217.case.6.for.inc95.1_crit_edge, i32 %mux_case_28712163, void %imag169.i151217.case.1, i32 %mux_case_28712163, void %imag169.i151217.case.2, i32 %mux_case_28712163, void %imag169.i151217.case.3, i32 %mux_case_28712163, void %imag169.i151217.case.4, i32 %mux_case_28712163, void %imag169.i151217.case.5, i32 %mux_case_28712163, void %imag169.i151217.case.6, i32 %mux_case_21515, void %imag169.i205.exit"   --->   Operation 1412 'phi' 'mux_case_21366' <Predicate = (icmp_ln119)> <Delay = 0.00>
ST_51 : Operation 1413 [1/1] (0.00ns)   --->   "%mux_case_31362 = phi i32 %mux_case_38672148, void %imag169.i151217.case.31771, i32 %mux_case_38672148, void %imag169.i151217.case.31765, i32 %mux_case_38672148, void %imag169.i151217.case.31759, i32 %mux_case_38672148, void %imag169.i151217.case.31753, i32 %R_imag_3, void %imag169.i151217.case.31747, i32 %mux_case_38672148, void %imag169.i151217.case.31777, i32 %mux_case_38672148, void %imag169.i151217.case.1.for.inc95.1_crit_edge, i32 %mux_case_38672148, void %imag169.i151217.case.2.for.inc95.1_crit_edge, i32 %mux_case_38672148, void %imag169.i151217.case.3.for.inc95.1_crit_edge, i32 %mux_case_38672148, void %imag169.i151217.case.4.for.inc95.1_crit_edge, i32 %mux_case_38672148, void %imag169.i151217.case.5.for.inc95.1_crit_edge, i32 %mux_case_38672148, void %imag169.i151217.case.6.for.inc95.1_crit_edge, i32 %mux_case_38672148, void %imag169.i151217.case.1, i32 %mux_case_38672148, void %imag169.i151217.case.2, i32 %mux_case_38672148, void %imag169.i151217.case.3, i32 %mux_case_38672148, void %imag169.i151217.case.4, i32 %mux_case_38672148, void %imag169.i151217.case.5, i32 %mux_case_38672148, void %imag169.i151217.case.6, i32 %mux_case_31511, void %imag169.i205.exit"   --->   Operation 1413 'phi' 'mux_case_31362' <Predicate = (icmp_ln119)> <Delay = 0.00>
ST_51 : Operation 1414 [1/1] (0.00ns)   --->   "%mux_case_21361 = phi i32 %mux_case_28662143, void %imag169.i151217.case.31771, i32 %mux_case_28662143, void %imag169.i151217.case.31765, i32 %mux_case_28662143, void %imag169.i151217.case.31759, i32 %mux_case_28662143, void %imag169.i151217.case.31753, i32 %mux_case_28662143, void %imag169.i151217.case.31747, i32 %mux_case_28662143, void %imag169.i151217.case.31777, i32 %R_imag_3, void %imag169.i151217.case.1.for.inc95.1_crit_edge, i32 %mux_case_28662143, void %imag169.i151217.case.2.for.inc95.1_crit_edge, i32 %mux_case_28662143, void %imag169.i151217.case.3.for.inc95.1_crit_edge, i32 %mux_case_28662143, void %imag169.i151217.case.4.for.inc95.1_crit_edge, i32 %mux_case_28662143, void %imag169.i151217.case.5.for.inc95.1_crit_edge, i32 %mux_case_28662143, void %imag169.i151217.case.6.for.inc95.1_crit_edge, i32 %mux_case_28662143, void %imag169.i151217.case.1, i32 %mux_case_28662143, void %imag169.i151217.case.2, i32 %mux_case_28662143, void %imag169.i151217.case.3, i32 %mux_case_28662143, void %imag169.i151217.case.4, i32 %mux_case_28662143, void %imag169.i151217.case.5, i32 %mux_case_28662143, void %imag169.i151217.case.6, i32 %mux_case_21510, void %imag169.i205.exit"   --->   Operation 1414 'phi' 'mux_case_21361' <Predicate = (icmp_ln119)> <Delay = 0.00>
ST_51 : Operation 1415 [1/1] (0.00ns)   --->   "%mux_case_31357 = phi i32 %mux_case_38622128, void %imag169.i151217.case.31771, i32 %mux_case_38622128, void %imag169.i151217.case.31765, i32 %mux_case_38622128, void %imag169.i151217.case.31759, i32 %mux_case_38622128, void %imag169.i151217.case.31753, i32 %mux_case_38622128, void %imag169.i151217.case.31747, i32 %mux_case_38622128, void %imag169.i151217.case.31777, i32 %mux_case_38622128, void %imag169.i151217.case.1.for.inc95.1_crit_edge, i32 %mux_case_38622128, void %imag169.i151217.case.2.for.inc95.1_crit_edge, i32 %mux_case_38622128, void %imag169.i151217.case.3.for.inc95.1_crit_edge, i32 %mux_case_38622128, void %imag169.i151217.case.4.for.inc95.1_crit_edge, i32 %mux_case_38622128, void %imag169.i151217.case.5.for.inc95.1_crit_edge, i32 %mux_case_38622128, void %imag169.i151217.case.6.for.inc95.1_crit_edge, i32 %mux_case_38622128, void %imag169.i151217.case.1, i32 %mux_case_38622128, void %imag169.i151217.case.2, i32 %mux_case_38622128, void %imag169.i151217.case.3, i32 %mux_case_38622128, void %imag169.i151217.case.4, i32 %mux_case_38622128, void %imag169.i151217.case.5, i32 %mux_case_38622128, void %imag169.i151217.case.6, i32 %mux_case_39221892, void %imag169.i205.exit" [top_cmplx.cpp:42->top_cmplx.cpp:146]   --->   Operation 1415 'phi' 'mux_case_31357' <Predicate = (icmp_ln119)> <Delay = 0.00>
ST_51 : Operation 1416 [1/1] (0.00ns)   --->   "%mux_case_21356 = phi i32 %mux_case_28612123, void %imag169.i151217.case.31771, i32 %mux_case_28612123, void %imag169.i151217.case.31765, i32 %mux_case_28612123, void %imag169.i151217.case.31759, i32 %mux_case_28612123, void %imag169.i151217.case.31753, i32 %mux_case_28612123, void %imag169.i151217.case.31747, i32 %mux_case_28612123, void %imag169.i151217.case.31777, i32 %mux_case_28612123, void %imag169.i151217.case.1.for.inc95.1_crit_edge, i32 %mux_case_28612123, void %imag169.i151217.case.2.for.inc95.1_crit_edge, i32 %mux_case_28612123, void %imag169.i151217.case.3.for.inc95.1_crit_edge, i32 %mux_case_28612123, void %imag169.i151217.case.4.for.inc95.1_crit_edge, i32 %mux_case_28612123, void %imag169.i151217.case.5.for.inc95.1_crit_edge, i32 %mux_case_28612123, void %imag169.i151217.case.6.for.inc95.1_crit_edge, i32 %mux_case_28612123, void %imag169.i151217.case.1, i32 %mux_case_28612123, void %imag169.i151217.case.2, i32 %mux_case_28612123, void %imag169.i151217.case.3, i32 %mux_case_28612123, void %imag169.i151217.case.4, i32 %mux_case_28612123, void %imag169.i151217.case.5, i32 %mux_case_28612123, void %imag169.i151217.case.6, i32 %mux_case_29211888, void %imag169.i205.exit" [top_cmplx.cpp:42->top_cmplx.cpp:146]   --->   Operation 1416 'phi' 'mux_case_21356' <Predicate = (icmp_ln119)> <Delay = 0.00>
ST_51 : Operation 1417 [1/1] (0.00ns)   --->   "%mux_case_31047 = phi i32 %mux_case_38572106, void %imag169.i151217.case.31771, i32 %mux_case_38572106, void %imag169.i151217.case.31765, i32 %mux_case_38572106, void %imag169.i151217.case.31759, i32 %mux_case_38572106, void %imag169.i151217.case.31753, i32 %mux_case_38572106, void %imag169.i151217.case.31747, i32 %mux_case_38572106, void %imag169.i151217.case.31777, i32 %mux_case_38572106, void %imag169.i151217.case.1.for.inc95.1_crit_edge, i32 %mux_case_38572106, void %imag169.i151217.case.2.for.inc95.1_crit_edge, i32 %mux_case_38572106, void %imag169.i151217.case.3.for.inc95.1_crit_edge, i32 %mux_case_38572106, void %imag169.i151217.case.4.for.inc95.1_crit_edge, i32 %mux_case_38572106, void %imag169.i151217.case.5.for.inc95.1_crit_edge, i32 %mux_case_38572106, void %imag169.i151217.case.6.for.inc95.1_crit_edge, i32 %mux_case_38572106, void %imag169.i151217.case.1, i32 %mux_case_38572106, void %imag169.i151217.case.2, i32 %mux_case_38572106, void %imag169.i151217.case.3, i32 %mux_case_38572106, void %imag169.i151217.case.4, i32 %mux_case_38572106, void %imag169.i151217.case.5, i32 %mux_case_38572106, void %imag169.i151217.case.6, i32 %mux_case_31082, void %imag169.i205.exit" [top_cmplx.cpp:45->top_cmplx.cpp:146]   --->   Operation 1417 'phi' 'mux_case_31047' <Predicate = (icmp_ln119)> <Delay = 0.00>
ST_51 : Operation 1418 [1/1] (0.00ns)   --->   "%mux_case_21046 = phi i32 %mux_case_28562101, void %imag169.i151217.case.31771, i32 %mux_case_28562101, void %imag169.i151217.case.31765, i32 %mux_case_28562101, void %imag169.i151217.case.31759, i32 %mux_case_28562101, void %imag169.i151217.case.31753, i32 %mux_case_28562101, void %imag169.i151217.case.31747, i32 %mux_case_28562101, void %imag169.i151217.case.31777, i32 %mux_case_28562101, void %imag169.i151217.case.1.for.inc95.1_crit_edge, i32 %mux_case_28562101, void %imag169.i151217.case.2.for.inc95.1_crit_edge, i32 %mux_case_28562101, void %imag169.i151217.case.3.for.inc95.1_crit_edge, i32 %mux_case_28562101, void %imag169.i151217.case.4.for.inc95.1_crit_edge, i32 %mux_case_28562101, void %imag169.i151217.case.5.for.inc95.1_crit_edge, i32 %mux_case_28562101, void %imag169.i151217.case.6.for.inc95.1_crit_edge, i32 %mux_case_28562101, void %imag169.i151217.case.1, i32 %mux_case_28562101, void %imag169.i151217.case.2, i32 %mux_case_28562101, void %imag169.i151217.case.3, i32 %mux_case_28562101, void %imag169.i151217.case.4, i32 %mux_case_28562101, void %imag169.i151217.case.5, i32 %mux_case_28562101, void %imag169.i151217.case.6, i32 %mux_case_21081, void %imag169.i205.exit" [top_cmplx.cpp:41->top_cmplx.cpp:146]   --->   Operation 1418 'phi' 'mux_case_21046' <Predicate = (icmp_ln119)> <Delay = 0.00>
ST_51 : Operation 1419 [1/1] (0.00ns)   --->   "%mux_case_31042 = phi i32 %mux_case_38522086, void %imag169.i151217.case.31771, i32 %mux_case_38522086, void %imag169.i151217.case.31765, i32 %mux_case_38522086, void %imag169.i151217.case.31759, i32 %mux_case_38522086, void %imag169.i151217.case.31753, i32 %mux_case_38522086, void %imag169.i151217.case.31747, i32 %mux_case_38522086, void %imag169.i151217.case.31777, i32 %mux_case_38522086, void %imag169.i151217.case.1.for.inc95.1_crit_edge, i32 %mux_case_38522086, void %imag169.i151217.case.2.for.inc95.1_crit_edge, i32 %mux_case_38522086, void %imag169.i151217.case.3.for.inc95.1_crit_edge, i32 %mux_case_38522086, void %imag169.i151217.case.4.for.inc95.1_crit_edge, i32 %mux_case_38522086, void %imag169.i151217.case.5.for.inc95.1_crit_edge, i32 %mux_case_38522086, void %imag169.i151217.case.6.for.inc95.1_crit_edge, i32 %mux_case_38522086, void %imag169.i151217.case.1, i32 %mux_case_38522086, void %imag169.i151217.case.2, i32 %mux_case_38522086, void %imag169.i151217.case.3, i32 %mux_case_38522086, void %imag169.i151217.case.4, i32 %mux_case_38522086, void %imag169.i151217.case.5, i32 %mux_case_38522086, void %imag169.i151217.case.6, i32 %mux_case_31077, void %imag169.i205.exit" [top_cmplx.cpp:41->top_cmplx.cpp:146]   --->   Operation 1419 'phi' 'mux_case_31042' <Predicate = (icmp_ln119)> <Delay = 0.00>
ST_51 : Operation 1420 [1/1] (0.00ns)   --->   "%mux_case_21041 = phi i32 %mux_case_28512081, void %imag169.i151217.case.31771, i32 %mux_case_28512081, void %imag169.i151217.case.31765, i32 %mux_case_28512081, void %imag169.i151217.case.31759, i32 %mux_case_28512081, void %imag169.i151217.case.31753, i32 %mux_case_28512081, void %imag169.i151217.case.31747, i32 %mux_case_28512081, void %imag169.i151217.case.31777, i32 %mux_case_28512081, void %imag169.i151217.case.1.for.inc95.1_crit_edge, i32 %mux_case_28512081, void %imag169.i151217.case.2.for.inc95.1_crit_edge, i32 %mux_case_28512081, void %imag169.i151217.case.3.for.inc95.1_crit_edge, i32 %mux_case_28512081, void %imag169.i151217.case.4.for.inc95.1_crit_edge, i32 %mux_case_28512081, void %imag169.i151217.case.5.for.inc95.1_crit_edge, i32 %mux_case_28512081, void %imag169.i151217.case.6.for.inc95.1_crit_edge, i32 %mux_case_28512081, void %imag169.i151217.case.1, i32 %mux_case_28512081, void %imag169.i151217.case.2, i32 %mux_case_28512081, void %imag169.i151217.case.3, i32 %mux_case_28512081, void %imag169.i151217.case.4, i32 %mux_case_28512081, void %imag169.i151217.case.5, i32 %mux_case_28512081, void %imag169.i151217.case.6, i32 %mux_case_21076, void %imag169.i205.exit" [top_cmplx.cpp:41->top_cmplx.cpp:146]   --->   Operation 1420 'phi' 'mux_case_21041' <Predicate = (icmp_ln119)> <Delay = 0.00>
ST_51 : Operation 1421 [1/1] (0.00ns)   --->   "%mux_case_31037 = phi i32 %mux_case_38472066, void %imag169.i151217.case.31771, i32 %mux_case_38472066, void %imag169.i151217.case.31765, i32 %mux_case_38472066, void %imag169.i151217.case.31759, i32 %mux_case_38472066, void %imag169.i151217.case.31753, i32 %mux_case_38472066, void %imag169.i151217.case.31747, i32 %mux_case_38472066, void %imag169.i151217.case.31777, i32 %mux_case_38472066, void %imag169.i151217.case.1.for.inc95.1_crit_edge, i32 %mux_case_38472066, void %imag169.i151217.case.2.for.inc95.1_crit_edge, i32 %mux_case_38472066, void %imag169.i151217.case.3.for.inc95.1_crit_edge, i32 %mux_case_38472066, void %imag169.i151217.case.4.for.inc95.1_crit_edge, i32 %mux_case_38472066, void %imag169.i151217.case.5.for.inc95.1_crit_edge, i32 %mux_case_38472066, void %imag169.i151217.case.6.for.inc95.1_crit_edge, i32 %mux_case_38472066, void %imag169.i151217.case.1, i32 %mux_case_38472066, void %imag169.i151217.case.2, i32 %mux_case_38472066, void %imag169.i151217.case.3, i32 %mux_case_38472066, void %imag169.i151217.case.4, i32 %mux_case_38472066, void %imag169.i151217.case.5, i32 %mux_case_38472066, void %imag169.i151217.case.6, i32 %mux_case_31072, void %imag169.i205.exit" [top_cmplx.cpp:41->top_cmplx.cpp:146]   --->   Operation 1421 'phi' 'mux_case_31037' <Predicate = (icmp_ln119)> <Delay = 0.00>
ST_51 : Operation 1422 [1/1] (0.00ns)   --->   "%mux_case_21036 = phi i32 %mux_case_28462061, void %imag169.i151217.case.31771, i32 %mux_case_28462061, void %imag169.i151217.case.31765, i32 %mux_case_28462061, void %imag169.i151217.case.31759, i32 %mux_case_28462061, void %imag169.i151217.case.31753, i32 %mux_case_28462061, void %imag169.i151217.case.31747, i32 %mux_case_28462061, void %imag169.i151217.case.31777, i32 %mux_case_28462061, void %imag169.i151217.case.1.for.inc95.1_crit_edge, i32 %mux_case_28462061, void %imag169.i151217.case.2.for.inc95.1_crit_edge, i32 %mux_case_28462061, void %imag169.i151217.case.3.for.inc95.1_crit_edge, i32 %mux_case_28462061, void %imag169.i151217.case.4.for.inc95.1_crit_edge, i32 %mux_case_28462061, void %imag169.i151217.case.5.for.inc95.1_crit_edge, i32 %mux_case_28462061, void %imag169.i151217.case.6.for.inc95.1_crit_edge, i32 %mux_case_28462061, void %imag169.i151217.case.1, i32 %mux_case_28462061, void %imag169.i151217.case.2, i32 %mux_case_28462061, void %imag169.i151217.case.3, i32 %mux_case_28462061, void %imag169.i151217.case.4, i32 %mux_case_28462061, void %imag169.i151217.case.5, i32 %mux_case_28462061, void %imag169.i151217.case.6, i32 %mux_case_21071, void %imag169.i205.exit" [top_cmplx.cpp:41->top_cmplx.cpp:146]   --->   Operation 1422 'phi' 'mux_case_21036' <Predicate = (icmp_ln119)> <Delay = 0.00>
ST_51 : Operation 1423 [1/1] (0.00ns)   --->   "%mux_case_31032 = phi i32 %mux_case_38422046, void %imag169.i151217.case.31771, i32 %mux_case_38422046, void %imag169.i151217.case.31765, i32 %mux_case_38422046, void %imag169.i151217.case.31759, i32 %mux_case_38422046, void %imag169.i151217.case.31753, i32 %mux_case_38422046, void %imag169.i151217.case.31747, i32 %mux_case_38422046, void %imag169.i151217.case.31777, i32 %mux_case_38422046, void %imag169.i151217.case.1.for.inc95.1_crit_edge, i32 %mux_case_38422046, void %imag169.i151217.case.2.for.inc95.1_crit_edge, i32 %mux_case_38422046, void %imag169.i151217.case.3.for.inc95.1_crit_edge, i32 %mux_case_38422046, void %imag169.i151217.case.4.for.inc95.1_crit_edge, i32 %mux_case_38422046, void %imag169.i151217.case.5.for.inc95.1_crit_edge, i32 %mux_case_38422046, void %imag169.i151217.case.6.for.inc95.1_crit_edge, i32 %mux_case_38422046, void %imag169.i151217.case.1, i32 %mux_case_38422046, void %imag169.i151217.case.2, i32 %mux_case_38422046, void %imag169.i151217.case.3, i32 %mux_case_38422046, void %imag169.i151217.case.4, i32 %mux_case_38422046, void %imag169.i151217.case.5, i32 %mux_case_38422046, void %imag169.i151217.case.6, i32 %mux_case_31067, void %imag169.i205.exit" [top_cmplx.cpp:41->top_cmplx.cpp:146]   --->   Operation 1423 'phi' 'mux_case_31032' <Predicate = (icmp_ln119)> <Delay = 0.00>
ST_51 : Operation 1424 [1/1] (0.00ns)   --->   "%mux_case_21031 = phi i32 %mux_case_28412041, void %imag169.i151217.case.31771, i32 %mux_case_28412041, void %imag169.i151217.case.31765, i32 %mux_case_28412041, void %imag169.i151217.case.31759, i32 %mux_case_28412041, void %imag169.i151217.case.31753, i32 %mux_case_28412041, void %imag169.i151217.case.31747, i32 %mux_case_28412041, void %imag169.i151217.case.31777, i32 %mux_case_28412041, void %imag169.i151217.case.1.for.inc95.1_crit_edge, i32 %mux_case_28412041, void %imag169.i151217.case.2.for.inc95.1_crit_edge, i32 %mux_case_28412041, void %imag169.i151217.case.3.for.inc95.1_crit_edge, i32 %mux_case_28412041, void %imag169.i151217.case.4.for.inc95.1_crit_edge, i32 %mux_case_28412041, void %imag169.i151217.case.5.for.inc95.1_crit_edge, i32 %mux_case_28412041, void %imag169.i151217.case.6.for.inc95.1_crit_edge, i32 %mux_case_28412041, void %imag169.i151217.case.1, i32 %mux_case_28412041, void %imag169.i151217.case.2, i32 %mux_case_28412041, void %imag169.i151217.case.3, i32 %mux_case_28412041, void %imag169.i151217.case.4, i32 %mux_case_28412041, void %imag169.i151217.case.5, i32 %mux_case_28412041, void %imag169.i151217.case.6, i32 %mux_case_21066, void %imag169.i205.exit" [top_cmplx.cpp:41->top_cmplx.cpp:146]   --->   Operation 1424 'phi' 'mux_case_21031' <Predicate = (icmp_ln119)> <Delay = 0.00>
ST_51 : Operation 1425 [1/1] (0.00ns)   --->   "%mux_case_31027 = phi i32 %mux_case_38372026, void %imag169.i151217.case.31771, i32 %mux_case_38372026, void %imag169.i151217.case.31765, i32 %mux_case_38372026, void %imag169.i151217.case.31759, i32 %mux_case_38372026, void %imag169.i151217.case.31753, i32 %mux_case_38372026, void %imag169.i151217.case.31747, i32 %mux_case_38372026, void %imag169.i151217.case.31777, i32 %mux_case_38372026, void %imag169.i151217.case.1.for.inc95.1_crit_edge, i32 %mux_case_38372026, void %imag169.i151217.case.2.for.inc95.1_crit_edge, i32 %mux_case_38372026, void %imag169.i151217.case.3.for.inc95.1_crit_edge, i32 %mux_case_38372026, void %imag169.i151217.case.4.for.inc95.1_crit_edge, i32 %mux_case_38372026, void %imag169.i151217.case.5.for.inc95.1_crit_edge, i32 %mux_case_38372026, void %imag169.i151217.case.6.for.inc95.1_crit_edge, i32 %mux_case_38372026, void %imag169.i151217.case.1, i32 %mux_case_38372026, void %imag169.i151217.case.2, i32 %mux_case_38372026, void %imag169.i151217.case.3, i32 %mux_case_38372026, void %imag169.i151217.case.4, i32 %mux_case_38372026, void %imag169.i151217.case.5, i32 %mux_case_38372026, void %imag169.i151217.case.6, i32 %mux_case_31062, void %imag169.i205.exit" [top_cmplx.cpp:41->top_cmplx.cpp:146]   --->   Operation 1425 'phi' 'mux_case_31027' <Predicate = (icmp_ln119)> <Delay = 0.00>
ST_51 : Operation 1426 [1/1] (0.00ns)   --->   "%mux_case_21026 = phi i32 %mux_case_28362021, void %imag169.i151217.case.31771, i32 %mux_case_28362021, void %imag169.i151217.case.31765, i32 %mux_case_28362021, void %imag169.i151217.case.31759, i32 %mux_case_28362021, void %imag169.i151217.case.31753, i32 %mux_case_28362021, void %imag169.i151217.case.31747, i32 %mux_case_28362021, void %imag169.i151217.case.31777, i32 %mux_case_28362021, void %imag169.i151217.case.1.for.inc95.1_crit_edge, i32 %mux_case_28362021, void %imag169.i151217.case.2.for.inc95.1_crit_edge, i32 %mux_case_28362021, void %imag169.i151217.case.3.for.inc95.1_crit_edge, i32 %mux_case_28362021, void %imag169.i151217.case.4.for.inc95.1_crit_edge, i32 %mux_case_28362021, void %imag169.i151217.case.5.for.inc95.1_crit_edge, i32 %mux_case_28362021, void %imag169.i151217.case.6.for.inc95.1_crit_edge, i32 %mux_case_28362021, void %imag169.i151217.case.1, i32 %mux_case_28362021, void %imag169.i151217.case.2, i32 %mux_case_28362021, void %imag169.i151217.case.3, i32 %mux_case_28362021, void %imag169.i151217.case.4, i32 %mux_case_28362021, void %imag169.i151217.case.5, i32 %mux_case_28362021, void %imag169.i151217.case.6, i32 %mux_case_21061, void %imag169.i205.exit" [top_cmplx.cpp:41->top_cmplx.cpp:146]   --->   Operation 1426 'phi' 'mux_case_21026' <Predicate = (icmp_ln119)> <Delay = 0.00>
ST_51 : Operation 1427 [1/1] (0.00ns)   --->   "%mux_case_31022 = phi i32 %mux_case_38322008, void %imag169.i151217.case.31771, i32 %mux_case_38322008, void %imag169.i151217.case.31765, i32 %mux_case_38322008, void %imag169.i151217.case.31759, i32 %mux_case_38322008, void %imag169.i151217.case.31753, i32 %mux_case_38322008, void %imag169.i151217.case.31747, i32 %mux_case_38322008, void %imag169.i151217.case.31777, i32 %mux_case_38322008, void %imag169.i151217.case.1.for.inc95.1_crit_edge, i32 %mux_case_38322008, void %imag169.i151217.case.2.for.inc95.1_crit_edge, i32 %mux_case_38322008, void %imag169.i151217.case.3.for.inc95.1_crit_edge, i32 %mux_case_38322008, void %imag169.i151217.case.4.for.inc95.1_crit_edge, i32 %mux_case_38322008, void %imag169.i151217.case.5.for.inc95.1_crit_edge, i32 %mux_case_38322008, void %imag169.i151217.case.6.for.inc95.1_crit_edge, i32 %mux_case_38322008, void %imag169.i151217.case.1, i32 %mux_case_38322008, void %imag169.i151217.case.2, i32 %mux_case_38322008, void %imag169.i151217.case.3, i32 %mux_case_38322008, void %imag169.i151217.case.4, i32 %mux_case_38322008, void %imag169.i151217.case.5, i32 %mux_case_38322008, void %imag169.i151217.case.6, i32 %mux_case_38921796, void %imag169.i205.exit" [top_cmplx.cpp:41->top_cmplx.cpp:146]   --->   Operation 1427 'phi' 'mux_case_31022' <Predicate = (icmp_ln119)> <Delay = 0.00>
ST_51 : Operation 1428 [1/1] (0.00ns)   --->   "%mux_case_21021 = phi i32 %mux_case_28312003, void %imag169.i151217.case.31771, i32 %mux_case_28312003, void %imag169.i151217.case.31765, i32 %mux_case_28312003, void %imag169.i151217.case.31759, i32 %mux_case_28312003, void %imag169.i151217.case.31753, i32 %mux_case_28312003, void %imag169.i151217.case.31747, i32 %mux_case_28312003, void %imag169.i151217.case.31777, i32 %mux_case_28312003, void %imag169.i151217.case.1.for.inc95.1_crit_edge, i32 %mux_case_28312003, void %imag169.i151217.case.2.for.inc95.1_crit_edge, i32 %mux_case_28312003, void %imag169.i151217.case.3.for.inc95.1_crit_edge, i32 %mux_case_28312003, void %imag169.i151217.case.4.for.inc95.1_crit_edge, i32 %mux_case_28312003, void %imag169.i151217.case.5.for.inc95.1_crit_edge, i32 %mux_case_28312003, void %imag169.i151217.case.6.for.inc95.1_crit_edge, i32 %mux_case_28312003, void %imag169.i151217.case.1, i32 %mux_case_28312003, void %imag169.i151217.case.2, i32 %mux_case_28312003, void %imag169.i151217.case.3, i32 %mux_case_28312003, void %imag169.i151217.case.4, i32 %mux_case_28312003, void %imag169.i151217.case.5, i32 %mux_case_28312003, void %imag169.i151217.case.6, i32 %mux_case_28911792, void %imag169.i205.exit" [top_cmplx.cpp:41->top_cmplx.cpp:146]   --->   Operation 1428 'phi' 'mux_case_21021' <Predicate = (icmp_ln119)> <Delay = 0.00>
ST_51 : Operation 1429 [1/1] (0.47ns)   --->   "%br_ln144 = br i1 %tmp_15, void %if.then92.2_ifconv, void %for.inc95.2" [top_cmplx.cpp:144]   --->   Operation 1429 'br' 'br_ln144' <Predicate = (icmp_ln119)> <Delay = 0.47>
ST_51 : Operation 1430 [1/1] (0.44ns)   --->   "%select_ln34 = select i1 %icmp_ln34, i32 %mux_case_31022, i32 %mux_case_21021" [top_cmplx.cpp:34->top_cmplx.cpp:146]   --->   Operation 1430 'select' 'select_ln34' <Predicate = (icmp_ln119 & i_1 == 1 & !tmp_15)> <Delay = 0.44> <CoreInst = "Sel">   --->   Core 73 'Sel' <Latency = 0> <II = 1> <Delay = 0.44> <FuncUnit> <Opcode : 'select'> <InPorts = 3> <OutPorts = 1>
ST_51 : Operation 1431 [1/1] (0.44ns)   --->   "%select_ln34_1 = select i1 %icmp_ln34, i32 %mux_case_31027, i32 %mux_case_21026" [top_cmplx.cpp:34->top_cmplx.cpp:146]   --->   Operation 1431 'select' 'select_ln34_1' <Predicate = (icmp_ln119 & !tmp_15)> <Delay = 0.44> <CoreInst = "Sel">   --->   Core 73 'Sel' <Latency = 0> <II = 1> <Delay = 0.44> <FuncUnit> <Opcode : 'select'> <InPorts = 3> <OutPorts = 1>
ST_51 : Operation 1432 [1/1] (0.44ns)   --->   "%select_ln34_2 = select i1 %icmp_ln34, i32 %mux_case_31032, i32 %mux_case_21031" [top_cmplx.cpp:34->top_cmplx.cpp:146]   --->   Operation 1432 'select' 'select_ln34_2' <Predicate = (icmp_ln119 & !tmp_15)> <Delay = 0.44> <CoreInst = "Sel">   --->   Core 73 'Sel' <Latency = 0> <II = 1> <Delay = 0.44> <FuncUnit> <Opcode : 'select'> <InPorts = 3> <OutPorts = 1>
ST_51 : Operation 1433 [1/1] (0.44ns)   --->   "%select_ln34_3 = select i1 %icmp_ln34, i32 %mux_case_31037, i32 %mux_case_21036" [top_cmplx.cpp:34->top_cmplx.cpp:146]   --->   Operation 1433 'select' 'select_ln34_3' <Predicate = (icmp_ln119 & !tmp_15)> <Delay = 0.44> <CoreInst = "Sel">   --->   Core 73 'Sel' <Latency = 0> <II = 1> <Delay = 0.44> <FuncUnit> <Opcode : 'select'> <InPorts = 3> <OutPorts = 1>
ST_51 : Operation 1434 [1/1] (0.44ns)   --->   "%select_ln34_4 = select i1 %icmp_ln34, i32 %mux_case_31042, i32 %mux_case_21041" [top_cmplx.cpp:34->top_cmplx.cpp:146]   --->   Operation 1434 'select' 'select_ln34_4' <Predicate = (icmp_ln119 & !tmp_15)> <Delay = 0.44> <CoreInst = "Sel">   --->   Core 73 'Sel' <Latency = 0> <II = 1> <Delay = 0.44> <FuncUnit> <Opcode : 'select'> <InPorts = 3> <OutPorts = 1>
ST_51 : Operation 1435 [1/1] (0.44ns)   --->   "%select_ln34_5 = select i1 %icmp_ln34, i32 %mux_case_31047, i32 %mux_case_21046" [top_cmplx.cpp:34->top_cmplx.cpp:146]   --->   Operation 1435 'select' 'select_ln34_5' <Predicate = (icmp_ln119 & !tmp_15)> <Delay = 0.44> <CoreInst = "Sel">   --->   Core 73 'Sel' <Latency = 0> <II = 1> <Delay = 0.44> <FuncUnit> <Opcode : 'select'> <InPorts = 3> <OutPorts = 1>
ST_51 : Operation 1436 [1/1] (0.62ns)   --->   "%ai_r_2 = sparsemux i32 @_ssdm_op_SparseMux.ap_auto.6f32.f32.i3, i3 1, i32 %select_ln34, i3 2, i32 %select_ln34_1, i3 3, i32 %select_ln34_2, i3 4, i32 %select_ln34_3, i3 5, i32 %select_ln34_4, i3 6, i32 %select_ln34_5, i32 <undef>, i3 %i_1" [top_cmplx.cpp:34->top_cmplx.cpp:146]   --->   Operation 1436 'sparsemux' 'ai_r_2' <Predicate = (icmp_ln119 & !tmp_15)> <Delay = 0.62> <CoreInst = "SparseMux">   --->   Core 147 'SparseMux' <Latency = 0> <II = 1> <Delay = 0.62> <FuncUnit> <Opcode : 'sparsemux'> <InPorts = 2> <OutPorts = 1>
ST_51 : Operation 1437 [1/1] (0.44ns)   --->   "%select_ln35 = select i1 %icmp_ln34, i32 %mux_case_31357, i32 %mux_case_21356" [top_cmplx.cpp:35->top_cmplx.cpp:146]   --->   Operation 1437 'select' 'select_ln35' <Predicate = (icmp_ln119 & i_1 == 1 & !tmp_15)> <Delay = 0.44> <CoreInst = "Sel">   --->   Core 73 'Sel' <Latency = 0> <II = 1> <Delay = 0.44> <FuncUnit> <Opcode : 'select'> <InPorts = 3> <OutPorts = 1>
ST_51 : Operation 1438 [1/1] (0.44ns)   --->   "%select_ln35_1 = select i1 %icmp_ln34, i32 %mux_case_31362, i32 %mux_case_21361" [top_cmplx.cpp:35->top_cmplx.cpp:146]   --->   Operation 1438 'select' 'select_ln35_1' <Predicate = (icmp_ln119 & !tmp_15)> <Delay = 0.44> <CoreInst = "Sel">   --->   Core 73 'Sel' <Latency = 0> <II = 1> <Delay = 0.44> <FuncUnit> <Opcode : 'select'> <InPorts = 3> <OutPorts = 1>
ST_51 : Operation 1439 [1/1] (0.44ns)   --->   "%select_ln35_2 = select i1 %icmp_ln34, i32 %mux_case_31367, i32 %mux_case_21366" [top_cmplx.cpp:35->top_cmplx.cpp:146]   --->   Operation 1439 'select' 'select_ln35_2' <Predicate = (icmp_ln119 & !tmp_15)> <Delay = 0.44> <CoreInst = "Sel">   --->   Core 73 'Sel' <Latency = 0> <II = 1> <Delay = 0.44> <FuncUnit> <Opcode : 'select'> <InPorts = 3> <OutPorts = 1>
ST_51 : Operation 1440 [1/1] (0.44ns)   --->   "%select_ln35_3 = select i1 %icmp_ln34, i32 %mux_case_31372, i32 %mux_case_21371" [top_cmplx.cpp:35->top_cmplx.cpp:146]   --->   Operation 1440 'select' 'select_ln35_3' <Predicate = (icmp_ln119 & !tmp_15)> <Delay = 0.44> <CoreInst = "Sel">   --->   Core 73 'Sel' <Latency = 0> <II = 1> <Delay = 0.44> <FuncUnit> <Opcode : 'select'> <InPorts = 3> <OutPorts = 1>
ST_51 : Operation 1441 [1/1] (0.44ns)   --->   "%select_ln35_4 = select i1 %icmp_ln34, i32 %mux_case_31377, i32 %mux_case_21376" [top_cmplx.cpp:35->top_cmplx.cpp:146]   --->   Operation 1441 'select' 'select_ln35_4' <Predicate = (icmp_ln119 & !tmp_15)> <Delay = 0.44> <CoreInst = "Sel">   --->   Core 73 'Sel' <Latency = 0> <II = 1> <Delay = 0.44> <FuncUnit> <Opcode : 'select'> <InPorts = 3> <OutPorts = 1>
ST_51 : Operation 1442 [1/1] (0.44ns)   --->   "%select_ln35_5 = select i1 %icmp_ln34, i32 %mux_case_31382, i32 %mux_case_21381" [top_cmplx.cpp:35->top_cmplx.cpp:146]   --->   Operation 1442 'select' 'select_ln35_5' <Predicate = (icmp_ln119 & !tmp_15)> <Delay = 0.44> <CoreInst = "Sel">   --->   Core 73 'Sel' <Latency = 0> <II = 1> <Delay = 0.44> <FuncUnit> <Opcode : 'select'> <InPorts = 3> <OutPorts = 1>
ST_51 : Operation 1443 [1/1] (0.62ns)   --->   "%ai_i_2 = sparsemux i32 @_ssdm_op_SparseMux.ap_auto.6f32.f32.i3, i3 1, i32 %select_ln35, i3 2, i32 %select_ln35_1, i3 3, i32 %select_ln35_2, i3 4, i32 %select_ln35_3, i3 5, i32 %select_ln35_4, i3 6, i32 %select_ln35_5, i32 <undef>, i3 %i_1" [top_cmplx.cpp:35->top_cmplx.cpp:146]   --->   Operation 1443 'sparsemux' 'ai_i_2' <Predicate = (icmp_ln119 & !tmp_15)> <Delay = 0.62> <CoreInst = "SparseMux">   --->   Core 147 'SparseMux' <Latency = 0> <II = 1> <Delay = 0.62> <FuncUnit> <Opcode : 'sparsemux'> <InPorts = 2> <OutPorts = 1>
ST_51 : Operation 1444 [1/1] (0.44ns)   --->   "%select_ln37 = select i1 %icmp_ln34, i32 %mux_case_31052, i32 %mux_case_21051" [top_cmplx.cpp:37->top_cmplx.cpp:146]   --->   Operation 1444 'select' 'select_ln37' <Predicate = (icmp_ln119 & !tmp_15 & i_1 == 6)> <Delay = 0.44> <CoreInst = "Sel">   --->   Core 73 'Sel' <Latency = 0> <II = 1> <Delay = 0.44> <FuncUnit> <Opcode : 'select'> <InPorts = 3> <OutPorts = 1>
ST_51 : Operation 1445 [1/1] (0.62ns)   --->   "%aj_r_2 = sparsemux i32 @_ssdm_op_SparseMux.ap_auto.6float.float.i3, i3 1, i32 %select_ln34_1, i3 2, i32 %select_ln34_2, i3 3, i32 %select_ln34_3, i3 4, i32 %select_ln34_4, i3 5, i32 %select_ln34_5, i3 6, i32 %select_ln37, i32 <undef>, i3 %i_1" [top_cmplx.cpp:37->top_cmplx.cpp:146]   --->   Operation 1445 'sparsemux' 'aj_r_2' <Predicate = (icmp_ln119 & !tmp_15)> <Delay = 0.62> <CoreInst = "SparseMux">   --->   Core 147 'SparseMux' <Latency = 0> <II = 1> <Delay = 0.62> <FuncUnit> <Opcode : 'sparsemux'> <InPorts = 2> <OutPorts = 1>
ST_51 : Operation 1446 [1/1] (0.44ns)   --->   "%select_ln38 = select i1 %icmp_ln34, i32 %mux_case_31387, i32 %mux_case_21386" [top_cmplx.cpp:38->top_cmplx.cpp:146]   --->   Operation 1446 'select' 'select_ln38' <Predicate = (icmp_ln119 & !tmp_15 & i_1 == 6)> <Delay = 0.44> <CoreInst = "Sel">   --->   Core 73 'Sel' <Latency = 0> <II = 1> <Delay = 0.44> <FuncUnit> <Opcode : 'select'> <InPorts = 3> <OutPorts = 1>
ST_51 : Operation 1447 [1/1] (0.62ns)   --->   "%aj_i_2 = sparsemux i32 @_ssdm_op_SparseMux.ap_auto.6float.float.i3, i3 1, i32 %select_ln35_1, i3 2, i32 %select_ln35_2, i3 3, i32 %select_ln35_3, i3 4, i32 %select_ln35_4, i3 5, i32 %select_ln35_5, i3 6, i32 %select_ln38, i32 <undef>, i3 %i_1" [top_cmplx.cpp:38->top_cmplx.cpp:146]   --->   Operation 1447 'sparsemux' 'aj_i_2' <Predicate = (icmp_ln119 & !tmp_15)> <Delay = 0.62> <CoreInst = "SparseMux">   --->   Core 147 'SparseMux' <Latency = 0> <II = 1> <Delay = 0.62> <FuncUnit> <Opcode : 'sparsemux'> <InPorts = 2> <OutPorts = 1>

State 52 <SV = 51> <Delay = 8.41>
ST_52 : Operation 1448 [1/1] (0.00ns)   --->   "%mux_case_11385 = phi i32 %mux_case_11534, void %imag169.i151217.case.31771, i32 %mux_case_11534, void %imag169.i151217.case.31765, i32 %mux_case_11534, void %imag169.i151217.case.31759, i32 %mux_case_11534, void %imag169.i151217.case.31753, i32 %mux_case_11534, void %imag169.i151217.case.31747, i32 %mux_case_11534, void %imag169.i151217.case.31777, i32 %mux_case_11534, void %imag169.i151217.case.1.for.inc95.1_crit_edge, i32 %mux_case_11534, void %imag169.i151217.case.2.for.inc95.1_crit_edge, i32 %mux_case_11534, void %imag169.i151217.case.3.for.inc95.1_crit_edge, i32 %mux_case_11534, void %imag169.i151217.case.4.for.inc95.1_crit_edge, i32 %mux_case_11534, void %imag169.i151217.case.5.for.inc95.1_crit_edge, i32 %mux_case_11534, void %imag169.i151217.case.6.for.inc95.1_crit_edge, i32 %mux_case_11534, void %imag169.i151217.case.1, i32 %mux_case_11534, void %imag169.i151217.case.2, i32 %mux_case_11534, void %imag169.i151217.case.3, i32 %mux_case_11534, void %imag169.i151217.case.4, i32 %mux_case_11534, void %imag169.i151217.case.5, i32 %R_imag_3, void %imag169.i151217.case.6, i32 %mux_case_11534, void %imag169.i205.exit"   --->   Operation 1448 'phi' 'mux_case_11385' <Predicate = (icmp_ln119)> <Delay = 0.00>
ST_52 : Operation 1449 [1/1] (0.00ns)   --->   "%mux_case_11050 = phi i32 %mux_case_110502234, void %imag169.i151217.case.31771, i32 %mux_case_110502234, void %imag169.i151217.case.31765, i32 %mux_case_110502234, void %imag169.i151217.case.31759, i32 %mux_case_110502234, void %imag169.i151217.case.31753, i32 %mux_case_110502234, void %imag169.i151217.case.31747, i32 %mux_case_110502234, void %imag169.i151217.case.31777, i32 %mux_case_110502234, void %imag169.i151217.case.1.for.inc95.1_crit_edge, i32 %mux_case_110502234, void %imag169.i151217.case.2.for.inc95.1_crit_edge, i32 %mux_case_110502234, void %imag169.i151217.case.3.for.inc95.1_crit_edge, i32 %mux_case_110502234, void %imag169.i151217.case.4.for.inc95.1_crit_edge, i32 %mux_case_110502234, void %imag169.i151217.case.5.for.inc95.1_crit_edge, i32 %mux_case_110502234, void %imag169.i151217.case.6.for.inc95.1_crit_edge, i32 %mux_case_110502234, void %imag169.i151217.case.1, i32 %mux_case_110502234, void %imag169.i151217.case.2, i32 %mux_case_110502234, void %imag169.i151217.case.3, i32 %mux_case_110502234, void %imag169.i151217.case.4, i32 %mux_case_110502234, void %imag169.i151217.case.5, i32 %mux_case_110502234, void %imag169.i151217.case.6, i32 %mux_case_11085, void %imag169.i205.exit" [top_cmplx.cpp:45->top_cmplx.cpp:146]   --->   Operation 1449 'phi' 'mux_case_11050' <Predicate = (icmp_ln119)> <Delay = 0.00>
ST_52 : Operation 1450 [1/1] (0.00ns)   --->   "%mux_case_11380 = phi i32 %mux_case_18852218, void %imag169.i151217.case.31771, i32 %mux_case_18852218, void %imag169.i151217.case.31765, i32 %mux_case_18852218, void %imag169.i151217.case.31759, i32 %mux_case_18852218, void %imag169.i151217.case.31753, i32 %mux_case_18852218, void %imag169.i151217.case.31747, i32 %mux_case_18852218, void %imag169.i151217.case.31777, i32 %mux_case_18852218, void %imag169.i151217.case.1.for.inc95.1_crit_edge, i32 %mux_case_18852218, void %imag169.i151217.case.2.for.inc95.1_crit_edge, i32 %mux_case_18852218, void %imag169.i151217.case.3.for.inc95.1_crit_edge, i32 %mux_case_18852218, void %imag169.i151217.case.4.for.inc95.1_crit_edge, i32 %mux_case_18852218, void %imag169.i151217.case.5.for.inc95.1_crit_edge, i32 %mux_case_18852218, void %imag169.i151217.case.6.for.inc95.1_crit_edge, i32 %mux_case_18852218, void %imag169.i151217.case.1, i32 %mux_case_18852218, void %imag169.i151217.case.2, i32 %mux_case_18852218, void %imag169.i151217.case.3, i32 %mux_case_18852218, void %imag169.i151217.case.4, i32 %R_imag_3, void %imag169.i151217.case.5, i32 %mux_case_18852218, void %imag169.i151217.case.6, i32 %mux_case_11529, void %imag169.i205.exit"   --->   Operation 1450 'phi' 'mux_case_11380' <Predicate = (icmp_ln119)> <Delay = 0.00>
ST_52 : Operation 1451 [1/1] (0.00ns)   --->   "%mux_case_11375 = phi i32 %mux_case_18802198, void %imag169.i151217.case.31771, i32 %mux_case_18802198, void %imag169.i151217.case.31765, i32 %mux_case_18802198, void %imag169.i151217.case.31759, i32 %mux_case_18802198, void %imag169.i151217.case.31753, i32 %mux_case_18802198, void %imag169.i151217.case.31747, i32 %mux_case_18802198, void %imag169.i151217.case.31777, i32 %mux_case_18802198, void %imag169.i151217.case.1.for.inc95.1_crit_edge, i32 %mux_case_18802198, void %imag169.i151217.case.2.for.inc95.1_crit_edge, i32 %mux_case_18802198, void %imag169.i151217.case.3.for.inc95.1_crit_edge, i32 %mux_case_18802198, void %imag169.i151217.case.4.for.inc95.1_crit_edge, i32 %mux_case_18802198, void %imag169.i151217.case.5.for.inc95.1_crit_edge, i32 %mux_case_18802198, void %imag169.i151217.case.6.for.inc95.1_crit_edge, i32 %mux_case_18802198, void %imag169.i151217.case.1, i32 %mux_case_18802198, void %imag169.i151217.case.2, i32 %mux_case_18802198, void %imag169.i151217.case.3, i32 %R_imag_3, void %imag169.i151217.case.4, i32 %mux_case_18802198, void %imag169.i151217.case.5, i32 %mux_case_18802198, void %imag169.i151217.case.6, i32 %mux_case_11524, void %imag169.i205.exit"   --->   Operation 1451 'phi' 'mux_case_11375' <Predicate = (icmp_ln119)> <Delay = 0.00>
ST_52 : Operation 1452 [1/1] (0.00ns)   --->   "%mux_case_11370 = phi i32 %mux_case_18752178, void %imag169.i151217.case.31771, i32 %mux_case_18752178, void %imag169.i151217.case.31765, i32 %mux_case_18752178, void %imag169.i151217.case.31759, i32 %mux_case_18752178, void %imag169.i151217.case.31753, i32 %mux_case_18752178, void %imag169.i151217.case.31747, i32 %mux_case_18752178, void %imag169.i151217.case.31777, i32 %mux_case_18752178, void %imag169.i151217.case.1.for.inc95.1_crit_edge, i32 %mux_case_18752178, void %imag169.i151217.case.2.for.inc95.1_crit_edge, i32 %mux_case_18752178, void %imag169.i151217.case.3.for.inc95.1_crit_edge, i32 %mux_case_18752178, void %imag169.i151217.case.4.for.inc95.1_crit_edge, i32 %mux_case_18752178, void %imag169.i151217.case.5.for.inc95.1_crit_edge, i32 %mux_case_18752178, void %imag169.i151217.case.6.for.inc95.1_crit_edge, i32 %mux_case_18752178, void %imag169.i151217.case.1, i32 %mux_case_18752178, void %imag169.i151217.case.2, i32 %R_imag_3, void %imag169.i151217.case.3, i32 %mux_case_18752178, void %imag169.i151217.case.4, i32 %mux_case_18752178, void %imag169.i151217.case.5, i32 %mux_case_18752178, void %imag169.i151217.case.6, i32 %mux_case_11519, void %imag169.i205.exit"   --->   Operation 1452 'phi' 'mux_case_11370' <Predicate = (icmp_ln119)> <Delay = 0.00>
ST_52 : Operation 1453 [1/1] (0.00ns)   --->   "%mux_case_11365 = phi i32 %mux_case_18702158, void %imag169.i151217.case.31771, i32 %mux_case_18702158, void %imag169.i151217.case.31765, i32 %mux_case_18702158, void %imag169.i151217.case.31759, i32 %mux_case_18702158, void %imag169.i151217.case.31753, i32 %mux_case_18702158, void %imag169.i151217.case.31747, i32 %mux_case_18702158, void %imag169.i151217.case.31777, i32 %mux_case_18702158, void %imag169.i151217.case.1.for.inc95.1_crit_edge, i32 %mux_case_18702158, void %imag169.i151217.case.2.for.inc95.1_crit_edge, i32 %mux_case_18702158, void %imag169.i151217.case.3.for.inc95.1_crit_edge, i32 %mux_case_18702158, void %imag169.i151217.case.4.for.inc95.1_crit_edge, i32 %mux_case_18702158, void %imag169.i151217.case.5.for.inc95.1_crit_edge, i32 %mux_case_18702158, void %imag169.i151217.case.6.for.inc95.1_crit_edge, i32 %mux_case_18702158, void %imag169.i151217.case.1, i32 %R_imag_3, void %imag169.i151217.case.2, i32 %mux_case_18702158, void %imag169.i151217.case.3, i32 %mux_case_18702158, void %imag169.i151217.case.4, i32 %mux_case_18702158, void %imag169.i151217.case.5, i32 %mux_case_18702158, void %imag169.i151217.case.6, i32 %mux_case_11514, void %imag169.i205.exit"   --->   Operation 1453 'phi' 'mux_case_11365' <Predicate = (icmp_ln119)> <Delay = 0.00>
ST_52 : Operation 1454 [1/1] (0.00ns)   --->   "%mux_case_11360 = phi i32 %mux_case_18652138, void %imag169.i151217.case.31771, i32 %mux_case_18652138, void %imag169.i151217.case.31765, i32 %mux_case_18652138, void %imag169.i151217.case.31759, i32 %mux_case_18652138, void %imag169.i151217.case.31753, i32 %mux_case_18652138, void %imag169.i151217.case.31747, i32 %mux_case_18652138, void %imag169.i151217.case.31777, i32 %mux_case_18652138, void %imag169.i151217.case.1.for.inc95.1_crit_edge, i32 %mux_case_18652138, void %imag169.i151217.case.2.for.inc95.1_crit_edge, i32 %mux_case_18652138, void %imag169.i151217.case.3.for.inc95.1_crit_edge, i32 %mux_case_18652138, void %imag169.i151217.case.4.for.inc95.1_crit_edge, i32 %mux_case_18652138, void %imag169.i151217.case.5.for.inc95.1_crit_edge, i32 %mux_case_18652138, void %imag169.i151217.case.6.for.inc95.1_crit_edge, i32 %R_imag_3, void %imag169.i151217.case.1, i32 %mux_case_18652138, void %imag169.i151217.case.2, i32 %mux_case_18652138, void %imag169.i151217.case.3, i32 %mux_case_18652138, void %imag169.i151217.case.4, i32 %mux_case_18652138, void %imag169.i151217.case.5, i32 %mux_case_18652138, void %imag169.i151217.case.6, i32 %mux_case_11509, void %imag169.i205.exit"   --->   Operation 1454 'phi' 'mux_case_11360' <Predicate = (icmp_ln119)> <Delay = 0.00>
ST_52 : Operation 1455 [1/1] (0.00ns)   --->   "%mux_case_11355 = phi i32 %mux_case_18602118, void %imag169.i151217.case.31771, i32 %mux_case_18602118, void %imag169.i151217.case.31765, i32 %mux_case_18602118, void %imag169.i151217.case.31759, i32 %mux_case_18602118, void %imag169.i151217.case.31753, i32 %mux_case_18602118, void %imag169.i151217.case.31747, i32 %mux_case_18602118, void %imag169.i151217.case.31777, i32 %mux_case_18602118, void %imag169.i151217.case.1.for.inc95.1_crit_edge, i32 %mux_case_18602118, void %imag169.i151217.case.2.for.inc95.1_crit_edge, i32 %mux_case_18602118, void %imag169.i151217.case.3.for.inc95.1_crit_edge, i32 %mux_case_18602118, void %imag169.i151217.case.4.for.inc95.1_crit_edge, i32 %mux_case_18602118, void %imag169.i151217.case.5.for.inc95.1_crit_edge, i32 %mux_case_18602118, void %imag169.i151217.case.6.for.inc95.1_crit_edge, i32 %mux_case_18602118, void %imag169.i151217.case.1, i32 %mux_case_18602118, void %imag169.i151217.case.2, i32 %mux_case_18602118, void %imag169.i151217.case.3, i32 %mux_case_18602118, void %imag169.i151217.case.4, i32 %mux_case_18602118, void %imag169.i151217.case.5, i32 %mux_case_18602118, void %imag169.i151217.case.6, i32 %mux_case_19201884, void %imag169.i205.exit" [top_cmplx.cpp:42->top_cmplx.cpp:146]   --->   Operation 1455 'phi' 'mux_case_11355' <Predicate = (icmp_ln119)> <Delay = 0.00>
ST_52 : Operation 1456 [1/1] (0.00ns)   --->   "%mux_case_11045 = phi i32 %mux_case_18552096, void %imag169.i151217.case.31771, i32 %mux_case_18552096, void %imag169.i151217.case.31765, i32 %mux_case_18552096, void %imag169.i151217.case.31759, i32 %mux_case_18552096, void %imag169.i151217.case.31753, i32 %mux_case_18552096, void %imag169.i151217.case.31747, i32 %mux_case_18552096, void %imag169.i151217.case.31777, i32 %mux_case_18552096, void %imag169.i151217.case.1.for.inc95.1_crit_edge, i32 %mux_case_18552096, void %imag169.i151217.case.2.for.inc95.1_crit_edge, i32 %mux_case_18552096, void %imag169.i151217.case.3.for.inc95.1_crit_edge, i32 %mux_case_18552096, void %imag169.i151217.case.4.for.inc95.1_crit_edge, i32 %mux_case_18552096, void %imag169.i151217.case.5.for.inc95.1_crit_edge, i32 %mux_case_18552096, void %imag169.i151217.case.6.for.inc95.1_crit_edge, i32 %mux_case_18552096, void %imag169.i151217.case.1, i32 %mux_case_18552096, void %imag169.i151217.case.2, i32 %mux_case_18552096, void %imag169.i151217.case.3, i32 %mux_case_18552096, void %imag169.i151217.case.4, i32 %mux_case_18552096, void %imag169.i151217.case.5, i32 %mux_case_18552096, void %imag169.i151217.case.6, i32 %mux_case_11080, void %imag169.i205.exit" [top_cmplx.cpp:41->top_cmplx.cpp:146]   --->   Operation 1456 'phi' 'mux_case_11045' <Predicate = (icmp_ln119)> <Delay = 0.00>
ST_52 : Operation 1457 [1/1] (0.00ns)   --->   "%mux_case_11040 = phi i32 %mux_case_18502076, void %imag169.i151217.case.31771, i32 %mux_case_18502076, void %imag169.i151217.case.31765, i32 %mux_case_18502076, void %imag169.i151217.case.31759, i32 %mux_case_18502076, void %imag169.i151217.case.31753, i32 %mux_case_18502076, void %imag169.i151217.case.31747, i32 %mux_case_18502076, void %imag169.i151217.case.31777, i32 %mux_case_18502076, void %imag169.i151217.case.1.for.inc95.1_crit_edge, i32 %mux_case_18502076, void %imag169.i151217.case.2.for.inc95.1_crit_edge, i32 %mux_case_18502076, void %imag169.i151217.case.3.for.inc95.1_crit_edge, i32 %mux_case_18502076, void %imag169.i151217.case.4.for.inc95.1_crit_edge, i32 %mux_case_18502076, void %imag169.i151217.case.5.for.inc95.1_crit_edge, i32 %mux_case_18502076, void %imag169.i151217.case.6.for.inc95.1_crit_edge, i32 %mux_case_18502076, void %imag169.i151217.case.1, i32 %mux_case_18502076, void %imag169.i151217.case.2, i32 %mux_case_18502076, void %imag169.i151217.case.3, i32 %mux_case_18502076, void %imag169.i151217.case.4, i32 %mux_case_18502076, void %imag169.i151217.case.5, i32 %mux_case_18502076, void %imag169.i151217.case.6, i32 %mux_case_11075, void %imag169.i205.exit" [top_cmplx.cpp:41->top_cmplx.cpp:146]   --->   Operation 1457 'phi' 'mux_case_11040' <Predicate = (icmp_ln119)> <Delay = 0.00>
ST_52 : Operation 1458 [1/1] (0.00ns)   --->   "%mux_case_11035 = phi i32 %mux_case_18452056, void %imag169.i151217.case.31771, i32 %mux_case_18452056, void %imag169.i151217.case.31765, i32 %mux_case_18452056, void %imag169.i151217.case.31759, i32 %mux_case_18452056, void %imag169.i151217.case.31753, i32 %mux_case_18452056, void %imag169.i151217.case.31747, i32 %mux_case_18452056, void %imag169.i151217.case.31777, i32 %mux_case_18452056, void %imag169.i151217.case.1.for.inc95.1_crit_edge, i32 %mux_case_18452056, void %imag169.i151217.case.2.for.inc95.1_crit_edge, i32 %mux_case_18452056, void %imag169.i151217.case.3.for.inc95.1_crit_edge, i32 %mux_case_18452056, void %imag169.i151217.case.4.for.inc95.1_crit_edge, i32 %mux_case_18452056, void %imag169.i151217.case.5.for.inc95.1_crit_edge, i32 %mux_case_18452056, void %imag169.i151217.case.6.for.inc95.1_crit_edge, i32 %mux_case_18452056, void %imag169.i151217.case.1, i32 %mux_case_18452056, void %imag169.i151217.case.2, i32 %mux_case_18452056, void %imag169.i151217.case.3, i32 %mux_case_18452056, void %imag169.i151217.case.4, i32 %mux_case_18452056, void %imag169.i151217.case.5, i32 %mux_case_18452056, void %imag169.i151217.case.6, i32 %mux_case_11070, void %imag169.i205.exit" [top_cmplx.cpp:41->top_cmplx.cpp:146]   --->   Operation 1458 'phi' 'mux_case_11035' <Predicate = (icmp_ln119)> <Delay = 0.00>
ST_52 : Operation 1459 [1/1] (0.00ns)   --->   "%mux_case_11030 = phi i32 %mux_case_18402036, void %imag169.i151217.case.31771, i32 %mux_case_18402036, void %imag169.i151217.case.31765, i32 %mux_case_18402036, void %imag169.i151217.case.31759, i32 %mux_case_18402036, void %imag169.i151217.case.31753, i32 %mux_case_18402036, void %imag169.i151217.case.31747, i32 %mux_case_18402036, void %imag169.i151217.case.31777, i32 %mux_case_18402036, void %imag169.i151217.case.1.for.inc95.1_crit_edge, i32 %mux_case_18402036, void %imag169.i151217.case.2.for.inc95.1_crit_edge, i32 %mux_case_18402036, void %imag169.i151217.case.3.for.inc95.1_crit_edge, i32 %mux_case_18402036, void %imag169.i151217.case.4.for.inc95.1_crit_edge, i32 %mux_case_18402036, void %imag169.i151217.case.5.for.inc95.1_crit_edge, i32 %mux_case_18402036, void %imag169.i151217.case.6.for.inc95.1_crit_edge, i32 %mux_case_18402036, void %imag169.i151217.case.1, i32 %mux_case_18402036, void %imag169.i151217.case.2, i32 %mux_case_18402036, void %imag169.i151217.case.3, i32 %mux_case_18402036, void %imag169.i151217.case.4, i32 %mux_case_18402036, void %imag169.i151217.case.5, i32 %mux_case_18402036, void %imag169.i151217.case.6, i32 %mux_case_11065, void %imag169.i205.exit" [top_cmplx.cpp:41->top_cmplx.cpp:146]   --->   Operation 1459 'phi' 'mux_case_11030' <Predicate = (icmp_ln119)> <Delay = 0.00>
ST_52 : Operation 1460 [1/1] (0.00ns)   --->   "%mux_case_11025 = phi i32 %mux_case_18352016, void %imag169.i151217.case.31771, i32 %mux_case_18352016, void %imag169.i151217.case.31765, i32 %mux_case_18352016, void %imag169.i151217.case.31759, i32 %mux_case_18352016, void %imag169.i151217.case.31753, i32 %mux_case_18352016, void %imag169.i151217.case.31747, i32 %mux_case_18352016, void %imag169.i151217.case.31777, i32 %mux_case_18352016, void %imag169.i151217.case.1.for.inc95.1_crit_edge, i32 %mux_case_18352016, void %imag169.i151217.case.2.for.inc95.1_crit_edge, i32 %mux_case_18352016, void %imag169.i151217.case.3.for.inc95.1_crit_edge, i32 %mux_case_18352016, void %imag169.i151217.case.4.for.inc95.1_crit_edge, i32 %mux_case_18352016, void %imag169.i151217.case.5.for.inc95.1_crit_edge, i32 %mux_case_18352016, void %imag169.i151217.case.6.for.inc95.1_crit_edge, i32 %mux_case_18352016, void %imag169.i151217.case.1, i32 %mux_case_18352016, void %imag169.i151217.case.2, i32 %mux_case_18352016, void %imag169.i151217.case.3, i32 %mux_case_18352016, void %imag169.i151217.case.4, i32 %mux_case_18352016, void %imag169.i151217.case.5, i32 %mux_case_18352016, void %imag169.i151217.case.6, i32 %mux_case_11060, void %imag169.i205.exit" [top_cmplx.cpp:41->top_cmplx.cpp:146]   --->   Operation 1460 'phi' 'mux_case_11025' <Predicate = (icmp_ln119)> <Delay = 0.00>
ST_52 : Operation 1461 [1/1] (0.00ns)   --->   "%mux_case_11020 = phi i32 %mux_case_18301998, void %imag169.i151217.case.31771, i32 %mux_case_18301998, void %imag169.i151217.case.31765, i32 %mux_case_18301998, void %imag169.i151217.case.31759, i32 %mux_case_18301998, void %imag169.i151217.case.31753, i32 %mux_case_18301998, void %imag169.i151217.case.31747, i32 %mux_case_18301998, void %imag169.i151217.case.31777, i32 %mux_case_18301998, void %imag169.i151217.case.1.for.inc95.1_crit_edge, i32 %mux_case_18301998, void %imag169.i151217.case.2.for.inc95.1_crit_edge, i32 %mux_case_18301998, void %imag169.i151217.case.3.for.inc95.1_crit_edge, i32 %mux_case_18301998, void %imag169.i151217.case.4.for.inc95.1_crit_edge, i32 %mux_case_18301998, void %imag169.i151217.case.5.for.inc95.1_crit_edge, i32 %mux_case_18301998, void %imag169.i151217.case.6.for.inc95.1_crit_edge, i32 %mux_case_18301998, void %imag169.i151217.case.1, i32 %mux_case_18301998, void %imag169.i151217.case.2, i32 %mux_case_18301998, void %imag169.i151217.case.3, i32 %mux_case_18301998, void %imag169.i151217.case.4, i32 %mux_case_18301998, void %imag169.i151217.case.5, i32 %mux_case_18301998, void %imag169.i151217.case.6, i32 %mux_case_18901788, void %imag169.i205.exit" [top_cmplx.cpp:41->top_cmplx.cpp:146]   --->   Operation 1461 'phi' 'mux_case_11020' <Predicate = (icmp_ln119)> <Delay = 0.00>
ST_52 : Operation 1462 [2/2] (8.41ns)   --->   "%mul_i3 = fmul i32 %c, i32 %ai_r_2" [top_cmplx.cpp:41->top_cmplx.cpp:146]   --->   Operation 1462 'fmul' 'mul_i3' <Predicate = (icmp_ln119 & !tmp_15)> <Delay = 8.41> <CoreInst = "FMul_maxdsp">   --->   Core 30 'FMul_maxdsp' <Latency = 1> <II = 1> <Delay = 8.41> <FuncUnit> <Opcode : 'fmul'> <InPorts = 2> <OutPorts = 1>
ST_52 : Operation 1463 [2/2] (8.41ns)   --->   "%mul17_i2 = fmul i32 %s, i32 %aj_r_2" [top_cmplx.cpp:41->top_cmplx.cpp:146]   --->   Operation 1463 'fmul' 'mul17_i2' <Predicate = (icmp_ln119 & !tmp_15)> <Delay = 8.41> <CoreInst = "FMul_maxdsp">   --->   Core 30 'FMul_maxdsp' <Latency = 1> <II = 1> <Delay = 8.41> <FuncUnit> <Opcode : 'fmul'> <InPorts = 2> <OutPorts = 1>
ST_52 : Operation 1464 [2/2] (8.41ns)   --->   "%mul23_i2 = fmul i32 %c, i32 %ai_i_2" [top_cmplx.cpp:42->top_cmplx.cpp:146]   --->   Operation 1464 'fmul' 'mul23_i2' <Predicate = (icmp_ln119 & !tmp_15)> <Delay = 8.41> <CoreInst = "FMul_maxdsp">   --->   Core 30 'FMul_maxdsp' <Latency = 1> <II = 1> <Delay = 8.41> <FuncUnit> <Opcode : 'fmul'> <InPorts = 2> <OutPorts = 1>
ST_52 : Operation 1465 [2/2] (8.41ns)   --->   "%mul24_i2 = fmul i32 %s, i32 %aj_i_2" [top_cmplx.cpp:42->top_cmplx.cpp:146]   --->   Operation 1465 'fmul' 'mul24_i2' <Predicate = (icmp_ln119 & !tmp_15)> <Delay = 8.41> <CoreInst = "FMul_maxdsp">   --->   Core 30 'FMul_maxdsp' <Latency = 1> <II = 1> <Delay = 8.41> <FuncUnit> <Opcode : 'fmul'> <InPorts = 2> <OutPorts = 1>
ST_52 : Operation 1466 [2/2] (8.41ns)   --->   "%mul31_i2 = fmul i32 %s, i32 %ai_r_2" [top_cmplx.cpp:45->top_cmplx.cpp:146]   --->   Operation 1466 'fmul' 'mul31_i2' <Predicate = (icmp_ln119 & !tmp_15)> <Delay = 8.41> <CoreInst = "FMul_maxdsp">   --->   Core 30 'FMul_maxdsp' <Latency = 1> <II = 1> <Delay = 8.41> <FuncUnit> <Opcode : 'fmul'> <InPorts = 2> <OutPorts = 1>
ST_52 : Operation 1467 [2/2] (8.41ns)   --->   "%mul32_i2 = fmul i32 %c, i32 %aj_r_2" [top_cmplx.cpp:45->top_cmplx.cpp:146]   --->   Operation 1467 'fmul' 'mul32_i2' <Predicate = (icmp_ln119 & !tmp_15)> <Delay = 8.41> <CoreInst = "FMul_maxdsp">   --->   Core 30 'FMul_maxdsp' <Latency = 1> <II = 1> <Delay = 8.41> <FuncUnit> <Opcode : 'fmul'> <InPorts = 2> <OutPorts = 1>
ST_52 : Operation 1468 [2/2] (8.41ns)   --->   "%mul38_i2 = fmul i32 %s, i32 %ai_i_2" [top_cmplx.cpp:46->top_cmplx.cpp:146]   --->   Operation 1468 'fmul' 'mul38_i2' <Predicate = (icmp_ln119 & !tmp_15)> <Delay = 8.41> <CoreInst = "FMul_maxdsp">   --->   Core 30 'FMul_maxdsp' <Latency = 1> <II = 1> <Delay = 8.41> <FuncUnit> <Opcode : 'fmul'> <InPorts = 2> <OutPorts = 1>
ST_52 : Operation 1469 [2/2] (8.41ns)   --->   "%mul39_i2 = fmul i32 %c, i32 %aj_i_2" [top_cmplx.cpp:46->top_cmplx.cpp:146]   --->   Operation 1469 'fmul' 'mul39_i2' <Predicate = (icmp_ln119 & !tmp_15)> <Delay = 8.41> <CoreInst = "FMul_maxdsp">   --->   Core 30 'FMul_maxdsp' <Latency = 1> <II = 1> <Delay = 8.41> <FuncUnit> <Opcode : 'fmul'> <InPorts = 2> <OutPorts = 1>
ST_52 : Operation 1470 [1/1] (0.42ns)   --->   "%store_ln42 = store i32 %mux_case_11355, i32 %mux_case_1116" [top_cmplx.cpp:42->top_cmplx.cpp:146]   --->   Operation 1470 'store' 'store_ln42' <Predicate = (icmp_ln119)> <Delay = 0.42>
ST_52 : Operation 1471 [1/1] (0.42ns)   --->   "%store_ln41 = store i32 %mux_case_11020, i32 %mux_case_1" [top_cmplx.cpp:41->top_cmplx.cpp:146]   --->   Operation 1471 'store' 'store_ln41' <Predicate = (icmp_ln119)> <Delay = 0.42>

State 53 <SV = 52> <Delay = 8.41>
ST_53 : Operation 1472 [1/2] (8.41ns)   --->   "%mul_i3 = fmul i32 %c, i32 %ai_r_2" [top_cmplx.cpp:41->top_cmplx.cpp:146]   --->   Operation 1472 'fmul' 'mul_i3' <Predicate = (icmp_ln119 & !tmp_15)> <Delay = 8.41> <CoreInst = "FMul_maxdsp">   --->   Core 30 'FMul_maxdsp' <Latency = 1> <II = 1> <Delay = 8.41> <FuncUnit> <Opcode : 'fmul'> <InPorts = 2> <OutPorts = 1>
ST_53 : Operation 1473 [1/2] (8.41ns)   --->   "%mul17_i2 = fmul i32 %s, i32 %aj_r_2" [top_cmplx.cpp:41->top_cmplx.cpp:146]   --->   Operation 1473 'fmul' 'mul17_i2' <Predicate = (icmp_ln119 & !tmp_15)> <Delay = 8.41> <CoreInst = "FMul_maxdsp">   --->   Core 30 'FMul_maxdsp' <Latency = 1> <II = 1> <Delay = 8.41> <FuncUnit> <Opcode : 'fmul'> <InPorts = 2> <OutPorts = 1>
ST_53 : Operation 1474 [1/2] (8.41ns)   --->   "%mul23_i2 = fmul i32 %c, i32 %ai_i_2" [top_cmplx.cpp:42->top_cmplx.cpp:146]   --->   Operation 1474 'fmul' 'mul23_i2' <Predicate = (icmp_ln119 & !tmp_15)> <Delay = 8.41> <CoreInst = "FMul_maxdsp">   --->   Core 30 'FMul_maxdsp' <Latency = 1> <II = 1> <Delay = 8.41> <FuncUnit> <Opcode : 'fmul'> <InPorts = 2> <OutPorts = 1>
ST_53 : Operation 1475 [1/2] (8.41ns)   --->   "%mul24_i2 = fmul i32 %s, i32 %aj_i_2" [top_cmplx.cpp:42->top_cmplx.cpp:146]   --->   Operation 1475 'fmul' 'mul24_i2' <Predicate = (icmp_ln119 & !tmp_15)> <Delay = 8.41> <CoreInst = "FMul_maxdsp">   --->   Core 30 'FMul_maxdsp' <Latency = 1> <II = 1> <Delay = 8.41> <FuncUnit> <Opcode : 'fmul'> <InPorts = 2> <OutPorts = 1>
ST_53 : Operation 1476 [1/2] (8.41ns)   --->   "%mul31_i2 = fmul i32 %s, i32 %ai_r_2" [top_cmplx.cpp:45->top_cmplx.cpp:146]   --->   Operation 1476 'fmul' 'mul31_i2' <Predicate = (icmp_ln119 & !tmp_15)> <Delay = 8.41> <CoreInst = "FMul_maxdsp">   --->   Core 30 'FMul_maxdsp' <Latency = 1> <II = 1> <Delay = 8.41> <FuncUnit> <Opcode : 'fmul'> <InPorts = 2> <OutPorts = 1>
ST_53 : Operation 1477 [1/2] (8.41ns)   --->   "%mul32_i2 = fmul i32 %c, i32 %aj_r_2" [top_cmplx.cpp:45->top_cmplx.cpp:146]   --->   Operation 1477 'fmul' 'mul32_i2' <Predicate = (icmp_ln119 & !tmp_15)> <Delay = 8.41> <CoreInst = "FMul_maxdsp">   --->   Core 30 'FMul_maxdsp' <Latency = 1> <II = 1> <Delay = 8.41> <FuncUnit> <Opcode : 'fmul'> <InPorts = 2> <OutPorts = 1>
ST_53 : Operation 1478 [1/2] (8.41ns)   --->   "%mul38_i2 = fmul i32 %s, i32 %ai_i_2" [top_cmplx.cpp:46->top_cmplx.cpp:146]   --->   Operation 1478 'fmul' 'mul38_i2' <Predicate = (icmp_ln119 & !tmp_15)> <Delay = 8.41> <CoreInst = "FMul_maxdsp">   --->   Core 30 'FMul_maxdsp' <Latency = 1> <II = 1> <Delay = 8.41> <FuncUnit> <Opcode : 'fmul'> <InPorts = 2> <OutPorts = 1>
ST_53 : Operation 1479 [1/2] (8.41ns)   --->   "%mul39_i2 = fmul i32 %c, i32 %aj_i_2" [top_cmplx.cpp:46->top_cmplx.cpp:146]   --->   Operation 1479 'fmul' 'mul39_i2' <Predicate = (icmp_ln119 & !tmp_15)> <Delay = 8.41> <CoreInst = "FMul_maxdsp">   --->   Core 30 'FMul_maxdsp' <Latency = 1> <II = 1> <Delay = 8.41> <FuncUnit> <Opcode : 'fmul'> <InPorts = 2> <OutPorts = 1>

State 54 <SV = 53> <Delay = 6.43>
ST_54 : Operation 1480 [4/4] (6.43ns)   --->   "%R_real_4 = fsub i32 %mul_i3, i32 %mul17_i2" [top_cmplx.cpp:41->top_cmplx.cpp:146]   --->   Operation 1480 'fsub' 'R_real_4' <Predicate = (icmp_ln119 & !tmp_15)> <Delay = 6.43> <CoreInst = "FAddSub_fulldsp">   --->   Core 18 'FAddSub_fulldsp' <Latency = 3> <II = 1> <Delay = 6.43> <FuncUnit> <Opcode : 'fadd' 'fsub'> <InPorts = 2> <OutPorts = 1>
ST_54 : Operation 1481 [4/4] (6.43ns)   --->   "%R_imag_4 = fsub i32 %mul23_i2, i32 %mul24_i2" [top_cmplx.cpp:42->top_cmplx.cpp:146]   --->   Operation 1481 'fsub' 'R_imag_4' <Predicate = (icmp_ln119 & !tmp_15)> <Delay = 6.43> <CoreInst = "FAddSub_fulldsp">   --->   Core 18 'FAddSub_fulldsp' <Latency = 3> <II = 1> <Delay = 6.43> <FuncUnit> <Opcode : 'fadd' 'fsub'> <InPorts = 2> <OutPorts = 1>
ST_54 : Operation 1482 [4/4] (6.43ns)   --->   "%R_real_5 = fadd i32 %mul31_i2, i32 %mul32_i2" [top_cmplx.cpp:45->top_cmplx.cpp:146]   --->   Operation 1482 'fadd' 'R_real_5' <Predicate = (icmp_ln119 & !tmp_15)> <Delay = 6.43> <CoreInst = "FAddSub_fulldsp">   --->   Core 18 'FAddSub_fulldsp' <Latency = 3> <II = 1> <Delay = 6.43> <FuncUnit> <Opcode : 'fadd' 'fsub'> <InPorts = 2> <OutPorts = 1>
ST_54 : Operation 1483 [4/4] (6.43ns)   --->   "%R_imag_5 = fadd i32 %mul38_i2, i32 %mul39_i2" [top_cmplx.cpp:46->top_cmplx.cpp:146]   --->   Operation 1483 'fadd' 'R_imag_5' <Predicate = (icmp_ln119 & !tmp_15)> <Delay = 6.43> <CoreInst = "FAddSub_fulldsp">   --->   Core 18 'FAddSub_fulldsp' <Latency = 3> <II = 1> <Delay = 6.43> <FuncUnit> <Opcode : 'fadd' 'fsub'> <InPorts = 2> <OutPorts = 1>

State 55 <SV = 54> <Delay = 6.43>
ST_55 : Operation 1484 [3/4] (6.43ns)   --->   "%R_real_4 = fsub i32 %mul_i3, i32 %mul17_i2" [top_cmplx.cpp:41->top_cmplx.cpp:146]   --->   Operation 1484 'fsub' 'R_real_4' <Predicate = (icmp_ln119 & !tmp_15)> <Delay = 6.43> <CoreInst = "FAddSub_fulldsp">   --->   Core 18 'FAddSub_fulldsp' <Latency = 3> <II = 1> <Delay = 6.43> <FuncUnit> <Opcode : 'fadd' 'fsub'> <InPorts = 2> <OutPorts = 1>
ST_55 : Operation 1485 [3/4] (6.43ns)   --->   "%R_imag_4 = fsub i32 %mul23_i2, i32 %mul24_i2" [top_cmplx.cpp:42->top_cmplx.cpp:146]   --->   Operation 1485 'fsub' 'R_imag_4' <Predicate = (icmp_ln119 & !tmp_15)> <Delay = 6.43> <CoreInst = "FAddSub_fulldsp">   --->   Core 18 'FAddSub_fulldsp' <Latency = 3> <II = 1> <Delay = 6.43> <FuncUnit> <Opcode : 'fadd' 'fsub'> <InPorts = 2> <OutPorts = 1>
ST_55 : Operation 1486 [3/4] (6.43ns)   --->   "%R_real_5 = fadd i32 %mul31_i2, i32 %mul32_i2" [top_cmplx.cpp:45->top_cmplx.cpp:146]   --->   Operation 1486 'fadd' 'R_real_5' <Predicate = (icmp_ln119 & !tmp_15)> <Delay = 6.43> <CoreInst = "FAddSub_fulldsp">   --->   Core 18 'FAddSub_fulldsp' <Latency = 3> <II = 1> <Delay = 6.43> <FuncUnit> <Opcode : 'fadd' 'fsub'> <InPorts = 2> <OutPorts = 1>
ST_55 : Operation 1487 [3/4] (6.43ns)   --->   "%R_imag_5 = fadd i32 %mul38_i2, i32 %mul39_i2" [top_cmplx.cpp:46->top_cmplx.cpp:146]   --->   Operation 1487 'fadd' 'R_imag_5' <Predicate = (icmp_ln119 & !tmp_15)> <Delay = 6.43> <CoreInst = "FAddSub_fulldsp">   --->   Core 18 'FAddSub_fulldsp' <Latency = 3> <II = 1> <Delay = 6.43> <FuncUnit> <Opcode : 'fadd' 'fsub'> <InPorts = 2> <OutPorts = 1>

State 56 <SV = 55> <Delay = 6.43>
ST_56 : Operation 1488 [2/4] (6.43ns)   --->   "%R_real_4 = fsub i32 %mul_i3, i32 %mul17_i2" [top_cmplx.cpp:41->top_cmplx.cpp:146]   --->   Operation 1488 'fsub' 'R_real_4' <Predicate = (icmp_ln119 & !tmp_15)> <Delay = 6.43> <CoreInst = "FAddSub_fulldsp">   --->   Core 18 'FAddSub_fulldsp' <Latency = 3> <II = 1> <Delay = 6.43> <FuncUnit> <Opcode : 'fadd' 'fsub'> <InPorts = 2> <OutPorts = 1>
ST_56 : Operation 1489 [2/4] (6.43ns)   --->   "%R_imag_4 = fsub i32 %mul23_i2, i32 %mul24_i2" [top_cmplx.cpp:42->top_cmplx.cpp:146]   --->   Operation 1489 'fsub' 'R_imag_4' <Predicate = (icmp_ln119 & !tmp_15)> <Delay = 6.43> <CoreInst = "FAddSub_fulldsp">   --->   Core 18 'FAddSub_fulldsp' <Latency = 3> <II = 1> <Delay = 6.43> <FuncUnit> <Opcode : 'fadd' 'fsub'> <InPorts = 2> <OutPorts = 1>
ST_56 : Operation 1490 [2/4] (6.43ns)   --->   "%R_real_5 = fadd i32 %mul31_i2, i32 %mul32_i2" [top_cmplx.cpp:45->top_cmplx.cpp:146]   --->   Operation 1490 'fadd' 'R_real_5' <Predicate = (icmp_ln119 & !tmp_15)> <Delay = 6.43> <CoreInst = "FAddSub_fulldsp">   --->   Core 18 'FAddSub_fulldsp' <Latency = 3> <II = 1> <Delay = 6.43> <FuncUnit> <Opcode : 'fadd' 'fsub'> <InPorts = 2> <OutPorts = 1>
ST_56 : Operation 1491 [2/4] (6.43ns)   --->   "%R_imag_5 = fadd i32 %mul38_i2, i32 %mul39_i2" [top_cmplx.cpp:46->top_cmplx.cpp:146]   --->   Operation 1491 'fadd' 'R_imag_5' <Predicate = (icmp_ln119 & !tmp_15)> <Delay = 6.43> <CoreInst = "FAddSub_fulldsp">   --->   Core 18 'FAddSub_fulldsp' <Latency = 3> <II = 1> <Delay = 6.43> <FuncUnit> <Opcode : 'fadd' 'fsub'> <InPorts = 2> <OutPorts = 1>

State 57 <SV = 56> <Delay = 8.43>
ST_57 : Operation 1492 [1/4] (6.43ns)   --->   "%R_real_4 = fsub i32 %mul_i3, i32 %mul17_i2" [top_cmplx.cpp:41->top_cmplx.cpp:146]   --->   Operation 1492 'fsub' 'R_real_4' <Predicate = (icmp_ln119 & !tmp_15)> <Delay = 6.43> <CoreInst = "FAddSub_fulldsp">   --->   Core 18 'FAddSub_fulldsp' <Latency = 3> <II = 1> <Delay = 6.43> <FuncUnit> <Opcode : 'fadd' 'fsub'> <InPorts = 2> <OutPorts = 1>
ST_57 : Operation 1493 [1/4] (6.43ns)   --->   "%R_imag_4 = fsub i32 %mul23_i2, i32 %mul24_i2" [top_cmplx.cpp:42->top_cmplx.cpp:146]   --->   Operation 1493 'fsub' 'R_imag_4' <Predicate = (icmp_ln119 & !tmp_15)> <Delay = 6.43> <CoreInst = "FAddSub_fulldsp">   --->   Core 18 'FAddSub_fulldsp' <Latency = 3> <II = 1> <Delay = 6.43> <FuncUnit> <Opcode : 'fadd' 'fsub'> <InPorts = 2> <OutPorts = 1>
ST_57 : Operation 1494 [1/4] (6.43ns)   --->   "%R_real_5 = fadd i32 %mul31_i2, i32 %mul32_i2" [top_cmplx.cpp:45->top_cmplx.cpp:146]   --->   Operation 1494 'fadd' 'R_real_5' <Predicate = (icmp_ln119 & !tmp_15)> <Delay = 6.43> <CoreInst = "FAddSub_fulldsp">   --->   Core 18 'FAddSub_fulldsp' <Latency = 3> <II = 1> <Delay = 6.43> <FuncUnit> <Opcode : 'fadd' 'fsub'> <InPorts = 2> <OutPorts = 1>
ST_57 : Operation 1495 [1/1] (0.00ns) (grouped into LUT with out node select_ln41_12)   --->   "%select_ln41 = select i1 %icmp_ln41_read, i32 %mux_case_31047, i32 %R_real_4" [top_cmplx.cpp:41->top_cmplx.cpp:146]   --->   Operation 1495 'select' 'select_ln41' <Predicate = (icmp_ln119 & !tmp_15)> <Delay = 0.00> <CoreInst = "Sel">   --->   Core 73 'Sel' <Latency = 0> <II = 1> <Delay = 0.44> <FuncUnit> <Opcode : 'select'> <InPorts = 3> <OutPorts = 1>
ST_57 : Operation 1496 [1/1] (0.00ns) (grouped into LUT with out node select_ln41_13)   --->   "%select_ln41_1 = select i1 %icmp_ln41_read, i32 %R_real_4, i32 %mux_case_21046" [top_cmplx.cpp:41->top_cmplx.cpp:146]   --->   Operation 1496 'select' 'select_ln41_1' <Predicate = (icmp_ln119 & !tmp_15)> <Delay = 0.00> <CoreInst = "Sel">   --->   Core 73 'Sel' <Latency = 0> <II = 1> <Delay = 0.44> <FuncUnit> <Opcode : 'select'> <InPorts = 3> <OutPorts = 1>
ST_57 : Operation 1497 [1/1] (0.00ns) (grouped into LUT with out node select_ln41_22)   --->   "%select_ln41_2 = select i1 %icmp_ln41_read, i32 %mux_case_31022, i32 %R_real_4" [top_cmplx.cpp:41->top_cmplx.cpp:146]   --->   Operation 1497 'select' 'select_ln41_2' <Predicate = (icmp_ln119 & !tmp_15)> <Delay = 0.00> <CoreInst = "Sel">   --->   Core 73 'Sel' <Latency = 0> <II = 1> <Delay = 0.44> <FuncUnit> <Opcode : 'select'> <InPorts = 3> <OutPorts = 1>
ST_57 : Operation 1498 [1/1] (0.00ns) (grouped into LUT with out node select_ln41_23)   --->   "%select_ln41_3 = select i1 %icmp_ln41_read, i32 %R_real_4, i32 %mux_case_21021" [top_cmplx.cpp:41->top_cmplx.cpp:146]   --->   Operation 1498 'select' 'select_ln41_3' <Predicate = (icmp_ln119 & !tmp_15)> <Delay = 0.00> <CoreInst = "Sel">   --->   Core 73 'Sel' <Latency = 0> <II = 1> <Delay = 0.44> <FuncUnit> <Opcode : 'select'> <InPorts = 3> <OutPorts = 1>
ST_57 : Operation 1499 [1/1] (0.00ns) (grouped into LUT with out node select_ln41_20)   --->   "%select_ln41_4 = select i1 %icmp_ln41_read, i32 %mux_case_31027, i32 %R_real_4" [top_cmplx.cpp:41->top_cmplx.cpp:146]   --->   Operation 1499 'select' 'select_ln41_4' <Predicate = (icmp_ln119 & !tmp_15)> <Delay = 0.00> <CoreInst = "Sel">   --->   Core 73 'Sel' <Latency = 0> <II = 1> <Delay = 0.44> <FuncUnit> <Opcode : 'select'> <InPorts = 3> <OutPorts = 1>
ST_57 : Operation 1500 [1/1] (0.00ns) (grouped into LUT with out node select_ln41_21)   --->   "%select_ln41_5 = select i1 %icmp_ln41_read, i32 %R_real_4, i32 %mux_case_21026" [top_cmplx.cpp:41->top_cmplx.cpp:146]   --->   Operation 1500 'select' 'select_ln41_5' <Predicate = (icmp_ln119 & !tmp_15)> <Delay = 0.00> <CoreInst = "Sel">   --->   Core 73 'Sel' <Latency = 0> <II = 1> <Delay = 0.44> <FuncUnit> <Opcode : 'select'> <InPorts = 3> <OutPorts = 1>
ST_57 : Operation 1501 [1/1] (0.00ns) (grouped into LUT with out node select_ln41_18)   --->   "%select_ln41_6 = select i1 %icmp_ln41_read, i32 %mux_case_31032, i32 %R_real_4" [top_cmplx.cpp:41->top_cmplx.cpp:146]   --->   Operation 1501 'select' 'select_ln41_6' <Predicate = (icmp_ln119 & !tmp_15)> <Delay = 0.00> <CoreInst = "Sel">   --->   Core 73 'Sel' <Latency = 0> <II = 1> <Delay = 0.44> <FuncUnit> <Opcode : 'select'> <InPorts = 3> <OutPorts = 1>
ST_57 : Operation 1502 [1/1] (0.00ns) (grouped into LUT with out node select_ln41_19)   --->   "%select_ln41_7 = select i1 %icmp_ln41_read, i32 %R_real_4, i32 %mux_case_21031" [top_cmplx.cpp:41->top_cmplx.cpp:146]   --->   Operation 1502 'select' 'select_ln41_7' <Predicate = (icmp_ln119 & !tmp_15)> <Delay = 0.00> <CoreInst = "Sel">   --->   Core 73 'Sel' <Latency = 0> <II = 1> <Delay = 0.44> <FuncUnit> <Opcode : 'select'> <InPorts = 3> <OutPorts = 1>
ST_57 : Operation 1503 [1/1] (0.00ns) (grouped into LUT with out node select_ln41_16)   --->   "%select_ln41_8 = select i1 %icmp_ln41_read, i32 %mux_case_31037, i32 %R_real_4" [top_cmplx.cpp:41->top_cmplx.cpp:146]   --->   Operation 1503 'select' 'select_ln41_8' <Predicate = (icmp_ln119 & !tmp_15)> <Delay = 0.00> <CoreInst = "Sel">   --->   Core 73 'Sel' <Latency = 0> <II = 1> <Delay = 0.44> <FuncUnit> <Opcode : 'select'> <InPorts = 3> <OutPorts = 1>
ST_57 : Operation 1504 [1/1] (0.00ns) (grouped into LUT with out node select_ln41_17)   --->   "%select_ln41_9 = select i1 %icmp_ln41_read, i32 %R_real_4, i32 %mux_case_21036" [top_cmplx.cpp:41->top_cmplx.cpp:146]   --->   Operation 1504 'select' 'select_ln41_9' <Predicate = (icmp_ln119 & !tmp_15)> <Delay = 0.00> <CoreInst = "Sel">   --->   Core 73 'Sel' <Latency = 0> <II = 1> <Delay = 0.44> <FuncUnit> <Opcode : 'select'> <InPorts = 3> <OutPorts = 1>
ST_57 : Operation 1505 [1/1] (0.00ns) (grouped into LUT with out node select_ln41_14)   --->   "%select_ln41_10 = select i1 %icmp_ln41_read, i32 %mux_case_31042, i32 %R_real_4" [top_cmplx.cpp:41->top_cmplx.cpp:146]   --->   Operation 1505 'select' 'select_ln41_10' <Predicate = (icmp_ln119 & !tmp_15)> <Delay = 0.00> <CoreInst = "Sel">   --->   Core 73 'Sel' <Latency = 0> <II = 1> <Delay = 0.44> <FuncUnit> <Opcode : 'select'> <InPorts = 3> <OutPorts = 1>
ST_57 : Operation 1506 [1/1] (0.00ns) (grouped into LUT with out node select_ln41_15)   --->   "%select_ln41_11 = select i1 %icmp_ln41_read, i32 %R_real_4, i32 %mux_case_21041" [top_cmplx.cpp:41->top_cmplx.cpp:146]   --->   Operation 1506 'select' 'select_ln41_11' <Predicate = (icmp_ln119 & !tmp_15)> <Delay = 0.00> <CoreInst = "Sel">   --->   Core 73 'Sel' <Latency = 0> <II = 1> <Delay = 0.44> <FuncUnit> <Opcode : 'select'> <InPorts = 3> <OutPorts = 1>
ST_57 : Operation 1507 [1/1] (0.67ns)   --->   "%icmp_ln41_1 = icmp_eq  i3 %i_1, i3 1" [top_cmplx.cpp:41->top_cmplx.cpp:146]   --->   Operation 1507 'icmp' 'icmp_ln41_1' <Predicate = (icmp_ln119 & !tmp_15)> <Delay = 0.67> <CoreInst = "Cmp">   --->   Core 9 'Cmp' <Latency = 0> <II = 1> <Delay = 0.67> <FuncUnit> <Opcode : 'icmp'> <InPorts = 2> <OutPorts = 1>
ST_57 : Operation 1508 [1/1] (0.67ns)   --->   "%icmp_ln41_2 = icmp_eq  i3 %i_1, i3 2" [top_cmplx.cpp:41->top_cmplx.cpp:146]   --->   Operation 1508 'icmp' 'icmp_ln41_2' <Predicate = (icmp_ln119 & !tmp_15)> <Delay = 0.67> <CoreInst = "Cmp">   --->   Core 9 'Cmp' <Latency = 0> <II = 1> <Delay = 0.67> <FuncUnit> <Opcode : 'icmp'> <InPorts = 2> <OutPorts = 1>
ST_57 : Operation 1509 [1/1] (0.67ns)   --->   "%icmp_ln41_3 = icmp_eq  i3 %i_1, i3 3" [top_cmplx.cpp:41->top_cmplx.cpp:146]   --->   Operation 1509 'icmp' 'icmp_ln41_3' <Predicate = (icmp_ln119 & !tmp_15)> <Delay = 0.67> <CoreInst = "Cmp">   --->   Core 9 'Cmp' <Latency = 0> <II = 1> <Delay = 0.67> <FuncUnit> <Opcode : 'icmp'> <InPorts = 2> <OutPorts = 1>
ST_57 : Operation 1510 [1/1] (0.67ns)   --->   "%icmp_ln41_4 = icmp_eq  i3 %i_1, i3 4" [top_cmplx.cpp:41->top_cmplx.cpp:146]   --->   Operation 1510 'icmp' 'icmp_ln41_4' <Predicate = (icmp_ln119 & !tmp_15)> <Delay = 0.67> <CoreInst = "Cmp">   --->   Core 9 'Cmp' <Latency = 0> <II = 1> <Delay = 0.67> <FuncUnit> <Opcode : 'icmp'> <InPorts = 2> <OutPorts = 1>
ST_57 : Operation 1511 [1/1] (0.67ns)   --->   "%icmp_ln41_5 = icmp_eq  i3 %i_1, i3 5" [top_cmplx.cpp:41->top_cmplx.cpp:146]   --->   Operation 1511 'icmp' 'icmp_ln41_5' <Predicate = (icmp_ln119 & !tmp_15)> <Delay = 0.67> <CoreInst = "Cmp">   --->   Core 9 'Cmp' <Latency = 0> <II = 1> <Delay = 0.67> <FuncUnit> <Opcode : 'icmp'> <InPorts = 2> <OutPorts = 1>
ST_57 : Operation 1512 [1/1] (0.00ns) (grouped into LUT with out node or_ln41_3)   --->   "%or_ln41 = or i1 %icmp_ln41_3, i1 %icmp_ln41_4" [top_cmplx.cpp:41->top_cmplx.cpp:146]   --->   Operation 1512 'or' 'or_ln41' <Predicate = (icmp_ln119 & !tmp_15)> <Delay = 0.00> <CoreInst = "LogicGate">   --->   Core 74 'LogicGate' <Latency = 0> <II = 1> <Delay = 0.28> <FuncUnit> <Opcode : 'and' 'or' 'xor'> <InPorts = 2> <OutPorts = 1>
ST_57 : Operation 1513 [1/1] (0.00ns) (grouped into LUT with out node or_ln41_3)   --->   "%or_ln41_1 = or i1 %icmp_ln41_1, i1 %icmp_ln41_5" [top_cmplx.cpp:41->top_cmplx.cpp:146]   --->   Operation 1513 'or' 'or_ln41_1' <Predicate = (icmp_ln119 & !tmp_15)> <Delay = 0.00> <CoreInst = "LogicGate">   --->   Core 74 'LogicGate' <Latency = 0> <II = 1> <Delay = 0.28> <FuncUnit> <Opcode : 'and' 'or' 'xor'> <InPorts = 2> <OutPorts = 1>
ST_57 : Operation 1514 [1/1] (0.00ns) (grouped into LUT with out node or_ln41_3)   --->   "%or_ln41_2 = or i1 %or_ln41_1, i1 %icmp_ln41_2" [top_cmplx.cpp:41->top_cmplx.cpp:146]   --->   Operation 1514 'or' 'or_ln41_2' <Predicate = (icmp_ln119 & !tmp_15)> <Delay = 0.00> <CoreInst = "LogicGate">   --->   Core 74 'LogicGate' <Latency = 0> <II = 1> <Delay = 0.28> <FuncUnit> <Opcode : 'and' 'or' 'xor'> <InPorts = 2> <OutPorts = 1>
ST_57 : Operation 1515 [1/1] (0.28ns) (out node of the LUT)   --->   "%or_ln41_3 = or i1 %or_ln41_2, i1 %or_ln41" [top_cmplx.cpp:41->top_cmplx.cpp:146]   --->   Operation 1515 'or' 'or_ln41_3' <Predicate = (icmp_ln119 & !tmp_15)> <Delay = 0.28> <CoreInst = "LogicGate">   --->   Core 74 'LogicGate' <Latency = 0> <II = 1> <Delay = 0.28> <FuncUnit> <Opcode : 'and' 'or' 'xor'> <InPorts = 2> <OutPorts = 1>
ST_57 : Operation 1516 [1/1] (0.44ns) (out node of the LUT)   --->   "%select_ln41_12 = select i1 %or_ln41_3, i32 %mux_case_31047, i32 %select_ln41" [top_cmplx.cpp:41->top_cmplx.cpp:146]   --->   Operation 1516 'select' 'select_ln41_12' <Predicate = (icmp_ln119 & !tmp_15)> <Delay = 0.44> <CoreInst = "Sel">   --->   Core 73 'Sel' <Latency = 0> <II = 1> <Delay = 0.44> <FuncUnit> <Opcode : 'select'> <InPorts = 3> <OutPorts = 1>
ST_57 : Operation 1517 [1/1] (0.44ns) (out node of the LUT)   --->   "%select_ln41_13 = select i1 %or_ln41_3, i32 %mux_case_21046, i32 %select_ln41_1" [top_cmplx.cpp:41->top_cmplx.cpp:146]   --->   Operation 1517 'select' 'select_ln41_13' <Predicate = (icmp_ln119 & !tmp_15)> <Delay = 0.44> <CoreInst = "Sel">   --->   Core 73 'Sel' <Latency = 0> <II = 1> <Delay = 0.44> <FuncUnit> <Opcode : 'select'> <InPorts = 3> <OutPorts = 1>
ST_57 : Operation 1518 [1/1] (0.44ns) (out node of the LUT)   --->   "%select_ln41_14 = select i1 %icmp_ln41_5, i32 %select_ln41_10, i32 %mux_case_31042" [top_cmplx.cpp:41->top_cmplx.cpp:146]   --->   Operation 1518 'select' 'select_ln41_14' <Predicate = (icmp_ln119 & !tmp_15)> <Delay = 0.44> <CoreInst = "Sel">   --->   Core 73 'Sel' <Latency = 0> <II = 1> <Delay = 0.44> <FuncUnit> <Opcode : 'select'> <InPorts = 3> <OutPorts = 1>
ST_57 : Operation 1519 [1/1] (0.44ns) (out node of the LUT)   --->   "%select_ln41_15 = select i1 %icmp_ln41_5, i32 %select_ln41_11, i32 %mux_case_21041" [top_cmplx.cpp:41->top_cmplx.cpp:146]   --->   Operation 1519 'select' 'select_ln41_15' <Predicate = (icmp_ln119 & !tmp_15)> <Delay = 0.44> <CoreInst = "Sel">   --->   Core 73 'Sel' <Latency = 0> <II = 1> <Delay = 0.44> <FuncUnit> <Opcode : 'select'> <InPorts = 3> <OutPorts = 1>
ST_57 : Operation 1520 [1/1] (0.44ns) (out node of the LUT)   --->   "%select_ln41_16 = select i1 %icmp_ln41_4, i32 %select_ln41_8, i32 %mux_case_31037" [top_cmplx.cpp:41->top_cmplx.cpp:146]   --->   Operation 1520 'select' 'select_ln41_16' <Predicate = (icmp_ln119 & !tmp_15)> <Delay = 0.44> <CoreInst = "Sel">   --->   Core 73 'Sel' <Latency = 0> <II = 1> <Delay = 0.44> <FuncUnit> <Opcode : 'select'> <InPorts = 3> <OutPorts = 1>
ST_57 : Operation 1521 [1/1] (0.44ns) (out node of the LUT)   --->   "%select_ln41_17 = select i1 %icmp_ln41_4, i32 %select_ln41_9, i32 %mux_case_21036" [top_cmplx.cpp:41->top_cmplx.cpp:146]   --->   Operation 1521 'select' 'select_ln41_17' <Predicate = (icmp_ln119 & !tmp_15)> <Delay = 0.44> <CoreInst = "Sel">   --->   Core 73 'Sel' <Latency = 0> <II = 1> <Delay = 0.44> <FuncUnit> <Opcode : 'select'> <InPorts = 3> <OutPorts = 1>
ST_57 : Operation 1522 [1/1] (0.44ns) (out node of the LUT)   --->   "%select_ln41_18 = select i1 %icmp_ln41_3, i32 %select_ln41_6, i32 %mux_case_31032" [top_cmplx.cpp:41->top_cmplx.cpp:146]   --->   Operation 1522 'select' 'select_ln41_18' <Predicate = (icmp_ln119 & !tmp_15)> <Delay = 0.44> <CoreInst = "Sel">   --->   Core 73 'Sel' <Latency = 0> <II = 1> <Delay = 0.44> <FuncUnit> <Opcode : 'select'> <InPorts = 3> <OutPorts = 1>
ST_57 : Operation 1523 [1/1] (0.44ns) (out node of the LUT)   --->   "%select_ln41_19 = select i1 %icmp_ln41_3, i32 %select_ln41_7, i32 %mux_case_21031" [top_cmplx.cpp:41->top_cmplx.cpp:146]   --->   Operation 1523 'select' 'select_ln41_19' <Predicate = (icmp_ln119 & !tmp_15)> <Delay = 0.44> <CoreInst = "Sel">   --->   Core 73 'Sel' <Latency = 0> <II = 1> <Delay = 0.44> <FuncUnit> <Opcode : 'select'> <InPorts = 3> <OutPorts = 1>
ST_57 : Operation 1524 [1/1] (0.44ns) (out node of the LUT)   --->   "%select_ln41_20 = select i1 %icmp_ln41_2, i32 %select_ln41_4, i32 %mux_case_31027" [top_cmplx.cpp:41->top_cmplx.cpp:146]   --->   Operation 1524 'select' 'select_ln41_20' <Predicate = (icmp_ln119 & !tmp_15)> <Delay = 0.44> <CoreInst = "Sel">   --->   Core 73 'Sel' <Latency = 0> <II = 1> <Delay = 0.44> <FuncUnit> <Opcode : 'select'> <InPorts = 3> <OutPorts = 1>
ST_57 : Operation 1525 [1/1] (0.44ns) (out node of the LUT)   --->   "%select_ln41_21 = select i1 %icmp_ln41_2, i32 %select_ln41_5, i32 %mux_case_21026" [top_cmplx.cpp:41->top_cmplx.cpp:146]   --->   Operation 1525 'select' 'select_ln41_21' <Predicate = (icmp_ln119 & !tmp_15)> <Delay = 0.44> <CoreInst = "Sel">   --->   Core 73 'Sel' <Latency = 0> <II = 1> <Delay = 0.44> <FuncUnit> <Opcode : 'select'> <InPorts = 3> <OutPorts = 1>
ST_57 : Operation 1526 [1/1] (0.44ns) (out node of the LUT)   --->   "%select_ln41_22 = select i1 %icmp_ln41_1, i32 %select_ln41_2, i32 %mux_case_31022" [top_cmplx.cpp:41->top_cmplx.cpp:146]   --->   Operation 1526 'select' 'select_ln41_22' <Predicate = (icmp_ln119 & !tmp_15)> <Delay = 0.44> <CoreInst = "Sel">   --->   Core 73 'Sel' <Latency = 0> <II = 1> <Delay = 0.44> <FuncUnit> <Opcode : 'select'> <InPorts = 3> <OutPorts = 1>
ST_57 : Operation 1527 [1/1] (0.44ns) (out node of the LUT)   --->   "%select_ln41_23 = select i1 %icmp_ln41_1, i32 %select_ln41_3, i32 %mux_case_21021" [top_cmplx.cpp:41->top_cmplx.cpp:146]   --->   Operation 1527 'select' 'select_ln41_23' <Predicate = (icmp_ln119 & !tmp_15)> <Delay = 0.44> <CoreInst = "Sel">   --->   Core 73 'Sel' <Latency = 0> <II = 1> <Delay = 0.44> <FuncUnit> <Opcode : 'select'> <InPorts = 3> <OutPorts = 1>
ST_57 : Operation 1528 [1/1] (0.00ns) (grouped into LUT with out node select_ln45_12)   --->   "%select_ln45 = select i1 %icmp_ln41_read, i32 %mux_case_31052, i32 %R_real_5" [top_cmplx.cpp:45->top_cmplx.cpp:146]   --->   Operation 1528 'select' 'select_ln45' <Predicate = (icmp_ln119 & !tmp_15)> <Delay = 0.00> <CoreInst = "Sel">   --->   Core 73 'Sel' <Latency = 0> <II = 1> <Delay = 0.44> <FuncUnit> <Opcode : 'select'> <InPorts = 3> <OutPorts = 1>
ST_57 : Operation 1529 [1/1] (0.00ns) (grouped into LUT with out node select_ln45_13)   --->   "%select_ln45_1 = select i1 %icmp_ln41_read, i32 %R_real_5, i32 %mux_case_21051" [top_cmplx.cpp:45->top_cmplx.cpp:146]   --->   Operation 1529 'select' 'select_ln45_1' <Predicate = (icmp_ln119 & !tmp_15)> <Delay = 0.00> <CoreInst = "Sel">   --->   Core 73 'Sel' <Latency = 0> <II = 1> <Delay = 0.44> <FuncUnit> <Opcode : 'select'> <InPorts = 3> <OutPorts = 1>
ST_57 : Operation 1530 [1/1] (0.00ns) (grouped into LUT with out node select_ln45_14)   --->   "%select_ln45_2 = select i1 %icmp_ln41_read, i32 %select_ln41_12, i32 %R_real_5" [top_cmplx.cpp:45->top_cmplx.cpp:146]   --->   Operation 1530 'select' 'select_ln45_2' <Predicate = (icmp_ln119 & !tmp_15)> <Delay = 0.00> <CoreInst = "Sel">   --->   Core 73 'Sel' <Latency = 0> <II = 1> <Delay = 0.44> <FuncUnit> <Opcode : 'select'> <InPorts = 3> <OutPorts = 1>
ST_57 : Operation 1531 [1/1] (0.00ns) (grouped into LUT with out node select_ln45_15)   --->   "%select_ln45_3 = select i1 %icmp_ln41_read, i32 %R_real_5, i32 %select_ln41_13" [top_cmplx.cpp:45->top_cmplx.cpp:146]   --->   Operation 1531 'select' 'select_ln45_3' <Predicate = (icmp_ln119 & !tmp_15)> <Delay = 0.00> <CoreInst = "Sel">   --->   Core 73 'Sel' <Latency = 0> <II = 1> <Delay = 0.44> <FuncUnit> <Opcode : 'select'> <InPorts = 3> <OutPorts = 1>
ST_57 : Operation 1532 [1/1] (0.00ns) (grouped into LUT with out node select_ln45_22)   --->   "%select_ln45_4 = select i1 %icmp_ln41_read, i32 %select_ln41_20, i32 %R_real_5" [top_cmplx.cpp:45->top_cmplx.cpp:146]   --->   Operation 1532 'select' 'select_ln45_4' <Predicate = (icmp_ln119 & !tmp_15)> <Delay = 0.00> <CoreInst = "Sel">   --->   Core 73 'Sel' <Latency = 0> <II = 1> <Delay = 0.44> <FuncUnit> <Opcode : 'select'> <InPorts = 3> <OutPorts = 1>
ST_57 : Operation 1533 [1/1] (0.00ns) (grouped into LUT with out node select_ln45_23)   --->   "%select_ln45_5 = select i1 %icmp_ln41_read, i32 %R_real_5, i32 %select_ln41_21" [top_cmplx.cpp:45->top_cmplx.cpp:146]   --->   Operation 1533 'select' 'select_ln45_5' <Predicate = (icmp_ln119 & !tmp_15)> <Delay = 0.00> <CoreInst = "Sel">   --->   Core 73 'Sel' <Latency = 0> <II = 1> <Delay = 0.44> <FuncUnit> <Opcode : 'select'> <InPorts = 3> <OutPorts = 1>
ST_57 : Operation 1534 [1/1] (0.00ns) (grouped into LUT with out node select_ln45_20)   --->   "%select_ln45_6 = select i1 %icmp_ln41_read, i32 %select_ln41_18, i32 %R_real_5" [top_cmplx.cpp:45->top_cmplx.cpp:146]   --->   Operation 1534 'select' 'select_ln45_6' <Predicate = (icmp_ln119 & !tmp_15)> <Delay = 0.00> <CoreInst = "Sel">   --->   Core 73 'Sel' <Latency = 0> <II = 1> <Delay = 0.44> <FuncUnit> <Opcode : 'select'> <InPorts = 3> <OutPorts = 1>
ST_57 : Operation 1535 [1/1] (0.00ns) (grouped into LUT with out node select_ln45_21)   --->   "%select_ln45_7 = select i1 %icmp_ln41_read, i32 %R_real_5, i32 %select_ln41_19" [top_cmplx.cpp:45->top_cmplx.cpp:146]   --->   Operation 1535 'select' 'select_ln45_7' <Predicate = (icmp_ln119 & !tmp_15)> <Delay = 0.00> <CoreInst = "Sel">   --->   Core 73 'Sel' <Latency = 0> <II = 1> <Delay = 0.44> <FuncUnit> <Opcode : 'select'> <InPorts = 3> <OutPorts = 1>
ST_57 : Operation 1536 [1/1] (0.00ns) (grouped into LUT with out node select_ln45_18)   --->   "%select_ln45_8 = select i1 %icmp_ln41_read, i32 %select_ln41_16, i32 %R_real_5" [top_cmplx.cpp:45->top_cmplx.cpp:146]   --->   Operation 1536 'select' 'select_ln45_8' <Predicate = (icmp_ln119 & !tmp_15)> <Delay = 0.00> <CoreInst = "Sel">   --->   Core 73 'Sel' <Latency = 0> <II = 1> <Delay = 0.44> <FuncUnit> <Opcode : 'select'> <InPorts = 3> <OutPorts = 1>
ST_57 : Operation 1537 [1/1] (0.00ns) (grouped into LUT with out node select_ln45_19)   --->   "%select_ln45_9 = select i1 %icmp_ln41_read, i32 %R_real_5, i32 %select_ln41_17" [top_cmplx.cpp:45->top_cmplx.cpp:146]   --->   Operation 1537 'select' 'select_ln45_9' <Predicate = (icmp_ln119 & !tmp_15)> <Delay = 0.00> <CoreInst = "Sel">   --->   Core 73 'Sel' <Latency = 0> <II = 1> <Delay = 0.44> <FuncUnit> <Opcode : 'select'> <InPorts = 3> <OutPorts = 1>
ST_57 : Operation 1538 [1/1] (0.00ns) (grouped into LUT with out node select_ln45_16)   --->   "%select_ln45_10 = select i1 %icmp_ln41_read, i32 %select_ln41_14, i32 %R_real_5" [top_cmplx.cpp:45->top_cmplx.cpp:146]   --->   Operation 1538 'select' 'select_ln45_10' <Predicate = (icmp_ln119 & !tmp_15)> <Delay = 0.00> <CoreInst = "Sel">   --->   Core 73 'Sel' <Latency = 0> <II = 1> <Delay = 0.44> <FuncUnit> <Opcode : 'select'> <InPorts = 3> <OutPorts = 1>
ST_57 : Operation 1539 [1/1] (0.00ns) (grouped into LUT with out node select_ln45_17)   --->   "%select_ln45_11 = select i1 %icmp_ln41_read, i32 %R_real_5, i32 %select_ln41_15" [top_cmplx.cpp:45->top_cmplx.cpp:146]   --->   Operation 1539 'select' 'select_ln45_11' <Predicate = (icmp_ln119 & !tmp_15)> <Delay = 0.00> <CoreInst = "Sel">   --->   Core 73 'Sel' <Latency = 0> <II = 1> <Delay = 0.44> <FuncUnit> <Opcode : 'select'> <InPorts = 3> <OutPorts = 1>
ST_57 : Operation 1540 [1/1] (0.00ns) (grouped into LUT with out node or_ln45_3)   --->   "%or_ln45 = or i1 %icmp_ln41_2, i1 %icmp_ln41_3" [top_cmplx.cpp:45->top_cmplx.cpp:146]   --->   Operation 1540 'or' 'or_ln45' <Predicate = (icmp_ln119 & !tmp_15)> <Delay = 0.00> <CoreInst = "LogicGate">   --->   Core 74 'LogicGate' <Latency = 0> <II = 1> <Delay = 0.28> <FuncUnit> <Opcode : 'and' 'or' 'xor'> <InPorts = 2> <OutPorts = 1>
ST_57 : Operation 1541 [1/1] (0.00ns) (grouped into LUT with out node or_ln45_3)   --->   "%or_ln45_1 = or i1 %icmp_ln41_5, i1 %icmp_ln41_4" [top_cmplx.cpp:45->top_cmplx.cpp:146]   --->   Operation 1541 'or' 'or_ln45_1' <Predicate = (icmp_ln119 & !tmp_15)> <Delay = 0.00> <CoreInst = "LogicGate">   --->   Core 74 'LogicGate' <Latency = 0> <II = 1> <Delay = 0.28> <FuncUnit> <Opcode : 'and' 'or' 'xor'> <InPorts = 2> <OutPorts = 1>
ST_57 : Operation 1542 [1/1] (0.00ns) (grouped into LUT with out node or_ln45_3)   --->   "%or_ln45_2 = or i1 %or_ln45_1, i1 %icmp_ln41_1" [top_cmplx.cpp:45->top_cmplx.cpp:146]   --->   Operation 1542 'or' 'or_ln45_2' <Predicate = (icmp_ln119 & !tmp_15)> <Delay = 0.00> <CoreInst = "LogicGate">   --->   Core 74 'LogicGate' <Latency = 0> <II = 1> <Delay = 0.28> <FuncUnit> <Opcode : 'and' 'or' 'xor'> <InPorts = 2> <OutPorts = 1>
ST_57 : Operation 1543 [1/1] (0.28ns) (out node of the LUT)   --->   "%or_ln45_3 = or i1 %or_ln45_2, i1 %or_ln45" [top_cmplx.cpp:45->top_cmplx.cpp:146]   --->   Operation 1543 'or' 'or_ln45_3' <Predicate = (icmp_ln119 & !tmp_15)> <Delay = 0.28> <CoreInst = "LogicGate">   --->   Core 74 'LogicGate' <Latency = 0> <II = 1> <Delay = 0.28> <FuncUnit> <Opcode : 'and' 'or' 'xor'> <InPorts = 2> <OutPorts = 1>
ST_57 : Operation 1544 [1/1] (0.44ns) (out node of the LUT)   --->   "%select_ln45_12 = select i1 %or_ln45_3, i32 %mux_case_31052, i32 %select_ln45" [top_cmplx.cpp:45->top_cmplx.cpp:146]   --->   Operation 1544 'select' 'select_ln45_12' <Predicate = (icmp_ln119 & !tmp_15)> <Delay = 0.44> <CoreInst = "Sel">   --->   Core 73 'Sel' <Latency = 0> <II = 1> <Delay = 0.44> <FuncUnit> <Opcode : 'select'> <InPorts = 3> <OutPorts = 1>
ST_57 : Operation 1545 [1/1] (0.44ns) (out node of the LUT)   --->   "%select_ln45_13 = select i1 %or_ln45_3, i32 %mux_case_21051, i32 %select_ln45_1" [top_cmplx.cpp:45->top_cmplx.cpp:146]   --->   Operation 1545 'select' 'select_ln45_13' <Predicate = (icmp_ln119 & !tmp_15)> <Delay = 0.44> <CoreInst = "Sel">   --->   Core 73 'Sel' <Latency = 0> <II = 1> <Delay = 0.44> <FuncUnit> <Opcode : 'select'> <InPorts = 3> <OutPorts = 1>
ST_57 : Operation 1546 [1/1] (0.44ns) (out node of the LUT)   --->   "%select_ln45_14 = select i1 %icmp_ln41_5, i32 %select_ln45_2, i32 %select_ln41_12" [top_cmplx.cpp:45->top_cmplx.cpp:146]   --->   Operation 1546 'select' 'select_ln45_14' <Predicate = (icmp_ln119 & !tmp_15)> <Delay = 0.44> <CoreInst = "Sel">   --->   Core 73 'Sel' <Latency = 0> <II = 1> <Delay = 0.44> <FuncUnit> <Opcode : 'select'> <InPorts = 3> <OutPorts = 1>
ST_57 : Operation 1547 [1/1] (0.44ns) (out node of the LUT)   --->   "%select_ln45_15 = select i1 %icmp_ln41_5, i32 %select_ln45_3, i32 %select_ln41_13" [top_cmplx.cpp:45->top_cmplx.cpp:146]   --->   Operation 1547 'select' 'select_ln45_15' <Predicate = (icmp_ln119 & !tmp_15)> <Delay = 0.44> <CoreInst = "Sel">   --->   Core 73 'Sel' <Latency = 0> <II = 1> <Delay = 0.44> <FuncUnit> <Opcode : 'select'> <InPorts = 3> <OutPorts = 1>
ST_57 : Operation 1548 [1/1] (0.44ns) (out node of the LUT)   --->   "%select_ln45_16 = select i1 %icmp_ln41_4, i32 %select_ln45_10, i32 %select_ln41_14" [top_cmplx.cpp:45->top_cmplx.cpp:146]   --->   Operation 1548 'select' 'select_ln45_16' <Predicate = (icmp_ln119 & !tmp_15)> <Delay = 0.44> <CoreInst = "Sel">   --->   Core 73 'Sel' <Latency = 0> <II = 1> <Delay = 0.44> <FuncUnit> <Opcode : 'select'> <InPorts = 3> <OutPorts = 1>
ST_57 : Operation 1549 [1/1] (0.44ns) (out node of the LUT)   --->   "%select_ln45_17 = select i1 %icmp_ln41_4, i32 %select_ln45_11, i32 %select_ln41_15" [top_cmplx.cpp:45->top_cmplx.cpp:146]   --->   Operation 1549 'select' 'select_ln45_17' <Predicate = (icmp_ln119 & !tmp_15)> <Delay = 0.44> <CoreInst = "Sel">   --->   Core 73 'Sel' <Latency = 0> <II = 1> <Delay = 0.44> <FuncUnit> <Opcode : 'select'> <InPorts = 3> <OutPorts = 1>
ST_57 : Operation 1550 [1/1] (0.44ns) (out node of the LUT)   --->   "%select_ln45_18 = select i1 %icmp_ln41_3, i32 %select_ln45_8, i32 %select_ln41_16" [top_cmplx.cpp:45->top_cmplx.cpp:146]   --->   Operation 1550 'select' 'select_ln45_18' <Predicate = (icmp_ln119 & !tmp_15)> <Delay = 0.44> <CoreInst = "Sel">   --->   Core 73 'Sel' <Latency = 0> <II = 1> <Delay = 0.44> <FuncUnit> <Opcode : 'select'> <InPorts = 3> <OutPorts = 1>
ST_57 : Operation 1551 [1/1] (0.44ns) (out node of the LUT)   --->   "%select_ln45_19 = select i1 %icmp_ln41_3, i32 %select_ln45_9, i32 %select_ln41_17" [top_cmplx.cpp:45->top_cmplx.cpp:146]   --->   Operation 1551 'select' 'select_ln45_19' <Predicate = (icmp_ln119 & !tmp_15)> <Delay = 0.44> <CoreInst = "Sel">   --->   Core 73 'Sel' <Latency = 0> <II = 1> <Delay = 0.44> <FuncUnit> <Opcode : 'select'> <InPorts = 3> <OutPorts = 1>
ST_57 : Operation 1552 [1/1] (0.44ns) (out node of the LUT)   --->   "%select_ln45_20 = select i1 %icmp_ln41_2, i32 %select_ln45_6, i32 %select_ln41_18" [top_cmplx.cpp:45->top_cmplx.cpp:146]   --->   Operation 1552 'select' 'select_ln45_20' <Predicate = (icmp_ln119 & !tmp_15)> <Delay = 0.44> <CoreInst = "Sel">   --->   Core 73 'Sel' <Latency = 0> <II = 1> <Delay = 0.44> <FuncUnit> <Opcode : 'select'> <InPorts = 3> <OutPorts = 1>
ST_57 : Operation 1553 [1/1] (0.44ns) (out node of the LUT)   --->   "%select_ln45_21 = select i1 %icmp_ln41_2, i32 %select_ln45_7, i32 %select_ln41_19" [top_cmplx.cpp:45->top_cmplx.cpp:146]   --->   Operation 1553 'select' 'select_ln45_21' <Predicate = (icmp_ln119 & !tmp_15)> <Delay = 0.44> <CoreInst = "Sel">   --->   Core 73 'Sel' <Latency = 0> <II = 1> <Delay = 0.44> <FuncUnit> <Opcode : 'select'> <InPorts = 3> <OutPorts = 1>
ST_57 : Operation 1554 [1/1] (0.44ns) (out node of the LUT)   --->   "%select_ln45_22 = select i1 %icmp_ln41_1, i32 %select_ln45_4, i32 %select_ln41_20" [top_cmplx.cpp:45->top_cmplx.cpp:146]   --->   Operation 1554 'select' 'select_ln45_22' <Predicate = (icmp_ln119 & !tmp_15)> <Delay = 0.44> <CoreInst = "Sel">   --->   Core 73 'Sel' <Latency = 0> <II = 1> <Delay = 0.44> <FuncUnit> <Opcode : 'select'> <InPorts = 3> <OutPorts = 1>
ST_57 : Operation 1555 [1/1] (0.44ns) (out node of the LUT)   --->   "%select_ln45_23 = select i1 %icmp_ln41_1, i32 %select_ln45_5, i32 %select_ln41_21" [top_cmplx.cpp:45->top_cmplx.cpp:146]   --->   Operation 1555 'select' 'select_ln45_23' <Predicate = (icmp_ln119 & !tmp_15)> <Delay = 0.44> <CoreInst = "Sel">   --->   Core 73 'Sel' <Latency = 0> <II = 1> <Delay = 0.44> <FuncUnit> <Opcode : 'select'> <InPorts = 3> <OutPorts = 1>
ST_57 : Operation 1556 [1/4] (6.43ns)   --->   "%R_imag_5 = fadd i32 %mul38_i2, i32 %mul39_i2" [top_cmplx.cpp:46->top_cmplx.cpp:146]   --->   Operation 1556 'fadd' 'R_imag_5' <Predicate = (icmp_ln119 & !tmp_15)> <Delay = 6.43> <CoreInst = "FAddSub_fulldsp">   --->   Core 18 'FAddSub_fulldsp' <Latency = 3> <II = 1> <Delay = 6.43> <FuncUnit> <Opcode : 'fadd' 'fsub'> <InPorts = 2> <OutPorts = 1>
ST_57 : Operation 1557 [1/1] (0.00ns) (grouped into LUT with out node select_ln42_12)   --->   "%select_ln42 = select i1 %icmp_ln41_read, i32 %mux_case_31382, i32 %R_imag_4" [top_cmplx.cpp:42->top_cmplx.cpp:146]   --->   Operation 1557 'select' 'select_ln42' <Predicate = (icmp_ln119 & !tmp_15)> <Delay = 0.00> <CoreInst = "Sel">   --->   Core 73 'Sel' <Latency = 0> <II = 1> <Delay = 0.44> <FuncUnit> <Opcode : 'select'> <InPorts = 3> <OutPorts = 1>
ST_57 : Operation 1558 [1/1] (0.00ns) (grouped into LUT with out node select_ln42_13)   --->   "%select_ln42_1 = select i1 %icmp_ln41_read, i32 %R_imag_4, i32 %mux_case_21381" [top_cmplx.cpp:42->top_cmplx.cpp:146]   --->   Operation 1558 'select' 'select_ln42_1' <Predicate = (icmp_ln119 & !tmp_15)> <Delay = 0.00> <CoreInst = "Sel">   --->   Core 73 'Sel' <Latency = 0> <II = 1> <Delay = 0.44> <FuncUnit> <Opcode : 'select'> <InPorts = 3> <OutPorts = 1>
ST_57 : Operation 1559 [1/1] (0.00ns) (grouped into LUT with out node select_ln42_22)   --->   "%select_ln42_2 = select i1 %icmp_ln41_read, i32 %mux_case_31357, i32 %R_imag_4" [top_cmplx.cpp:42->top_cmplx.cpp:146]   --->   Operation 1559 'select' 'select_ln42_2' <Predicate = (icmp_ln119 & !tmp_15)> <Delay = 0.00> <CoreInst = "Sel">   --->   Core 73 'Sel' <Latency = 0> <II = 1> <Delay = 0.44> <FuncUnit> <Opcode : 'select'> <InPorts = 3> <OutPorts = 1>
ST_57 : Operation 1560 [1/1] (0.00ns) (grouped into LUT with out node select_ln42_23)   --->   "%select_ln42_3 = select i1 %icmp_ln41_read, i32 %R_imag_4, i32 %mux_case_21356" [top_cmplx.cpp:42->top_cmplx.cpp:146]   --->   Operation 1560 'select' 'select_ln42_3' <Predicate = (icmp_ln119 & !tmp_15)> <Delay = 0.00> <CoreInst = "Sel">   --->   Core 73 'Sel' <Latency = 0> <II = 1> <Delay = 0.44> <FuncUnit> <Opcode : 'select'> <InPorts = 3> <OutPorts = 1>
ST_57 : Operation 1561 [1/1] (0.00ns) (grouped into LUT with out node select_ln42_20)   --->   "%select_ln42_4 = select i1 %icmp_ln41_read, i32 %mux_case_31362, i32 %R_imag_4" [top_cmplx.cpp:42->top_cmplx.cpp:146]   --->   Operation 1561 'select' 'select_ln42_4' <Predicate = (icmp_ln119 & !tmp_15)> <Delay = 0.00> <CoreInst = "Sel">   --->   Core 73 'Sel' <Latency = 0> <II = 1> <Delay = 0.44> <FuncUnit> <Opcode : 'select'> <InPorts = 3> <OutPorts = 1>
ST_57 : Operation 1562 [1/1] (0.00ns) (grouped into LUT with out node select_ln42_21)   --->   "%select_ln42_5 = select i1 %icmp_ln41_read, i32 %R_imag_4, i32 %mux_case_21361" [top_cmplx.cpp:42->top_cmplx.cpp:146]   --->   Operation 1562 'select' 'select_ln42_5' <Predicate = (icmp_ln119 & !tmp_15)> <Delay = 0.00> <CoreInst = "Sel">   --->   Core 73 'Sel' <Latency = 0> <II = 1> <Delay = 0.44> <FuncUnit> <Opcode : 'select'> <InPorts = 3> <OutPorts = 1>
ST_57 : Operation 1563 [1/1] (0.00ns) (grouped into LUT with out node select_ln42_18)   --->   "%select_ln42_6 = select i1 %icmp_ln41_read, i32 %mux_case_31367, i32 %R_imag_4" [top_cmplx.cpp:42->top_cmplx.cpp:146]   --->   Operation 1563 'select' 'select_ln42_6' <Predicate = (icmp_ln119 & !tmp_15)> <Delay = 0.00> <CoreInst = "Sel">   --->   Core 73 'Sel' <Latency = 0> <II = 1> <Delay = 0.44> <FuncUnit> <Opcode : 'select'> <InPorts = 3> <OutPorts = 1>
ST_57 : Operation 1564 [1/1] (0.00ns) (grouped into LUT with out node select_ln42_19)   --->   "%select_ln42_7 = select i1 %icmp_ln41_read, i32 %R_imag_4, i32 %mux_case_21366" [top_cmplx.cpp:42->top_cmplx.cpp:146]   --->   Operation 1564 'select' 'select_ln42_7' <Predicate = (icmp_ln119 & !tmp_15)> <Delay = 0.00> <CoreInst = "Sel">   --->   Core 73 'Sel' <Latency = 0> <II = 1> <Delay = 0.44> <FuncUnit> <Opcode : 'select'> <InPorts = 3> <OutPorts = 1>
ST_57 : Operation 1565 [1/1] (0.00ns) (grouped into LUT with out node select_ln42_16)   --->   "%select_ln42_8 = select i1 %icmp_ln41_read, i32 %mux_case_31372, i32 %R_imag_4" [top_cmplx.cpp:42->top_cmplx.cpp:146]   --->   Operation 1565 'select' 'select_ln42_8' <Predicate = (icmp_ln119 & !tmp_15)> <Delay = 0.00> <CoreInst = "Sel">   --->   Core 73 'Sel' <Latency = 0> <II = 1> <Delay = 0.44> <FuncUnit> <Opcode : 'select'> <InPorts = 3> <OutPorts = 1>
ST_57 : Operation 1566 [1/1] (0.00ns) (grouped into LUT with out node select_ln42_17)   --->   "%select_ln42_9 = select i1 %icmp_ln41_read, i32 %R_imag_4, i32 %mux_case_21371" [top_cmplx.cpp:42->top_cmplx.cpp:146]   --->   Operation 1566 'select' 'select_ln42_9' <Predicate = (icmp_ln119 & !tmp_15)> <Delay = 0.00> <CoreInst = "Sel">   --->   Core 73 'Sel' <Latency = 0> <II = 1> <Delay = 0.44> <FuncUnit> <Opcode : 'select'> <InPorts = 3> <OutPorts = 1>
ST_57 : Operation 1567 [1/1] (0.00ns) (grouped into LUT with out node select_ln42_14)   --->   "%select_ln42_10 = select i1 %icmp_ln41_read, i32 %mux_case_31377, i32 %R_imag_4" [top_cmplx.cpp:42->top_cmplx.cpp:146]   --->   Operation 1567 'select' 'select_ln42_10' <Predicate = (icmp_ln119 & !tmp_15)> <Delay = 0.00> <CoreInst = "Sel">   --->   Core 73 'Sel' <Latency = 0> <II = 1> <Delay = 0.44> <FuncUnit> <Opcode : 'select'> <InPorts = 3> <OutPorts = 1>
ST_57 : Operation 1568 [1/1] (0.00ns) (grouped into LUT with out node select_ln42_15)   --->   "%select_ln42_11 = select i1 %icmp_ln41_read, i32 %R_imag_4, i32 %mux_case_21376" [top_cmplx.cpp:42->top_cmplx.cpp:146]   --->   Operation 1568 'select' 'select_ln42_11' <Predicate = (icmp_ln119 & !tmp_15)> <Delay = 0.00> <CoreInst = "Sel">   --->   Core 73 'Sel' <Latency = 0> <II = 1> <Delay = 0.44> <FuncUnit> <Opcode : 'select'> <InPorts = 3> <OutPorts = 1>
ST_57 : Operation 1569 [1/1] (0.44ns) (out node of the LUT)   --->   "%select_ln42_12 = select i1 %or_ln41_3, i32 %mux_case_31382, i32 %select_ln42" [top_cmplx.cpp:42->top_cmplx.cpp:146]   --->   Operation 1569 'select' 'select_ln42_12' <Predicate = (icmp_ln119 & !tmp_15)> <Delay = 0.44> <CoreInst = "Sel">   --->   Core 73 'Sel' <Latency = 0> <II = 1> <Delay = 0.44> <FuncUnit> <Opcode : 'select'> <InPorts = 3> <OutPorts = 1>
ST_57 : Operation 1570 [1/1] (0.44ns) (out node of the LUT)   --->   "%select_ln42_13 = select i1 %or_ln41_3, i32 %mux_case_21381, i32 %select_ln42_1" [top_cmplx.cpp:42->top_cmplx.cpp:146]   --->   Operation 1570 'select' 'select_ln42_13' <Predicate = (icmp_ln119 & !tmp_15)> <Delay = 0.44> <CoreInst = "Sel">   --->   Core 73 'Sel' <Latency = 0> <II = 1> <Delay = 0.44> <FuncUnit> <Opcode : 'select'> <InPorts = 3> <OutPorts = 1>
ST_57 : Operation 1571 [1/1] (0.44ns) (out node of the LUT)   --->   "%select_ln42_14 = select i1 %icmp_ln41_5, i32 %select_ln42_10, i32 %mux_case_31377" [top_cmplx.cpp:42->top_cmplx.cpp:146]   --->   Operation 1571 'select' 'select_ln42_14' <Predicate = (icmp_ln119 & !tmp_15)> <Delay = 0.44> <CoreInst = "Sel">   --->   Core 73 'Sel' <Latency = 0> <II = 1> <Delay = 0.44> <FuncUnit> <Opcode : 'select'> <InPorts = 3> <OutPorts = 1>
ST_57 : Operation 1572 [1/1] (0.44ns) (out node of the LUT)   --->   "%select_ln42_15 = select i1 %icmp_ln41_5, i32 %select_ln42_11, i32 %mux_case_21376" [top_cmplx.cpp:42->top_cmplx.cpp:146]   --->   Operation 1572 'select' 'select_ln42_15' <Predicate = (icmp_ln119 & !tmp_15)> <Delay = 0.44> <CoreInst = "Sel">   --->   Core 73 'Sel' <Latency = 0> <II = 1> <Delay = 0.44> <FuncUnit> <Opcode : 'select'> <InPorts = 3> <OutPorts = 1>
ST_57 : Operation 1573 [1/1] (0.44ns) (out node of the LUT)   --->   "%select_ln42_16 = select i1 %icmp_ln41_4, i32 %select_ln42_8, i32 %mux_case_31372" [top_cmplx.cpp:42->top_cmplx.cpp:146]   --->   Operation 1573 'select' 'select_ln42_16' <Predicate = (icmp_ln119 & !tmp_15)> <Delay = 0.44> <CoreInst = "Sel">   --->   Core 73 'Sel' <Latency = 0> <II = 1> <Delay = 0.44> <FuncUnit> <Opcode : 'select'> <InPorts = 3> <OutPorts = 1>
ST_57 : Operation 1574 [1/1] (0.44ns) (out node of the LUT)   --->   "%select_ln42_17 = select i1 %icmp_ln41_4, i32 %select_ln42_9, i32 %mux_case_21371" [top_cmplx.cpp:42->top_cmplx.cpp:146]   --->   Operation 1574 'select' 'select_ln42_17' <Predicate = (icmp_ln119 & !tmp_15)> <Delay = 0.44> <CoreInst = "Sel">   --->   Core 73 'Sel' <Latency = 0> <II = 1> <Delay = 0.44> <FuncUnit> <Opcode : 'select'> <InPorts = 3> <OutPorts = 1>
ST_57 : Operation 1575 [1/1] (0.44ns) (out node of the LUT)   --->   "%select_ln42_18 = select i1 %icmp_ln41_3, i32 %select_ln42_6, i32 %mux_case_31367" [top_cmplx.cpp:42->top_cmplx.cpp:146]   --->   Operation 1575 'select' 'select_ln42_18' <Predicate = (icmp_ln119 & !tmp_15)> <Delay = 0.44> <CoreInst = "Sel">   --->   Core 73 'Sel' <Latency = 0> <II = 1> <Delay = 0.44> <FuncUnit> <Opcode : 'select'> <InPorts = 3> <OutPorts = 1>
ST_57 : Operation 1576 [1/1] (0.44ns) (out node of the LUT)   --->   "%select_ln42_19 = select i1 %icmp_ln41_3, i32 %select_ln42_7, i32 %mux_case_21366" [top_cmplx.cpp:42->top_cmplx.cpp:146]   --->   Operation 1576 'select' 'select_ln42_19' <Predicate = (icmp_ln119 & !tmp_15)> <Delay = 0.44> <CoreInst = "Sel">   --->   Core 73 'Sel' <Latency = 0> <II = 1> <Delay = 0.44> <FuncUnit> <Opcode : 'select'> <InPorts = 3> <OutPorts = 1>
ST_57 : Operation 1577 [1/1] (0.44ns) (out node of the LUT)   --->   "%select_ln42_20 = select i1 %icmp_ln41_2, i32 %select_ln42_4, i32 %mux_case_31362" [top_cmplx.cpp:42->top_cmplx.cpp:146]   --->   Operation 1577 'select' 'select_ln42_20' <Predicate = (icmp_ln119 & !tmp_15)> <Delay = 0.44> <CoreInst = "Sel">   --->   Core 73 'Sel' <Latency = 0> <II = 1> <Delay = 0.44> <FuncUnit> <Opcode : 'select'> <InPorts = 3> <OutPorts = 1>
ST_57 : Operation 1578 [1/1] (0.44ns) (out node of the LUT)   --->   "%select_ln42_21 = select i1 %icmp_ln41_2, i32 %select_ln42_5, i32 %mux_case_21361" [top_cmplx.cpp:42->top_cmplx.cpp:146]   --->   Operation 1578 'select' 'select_ln42_21' <Predicate = (icmp_ln119 & !tmp_15)> <Delay = 0.44> <CoreInst = "Sel">   --->   Core 73 'Sel' <Latency = 0> <II = 1> <Delay = 0.44> <FuncUnit> <Opcode : 'select'> <InPorts = 3> <OutPorts = 1>
ST_57 : Operation 1579 [1/1] (0.44ns) (out node of the LUT)   --->   "%select_ln42_22 = select i1 %icmp_ln41_1, i32 %select_ln42_2, i32 %mux_case_31357" [top_cmplx.cpp:42->top_cmplx.cpp:146]   --->   Operation 1579 'select' 'select_ln42_22' <Predicate = (icmp_ln119 & !tmp_15)> <Delay = 0.44> <CoreInst = "Sel">   --->   Core 73 'Sel' <Latency = 0> <II = 1> <Delay = 0.44> <FuncUnit> <Opcode : 'select'> <InPorts = 3> <OutPorts = 1>
ST_57 : Operation 1580 [1/1] (0.44ns) (out node of the LUT)   --->   "%select_ln42_23 = select i1 %icmp_ln41_1, i32 %select_ln42_3, i32 %mux_case_21356" [top_cmplx.cpp:42->top_cmplx.cpp:146]   --->   Operation 1580 'select' 'select_ln42_23' <Predicate = (icmp_ln119 & !tmp_15)> <Delay = 0.44> <CoreInst = "Sel">   --->   Core 73 'Sel' <Latency = 0> <II = 1> <Delay = 0.44> <FuncUnit> <Opcode : 'select'> <InPorts = 3> <OutPorts = 1>
ST_57 : Operation 1581 [1/1] (0.44ns)   --->   "%select_ln46_10 = select i1 %icmp_ln41_read, i32 %select_ln42_14, i32 %R_imag_5" [top_cmplx.cpp:46->top_cmplx.cpp:146]   --->   Operation 1581 'select' 'select_ln46_10' <Predicate = (icmp_ln119 & i_1 == 4 & !tmp_15)> <Delay = 0.44> <CoreInst = "Sel">   --->   Core 73 'Sel' <Latency = 0> <II = 1> <Delay = 0.44> <FuncUnit> <Opcode : 'select'> <InPorts = 3> <OutPorts = 1>
ST_57 : Operation 1582 [1/1] (0.44ns)   --->   "%select_ln46_11 = select i1 %icmp_ln41_read, i32 %R_imag_5, i32 %select_ln42_15" [top_cmplx.cpp:46->top_cmplx.cpp:146]   --->   Operation 1582 'select' 'select_ln46_11' <Predicate = (icmp_ln119 & i_1 == 4 & !tmp_15)> <Delay = 0.44> <CoreInst = "Sel">   --->   Core 73 'Sel' <Latency = 0> <II = 1> <Delay = 0.44> <FuncUnit> <Opcode : 'select'> <InPorts = 3> <OutPorts = 1>
ST_57 : Operation 1583 [1/1] (0.47ns)   --->   "%br_ln46 = br void %for.inc95.2" [top_cmplx.cpp:46->top_cmplx.cpp:146]   --->   Operation 1583 'br' 'br_ln46' <Predicate = (icmp_ln119 & i_1 == 4 & !tmp_15)> <Delay = 0.47>
ST_57 : Operation 1584 [1/1] (0.44ns)   --->   "%select_ln46_8 = select i1 %icmp_ln41_read, i32 %select_ln42_16, i32 %R_imag_5" [top_cmplx.cpp:46->top_cmplx.cpp:146]   --->   Operation 1584 'select' 'select_ln46_8' <Predicate = (icmp_ln119 & i_1 == 3 & !tmp_15)> <Delay = 0.44> <CoreInst = "Sel">   --->   Core 73 'Sel' <Latency = 0> <II = 1> <Delay = 0.44> <FuncUnit> <Opcode : 'select'> <InPorts = 3> <OutPorts = 1>
ST_57 : Operation 1585 [1/1] (0.44ns)   --->   "%select_ln46_9 = select i1 %icmp_ln41_read, i32 %R_imag_5, i32 %select_ln42_17" [top_cmplx.cpp:46->top_cmplx.cpp:146]   --->   Operation 1585 'select' 'select_ln46_9' <Predicate = (icmp_ln119 & i_1 == 3 & !tmp_15)> <Delay = 0.44> <CoreInst = "Sel">   --->   Core 73 'Sel' <Latency = 0> <II = 1> <Delay = 0.44> <FuncUnit> <Opcode : 'select'> <InPorts = 3> <OutPorts = 1>
ST_57 : Operation 1586 [1/1] (0.47ns)   --->   "%br_ln46 = br void %for.inc95.2" [top_cmplx.cpp:46->top_cmplx.cpp:146]   --->   Operation 1586 'br' 'br_ln46' <Predicate = (icmp_ln119 & i_1 == 3 & !tmp_15)> <Delay = 0.47>
ST_57 : Operation 1587 [1/1] (0.44ns)   --->   "%select_ln46_6 = select i1 %icmp_ln41_read, i32 %select_ln42_18, i32 %R_imag_5" [top_cmplx.cpp:46->top_cmplx.cpp:146]   --->   Operation 1587 'select' 'select_ln46_6' <Predicate = (icmp_ln119 & i_1 == 2 & !tmp_15)> <Delay = 0.44> <CoreInst = "Sel">   --->   Core 73 'Sel' <Latency = 0> <II = 1> <Delay = 0.44> <FuncUnit> <Opcode : 'select'> <InPorts = 3> <OutPorts = 1>
ST_57 : Operation 1588 [1/1] (0.44ns)   --->   "%select_ln46_7 = select i1 %icmp_ln41_read, i32 %R_imag_5, i32 %select_ln42_19" [top_cmplx.cpp:46->top_cmplx.cpp:146]   --->   Operation 1588 'select' 'select_ln46_7' <Predicate = (icmp_ln119 & i_1 == 2 & !tmp_15)> <Delay = 0.44> <CoreInst = "Sel">   --->   Core 73 'Sel' <Latency = 0> <II = 1> <Delay = 0.44> <FuncUnit> <Opcode : 'select'> <InPorts = 3> <OutPorts = 1>
ST_57 : Operation 1589 [1/1] (0.47ns)   --->   "%br_ln46 = br void %for.inc95.2" [top_cmplx.cpp:46->top_cmplx.cpp:146]   --->   Operation 1589 'br' 'br_ln46' <Predicate = (icmp_ln119 & i_1 == 2 & !tmp_15)> <Delay = 0.47>
ST_57 : Operation 1590 [1/1] (0.44ns)   --->   "%select_ln46_4 = select i1 %icmp_ln41_read, i32 %select_ln42_20, i32 %R_imag_5" [top_cmplx.cpp:46->top_cmplx.cpp:146]   --->   Operation 1590 'select' 'select_ln46_4' <Predicate = (icmp_ln119 & i_1 == 1 & !tmp_15)> <Delay = 0.44> <CoreInst = "Sel">   --->   Core 73 'Sel' <Latency = 0> <II = 1> <Delay = 0.44> <FuncUnit> <Opcode : 'select'> <InPorts = 3> <OutPorts = 1>
ST_57 : Operation 1591 [1/1] (0.44ns)   --->   "%select_ln46_5 = select i1 %icmp_ln41_read, i32 %R_imag_5, i32 %select_ln42_21" [top_cmplx.cpp:46->top_cmplx.cpp:146]   --->   Operation 1591 'select' 'select_ln46_5' <Predicate = (icmp_ln119 & i_1 == 1 & !tmp_15)> <Delay = 0.44> <CoreInst = "Sel">   --->   Core 73 'Sel' <Latency = 0> <II = 1> <Delay = 0.44> <FuncUnit> <Opcode : 'select'> <InPorts = 3> <OutPorts = 1>
ST_57 : Operation 1592 [1/1] (0.47ns)   --->   "%br_ln46 = br void %for.inc95.2" [top_cmplx.cpp:46->top_cmplx.cpp:146]   --->   Operation 1592 'br' 'br_ln46' <Predicate = (icmp_ln119 & i_1 == 1 & !tmp_15)> <Delay = 0.47>
ST_57 : Operation 1593 [1/1] (0.44ns)   --->   "%select_ln46_2 = select i1 %icmp_ln41_read, i32 %select_ln42_12, i32 %R_imag_5" [top_cmplx.cpp:46->top_cmplx.cpp:146]   --->   Operation 1593 'select' 'select_ln46_2' <Predicate = (icmp_ln119 & i_1 == 5 & !tmp_15)> <Delay = 0.44> <CoreInst = "Sel">   --->   Core 73 'Sel' <Latency = 0> <II = 1> <Delay = 0.44> <FuncUnit> <Opcode : 'select'> <InPorts = 3> <OutPorts = 1>
ST_57 : Operation 1594 [1/1] (0.44ns)   --->   "%select_ln46_3 = select i1 %icmp_ln41_read, i32 %R_imag_5, i32 %select_ln42_13" [top_cmplx.cpp:46->top_cmplx.cpp:146]   --->   Operation 1594 'select' 'select_ln46_3' <Predicate = (icmp_ln119 & i_1 == 5 & !tmp_15)> <Delay = 0.44> <CoreInst = "Sel">   --->   Core 73 'Sel' <Latency = 0> <II = 1> <Delay = 0.44> <FuncUnit> <Opcode : 'select'> <InPorts = 3> <OutPorts = 1>
ST_57 : Operation 1595 [1/1] (0.47ns)   --->   "%br_ln46 = br void %for.inc95.2" [top_cmplx.cpp:46->top_cmplx.cpp:146]   --->   Operation 1595 'br' 'br_ln46' <Predicate = (icmp_ln119 & i_1 == 5 & !tmp_15)> <Delay = 0.47>
ST_57 : Operation 1596 [1/1] (0.44ns)   --->   "%select_ln46 = select i1 %icmp_ln41_read, i32 %mux_case_31387, i32 %R_imag_5" [top_cmplx.cpp:46->top_cmplx.cpp:146]   --->   Operation 1596 'select' 'select_ln46' <Predicate = (icmp_ln119 & i_1 != 1 & i_1 != 2 & i_1 != 3 & i_1 != 4 & i_1 != 5 & !tmp_15)> <Delay = 0.44> <CoreInst = "Sel">   --->   Core 73 'Sel' <Latency = 0> <II = 1> <Delay = 0.44> <FuncUnit> <Opcode : 'select'> <InPorts = 3> <OutPorts = 1>
ST_57 : Operation 1597 [1/1] (0.44ns)   --->   "%select_ln46_1 = select i1 %icmp_ln41_read, i32 %R_imag_5, i32 %mux_case_21386" [top_cmplx.cpp:46->top_cmplx.cpp:146]   --->   Operation 1597 'select' 'select_ln46_1' <Predicate = (icmp_ln119 & i_1 != 1 & i_1 != 2 & i_1 != 3 & i_1 != 4 & i_1 != 5 & !tmp_15)> <Delay = 0.44> <CoreInst = "Sel">   --->   Core 73 'Sel' <Latency = 0> <II = 1> <Delay = 0.44> <FuncUnit> <Opcode : 'select'> <InPorts = 3> <OutPorts = 1>
ST_57 : Operation 1598 [1/1] (0.47ns)   --->   "%br_ln46 = br void %for.inc95.2" [top_cmplx.cpp:46->top_cmplx.cpp:146]   --->   Operation 1598 'br' 'br_ln46' <Predicate = (icmp_ln119 & i_1 != 1 & i_1 != 2 & i_1 != 3 & i_1 != 4 & i_1 != 5 & !tmp_15)> <Delay = 0.47>
ST_57 : Operation 1599 [1/1] (0.00ns)   --->   "%mux_case_31238 = phi i32 %mux_case_31387, void %imag169.i170213.case.1, i32 %mux_case_31387, void %imag169.i170213.case.2, i32 %mux_case_31387, void %imag169.i170213.case.3, i32 %mux_case_31387, void %imag169.i170213.case.4, i32 %mux_case_31387, void %imag169.i170213.case.5, i32 %select_ln46, void %imag169.i170213.case.6, i32 %mux_case_31387, void %for.inc95.1" [top_cmplx.cpp:46->top_cmplx.cpp:146]   --->   Operation 1599 'phi' 'mux_case_31238' <Predicate = (icmp_ln119)> <Delay = 0.00>
ST_57 : Operation 1600 [1/1] (0.00ns)   --->   "%mux_case_31017 = phi i32 %select_ln45_12, void %imag169.i170213.case.1, i32 %select_ln45_12, void %imag169.i170213.case.2, i32 %select_ln45_12, void %imag169.i170213.case.3, i32 %select_ln45_12, void %imag169.i170213.case.4, i32 %select_ln45_12, void %imag169.i170213.case.5, i32 %select_ln45_12, void %imag169.i170213.case.6, i32 %mux_case_31052, void %for.inc95.1" [top_cmplx.cpp:45->top_cmplx.cpp:146]   --->   Operation 1600 'phi' 'mux_case_31017' <Predicate = (icmp_ln119)> <Delay = 0.00>
ST_57 : Operation 1601 [1/1] (0.00ns)   --->   "%mux_case_31233 = phi i32 %select_ln42_12, void %imag169.i170213.case.1, i32 %select_ln42_12, void %imag169.i170213.case.2, i32 %select_ln42_12, void %imag169.i170213.case.3, i32 %select_ln42_12, void %imag169.i170213.case.4, i32 %select_ln46_2, void %imag169.i170213.case.5, i32 %select_ln42_12, void %imag169.i170213.case.6, i32 %mux_case_31382, void %for.inc95.1" [top_cmplx.cpp:42->top_cmplx.cpp:146]   --->   Operation 1601 'phi' 'mux_case_31233' <Predicate = (icmp_ln119)> <Delay = 0.00>
ST_57 : Operation 1602 [1/1] (0.00ns)   --->   "%mux_case_31228 = phi i32 %select_ln42_14, void %imag169.i170213.case.1, i32 %select_ln42_14, void %imag169.i170213.case.2, i32 %select_ln42_14, void %imag169.i170213.case.3, i32 %select_ln46_10, void %imag169.i170213.case.4, i32 %select_ln42_14, void %imag169.i170213.case.5, i32 %select_ln42_14, void %imag169.i170213.case.6, i32 %mux_case_31377, void %for.inc95.1" [top_cmplx.cpp:42->top_cmplx.cpp:146]   --->   Operation 1602 'phi' 'mux_case_31228' <Predicate = (icmp_ln119)> <Delay = 0.00>
ST_57 : Operation 1603 [1/1] (0.00ns)   --->   "%mux_case_31223 = phi i32 %select_ln42_16, void %imag169.i170213.case.1, i32 %select_ln42_16, void %imag169.i170213.case.2, i32 %select_ln46_8, void %imag169.i170213.case.3, i32 %select_ln42_16, void %imag169.i170213.case.4, i32 %select_ln42_16, void %imag169.i170213.case.5, i32 %select_ln42_16, void %imag169.i170213.case.6, i32 %mux_case_31372, void %for.inc95.1" [top_cmplx.cpp:42->top_cmplx.cpp:146]   --->   Operation 1603 'phi' 'mux_case_31223' <Predicate = (icmp_ln119)> <Delay = 0.00>
ST_57 : Operation 1604 [1/1] (0.00ns)   --->   "%mux_case_31218 = phi i32 %select_ln42_18, void %imag169.i170213.case.1, i32 %select_ln46_6, void %imag169.i170213.case.2, i32 %select_ln42_18, void %imag169.i170213.case.3, i32 %select_ln42_18, void %imag169.i170213.case.4, i32 %select_ln42_18, void %imag169.i170213.case.5, i32 %select_ln42_18, void %imag169.i170213.case.6, i32 %mux_case_31367, void %for.inc95.1" [top_cmplx.cpp:42->top_cmplx.cpp:146]   --->   Operation 1604 'phi' 'mux_case_31218' <Predicate = (icmp_ln119)> <Delay = 0.00>
ST_57 : Operation 1605 [1/1] (0.00ns)   --->   "%mux_case_31213 = phi i32 %select_ln46_4, void %imag169.i170213.case.1, i32 %select_ln42_20, void %imag169.i170213.case.2, i32 %select_ln42_20, void %imag169.i170213.case.3, i32 %select_ln42_20, void %imag169.i170213.case.4, i32 %select_ln42_20, void %imag169.i170213.case.5, i32 %select_ln42_20, void %imag169.i170213.case.6, i32 %mux_case_31362, void %for.inc95.1" [top_cmplx.cpp:46->top_cmplx.cpp:146]   --->   Operation 1605 'phi' 'mux_case_31213' <Predicate = (icmp_ln119)> <Delay = 0.00>
ST_57 : Operation 1606 [1/1] (0.00ns)   --->   "%mux_case_31208 = phi i32 %select_ln42_22, void %imag169.i170213.case.1, i32 %select_ln42_22, void %imag169.i170213.case.2, i32 %select_ln42_22, void %imag169.i170213.case.3, i32 %select_ln42_22, void %imag169.i170213.case.4, i32 %select_ln42_22, void %imag169.i170213.case.5, i32 %select_ln42_22, void %imag169.i170213.case.6, i32 %mux_case_31357, void %for.inc95.1" [top_cmplx.cpp:42->top_cmplx.cpp:146]   --->   Operation 1606 'phi' 'mux_case_31208' <Predicate = (icmp_ln119)> <Delay = 0.00>
ST_57 : Operation 1607 [1/1] (0.00ns)   --->   "%mux_case_31012 = phi i32 %select_ln45_14, void %imag169.i170213.case.1, i32 %select_ln45_14, void %imag169.i170213.case.2, i32 %select_ln45_14, void %imag169.i170213.case.3, i32 %select_ln45_14, void %imag169.i170213.case.4, i32 %select_ln45_14, void %imag169.i170213.case.5, i32 %select_ln45_14, void %imag169.i170213.case.6, i32 %mux_case_31047, void %for.inc95.1" [top_cmplx.cpp:45->top_cmplx.cpp:146]   --->   Operation 1607 'phi' 'mux_case_31012' <Predicate = (icmp_ln119)> <Delay = 0.00>
ST_57 : Operation 1608 [1/1] (0.00ns)   --->   "%mux_case_31007 = phi i32 %select_ln45_16, void %imag169.i170213.case.1, i32 %select_ln45_16, void %imag169.i170213.case.2, i32 %select_ln45_16, void %imag169.i170213.case.3, i32 %select_ln45_16, void %imag169.i170213.case.4, i32 %select_ln45_16, void %imag169.i170213.case.5, i32 %select_ln45_16, void %imag169.i170213.case.6, i32 %mux_case_31042, void %for.inc95.1" [top_cmplx.cpp:45->top_cmplx.cpp:146]   --->   Operation 1608 'phi' 'mux_case_31007' <Predicate = (icmp_ln119)> <Delay = 0.00>
ST_57 : Operation 1609 [1/1] (0.00ns)   --->   "%mux_case_31002 = phi i32 %select_ln45_18, void %imag169.i170213.case.1, i32 %select_ln45_18, void %imag169.i170213.case.2, i32 %select_ln45_18, void %imag169.i170213.case.3, i32 %select_ln45_18, void %imag169.i170213.case.4, i32 %select_ln45_18, void %imag169.i170213.case.5, i32 %select_ln45_18, void %imag169.i170213.case.6, i32 %mux_case_31037, void %for.inc95.1" [top_cmplx.cpp:45->top_cmplx.cpp:146]   --->   Operation 1609 'phi' 'mux_case_31002' <Predicate = (icmp_ln119)> <Delay = 0.00>
ST_57 : Operation 1610 [1/1] (0.00ns)   --->   "%mux_case_3997 = phi i32 %select_ln45_20, void %imag169.i170213.case.1, i32 %select_ln45_20, void %imag169.i170213.case.2, i32 %select_ln45_20, void %imag169.i170213.case.3, i32 %select_ln45_20, void %imag169.i170213.case.4, i32 %select_ln45_20, void %imag169.i170213.case.5, i32 %select_ln45_20, void %imag169.i170213.case.6, i32 %mux_case_31032, void %for.inc95.1" [top_cmplx.cpp:45->top_cmplx.cpp:146]   --->   Operation 1610 'phi' 'mux_case_3997' <Predicate = (icmp_ln119)> <Delay = 0.00>
ST_57 : Operation 1611 [1/1] (0.00ns)   --->   "%mux_case_3992 = phi i32 %select_ln45_22, void %imag169.i170213.case.1, i32 %select_ln45_22, void %imag169.i170213.case.2, i32 %select_ln45_22, void %imag169.i170213.case.3, i32 %select_ln45_22, void %imag169.i170213.case.4, i32 %select_ln45_22, void %imag169.i170213.case.5, i32 %select_ln45_22, void %imag169.i170213.case.6, i32 %mux_case_31027, void %for.inc95.1" [top_cmplx.cpp:45->top_cmplx.cpp:146]   --->   Operation 1611 'phi' 'mux_case_3992' <Predicate = (icmp_ln119)> <Delay = 0.00>
ST_57 : Operation 1612 [1/1] (0.00ns)   --->   "%mux_case_3987 = phi i32 %select_ln41_22, void %imag169.i170213.case.1, i32 %select_ln41_22, void %imag169.i170213.case.2, i32 %select_ln41_22, void %imag169.i170213.case.3, i32 %select_ln41_22, void %imag169.i170213.case.4, i32 %select_ln41_22, void %imag169.i170213.case.5, i32 %select_ln41_22, void %imag169.i170213.case.6, i32 %mux_case_31022, void %for.inc95.1" [top_cmplx.cpp:41->top_cmplx.cpp:146]   --->   Operation 1612 'phi' 'mux_case_3987' <Predicate = (icmp_ln119)> <Delay = 0.00>
ST_57 : Operation 1613 [1/1] (0.47ns)   --->   "%br_ln144 = br i1 %tmp_17, void %if.then92.3_ifconv, void %for.inc95.3" [top_cmplx.cpp:144]   --->   Operation 1613 'br' 'br_ln144' <Predicate = (icmp_ln119)> <Delay = 0.47>
ST_57 : Operation 1614 [1/1] (0.62ns)   --->   "%ai_r_3 = sparsemux i32 @_ssdm_op_SparseMux.ap_auto.6f32.f32.i3, i3 1, i32 %mux_case_3987, i3 2, i32 %mux_case_3992, i3 3, i32 %mux_case_3997, i3 4, i32 %mux_case_31002, i3 5, i32 %mux_case_31007, i3 6, i32 %mux_case_31012, i32 <undef>, i3 %i_1" [top_cmplx.cpp:34->top_cmplx.cpp:146]   --->   Operation 1614 'sparsemux' 'ai_r_3' <Predicate = (icmp_ln119 & !tmp_17)> <Delay = 0.62> <CoreInst = "SparseMux">   --->   Core 147 'SparseMux' <Latency = 0> <II = 1> <Delay = 0.62> <FuncUnit> <Opcode : 'sparsemux'> <InPorts = 2> <OutPorts = 1>
ST_57 : Operation 1615 [1/1] (0.62ns)   --->   "%ai_i_3 = sparsemux i32 @_ssdm_op_SparseMux.ap_auto.6f32.f32.i3, i3 1, i32 %mux_case_31208, i3 2, i32 %mux_case_31213, i3 3, i32 %mux_case_31218, i3 4, i32 %mux_case_31223, i3 5, i32 %mux_case_31228, i3 6, i32 %mux_case_31233, i32 <undef>, i3 %i_1" [top_cmplx.cpp:35->top_cmplx.cpp:146]   --->   Operation 1615 'sparsemux' 'ai_i_3' <Predicate = (icmp_ln119 & !tmp_17)> <Delay = 0.62> <CoreInst = "SparseMux">   --->   Core 147 'SparseMux' <Latency = 0> <II = 1> <Delay = 0.62> <FuncUnit> <Opcode : 'sparsemux'> <InPorts = 2> <OutPorts = 1>
ST_57 : Operation 1616 [1/1] (0.62ns)   --->   "%aj_r_3 = sparsemux i32 @_ssdm_op_SparseMux.ap_auto.6float.float.i3, i3 1, i32 %mux_case_3992, i3 2, i32 %mux_case_3997, i3 3, i32 %mux_case_31002, i3 4, i32 %mux_case_31007, i3 5, i32 %mux_case_31012, i3 6, i32 %mux_case_31017, i32 <undef>, i3 %i_1" [top_cmplx.cpp:37->top_cmplx.cpp:146]   --->   Operation 1616 'sparsemux' 'aj_r_3' <Predicate = (icmp_ln119 & !tmp_17)> <Delay = 0.62> <CoreInst = "SparseMux">   --->   Core 147 'SparseMux' <Latency = 0> <II = 1> <Delay = 0.62> <FuncUnit> <Opcode : 'sparsemux'> <InPorts = 2> <OutPorts = 1>
ST_57 : Operation 1617 [1/1] (0.62ns)   --->   "%aj_i_3 = sparsemux i32 @_ssdm_op_SparseMux.ap_auto.6float.float.i3, i3 1, i32 %mux_case_31213, i3 2, i32 %mux_case_31218, i3 3, i32 %mux_case_31223, i3 4, i32 %mux_case_31228, i3 5, i32 %mux_case_31233, i3 6, i32 %mux_case_31238, i32 <undef>, i3 %i_1" [top_cmplx.cpp:38->top_cmplx.cpp:146]   --->   Operation 1617 'sparsemux' 'aj_i_3' <Predicate = (icmp_ln119 & !tmp_17)> <Delay = 0.62> <CoreInst = "SparseMux">   --->   Core 147 'SparseMux' <Latency = 0> <II = 1> <Delay = 0.62> <FuncUnit> <Opcode : 'sparsemux'> <InPorts = 2> <OutPorts = 1>

State 58 <SV = 57> <Delay = 8.41>
ST_58 : Operation 1618 [1/1] (0.00ns)   --->   "%mux_case_21237 = phi i32 %mux_case_21386, void %imag169.i170213.case.1, i32 %mux_case_21386, void %imag169.i170213.case.2, i32 %mux_case_21386, void %imag169.i170213.case.3, i32 %mux_case_21386, void %imag169.i170213.case.4, i32 %mux_case_21386, void %imag169.i170213.case.5, i32 %select_ln46_1, void %imag169.i170213.case.6, i32 %mux_case_21386, void %for.inc95.1" [top_cmplx.cpp:46->top_cmplx.cpp:146]   --->   Operation 1618 'phi' 'mux_case_21237' <Predicate = (icmp_ln119)> <Delay = 0.00>
ST_58 : Operation 1619 [1/1] (0.00ns)   --->   "%mux_case_21016 = phi i32 %select_ln45_13, void %imag169.i170213.case.1, i32 %select_ln45_13, void %imag169.i170213.case.2, i32 %select_ln45_13, void %imag169.i170213.case.3, i32 %select_ln45_13, void %imag169.i170213.case.4, i32 %select_ln45_13, void %imag169.i170213.case.5, i32 %select_ln45_13, void %imag169.i170213.case.6, i32 %mux_case_21051, void %for.inc95.1" [top_cmplx.cpp:45->top_cmplx.cpp:146]   --->   Operation 1619 'phi' 'mux_case_21016' <Predicate = (icmp_ln119)> <Delay = 0.00>
ST_58 : Operation 1620 [1/1] (0.00ns)   --->   "%mux_case_21232 = phi i32 %select_ln42_13, void %imag169.i170213.case.1, i32 %select_ln42_13, void %imag169.i170213.case.2, i32 %select_ln42_13, void %imag169.i170213.case.3, i32 %select_ln42_13, void %imag169.i170213.case.4, i32 %select_ln46_3, void %imag169.i170213.case.5, i32 %select_ln42_13, void %imag169.i170213.case.6, i32 %mux_case_21381, void %for.inc95.1" [top_cmplx.cpp:42->top_cmplx.cpp:146]   --->   Operation 1620 'phi' 'mux_case_21232' <Predicate = (icmp_ln119)> <Delay = 0.00>
ST_58 : Operation 1621 [1/1] (0.00ns)   --->   "%mux_case_21227 = phi i32 %select_ln42_15, void %imag169.i170213.case.1, i32 %select_ln42_15, void %imag169.i170213.case.2, i32 %select_ln42_15, void %imag169.i170213.case.3, i32 %select_ln46_11, void %imag169.i170213.case.4, i32 %select_ln42_15, void %imag169.i170213.case.5, i32 %select_ln42_15, void %imag169.i170213.case.6, i32 %mux_case_21376, void %for.inc95.1" [top_cmplx.cpp:42->top_cmplx.cpp:146]   --->   Operation 1621 'phi' 'mux_case_21227' <Predicate = (icmp_ln119)> <Delay = 0.00>
ST_58 : Operation 1622 [1/1] (0.00ns)   --->   "%mux_case_21222 = phi i32 %select_ln42_17, void %imag169.i170213.case.1, i32 %select_ln42_17, void %imag169.i170213.case.2, i32 %select_ln46_9, void %imag169.i170213.case.3, i32 %select_ln42_17, void %imag169.i170213.case.4, i32 %select_ln42_17, void %imag169.i170213.case.5, i32 %select_ln42_17, void %imag169.i170213.case.6, i32 %mux_case_21371, void %for.inc95.1" [top_cmplx.cpp:42->top_cmplx.cpp:146]   --->   Operation 1622 'phi' 'mux_case_21222' <Predicate = (icmp_ln119)> <Delay = 0.00>
ST_58 : Operation 1623 [1/1] (0.00ns)   --->   "%mux_case_21217 = phi i32 %select_ln42_19, void %imag169.i170213.case.1, i32 %select_ln46_7, void %imag169.i170213.case.2, i32 %select_ln42_19, void %imag169.i170213.case.3, i32 %select_ln42_19, void %imag169.i170213.case.4, i32 %select_ln42_19, void %imag169.i170213.case.5, i32 %select_ln42_19, void %imag169.i170213.case.6, i32 %mux_case_21366, void %for.inc95.1" [top_cmplx.cpp:42->top_cmplx.cpp:146]   --->   Operation 1623 'phi' 'mux_case_21217' <Predicate = (icmp_ln119)> <Delay = 0.00>
ST_58 : Operation 1624 [1/1] (0.00ns)   --->   "%mux_case_21212 = phi i32 %select_ln46_5, void %imag169.i170213.case.1, i32 %select_ln42_21, void %imag169.i170213.case.2, i32 %select_ln42_21, void %imag169.i170213.case.3, i32 %select_ln42_21, void %imag169.i170213.case.4, i32 %select_ln42_21, void %imag169.i170213.case.5, i32 %select_ln42_21, void %imag169.i170213.case.6, i32 %mux_case_21361, void %for.inc95.1" [top_cmplx.cpp:46->top_cmplx.cpp:146]   --->   Operation 1624 'phi' 'mux_case_21212' <Predicate = (icmp_ln119)> <Delay = 0.00>
ST_58 : Operation 1625 [1/1] (0.00ns)   --->   "%mux_case_21207 = phi i32 %select_ln42_23, void %imag169.i170213.case.1, i32 %select_ln42_23, void %imag169.i170213.case.2, i32 %select_ln42_23, void %imag169.i170213.case.3, i32 %select_ln42_23, void %imag169.i170213.case.4, i32 %select_ln42_23, void %imag169.i170213.case.5, i32 %select_ln42_23, void %imag169.i170213.case.6, i32 %mux_case_21356, void %for.inc95.1" [top_cmplx.cpp:42->top_cmplx.cpp:146]   --->   Operation 1625 'phi' 'mux_case_21207' <Predicate = (icmp_ln119)> <Delay = 0.00>
ST_58 : Operation 1626 [1/1] (0.00ns)   --->   "%mux_case_21011 = phi i32 %select_ln45_15, void %imag169.i170213.case.1, i32 %select_ln45_15, void %imag169.i170213.case.2, i32 %select_ln45_15, void %imag169.i170213.case.3, i32 %select_ln45_15, void %imag169.i170213.case.4, i32 %select_ln45_15, void %imag169.i170213.case.5, i32 %select_ln45_15, void %imag169.i170213.case.6, i32 %mux_case_21046, void %for.inc95.1" [top_cmplx.cpp:45->top_cmplx.cpp:146]   --->   Operation 1626 'phi' 'mux_case_21011' <Predicate = (icmp_ln119)> <Delay = 0.00>
ST_58 : Operation 1627 [1/1] (0.00ns)   --->   "%mux_case_21006 = phi i32 %select_ln45_17, void %imag169.i170213.case.1, i32 %select_ln45_17, void %imag169.i170213.case.2, i32 %select_ln45_17, void %imag169.i170213.case.3, i32 %select_ln45_17, void %imag169.i170213.case.4, i32 %select_ln45_17, void %imag169.i170213.case.5, i32 %select_ln45_17, void %imag169.i170213.case.6, i32 %mux_case_21041, void %for.inc95.1" [top_cmplx.cpp:45->top_cmplx.cpp:146]   --->   Operation 1627 'phi' 'mux_case_21006' <Predicate = (icmp_ln119)> <Delay = 0.00>
ST_58 : Operation 1628 [1/1] (0.00ns)   --->   "%mux_case_21001 = phi i32 %select_ln45_19, void %imag169.i170213.case.1, i32 %select_ln45_19, void %imag169.i170213.case.2, i32 %select_ln45_19, void %imag169.i170213.case.3, i32 %select_ln45_19, void %imag169.i170213.case.4, i32 %select_ln45_19, void %imag169.i170213.case.5, i32 %select_ln45_19, void %imag169.i170213.case.6, i32 %mux_case_21036, void %for.inc95.1" [top_cmplx.cpp:45->top_cmplx.cpp:146]   --->   Operation 1628 'phi' 'mux_case_21001' <Predicate = (icmp_ln119)> <Delay = 0.00>
ST_58 : Operation 1629 [1/1] (0.00ns)   --->   "%mux_case_2996 = phi i32 %select_ln45_21, void %imag169.i170213.case.1, i32 %select_ln45_21, void %imag169.i170213.case.2, i32 %select_ln45_21, void %imag169.i170213.case.3, i32 %select_ln45_21, void %imag169.i170213.case.4, i32 %select_ln45_21, void %imag169.i170213.case.5, i32 %select_ln45_21, void %imag169.i170213.case.6, i32 %mux_case_21031, void %for.inc95.1" [top_cmplx.cpp:45->top_cmplx.cpp:146]   --->   Operation 1629 'phi' 'mux_case_2996' <Predicate = (icmp_ln119)> <Delay = 0.00>
ST_58 : Operation 1630 [1/1] (0.00ns)   --->   "%mux_case_2991 = phi i32 %select_ln45_23, void %imag169.i170213.case.1, i32 %select_ln45_23, void %imag169.i170213.case.2, i32 %select_ln45_23, void %imag169.i170213.case.3, i32 %select_ln45_23, void %imag169.i170213.case.4, i32 %select_ln45_23, void %imag169.i170213.case.5, i32 %select_ln45_23, void %imag169.i170213.case.6, i32 %mux_case_21026, void %for.inc95.1" [top_cmplx.cpp:45->top_cmplx.cpp:146]   --->   Operation 1630 'phi' 'mux_case_2991' <Predicate = (icmp_ln119)> <Delay = 0.00>
ST_58 : Operation 1631 [1/1] (0.00ns)   --->   "%mux_case_2986 = phi i32 %select_ln41_23, void %imag169.i170213.case.1, i32 %select_ln41_23, void %imag169.i170213.case.2, i32 %select_ln41_23, void %imag169.i170213.case.3, i32 %select_ln41_23, void %imag169.i170213.case.4, i32 %select_ln41_23, void %imag169.i170213.case.5, i32 %select_ln41_23, void %imag169.i170213.case.6, i32 %mux_case_21021, void %for.inc95.1" [top_cmplx.cpp:41->top_cmplx.cpp:146]   --->   Operation 1631 'phi' 'mux_case_2986' <Predicate = (icmp_ln119)> <Delay = 0.00>
ST_58 : Operation 1632 [2/2] (8.41ns)   --->   "%mul_i4 = fmul i32 %c, i32 %ai_r_3" [top_cmplx.cpp:41->top_cmplx.cpp:146]   --->   Operation 1632 'fmul' 'mul_i4' <Predicate = (icmp_ln119 & !tmp_17)> <Delay = 8.41> <CoreInst = "FMul_maxdsp">   --->   Core 30 'FMul_maxdsp' <Latency = 1> <II = 1> <Delay = 8.41> <FuncUnit> <Opcode : 'fmul'> <InPorts = 2> <OutPorts = 1>
ST_58 : Operation 1633 [2/2] (8.41ns)   --->   "%mul17_i3 = fmul i32 %s, i32 %aj_r_3" [top_cmplx.cpp:41->top_cmplx.cpp:146]   --->   Operation 1633 'fmul' 'mul17_i3' <Predicate = (icmp_ln119 & !tmp_17)> <Delay = 8.41> <CoreInst = "FMul_maxdsp">   --->   Core 30 'FMul_maxdsp' <Latency = 1> <II = 1> <Delay = 8.41> <FuncUnit> <Opcode : 'fmul'> <InPorts = 2> <OutPorts = 1>
ST_58 : Operation 1634 [2/2] (8.41ns)   --->   "%mul23_i3 = fmul i32 %c, i32 %ai_i_3" [top_cmplx.cpp:42->top_cmplx.cpp:146]   --->   Operation 1634 'fmul' 'mul23_i3' <Predicate = (icmp_ln119 & !tmp_17)> <Delay = 8.41> <CoreInst = "FMul_maxdsp">   --->   Core 30 'FMul_maxdsp' <Latency = 1> <II = 1> <Delay = 8.41> <FuncUnit> <Opcode : 'fmul'> <InPorts = 2> <OutPorts = 1>
ST_58 : Operation 1635 [2/2] (8.41ns)   --->   "%mul24_i3 = fmul i32 %s, i32 %aj_i_3" [top_cmplx.cpp:42->top_cmplx.cpp:146]   --->   Operation 1635 'fmul' 'mul24_i3' <Predicate = (icmp_ln119 & !tmp_17)> <Delay = 8.41> <CoreInst = "FMul_maxdsp">   --->   Core 30 'FMul_maxdsp' <Latency = 1> <II = 1> <Delay = 8.41> <FuncUnit> <Opcode : 'fmul'> <InPorts = 2> <OutPorts = 1>
ST_58 : Operation 1636 [2/2] (8.41ns)   --->   "%mul31_i3 = fmul i32 %s, i32 %ai_r_3" [top_cmplx.cpp:45->top_cmplx.cpp:146]   --->   Operation 1636 'fmul' 'mul31_i3' <Predicate = (icmp_ln119 & !tmp_17)> <Delay = 8.41> <CoreInst = "FMul_maxdsp">   --->   Core 30 'FMul_maxdsp' <Latency = 1> <II = 1> <Delay = 8.41> <FuncUnit> <Opcode : 'fmul'> <InPorts = 2> <OutPorts = 1>
ST_58 : Operation 1637 [2/2] (8.41ns)   --->   "%mul32_i3 = fmul i32 %c, i32 %aj_r_3" [top_cmplx.cpp:45->top_cmplx.cpp:146]   --->   Operation 1637 'fmul' 'mul32_i3' <Predicate = (icmp_ln119 & !tmp_17)> <Delay = 8.41> <CoreInst = "FMul_maxdsp">   --->   Core 30 'FMul_maxdsp' <Latency = 1> <II = 1> <Delay = 8.41> <FuncUnit> <Opcode : 'fmul'> <InPorts = 2> <OutPorts = 1>
ST_58 : Operation 1638 [2/2] (8.41ns)   --->   "%mul38_i3 = fmul i32 %s, i32 %ai_i_3" [top_cmplx.cpp:46->top_cmplx.cpp:146]   --->   Operation 1638 'fmul' 'mul38_i3' <Predicate = (icmp_ln119 & !tmp_17)> <Delay = 8.41> <CoreInst = "FMul_maxdsp">   --->   Core 30 'FMul_maxdsp' <Latency = 1> <II = 1> <Delay = 8.41> <FuncUnit> <Opcode : 'fmul'> <InPorts = 2> <OutPorts = 1>
ST_58 : Operation 1639 [2/2] (8.41ns)   --->   "%mul39_i3 = fmul i32 %c, i32 %aj_i_3" [top_cmplx.cpp:46->top_cmplx.cpp:146]   --->   Operation 1639 'fmul' 'mul39_i3' <Predicate = (icmp_ln119 & !tmp_17)> <Delay = 8.41> <CoreInst = "FMul_maxdsp">   --->   Core 30 'FMul_maxdsp' <Latency = 1> <II = 1> <Delay = 8.41> <FuncUnit> <Opcode : 'fmul'> <InPorts = 2> <OutPorts = 1>
ST_58 : Operation 1640 [1/1] (0.42ns)   --->   "%store_ln42 = store i32 %mux_case_21207, i32 %mux_case_2117" [top_cmplx.cpp:42->top_cmplx.cpp:146]   --->   Operation 1640 'store' 'store_ln42' <Predicate = (icmp_ln119)> <Delay = 0.42>
ST_58 : Operation 1641 [1/1] (0.42ns)   --->   "%store_ln41 = store i32 %mux_case_2986, i32 %mux_case_2" [top_cmplx.cpp:41->top_cmplx.cpp:146]   --->   Operation 1641 'store' 'store_ln41' <Predicate = (icmp_ln119)> <Delay = 0.42>

State 59 <SV = 58> <Delay = 8.41>
ST_59 : Operation 1642 [1/2] (8.41ns)   --->   "%mul_i4 = fmul i32 %c, i32 %ai_r_3" [top_cmplx.cpp:41->top_cmplx.cpp:146]   --->   Operation 1642 'fmul' 'mul_i4' <Predicate = (icmp_ln119 & !tmp_17)> <Delay = 8.41> <CoreInst = "FMul_maxdsp">   --->   Core 30 'FMul_maxdsp' <Latency = 1> <II = 1> <Delay = 8.41> <FuncUnit> <Opcode : 'fmul'> <InPorts = 2> <OutPorts = 1>
ST_59 : Operation 1643 [1/2] (8.41ns)   --->   "%mul17_i3 = fmul i32 %s, i32 %aj_r_3" [top_cmplx.cpp:41->top_cmplx.cpp:146]   --->   Operation 1643 'fmul' 'mul17_i3' <Predicate = (icmp_ln119 & !tmp_17)> <Delay = 8.41> <CoreInst = "FMul_maxdsp">   --->   Core 30 'FMul_maxdsp' <Latency = 1> <II = 1> <Delay = 8.41> <FuncUnit> <Opcode : 'fmul'> <InPorts = 2> <OutPorts = 1>
ST_59 : Operation 1644 [1/2] (8.41ns)   --->   "%mul23_i3 = fmul i32 %c, i32 %ai_i_3" [top_cmplx.cpp:42->top_cmplx.cpp:146]   --->   Operation 1644 'fmul' 'mul23_i3' <Predicate = (icmp_ln119 & !tmp_17)> <Delay = 8.41> <CoreInst = "FMul_maxdsp">   --->   Core 30 'FMul_maxdsp' <Latency = 1> <II = 1> <Delay = 8.41> <FuncUnit> <Opcode : 'fmul'> <InPorts = 2> <OutPorts = 1>
ST_59 : Operation 1645 [1/2] (8.41ns)   --->   "%mul24_i3 = fmul i32 %s, i32 %aj_i_3" [top_cmplx.cpp:42->top_cmplx.cpp:146]   --->   Operation 1645 'fmul' 'mul24_i3' <Predicate = (icmp_ln119 & !tmp_17)> <Delay = 8.41> <CoreInst = "FMul_maxdsp">   --->   Core 30 'FMul_maxdsp' <Latency = 1> <II = 1> <Delay = 8.41> <FuncUnit> <Opcode : 'fmul'> <InPorts = 2> <OutPorts = 1>
ST_59 : Operation 1646 [1/2] (8.41ns)   --->   "%mul31_i3 = fmul i32 %s, i32 %ai_r_3" [top_cmplx.cpp:45->top_cmplx.cpp:146]   --->   Operation 1646 'fmul' 'mul31_i3' <Predicate = (icmp_ln119 & !tmp_17)> <Delay = 8.41> <CoreInst = "FMul_maxdsp">   --->   Core 30 'FMul_maxdsp' <Latency = 1> <II = 1> <Delay = 8.41> <FuncUnit> <Opcode : 'fmul'> <InPorts = 2> <OutPorts = 1>
ST_59 : Operation 1647 [1/2] (8.41ns)   --->   "%mul32_i3 = fmul i32 %c, i32 %aj_r_3" [top_cmplx.cpp:45->top_cmplx.cpp:146]   --->   Operation 1647 'fmul' 'mul32_i3' <Predicate = (icmp_ln119 & !tmp_17)> <Delay = 8.41> <CoreInst = "FMul_maxdsp">   --->   Core 30 'FMul_maxdsp' <Latency = 1> <II = 1> <Delay = 8.41> <FuncUnit> <Opcode : 'fmul'> <InPorts = 2> <OutPorts = 1>
ST_59 : Operation 1648 [1/2] (8.41ns)   --->   "%mul38_i3 = fmul i32 %s, i32 %ai_i_3" [top_cmplx.cpp:46->top_cmplx.cpp:146]   --->   Operation 1648 'fmul' 'mul38_i3' <Predicate = (icmp_ln119 & !tmp_17)> <Delay = 8.41> <CoreInst = "FMul_maxdsp">   --->   Core 30 'FMul_maxdsp' <Latency = 1> <II = 1> <Delay = 8.41> <FuncUnit> <Opcode : 'fmul'> <InPorts = 2> <OutPorts = 1>
ST_59 : Operation 1649 [1/2] (8.41ns)   --->   "%mul39_i3 = fmul i32 %c, i32 %aj_i_3" [top_cmplx.cpp:46->top_cmplx.cpp:146]   --->   Operation 1649 'fmul' 'mul39_i3' <Predicate = (icmp_ln119 & !tmp_17)> <Delay = 8.41> <CoreInst = "FMul_maxdsp">   --->   Core 30 'FMul_maxdsp' <Latency = 1> <II = 1> <Delay = 8.41> <FuncUnit> <Opcode : 'fmul'> <InPorts = 2> <OutPorts = 1>

State 60 <SV = 59> <Delay = 6.43>
ST_60 : Operation 1650 [4/4] (6.43ns)   --->   "%R_real_6 = fsub i32 %mul_i4, i32 %mul17_i3" [top_cmplx.cpp:41->top_cmplx.cpp:146]   --->   Operation 1650 'fsub' 'R_real_6' <Predicate = (icmp_ln119 & !tmp_17)> <Delay = 6.43> <CoreInst = "FAddSub_fulldsp">   --->   Core 18 'FAddSub_fulldsp' <Latency = 3> <II = 1> <Delay = 6.43> <FuncUnit> <Opcode : 'fadd' 'fsub'> <InPorts = 2> <OutPorts = 1>
ST_60 : Operation 1651 [4/4] (6.43ns)   --->   "%R_imag_6 = fsub i32 %mul23_i3, i32 %mul24_i3" [top_cmplx.cpp:42->top_cmplx.cpp:146]   --->   Operation 1651 'fsub' 'R_imag_6' <Predicate = (icmp_ln119 & !tmp_17)> <Delay = 6.43> <CoreInst = "FAddSub_fulldsp">   --->   Core 18 'FAddSub_fulldsp' <Latency = 3> <II = 1> <Delay = 6.43> <FuncUnit> <Opcode : 'fadd' 'fsub'> <InPorts = 2> <OutPorts = 1>
ST_60 : Operation 1652 [4/4] (6.43ns)   --->   "%R_real_7 = fadd i32 %mul31_i3, i32 %mul32_i3" [top_cmplx.cpp:45->top_cmplx.cpp:146]   --->   Operation 1652 'fadd' 'R_real_7' <Predicate = (icmp_ln119 & !tmp_17)> <Delay = 6.43> <CoreInst = "FAddSub_fulldsp">   --->   Core 18 'FAddSub_fulldsp' <Latency = 3> <II = 1> <Delay = 6.43> <FuncUnit> <Opcode : 'fadd' 'fsub'> <InPorts = 2> <OutPorts = 1>
ST_60 : Operation 1653 [4/4] (6.43ns)   --->   "%R_imag_7 = fadd i32 %mul38_i3, i32 %mul39_i3" [top_cmplx.cpp:46->top_cmplx.cpp:146]   --->   Operation 1653 'fadd' 'R_imag_7' <Predicate = (icmp_ln119 & !tmp_17)> <Delay = 6.43> <CoreInst = "FAddSub_fulldsp">   --->   Core 18 'FAddSub_fulldsp' <Latency = 3> <II = 1> <Delay = 6.43> <FuncUnit> <Opcode : 'fadd' 'fsub'> <InPorts = 2> <OutPorts = 1>

State 61 <SV = 60> <Delay = 6.43>
ST_61 : Operation 1654 [3/4] (6.43ns)   --->   "%R_real_6 = fsub i32 %mul_i4, i32 %mul17_i3" [top_cmplx.cpp:41->top_cmplx.cpp:146]   --->   Operation 1654 'fsub' 'R_real_6' <Predicate = (icmp_ln119 & !tmp_17)> <Delay = 6.43> <CoreInst = "FAddSub_fulldsp">   --->   Core 18 'FAddSub_fulldsp' <Latency = 3> <II = 1> <Delay = 6.43> <FuncUnit> <Opcode : 'fadd' 'fsub'> <InPorts = 2> <OutPorts = 1>
ST_61 : Operation 1655 [3/4] (6.43ns)   --->   "%R_imag_6 = fsub i32 %mul23_i3, i32 %mul24_i3" [top_cmplx.cpp:42->top_cmplx.cpp:146]   --->   Operation 1655 'fsub' 'R_imag_6' <Predicate = (icmp_ln119 & !tmp_17)> <Delay = 6.43> <CoreInst = "FAddSub_fulldsp">   --->   Core 18 'FAddSub_fulldsp' <Latency = 3> <II = 1> <Delay = 6.43> <FuncUnit> <Opcode : 'fadd' 'fsub'> <InPorts = 2> <OutPorts = 1>
ST_61 : Operation 1656 [3/4] (6.43ns)   --->   "%R_real_7 = fadd i32 %mul31_i3, i32 %mul32_i3" [top_cmplx.cpp:45->top_cmplx.cpp:146]   --->   Operation 1656 'fadd' 'R_real_7' <Predicate = (icmp_ln119 & !tmp_17)> <Delay = 6.43> <CoreInst = "FAddSub_fulldsp">   --->   Core 18 'FAddSub_fulldsp' <Latency = 3> <II = 1> <Delay = 6.43> <FuncUnit> <Opcode : 'fadd' 'fsub'> <InPorts = 2> <OutPorts = 1>
ST_61 : Operation 1657 [3/4] (6.43ns)   --->   "%R_imag_7 = fadd i32 %mul38_i3, i32 %mul39_i3" [top_cmplx.cpp:46->top_cmplx.cpp:146]   --->   Operation 1657 'fadd' 'R_imag_7' <Predicate = (icmp_ln119 & !tmp_17)> <Delay = 6.43> <CoreInst = "FAddSub_fulldsp">   --->   Core 18 'FAddSub_fulldsp' <Latency = 3> <II = 1> <Delay = 6.43> <FuncUnit> <Opcode : 'fadd' 'fsub'> <InPorts = 2> <OutPorts = 1>

State 62 <SV = 61> <Delay = 6.43>
ST_62 : Operation 1658 [2/4] (6.43ns)   --->   "%R_real_6 = fsub i32 %mul_i4, i32 %mul17_i3" [top_cmplx.cpp:41->top_cmplx.cpp:146]   --->   Operation 1658 'fsub' 'R_real_6' <Predicate = (icmp_ln119 & !tmp_17)> <Delay = 6.43> <CoreInst = "FAddSub_fulldsp">   --->   Core 18 'FAddSub_fulldsp' <Latency = 3> <II = 1> <Delay = 6.43> <FuncUnit> <Opcode : 'fadd' 'fsub'> <InPorts = 2> <OutPorts = 1>
ST_62 : Operation 1659 [2/4] (6.43ns)   --->   "%R_imag_6 = fsub i32 %mul23_i3, i32 %mul24_i3" [top_cmplx.cpp:42->top_cmplx.cpp:146]   --->   Operation 1659 'fsub' 'R_imag_6' <Predicate = (icmp_ln119 & !tmp_17)> <Delay = 6.43> <CoreInst = "FAddSub_fulldsp">   --->   Core 18 'FAddSub_fulldsp' <Latency = 3> <II = 1> <Delay = 6.43> <FuncUnit> <Opcode : 'fadd' 'fsub'> <InPorts = 2> <OutPorts = 1>
ST_62 : Operation 1660 [2/4] (6.43ns)   --->   "%R_real_7 = fadd i32 %mul31_i3, i32 %mul32_i3" [top_cmplx.cpp:45->top_cmplx.cpp:146]   --->   Operation 1660 'fadd' 'R_real_7' <Predicate = (icmp_ln119 & !tmp_17)> <Delay = 6.43> <CoreInst = "FAddSub_fulldsp">   --->   Core 18 'FAddSub_fulldsp' <Latency = 3> <II = 1> <Delay = 6.43> <FuncUnit> <Opcode : 'fadd' 'fsub'> <InPorts = 2> <OutPorts = 1>
ST_62 : Operation 1661 [2/4] (6.43ns)   --->   "%R_imag_7 = fadd i32 %mul38_i3, i32 %mul39_i3" [top_cmplx.cpp:46->top_cmplx.cpp:146]   --->   Operation 1661 'fadd' 'R_imag_7' <Predicate = (icmp_ln119 & !tmp_17)> <Delay = 6.43> <CoreInst = "FAddSub_fulldsp">   --->   Core 18 'FAddSub_fulldsp' <Latency = 3> <II = 1> <Delay = 6.43> <FuncUnit> <Opcode : 'fadd' 'fsub'> <InPorts = 2> <OutPorts = 1>

State 63 <SV = 62> <Delay = 8.52>
ST_63 : Operation 1662 [1/4] (6.43ns)   --->   "%R_real_6 = fsub i32 %mul_i4, i32 %mul17_i3" [top_cmplx.cpp:41->top_cmplx.cpp:146]   --->   Operation 1662 'fsub' 'R_real_6' <Predicate = (icmp_ln119 & !tmp_17)> <Delay = 6.43> <CoreInst = "FAddSub_fulldsp">   --->   Core 18 'FAddSub_fulldsp' <Latency = 3> <II = 1> <Delay = 6.43> <FuncUnit> <Opcode : 'fadd' 'fsub'> <InPorts = 2> <OutPorts = 1>
ST_63 : Operation 1663 [1/4] (6.43ns)   --->   "%R_imag_6 = fsub i32 %mul23_i3, i32 %mul24_i3" [top_cmplx.cpp:42->top_cmplx.cpp:146]   --->   Operation 1663 'fsub' 'R_imag_6' <Predicate = (icmp_ln119 & !tmp_17)> <Delay = 6.43> <CoreInst = "FAddSub_fulldsp">   --->   Core 18 'FAddSub_fulldsp' <Latency = 3> <II = 1> <Delay = 6.43> <FuncUnit> <Opcode : 'fadd' 'fsub'> <InPorts = 2> <OutPorts = 1>
ST_63 : Operation 1664 [1/4] (6.43ns)   --->   "%R_real_7 = fadd i32 %mul31_i3, i32 %mul32_i3" [top_cmplx.cpp:45->top_cmplx.cpp:146]   --->   Operation 1664 'fadd' 'R_real_7' <Predicate = (icmp_ln119 & !tmp_17)> <Delay = 6.43> <CoreInst = "FAddSub_fulldsp">   --->   Core 18 'FAddSub_fulldsp' <Latency = 3> <II = 1> <Delay = 6.43> <FuncUnit> <Opcode : 'fadd' 'fsub'> <InPorts = 2> <OutPorts = 1>
ST_63 : Operation 1665 [1/1] (0.67ns)   --->   "%icmp_ln41_6 = icmp_eq  i3 %i_1, i3 1" [top_cmplx.cpp:41->top_cmplx.cpp:146]   --->   Operation 1665 'icmp' 'icmp_ln41_6' <Predicate = (icmp_ln119 & !tmp_17)> <Delay = 0.67> <CoreInst = "Cmp">   --->   Core 9 'Cmp' <Latency = 0> <II = 1> <Delay = 0.67> <FuncUnit> <Opcode : 'icmp'> <InPorts = 2> <OutPorts = 1>
ST_63 : Operation 1666 [1/1] (0.67ns)   --->   "%icmp_ln41_7 = icmp_eq  i3 %i_1, i3 2" [top_cmplx.cpp:41->top_cmplx.cpp:146]   --->   Operation 1666 'icmp' 'icmp_ln41_7' <Predicate = (icmp_ln119 & !tmp_17)> <Delay = 0.67> <CoreInst = "Cmp">   --->   Core 9 'Cmp' <Latency = 0> <II = 1> <Delay = 0.67> <FuncUnit> <Opcode : 'icmp'> <InPorts = 2> <OutPorts = 1>
ST_63 : Operation 1667 [1/1] (0.67ns)   --->   "%icmp_ln41_8 = icmp_eq  i3 %i_1, i3 3" [top_cmplx.cpp:41->top_cmplx.cpp:146]   --->   Operation 1667 'icmp' 'icmp_ln41_8' <Predicate = (icmp_ln119 & !tmp_17)> <Delay = 0.67> <CoreInst = "Cmp">   --->   Core 9 'Cmp' <Latency = 0> <II = 1> <Delay = 0.67> <FuncUnit> <Opcode : 'icmp'> <InPorts = 2> <OutPorts = 1>
ST_63 : Operation 1668 [1/1] (0.67ns)   --->   "%icmp_ln41_9 = icmp_eq  i3 %i_1, i3 4" [top_cmplx.cpp:41->top_cmplx.cpp:146]   --->   Operation 1668 'icmp' 'icmp_ln41_9' <Predicate = (icmp_ln119 & !tmp_17)> <Delay = 0.67> <CoreInst = "Cmp">   --->   Core 9 'Cmp' <Latency = 0> <II = 1> <Delay = 0.67> <FuncUnit> <Opcode : 'icmp'> <InPorts = 2> <OutPorts = 1>
ST_63 : Operation 1669 [1/1] (0.67ns)   --->   "%icmp_ln41_10 = icmp_eq  i3 %i_1, i3 5" [top_cmplx.cpp:41->top_cmplx.cpp:146]   --->   Operation 1669 'icmp' 'icmp_ln41_10' <Predicate = (icmp_ln119 & !tmp_17)> <Delay = 0.67> <CoreInst = "Cmp">   --->   Core 9 'Cmp' <Latency = 0> <II = 1> <Delay = 0.67> <FuncUnit> <Opcode : 'icmp'> <InPorts = 2> <OutPorts = 1>
ST_63 : Operation 1670 [1/1] (0.28ns)   --->   "%or_ln41_4 = or i1 %icmp_ln41_8, i1 %icmp_ln41_9" [top_cmplx.cpp:41->top_cmplx.cpp:146]   --->   Operation 1670 'or' 'or_ln41_4' <Predicate = (icmp_ln119 & !tmp_17)> <Delay = 0.28> <CoreInst = "LogicGate">   --->   Core 74 'LogicGate' <Latency = 0> <II = 1> <Delay = 0.28> <FuncUnit> <Opcode : 'and' 'or' 'xor'> <InPorts = 2> <OutPorts = 1>
ST_63 : Operation 1671 [1/1] (0.28ns)   --->   "%or_ln41_5 = or i1 %icmp_ln41_6, i1 %icmp_ln41_10" [top_cmplx.cpp:41->top_cmplx.cpp:146]   --->   Operation 1671 'or' 'or_ln41_5' <Predicate = (icmp_ln119 & !tmp_17)> <Delay = 0.28> <CoreInst = "LogicGate">   --->   Core 74 'LogicGate' <Latency = 0> <II = 1> <Delay = 0.28> <FuncUnit> <Opcode : 'and' 'or' 'xor'> <InPorts = 2> <OutPorts = 1>
ST_63 : Operation 1672 [1/1] (0.00ns) (grouped into LUT with out node or_ln41_7)   --->   "%or_ln41_6 = or i1 %or_ln41_5, i1 %icmp_ln41_7" [top_cmplx.cpp:41->top_cmplx.cpp:146]   --->   Operation 1672 'or' 'or_ln41_6' <Predicate = (icmp_ln119 & !tmp_17)> <Delay = 0.00> <CoreInst = "LogicGate">   --->   Core 74 'LogicGate' <Latency = 0> <II = 1> <Delay = 0.28> <FuncUnit> <Opcode : 'and' 'or' 'xor'> <InPorts = 2> <OutPorts = 1>
ST_63 : Operation 1673 [1/1] (0.28ns) (out node of the LUT)   --->   "%or_ln41_7 = or i1 %or_ln41_6, i1 %or_ln41_4" [top_cmplx.cpp:41->top_cmplx.cpp:146]   --->   Operation 1673 'or' 'or_ln41_7' <Predicate = (icmp_ln119 & !tmp_17)> <Delay = 0.28> <CoreInst = "LogicGate">   --->   Core 74 'LogicGate' <Latency = 0> <II = 1> <Delay = 0.28> <FuncUnit> <Opcode : 'and' 'or' 'xor'> <InPorts = 2> <OutPorts = 1>
ST_63 : Operation 1674 [1/1] (0.00ns) (grouped into LUT with out node R_real_15)   --->   "%R_real_8 = select i1 %or_ln41_7, i32 %mux_case_31012, i32 %R_real_6" [top_cmplx.cpp:41->top_cmplx.cpp:146]   --->   Operation 1674 'select' 'R_real_8' <Predicate = (icmp_ln119 & !tmp_17)> <Delay = 0.00> <CoreInst = "Sel">   --->   Core 73 'Sel' <Latency = 0> <II = 1> <Delay = 0.44> <FuncUnit> <Opcode : 'select'> <InPorts = 3> <OutPorts = 1>
ST_63 : Operation 1675 [1/1] (0.00ns) (grouped into LUT with out node R_real_16)   --->   "%R_real_9 = select i1 %icmp_ln41_10, i32 %R_real_6, i32 %mux_case_31007" [top_cmplx.cpp:41->top_cmplx.cpp:146]   --->   Operation 1675 'select' 'R_real_9' <Predicate = (icmp_ln119 & !tmp_17)> <Delay = 0.00> <CoreInst = "Sel">   --->   Core 73 'Sel' <Latency = 0> <II = 1> <Delay = 0.44> <FuncUnit> <Opcode : 'select'> <InPorts = 3> <OutPorts = 1>
ST_63 : Operation 1676 [1/1] (0.00ns) (grouped into LUT with out node R_real_17)   --->   "%R_real_10 = select i1 %icmp_ln41_9, i32 %R_real_6, i32 %mux_case_31002" [top_cmplx.cpp:41->top_cmplx.cpp:146]   --->   Operation 1676 'select' 'R_real_10' <Predicate = (icmp_ln119 & !tmp_17)> <Delay = 0.00> <CoreInst = "Sel">   --->   Core 73 'Sel' <Latency = 0> <II = 1> <Delay = 0.44> <FuncUnit> <Opcode : 'select'> <InPorts = 3> <OutPorts = 1>
ST_63 : Operation 1677 [1/1] (0.00ns) (grouped into LUT with out node R_real_18)   --->   "%R_real_11 = select i1 %icmp_ln41_8, i32 %R_real_6, i32 %mux_case_3997" [top_cmplx.cpp:41->top_cmplx.cpp:146]   --->   Operation 1677 'select' 'R_real_11' <Predicate = (icmp_ln119 & !tmp_17)> <Delay = 0.00> <CoreInst = "Sel">   --->   Core 73 'Sel' <Latency = 0> <II = 1> <Delay = 0.44> <FuncUnit> <Opcode : 'select'> <InPorts = 3> <OutPorts = 1>
ST_63 : Operation 1678 [1/1] (0.00ns) (grouped into LUT with out node R_real_19)   --->   "%R_real_12 = select i1 %icmp_ln41_7, i32 %R_real_6, i32 %mux_case_3992" [top_cmplx.cpp:41->top_cmplx.cpp:146]   --->   Operation 1678 'select' 'R_real_12' <Predicate = (icmp_ln119 & !tmp_17)> <Delay = 0.00> <CoreInst = "Sel">   --->   Core 73 'Sel' <Latency = 0> <II = 1> <Delay = 0.44> <FuncUnit> <Opcode : 'select'> <InPorts = 3> <OutPorts = 1>
ST_63 : Operation 1679 [1/1] (0.44ns)   --->   "%R_real_13 = select i1 %icmp_ln41_6, i32 %R_real_6, i32 %mux_case_3987" [top_cmplx.cpp:41->top_cmplx.cpp:146]   --->   Operation 1679 'select' 'R_real_13' <Predicate = (icmp_ln119 & !tmp_17)> <Delay = 0.44> <CoreInst = "Sel">   --->   Core 73 'Sel' <Latency = 0> <II = 1> <Delay = 0.44> <FuncUnit> <Opcode : 'select'> <InPorts = 3> <OutPorts = 1>
ST_63 : Operation 1680 [1/1] (0.00ns) (grouped into LUT with out node R_real_14)   --->   "%or_ln45_4 = or i1 %or_ln41_4, i1 %icmp_ln41_7" [top_cmplx.cpp:45->top_cmplx.cpp:146]   --->   Operation 1680 'or' 'or_ln45_4' <Predicate = (icmp_ln119 & !tmp_17)> <Delay = 0.00> <CoreInst = "LogicGate">   --->   Core 74 'LogicGate' <Latency = 0> <II = 1> <Delay = 0.28> <FuncUnit> <Opcode : 'and' 'or' 'xor'> <InPorts = 2> <OutPorts = 1>
ST_63 : Operation 1681 [1/1] (0.00ns) (grouped into LUT with out node R_real_14)   --->   "%or_ln45_5 = or i1 %or_ln45_4, i1 %or_ln41_5" [top_cmplx.cpp:45->top_cmplx.cpp:146]   --->   Operation 1681 'or' 'or_ln45_5' <Predicate = (icmp_ln119 & !tmp_17)> <Delay = 0.00> <CoreInst = "LogicGate">   --->   Core 74 'LogicGate' <Latency = 0> <II = 1> <Delay = 0.28> <FuncUnit> <Opcode : 'and' 'or' 'xor'> <InPorts = 2> <OutPorts = 1>
ST_63 : Operation 1682 [1/1] (0.44ns) (out node of the LUT)   --->   "%R_real_14 = select i1 %or_ln45_5, i32 %mux_case_31017, i32 %R_real_7" [top_cmplx.cpp:45->top_cmplx.cpp:146]   --->   Operation 1682 'select' 'R_real_14' <Predicate = (icmp_ln119 & !tmp_17)> <Delay = 0.44> <CoreInst = "Sel">   --->   Core 73 'Sel' <Latency = 0> <II = 1> <Delay = 0.44> <FuncUnit> <Opcode : 'select'> <InPorts = 3> <OutPorts = 1>
ST_63 : Operation 1683 [1/1] (0.44ns) (out node of the LUT)   --->   "%R_real_15 = select i1 %icmp_ln41_10, i32 %R_real_7, i32 %R_real_8" [top_cmplx.cpp:45->top_cmplx.cpp:146]   --->   Operation 1683 'select' 'R_real_15' <Predicate = (icmp_ln119 & !tmp_17)> <Delay = 0.44> <CoreInst = "Sel">   --->   Core 73 'Sel' <Latency = 0> <II = 1> <Delay = 0.44> <FuncUnit> <Opcode : 'select'> <InPorts = 3> <OutPorts = 1>
ST_63 : Operation 1684 [1/1] (0.44ns) (out node of the LUT)   --->   "%R_real_16 = select i1 %icmp_ln41_9, i32 %R_real_7, i32 %R_real_9" [top_cmplx.cpp:45->top_cmplx.cpp:146]   --->   Operation 1684 'select' 'R_real_16' <Predicate = (icmp_ln119 & !tmp_17)> <Delay = 0.44> <CoreInst = "Sel">   --->   Core 73 'Sel' <Latency = 0> <II = 1> <Delay = 0.44> <FuncUnit> <Opcode : 'select'> <InPorts = 3> <OutPorts = 1>
ST_63 : Operation 1685 [1/1] (0.44ns) (out node of the LUT)   --->   "%R_real_17 = select i1 %icmp_ln41_8, i32 %R_real_7, i32 %R_real_10" [top_cmplx.cpp:45->top_cmplx.cpp:146]   --->   Operation 1685 'select' 'R_real_17' <Predicate = (icmp_ln119 & !tmp_17)> <Delay = 0.44> <CoreInst = "Sel">   --->   Core 73 'Sel' <Latency = 0> <II = 1> <Delay = 0.44> <FuncUnit> <Opcode : 'select'> <InPorts = 3> <OutPorts = 1>
ST_63 : Operation 1686 [1/1] (0.44ns) (out node of the LUT)   --->   "%R_real_18 = select i1 %icmp_ln41_7, i32 %R_real_7, i32 %R_real_11" [top_cmplx.cpp:45->top_cmplx.cpp:146]   --->   Operation 1686 'select' 'R_real_18' <Predicate = (icmp_ln119 & !tmp_17)> <Delay = 0.44> <CoreInst = "Sel">   --->   Core 73 'Sel' <Latency = 0> <II = 1> <Delay = 0.44> <FuncUnit> <Opcode : 'select'> <InPorts = 3> <OutPorts = 1>
ST_63 : Operation 1687 [1/1] (0.44ns) (out node of the LUT)   --->   "%R_real_19 = select i1 %icmp_ln41_6, i32 %R_real_7, i32 %R_real_12" [top_cmplx.cpp:45->top_cmplx.cpp:146]   --->   Operation 1687 'select' 'R_real_19' <Predicate = (icmp_ln119 & !tmp_17)> <Delay = 0.44> <CoreInst = "Sel">   --->   Core 73 'Sel' <Latency = 0> <II = 1> <Delay = 0.44> <FuncUnit> <Opcode : 'select'> <InPorts = 3> <OutPorts = 1>
ST_63 : Operation 1688 [1/4] (6.43ns)   --->   "%R_imag_7 = fadd i32 %mul38_i3, i32 %mul39_i3" [top_cmplx.cpp:46->top_cmplx.cpp:146]   --->   Operation 1688 'fadd' 'R_imag_7' <Predicate = (icmp_ln119 & !tmp_17)> <Delay = 6.43> <CoreInst = "FAddSub_fulldsp">   --->   Core 18 'FAddSub_fulldsp' <Latency = 3> <II = 1> <Delay = 6.43> <FuncUnit> <Opcode : 'fadd' 'fsub'> <InPorts = 2> <OutPorts = 1>
ST_63 : Operation 1689 [1/1] (0.44ns)   --->   "%R_imag_8 = select i1 %or_ln41_7, i32 %mux_case_31233, i32 %R_imag_6" [top_cmplx.cpp:42->top_cmplx.cpp:146]   --->   Operation 1689 'select' 'R_imag_8' <Predicate = (icmp_ln119 & !tmp_17)> <Delay = 0.44> <CoreInst = "Sel">   --->   Core 73 'Sel' <Latency = 0> <II = 1> <Delay = 0.44> <FuncUnit> <Opcode : 'select'> <InPorts = 3> <OutPorts = 1>
ST_63 : Operation 1690 [1/1] (0.44ns)   --->   "%R_imag_9 = select i1 %icmp_ln41_10, i32 %R_imag_6, i32 %mux_case_31228" [top_cmplx.cpp:42->top_cmplx.cpp:146]   --->   Operation 1690 'select' 'R_imag_9' <Predicate = (icmp_ln119 & !tmp_17)> <Delay = 0.44> <CoreInst = "Sel">   --->   Core 73 'Sel' <Latency = 0> <II = 1> <Delay = 0.44> <FuncUnit> <Opcode : 'select'> <InPorts = 3> <OutPorts = 1>
ST_63 : Operation 1691 [1/1] (0.44ns)   --->   "%R_imag_10 = select i1 %icmp_ln41_9, i32 %R_imag_6, i32 %mux_case_31223" [top_cmplx.cpp:42->top_cmplx.cpp:146]   --->   Operation 1691 'select' 'R_imag_10' <Predicate = (icmp_ln119 & !tmp_17)> <Delay = 0.44> <CoreInst = "Sel">   --->   Core 73 'Sel' <Latency = 0> <II = 1> <Delay = 0.44> <FuncUnit> <Opcode : 'select'> <InPorts = 3> <OutPorts = 1>
ST_63 : Operation 1692 [1/1] (0.44ns)   --->   "%R_imag_11 = select i1 %icmp_ln41_8, i32 %R_imag_6, i32 %mux_case_31218" [top_cmplx.cpp:42->top_cmplx.cpp:146]   --->   Operation 1692 'select' 'R_imag_11' <Predicate = (icmp_ln119 & !tmp_17)> <Delay = 0.44> <CoreInst = "Sel">   --->   Core 73 'Sel' <Latency = 0> <II = 1> <Delay = 0.44> <FuncUnit> <Opcode : 'select'> <InPorts = 3> <OutPorts = 1>
ST_63 : Operation 1693 [1/1] (0.44ns)   --->   "%R_imag_12 = select i1 %icmp_ln41_7, i32 %R_imag_6, i32 %mux_case_31213" [top_cmplx.cpp:42->top_cmplx.cpp:146]   --->   Operation 1693 'select' 'R_imag_12' <Predicate = (icmp_ln119 & !tmp_17)> <Delay = 0.44> <CoreInst = "Sel">   --->   Core 73 'Sel' <Latency = 0> <II = 1> <Delay = 0.44> <FuncUnit> <Opcode : 'select'> <InPorts = 3> <OutPorts = 1>
ST_63 : Operation 1694 [1/1] (0.44ns)   --->   "%R_imag_13 = select i1 %icmp_ln41_6, i32 %R_imag_6, i32 %mux_case_31208" [top_cmplx.cpp:42->top_cmplx.cpp:146]   --->   Operation 1694 'select' 'R_imag_13' <Predicate = (icmp_ln119 & !tmp_17)> <Delay = 0.44> <CoreInst = "Sel">   --->   Core 73 'Sel' <Latency = 0> <II = 1> <Delay = 0.44> <FuncUnit> <Opcode : 'select'> <InPorts = 3> <OutPorts = 1>
ST_63 : Operation 1695 [1/1] (0.73ns)   --->   "%switch_ln46 = switch i3 %i_1, void %imag169.i189209.case.6, i3 5, void %imag169.i189209.case.5, i3 1, void %if.then92.3_ifconv.for.inc95.3_crit_edge, i3 2, void %for.inc95.3, i3 3, void %imag169.i189209.case.3, i3 4, void %imag169.i189209.case.4" [top_cmplx.cpp:46->top_cmplx.cpp:146]   --->   Operation 1695 'switch' 'switch_ln46' <Predicate = (icmp_ln119 & !tmp_17)> <Delay = 0.73>
ST_63 : Operation 1696 [1/1] (0.47ns)   --->   "%br_ln46 = br void %for.inc95.3" [top_cmplx.cpp:46->top_cmplx.cpp:146]   --->   Operation 1696 'br' 'br_ln46' <Predicate = (icmp_ln119 & i_1 == 4 & !tmp_17)> <Delay = 0.47>
ST_63 : Operation 1697 [1/1] (0.47ns)   --->   "%br_ln46 = br void %for.inc95.3" [top_cmplx.cpp:46->top_cmplx.cpp:146]   --->   Operation 1697 'br' 'br_ln46' <Predicate = (icmp_ln119 & i_1 == 3 & !tmp_17)> <Delay = 0.47>
ST_63 : Operation 1698 [1/1] (0.47ns)   --->   "%br_ln46 = br void %for.inc95.3" [top_cmplx.cpp:46->top_cmplx.cpp:146]   --->   Operation 1698 'br' 'br_ln46' <Predicate = (icmp_ln119 & i_1 == 1 & !tmp_17)> <Delay = 0.47>
ST_63 : Operation 1699 [1/1] (0.47ns)   --->   "%br_ln46 = br void %for.inc95.3" [top_cmplx.cpp:46->top_cmplx.cpp:146]   --->   Operation 1699 'br' 'br_ln46' <Predicate = (icmp_ln119 & i_1 == 5 & !tmp_17)> <Delay = 0.47>
ST_63 : Operation 1700 [1/1] (0.47ns)   --->   "%br_ln46 = br void %for.inc95.3" [top_cmplx.cpp:46->top_cmplx.cpp:146]   --->   Operation 1700 'br' 'br_ln46' <Predicate = (icmp_ln119 & i_1 != 1 & i_1 != 2 & i_1 != 3 & i_1 != 4 & i_1 != 5 & !tmp_17)> <Delay = 0.47>
ST_63 : Operation 1701 [1/1] (0.00ns)   --->   "%mux_case_31183159 = phi i32 %R_imag_13, void %imag169.i189209.case.3, i32 %R_imag_13, void %imag169.i189209.case.4, i32 %R_imag_13, void %imag169.i189209.case.5, i32 %R_imag_13, void %imag169.i189209.case.6, i32 %R_imag_13, void %if.then92.3_ifconv.for.inc95.3_crit_edge, i32 %R_imag_13, void %if.then92.3_ifconv, i32 %mux_case_31208, void %for.inc95.2"   --->   Operation 1701 'phi' 'mux_case_31183159' <Predicate = (icmp_ln119)> <Delay = 0.00>
ST_63 : Operation 1702 [1/1] (0.00ns)   --->   "%mux_case_32855 = phi i32 %R_real_13, void %imag169.i189209.case.3, i32 %R_real_13, void %imag169.i189209.case.4, i32 %R_real_13, void %imag169.i189209.case.5, i32 %R_real_13, void %imag169.i189209.case.6, i32 %R_real_13, void %if.then92.3_ifconv.for.inc95.3_crit_edge, i32 %R_real_13, void %if.then92.3_ifconv, i32 %mux_case_3987, void %for.inc95.2"   --->   Operation 1702 'phi' 'mux_case_32855' <Predicate = (icmp_ln119)> <Delay = 0.00>
ST_63 : Operation 1703 [1/1] (0.42ns)   --->   "%store_ln42 = store i32 %mux_case_31183159, i32 %mux_case_3118" [top_cmplx.cpp:42->top_cmplx.cpp:146]   --->   Operation 1703 'store' 'store_ln42' <Predicate = (icmp_ln119)> <Delay = 0.42>
ST_63 : Operation 1704 [1/1] (0.42ns)   --->   "%store_ln41 = store i32 %mux_case_32855, i32 %mux_case_3" [top_cmplx.cpp:41->top_cmplx.cpp:146]   --->   Operation 1704 'store' 'store_ln41' <Predicate = (icmp_ln119)> <Delay = 0.42>

State 64 <SV = 63> <Delay = 0.85>
ST_64 : Operation 1705 [1/1] (0.00ns)   --->   "%mux_case_32023509 = phi i32 %mux_case_31238, void %imag169.i189209.case.3, i32 %mux_case_31238, void %imag169.i189209.case.4, i32 %mux_case_31238, void %imag169.i189209.case.5, i32 %R_imag_7, void %imag169.i189209.case.6, i32 %mux_case_31238, void %if.then92.3_ifconv.for.inc95.3_crit_edge, i32 %mux_case_31238, void %if.then92.3_ifconv, i32 %mux_case_31238, void %for.inc95.2"   --->   Operation 1705 'phi' 'mux_case_32023509' <Predicate = true> <Delay = 0.00>
ST_64 : Operation 1706 [1/1] (0.00ns)   --->   "%mux_case_31733465 = phi i32 %R_real_14, void %imag169.i189209.case.3, i32 %R_real_14, void %imag169.i189209.case.4, i32 %R_real_14, void %imag169.i189209.case.5, i32 %R_real_14, void %imag169.i189209.case.6, i32 %R_real_14, void %if.then92.3_ifconv.for.inc95.3_crit_edge, i32 %R_real_14, void %if.then92.3_ifconv, i32 %mux_case_31017, void %for.inc95.2"   --->   Operation 1706 'phi' 'mux_case_31733465' <Predicate = true> <Delay = 0.00>
ST_64 : Operation 1707 [1/1] (0.00ns)   --->   "%mux_case_31433419 = phi i32 %R_imag_8, void %imag169.i189209.case.3, i32 %R_imag_8, void %imag169.i189209.case.4, i32 %R_imag_7, void %imag169.i189209.case.5, i32 %R_imag_8, void %imag169.i189209.case.6, i32 %R_imag_8, void %if.then92.3_ifconv.for.inc95.3_crit_edge, i32 %R_imag_8, void %if.then92.3_ifconv, i32 %mux_case_31233, void %for.inc95.2"   --->   Operation 1707 'phi' 'mux_case_31433419' <Predicate = true> <Delay = 0.00>
ST_64 : Operation 1708 [1/1] (0.00ns)   --->   "%mux_case_31383367 = phi i32 %R_imag_9, void %imag169.i189209.case.3, i32 %R_imag_7, void %imag169.i189209.case.4, i32 %R_imag_9, void %imag169.i189209.case.5, i32 %R_imag_9, void %imag169.i189209.case.6, i32 %R_imag_9, void %if.then92.3_ifconv.for.inc95.3_crit_edge, i32 %R_imag_9, void %if.then92.3_ifconv, i32 %mux_case_31228, void %for.inc95.2"   --->   Operation 1708 'phi' 'mux_case_31383367' <Predicate = true> <Delay = 0.00>
ST_64 : Operation 1709 [1/1] (0.00ns)   --->   "%mux_case_31333315 = phi i32 %R_imag_7, void %imag169.i189209.case.3, i32 %R_imag_10, void %imag169.i189209.case.4, i32 %R_imag_10, void %imag169.i189209.case.5, i32 %R_imag_10, void %imag169.i189209.case.6, i32 %R_imag_10, void %if.then92.3_ifconv.for.inc95.3_crit_edge, i32 %R_imag_10, void %if.then92.3_ifconv, i32 %mux_case_31223, void %for.inc95.2"   --->   Operation 1709 'phi' 'mux_case_31333315' <Predicate = true> <Delay = 0.00>
ST_64 : Operation 1710 [1/1] (0.00ns)   --->   "%mux_case_31283263 = phi i32 %R_imag_11, void %imag169.i189209.case.3, i32 %R_imag_11, void %imag169.i189209.case.4, i32 %R_imag_11, void %imag169.i189209.case.5, i32 %R_imag_11, void %imag169.i189209.case.6, i32 %R_imag_11, void %if.then92.3_ifconv.for.inc95.3_crit_edge, i32 %R_imag_7, void %if.then92.3_ifconv, i32 %mux_case_31218, void %for.inc95.2"   --->   Operation 1710 'phi' 'mux_case_31283263' <Predicate = true> <Delay = 0.00>
ST_64 : Operation 1711 [1/1] (0.00ns)   --->   "%mux_case_31233211 = phi i32 %R_imag_12, void %imag169.i189209.case.3, i32 %R_imag_12, void %imag169.i189209.case.4, i32 %R_imag_12, void %imag169.i189209.case.5, i32 %R_imag_12, void %imag169.i189209.case.6, i32 %R_imag_7, void %if.then92.3_ifconv.for.inc95.3_crit_edge, i32 %R_imag_12, void %if.then92.3_ifconv, i32 %mux_case_31213, void %for.inc95.2"   --->   Operation 1711 'phi' 'mux_case_31233211' <Predicate = true> <Delay = 0.00>
ST_64 : Operation 1712 [1/1] (0.00ns)   --->   "%mux_case_31143115 = phi i32 %R_real_15, void %imag169.i189209.case.3, i32 %R_real_15, void %imag169.i189209.case.4, i32 %R_real_15, void %imag169.i189209.case.5, i32 %R_real_15, void %imag169.i189209.case.6, i32 %R_real_15, void %if.then92.3_ifconv.for.inc95.3_crit_edge, i32 %R_real_15, void %if.then92.3_ifconv, i32 %mux_case_31012, void %for.inc95.2"   --->   Operation 1712 'phi' 'mux_case_31143115' <Predicate = true> <Delay = 0.00>
ST_64 : Operation 1713 [1/1] (0.00ns)   --->   "%mux_case_31103063 = phi i32 %R_real_16, void %imag169.i189209.case.3, i32 %R_real_16, void %imag169.i189209.case.4, i32 %R_real_16, void %imag169.i189209.case.5, i32 %R_real_16, void %imag169.i189209.case.6, i32 %R_real_16, void %if.then92.3_ifconv.for.inc95.3_crit_edge, i32 %R_real_16, void %if.then92.3_ifconv, i32 %mux_case_31007, void %for.inc95.2"   --->   Operation 1713 'phi' 'mux_case_31103063' <Predicate = true> <Delay = 0.00>
ST_64 : Operation 1714 [1/1] (0.00ns)   --->   "%mux_case_31053011 = phi i32 %R_real_17, void %imag169.i189209.case.3, i32 %R_real_17, void %imag169.i189209.case.4, i32 %R_real_17, void %imag169.i189209.case.5, i32 %R_real_17, void %imag169.i189209.case.6, i32 %R_real_17, void %if.then92.3_ifconv.for.inc95.3_crit_edge, i32 %R_real_17, void %if.then92.3_ifconv, i32 %mux_case_31002, void %for.inc95.2"   --->   Operation 1714 'phi' 'mux_case_31053011' <Predicate = true> <Delay = 0.00>
ST_64 : Operation 1715 [1/1] (0.00ns)   --->   "%mux_case_31002959 = phi i32 %R_real_18, void %imag169.i189209.case.3, i32 %R_real_18, void %imag169.i189209.case.4, i32 %R_real_18, void %imag169.i189209.case.5, i32 %R_real_18, void %imag169.i189209.case.6, i32 %R_real_18, void %if.then92.3_ifconv.for.inc95.3_crit_edge, i32 %R_real_18, void %if.then92.3_ifconv, i32 %mux_case_3997, void %for.inc95.2"   --->   Operation 1715 'phi' 'mux_case_31002959' <Predicate = true> <Delay = 0.00>
ST_64 : Operation 1716 [1/1] (0.00ns)   --->   "%mux_case_3952907 = phi i32 %R_real_19, void %imag169.i189209.case.3, i32 %R_real_19, void %imag169.i189209.case.4, i32 %R_real_19, void %imag169.i189209.case.5, i32 %R_real_19, void %imag169.i189209.case.6, i32 %R_real_19, void %if.then92.3_ifconv.for.inc95.3_crit_edge, i32 %R_real_19, void %if.then92.3_ifconv, i32 %mux_case_3992, void %for.inc95.2"   --->   Operation 1716 'phi' 'mux_case_3952907' <Predicate = true> <Delay = 0.00>
ST_64 : Operation 1717 [1/1] (0.42ns)   --->   "%br_ln152 = br void %imag13752.exit.3" [top_cmplx.cpp:152]   --->   Operation 1717 'br' 'br_ln152' <Predicate = (icmp_ln119 & i_1 == 5 & tmp_18 == 2)> <Delay = 0.42>
ST_64 : Operation 1718 [1/1] (0.42ns)   --->   "%br_ln153 = br void %imag13752.exit.3" [top_cmplx.cpp:153]   --->   Operation 1718 'br' 'br_ln153' <Predicate = (icmp_ln119 & i_1 == 5 & tmp_18 == 1)> <Delay = 0.42>
ST_64 : Operation 1719 [1/1] (0.42ns)   --->   "%br_ln152 = br void %imag13752.exit.3" [top_cmplx.cpp:152]   --->   Operation 1719 'br' 'br_ln152' <Predicate = (icmp_ln119 & i_1 == 5 & tmp_18 == 0)> <Delay = 0.42>
ST_64 : Operation 1720 [1/1] (0.42ns)   --->   "%br_ln153 = br void %imag13752.exit.3" [top_cmplx.cpp:153]   --->   Operation 1720 'br' 'br_ln153' <Predicate = (icmp_ln119 & i_1 == 5 & tmp_18 == 3)> <Delay = 0.42>
ST_64 : Operation 1721 [1/1] (0.42ns)   --->   "%br_ln152 = br void %imag13752.exit.3" [top_cmplx.cpp:152]   --->   Operation 1721 'br' 'br_ln152' <Predicate = (icmp_ln119 & i_1 == 4 & tmp_18 == 2)> <Delay = 0.42>
ST_64 : Operation 1722 [1/1] (0.42ns)   --->   "%br_ln153 = br void %imag13752.exit.3" [top_cmplx.cpp:153]   --->   Operation 1722 'br' 'br_ln153' <Predicate = (icmp_ln119 & i_1 == 4 & tmp_18 == 1)> <Delay = 0.42>
ST_64 : Operation 1723 [1/1] (0.42ns)   --->   "%br_ln152 = br void %imag13752.exit.3" [top_cmplx.cpp:152]   --->   Operation 1723 'br' 'br_ln152' <Predicate = (icmp_ln119 & i_1 == 4 & tmp_18 == 0)> <Delay = 0.42>
ST_64 : Operation 1724 [1/1] (0.42ns)   --->   "%br_ln153 = br void %imag13752.exit.3" [top_cmplx.cpp:153]   --->   Operation 1724 'br' 'br_ln153' <Predicate = (icmp_ln119 & i_1 == 4 & tmp_18 == 3)> <Delay = 0.42>
ST_64 : Operation 1725 [1/1] (0.42ns)   --->   "%br_ln152 = br void %imag13752.exit.3" [top_cmplx.cpp:152]   --->   Operation 1725 'br' 'br_ln152' <Predicate = (icmp_ln119 & i_1 == 3 & tmp_18 == 2)> <Delay = 0.42>
ST_64 : Operation 1726 [1/1] (0.42ns)   --->   "%br_ln153 = br void %imag13752.exit.3" [top_cmplx.cpp:153]   --->   Operation 1726 'br' 'br_ln153' <Predicate = (icmp_ln119 & i_1 == 3 & tmp_18 == 1)> <Delay = 0.42>
ST_64 : Operation 1727 [1/1] (0.42ns)   --->   "%br_ln152 = br void %imag13752.exit.3" [top_cmplx.cpp:152]   --->   Operation 1727 'br' 'br_ln152' <Predicate = (icmp_ln119 & i_1 == 3 & tmp_18 == 0)> <Delay = 0.42>
ST_64 : Operation 1728 [1/1] (0.42ns)   --->   "%br_ln153 = br void %imag13752.exit.3" [top_cmplx.cpp:153]   --->   Operation 1728 'br' 'br_ln153' <Predicate = (icmp_ln119 & i_1 == 3 & tmp_18 == 3)> <Delay = 0.42>
ST_64 : Operation 1729 [1/1] (0.42ns)   --->   "%br_ln152 = br void %imag13752.exit.3" [top_cmplx.cpp:152]   --->   Operation 1729 'br' 'br_ln152' <Predicate = (icmp_ln119 & i_1 == 2 & tmp_18 == 2)> <Delay = 0.42>
ST_64 : Operation 1730 [1/1] (0.42ns)   --->   "%br_ln153 = br void %imag13752.exit.3" [top_cmplx.cpp:153]   --->   Operation 1730 'br' 'br_ln153' <Predicate = (icmp_ln119 & i_1 == 2 & tmp_18 == 1)> <Delay = 0.42>
ST_64 : Operation 1731 [1/1] (0.42ns)   --->   "%br_ln152 = br void %imag13752.exit.3" [top_cmplx.cpp:152]   --->   Operation 1731 'br' 'br_ln152' <Predicate = (icmp_ln119 & i_1 == 2 & tmp_18 == 0)> <Delay = 0.42>
ST_64 : Operation 1732 [1/1] (0.42ns)   --->   "%br_ln153 = br void %imag13752.exit.3" [top_cmplx.cpp:153]   --->   Operation 1732 'br' 'br_ln153' <Predicate = (icmp_ln119 & i_1 == 2 & tmp_18 == 3)> <Delay = 0.42>
ST_64 : Operation 1733 [1/1] (0.42ns)   --->   "%br_ln152 = br void %imag13752.exit.3" [top_cmplx.cpp:152]   --->   Operation 1733 'br' 'br_ln152' <Predicate = (icmp_ln119 & i_1 == 1 & tmp_18 == 2)> <Delay = 0.42>
ST_64 : Operation 1734 [1/1] (0.42ns)   --->   "%br_ln153 = br void %imag13752.exit.3" [top_cmplx.cpp:153]   --->   Operation 1734 'br' 'br_ln153' <Predicate = (icmp_ln119 & i_1 == 1 & tmp_18 == 1)> <Delay = 0.42>
ST_64 : Operation 1735 [1/1] (0.42ns)   --->   "%br_ln152 = br void %imag13752.exit.3" [top_cmplx.cpp:152]   --->   Operation 1735 'br' 'br_ln152' <Predicate = (icmp_ln119 & i_1 == 1 & tmp_18 == 0)> <Delay = 0.42>
ST_64 : Operation 1736 [1/1] (0.42ns)   --->   "%br_ln153 = br void %imag13752.exit.3" [top_cmplx.cpp:153]   --->   Operation 1736 'br' 'br_ln153' <Predicate = (icmp_ln119 & i_1 == 1 & tmp_18 == 3)> <Delay = 0.42>
ST_64 : Operation 1737 [1/1] (0.42ns)   --->   "%br_ln152 = br void %imag13752.exit.3" [top_cmplx.cpp:152]   --->   Operation 1737 'br' 'br_ln152' <Predicate = (icmp_ln119 & i_1 != 1 & i_1 != 2 & i_1 != 3 & i_1 != 4 & i_1 != 5 & tmp_18 == 2)> <Delay = 0.42>
ST_64 : Operation 1738 [1/1] (0.42ns)   --->   "%br_ln153 = br void %imag13752.exit.3" [top_cmplx.cpp:153]   --->   Operation 1738 'br' 'br_ln153' <Predicate = (icmp_ln119 & i_1 != 1 & i_1 != 2 & i_1 != 3 & i_1 != 4 & i_1 != 5 & tmp_18 == 1)> <Delay = 0.42>
ST_64 : Operation 1739 [1/1] (0.42ns)   --->   "%br_ln152 = br void %imag13752.exit.3" [top_cmplx.cpp:152]   --->   Operation 1739 'br' 'br_ln152' <Predicate = (icmp_ln119 & i_1 != 1 & i_1 != 2 & i_1 != 3 & i_1 != 4 & i_1 != 5 & tmp_18 == 0)> <Delay = 0.42>
ST_64 : Operation 1740 [1/1] (0.42ns)   --->   "%br_ln153 = br void %imag13752.exit.3" [top_cmplx.cpp:153]   --->   Operation 1740 'br' 'br_ln153' <Predicate = (icmp_ln119 & i_1 != 1 & i_1 != 2 & i_1 != 3 & i_1 != 4 & i_1 != 5 & tmp_18 == 3)> <Delay = 0.42>
ST_64 : Operation 1741 [1/1] (0.00ns)   --->   "%mux_case_09228665817624066306905745877798440 = phi i32 %mux_case_01059, void %imag7440.case.3417, i32 %mux_case_01059, void %imag7440.case.1415, i32 %mux_case_01059, void %imag7440.case.3411, i32 %mux_case_01059, void %imag7440.case.1409, i32 %mux_case_01059, void %imag7440.case.3405, i32 %mux_case_01059, void %imag7440.case.1403, i32 %mux_case_01059, void %imag7440.case.3399, i32 %mux_case_01059, void %imag7440.case.1397, i32 %mux_case_01059, void %imag7440.case.3423, i32 %mux_case_01059, void %imag7440.case.1421, i32 %mux_case_01059, void %imag7440.case.1427, i32 %mux_case_01059, void %imag7440.case.3429, i32 %mux_case_01059, void %real6938.case.1.imag13752.exit.3_crit_edge, i32 %mux_case_01059, void %real6938.case.2.imag13752.exit.3_crit_edge, i32 %mux_case_01059, void %real6938.case.3.imag13752.exit.3_crit_edge, i32 %mux_case_01059, void %real6938.case.4.imag13752.exit.3_crit_edge, i32 %mux_case_01059, void %real6938.case.5.imag13752.exit.3_crit_edge, i32 %mux_case_01059, void %real6938.case.6.imag13752.exit.3_crit_edge, i32 0, void %real6938.case.1.imag13752.exit.3_crit_edge138, i32 %mux_case_01059, void %real6938.case.2.imag13752.exit.3_crit_edge133, i32 %mux_case_01059, void %real6938.case.3.imag13752.exit.3_crit_edge128, i32 %mux_case_01059, void %real6938.case.4.imag13752.exit.3_crit_edge123, i32 %mux_case_01059, void %real6938.case.5.imag13752.exit.3_crit_edge117, i32 %mux_case_01059, void %real6938.case.6.imag13752.exit.3_crit_edge118" [top_cmplx.cpp:41->top_cmplx.cpp:146]   --->   Operation 1741 'phi' 'mux_case_09228665817624066306905745877798440' <Predicate = true> <Delay = 0.00>
ST_64 : Operation 1742 [1/1] (0.00ns)   --->   "%mux_case_19328795815624266286907745677818438 = phi i32 %mux_case_11025, void %imag7440.case.3417, i32 %mux_case_11025, void %imag7440.case.1415, i32 %mux_case_11025, void %imag7440.case.3411, i32 %mux_case_11025, void %imag7440.case.1409, i32 %mux_case_11025, void %imag7440.case.3405, i32 %mux_case_11025, void %imag7440.case.1403, i32 %mux_case_11025, void %imag7440.case.3399, i32 0, void %imag7440.case.1397, i32 %mux_case_11025, void %imag7440.case.3423, i32 %mux_case_11025, void %imag7440.case.1421, i32 %mux_case_11025, void %imag7440.case.1427, i32 %mux_case_11025, void %imag7440.case.3429, i32 %mux_case_11025, void %real6938.case.1.imag13752.exit.3_crit_edge, i32 %mux_case_11025, void %real6938.case.2.imag13752.exit.3_crit_edge, i32 %mux_case_11025, void %real6938.case.3.imag13752.exit.3_crit_edge, i32 %mux_case_11025, void %real6938.case.4.imag13752.exit.3_crit_edge, i32 %mux_case_11025, void %real6938.case.5.imag13752.exit.3_crit_edge, i32 %mux_case_11025, void %real6938.case.6.imag13752.exit.3_crit_edge, i32 %mux_case_11025, void %real6938.case.1.imag13752.exit.3_crit_edge138, i32 %mux_case_11025, void %real6938.case.2.imag13752.exit.3_crit_edge133, i32 %mux_case_11025, void %real6938.case.3.imag13752.exit.3_crit_edge128, i32 %mux_case_11025, void %real6938.case.4.imag13752.exit.3_crit_edge123, i32 %mux_case_11025, void %real6938.case.5.imag13752.exit.3_crit_edge117, i32 %mux_case_11025, void %real6938.case.6.imag13752.exit.3_crit_edge118" [top_cmplx.cpp:41->top_cmplx.cpp:146]   --->   Operation 1742 'phi' 'mux_case_19328795815624266286907745677818438' <Predicate = true> <Delay = 0.00>
ST_64 : Operation 1743 [1/1] (0.00ns)   --->   "%mux_case_29428925813624466266909745477838436 = phi i32 %mux_case_2991, void %imag7440.case.3417, i32 %mux_case_2991, void %imag7440.case.1415, i32 %mux_case_2991, void %imag7440.case.3411, i32 %mux_case_2991, void %imag7440.case.1409, i32 %mux_case_2991, void %imag7440.case.3405, i32 %mux_case_2991, void %imag7440.case.1403, i32 %mux_case_2991, void %imag7440.case.3399, i32 %mux_case_2991, void %imag7440.case.1397, i32 %mux_case_2991, void %imag7440.case.3423, i32 %mux_case_2991, void %imag7440.case.1421, i32 %mux_case_2991, void %imag7440.case.1427, i32 %mux_case_2991, void %imag7440.case.3429, i32 0, void %real6938.case.1.imag13752.exit.3_crit_edge, i32 %mux_case_2991, void %real6938.case.2.imag13752.exit.3_crit_edge, i32 %mux_case_2991, void %real6938.case.3.imag13752.exit.3_crit_edge, i32 %mux_case_2991, void %real6938.case.4.imag13752.exit.3_crit_edge, i32 %mux_case_2991, void %real6938.case.5.imag13752.exit.3_crit_edge, i32 %mux_case_2991, void %real6938.case.6.imag13752.exit.3_crit_edge, i32 %mux_case_2991, void %real6938.case.1.imag13752.exit.3_crit_edge138, i32 %mux_case_2991, void %real6938.case.2.imag13752.exit.3_crit_edge133, i32 %mux_case_2991, void %real6938.case.3.imag13752.exit.3_crit_edge128, i32 %mux_case_2991, void %real6938.case.4.imag13752.exit.3_crit_edge123, i32 %mux_case_2991, void %real6938.case.5.imag13752.exit.3_crit_edge117, i32 %mux_case_2991, void %real6938.case.6.imag13752.exit.3_crit_edge118" [top_cmplx.cpp:45->top_cmplx.cpp:146]   --->   Operation 1743 'phi' 'mux_case_29428925813624466266909745477838436' <Predicate = true> <Delay = 0.00>
ST_64 : Operation 1744 [1/1] (0.00ns)   --->   "%mux_case_39529055811624666246911745277858434 = phi i32 %mux_case_3952907, void %imag7440.case.3417, i32 %mux_case_3952907, void %imag7440.case.1415, i32 %mux_case_3952907, void %imag7440.case.3411, i32 %mux_case_3952907, void %imag7440.case.1409, i32 %mux_case_3952907, void %imag7440.case.3405, i32 %mux_case_3952907, void %imag7440.case.1403, i32 0, void %imag7440.case.3399, i32 %mux_case_3952907, void %imag7440.case.1397, i32 %mux_case_3952907, void %imag7440.case.3423, i32 %mux_case_3952907, void %imag7440.case.1421, i32 %mux_case_3952907, void %imag7440.case.1427, i32 %mux_case_3952907, void %imag7440.case.3429, i32 %mux_case_3952907, void %real6938.case.1.imag13752.exit.3_crit_edge, i32 %mux_case_3952907, void %real6938.case.2.imag13752.exit.3_crit_edge, i32 %mux_case_3952907, void %real6938.case.3.imag13752.exit.3_crit_edge, i32 %mux_case_3952907, void %real6938.case.4.imag13752.exit.3_crit_edge, i32 %mux_case_3952907, void %real6938.case.5.imag13752.exit.3_crit_edge, i32 %mux_case_3952907, void %real6938.case.6.imag13752.exit.3_crit_edge, i32 %mux_case_3952907, void %real6938.case.1.imag13752.exit.3_crit_edge138, i32 %mux_case_3952907, void %real6938.case.2.imag13752.exit.3_crit_edge133, i32 %mux_case_3952907, void %real6938.case.3.imag13752.exit.3_crit_edge128, i32 %mux_case_3952907, void %real6938.case.4.imag13752.exit.3_crit_edge123, i32 %mux_case_3952907, void %real6938.case.5.imag13752.exit.3_crit_edge117, i32 %mux_case_3952907, void %real6938.case.6.imag13752.exit.3_crit_edge118" [top_cmplx.cpp:45->top_cmplx.cpp:146]   --->   Operation 1744 'phi' 'mux_case_39529055811624666246911745277858434' <Predicate = true> <Delay = 0.00>
ST_64 : Operation 1745 [1/1] (0.00ns)   --->   "%mux_case_09729185809624866226913745077878432 = phi i32 %mux_case_01064, void %imag7440.case.3417, i32 %mux_case_01064, void %imag7440.case.1415, i32 %mux_case_01064, void %imag7440.case.3411, i32 %mux_case_01064, void %imag7440.case.1409, i32 %mux_case_01064, void %imag7440.case.3405, i32 %mux_case_01064, void %imag7440.case.1403, i32 %mux_case_01064, void %imag7440.case.3399, i32 %mux_case_01064, void %imag7440.case.1397, i32 %mux_case_01064, void %imag7440.case.3423, i32 %mux_case_01064, void %imag7440.case.1421, i32 %mux_case_01064, void %imag7440.case.1427, i32 %mux_case_01064, void %imag7440.case.3429, i32 %mux_case_01064, void %real6938.case.1.imag13752.exit.3_crit_edge, i32 %mux_case_01064, void %real6938.case.2.imag13752.exit.3_crit_edge, i32 %mux_case_01064, void %real6938.case.3.imag13752.exit.3_crit_edge, i32 %mux_case_01064, void %real6938.case.4.imag13752.exit.3_crit_edge, i32 %mux_case_01064, void %real6938.case.5.imag13752.exit.3_crit_edge, i32 %mux_case_01064, void %real6938.case.6.imag13752.exit.3_crit_edge, i32 %mux_case_01064, void %real6938.case.1.imag13752.exit.3_crit_edge138, i32 0, void %real6938.case.2.imag13752.exit.3_crit_edge133, i32 %mux_case_01064, void %real6938.case.3.imag13752.exit.3_crit_edge128, i32 %mux_case_01064, void %real6938.case.4.imag13752.exit.3_crit_edge123, i32 %mux_case_01064, void %real6938.case.5.imag13752.exit.3_crit_edge117, i32 %mux_case_01064, void %real6938.case.6.imag13752.exit.3_crit_edge118" [top_cmplx.cpp:41->top_cmplx.cpp:146]   --->   Operation 1745 'phi' 'mux_case_09729185809624866226913745077878432' <Predicate = true> <Delay = 0.00>
ST_64 : Operation 1746 [1/1] (0.00ns)   --->   "%mux_case_19829315807625066206915744877898430 = phi i32 %mux_case_11030, void %imag7440.case.3417, i32 %mux_case_11030, void %imag7440.case.1415, i32 %mux_case_11030, void %imag7440.case.3411, i32 %mux_case_11030, void %imag7440.case.1409, i32 %mux_case_11030, void %imag7440.case.3405, i32 0, void %imag7440.case.1403, i32 %mux_case_11030, void %imag7440.case.3399, i32 %mux_case_11030, void %imag7440.case.1397, i32 %mux_case_11030, void %imag7440.case.3423, i32 %mux_case_11030, void %imag7440.case.1421, i32 %mux_case_11030, void %imag7440.case.1427, i32 %mux_case_11030, void %imag7440.case.3429, i32 %mux_case_11030, void %real6938.case.1.imag13752.exit.3_crit_edge, i32 %mux_case_11030, void %real6938.case.2.imag13752.exit.3_crit_edge, i32 %mux_case_11030, void %real6938.case.3.imag13752.exit.3_crit_edge, i32 %mux_case_11030, void %real6938.case.4.imag13752.exit.3_crit_edge, i32 %mux_case_11030, void %real6938.case.5.imag13752.exit.3_crit_edge, i32 %mux_case_11030, void %real6938.case.6.imag13752.exit.3_crit_edge, i32 %mux_case_11030, void %real6938.case.1.imag13752.exit.3_crit_edge138, i32 %mux_case_11030, void %real6938.case.2.imag13752.exit.3_crit_edge133, i32 %mux_case_11030, void %real6938.case.3.imag13752.exit.3_crit_edge128, i32 %mux_case_11030, void %real6938.case.4.imag13752.exit.3_crit_edge123, i32 %mux_case_11030, void %real6938.case.5.imag13752.exit.3_crit_edge117, i32 %mux_case_11030, void %real6938.case.6.imag13752.exit.3_crit_edge118" [top_cmplx.cpp:41->top_cmplx.cpp:146]   --->   Operation 1746 'phi' 'mux_case_19829315807625066206915744877898430' <Predicate = true> <Delay = 0.00>
ST_64 : Operation 1747 [1/1] (0.00ns)   --->   "%mux_case_29929445805625266186917744677918428 = phi i32 %mux_case_2996, void %imag7440.case.3417, i32 %mux_case_2996, void %imag7440.case.1415, i32 %mux_case_2996, void %imag7440.case.3411, i32 %mux_case_2996, void %imag7440.case.1409, i32 %mux_case_2996, void %imag7440.case.3405, i32 %mux_case_2996, void %imag7440.case.1403, i32 %mux_case_2996, void %imag7440.case.3399, i32 %mux_case_2996, void %imag7440.case.1397, i32 %mux_case_2996, void %imag7440.case.3423, i32 %mux_case_2996, void %imag7440.case.1421, i32 %mux_case_2996, void %imag7440.case.1427, i32 %mux_case_2996, void %imag7440.case.3429, i32 %mux_case_2996, void %real6938.case.1.imag13752.exit.3_crit_edge, i32 0, void %real6938.case.2.imag13752.exit.3_crit_edge, i32 %mux_case_2996, void %real6938.case.3.imag13752.exit.3_crit_edge, i32 %mux_case_2996, void %real6938.case.4.imag13752.exit.3_crit_edge, i32 %mux_case_2996, void %real6938.case.5.imag13752.exit.3_crit_edge, i32 %mux_case_2996, void %real6938.case.6.imag13752.exit.3_crit_edge, i32 %mux_case_2996, void %real6938.case.1.imag13752.exit.3_crit_edge138, i32 %mux_case_2996, void %real6938.case.2.imag13752.exit.3_crit_edge133, i32 %mux_case_2996, void %real6938.case.3.imag13752.exit.3_crit_edge128, i32 %mux_case_2996, void %real6938.case.4.imag13752.exit.3_crit_edge123, i32 %mux_case_2996, void %real6938.case.5.imag13752.exit.3_crit_edge117, i32 %mux_case_2996, void %real6938.case.6.imag13752.exit.3_crit_edge118" [top_cmplx.cpp:45->top_cmplx.cpp:146]   --->   Operation 1747 'phi' 'mux_case_29929445805625266186917744677918428' <Predicate = true> <Delay = 0.00>
ST_64 : Operation 1748 [1/1] (0.00ns)   --->   "%mux_case_310029575803625466166919744477938426 = phi i32 %mux_case_31002959, void %imag7440.case.3417, i32 %mux_case_31002959, void %imag7440.case.1415, i32 %mux_case_31002959, void %imag7440.case.3411, i32 %mux_case_31002959, void %imag7440.case.1409, i32 0, void %imag7440.case.3405, i32 %mux_case_31002959, void %imag7440.case.1403, i32 %mux_case_31002959, void %imag7440.case.3399, i32 %mux_case_31002959, void %imag7440.case.1397, i32 %mux_case_31002959, void %imag7440.case.3423, i32 %mux_case_31002959, void %imag7440.case.1421, i32 %mux_case_31002959, void %imag7440.case.1427, i32 %mux_case_31002959, void %imag7440.case.3429, i32 %mux_case_31002959, void %real6938.case.1.imag13752.exit.3_crit_edge, i32 %mux_case_31002959, void %real6938.case.2.imag13752.exit.3_crit_edge, i32 %mux_case_31002959, void %real6938.case.3.imag13752.exit.3_crit_edge, i32 %mux_case_31002959, void %real6938.case.4.imag13752.exit.3_crit_edge, i32 %mux_case_31002959, void %real6938.case.5.imag13752.exit.3_crit_edge, i32 %mux_case_31002959, void %real6938.case.6.imag13752.exit.3_crit_edge, i32 %mux_case_31002959, void %real6938.case.1.imag13752.exit.3_crit_edge138, i32 %mux_case_31002959, void %real6938.case.2.imag13752.exit.3_crit_edge133, i32 %mux_case_31002959, void %real6938.case.3.imag13752.exit.3_crit_edge128, i32 %mux_case_31002959, void %real6938.case.4.imag13752.exit.3_crit_edge123, i32 %mux_case_31002959, void %real6938.case.5.imag13752.exit.3_crit_edge117, i32 %mux_case_31002959, void %real6938.case.6.imag13752.exit.3_crit_edge118" [top_cmplx.cpp:45->top_cmplx.cpp:146]   --->   Operation 1748 'phi' 'mux_case_310029575803625466166919744477938426' <Predicate = true> <Delay = 0.00>
ST_64 : Operation 1749 [1/1] (0.00ns)   --->   "%mux_case_010229705801625666146921744277958424 = phi i32 %mux_case_01069, void %imag7440.case.3417, i32 %mux_case_01069, void %imag7440.case.1415, i32 %mux_case_01069, void %imag7440.case.3411, i32 %mux_case_01069, void %imag7440.case.1409, i32 %mux_case_01069, void %imag7440.case.3405, i32 %mux_case_01069, void %imag7440.case.1403, i32 %mux_case_01069, void %imag7440.case.3399, i32 %mux_case_01069, void %imag7440.case.1397, i32 %mux_case_01069, void %imag7440.case.3423, i32 %mux_case_01069, void %imag7440.case.1421, i32 %mux_case_01069, void %imag7440.case.1427, i32 %mux_case_01069, void %imag7440.case.3429, i32 %mux_case_01069, void %real6938.case.1.imag13752.exit.3_crit_edge, i32 %mux_case_01069, void %real6938.case.2.imag13752.exit.3_crit_edge, i32 %mux_case_01069, void %real6938.case.3.imag13752.exit.3_crit_edge, i32 %mux_case_01069, void %real6938.case.4.imag13752.exit.3_crit_edge, i32 %mux_case_01069, void %real6938.case.5.imag13752.exit.3_crit_edge, i32 %mux_case_01069, void %real6938.case.6.imag13752.exit.3_crit_edge, i32 %mux_case_01069, void %real6938.case.1.imag13752.exit.3_crit_edge138, i32 %mux_case_01069, void %real6938.case.2.imag13752.exit.3_crit_edge133, i32 0, void %real6938.case.3.imag13752.exit.3_crit_edge128, i32 %mux_case_01069, void %real6938.case.4.imag13752.exit.3_crit_edge123, i32 %mux_case_01069, void %real6938.case.5.imag13752.exit.3_crit_edge117, i32 %mux_case_01069, void %real6938.case.6.imag13752.exit.3_crit_edge118" [top_cmplx.cpp:41->top_cmplx.cpp:146]   --->   Operation 1749 'phi' 'mux_case_010229705801625666146921744277958424' <Predicate = true> <Delay = 0.00>
ST_64 : Operation 1750 [1/1] (0.00ns)   --->   "%mux_case_110329835799625866126923744077978422 = phi i32 %mux_case_11035, void %imag7440.case.3417, i32 %mux_case_11035, void %imag7440.case.1415, i32 %mux_case_11035, void %imag7440.case.3411, i32 0, void %imag7440.case.1409, i32 %mux_case_11035, void %imag7440.case.3405, i32 %mux_case_11035, void %imag7440.case.1403, i32 %mux_case_11035, void %imag7440.case.3399, i32 %mux_case_11035, void %imag7440.case.1397, i32 %mux_case_11035, void %imag7440.case.3423, i32 %mux_case_11035, void %imag7440.case.1421, i32 %mux_case_11035, void %imag7440.case.1427, i32 %mux_case_11035, void %imag7440.case.3429, i32 %mux_case_11035, void %real6938.case.1.imag13752.exit.3_crit_edge, i32 %mux_case_11035, void %real6938.case.2.imag13752.exit.3_crit_edge, i32 %mux_case_11035, void %real6938.case.3.imag13752.exit.3_crit_edge, i32 %mux_case_11035, void %real6938.case.4.imag13752.exit.3_crit_edge, i32 %mux_case_11035, void %real6938.case.5.imag13752.exit.3_crit_edge, i32 %mux_case_11035, void %real6938.case.6.imag13752.exit.3_crit_edge, i32 %mux_case_11035, void %real6938.case.1.imag13752.exit.3_crit_edge138, i32 %mux_case_11035, void %real6938.case.2.imag13752.exit.3_crit_edge133, i32 %mux_case_11035, void %real6938.case.3.imag13752.exit.3_crit_edge128, i32 %mux_case_11035, void %real6938.case.4.imag13752.exit.3_crit_edge123, i32 %mux_case_11035, void %real6938.case.5.imag13752.exit.3_crit_edge117, i32 %mux_case_11035, void %real6938.case.6.imag13752.exit.3_crit_edge118" [top_cmplx.cpp:41->top_cmplx.cpp:146]   --->   Operation 1750 'phi' 'mux_case_110329835799625866126923744077978422' <Predicate = true> <Delay = 0.00>
ST_64 : Operation 1751 [1/1] (0.00ns)   --->   "%mux_case_210429965797626066106925743877998420 = phi i32 %mux_case_21001, void %imag7440.case.3417, i32 %mux_case_21001, void %imag7440.case.1415, i32 %mux_case_21001, void %imag7440.case.3411, i32 %mux_case_21001, void %imag7440.case.1409, i32 %mux_case_21001, void %imag7440.case.3405, i32 %mux_case_21001, void %imag7440.case.1403, i32 %mux_case_21001, void %imag7440.case.3399, i32 %mux_case_21001, void %imag7440.case.1397, i32 %mux_case_21001, void %imag7440.case.3423, i32 %mux_case_21001, void %imag7440.case.1421, i32 %mux_case_21001, void %imag7440.case.1427, i32 %mux_case_21001, void %imag7440.case.3429, i32 %mux_case_21001, void %real6938.case.1.imag13752.exit.3_crit_edge, i32 %mux_case_21001, void %real6938.case.2.imag13752.exit.3_crit_edge, i32 0, void %real6938.case.3.imag13752.exit.3_crit_edge, i32 %mux_case_21001, void %real6938.case.4.imag13752.exit.3_crit_edge, i32 %mux_case_21001, void %real6938.case.5.imag13752.exit.3_crit_edge, i32 %mux_case_21001, void %real6938.case.6.imag13752.exit.3_crit_edge, i32 %mux_case_21001, void %real6938.case.1.imag13752.exit.3_crit_edge138, i32 %mux_case_21001, void %real6938.case.2.imag13752.exit.3_crit_edge133, i32 %mux_case_21001, void %real6938.case.3.imag13752.exit.3_crit_edge128, i32 %mux_case_21001, void %real6938.case.4.imag13752.exit.3_crit_edge123, i32 %mux_case_21001, void %real6938.case.5.imag13752.exit.3_crit_edge117, i32 %mux_case_21001, void %real6938.case.6.imag13752.exit.3_crit_edge118" [top_cmplx.cpp:45->top_cmplx.cpp:146]   --->   Operation 1751 'phi' 'mux_case_210429965797626066106925743877998420' <Predicate = true> <Delay = 0.00>
ST_64 : Operation 1752 [1/1] (0.00ns)   --->   "%mux_case_310530095795626266086927743678018418 = phi i32 %mux_case_31053011, void %imag7440.case.3417, i32 %mux_case_31053011, void %imag7440.case.1415, i32 0, void %imag7440.case.3411, i32 %mux_case_31053011, void %imag7440.case.1409, i32 %mux_case_31053011, void %imag7440.case.3405, i32 %mux_case_31053011, void %imag7440.case.1403, i32 %mux_case_31053011, void %imag7440.case.3399, i32 %mux_case_31053011, void %imag7440.case.1397, i32 %mux_case_31053011, void %imag7440.case.3423, i32 %mux_case_31053011, void %imag7440.case.1421, i32 %mux_case_31053011, void %imag7440.case.1427, i32 %mux_case_31053011, void %imag7440.case.3429, i32 %mux_case_31053011, void %real6938.case.1.imag13752.exit.3_crit_edge, i32 %mux_case_31053011, void %real6938.case.2.imag13752.exit.3_crit_edge, i32 %mux_case_31053011, void %real6938.case.3.imag13752.exit.3_crit_edge, i32 %mux_case_31053011, void %real6938.case.4.imag13752.exit.3_crit_edge, i32 %mux_case_31053011, void %real6938.case.5.imag13752.exit.3_crit_edge, i32 %mux_case_31053011, void %real6938.case.6.imag13752.exit.3_crit_edge, i32 %mux_case_31053011, void %real6938.case.1.imag13752.exit.3_crit_edge138, i32 %mux_case_31053011, void %real6938.case.2.imag13752.exit.3_crit_edge133, i32 %mux_case_31053011, void %real6938.case.3.imag13752.exit.3_crit_edge128, i32 %mux_case_31053011, void %real6938.case.4.imag13752.exit.3_crit_edge123, i32 %mux_case_31053011, void %real6938.case.5.imag13752.exit.3_crit_edge117, i32 %mux_case_31053011, void %real6938.case.6.imag13752.exit.3_crit_edge118" [top_cmplx.cpp:45->top_cmplx.cpp:146]   --->   Operation 1752 'phi' 'mux_case_310530095795626266086927743678018418' <Predicate = true> <Delay = 0.00>
ST_64 : Operation 1753 [1/1] (0.00ns)   --->   "%mux_case_010730225793626466066929743478038416 = phi i32 %mux_case_01074, void %imag7440.case.3417, i32 %mux_case_01074, void %imag7440.case.1415, i32 %mux_case_01074, void %imag7440.case.3411, i32 %mux_case_01074, void %imag7440.case.1409, i32 %mux_case_01074, void %imag7440.case.3405, i32 %mux_case_01074, void %imag7440.case.1403, i32 %mux_case_01074, void %imag7440.case.3399, i32 %mux_case_01074, void %imag7440.case.1397, i32 %mux_case_01074, void %imag7440.case.3423, i32 %mux_case_01074, void %imag7440.case.1421, i32 %mux_case_01074, void %imag7440.case.1427, i32 %mux_case_01074, void %imag7440.case.3429, i32 %mux_case_01074, void %real6938.case.1.imag13752.exit.3_crit_edge, i32 %mux_case_01074, void %real6938.case.2.imag13752.exit.3_crit_edge, i32 %mux_case_01074, void %real6938.case.3.imag13752.exit.3_crit_edge, i32 %mux_case_01074, void %real6938.case.4.imag13752.exit.3_crit_edge, i32 %mux_case_01074, void %real6938.case.5.imag13752.exit.3_crit_edge, i32 %mux_case_01074, void %real6938.case.6.imag13752.exit.3_crit_edge, i32 %mux_case_01074, void %real6938.case.1.imag13752.exit.3_crit_edge138, i32 %mux_case_01074, void %real6938.case.2.imag13752.exit.3_crit_edge133, i32 %mux_case_01074, void %real6938.case.3.imag13752.exit.3_crit_edge128, i32 0, void %real6938.case.4.imag13752.exit.3_crit_edge123, i32 %mux_case_01074, void %real6938.case.5.imag13752.exit.3_crit_edge117, i32 %mux_case_01074, void %real6938.case.6.imag13752.exit.3_crit_edge118" [top_cmplx.cpp:41->top_cmplx.cpp:146]   --->   Operation 1753 'phi' 'mux_case_010730225793626466066929743478038416' <Predicate = true> <Delay = 0.00>
ST_64 : Operation 1754 [1/1] (0.00ns)   --->   "%mux_case_110830355791626666046931743278058414 = phi i32 %mux_case_11040, void %imag7440.case.3417, i32 0, void %imag7440.case.1415, i32 %mux_case_11040, void %imag7440.case.3411, i32 %mux_case_11040, void %imag7440.case.1409, i32 %mux_case_11040, void %imag7440.case.3405, i32 %mux_case_11040, void %imag7440.case.1403, i32 %mux_case_11040, void %imag7440.case.3399, i32 %mux_case_11040, void %imag7440.case.1397, i32 %mux_case_11040, void %imag7440.case.3423, i32 %mux_case_11040, void %imag7440.case.1421, i32 %mux_case_11040, void %imag7440.case.1427, i32 %mux_case_11040, void %imag7440.case.3429, i32 %mux_case_11040, void %real6938.case.1.imag13752.exit.3_crit_edge, i32 %mux_case_11040, void %real6938.case.2.imag13752.exit.3_crit_edge, i32 %mux_case_11040, void %real6938.case.3.imag13752.exit.3_crit_edge, i32 %mux_case_11040, void %real6938.case.4.imag13752.exit.3_crit_edge, i32 %mux_case_11040, void %real6938.case.5.imag13752.exit.3_crit_edge, i32 %mux_case_11040, void %real6938.case.6.imag13752.exit.3_crit_edge, i32 %mux_case_11040, void %real6938.case.1.imag13752.exit.3_crit_edge138, i32 %mux_case_11040, void %real6938.case.2.imag13752.exit.3_crit_edge133, i32 %mux_case_11040, void %real6938.case.3.imag13752.exit.3_crit_edge128, i32 %mux_case_11040, void %real6938.case.4.imag13752.exit.3_crit_edge123, i32 %mux_case_11040, void %real6938.case.5.imag13752.exit.3_crit_edge117, i32 %mux_case_11040, void %real6938.case.6.imag13752.exit.3_crit_edge118" [top_cmplx.cpp:41->top_cmplx.cpp:146]   --->   Operation 1754 'phi' 'mux_case_110830355791626666046931743278058414' <Predicate = true> <Delay = 0.00>
ST_64 : Operation 1755 [1/1] (0.00ns)   --->   "%mux_case_210930485789626866026933743078078412 = phi i32 %mux_case_21006, void %imag7440.case.3417, i32 %mux_case_21006, void %imag7440.case.1415, i32 %mux_case_21006, void %imag7440.case.3411, i32 %mux_case_21006, void %imag7440.case.1409, i32 %mux_case_21006, void %imag7440.case.3405, i32 %mux_case_21006, void %imag7440.case.1403, i32 %mux_case_21006, void %imag7440.case.3399, i32 %mux_case_21006, void %imag7440.case.1397, i32 %mux_case_21006, void %imag7440.case.3423, i32 %mux_case_21006, void %imag7440.case.1421, i32 %mux_case_21006, void %imag7440.case.1427, i32 %mux_case_21006, void %imag7440.case.3429, i32 %mux_case_21006, void %real6938.case.1.imag13752.exit.3_crit_edge, i32 %mux_case_21006, void %real6938.case.2.imag13752.exit.3_crit_edge, i32 %mux_case_21006, void %real6938.case.3.imag13752.exit.3_crit_edge, i32 0, void %real6938.case.4.imag13752.exit.3_crit_edge, i32 %mux_case_21006, void %real6938.case.5.imag13752.exit.3_crit_edge, i32 %mux_case_21006, void %real6938.case.6.imag13752.exit.3_crit_edge, i32 %mux_case_21006, void %real6938.case.1.imag13752.exit.3_crit_edge138, i32 %mux_case_21006, void %real6938.case.2.imag13752.exit.3_crit_edge133, i32 %mux_case_21006, void %real6938.case.3.imag13752.exit.3_crit_edge128, i32 %mux_case_21006, void %real6938.case.4.imag13752.exit.3_crit_edge123, i32 %mux_case_21006, void %real6938.case.5.imag13752.exit.3_crit_edge117, i32 %mux_case_21006, void %real6938.case.6.imag13752.exit.3_crit_edge118" [top_cmplx.cpp:45->top_cmplx.cpp:146]   --->   Operation 1755 'phi' 'mux_case_210930485789626866026933743078078412' <Predicate = true> <Delay = 0.00>
ST_64 : Operation 1756 [1/1] (0.00ns)   --->   "%mux_case_311030615787627066006935742878098410 = phi i32 0, void %imag7440.case.3417, i32 %mux_case_31103063, void %imag7440.case.1415, i32 %mux_case_31103063, void %imag7440.case.3411, i32 %mux_case_31103063, void %imag7440.case.1409, i32 %mux_case_31103063, void %imag7440.case.3405, i32 %mux_case_31103063, void %imag7440.case.1403, i32 %mux_case_31103063, void %imag7440.case.3399, i32 %mux_case_31103063, void %imag7440.case.1397, i32 %mux_case_31103063, void %imag7440.case.3423, i32 %mux_case_31103063, void %imag7440.case.1421, i32 %mux_case_31103063, void %imag7440.case.1427, i32 %mux_case_31103063, void %imag7440.case.3429, i32 %mux_case_31103063, void %real6938.case.1.imag13752.exit.3_crit_edge, i32 %mux_case_31103063, void %real6938.case.2.imag13752.exit.3_crit_edge, i32 %mux_case_31103063, void %real6938.case.3.imag13752.exit.3_crit_edge, i32 %mux_case_31103063, void %real6938.case.4.imag13752.exit.3_crit_edge, i32 %mux_case_31103063, void %real6938.case.5.imag13752.exit.3_crit_edge, i32 %mux_case_31103063, void %real6938.case.6.imag13752.exit.3_crit_edge, i32 %mux_case_31103063, void %real6938.case.1.imag13752.exit.3_crit_edge138, i32 %mux_case_31103063, void %real6938.case.2.imag13752.exit.3_crit_edge133, i32 %mux_case_31103063, void %real6938.case.3.imag13752.exit.3_crit_edge128, i32 %mux_case_31103063, void %real6938.case.4.imag13752.exit.3_crit_edge123, i32 %mux_case_31103063, void %real6938.case.5.imag13752.exit.3_crit_edge117, i32 %mux_case_31103063, void %real6938.case.6.imag13752.exit.3_crit_edge118" [top_cmplx.cpp:45->top_cmplx.cpp:146]   --->   Operation 1756 'phi' 'mux_case_311030615787627066006935742878098410' <Predicate = true> <Delay = 0.00>
ST_64 : Operation 1757 [1/1] (0.00ns)   --->   "%mux_case_011130745785627265986937742678118408 = phi i32 %mux_case_01079, void %imag7440.case.3417, i32 %mux_case_01079, void %imag7440.case.1415, i32 %mux_case_01079, void %imag7440.case.3411, i32 %mux_case_01079, void %imag7440.case.1409, i32 %mux_case_01079, void %imag7440.case.3405, i32 %mux_case_01079, void %imag7440.case.1403, i32 %mux_case_01079, void %imag7440.case.3399, i32 %mux_case_01079, void %imag7440.case.1397, i32 %mux_case_01079, void %imag7440.case.3423, i32 %mux_case_01079, void %imag7440.case.1421, i32 %mux_case_01079, void %imag7440.case.1427, i32 %mux_case_01079, void %imag7440.case.3429, i32 %mux_case_01079, void %real6938.case.1.imag13752.exit.3_crit_edge, i32 %mux_case_01079, void %real6938.case.2.imag13752.exit.3_crit_edge, i32 %mux_case_01079, void %real6938.case.3.imag13752.exit.3_crit_edge, i32 %mux_case_01079, void %real6938.case.4.imag13752.exit.3_crit_edge, i32 %mux_case_01079, void %real6938.case.5.imag13752.exit.3_crit_edge, i32 %mux_case_01079, void %real6938.case.6.imag13752.exit.3_crit_edge, i32 %mux_case_01079, void %real6938.case.1.imag13752.exit.3_crit_edge138, i32 %mux_case_01079, void %real6938.case.2.imag13752.exit.3_crit_edge133, i32 %mux_case_01079, void %real6938.case.3.imag13752.exit.3_crit_edge128, i32 %mux_case_01079, void %real6938.case.4.imag13752.exit.3_crit_edge123, i32 0, void %real6938.case.5.imag13752.exit.3_crit_edge117, i32 %mux_case_01079, void %real6938.case.6.imag13752.exit.3_crit_edge118" [top_cmplx.cpp:41->top_cmplx.cpp:146]   --->   Operation 1757 'phi' 'mux_case_011130745785627265986937742678118408' <Predicate = true> <Delay = 0.00>
ST_64 : Operation 1758 [1/1] (0.00ns)   --->   "%mux_case_111230875783627465966939742478138406 = phi i32 %mux_case_11045, void %imag7440.case.3417, i32 %mux_case_11045, void %imag7440.case.1415, i32 %mux_case_11045, void %imag7440.case.3411, i32 %mux_case_11045, void %imag7440.case.1409, i32 %mux_case_11045, void %imag7440.case.3405, i32 %mux_case_11045, void %imag7440.case.1403, i32 %mux_case_11045, void %imag7440.case.3399, i32 %mux_case_11045, void %imag7440.case.1397, i32 %mux_case_11045, void %imag7440.case.3423, i32 0, void %imag7440.case.1421, i32 %mux_case_11045, void %imag7440.case.1427, i32 %mux_case_11045, void %imag7440.case.3429, i32 %mux_case_11045, void %real6938.case.1.imag13752.exit.3_crit_edge, i32 %mux_case_11045, void %real6938.case.2.imag13752.exit.3_crit_edge, i32 %mux_case_11045, void %real6938.case.3.imag13752.exit.3_crit_edge, i32 %mux_case_11045, void %real6938.case.4.imag13752.exit.3_crit_edge, i32 %mux_case_11045, void %real6938.case.5.imag13752.exit.3_crit_edge, i32 %mux_case_11045, void %real6938.case.6.imag13752.exit.3_crit_edge, i32 %mux_case_11045, void %real6938.case.1.imag13752.exit.3_crit_edge138, i32 %mux_case_11045, void %real6938.case.2.imag13752.exit.3_crit_edge133, i32 %mux_case_11045, void %real6938.case.3.imag13752.exit.3_crit_edge128, i32 %mux_case_11045, void %real6938.case.4.imag13752.exit.3_crit_edge123, i32 %mux_case_11045, void %real6938.case.5.imag13752.exit.3_crit_edge117, i32 %mux_case_11045, void %real6938.case.6.imag13752.exit.3_crit_edge118" [top_cmplx.cpp:41->top_cmplx.cpp:146]   --->   Operation 1758 'phi' 'mux_case_111230875783627465966939742478138406' <Predicate = true> <Delay = 0.00>
ST_64 : Operation 1759 [1/1] (0.00ns)   --->   "%mux_case_211331005781627665946941742278158404 = phi i32 %mux_case_21011, void %imag7440.case.3417, i32 %mux_case_21011, void %imag7440.case.1415, i32 %mux_case_21011, void %imag7440.case.3411, i32 %mux_case_21011, void %imag7440.case.1409, i32 %mux_case_21011, void %imag7440.case.3405, i32 %mux_case_21011, void %imag7440.case.1403, i32 %mux_case_21011, void %imag7440.case.3399, i32 %mux_case_21011, void %imag7440.case.1397, i32 %mux_case_21011, void %imag7440.case.3423, i32 %mux_case_21011, void %imag7440.case.1421, i32 %mux_case_21011, void %imag7440.case.1427, i32 %mux_case_21011, void %imag7440.case.3429, i32 %mux_case_21011, void %real6938.case.1.imag13752.exit.3_crit_edge, i32 %mux_case_21011, void %real6938.case.2.imag13752.exit.3_crit_edge, i32 %mux_case_21011, void %real6938.case.3.imag13752.exit.3_crit_edge, i32 %mux_case_21011, void %real6938.case.4.imag13752.exit.3_crit_edge, i32 0, void %real6938.case.5.imag13752.exit.3_crit_edge, i32 %mux_case_21011, void %real6938.case.6.imag13752.exit.3_crit_edge, i32 %mux_case_21011, void %real6938.case.1.imag13752.exit.3_crit_edge138, i32 %mux_case_21011, void %real6938.case.2.imag13752.exit.3_crit_edge133, i32 %mux_case_21011, void %real6938.case.3.imag13752.exit.3_crit_edge128, i32 %mux_case_21011, void %real6938.case.4.imag13752.exit.3_crit_edge123, i32 %mux_case_21011, void %real6938.case.5.imag13752.exit.3_crit_edge117, i32 %mux_case_21011, void %real6938.case.6.imag13752.exit.3_crit_edge118" [top_cmplx.cpp:45->top_cmplx.cpp:146]   --->   Operation 1759 'phi' 'mux_case_211331005781627665946941742278158404' <Predicate = true> <Delay = 0.00>
ST_64 : Operation 1760 [1/1] (0.00ns)   --->   "%mux_case_311431135779627865926943742078178402 = phi i32 %mux_case_31143115, void %imag7440.case.3417, i32 %mux_case_31143115, void %imag7440.case.1415, i32 %mux_case_31143115, void %imag7440.case.3411, i32 %mux_case_31143115, void %imag7440.case.1409, i32 %mux_case_31143115, void %imag7440.case.3405, i32 %mux_case_31143115, void %imag7440.case.1403, i32 %mux_case_31143115, void %imag7440.case.3399, i32 %mux_case_31143115, void %imag7440.case.1397, i32 0, void %imag7440.case.3423, i32 %mux_case_31143115, void %imag7440.case.1421, i32 %mux_case_31143115, void %imag7440.case.1427, i32 %mux_case_31143115, void %imag7440.case.3429, i32 %mux_case_31143115, void %real6938.case.1.imag13752.exit.3_crit_edge, i32 %mux_case_31143115, void %real6938.case.2.imag13752.exit.3_crit_edge, i32 %mux_case_31143115, void %real6938.case.3.imag13752.exit.3_crit_edge, i32 %mux_case_31143115, void %real6938.case.4.imag13752.exit.3_crit_edge, i32 %mux_case_31143115, void %real6938.case.5.imag13752.exit.3_crit_edge, i32 %mux_case_31143115, void %real6938.case.6.imag13752.exit.3_crit_edge, i32 %mux_case_31143115, void %real6938.case.1.imag13752.exit.3_crit_edge138, i32 %mux_case_31143115, void %real6938.case.2.imag13752.exit.3_crit_edge133, i32 %mux_case_31143115, void %real6938.case.3.imag13752.exit.3_crit_edge128, i32 %mux_case_31143115, void %real6938.case.4.imag13752.exit.3_crit_edge123, i32 %mux_case_31143115, void %real6938.case.5.imag13752.exit.3_crit_edge117, i32 %mux_case_31143115, void %real6938.case.6.imag13752.exit.3_crit_edge118" [top_cmplx.cpp:45->top_cmplx.cpp:146]   --->   Operation 1760 'phi' 'mux_case_311431135779627865926943742078178402' <Predicate = true> <Delay = 0.00>
ST_64 : Operation 1761 [1/1] (0.00ns)   --->   "%mux_case_017034305777628065906945741878198400 = phi i32 %mux_case_01084, void %imag7440.case.3417, i32 %mux_case_01084, void %imag7440.case.1415, i32 %mux_case_01084, void %imag7440.case.3411, i32 %mux_case_01084, void %imag7440.case.1409, i32 %mux_case_01084, void %imag7440.case.3405, i32 %mux_case_01084, void %imag7440.case.1403, i32 %mux_case_01084, void %imag7440.case.3399, i32 %mux_case_01084, void %imag7440.case.1397, i32 %mux_case_01084, void %imag7440.case.3423, i32 %mux_case_01084, void %imag7440.case.1421, i32 %mux_case_01084, void %imag7440.case.1427, i32 %mux_case_01084, void %imag7440.case.3429, i32 %mux_case_01084, void %real6938.case.1.imag13752.exit.3_crit_edge, i32 %mux_case_01084, void %real6938.case.2.imag13752.exit.3_crit_edge, i32 %mux_case_01084, void %real6938.case.3.imag13752.exit.3_crit_edge, i32 %mux_case_01084, void %real6938.case.4.imag13752.exit.3_crit_edge, i32 %mux_case_01084, void %real6938.case.5.imag13752.exit.3_crit_edge, i32 %mux_case_01084, void %real6938.case.6.imag13752.exit.3_crit_edge, i32 %mux_case_01084, void %real6938.case.1.imag13752.exit.3_crit_edge138, i32 %mux_case_01084, void %real6938.case.2.imag13752.exit.3_crit_edge133, i32 %mux_case_01084, void %real6938.case.3.imag13752.exit.3_crit_edge128, i32 %mux_case_01084, void %real6938.case.4.imag13752.exit.3_crit_edge123, i32 %mux_case_01084, void %real6938.case.5.imag13752.exit.3_crit_edge117, i32 0, void %real6938.case.6.imag13752.exit.3_crit_edge118" [top_cmplx.cpp:45->top_cmplx.cpp:146]   --->   Operation 1761 'phi' 'mux_case_017034305777628065906945741878198400' <Predicate = true> <Delay = 0.00>
ST_64 : Operation 1762 [1/1] (0.00ns)   --->   "%mux_case_117134415775628265886947741678218398 = phi i32 %mux_case_11050, void %imag7440.case.3417, i32 %mux_case_11050, void %imag7440.case.1415, i32 %mux_case_11050, void %imag7440.case.3411, i32 %mux_case_11050, void %imag7440.case.1409, i32 %mux_case_11050, void %imag7440.case.3405, i32 %mux_case_11050, void %imag7440.case.1403, i32 %mux_case_11050, void %imag7440.case.3399, i32 %mux_case_11050, void %imag7440.case.1397, i32 %mux_case_11050, void %imag7440.case.3423, i32 %mux_case_11050, void %imag7440.case.1421, i32 0, void %imag7440.case.1427, i32 %mux_case_11050, void %imag7440.case.3429, i32 %mux_case_11050, void %real6938.case.1.imag13752.exit.3_crit_edge, i32 %mux_case_11050, void %real6938.case.2.imag13752.exit.3_crit_edge, i32 %mux_case_11050, void %real6938.case.3.imag13752.exit.3_crit_edge, i32 %mux_case_11050, void %real6938.case.4.imag13752.exit.3_crit_edge, i32 %mux_case_11050, void %real6938.case.5.imag13752.exit.3_crit_edge, i32 %mux_case_11050, void %real6938.case.6.imag13752.exit.3_crit_edge, i32 %mux_case_11050, void %real6938.case.1.imag13752.exit.3_crit_edge138, i32 %mux_case_11050, void %real6938.case.2.imag13752.exit.3_crit_edge133, i32 %mux_case_11050, void %real6938.case.3.imag13752.exit.3_crit_edge128, i32 %mux_case_11050, void %real6938.case.4.imag13752.exit.3_crit_edge123, i32 %mux_case_11050, void %real6938.case.5.imag13752.exit.3_crit_edge117, i32 %mux_case_11050, void %real6938.case.6.imag13752.exit.3_crit_edge118" [top_cmplx.cpp:45->top_cmplx.cpp:146]   --->   Operation 1762 'phi' 'mux_case_117134415775628265886947741678218398' <Predicate = true> <Delay = 0.00>
ST_64 : Operation 1763 [1/1] (0.00ns)   --->   "%mux_case_217234525773628465866949741478238396 = phi i32 %mux_case_21016, void %imag7440.case.3417, i32 %mux_case_21016, void %imag7440.case.1415, i32 %mux_case_21016, void %imag7440.case.3411, i32 %mux_case_21016, void %imag7440.case.1409, i32 %mux_case_21016, void %imag7440.case.3405, i32 %mux_case_21016, void %imag7440.case.1403, i32 %mux_case_21016, void %imag7440.case.3399, i32 %mux_case_21016, void %imag7440.case.1397, i32 %mux_case_21016, void %imag7440.case.3423, i32 %mux_case_21016, void %imag7440.case.1421, i32 %mux_case_21016, void %imag7440.case.1427, i32 %mux_case_21016, void %imag7440.case.3429, i32 %mux_case_21016, void %real6938.case.1.imag13752.exit.3_crit_edge, i32 %mux_case_21016, void %real6938.case.2.imag13752.exit.3_crit_edge, i32 %mux_case_21016, void %real6938.case.3.imag13752.exit.3_crit_edge, i32 %mux_case_21016, void %real6938.case.4.imag13752.exit.3_crit_edge, i32 %mux_case_21016, void %real6938.case.5.imag13752.exit.3_crit_edge, i32 0, void %real6938.case.6.imag13752.exit.3_crit_edge, i32 %mux_case_21016, void %real6938.case.1.imag13752.exit.3_crit_edge138, i32 %mux_case_21016, void %real6938.case.2.imag13752.exit.3_crit_edge133, i32 %mux_case_21016, void %real6938.case.3.imag13752.exit.3_crit_edge128, i32 %mux_case_21016, void %real6938.case.4.imag13752.exit.3_crit_edge123, i32 %mux_case_21016, void %real6938.case.5.imag13752.exit.3_crit_edge117, i32 %mux_case_21016, void %real6938.case.6.imag13752.exit.3_crit_edge118" [top_cmplx.cpp:45->top_cmplx.cpp:146]   --->   Operation 1763 'phi' 'mux_case_217234525773628465866949741478238396' <Predicate = true> <Delay = 0.00>
ST_64 : Operation 1764 [1/1] (0.00ns)   --->   "%mux_case_317334635771628665846951741278258394 = phi i32 %mux_case_31733465, void %imag7440.case.3417, i32 %mux_case_31733465, void %imag7440.case.1415, i32 %mux_case_31733465, void %imag7440.case.3411, i32 %mux_case_31733465, void %imag7440.case.1409, i32 %mux_case_31733465, void %imag7440.case.3405, i32 %mux_case_31733465, void %imag7440.case.1403, i32 %mux_case_31733465, void %imag7440.case.3399, i32 %mux_case_31733465, void %imag7440.case.1397, i32 %mux_case_31733465, void %imag7440.case.3423, i32 %mux_case_31733465, void %imag7440.case.1421, i32 %mux_case_31733465, void %imag7440.case.1427, i32 0, void %imag7440.case.3429, i32 %mux_case_31733465, void %real6938.case.1.imag13752.exit.3_crit_edge, i32 %mux_case_31733465, void %real6938.case.2.imag13752.exit.3_crit_edge, i32 %mux_case_31733465, void %real6938.case.3.imag13752.exit.3_crit_edge, i32 %mux_case_31733465, void %real6938.case.4.imag13752.exit.3_crit_edge, i32 %mux_case_31733465, void %real6938.case.5.imag13752.exit.3_crit_edge, i32 %mux_case_31733465, void %real6938.case.6.imag13752.exit.3_crit_edge, i32 %mux_case_31733465, void %real6938.case.1.imag13752.exit.3_crit_edge138, i32 %mux_case_31733465, void %real6938.case.2.imag13752.exit.3_crit_edge133, i32 %mux_case_31733465, void %real6938.case.3.imag13752.exit.3_crit_edge128, i32 %mux_case_31733465, void %real6938.case.4.imag13752.exit.3_crit_edge123, i32 %mux_case_31733465, void %real6938.case.5.imag13752.exit.3_crit_edge117, i32 %mux_case_31733465, void %real6938.case.6.imag13752.exit.3_crit_edge118" [top_cmplx.cpp:45->top_cmplx.cpp:146]   --->   Operation 1764 'phi' 'mux_case_317334635771628665846951741278258394' <Predicate = true> <Delay = 0.00>
ST_64 : Operation 1765 [1/1] (0.00ns)   --->   "%mux_case_32023507628865826953741078278392 = phi i32 %mux_case_32023509, void %imag7440.case.3417, i32 %mux_case_32023509, void %imag7440.case.1415, i32 %mux_case_32023509, void %imag7440.case.3411, i32 %mux_case_32023509, void %imag7440.case.1409, i32 %mux_case_32023509, void %imag7440.case.3405, i32 %mux_case_32023509, void %imag7440.case.1403, i32 %mux_case_32023509, void %imag7440.case.3399, i32 %mux_case_32023509, void %imag7440.case.1397, i32 %mux_case_32023509, void %imag7440.case.3423, i32 %mux_case_32023509, void %imag7440.case.1421, i32 %mux_case_32023509, void %imag7440.case.1427, i32 0, void %imag7440.case.3429, i32 %mux_case_32023509, void %real6938.case.1.imag13752.exit.3_crit_edge, i32 %mux_case_32023509, void %real6938.case.2.imag13752.exit.3_crit_edge, i32 %mux_case_32023509, void %real6938.case.3.imag13752.exit.3_crit_edge, i32 %mux_case_32023509, void %real6938.case.4.imag13752.exit.3_crit_edge, i32 %mux_case_32023509, void %real6938.case.5.imag13752.exit.3_crit_edge, i32 %mux_case_32023509, void %real6938.case.6.imag13752.exit.3_crit_edge, i32 %mux_case_32023509, void %real6938.case.1.imag13752.exit.3_crit_edge138, i32 %mux_case_32023509, void %real6938.case.2.imag13752.exit.3_crit_edge133, i32 %mux_case_32023509, void %real6938.case.3.imag13752.exit.3_crit_edge128, i32 %mux_case_32023509, void %real6938.case.4.imag13752.exit.3_crit_edge123, i32 %mux_case_32023509, void %real6938.case.5.imag13752.exit.3_crit_edge117, i32 %mux_case_32023509, void %real6938.case.6.imag13752.exit.3_crit_edge118" [top_cmplx.cpp:46->top_cmplx.cpp:146]   --->   Operation 1765 'phi' 'mux_case_32023507628865826953741078278392' <Predicate = true> <Delay = 0.00>
ST_64 : Operation 1766 [1/1] (0.00ns)   --->   "%mux_case_22013496629065806955740878298390 = phi i32 %mux_case_21237, void %imag7440.case.3417, i32 %mux_case_21237, void %imag7440.case.1415, i32 %mux_case_21237, void %imag7440.case.3411, i32 %mux_case_21237, void %imag7440.case.1409, i32 %mux_case_21237, void %imag7440.case.3405, i32 %mux_case_21237, void %imag7440.case.1403, i32 %mux_case_21237, void %imag7440.case.3399, i32 %mux_case_21237, void %imag7440.case.1397, i32 %mux_case_21237, void %imag7440.case.3423, i32 %mux_case_21237, void %imag7440.case.1421, i32 %mux_case_21237, void %imag7440.case.1427, i32 %mux_case_21237, void %imag7440.case.3429, i32 %mux_case_21237, void %real6938.case.1.imag13752.exit.3_crit_edge, i32 %mux_case_21237, void %real6938.case.2.imag13752.exit.3_crit_edge, i32 %mux_case_21237, void %real6938.case.3.imag13752.exit.3_crit_edge, i32 %mux_case_21237, void %real6938.case.4.imag13752.exit.3_crit_edge, i32 %mux_case_21237, void %real6938.case.5.imag13752.exit.3_crit_edge, i32 0, void %real6938.case.6.imag13752.exit.3_crit_edge, i32 %mux_case_21237, void %real6938.case.1.imag13752.exit.3_crit_edge138, i32 %mux_case_21237, void %real6938.case.2.imag13752.exit.3_crit_edge133, i32 %mux_case_21237, void %real6938.case.3.imag13752.exit.3_crit_edge128, i32 %mux_case_21237, void %real6938.case.4.imag13752.exit.3_crit_edge123, i32 %mux_case_21237, void %real6938.case.5.imag13752.exit.3_crit_edge117, i32 %mux_case_21237, void %real6938.case.6.imag13752.exit.3_crit_edge118" [top_cmplx.cpp:46->top_cmplx.cpp:146]   --->   Operation 1766 'phi' 'mux_case_22013496629065806955740878298390' <Predicate = true> <Delay = 0.00>
ST_64 : Operation 1767 [1/1] (0.00ns)   --->   "%mux_case_12003485629265786957740678318388 = phi i32 %mux_case_11385, void %imag7440.case.3417, i32 %mux_case_11385, void %imag7440.case.1415, i32 %mux_case_11385, void %imag7440.case.3411, i32 %mux_case_11385, void %imag7440.case.1409, i32 %mux_case_11385, void %imag7440.case.3405, i32 %mux_case_11385, void %imag7440.case.1403, i32 %mux_case_11385, void %imag7440.case.3399, i32 %mux_case_11385, void %imag7440.case.1397, i32 %mux_case_11385, void %imag7440.case.3423, i32 %mux_case_11385, void %imag7440.case.1421, i32 0, void %imag7440.case.1427, i32 %mux_case_11385, void %imag7440.case.3429, i32 %mux_case_11385, void %real6938.case.1.imag13752.exit.3_crit_edge, i32 %mux_case_11385, void %real6938.case.2.imag13752.exit.3_crit_edge, i32 %mux_case_11385, void %real6938.case.3.imag13752.exit.3_crit_edge, i32 %mux_case_11385, void %real6938.case.4.imag13752.exit.3_crit_edge, i32 %mux_case_11385, void %real6938.case.5.imag13752.exit.3_crit_edge, i32 %mux_case_11385, void %real6938.case.6.imag13752.exit.3_crit_edge, i32 %mux_case_11385, void %real6938.case.1.imag13752.exit.3_crit_edge138, i32 %mux_case_11385, void %real6938.case.2.imag13752.exit.3_crit_edge133, i32 %mux_case_11385, void %real6938.case.3.imag13752.exit.3_crit_edge128, i32 %mux_case_11385, void %real6938.case.4.imag13752.exit.3_crit_edge123, i32 %mux_case_11385, void %real6938.case.5.imag13752.exit.3_crit_edge117, i32 %mux_case_11385, void %real6938.case.6.imag13752.exit.3_crit_edge118" [top_cmplx.cpp:46->top_cmplx.cpp:146]   --->   Operation 1767 'phi' 'mux_case_12003485629265786957740678318388' <Predicate = true> <Delay = 0.00>
ST_64 : Operation 1768 [1/1] (0.00ns)   --->   "%mux_case_01993474629465766959740478338386 = phi i32 %mux_case_01533, void %imag7440.case.3417, i32 %mux_case_01533, void %imag7440.case.1415, i32 %mux_case_01533, void %imag7440.case.3411, i32 %mux_case_01533, void %imag7440.case.1409, i32 %mux_case_01533, void %imag7440.case.3405, i32 %mux_case_01533, void %imag7440.case.1403, i32 %mux_case_01533, void %imag7440.case.3399, i32 %mux_case_01533, void %imag7440.case.1397, i32 %mux_case_01533, void %imag7440.case.3423, i32 %mux_case_01533, void %imag7440.case.1421, i32 %mux_case_01533, void %imag7440.case.1427, i32 %mux_case_01533, void %imag7440.case.3429, i32 %mux_case_01533, void %real6938.case.1.imag13752.exit.3_crit_edge, i32 %mux_case_01533, void %real6938.case.2.imag13752.exit.3_crit_edge, i32 %mux_case_01533, void %real6938.case.3.imag13752.exit.3_crit_edge, i32 %mux_case_01533, void %real6938.case.4.imag13752.exit.3_crit_edge, i32 %mux_case_01533, void %real6938.case.5.imag13752.exit.3_crit_edge, i32 %mux_case_01533, void %real6938.case.6.imag13752.exit.3_crit_edge, i32 %mux_case_01533, void %real6938.case.1.imag13752.exit.3_crit_edge138, i32 %mux_case_01533, void %real6938.case.2.imag13752.exit.3_crit_edge133, i32 %mux_case_01533, void %real6938.case.3.imag13752.exit.3_crit_edge128, i32 %mux_case_01533, void %real6938.case.4.imag13752.exit.3_crit_edge123, i32 %mux_case_01533, void %real6938.case.5.imag13752.exit.3_crit_edge117, i32 0, void %real6938.case.6.imag13752.exit.3_crit_edge118" [top_cmplx.cpp:46->top_cmplx.cpp:146]   --->   Operation 1768 'phi' 'mux_case_01993474629465766959740478338386' <Predicate = true> <Delay = 0.00>
ST_64 : Operation 1769 [1/1] (0.00ns)   --->   "%mux_case_31433417629665746961740278358384 = phi i32 %mux_case_31433419, void %imag7440.case.3417, i32 %mux_case_31433419, void %imag7440.case.1415, i32 %mux_case_31433419, void %imag7440.case.3411, i32 %mux_case_31433419, void %imag7440.case.1409, i32 %mux_case_31433419, void %imag7440.case.3405, i32 %mux_case_31433419, void %imag7440.case.1403, i32 %mux_case_31433419, void %imag7440.case.3399, i32 %mux_case_31433419, void %imag7440.case.1397, i32 0, void %imag7440.case.3423, i32 %mux_case_31433419, void %imag7440.case.1421, i32 %mux_case_31433419, void %imag7440.case.1427, i32 %mux_case_31433419, void %imag7440.case.3429, i32 %mux_case_31433419, void %real6938.case.1.imag13752.exit.3_crit_edge, i32 %mux_case_31433419, void %real6938.case.2.imag13752.exit.3_crit_edge, i32 %mux_case_31433419, void %real6938.case.3.imag13752.exit.3_crit_edge, i32 %mux_case_31433419, void %real6938.case.4.imag13752.exit.3_crit_edge, i32 %mux_case_31433419, void %real6938.case.5.imag13752.exit.3_crit_edge, i32 %mux_case_31433419, void %real6938.case.6.imag13752.exit.3_crit_edge, i32 %mux_case_31433419, void %real6938.case.1.imag13752.exit.3_crit_edge138, i32 %mux_case_31433419, void %real6938.case.2.imag13752.exit.3_crit_edge133, i32 %mux_case_31433419, void %real6938.case.3.imag13752.exit.3_crit_edge128, i32 %mux_case_31433419, void %real6938.case.4.imag13752.exit.3_crit_edge123, i32 %mux_case_31433419, void %real6938.case.5.imag13752.exit.3_crit_edge117, i32 %mux_case_31433419, void %real6938.case.6.imag13752.exit.3_crit_edge118" [top_cmplx.cpp:42->top_cmplx.cpp:146]   --->   Operation 1769 'phi' 'mux_case_31433417629665746961740278358384' <Predicate = true> <Delay = 0.00>
ST_64 : Operation 1770 [1/1] (0.00ns)   --->   "%mux_case_21423404629865726963740078378382 = phi i32 %mux_case_21232, void %imag7440.case.3417, i32 %mux_case_21232, void %imag7440.case.1415, i32 %mux_case_21232, void %imag7440.case.3411, i32 %mux_case_21232, void %imag7440.case.1409, i32 %mux_case_21232, void %imag7440.case.3405, i32 %mux_case_21232, void %imag7440.case.1403, i32 %mux_case_21232, void %imag7440.case.3399, i32 %mux_case_21232, void %imag7440.case.1397, i32 %mux_case_21232, void %imag7440.case.3423, i32 %mux_case_21232, void %imag7440.case.1421, i32 %mux_case_21232, void %imag7440.case.1427, i32 %mux_case_21232, void %imag7440.case.3429, i32 %mux_case_21232, void %real6938.case.1.imag13752.exit.3_crit_edge, i32 %mux_case_21232, void %real6938.case.2.imag13752.exit.3_crit_edge, i32 %mux_case_21232, void %real6938.case.3.imag13752.exit.3_crit_edge, i32 %mux_case_21232, void %real6938.case.4.imag13752.exit.3_crit_edge, i32 0, void %real6938.case.5.imag13752.exit.3_crit_edge, i32 %mux_case_21232, void %real6938.case.6.imag13752.exit.3_crit_edge, i32 %mux_case_21232, void %real6938.case.1.imag13752.exit.3_crit_edge138, i32 %mux_case_21232, void %real6938.case.2.imag13752.exit.3_crit_edge133, i32 %mux_case_21232, void %real6938.case.3.imag13752.exit.3_crit_edge128, i32 %mux_case_21232, void %real6938.case.4.imag13752.exit.3_crit_edge123, i32 %mux_case_21232, void %real6938.case.5.imag13752.exit.3_crit_edge117, i32 %mux_case_21232, void %real6938.case.6.imag13752.exit.3_crit_edge118" [top_cmplx.cpp:42->top_cmplx.cpp:146]   --->   Operation 1770 'phi' 'mux_case_21423404629865726963740078378382' <Predicate = true> <Delay = 0.00>
ST_64 : Operation 1771 [1/1] (0.00ns)   --->   "%mux_case_11413391630065706965739878398380 = phi i32 %mux_case_11380, void %imag7440.case.3417, i32 %mux_case_11380, void %imag7440.case.1415, i32 %mux_case_11380, void %imag7440.case.3411, i32 %mux_case_11380, void %imag7440.case.1409, i32 %mux_case_11380, void %imag7440.case.3405, i32 %mux_case_11380, void %imag7440.case.1403, i32 %mux_case_11380, void %imag7440.case.3399, i32 %mux_case_11380, void %imag7440.case.1397, i32 %mux_case_11380, void %imag7440.case.3423, i32 0, void %imag7440.case.1421, i32 %mux_case_11380, void %imag7440.case.1427, i32 %mux_case_11380, void %imag7440.case.3429, i32 %mux_case_11380, void %real6938.case.1.imag13752.exit.3_crit_edge, i32 %mux_case_11380, void %real6938.case.2.imag13752.exit.3_crit_edge, i32 %mux_case_11380, void %real6938.case.3.imag13752.exit.3_crit_edge, i32 %mux_case_11380, void %real6938.case.4.imag13752.exit.3_crit_edge, i32 %mux_case_11380, void %real6938.case.5.imag13752.exit.3_crit_edge, i32 %mux_case_11380, void %real6938.case.6.imag13752.exit.3_crit_edge, i32 %mux_case_11380, void %real6938.case.1.imag13752.exit.3_crit_edge138, i32 %mux_case_11380, void %real6938.case.2.imag13752.exit.3_crit_edge133, i32 %mux_case_11380, void %real6938.case.3.imag13752.exit.3_crit_edge128, i32 %mux_case_11380, void %real6938.case.4.imag13752.exit.3_crit_edge123, i32 %mux_case_11380, void %real6938.case.5.imag13752.exit.3_crit_edge117, i32 %mux_case_11380, void %real6938.case.6.imag13752.exit.3_crit_edge118" [top_cmplx.cpp:42->top_cmplx.cpp:146]   --->   Operation 1771 'phi' 'mux_case_11413391630065706965739878398380' <Predicate = true> <Delay = 0.00>
ST_64 : Operation 1772 [1/1] (0.00ns)   --->   "%mux_case_01403378630265686967739678418378 = phi i32 %mux_case_01528, void %imag7440.case.3417, i32 %mux_case_01528, void %imag7440.case.1415, i32 %mux_case_01528, void %imag7440.case.3411, i32 %mux_case_01528, void %imag7440.case.1409, i32 %mux_case_01528, void %imag7440.case.3405, i32 %mux_case_01528, void %imag7440.case.1403, i32 %mux_case_01528, void %imag7440.case.3399, i32 %mux_case_01528, void %imag7440.case.1397, i32 %mux_case_01528, void %imag7440.case.3423, i32 %mux_case_01528, void %imag7440.case.1421, i32 %mux_case_01528, void %imag7440.case.1427, i32 %mux_case_01528, void %imag7440.case.3429, i32 %mux_case_01528, void %real6938.case.1.imag13752.exit.3_crit_edge, i32 %mux_case_01528, void %real6938.case.2.imag13752.exit.3_crit_edge, i32 %mux_case_01528, void %real6938.case.3.imag13752.exit.3_crit_edge, i32 %mux_case_01528, void %real6938.case.4.imag13752.exit.3_crit_edge, i32 %mux_case_01528, void %real6938.case.5.imag13752.exit.3_crit_edge, i32 %mux_case_01528, void %real6938.case.6.imag13752.exit.3_crit_edge, i32 %mux_case_01528, void %real6938.case.1.imag13752.exit.3_crit_edge138, i32 %mux_case_01528, void %real6938.case.2.imag13752.exit.3_crit_edge133, i32 %mux_case_01528, void %real6938.case.3.imag13752.exit.3_crit_edge128, i32 %mux_case_01528, void %real6938.case.4.imag13752.exit.3_crit_edge123, i32 0, void %real6938.case.5.imag13752.exit.3_crit_edge117, i32 %mux_case_01528, void %real6938.case.6.imag13752.exit.3_crit_edge118" [top_cmplx.cpp:42->top_cmplx.cpp:146]   --->   Operation 1772 'phi' 'mux_case_01403378630265686967739678418378' <Predicate = true> <Delay = 0.00>
ST_64 : Operation 1773 [1/1] (0.00ns)   --->   "%mux_case_31383365630465666969739478438376 = phi i32 0, void %imag7440.case.3417, i32 %mux_case_31383367, void %imag7440.case.1415, i32 %mux_case_31383367, void %imag7440.case.3411, i32 %mux_case_31383367, void %imag7440.case.1409, i32 %mux_case_31383367, void %imag7440.case.3405, i32 %mux_case_31383367, void %imag7440.case.1403, i32 %mux_case_31383367, void %imag7440.case.3399, i32 %mux_case_31383367, void %imag7440.case.1397, i32 %mux_case_31383367, void %imag7440.case.3423, i32 %mux_case_31383367, void %imag7440.case.1421, i32 %mux_case_31383367, void %imag7440.case.1427, i32 %mux_case_31383367, void %imag7440.case.3429, i32 %mux_case_31383367, void %real6938.case.1.imag13752.exit.3_crit_edge, i32 %mux_case_31383367, void %real6938.case.2.imag13752.exit.3_crit_edge, i32 %mux_case_31383367, void %real6938.case.3.imag13752.exit.3_crit_edge, i32 %mux_case_31383367, void %real6938.case.4.imag13752.exit.3_crit_edge, i32 %mux_case_31383367, void %real6938.case.5.imag13752.exit.3_crit_edge, i32 %mux_case_31383367, void %real6938.case.6.imag13752.exit.3_crit_edge, i32 %mux_case_31383367, void %real6938.case.1.imag13752.exit.3_crit_edge138, i32 %mux_case_31383367, void %real6938.case.2.imag13752.exit.3_crit_edge133, i32 %mux_case_31383367, void %real6938.case.3.imag13752.exit.3_crit_edge128, i32 %mux_case_31383367, void %real6938.case.4.imag13752.exit.3_crit_edge123, i32 %mux_case_31383367, void %real6938.case.5.imag13752.exit.3_crit_edge117, i32 %mux_case_31383367, void %real6938.case.6.imag13752.exit.3_crit_edge118" [top_cmplx.cpp:42->top_cmplx.cpp:146]   --->   Operation 1773 'phi' 'mux_case_31383365630465666969739478438376' <Predicate = true> <Delay = 0.00>
ST_64 : Operation 1774 [1/1] (0.00ns)   --->   "%mux_case_21373352630665646971739278458374 = phi i32 %mux_case_21227, void %imag7440.case.3417, i32 %mux_case_21227, void %imag7440.case.1415, i32 %mux_case_21227, void %imag7440.case.3411, i32 %mux_case_21227, void %imag7440.case.1409, i32 %mux_case_21227, void %imag7440.case.3405, i32 %mux_case_21227, void %imag7440.case.1403, i32 %mux_case_21227, void %imag7440.case.3399, i32 %mux_case_21227, void %imag7440.case.1397, i32 %mux_case_21227, void %imag7440.case.3423, i32 %mux_case_21227, void %imag7440.case.1421, i32 %mux_case_21227, void %imag7440.case.1427, i32 %mux_case_21227, void %imag7440.case.3429, i32 %mux_case_21227, void %real6938.case.1.imag13752.exit.3_crit_edge, i32 %mux_case_21227, void %real6938.case.2.imag13752.exit.3_crit_edge, i32 %mux_case_21227, void %real6938.case.3.imag13752.exit.3_crit_edge, i32 0, void %real6938.case.4.imag13752.exit.3_crit_edge, i32 %mux_case_21227, void %real6938.case.5.imag13752.exit.3_crit_edge, i32 %mux_case_21227, void %real6938.case.6.imag13752.exit.3_crit_edge, i32 %mux_case_21227, void %real6938.case.1.imag13752.exit.3_crit_edge138, i32 %mux_case_21227, void %real6938.case.2.imag13752.exit.3_crit_edge133, i32 %mux_case_21227, void %real6938.case.3.imag13752.exit.3_crit_edge128, i32 %mux_case_21227, void %real6938.case.4.imag13752.exit.3_crit_edge123, i32 %mux_case_21227, void %real6938.case.5.imag13752.exit.3_crit_edge117, i32 %mux_case_21227, void %real6938.case.6.imag13752.exit.3_crit_edge118" [top_cmplx.cpp:42->top_cmplx.cpp:146]   --->   Operation 1774 'phi' 'mux_case_21373352630665646971739278458374' <Predicate = true> <Delay = 0.00>
ST_64 : Operation 1775 [1/1] (0.00ns)   --->   "%mux_case_11363339630865626973739078478372 = phi i32 %mux_case_11375, void %imag7440.case.3417, i32 0, void %imag7440.case.1415, i32 %mux_case_11375, void %imag7440.case.3411, i32 %mux_case_11375, void %imag7440.case.1409, i32 %mux_case_11375, void %imag7440.case.3405, i32 %mux_case_11375, void %imag7440.case.1403, i32 %mux_case_11375, void %imag7440.case.3399, i32 %mux_case_11375, void %imag7440.case.1397, i32 %mux_case_11375, void %imag7440.case.3423, i32 %mux_case_11375, void %imag7440.case.1421, i32 %mux_case_11375, void %imag7440.case.1427, i32 %mux_case_11375, void %imag7440.case.3429, i32 %mux_case_11375, void %real6938.case.1.imag13752.exit.3_crit_edge, i32 %mux_case_11375, void %real6938.case.2.imag13752.exit.3_crit_edge, i32 %mux_case_11375, void %real6938.case.3.imag13752.exit.3_crit_edge, i32 %mux_case_11375, void %real6938.case.4.imag13752.exit.3_crit_edge, i32 %mux_case_11375, void %real6938.case.5.imag13752.exit.3_crit_edge, i32 %mux_case_11375, void %real6938.case.6.imag13752.exit.3_crit_edge, i32 %mux_case_11375, void %real6938.case.1.imag13752.exit.3_crit_edge138, i32 %mux_case_11375, void %real6938.case.2.imag13752.exit.3_crit_edge133, i32 %mux_case_11375, void %real6938.case.3.imag13752.exit.3_crit_edge128, i32 %mux_case_11375, void %real6938.case.4.imag13752.exit.3_crit_edge123, i32 %mux_case_11375, void %real6938.case.5.imag13752.exit.3_crit_edge117, i32 %mux_case_11375, void %real6938.case.6.imag13752.exit.3_crit_edge118" [top_cmplx.cpp:42->top_cmplx.cpp:146]   --->   Operation 1775 'phi' 'mux_case_11363339630865626973739078478372' <Predicate = true> <Delay = 0.00>
ST_64 : Operation 1776 [1/1] (0.00ns)   --->   "%mux_case_01353326631065606975738878498370 = phi i32 %mux_case_01523, void %imag7440.case.3417, i32 %mux_case_01523, void %imag7440.case.1415, i32 %mux_case_01523, void %imag7440.case.3411, i32 %mux_case_01523, void %imag7440.case.1409, i32 %mux_case_01523, void %imag7440.case.3405, i32 %mux_case_01523, void %imag7440.case.1403, i32 %mux_case_01523, void %imag7440.case.3399, i32 %mux_case_01523, void %imag7440.case.1397, i32 %mux_case_01523, void %imag7440.case.3423, i32 %mux_case_01523, void %imag7440.case.1421, i32 %mux_case_01523, void %imag7440.case.1427, i32 %mux_case_01523, void %imag7440.case.3429, i32 %mux_case_01523, void %real6938.case.1.imag13752.exit.3_crit_edge, i32 %mux_case_01523, void %real6938.case.2.imag13752.exit.3_crit_edge, i32 %mux_case_01523, void %real6938.case.3.imag13752.exit.3_crit_edge, i32 %mux_case_01523, void %real6938.case.4.imag13752.exit.3_crit_edge, i32 %mux_case_01523, void %real6938.case.5.imag13752.exit.3_crit_edge, i32 %mux_case_01523, void %real6938.case.6.imag13752.exit.3_crit_edge, i32 %mux_case_01523, void %real6938.case.1.imag13752.exit.3_crit_edge138, i32 %mux_case_01523, void %real6938.case.2.imag13752.exit.3_crit_edge133, i32 %mux_case_01523, void %real6938.case.3.imag13752.exit.3_crit_edge128, i32 0, void %real6938.case.4.imag13752.exit.3_crit_edge123, i32 %mux_case_01523, void %real6938.case.5.imag13752.exit.3_crit_edge117, i32 %mux_case_01523, void %real6938.case.6.imag13752.exit.3_crit_edge118" [top_cmplx.cpp:42->top_cmplx.cpp:146]   --->   Operation 1776 'phi' 'mux_case_01353326631065606975738878498370' <Predicate = true> <Delay = 0.00>
ST_64 : Operation 1777 [1/1] (0.00ns)   --->   "%mux_case_31333313631265586977738678518368 = phi i32 %mux_case_31333315, void %imag7440.case.3417, i32 %mux_case_31333315, void %imag7440.case.1415, i32 0, void %imag7440.case.3411, i32 %mux_case_31333315, void %imag7440.case.1409, i32 %mux_case_31333315, void %imag7440.case.3405, i32 %mux_case_31333315, void %imag7440.case.1403, i32 %mux_case_31333315, void %imag7440.case.3399, i32 %mux_case_31333315, void %imag7440.case.1397, i32 %mux_case_31333315, void %imag7440.case.3423, i32 %mux_case_31333315, void %imag7440.case.1421, i32 %mux_case_31333315, void %imag7440.case.1427, i32 %mux_case_31333315, void %imag7440.case.3429, i32 %mux_case_31333315, void %real6938.case.1.imag13752.exit.3_crit_edge, i32 %mux_case_31333315, void %real6938.case.2.imag13752.exit.3_crit_edge, i32 %mux_case_31333315, void %real6938.case.3.imag13752.exit.3_crit_edge, i32 %mux_case_31333315, void %real6938.case.4.imag13752.exit.3_crit_edge, i32 %mux_case_31333315, void %real6938.case.5.imag13752.exit.3_crit_edge, i32 %mux_case_31333315, void %real6938.case.6.imag13752.exit.3_crit_edge, i32 %mux_case_31333315, void %real6938.case.1.imag13752.exit.3_crit_edge138, i32 %mux_case_31333315, void %real6938.case.2.imag13752.exit.3_crit_edge133, i32 %mux_case_31333315, void %real6938.case.3.imag13752.exit.3_crit_edge128, i32 %mux_case_31333315, void %real6938.case.4.imag13752.exit.3_crit_edge123, i32 %mux_case_31333315, void %real6938.case.5.imag13752.exit.3_crit_edge117, i32 %mux_case_31333315, void %real6938.case.6.imag13752.exit.3_crit_edge118" [top_cmplx.cpp:46->top_cmplx.cpp:146]   --->   Operation 1777 'phi' 'mux_case_31333313631265586977738678518368' <Predicate = true> <Delay = 0.00>
ST_64 : Operation 1778 [1/1] (0.00ns)   --->   "%mux_case_21323300631465566979738478538366 = phi i32 %mux_case_21222, void %imag7440.case.3417, i32 %mux_case_21222, void %imag7440.case.1415, i32 %mux_case_21222, void %imag7440.case.3411, i32 %mux_case_21222, void %imag7440.case.1409, i32 %mux_case_21222, void %imag7440.case.3405, i32 %mux_case_21222, void %imag7440.case.1403, i32 %mux_case_21222, void %imag7440.case.3399, i32 %mux_case_21222, void %imag7440.case.1397, i32 %mux_case_21222, void %imag7440.case.3423, i32 %mux_case_21222, void %imag7440.case.1421, i32 %mux_case_21222, void %imag7440.case.1427, i32 %mux_case_21222, void %imag7440.case.3429, i32 %mux_case_21222, void %real6938.case.1.imag13752.exit.3_crit_edge, i32 %mux_case_21222, void %real6938.case.2.imag13752.exit.3_crit_edge, i32 0, void %real6938.case.3.imag13752.exit.3_crit_edge, i32 %mux_case_21222, void %real6938.case.4.imag13752.exit.3_crit_edge, i32 %mux_case_21222, void %real6938.case.5.imag13752.exit.3_crit_edge, i32 %mux_case_21222, void %real6938.case.6.imag13752.exit.3_crit_edge, i32 %mux_case_21222, void %real6938.case.1.imag13752.exit.3_crit_edge138, i32 %mux_case_21222, void %real6938.case.2.imag13752.exit.3_crit_edge133, i32 %mux_case_21222, void %real6938.case.3.imag13752.exit.3_crit_edge128, i32 %mux_case_21222, void %real6938.case.4.imag13752.exit.3_crit_edge123, i32 %mux_case_21222, void %real6938.case.5.imag13752.exit.3_crit_edge117, i32 %mux_case_21222, void %real6938.case.6.imag13752.exit.3_crit_edge118" [top_cmplx.cpp:42->top_cmplx.cpp:146]   --->   Operation 1778 'phi' 'mux_case_21323300631465566979738478538366' <Predicate = true> <Delay = 0.00>
ST_64 : Operation 1779 [1/1] (0.00ns)   --->   "%mux_case_11313287631665546981738278558364 = phi i32 %mux_case_11370, void %imag7440.case.3417, i32 %mux_case_11370, void %imag7440.case.1415, i32 %mux_case_11370, void %imag7440.case.3411, i32 0, void %imag7440.case.1409, i32 %mux_case_11370, void %imag7440.case.3405, i32 %mux_case_11370, void %imag7440.case.1403, i32 %mux_case_11370, void %imag7440.case.3399, i32 %mux_case_11370, void %imag7440.case.1397, i32 %mux_case_11370, void %imag7440.case.3423, i32 %mux_case_11370, void %imag7440.case.1421, i32 %mux_case_11370, void %imag7440.case.1427, i32 %mux_case_11370, void %imag7440.case.3429, i32 %mux_case_11370, void %real6938.case.1.imag13752.exit.3_crit_edge, i32 %mux_case_11370, void %real6938.case.2.imag13752.exit.3_crit_edge, i32 %mux_case_11370, void %real6938.case.3.imag13752.exit.3_crit_edge, i32 %mux_case_11370, void %real6938.case.4.imag13752.exit.3_crit_edge, i32 %mux_case_11370, void %real6938.case.5.imag13752.exit.3_crit_edge, i32 %mux_case_11370, void %real6938.case.6.imag13752.exit.3_crit_edge, i32 %mux_case_11370, void %real6938.case.1.imag13752.exit.3_crit_edge138, i32 %mux_case_11370, void %real6938.case.2.imag13752.exit.3_crit_edge133, i32 %mux_case_11370, void %real6938.case.3.imag13752.exit.3_crit_edge128, i32 %mux_case_11370, void %real6938.case.4.imag13752.exit.3_crit_edge123, i32 %mux_case_11370, void %real6938.case.5.imag13752.exit.3_crit_edge117, i32 %mux_case_11370, void %real6938.case.6.imag13752.exit.3_crit_edge118" [top_cmplx.cpp:42->top_cmplx.cpp:146]   --->   Operation 1779 'phi' 'mux_case_11313287631665546981738278558364' <Predicate = true> <Delay = 0.00>
ST_64 : Operation 1780 [1/1] (0.00ns)   --->   "%mux_case_01303274631865526983738078578362 = phi i32 %mux_case_01518, void %imag7440.case.3417, i32 %mux_case_01518, void %imag7440.case.1415, i32 %mux_case_01518, void %imag7440.case.3411, i32 %mux_case_01518, void %imag7440.case.1409, i32 %mux_case_01518, void %imag7440.case.3405, i32 %mux_case_01518, void %imag7440.case.1403, i32 %mux_case_01518, void %imag7440.case.3399, i32 %mux_case_01518, void %imag7440.case.1397, i32 %mux_case_01518, void %imag7440.case.3423, i32 %mux_case_01518, void %imag7440.case.1421, i32 %mux_case_01518, void %imag7440.case.1427, i32 %mux_case_01518, void %imag7440.case.3429, i32 %mux_case_01518, void %real6938.case.1.imag13752.exit.3_crit_edge, i32 %mux_case_01518, void %real6938.case.2.imag13752.exit.3_crit_edge, i32 %mux_case_01518, void %real6938.case.3.imag13752.exit.3_crit_edge, i32 %mux_case_01518, void %real6938.case.4.imag13752.exit.3_crit_edge, i32 %mux_case_01518, void %real6938.case.5.imag13752.exit.3_crit_edge, i32 %mux_case_01518, void %real6938.case.6.imag13752.exit.3_crit_edge, i32 %mux_case_01518, void %real6938.case.1.imag13752.exit.3_crit_edge138, i32 %mux_case_01518, void %real6938.case.2.imag13752.exit.3_crit_edge133, i32 0, void %real6938.case.3.imag13752.exit.3_crit_edge128, i32 %mux_case_01518, void %real6938.case.4.imag13752.exit.3_crit_edge123, i32 %mux_case_01518, void %real6938.case.5.imag13752.exit.3_crit_edge117, i32 %mux_case_01518, void %real6938.case.6.imag13752.exit.3_crit_edge118" [top_cmplx.cpp:42->top_cmplx.cpp:146]   --->   Operation 1780 'phi' 'mux_case_01303274631865526983738078578362' <Predicate = true> <Delay = 0.00>
ST_64 : Operation 1781 [1/1] (0.00ns)   --->   "%mux_case_31283261632065506985737878598360 = phi i32 %mux_case_31283263, void %imag7440.case.3417, i32 %mux_case_31283263, void %imag7440.case.1415, i32 %mux_case_31283263, void %imag7440.case.3411, i32 %mux_case_31283263, void %imag7440.case.1409, i32 0, void %imag7440.case.3405, i32 %mux_case_31283263, void %imag7440.case.1403, i32 %mux_case_31283263, void %imag7440.case.3399, i32 %mux_case_31283263, void %imag7440.case.1397, i32 %mux_case_31283263, void %imag7440.case.3423, i32 %mux_case_31283263, void %imag7440.case.1421, i32 %mux_case_31283263, void %imag7440.case.1427, i32 %mux_case_31283263, void %imag7440.case.3429, i32 %mux_case_31283263, void %real6938.case.1.imag13752.exit.3_crit_edge, i32 %mux_case_31283263, void %real6938.case.2.imag13752.exit.3_crit_edge, i32 %mux_case_31283263, void %real6938.case.3.imag13752.exit.3_crit_edge, i32 %mux_case_31283263, void %real6938.case.4.imag13752.exit.3_crit_edge, i32 %mux_case_31283263, void %real6938.case.5.imag13752.exit.3_crit_edge, i32 %mux_case_31283263, void %real6938.case.6.imag13752.exit.3_crit_edge, i32 %mux_case_31283263, void %real6938.case.1.imag13752.exit.3_crit_edge138, i32 %mux_case_31283263, void %real6938.case.2.imag13752.exit.3_crit_edge133, i32 %mux_case_31283263, void %real6938.case.3.imag13752.exit.3_crit_edge128, i32 %mux_case_31283263, void %real6938.case.4.imag13752.exit.3_crit_edge123, i32 %mux_case_31283263, void %real6938.case.5.imag13752.exit.3_crit_edge117, i32 %mux_case_31283263, void %real6938.case.6.imag13752.exit.3_crit_edge118" [top_cmplx.cpp:42->top_cmplx.cpp:146]   --->   Operation 1781 'phi' 'mux_case_31283261632065506985737878598360' <Predicate = true> <Delay = 0.00>
ST_64 : Operation 1782 [1/1] (0.00ns)   --->   "%mux_case_21273248632265486987737678618358 = phi i32 %mux_case_21217, void %imag7440.case.3417, i32 %mux_case_21217, void %imag7440.case.1415, i32 %mux_case_21217, void %imag7440.case.3411, i32 %mux_case_21217, void %imag7440.case.1409, i32 %mux_case_21217, void %imag7440.case.3405, i32 %mux_case_21217, void %imag7440.case.1403, i32 %mux_case_21217, void %imag7440.case.3399, i32 %mux_case_21217, void %imag7440.case.1397, i32 %mux_case_21217, void %imag7440.case.3423, i32 %mux_case_21217, void %imag7440.case.1421, i32 %mux_case_21217, void %imag7440.case.1427, i32 %mux_case_21217, void %imag7440.case.3429, i32 %mux_case_21217, void %real6938.case.1.imag13752.exit.3_crit_edge, i32 0, void %real6938.case.2.imag13752.exit.3_crit_edge, i32 %mux_case_21217, void %real6938.case.3.imag13752.exit.3_crit_edge, i32 %mux_case_21217, void %real6938.case.4.imag13752.exit.3_crit_edge, i32 %mux_case_21217, void %real6938.case.5.imag13752.exit.3_crit_edge, i32 %mux_case_21217, void %real6938.case.6.imag13752.exit.3_crit_edge, i32 %mux_case_21217, void %real6938.case.1.imag13752.exit.3_crit_edge138, i32 %mux_case_21217, void %real6938.case.2.imag13752.exit.3_crit_edge133, i32 %mux_case_21217, void %real6938.case.3.imag13752.exit.3_crit_edge128, i32 %mux_case_21217, void %real6938.case.4.imag13752.exit.3_crit_edge123, i32 %mux_case_21217, void %real6938.case.5.imag13752.exit.3_crit_edge117, i32 %mux_case_21217, void %real6938.case.6.imag13752.exit.3_crit_edge118" [top_cmplx.cpp:42->top_cmplx.cpp:146]   --->   Operation 1782 'phi' 'mux_case_21273248632265486987737678618358' <Predicate = true> <Delay = 0.00>
ST_64 : Operation 1783 [1/1] (0.00ns)   --->   "%mux_case_11263235632465466989737478638356 = phi i32 %mux_case_11365, void %imag7440.case.3417, i32 %mux_case_11365, void %imag7440.case.1415, i32 %mux_case_11365, void %imag7440.case.3411, i32 %mux_case_11365, void %imag7440.case.1409, i32 %mux_case_11365, void %imag7440.case.3405, i32 0, void %imag7440.case.1403, i32 %mux_case_11365, void %imag7440.case.3399, i32 %mux_case_11365, void %imag7440.case.1397, i32 %mux_case_11365, void %imag7440.case.3423, i32 %mux_case_11365, void %imag7440.case.1421, i32 %mux_case_11365, void %imag7440.case.1427, i32 %mux_case_11365, void %imag7440.case.3429, i32 %mux_case_11365, void %real6938.case.1.imag13752.exit.3_crit_edge, i32 %mux_case_11365, void %real6938.case.2.imag13752.exit.3_crit_edge, i32 %mux_case_11365, void %real6938.case.3.imag13752.exit.3_crit_edge, i32 %mux_case_11365, void %real6938.case.4.imag13752.exit.3_crit_edge, i32 %mux_case_11365, void %real6938.case.5.imag13752.exit.3_crit_edge, i32 %mux_case_11365, void %real6938.case.6.imag13752.exit.3_crit_edge, i32 %mux_case_11365, void %real6938.case.1.imag13752.exit.3_crit_edge138, i32 %mux_case_11365, void %real6938.case.2.imag13752.exit.3_crit_edge133, i32 %mux_case_11365, void %real6938.case.3.imag13752.exit.3_crit_edge128, i32 %mux_case_11365, void %real6938.case.4.imag13752.exit.3_crit_edge123, i32 %mux_case_11365, void %real6938.case.5.imag13752.exit.3_crit_edge117, i32 %mux_case_11365, void %real6938.case.6.imag13752.exit.3_crit_edge118" [top_cmplx.cpp:42->top_cmplx.cpp:146]   --->   Operation 1783 'phi' 'mux_case_11263235632465466989737478638356' <Predicate = true> <Delay = 0.00>
ST_64 : Operation 1784 [1/1] (0.00ns)   --->   "%mux_case_01253222632665446991737278658354 = phi i32 %mux_case_01513, void %imag7440.case.3417, i32 %mux_case_01513, void %imag7440.case.1415, i32 %mux_case_01513, void %imag7440.case.3411, i32 %mux_case_01513, void %imag7440.case.1409, i32 %mux_case_01513, void %imag7440.case.3405, i32 %mux_case_01513, void %imag7440.case.1403, i32 %mux_case_01513, void %imag7440.case.3399, i32 %mux_case_01513, void %imag7440.case.1397, i32 %mux_case_01513, void %imag7440.case.3423, i32 %mux_case_01513, void %imag7440.case.1421, i32 %mux_case_01513, void %imag7440.case.1427, i32 %mux_case_01513, void %imag7440.case.3429, i32 %mux_case_01513, void %real6938.case.1.imag13752.exit.3_crit_edge, i32 %mux_case_01513, void %real6938.case.2.imag13752.exit.3_crit_edge, i32 %mux_case_01513, void %real6938.case.3.imag13752.exit.3_crit_edge, i32 %mux_case_01513, void %real6938.case.4.imag13752.exit.3_crit_edge, i32 %mux_case_01513, void %real6938.case.5.imag13752.exit.3_crit_edge, i32 %mux_case_01513, void %real6938.case.6.imag13752.exit.3_crit_edge, i32 %mux_case_01513, void %real6938.case.1.imag13752.exit.3_crit_edge138, i32 0, void %real6938.case.2.imag13752.exit.3_crit_edge133, i32 %mux_case_01513, void %real6938.case.3.imag13752.exit.3_crit_edge128, i32 %mux_case_01513, void %real6938.case.4.imag13752.exit.3_crit_edge123, i32 %mux_case_01513, void %real6938.case.5.imag13752.exit.3_crit_edge117, i32 %mux_case_01513, void %real6938.case.6.imag13752.exit.3_crit_edge118" [top_cmplx.cpp:42->top_cmplx.cpp:146]   --->   Operation 1784 'phi' 'mux_case_01253222632665446991737278658354' <Predicate = true> <Delay = 0.00>
ST_64 : Operation 1785 [1/1] (0.00ns)   --->   "%mux_case_31233209632865426993737078678352 = phi i32 %mux_case_31233211, void %imag7440.case.3417, i32 %mux_case_31233211, void %imag7440.case.1415, i32 %mux_case_31233211, void %imag7440.case.3411, i32 %mux_case_31233211, void %imag7440.case.1409, i32 %mux_case_31233211, void %imag7440.case.3405, i32 %mux_case_31233211, void %imag7440.case.1403, i32 0, void %imag7440.case.3399, i32 %mux_case_31233211, void %imag7440.case.1397, i32 %mux_case_31233211, void %imag7440.case.3423, i32 %mux_case_31233211, void %imag7440.case.1421, i32 %mux_case_31233211, void %imag7440.case.1427, i32 %mux_case_31233211, void %imag7440.case.3429, i32 %mux_case_31233211, void %real6938.case.1.imag13752.exit.3_crit_edge, i32 %mux_case_31233211, void %real6938.case.2.imag13752.exit.3_crit_edge, i32 %mux_case_31233211, void %real6938.case.3.imag13752.exit.3_crit_edge, i32 %mux_case_31233211, void %real6938.case.4.imag13752.exit.3_crit_edge, i32 %mux_case_31233211, void %real6938.case.5.imag13752.exit.3_crit_edge, i32 %mux_case_31233211, void %real6938.case.6.imag13752.exit.3_crit_edge, i32 %mux_case_31233211, void %real6938.case.1.imag13752.exit.3_crit_edge138, i32 %mux_case_31233211, void %real6938.case.2.imag13752.exit.3_crit_edge133, i32 %mux_case_31233211, void %real6938.case.3.imag13752.exit.3_crit_edge128, i32 %mux_case_31233211, void %real6938.case.4.imag13752.exit.3_crit_edge123, i32 %mux_case_31233211, void %real6938.case.5.imag13752.exit.3_crit_edge117, i32 %mux_case_31233211, void %real6938.case.6.imag13752.exit.3_crit_edge118" [top_cmplx.cpp:42->top_cmplx.cpp:146]   --->   Operation 1785 'phi' 'mux_case_31233209632865426993737078678352' <Predicate = true> <Delay = 0.00>
ST_64 : Operation 1786 [1/1] (0.00ns)   --->   "%mux_case_21223196633065406995736878698350 = phi i32 %mux_case_21212, void %imag7440.case.3417, i32 %mux_case_21212, void %imag7440.case.1415, i32 %mux_case_21212, void %imag7440.case.3411, i32 %mux_case_21212, void %imag7440.case.1409, i32 %mux_case_21212, void %imag7440.case.3405, i32 %mux_case_21212, void %imag7440.case.1403, i32 %mux_case_21212, void %imag7440.case.3399, i32 %mux_case_21212, void %imag7440.case.1397, i32 %mux_case_21212, void %imag7440.case.3423, i32 %mux_case_21212, void %imag7440.case.1421, i32 %mux_case_21212, void %imag7440.case.1427, i32 %mux_case_21212, void %imag7440.case.3429, i32 0, void %real6938.case.1.imag13752.exit.3_crit_edge, i32 %mux_case_21212, void %real6938.case.2.imag13752.exit.3_crit_edge, i32 %mux_case_21212, void %real6938.case.3.imag13752.exit.3_crit_edge, i32 %mux_case_21212, void %real6938.case.4.imag13752.exit.3_crit_edge, i32 %mux_case_21212, void %real6938.case.5.imag13752.exit.3_crit_edge, i32 %mux_case_21212, void %real6938.case.6.imag13752.exit.3_crit_edge, i32 %mux_case_21212, void %real6938.case.1.imag13752.exit.3_crit_edge138, i32 %mux_case_21212, void %real6938.case.2.imag13752.exit.3_crit_edge133, i32 %mux_case_21212, void %real6938.case.3.imag13752.exit.3_crit_edge128, i32 %mux_case_21212, void %real6938.case.4.imag13752.exit.3_crit_edge123, i32 %mux_case_21212, void %real6938.case.5.imag13752.exit.3_crit_edge117, i32 %mux_case_21212, void %real6938.case.6.imag13752.exit.3_crit_edge118" [top_cmplx.cpp:46->top_cmplx.cpp:146]   --->   Operation 1786 'phi' 'mux_case_21223196633065406995736878698350' <Predicate = true> <Delay = 0.00>
ST_64 : Operation 1787 [1/1] (0.00ns)   --->   "%mux_case_11213183633265386997736678718348 = phi i32 %mux_case_11360, void %imag7440.case.3417, i32 %mux_case_11360, void %imag7440.case.1415, i32 %mux_case_11360, void %imag7440.case.3411, i32 %mux_case_11360, void %imag7440.case.1409, i32 %mux_case_11360, void %imag7440.case.3405, i32 %mux_case_11360, void %imag7440.case.1403, i32 %mux_case_11360, void %imag7440.case.3399, i32 0, void %imag7440.case.1397, i32 %mux_case_11360, void %imag7440.case.3423, i32 %mux_case_11360, void %imag7440.case.1421, i32 %mux_case_11360, void %imag7440.case.1427, i32 %mux_case_11360, void %imag7440.case.3429, i32 %mux_case_11360, void %real6938.case.1.imag13752.exit.3_crit_edge, i32 %mux_case_11360, void %real6938.case.2.imag13752.exit.3_crit_edge, i32 %mux_case_11360, void %real6938.case.3.imag13752.exit.3_crit_edge, i32 %mux_case_11360, void %real6938.case.4.imag13752.exit.3_crit_edge, i32 %mux_case_11360, void %real6938.case.5.imag13752.exit.3_crit_edge, i32 %mux_case_11360, void %real6938.case.6.imag13752.exit.3_crit_edge, i32 %mux_case_11360, void %real6938.case.1.imag13752.exit.3_crit_edge138, i32 %mux_case_11360, void %real6938.case.2.imag13752.exit.3_crit_edge133, i32 %mux_case_11360, void %real6938.case.3.imag13752.exit.3_crit_edge128, i32 %mux_case_11360, void %real6938.case.4.imag13752.exit.3_crit_edge123, i32 %mux_case_11360, void %real6938.case.5.imag13752.exit.3_crit_edge117, i32 %mux_case_11360, void %real6938.case.6.imag13752.exit.3_crit_edge118" [top_cmplx.cpp:42->top_cmplx.cpp:146]   --->   Operation 1787 'phi' 'mux_case_11213183633265386997736678718348' <Predicate = true> <Delay = 0.00>
ST_64 : Operation 1788 [1/1] (0.00ns)   --->   "%mux_case_01203170633465366999736478738346 = phi i32 %mux_case_01508, void %imag7440.case.3417, i32 %mux_case_01508, void %imag7440.case.1415, i32 %mux_case_01508, void %imag7440.case.3411, i32 %mux_case_01508, void %imag7440.case.1409, i32 %mux_case_01508, void %imag7440.case.3405, i32 %mux_case_01508, void %imag7440.case.1403, i32 %mux_case_01508, void %imag7440.case.3399, i32 %mux_case_01508, void %imag7440.case.1397, i32 %mux_case_01508, void %imag7440.case.3423, i32 %mux_case_01508, void %imag7440.case.1421, i32 %mux_case_01508, void %imag7440.case.1427, i32 %mux_case_01508, void %imag7440.case.3429, i32 %mux_case_01508, void %real6938.case.1.imag13752.exit.3_crit_edge, i32 %mux_case_01508, void %real6938.case.2.imag13752.exit.3_crit_edge, i32 %mux_case_01508, void %real6938.case.3.imag13752.exit.3_crit_edge, i32 %mux_case_01508, void %real6938.case.4.imag13752.exit.3_crit_edge, i32 %mux_case_01508, void %real6938.case.5.imag13752.exit.3_crit_edge, i32 %mux_case_01508, void %real6938.case.6.imag13752.exit.3_crit_edge, i32 0, void %real6938.case.1.imag13752.exit.3_crit_edge138, i32 %mux_case_01508, void %real6938.case.2.imag13752.exit.3_crit_edge133, i32 %mux_case_01508, void %real6938.case.3.imag13752.exit.3_crit_edge128, i32 %mux_case_01508, void %real6938.case.4.imag13752.exit.3_crit_edge123, i32 %mux_case_01508, void %real6938.case.5.imag13752.exit.3_crit_edge117, i32 %mux_case_01508, void %real6938.case.6.imag13752.exit.3_crit_edge118" [top_cmplx.cpp:42->top_cmplx.cpp:146]   --->   Operation 1788 'phi' 'mux_case_01203170633465366999736478738346' <Predicate = true> <Delay = 0.00>
ST_64 : Operation 1789 [1/1] (0.42ns)   --->   "%store_ln46 = store i32 %mux_case_32023507628865826953741078278392, i32 %mux_case_3202" [top_cmplx.cpp:46->top_cmplx.cpp:146]   --->   Operation 1789 'store' 'store_ln46' <Predicate = true> <Delay = 0.42>
ST_64 : Operation 1790 [1/1] (0.42ns)   --->   "%store_ln46 = store i32 %mux_case_22013496629065806955740878298390, i32 %mux_case_2201" [top_cmplx.cpp:46->top_cmplx.cpp:146]   --->   Operation 1790 'store' 'store_ln46' <Predicate = true> <Delay = 0.42>
ST_64 : Operation 1791 [1/1] (0.42ns)   --->   "%store_ln46 = store i32 %mux_case_12003485629265786957740678318388, i32 %mux_case_1200" [top_cmplx.cpp:46->top_cmplx.cpp:146]   --->   Operation 1791 'store' 'store_ln46' <Predicate = true> <Delay = 0.42>
ST_64 : Operation 1792 [1/1] (0.42ns)   --->   "%store_ln46 = store i32 %mux_case_01993474629465766959740478338386, i32 %mux_case_0199" [top_cmplx.cpp:46->top_cmplx.cpp:146]   --->   Operation 1792 'store' 'store_ln46' <Predicate = true> <Delay = 0.42>
ST_64 : Operation 1793 [1/1] (0.42ns)   --->   "%store_ln45 = store i32 %mux_case_317334635771628665846951741278258394, i32 %mux_case_3173" [top_cmplx.cpp:45->top_cmplx.cpp:146]   --->   Operation 1793 'store' 'store_ln45' <Predicate = true> <Delay = 0.42>
ST_64 : Operation 1794 [1/1] (0.42ns)   --->   "%store_ln45 = store i32 %mux_case_217234525773628465866949741478238396, i32 %mux_case_2172" [top_cmplx.cpp:45->top_cmplx.cpp:146]   --->   Operation 1794 'store' 'store_ln45' <Predicate = true> <Delay = 0.42>
ST_64 : Operation 1795 [1/1] (0.42ns)   --->   "%store_ln45 = store i32 %mux_case_117134415775628265886947741678218398, i32 %mux_case_1171" [top_cmplx.cpp:45->top_cmplx.cpp:146]   --->   Operation 1795 'store' 'store_ln45' <Predicate = true> <Delay = 0.42>
ST_64 : Operation 1796 [1/1] (0.42ns)   --->   "%store_ln45 = store i32 %mux_case_017034305777628065906945741878198400, i32 %mux_case_0170" [top_cmplx.cpp:45->top_cmplx.cpp:146]   --->   Operation 1796 'store' 'store_ln45' <Predicate = true> <Delay = 0.42>
ST_64 : Operation 1797 [1/1] (0.42ns)   --->   "%store_ln42 = store i32 %mux_case_31433417629665746961740278358384, i32 %mux_case_3143" [top_cmplx.cpp:42->top_cmplx.cpp:146]   --->   Operation 1797 'store' 'store_ln42' <Predicate = true> <Delay = 0.42>
ST_64 : Operation 1798 [1/1] (0.42ns)   --->   "%store_ln42 = store i32 %mux_case_21423404629865726963740078378382, i32 %mux_case_2142" [top_cmplx.cpp:42->top_cmplx.cpp:146]   --->   Operation 1798 'store' 'store_ln42' <Predicate = true> <Delay = 0.42>
ST_64 : Operation 1799 [1/1] (0.42ns)   --->   "%store_ln42 = store i32 %mux_case_11413391630065706965739878398380, i32 %mux_case_1141" [top_cmplx.cpp:42->top_cmplx.cpp:146]   --->   Operation 1799 'store' 'store_ln42' <Predicate = true> <Delay = 0.42>
ST_64 : Operation 1800 [1/1] (0.42ns)   --->   "%store_ln42 = store i32 %mux_case_01403378630265686967739678418378, i32 %mux_case_0140" [top_cmplx.cpp:42->top_cmplx.cpp:146]   --->   Operation 1800 'store' 'store_ln42' <Predicate = true> <Delay = 0.42>
ST_64 : Operation 1801 [1/1] (0.42ns)   --->   "%store_ln42 = store i32 %mux_case_31383365630465666969739478438376, i32 %mux_case_3138" [top_cmplx.cpp:42->top_cmplx.cpp:146]   --->   Operation 1801 'store' 'store_ln42' <Predicate = true> <Delay = 0.42>
ST_64 : Operation 1802 [1/1] (0.42ns)   --->   "%store_ln42 = store i32 %mux_case_21373352630665646971739278458374, i32 %mux_case_2137" [top_cmplx.cpp:42->top_cmplx.cpp:146]   --->   Operation 1802 'store' 'store_ln42' <Predicate = true> <Delay = 0.42>
ST_64 : Operation 1803 [1/1] (0.42ns)   --->   "%store_ln42 = store i32 %mux_case_11363339630865626973739078478372, i32 %mux_case_1136" [top_cmplx.cpp:42->top_cmplx.cpp:146]   --->   Operation 1803 'store' 'store_ln42' <Predicate = true> <Delay = 0.42>
ST_64 : Operation 1804 [1/1] (0.42ns)   --->   "%store_ln42 = store i32 %mux_case_01353326631065606975738878498370, i32 %mux_case_0135" [top_cmplx.cpp:42->top_cmplx.cpp:146]   --->   Operation 1804 'store' 'store_ln42' <Predicate = true> <Delay = 0.42>
ST_64 : Operation 1805 [1/1] (0.42ns)   --->   "%store_ln46 = store i32 %mux_case_31333313631265586977738678518368, i32 %mux_case_3133" [top_cmplx.cpp:46->top_cmplx.cpp:146]   --->   Operation 1805 'store' 'store_ln46' <Predicate = true> <Delay = 0.42>
ST_64 : Operation 1806 [1/1] (0.42ns)   --->   "%store_ln42 = store i32 %mux_case_21323300631465566979738478538366, i32 %mux_case_2132" [top_cmplx.cpp:42->top_cmplx.cpp:146]   --->   Operation 1806 'store' 'store_ln42' <Predicate = true> <Delay = 0.42>
ST_64 : Operation 1807 [1/1] (0.42ns)   --->   "%store_ln42 = store i32 %mux_case_11313287631665546981738278558364, i32 %mux_case_1131" [top_cmplx.cpp:42->top_cmplx.cpp:146]   --->   Operation 1807 'store' 'store_ln42' <Predicate = true> <Delay = 0.42>
ST_64 : Operation 1808 [1/1] (0.42ns)   --->   "%store_ln42 = store i32 %mux_case_01303274631865526983738078578362, i32 %mux_case_0130" [top_cmplx.cpp:42->top_cmplx.cpp:146]   --->   Operation 1808 'store' 'store_ln42' <Predicate = true> <Delay = 0.42>
ST_64 : Operation 1809 [1/1] (0.42ns)   --->   "%store_ln42 = store i32 %mux_case_31283261632065506985737878598360, i32 %mux_case_3128" [top_cmplx.cpp:42->top_cmplx.cpp:146]   --->   Operation 1809 'store' 'store_ln42' <Predicate = true> <Delay = 0.42>
ST_64 : Operation 1810 [1/1] (0.42ns)   --->   "%store_ln42 = store i32 %mux_case_21273248632265486987737678618358, i32 %mux_case_2127" [top_cmplx.cpp:42->top_cmplx.cpp:146]   --->   Operation 1810 'store' 'store_ln42' <Predicate = true> <Delay = 0.42>
ST_64 : Operation 1811 [1/1] (0.42ns)   --->   "%store_ln42 = store i32 %mux_case_11263235632465466989737478638356, i32 %mux_case_1126" [top_cmplx.cpp:42->top_cmplx.cpp:146]   --->   Operation 1811 'store' 'store_ln42' <Predicate = true> <Delay = 0.42>
ST_64 : Operation 1812 [1/1] (0.42ns)   --->   "%store_ln42 = store i32 %mux_case_01253222632665446991737278658354, i32 %mux_case_0125" [top_cmplx.cpp:42->top_cmplx.cpp:146]   --->   Operation 1812 'store' 'store_ln42' <Predicate = true> <Delay = 0.42>
ST_64 : Operation 1813 [1/1] (0.42ns)   --->   "%store_ln42 = store i32 %mux_case_31233209632865426993737078678352, i32 %mux_case_3123" [top_cmplx.cpp:42->top_cmplx.cpp:146]   --->   Operation 1813 'store' 'store_ln42' <Predicate = true> <Delay = 0.42>
ST_64 : Operation 1814 [1/1] (0.42ns)   --->   "%store_ln46 = store i32 %mux_case_21223196633065406995736878698350, i32 %mux_case_2122" [top_cmplx.cpp:46->top_cmplx.cpp:146]   --->   Operation 1814 'store' 'store_ln46' <Predicate = true> <Delay = 0.42>
ST_64 : Operation 1815 [1/1] (0.42ns)   --->   "%store_ln42 = store i32 %mux_case_11213183633265386997736678718348, i32 %mux_case_1121" [top_cmplx.cpp:42->top_cmplx.cpp:146]   --->   Operation 1815 'store' 'store_ln42' <Predicate = true> <Delay = 0.42>
ST_64 : Operation 1816 [1/1] (0.42ns)   --->   "%store_ln42 = store i32 %mux_case_01203170633465366999736478738346, i32 %mux_case_0120" [top_cmplx.cpp:42->top_cmplx.cpp:146]   --->   Operation 1816 'store' 'store_ln42' <Predicate = true> <Delay = 0.42>
ST_64 : Operation 1817 [1/1] (0.42ns)   --->   "%store_ln45 = store i32 %mux_case_311431135779627865926943742078178402, i32 %mux_case_3114" [top_cmplx.cpp:45->top_cmplx.cpp:146]   --->   Operation 1817 'store' 'store_ln45' <Predicate = true> <Delay = 0.42>
ST_64 : Operation 1818 [1/1] (0.42ns)   --->   "%store_ln45 = store i32 %mux_case_211331005781627665946941742278158404, i32 %mux_case_2113" [top_cmplx.cpp:45->top_cmplx.cpp:146]   --->   Operation 1818 'store' 'store_ln45' <Predicate = true> <Delay = 0.42>
ST_64 : Operation 1819 [1/1] (0.42ns)   --->   "%store_ln41 = store i32 %mux_case_111230875783627465966939742478138406, i32 %mux_case_1112" [top_cmplx.cpp:41->top_cmplx.cpp:146]   --->   Operation 1819 'store' 'store_ln41' <Predicate = true> <Delay = 0.42>
ST_64 : Operation 1820 [1/1] (0.42ns)   --->   "%store_ln41 = store i32 %mux_case_011130745785627265986937742678118408, i32 %mux_case_0111" [top_cmplx.cpp:41->top_cmplx.cpp:146]   --->   Operation 1820 'store' 'store_ln41' <Predicate = true> <Delay = 0.42>
ST_64 : Operation 1821 [1/1] (0.42ns)   --->   "%store_ln45 = store i32 %mux_case_311030615787627066006935742878098410, i32 %mux_case_3110" [top_cmplx.cpp:45->top_cmplx.cpp:146]   --->   Operation 1821 'store' 'store_ln45' <Predicate = true> <Delay = 0.42>
ST_64 : Operation 1822 [1/1] (0.42ns)   --->   "%store_ln45 = store i32 %mux_case_210930485789626866026933743078078412, i32 %mux_case_2109" [top_cmplx.cpp:45->top_cmplx.cpp:146]   --->   Operation 1822 'store' 'store_ln45' <Predicate = true> <Delay = 0.42>
ST_64 : Operation 1823 [1/1] (0.42ns)   --->   "%store_ln41 = store i32 %mux_case_110830355791626666046931743278058414, i32 %mux_case_1108" [top_cmplx.cpp:41->top_cmplx.cpp:146]   --->   Operation 1823 'store' 'store_ln41' <Predicate = true> <Delay = 0.42>
ST_64 : Operation 1824 [1/1] (0.42ns)   --->   "%store_ln41 = store i32 %mux_case_010730225793626466066929743478038416, i32 %mux_case_0107" [top_cmplx.cpp:41->top_cmplx.cpp:146]   --->   Operation 1824 'store' 'store_ln41' <Predicate = true> <Delay = 0.42>
ST_64 : Operation 1825 [1/1] (0.42ns)   --->   "%store_ln45 = store i32 %mux_case_310530095795626266086927743678018418, i32 %mux_case_3105" [top_cmplx.cpp:45->top_cmplx.cpp:146]   --->   Operation 1825 'store' 'store_ln45' <Predicate = true> <Delay = 0.42>
ST_64 : Operation 1826 [1/1] (0.42ns)   --->   "%store_ln45 = store i32 %mux_case_210429965797626066106925743877998420, i32 %mux_case_2104" [top_cmplx.cpp:45->top_cmplx.cpp:146]   --->   Operation 1826 'store' 'store_ln45' <Predicate = true> <Delay = 0.42>
ST_64 : Operation 1827 [1/1] (0.42ns)   --->   "%store_ln41 = store i32 %mux_case_110329835799625866126923744077978422, i32 %mux_case_1103" [top_cmplx.cpp:41->top_cmplx.cpp:146]   --->   Operation 1827 'store' 'store_ln41' <Predicate = true> <Delay = 0.42>
ST_64 : Operation 1828 [1/1] (0.42ns)   --->   "%store_ln41 = store i32 %mux_case_010229705801625666146921744277958424, i32 %mux_case_0102" [top_cmplx.cpp:41->top_cmplx.cpp:146]   --->   Operation 1828 'store' 'store_ln41' <Predicate = true> <Delay = 0.42>
ST_64 : Operation 1829 [1/1] (0.42ns)   --->   "%store_ln45 = store i32 %mux_case_310029575803625466166919744477938426, i32 %mux_case_3100" [top_cmplx.cpp:45->top_cmplx.cpp:146]   --->   Operation 1829 'store' 'store_ln45' <Predicate = true> <Delay = 0.42>
ST_64 : Operation 1830 [1/1] (0.42ns)   --->   "%store_ln45 = store i32 %mux_case_29929445805625266186917744677918428, i32 %mux_case_299" [top_cmplx.cpp:45->top_cmplx.cpp:146]   --->   Operation 1830 'store' 'store_ln45' <Predicate = true> <Delay = 0.42>
ST_64 : Operation 1831 [1/1] (0.42ns)   --->   "%store_ln41 = store i32 %mux_case_19829315807625066206915744877898430, i32 %mux_case_198" [top_cmplx.cpp:41->top_cmplx.cpp:146]   --->   Operation 1831 'store' 'store_ln41' <Predicate = true> <Delay = 0.42>
ST_64 : Operation 1832 [1/1] (0.42ns)   --->   "%store_ln41 = store i32 %mux_case_09729185809624866226913745077878432, i32 %mux_case_097" [top_cmplx.cpp:41->top_cmplx.cpp:146]   --->   Operation 1832 'store' 'store_ln41' <Predicate = true> <Delay = 0.42>
ST_64 : Operation 1833 [1/1] (0.42ns)   --->   "%store_ln45 = store i32 %mux_case_39529055811624666246911745277858434, i32 %mux_case_395" [top_cmplx.cpp:45->top_cmplx.cpp:146]   --->   Operation 1833 'store' 'store_ln45' <Predicate = true> <Delay = 0.42>
ST_64 : Operation 1834 [1/1] (0.42ns)   --->   "%store_ln45 = store i32 %mux_case_29428925813624466266909745477838436, i32 %mux_case_294" [top_cmplx.cpp:45->top_cmplx.cpp:146]   --->   Operation 1834 'store' 'store_ln45' <Predicate = true> <Delay = 0.42>
ST_64 : Operation 1835 [1/1] (0.42ns)   --->   "%store_ln41 = store i32 %mux_case_19328795815624266286907745677818438, i32 %mux_case_193" [top_cmplx.cpp:41->top_cmplx.cpp:146]   --->   Operation 1835 'store' 'store_ln41' <Predicate = true> <Delay = 0.42>
ST_64 : Operation 1836 [1/1] (0.42ns)   --->   "%store_ln41 = store i32 %mux_case_09228665817624066306905745877798440, i32 %mux_case_092" [top_cmplx.cpp:41->top_cmplx.cpp:146]   --->   Operation 1836 'store' 'store_ln41' <Predicate = true> <Delay = 0.42>
ST_64 : Operation 1837 [1/1] (0.00ns)   --->   "%br_ln119 = br void %VITIS_LOOP_137_3" [top_cmplx.cpp:119]   --->   Operation 1837 'br' 'br_ln119' <Predicate = true> <Delay = 0.00>


============================================================
+ Verbose Summary: Timing violations
============================================================
Target clock period: 10.000ns, clock uncertainty: 1.250ns.

 <State 1>: 0.427ns
The critical path consists of the following:
	'alloca' operation 32 bit ('mux_case_3202') [229]  (0.000 ns)
	'store' operation 0 bit ('store_ln0') of variable 'mux_case_32023512_read' on local variable 'mux_case_3202' [293]  (0.427 ns)

 <State 2>: 1.148ns
The critical path consists of the following:
	'load' operation 32 bit ('mux_case_1_load') on local variable 'mux_case_1' [351]  (0.000 ns)
	'sparsemux' operation 32 bit ('tmp', top_cmplx.cpp:124) [414]  (0.525 ns)
	'sparsemux' operation 32 bit ('ar', top_cmplx.cpp:124) [420]  (0.623 ns)

 <State 3>: 8.419ns
The critical path consists of the following:
	'fmul' operation 32 bit ('mul', top_cmplx.cpp:130) [432]  (8.419 ns)

 <State 4>: 8.419ns
The critical path consists of the following:
	'fmul' operation 32 bit ('mul', top_cmplx.cpp:130) [432]  (8.419 ns)

 <State 5>: 6.437ns
The critical path consists of the following:
	'fadd' operation 32 bit ('__x', top_cmplx.cpp:130) [434]  (6.437 ns)

 <State 6>: 6.437ns
The critical path consists of the following:
	'fadd' operation 32 bit ('__x', top_cmplx.cpp:130) [434]  (6.437 ns)

 <State 7>: 6.437ns
The critical path consists of the following:
	'fadd' operation 32 bit ('__x', top_cmplx.cpp:130) [434]  (6.437 ns)

 <State 8>: 6.437ns
The critical path consists of the following:
	'fadd' operation 32 bit ('__x', top_cmplx.cpp:130) [434]  (6.437 ns)

 <State 9>: 8.412ns
The critical path consists of the following:
	'fsqrt' operation 32 bit ('a_mag', C:/Xilinx/Vitis_HLS/2023.2/tps/mingw/8.3.0/win64.o/nt\lib\gcc\x86_64-w64-mingw32\8.3.0\include\c++\cmath:464->top_cmplx.cpp:130) [435]  (8.412 ns)

 <State 10>: 8.412ns
The critical path consists of the following:
	'fsqrt' operation 32 bit ('a_mag', C:/Xilinx/Vitis_HLS/2023.2/tps/mingw/8.3.0/win64.o/nt\lib\gcc\x86_64-w64-mingw32\8.3.0\include\c++\cmath:464->top_cmplx.cpp:130) [435]  (8.412 ns)

 <State 11>: 8.412ns
The critical path consists of the following:
	'fsqrt' operation 32 bit ('a_mag', C:/Xilinx/Vitis_HLS/2023.2/tps/mingw/8.3.0/win64.o/nt\lib\gcc\x86_64-w64-mingw32\8.3.0\include\c++\cmath:464->top_cmplx.cpp:130) [435]  (8.412 ns)

 <State 12>: 8.412ns
The critical path consists of the following:
	'fsqrt' operation 32 bit ('a_mag', C:/Xilinx/Vitis_HLS/2023.2/tps/mingw/8.3.0/win64.o/nt\lib\gcc\x86_64-w64-mingw32\8.3.0\include\c++\cmath:464->top_cmplx.cpp:130) [435]  (8.412 ns)

 <State 13>: 8.412ns
The critical path consists of the following:
	'fsqrt' operation 32 bit ('a_mag', C:/Xilinx/Vitis_HLS/2023.2/tps/mingw/8.3.0/win64.o/nt\lib\gcc\x86_64-w64-mingw32\8.3.0\include\c++\cmath:464->top_cmplx.cpp:130) [435]  (8.412 ns)

 <State 14>: 8.412ns
The critical path consists of the following:
	'fsqrt' operation 32 bit ('a_mag', C:/Xilinx/Vitis_HLS/2023.2/tps/mingw/8.3.0/win64.o/nt\lib\gcc\x86_64-w64-mingw32\8.3.0\include\c++\cmath:464->top_cmplx.cpp:130) [435]  (8.412 ns)

 <State 15>: 8.412ns
The critical path consists of the following:
	'fsqrt' operation 32 bit ('a_mag', C:/Xilinx/Vitis_HLS/2023.2/tps/mingw/8.3.0/win64.o/nt\lib\gcc\x86_64-w64-mingw32\8.3.0\include\c++\cmath:464->top_cmplx.cpp:130) [435]  (8.412 ns)

 <State 16>: 8.419ns
The critical path consists of the following:
	'fmul' operation 32 bit ('mul_i', top_cmplx.cpp:7->top_cmplx.cpp:133) [440]  (8.419 ns)

 <State 17>: 8.419ns
The critical path consists of the following:
	'fmul' operation 32 bit ('mul_i', top_cmplx.cpp:7->top_cmplx.cpp:133) [440]  (8.419 ns)

 <State 18>: 6.437ns
The critical path consists of the following:
	'fadd' operation 32 bit ('__x', top_cmplx.cpp:7->top_cmplx.cpp:133) [442]  (6.437 ns)

 <State 19>: 6.437ns
The critical path consists of the following:
	'fadd' operation 32 bit ('__x', top_cmplx.cpp:7->top_cmplx.cpp:133) [442]  (6.437 ns)

 <State 20>: 6.437ns
The critical path consists of the following:
	'fadd' operation 32 bit ('__x', top_cmplx.cpp:7->top_cmplx.cpp:133) [442]  (6.437 ns)

 <State 21>: 6.437ns
The critical path consists of the following:
	'fadd' operation 32 bit ('__x', top_cmplx.cpp:7->top_cmplx.cpp:133) [442]  (6.437 ns)

 <State 22>: 8.412ns
The critical path consists of the following:
	'fsqrt' operation 32 bit ('r', C:/Xilinx/Vitis_HLS/2023.2/tps/mingw/8.3.0/win64.o/nt\lib\gcc\x86_64-w64-mingw32\8.3.0\include\c++\cmath:464->top_cmplx.cpp:7->top_cmplx.cpp:133) [443]  (8.412 ns)

 <State 23>: 8.412ns
The critical path consists of the following:
	'fsqrt' operation 32 bit ('r', C:/Xilinx/Vitis_HLS/2023.2/tps/mingw/8.3.0/win64.o/nt\lib\gcc\x86_64-w64-mingw32\8.3.0\include\c++\cmath:464->top_cmplx.cpp:7->top_cmplx.cpp:133) [443]  (8.412 ns)

 <State 24>: 8.412ns
The critical path consists of the following:
	'fsqrt' operation 32 bit ('r', C:/Xilinx/Vitis_HLS/2023.2/tps/mingw/8.3.0/win64.o/nt\lib\gcc\x86_64-w64-mingw32\8.3.0\include\c++\cmath:464->top_cmplx.cpp:7->top_cmplx.cpp:133) [443]  (8.412 ns)

 <State 25>: 8.412ns
The critical path consists of the following:
	'fsqrt' operation 32 bit ('r', C:/Xilinx/Vitis_HLS/2023.2/tps/mingw/8.3.0/win64.o/nt\lib\gcc\x86_64-w64-mingw32\8.3.0\include\c++\cmath:464->top_cmplx.cpp:7->top_cmplx.cpp:133) [443]  (8.412 ns)

 <State 26>: 8.412ns
The critical path consists of the following:
	'fsqrt' operation 32 bit ('r', C:/Xilinx/Vitis_HLS/2023.2/tps/mingw/8.3.0/win64.o/nt\lib\gcc\x86_64-w64-mingw32\8.3.0\include\c++\cmath:464->top_cmplx.cpp:7->top_cmplx.cpp:133) [443]  (8.412 ns)

 <State 27>: 8.412ns
The critical path consists of the following:
	'fsqrt' operation 32 bit ('r', C:/Xilinx/Vitis_HLS/2023.2/tps/mingw/8.3.0/win64.o/nt\lib\gcc\x86_64-w64-mingw32\8.3.0\include\c++\cmath:464->top_cmplx.cpp:7->top_cmplx.cpp:133) [443]  (8.412 ns)

 <State 28>: 8.412ns
The critical path consists of the following:
	'fsqrt' operation 32 bit ('r', C:/Xilinx/Vitis_HLS/2023.2/tps/mingw/8.3.0/win64.o/nt\lib\gcc\x86_64-w64-mingw32\8.3.0\include\c++\cmath:464->top_cmplx.cpp:7->top_cmplx.cpp:133) [443]  (8.412 ns)

 <State 29>: 2.782ns
The critical path consists of the following:
	'fcmp' operation 1 bit ('tmp_27', top_cmplx.cpp:9->top_cmplx.cpp:133) [450]  (2.782 ns)

 <State 30>: 8.623ns
The critical path consists of the following:
	'xor' operation 32 bit ('xor_ln17', top_cmplx.cpp:17->top_cmplx.cpp:133) [456]  (0.351 ns)
	'fdiv' operation 32 bit ('sr', top_cmplx.cpp:17->top_cmplx.cpp:133) [458]  (8.272 ns)

 <State 31>: 8.272ns
The critical path consists of the following:
	'fdiv' operation 32 bit ('cr', top_cmplx.cpp:16->top_cmplx.cpp:133) [454]  (8.272 ns)

 <State 32>: 8.272ns
The critical path consists of the following:
	'fdiv' operation 32 bit ('cr', top_cmplx.cpp:16->top_cmplx.cpp:133) [454]  (8.272 ns)

 <State 33>: 8.272ns
The critical path consists of the following:
	'fdiv' operation 32 bit ('cr', top_cmplx.cpp:16->top_cmplx.cpp:133) [454]  (8.272 ns)

 <State 34>: 8.272ns
The critical path consists of the following:
	'fdiv' operation 32 bit ('cr', top_cmplx.cpp:16->top_cmplx.cpp:133) [454]  (8.272 ns)

 <State 35>: 8.272ns
The critical path consists of the following:
	'fdiv' operation 32 bit ('cr', top_cmplx.cpp:16->top_cmplx.cpp:133) [454]  (8.272 ns)

 <State 36>: 8.272ns
The critical path consists of the following:
	'fdiv' operation 32 bit ('cr', top_cmplx.cpp:16->top_cmplx.cpp:133) [454]  (8.272 ns)

 <State 37>: 8.699ns
The critical path consists of the following:
	'fdiv' operation 32 bit ('cr', top_cmplx.cpp:16->top_cmplx.cpp:133) [454]  (8.272 ns)
	multiplexor before 'phi' operation 32 bit ('sr') with incoming values : ('sr', top_cmplx.cpp:17->top_cmplx.cpp:133) [461]  (0.427 ns)

 <State 38>: 8.419ns
The critical path consists of the following:
	'phi' operation 32 bit ('cr') with incoming values : ('cr', top_cmplx.cpp:16->top_cmplx.cpp:133) [462]  (0.000 ns)
	'fmul' operation 32 bit ('mul_i1', top_cmplx.cpp:41->top_cmplx.cpp:146) [463]  (8.419 ns)

 <State 39>: 8.419ns
The critical path consists of the following:
	'fmul' operation 32 bit ('mul_i1', top_cmplx.cpp:41->top_cmplx.cpp:146) [463]  (8.419 ns)

 <State 40>: 8.419ns
The critical path consists of the following:
	'fmul' operation 32 bit ('mul4', top_cmplx.cpp:168) [1356]  (8.419 ns)

 <State 41>: 8.419ns
The critical path consists of the following:
	'fmul' operation 32 bit ('mul138_1', top_cmplx.cpp:168) [1372]  (8.419 ns)

 <State 42>: 8.419ns
The critical path consists of the following:
	'fmul' operation 32 bit ('mul138_2', top_cmplx.cpp:168) [1388]  (8.419 ns)

 <State 43>: 8.419ns
The critical path consists of the following:
	'fmul' operation 32 bit ('mul138_3', top_cmplx.cpp:168) [1404]  (8.419 ns)

 <State 44>: 6.864ns
The critical path consists of the following:
	'fadd' operation 32 bit ('add1', top_cmplx.cpp:172) [1367]  (6.437 ns)
	'store' operation 0 bit ('store_ln172', top_cmplx.cpp:172) of variable 'add1', top_cmplx.cpp:172 on local variable 'mux_case_04803848_out' [1515]  (0.427 ns)

 <State 45>: 8.419ns
The critical path consists of the following:
	'fmul' operation 32 bit ('mul_i2', top_cmplx.cpp:41->top_cmplx.cpp:146) [791]  (8.419 ns)

 <State 46>: 8.419ns
The critical path consists of the following:
	'fmul' operation 32 bit ('mul_i2', top_cmplx.cpp:41->top_cmplx.cpp:146) [791]  (8.419 ns)

 <State 47>: 6.864ns
The critical path consists of the following:
	'fadd' operation 32 bit ('add166_3', top_cmplx.cpp:172) [1415]  (6.437 ns)
	'store' operation 0 bit ('store_ln172', top_cmplx.cpp:172) of variable 'add166_3', top_cmplx.cpp:172 on local variable 'mux_case_34883906_out' [1438]  (0.427 ns)

 <State 48>: 6.437ns
The critical path consists of the following:
	'fsub' operation 32 bit ('R.real', top_cmplx.cpp:41->top_cmplx.cpp:146) [793]  (6.437 ns)

 <State 49>: 6.437ns
The critical path consists of the following:
	'fsub' operation 32 bit ('R.real', top_cmplx.cpp:41->top_cmplx.cpp:146) [793]  (6.437 ns)

 <State 50>: 7.599ns
The critical path consists of the following:
	'fsub' operation 32 bit ('R.real', top_cmplx.cpp:41->top_cmplx.cpp:146) [793]  (6.437 ns)
	multiplexor before 'phi' operation 32 bit ('R.real') with incoming values : ('mux_case_3114_load') ('R.real', top_cmplx.cpp:41->top_cmplx.cpp:146) ('R.real', top_cmplx.cpp:45->top_cmplx.cpp:146) [838]  (0.735 ns)
	multiplexor before 'phi' operation 32 bit ('R.real') with incoming values : ('mux_case_3114_load') ('R.real', top_cmplx.cpp:41->top_cmplx.cpp:146) ('R.real', top_cmplx.cpp:45->top_cmplx.cpp:146) [838]  (0.427 ns)

 <State 51>: 3.445ns
The critical path consists of the following:
	'phi' operation 32 bit ('R.real') with incoming values : ('mux_case_3114_load') ('R.real', top_cmplx.cpp:41->top_cmplx.cpp:146) ('R.real', top_cmplx.cpp:45->top_cmplx.cpp:146) [838]  (0.000 ns)
	multiplexor before 'phi' operation 32 bit ('R.real') with incoming values : ('mux_case_3173_load') ('R.real', top_cmplx.cpp:45->top_cmplx.cpp:146) [894]  (0.735 ns)
	multiplexor before 'phi' operation 32 bit ('R.real') with incoming values : ('mux_case_2104_load') ('R.real', top_cmplx.cpp:41->top_cmplx.cpp:146) ('R.real', top_cmplx.cpp:45->top_cmplx.cpp:146) [904]  (0.427 ns)
	'phi' operation 32 bit ('R.real') with incoming values : ('mux_case_2104_load') ('R.real', top_cmplx.cpp:41->top_cmplx.cpp:146) ('R.real', top_cmplx.cpp:45->top_cmplx.cpp:146) [904]  (0.000 ns)
	multiplexor before 'phi' operation 32 bit ('R.imag') with incoming values : ('mux_case_3202_load') ('R.imag', top_cmplx.cpp:46->top_cmplx.cpp:146) [1009]  (0.735 ns)
	multiplexor before 'phi' operation 32 bit ('mux_case_31027', top_cmplx.cpp:41->top_cmplx.cpp:146) with incoming values : ('mux_case_395_load') ('R.real', top_cmplx.cpp:41->top_cmplx.cpp:146) ('R.real', top_cmplx.cpp:45->top_cmplx.cpp:146) [1045]  (0.476 ns)
	'phi' operation 32 bit ('mux_case_31027', top_cmplx.cpp:41->top_cmplx.cpp:146) with incoming values : ('mux_case_395_load') ('R.real', top_cmplx.cpp:41->top_cmplx.cpp:146) ('R.real', top_cmplx.cpp:45->top_cmplx.cpp:146) [1045]  (0.000 ns)
	'select' operation 32 bit ('select_ln34_1', top_cmplx.cpp:34->top_cmplx.cpp:146) [1055]  (0.449 ns)
	'sparsemux' operation 32 bit ('ai_r', top_cmplx.cpp:34->top_cmplx.cpp:146) [1060]  (0.623 ns)

 <State 52>: 8.419ns
The critical path consists of the following:
	'fmul' operation 32 bit ('mul_i3', top_cmplx.cpp:41->top_cmplx.cpp:146) [1072]  (8.419 ns)

 <State 53>: 8.419ns
The critical path consists of the following:
	'fmul' operation 32 bit ('mul_i3', top_cmplx.cpp:41->top_cmplx.cpp:146) [1072]  (8.419 ns)

 <State 54>: 6.437ns
The critical path consists of the following:
	'fsub' operation 32 bit ('R.real', top_cmplx.cpp:41->top_cmplx.cpp:146) [1074]  (6.437 ns)

 <State 55>: 6.437ns
The critical path consists of the following:
	'fsub' operation 32 bit ('R.real', top_cmplx.cpp:41->top_cmplx.cpp:146) [1074]  (6.437 ns)

 <State 56>: 6.437ns
The critical path consists of the following:
	'fsub' operation 32 bit ('R.real', top_cmplx.cpp:41->top_cmplx.cpp:146) [1074]  (6.437 ns)

 <State 57>: 8.434ns
The critical path consists of the following:
	'fsub' operation 32 bit ('R.real', top_cmplx.cpp:41->top_cmplx.cpp:146) [1074]  (6.437 ns)
	'select' operation 32 bit ('select_ln41_8', top_cmplx.cpp:41->top_cmplx.cpp:146) [1089]  (0.000 ns)
	'select' operation 32 bit ('select_ln41_16', top_cmplx.cpp:41->top_cmplx.cpp:146) [1106]  (0.449 ns)
	'select' operation 32 bit ('select_ln45_18', top_cmplx.cpp:45->top_cmplx.cpp:146) [1136]  (0.449 ns)
	multiplexor before 'phi' operation 32 bit ('mux_case_31012', top_cmplx.cpp:45->top_cmplx.cpp:146) with incoming values : ('mux_case_3114_load') ('R.real', top_cmplx.cpp:41->top_cmplx.cpp:146) ('R.real', top_cmplx.cpp:45->top_cmplx.cpp:146) ('select_ln45_14', top_cmplx.cpp:45->top_cmplx.cpp:146) [1211]  (0.476 ns)
	'phi' operation 32 bit ('mux_case_31012', top_cmplx.cpp:45->top_cmplx.cpp:146) with incoming values : ('mux_case_3114_load') ('R.real', top_cmplx.cpp:41->top_cmplx.cpp:146) ('R.real', top_cmplx.cpp:45->top_cmplx.cpp:146) ('select_ln45_14', top_cmplx.cpp:45->top_cmplx.cpp:146) [1211]  (0.000 ns)
	'sparsemux' operation 32 bit ('ai_r', top_cmplx.cpp:34->top_cmplx.cpp:146) [1225]  (0.623 ns)

 <State 58>: 8.419ns
The critical path consists of the following:
	'fmul' operation 32 bit ('mul_i4', top_cmplx.cpp:41->top_cmplx.cpp:146) [1229]  (8.419 ns)

 <State 59>: 8.419ns
The critical path consists of the following:
	'fmul' operation 32 bit ('mul_i4', top_cmplx.cpp:41->top_cmplx.cpp:146) [1229]  (8.419 ns)

 <State 60>: 6.437ns
The critical path consists of the following:
	'fsub' operation 32 bit ('R.real', top_cmplx.cpp:41->top_cmplx.cpp:146) [1231]  (6.437 ns)

 <State 61>: 6.437ns
The critical path consists of the following:
	'fsub' operation 32 bit ('R.real', top_cmplx.cpp:41->top_cmplx.cpp:146) [1231]  (6.437 ns)

 <State 62>: 6.437ns
The critical path consists of the following:
	'fsub' operation 32 bit ('R.real', top_cmplx.cpp:41->top_cmplx.cpp:146) [1231]  (6.437 ns)

 <State 63>: 8.527ns
The critical path consists of the following:
	'fsub' operation 32 bit ('R.real', top_cmplx.cpp:41->top_cmplx.cpp:146) [1231]  (6.437 ns)
	'select' operation 32 bit ('R.real', top_cmplx.cpp:41->top_cmplx.cpp:146) [1247]  (0.000 ns)
	'select' operation 32 bit ('R.real', top_cmplx.cpp:45->top_cmplx.cpp:146) [1256]  (0.449 ns)
	multiplexor before 'phi' operation 32 bit ('R.imag') with incoming values : ('mux_case_3202_load') ('R.imag', top_cmplx.cpp:46->top_cmplx.cpp:146) ('select_ln46', top_cmplx.cpp:46->top_cmplx.cpp:146) [1282]  (0.738 ns)
	multiplexor before 'phi' operation 32 bit ('R.imag') with incoming values : ('mux_case_3118_load') ('R.imag', top_cmplx.cpp:42->top_cmplx.cpp:146) ('select_ln42_22', top_cmplx.cpp:42->top_cmplx.cpp:146) [1289]  (0.476 ns)
	'phi' operation 32 bit ('R.imag') with incoming values : ('mux_case_3118_load') ('R.imag', top_cmplx.cpp:42->top_cmplx.cpp:146) ('select_ln42_22', top_cmplx.cpp:42->top_cmplx.cpp:146) [1289]  (0.000 ns)
	'store' operation 0 bit ('store_ln42', top_cmplx.cpp:42->top_cmplx.cpp:146) of variable 'R.imag' on local variable 'mux_case_3118' [1938]  (0.427 ns)

 <State 64>: 0.854ns
The critical path consists of the following:
	'phi' operation 32 bit ('R.imag') with incoming values : ('mux_case_3202_load') ('R.imag', top_cmplx.cpp:46->top_cmplx.cpp:146) ('select_ln46', top_cmplx.cpp:46->top_cmplx.cpp:146) [1282]  (0.000 ns)
	multiplexor before 'phi' operation 32 bit ('mux_case_32023507628865826953741078278392', top_cmplx.cpp:46->top_cmplx.cpp:146) with incoming values : ('mux_case_3202_load') ('R.imag', top_cmplx.cpp:46->top_cmplx.cpp:146) ('select_ln46', top_cmplx.cpp:46->top_cmplx.cpp:146) [1886]  (0.427 ns)
	'phi' operation 32 bit ('mux_case_32023507628865826953741078278392', top_cmplx.cpp:46->top_cmplx.cpp:146) with incoming values : ('mux_case_3202_load') ('R.imag', top_cmplx.cpp:46->top_cmplx.cpp:146) ('select_ln46', top_cmplx.cpp:46->top_cmplx.cpp:146) [1886]  (0.000 ns)
	'store' operation 0 bit ('store_ln46', top_cmplx.cpp:46->top_cmplx.cpp:146) of variable 'mux_case_32023507628865826953741078278392', top_cmplx.cpp:46->top_cmplx.cpp:146 on local variable 'mux_case_3202' [1910]  (0.427 ns)


============================================================
+ Verbose Summary: Binding
============================================================
N/A
* FSMD analyzer results:
  - Output states:
 - Input state : 
  - Chain level:
	State 1
	State 2
	State 3
	State 4
	State 5
	State 6
	State 7
	State 8
	State 9
	State 10
	State 11
	State 12
	State 13
	State 14
	State 15
	State 16
	State 17
	State 18
	State 19
	State 20
	State 21
	State 22
	State 23
	State 24
	State 25
	State 26
	State 27
	State 28
	State 29
	State 30
	State 31
	State 32
	State 33
	State 34
	State 35
	State 36
	State 37
	State 38
	State 39
	State 40
	State 41
	State 42
	State 43
	State 44
	State 45
	State 46
	State 47
	State 48
	State 49
	State 50
	State 51
	State 52
	State 53
	State 54
	State 55
	State 56
	State 57
	State 58
	State 59
	State 60
	State 61
	State 62
	State 63
	State 64


============================================================
+ Verbose Summary: Datapath Resource usage 
============================================================
N/A
