

================================================================
== Vitis HLS Report for 'top_Pipeline_VITIS_LOOP_181_6_VITIS_LOOP_183_7'
================================================================
* Date:           Thu Mar  5 00:42:51 2026

* Version:        2023.2 (Build 4023990 on Oct 11 2023)
* Project:        CGR_QR_WBS
* Solution:       solution1 (Vivado IP Flow Target)
* Product family: zynquplus
* Target device:  xczu7ev-ffvc1156-2-e


================================================================
== Performance Estimates
================================================================
+ Timing: 
    * Summary: 
    +--------+----------+----------+------------+
    |  Clock |  Target  | Estimated| Uncertainty|
    +--------+----------+----------+------------+
    |ap_clk  |  10.00 ns|  3.182 ns|     1.25 ns|
    +--------+----------+----------+------------+

+ Latency: 
    * Summary: 
    +---------+---------+----------+----------+-----+-----+---------+
    |  Latency (cycles) |  Latency (absolute) |  Interval | Pipeline|
    |   min   |   max   |    min   |    max   | min | max |   Type  |
    +---------+---------+----------+----------+-----+-----+---------+
    |       30|       30|  0.300 us|  0.300 us|   30|   30|       no|
    +---------+---------+----------+----------+-----+-----+---------+

    + Detail: 
        * Instance: 
        N/A

        * Loop: 
        +-------------------------------------+---------+---------+----------+-----------+-----------+------+----------+
        |                                     |  Latency (cycles) | Iteration|  Initiation Interval  | Trip |          |
        |              Loop Name              |   min   |   max   |  Latency |  achieved |   target  | Count| Pipelined|
        +-------------------------------------+---------+---------+----------+-----------+-----------+------+----------+
        |- VITIS_LOOP_181_6_VITIS_LOOP_183_7  |       28|       28|         1|          1|          1|    28|       yes|
        +-------------------------------------+---------+---------+----------+-----------+-----------+------+----------+



================================================================
== Utilization Estimates
================================================================
* Summary: 
+-----------------+---------+------+--------+--------+-----+
|       Name      | BRAM_18K|  DSP |   FF   |   LUT  | URAM|
+-----------------+---------+------+--------+--------+-----+
|DSP              |        -|     -|       -|       -|    -|
|Expression       |        -|     -|       0|      62|    -|
|FIFO             |        -|     -|       -|       -|    -|
|Instance         |        -|     -|       0|     354|    -|
|Memory           |        -|     -|       -|       -|    -|
|Multiplexer      |        -|     -|       -|      63|    -|
|Register         |        -|     -|      13|       -|    -|
+-----------------+---------+------+--------+--------+-----+
|Total            |        0|     0|      13|     479|    0|
+-----------------+---------+------+--------+--------+-----+
|Available        |      624|  1728|  460800|  230400|   96|
+-----------------+---------+------+--------+--------+-----+
|Utilization (%)  |        0|     0|      ~0|      ~0|    0|
+-----------------+---------+------+--------+--------+-----+

+ Detail: 
    * Instance: 
    +----------------------------+-----------------------+---------+----+---+----+-----+
    |          Instance          |         Module        | BRAM_18K| DSP| FF| LUT| URAM|
    +----------------------------+-----------------------+---------+----+---+----+-----+
    |sparsemux_15_3_32_1_1_U335  |sparsemux_15_3_32_1_1  |        0|   0|  0|  37|    0|
    |sparsemux_15_3_32_1_1_U343  |sparsemux_15_3_32_1_1  |        0|   0|  0|  37|    0|
    |sparsemux_9_2_32_1_1_U328   |sparsemux_9_2_32_1_1   |        0|   0|  0|  20|    0|
    |sparsemux_9_2_32_1_1_U329   |sparsemux_9_2_32_1_1   |        0|   0|  0|  20|    0|
    |sparsemux_9_2_32_1_1_U330   |sparsemux_9_2_32_1_1   |        0|   0|  0|  20|    0|
    |sparsemux_9_2_32_1_1_U331   |sparsemux_9_2_32_1_1   |        0|   0|  0|  20|    0|
    |sparsemux_9_2_32_1_1_U332   |sparsemux_9_2_32_1_1   |        0|   0|  0|  20|    0|
    |sparsemux_9_2_32_1_1_U333   |sparsemux_9_2_32_1_1   |        0|   0|  0|  20|    0|
    |sparsemux_9_2_32_1_1_U334   |sparsemux_9_2_32_1_1   |        0|   0|  0|  20|    0|
    |sparsemux_9_2_32_1_1_U336   |sparsemux_9_2_32_1_1   |        0|   0|  0|  20|    0|
    |sparsemux_9_2_32_1_1_U337   |sparsemux_9_2_32_1_1   |        0|   0|  0|  20|    0|
    |sparsemux_9_2_32_1_1_U338   |sparsemux_9_2_32_1_1   |        0|   0|  0|  20|    0|
    |sparsemux_9_2_32_1_1_U339   |sparsemux_9_2_32_1_1   |        0|   0|  0|  20|    0|
    |sparsemux_9_2_32_1_1_U340   |sparsemux_9_2_32_1_1   |        0|   0|  0|  20|    0|
    |sparsemux_9_2_32_1_1_U341   |sparsemux_9_2_32_1_1   |        0|   0|  0|  20|    0|
    |sparsemux_9_2_32_1_1_U342   |sparsemux_9_2_32_1_1   |        0|   0|  0|  20|    0|
    +----------------------------+-----------------------+---------+----+---+----+-----+
    |Total                       |                       |        0|   0|  0| 354|    0|
    +----------------------------+-----------------------+---------+----+---+----+-----+

    * DSP: 
    N/A

    * Memory: 
    N/A

    * FIFO: 
    N/A

    * Expression: 
    +--------------------------+----------+----+---+----+------------+------------+
    |       Variable Name      | Operation| DSP| FF| LUT| Bitwidth P0| Bitwidth P1|
    +--------------------------+----------+----+---+----+------------+------------+
    |add_ln181_1_fu_686_p2     |         +|   0|  0|  10|           3|           1|
    |add_ln181_fu_660_p2       |         +|   0|  0|  12|           5|           1|
    |add_ln183_fu_1132_p2      |         +|   0|  0|  10|           3|           1|
    |icmp_ln181_fu_654_p2      |      icmp|   0|  0|  12|           5|           4|
    |icmp_ln183_fu_672_p2      |      icmp|   0|  0|  12|           3|           4|
    |select_ln181_1_fu_692_p3  |    select|   0|  0|   3|           1|           3|
    |select_ln181_fu_678_p3    |    select|   0|  0|   3|           1|           1|
    +--------------------------+----------+----+---+----+------------+------------+
    |Total                     |          |   0|  0|  62|          21|          15|
    +--------------------------+----------+----+---+----+------------+------------+

    * Multiplexer: 
    +----------------------------------------+----+-----------+-----+-----------+
    |                  Name                  | LUT| Input Size| Bits| Total Bits|
    +----------------------------------------+----+-----------+-----+-----------+
    |ap_done_int                             |   9|          2|    1|          2|
    |ap_sig_allocacmp_i_load                 |   9|          2|    3|          6|
    |ap_sig_allocacmp_indvar_flatten40_load  |   9|          2|    5|         10|
    |ap_sig_allocacmp_j_load                 |   9|          2|    3|          6|
    |i_fu_188                                |   9|          2|    3|          6|
    |indvar_flatten40_fu_192                 |   9|          2|    5|         10|
    |j_fu_184                                |   9|          2|    3|          6|
    +----------------------------------------+----+-----------+-----+-----------+
    |Total                                   |  63|         14|   23|         46|
    +----------------------------------------+----+-----------+-----+-----------+

    * Register: 
    +-------------------------+---+----+-----+-----------+
    |           Name          | FF| LUT| Bits| Const Bits|
    +-------------------------+---+----+-----+-----------+
    |ap_CS_fsm                |  1|   0|    1|          0|
    |ap_done_reg              |  1|   0|    1|          0|
    |i_fu_188                 |  3|   0|    3|          0|
    |indvar_flatten40_fu_192  |  5|   0|    5|          0|
    |j_fu_184                 |  3|   0|    3|          0|
    +-------------------------+---+----+-----+-----------+
    |Total                    | 13|   0|   13|          0|
    +-------------------------+---+----+-----+-----------+



================================================================
== Interface
================================================================
* Summary: 
+-----------------------+-----+-----+------------+------------------------------------------------+--------------+
|       RTL Ports       | Dir | Bits|  Protocol  |                  Source Object                 |    C Type    |
+-----------------------+-----+-----+------------+------------------------------------------------+--------------+
|ap_clk                 |   in|    1|  ap_ctrl_hs|  top_Pipeline_VITIS_LOOP_181_6_VITIS_LOOP_183_7|  return value|
|ap_rst                 |   in|    1|  ap_ctrl_hs|  top_Pipeline_VITIS_LOOP_181_6_VITIS_LOOP_183_7|  return value|
|ap_start               |   in|    1|  ap_ctrl_hs|  top_Pipeline_VITIS_LOOP_181_6_VITIS_LOOP_183_7|  return value|
|ap_done                |  out|    1|  ap_ctrl_hs|  top_Pipeline_VITIS_LOOP_181_6_VITIS_LOOP_183_7|  return value|
|ap_idle                |  out|    1|  ap_ctrl_hs|  top_Pipeline_VITIS_LOOP_181_6_VITIS_LOOP_183_7|  return value|
|ap_ready               |  out|    1|  ap_ctrl_hs|  top_Pipeline_VITIS_LOOP_181_6_VITIS_LOOP_183_7|  return value|
|Q_out_real_address0    |  out|    3|   ap_memory|                                      Q_out_real|         array|
|Q_out_real_ce0         |  out|    1|   ap_memory|                                      Q_out_real|         array|
|Q_out_real_we0         |  out|    1|   ap_memory|                                      Q_out_real|         array|
|Q_out_real_d0          |  out|   32|   ap_memory|                                      Q_out_real|         array|
|Q_out_real_1_address0  |  out|    3|   ap_memory|                                    Q_out_real_1|         array|
|Q_out_real_1_ce0       |  out|    1|   ap_memory|                                    Q_out_real_1|         array|
|Q_out_real_1_we0       |  out|    1|   ap_memory|                                    Q_out_real_1|         array|
|Q_out_real_1_d0        |  out|   32|   ap_memory|                                    Q_out_real_1|         array|
|Q_out_real_2_address0  |  out|    3|   ap_memory|                                    Q_out_real_2|         array|
|Q_out_real_2_ce0       |  out|    1|   ap_memory|                                    Q_out_real_2|         array|
|Q_out_real_2_we0       |  out|    1|   ap_memory|                                    Q_out_real_2|         array|
|Q_out_real_2_d0        |  out|   32|   ap_memory|                                    Q_out_real_2|         array|
|Q_out_real_3_address0  |  out|    3|   ap_memory|                                    Q_out_real_3|         array|
|Q_out_real_3_ce0       |  out|    1|   ap_memory|                                    Q_out_real_3|         array|
|Q_out_real_3_we0       |  out|    1|   ap_memory|                                    Q_out_real_3|         array|
|Q_out_real_3_d0        |  out|   32|   ap_memory|                                    Q_out_real_3|         array|
|Q_out_imag_address0    |  out|    3|   ap_memory|                                      Q_out_imag|         array|
|Q_out_imag_ce0         |  out|    1|   ap_memory|                                      Q_out_imag|         array|
|Q_out_imag_we0         |  out|    1|   ap_memory|                                      Q_out_imag|         array|
|Q_out_imag_d0          |  out|   32|   ap_memory|                                      Q_out_imag|         array|
|Q_out_imag_1_address0  |  out|    3|   ap_memory|                                    Q_out_imag_1|         array|
|Q_out_imag_1_ce0       |  out|    1|   ap_memory|                                    Q_out_imag_1|         array|
|Q_out_imag_1_we0       |  out|    1|   ap_memory|                                    Q_out_imag_1|         array|
|Q_out_imag_1_d0        |  out|   32|   ap_memory|                                    Q_out_imag_1|         array|
|Q_out_imag_2_address0  |  out|    3|   ap_memory|                                    Q_out_imag_2|         array|
|Q_out_imag_2_ce0       |  out|    1|   ap_memory|                                    Q_out_imag_2|         array|
|Q_out_imag_2_we0       |  out|    1|   ap_memory|                                    Q_out_imag_2|         array|
|Q_out_imag_2_d0        |  out|   32|   ap_memory|                                    Q_out_imag_2|         array|
|Q_out_imag_3_address0  |  out|    3|   ap_memory|                                    Q_out_imag_3|         array|
|Q_out_imag_3_ce0       |  out|    1|   ap_memory|                                    Q_out_imag_3|         array|
|Q_out_imag_3_we0       |  out|    1|   ap_memory|                                    Q_out_imag_3|         array|
|Q_out_imag_3_d0        |  out|   32|   ap_memory|                                    Q_out_imag_3|         array|
|mux_case_04303519      |   in|   32|     ap_none|                               mux_case_04303519|        scalar|
|mux_case_14313528      |   in|   32|     ap_none|                               mux_case_14313528|        scalar|
|mux_case_24323536      |   in|   32|     ap_none|                               mux_case_24323536|        scalar|
|mux_case_34333544      |   in|   32|     ap_none|                               mux_case_34333544|        scalar|
|mux_case_04353552      |   in|   32|     ap_none|                               mux_case_04353552|        scalar|
|mux_case_14363560      |   in|   32|     ap_none|                               mux_case_14363560|        scalar|
|mux_case_24373569      |   in|   32|     ap_none|                               mux_case_24373569|        scalar|
|mux_case_34383577      |   in|   32|     ap_none|                               mux_case_34383577|        scalar|
|mux_case_04403585      |   in|   32|     ap_none|                               mux_case_04403585|        scalar|
|mux_case_14413593      |   in|   32|     ap_none|                               mux_case_14413593|        scalar|
|mux_case_24423601      |   in|   32|     ap_none|                               mux_case_24423601|        scalar|
|mux_case_34433610      |   in|   32|     ap_none|                               mux_case_34433610|        scalar|
|mux_case_04453618      |   in|   32|     ap_none|                               mux_case_04453618|        scalar|
|mux_case_14463626      |   in|   32|     ap_none|                               mux_case_14463626|        scalar|
|mux_case_24473634      |   in|   32|     ap_none|                               mux_case_24473634|        scalar|
|mux_case_34483642      |   in|   32|     ap_none|                               mux_case_34483642|        scalar|
|mux_case_04503651      |   in|   32|     ap_none|                               mux_case_04503651|        scalar|
|mux_case_14513660      |   in|   32|     ap_none|                               mux_case_14513660|        scalar|
|mux_case_24523668      |   in|   32|     ap_none|                               mux_case_24523668|        scalar|
|mux_case_34533676      |   in|   32|     ap_none|                               mux_case_34533676|        scalar|
|mux_case_04553684      |   in|   32|     ap_none|                               mux_case_04553684|        scalar|
|mux_case_14563692      |   in|   32|     ap_none|                               mux_case_14563692|        scalar|
|mux_case_24573701      |   in|   32|     ap_none|                               mux_case_24573701|        scalar|
|mux_case_34583709      |   in|   32|     ap_none|                               mux_case_34583709|        scalar|
|mux_case_05153915      |   in|   32|     ap_none|                               mux_case_05153915|        scalar|
|mux_case_15163923      |   in|   32|     ap_none|                               mux_case_15163923|        scalar|
|mux_case_25173931      |   in|   32|     ap_none|                               mux_case_25173931|        scalar|
|mux_case_35183940      |   in|   32|     ap_none|                               mux_case_35183940|        scalar|
|mux_case_04603717      |   in|   32|     ap_none|                               mux_case_04603717|        scalar|
|mux_case_14613726      |   in|   32|     ap_none|                               mux_case_14613726|        scalar|
|mux_case_24623734      |   in|   32|     ap_none|                               mux_case_24623734|        scalar|
|mux_case_34633742      |   in|   32|     ap_none|                               mux_case_34633742|        scalar|
|mux_case_04653750      |   in|   32|     ap_none|                               mux_case_04653750|        scalar|
|mux_case_14663758      |   in|   32|     ap_none|                               mux_case_14663758|        scalar|
|mux_case_24673767      |   in|   32|     ap_none|                               mux_case_24673767|        scalar|
|mux_case_34683775      |   in|   32|     ap_none|                               mux_case_34683775|        scalar|
|mux_case_04703783      |   in|   32|     ap_none|                               mux_case_04703783|        scalar|
|mux_case_14713791      |   in|   32|     ap_none|                               mux_case_14713791|        scalar|
|mux_case_24723799      |   in|   32|     ap_none|                               mux_case_24723799|        scalar|
|mux_case_34733808      |   in|   32|     ap_none|                               mux_case_34733808|        scalar|
|mux_case_04753816      |   in|   32|     ap_none|                               mux_case_04753816|        scalar|
|mux_case_14763824      |   in|   32|     ap_none|                               mux_case_14763824|        scalar|
|mux_case_24773832      |   in|   32|     ap_none|                               mux_case_24773832|        scalar|
|mux_case_34783840      |   in|   32|     ap_none|                               mux_case_34783840|        scalar|
|mux_case_04803849      |   in|   32|     ap_none|                               mux_case_04803849|        scalar|
|mux_case_14813858      |   in|   32|     ap_none|                               mux_case_14813858|        scalar|
|mux_case_24823866      |   in|   32|     ap_none|                               mux_case_24823866|        scalar|
|mux_case_34833874      |   in|   32|     ap_none|                               mux_case_34833874|        scalar|
|mux_case_04853882      |   in|   32|     ap_none|                               mux_case_04853882|        scalar|
|mux_case_14863890      |   in|   32|     ap_none|                               mux_case_14863890|        scalar|
|mux_case_24873899      |   in|   32|     ap_none|                               mux_case_24873899|        scalar|
|mux_case_34883907      |   in|   32|     ap_none|                               mux_case_34883907|        scalar|
|mux_case_05453948      |   in|   32|     ap_none|                               mux_case_05453948|        scalar|
|mux_case_15463956      |   in|   32|     ap_none|                               mux_case_15463956|        scalar|
|mux_case_25473964      |   in|   32|     ap_none|                               mux_case_25473964|        scalar|
|mux_case_35483973      |   in|   32|     ap_none|                               mux_case_35483973|        scalar|
+-----------------------+-----+-----+------------+------------------------------------------------+--------------+

============================================================
+ Verbose Summary: Synthesis Manager
============================================================
InlineROM: 1
ExposeGlobal: 0
============================================================
+ Verbose Summary: CDFG Model
============================================================
IsTopModel: 0
ResetActiveHigh: 1
IsCombinational: 2
IsDatapathOnly: 2
HasWiredReturn: 1
HasMFsm: 2
HasVarLatency: 1
IsPipeline: 0
IsRtlPipelined: 0
IsInstanceOverlapped: 0
IsDontTouch: 0
HasImplIP: 0
IsGatedGlobalClock: 0

+ Individual pipeline summary: 
  * Pipeline-0: initiation interval (II) = 1, depth = 1


============================================================
+ Verbose Summary: Schedule
============================================================
* Number of FSM states : 1
* Pipeline : 1
  Pipeline-0 : II = 1, D = 1, States = { 1 }
* Dataflow Pipeline: 0

* FSM state transitions: 
1 --> 

* FSM state operations: 

State 1 <SV = 0> <Delay = 3.18>
ST_1 : Operation 4 [1/1] (0.00ns)   --->   "%j = alloca i32 1" [top_cmplx.cpp:183]   --->   Operation 4 'alloca' 'j' <Predicate = true> <Delay = 0.00>
ST_1 : Operation 5 [1/1] (0.00ns)   --->   "%i = alloca i32 1" [top_cmplx.cpp:181]   --->   Operation 5 'alloca' 'i' <Predicate = true> <Delay = 0.00>
ST_1 : Operation 6 [1/1] (0.00ns)   --->   "%indvar_flatten40 = alloca i32 1"   --->   Operation 6 'alloca' 'indvar_flatten40' <Predicate = true> <Delay = 0.00>
ST_1 : Operation 7 [1/1] (0.00ns)   --->   "%mux_case_35483973_read = read i32 @_ssdm_op_Read.ap_auto.float, i32 %mux_case_35483973"   --->   Operation 7 'read' 'mux_case_35483973_read' <Predicate = true> <Delay = 0.00>
ST_1 : Operation 8 [1/1] (0.00ns)   --->   "%mux_case_25473964_read = read i32 @_ssdm_op_Read.ap_auto.float, i32 %mux_case_25473964"   --->   Operation 8 'read' 'mux_case_25473964_read' <Predicate = true> <Delay = 0.00>
ST_1 : Operation 9 [1/1] (0.00ns)   --->   "%mux_case_15463956_read = read i32 @_ssdm_op_Read.ap_auto.float, i32 %mux_case_15463956"   --->   Operation 9 'read' 'mux_case_15463956_read' <Predicate = true> <Delay = 0.00>
ST_1 : Operation 10 [1/1] (0.00ns)   --->   "%mux_case_05453948_read = read i32 @_ssdm_op_Read.ap_auto.float, i32 %mux_case_05453948"   --->   Operation 10 'read' 'mux_case_05453948_read' <Predicate = true> <Delay = 0.00>
ST_1 : Operation 11 [1/1] (0.00ns)   --->   "%mux_case_34883907_read = read i32 @_ssdm_op_Read.ap_auto.float, i32 %mux_case_34883907"   --->   Operation 11 'read' 'mux_case_34883907_read' <Predicate = true> <Delay = 0.00>
ST_1 : Operation 12 [1/1] (0.00ns)   --->   "%mux_case_24873899_read = read i32 @_ssdm_op_Read.ap_auto.float, i32 %mux_case_24873899"   --->   Operation 12 'read' 'mux_case_24873899_read' <Predicate = true> <Delay = 0.00>
ST_1 : Operation 13 [1/1] (0.00ns)   --->   "%mux_case_14863890_read = read i32 @_ssdm_op_Read.ap_auto.float, i32 %mux_case_14863890"   --->   Operation 13 'read' 'mux_case_14863890_read' <Predicate = true> <Delay = 0.00>
ST_1 : Operation 14 [1/1] (0.00ns)   --->   "%mux_case_04853882_read = read i32 @_ssdm_op_Read.ap_auto.float, i32 %mux_case_04853882"   --->   Operation 14 'read' 'mux_case_04853882_read' <Predicate = true> <Delay = 0.00>
ST_1 : Operation 15 [1/1] (0.00ns)   --->   "%mux_case_34833874_read = read i32 @_ssdm_op_Read.ap_auto.float, i32 %mux_case_34833874"   --->   Operation 15 'read' 'mux_case_34833874_read' <Predicate = true> <Delay = 0.00>
ST_1 : Operation 16 [1/1] (0.00ns)   --->   "%mux_case_24823866_read = read i32 @_ssdm_op_Read.ap_auto.float, i32 %mux_case_24823866"   --->   Operation 16 'read' 'mux_case_24823866_read' <Predicate = true> <Delay = 0.00>
ST_1 : Operation 17 [1/1] (0.00ns)   --->   "%mux_case_14813858_read = read i32 @_ssdm_op_Read.ap_auto.float, i32 %mux_case_14813858"   --->   Operation 17 'read' 'mux_case_14813858_read' <Predicate = true> <Delay = 0.00>
ST_1 : Operation 18 [1/1] (0.00ns)   --->   "%mux_case_04803849_read = read i32 @_ssdm_op_Read.ap_auto.float, i32 %mux_case_04803849"   --->   Operation 18 'read' 'mux_case_04803849_read' <Predicate = true> <Delay = 0.00>
ST_1 : Operation 19 [1/1] (0.00ns)   --->   "%mux_case_34783840_read = read i32 @_ssdm_op_Read.ap_auto.float, i32 %mux_case_34783840"   --->   Operation 19 'read' 'mux_case_34783840_read' <Predicate = true> <Delay = 0.00>
ST_1 : Operation 20 [1/1] (0.00ns)   --->   "%mux_case_24773832_read = read i32 @_ssdm_op_Read.ap_auto.float, i32 %mux_case_24773832"   --->   Operation 20 'read' 'mux_case_24773832_read' <Predicate = true> <Delay = 0.00>
ST_1 : Operation 21 [1/1] (0.00ns)   --->   "%mux_case_14763824_read = read i32 @_ssdm_op_Read.ap_auto.float, i32 %mux_case_14763824"   --->   Operation 21 'read' 'mux_case_14763824_read' <Predicate = true> <Delay = 0.00>
ST_1 : Operation 22 [1/1] (0.00ns)   --->   "%mux_case_04753816_read = read i32 @_ssdm_op_Read.ap_auto.float, i32 %mux_case_04753816"   --->   Operation 22 'read' 'mux_case_04753816_read' <Predicate = true> <Delay = 0.00>
ST_1 : Operation 23 [1/1] (0.00ns)   --->   "%mux_case_34733808_read = read i32 @_ssdm_op_Read.ap_auto.float, i32 %mux_case_34733808"   --->   Operation 23 'read' 'mux_case_34733808_read' <Predicate = true> <Delay = 0.00>
ST_1 : Operation 24 [1/1] (0.00ns)   --->   "%mux_case_24723799_read = read i32 @_ssdm_op_Read.ap_auto.float, i32 %mux_case_24723799"   --->   Operation 24 'read' 'mux_case_24723799_read' <Predicate = true> <Delay = 0.00>
ST_1 : Operation 25 [1/1] (0.00ns)   --->   "%mux_case_14713791_read = read i32 @_ssdm_op_Read.ap_auto.float, i32 %mux_case_14713791"   --->   Operation 25 'read' 'mux_case_14713791_read' <Predicate = true> <Delay = 0.00>
ST_1 : Operation 26 [1/1] (0.00ns)   --->   "%mux_case_04703783_read = read i32 @_ssdm_op_Read.ap_auto.float, i32 %mux_case_04703783"   --->   Operation 26 'read' 'mux_case_04703783_read' <Predicate = true> <Delay = 0.00>
ST_1 : Operation 27 [1/1] (0.00ns)   --->   "%mux_case_34683775_read = read i32 @_ssdm_op_Read.ap_auto.float, i32 %mux_case_34683775"   --->   Operation 27 'read' 'mux_case_34683775_read' <Predicate = true> <Delay = 0.00>
ST_1 : Operation 28 [1/1] (0.00ns)   --->   "%mux_case_24673767_read = read i32 @_ssdm_op_Read.ap_auto.float, i32 %mux_case_24673767"   --->   Operation 28 'read' 'mux_case_24673767_read' <Predicate = true> <Delay = 0.00>
ST_1 : Operation 29 [1/1] (0.00ns)   --->   "%mux_case_14663758_read = read i32 @_ssdm_op_Read.ap_auto.float, i32 %mux_case_14663758"   --->   Operation 29 'read' 'mux_case_14663758_read' <Predicate = true> <Delay = 0.00>
ST_1 : Operation 30 [1/1] (0.00ns)   --->   "%mux_case_04653750_read = read i32 @_ssdm_op_Read.ap_auto.float, i32 %mux_case_04653750"   --->   Operation 30 'read' 'mux_case_04653750_read' <Predicate = true> <Delay = 0.00>
ST_1 : Operation 31 [1/1] (0.00ns)   --->   "%mux_case_34633742_read = read i32 @_ssdm_op_Read.ap_auto.float, i32 %mux_case_34633742"   --->   Operation 31 'read' 'mux_case_34633742_read' <Predicate = true> <Delay = 0.00>
ST_1 : Operation 32 [1/1] (0.00ns)   --->   "%mux_case_24623734_read = read i32 @_ssdm_op_Read.ap_auto.float, i32 %mux_case_24623734"   --->   Operation 32 'read' 'mux_case_24623734_read' <Predicate = true> <Delay = 0.00>
ST_1 : Operation 33 [1/1] (0.00ns)   --->   "%mux_case_14613726_read = read i32 @_ssdm_op_Read.ap_auto.float, i32 %mux_case_14613726"   --->   Operation 33 'read' 'mux_case_14613726_read' <Predicate = true> <Delay = 0.00>
ST_1 : Operation 34 [1/1] (0.00ns)   --->   "%mux_case_04603717_read = read i32 @_ssdm_op_Read.ap_auto.float, i32 %mux_case_04603717"   --->   Operation 34 'read' 'mux_case_04603717_read' <Predicate = true> <Delay = 0.00>
ST_1 : Operation 35 [1/1] (0.00ns)   --->   "%mux_case_35183940_read = read i32 @_ssdm_op_Read.ap_auto.float, i32 %mux_case_35183940"   --->   Operation 35 'read' 'mux_case_35183940_read' <Predicate = true> <Delay = 0.00>
ST_1 : Operation 36 [1/1] (0.00ns)   --->   "%mux_case_25173931_read = read i32 @_ssdm_op_Read.ap_auto.float, i32 %mux_case_25173931"   --->   Operation 36 'read' 'mux_case_25173931_read' <Predicate = true> <Delay = 0.00>
ST_1 : Operation 37 [1/1] (0.00ns)   --->   "%mux_case_15163923_read = read i32 @_ssdm_op_Read.ap_auto.float, i32 %mux_case_15163923"   --->   Operation 37 'read' 'mux_case_15163923_read' <Predicate = true> <Delay = 0.00>
ST_1 : Operation 38 [1/1] (0.00ns)   --->   "%mux_case_05153915_read = read i32 @_ssdm_op_Read.ap_auto.float, i32 %mux_case_05153915"   --->   Operation 38 'read' 'mux_case_05153915_read' <Predicate = true> <Delay = 0.00>
ST_1 : Operation 39 [1/1] (0.00ns)   --->   "%mux_case_34583709_read = read i32 @_ssdm_op_Read.ap_auto.float, i32 %mux_case_34583709"   --->   Operation 39 'read' 'mux_case_34583709_read' <Predicate = true> <Delay = 0.00>
ST_1 : Operation 40 [1/1] (0.00ns)   --->   "%mux_case_24573701_read = read i32 @_ssdm_op_Read.ap_auto.float, i32 %mux_case_24573701"   --->   Operation 40 'read' 'mux_case_24573701_read' <Predicate = true> <Delay = 0.00>
ST_1 : Operation 41 [1/1] (0.00ns)   --->   "%mux_case_14563692_read = read i32 @_ssdm_op_Read.ap_auto.float, i32 %mux_case_14563692"   --->   Operation 41 'read' 'mux_case_14563692_read' <Predicate = true> <Delay = 0.00>
ST_1 : Operation 42 [1/1] (0.00ns)   --->   "%mux_case_04553684_read = read i32 @_ssdm_op_Read.ap_auto.float, i32 %mux_case_04553684"   --->   Operation 42 'read' 'mux_case_04553684_read' <Predicate = true> <Delay = 0.00>
ST_1 : Operation 43 [1/1] (0.00ns)   --->   "%mux_case_34533676_read = read i32 @_ssdm_op_Read.ap_auto.float, i32 %mux_case_34533676"   --->   Operation 43 'read' 'mux_case_34533676_read' <Predicate = true> <Delay = 0.00>
ST_1 : Operation 44 [1/1] (0.00ns)   --->   "%mux_case_24523668_read = read i32 @_ssdm_op_Read.ap_auto.float, i32 %mux_case_24523668"   --->   Operation 44 'read' 'mux_case_24523668_read' <Predicate = true> <Delay = 0.00>
ST_1 : Operation 45 [1/1] (0.00ns)   --->   "%mux_case_14513660_read = read i32 @_ssdm_op_Read.ap_auto.float, i32 %mux_case_14513660"   --->   Operation 45 'read' 'mux_case_14513660_read' <Predicate = true> <Delay = 0.00>
ST_1 : Operation 46 [1/1] (0.00ns)   --->   "%mux_case_04503651_read = read i32 @_ssdm_op_Read.ap_auto.float, i32 %mux_case_04503651"   --->   Operation 46 'read' 'mux_case_04503651_read' <Predicate = true> <Delay = 0.00>
ST_1 : Operation 47 [1/1] (0.00ns)   --->   "%mux_case_34483642_read = read i32 @_ssdm_op_Read.ap_auto.float, i32 %mux_case_34483642"   --->   Operation 47 'read' 'mux_case_34483642_read' <Predicate = true> <Delay = 0.00>
ST_1 : Operation 48 [1/1] (0.00ns)   --->   "%mux_case_24473634_read = read i32 @_ssdm_op_Read.ap_auto.float, i32 %mux_case_24473634"   --->   Operation 48 'read' 'mux_case_24473634_read' <Predicate = true> <Delay = 0.00>
ST_1 : Operation 49 [1/1] (0.00ns)   --->   "%mux_case_14463626_read = read i32 @_ssdm_op_Read.ap_auto.float, i32 %mux_case_14463626"   --->   Operation 49 'read' 'mux_case_14463626_read' <Predicate = true> <Delay = 0.00>
ST_1 : Operation 50 [1/1] (0.00ns)   --->   "%mux_case_04453618_read = read i32 @_ssdm_op_Read.ap_auto.float, i32 %mux_case_04453618"   --->   Operation 50 'read' 'mux_case_04453618_read' <Predicate = true> <Delay = 0.00>
ST_1 : Operation 51 [1/1] (0.00ns)   --->   "%mux_case_34433610_read = read i32 @_ssdm_op_Read.ap_auto.float, i32 %mux_case_34433610"   --->   Operation 51 'read' 'mux_case_34433610_read' <Predicate = true> <Delay = 0.00>
ST_1 : Operation 52 [1/1] (0.00ns)   --->   "%mux_case_24423601_read = read i32 @_ssdm_op_Read.ap_auto.float, i32 %mux_case_24423601"   --->   Operation 52 'read' 'mux_case_24423601_read' <Predicate = true> <Delay = 0.00>
ST_1 : Operation 53 [1/1] (0.00ns)   --->   "%mux_case_14413593_read = read i32 @_ssdm_op_Read.ap_auto.float, i32 %mux_case_14413593"   --->   Operation 53 'read' 'mux_case_14413593_read' <Predicate = true> <Delay = 0.00>
ST_1 : Operation 54 [1/1] (0.00ns)   --->   "%mux_case_04403585_read = read i32 @_ssdm_op_Read.ap_auto.float, i32 %mux_case_04403585"   --->   Operation 54 'read' 'mux_case_04403585_read' <Predicate = true> <Delay = 0.00>
ST_1 : Operation 55 [1/1] (0.00ns)   --->   "%mux_case_34383577_read = read i32 @_ssdm_op_Read.ap_auto.float, i32 %mux_case_34383577"   --->   Operation 55 'read' 'mux_case_34383577_read' <Predicate = true> <Delay = 0.00>
ST_1 : Operation 56 [1/1] (0.00ns)   --->   "%mux_case_24373569_read = read i32 @_ssdm_op_Read.ap_auto.float, i32 %mux_case_24373569"   --->   Operation 56 'read' 'mux_case_24373569_read' <Predicate = true> <Delay = 0.00>
ST_1 : Operation 57 [1/1] (0.00ns)   --->   "%mux_case_14363560_read = read i32 @_ssdm_op_Read.ap_auto.float, i32 %mux_case_14363560"   --->   Operation 57 'read' 'mux_case_14363560_read' <Predicate = true> <Delay = 0.00>
ST_1 : Operation 58 [1/1] (0.00ns)   --->   "%mux_case_04353552_read = read i32 @_ssdm_op_Read.ap_auto.float, i32 %mux_case_04353552"   --->   Operation 58 'read' 'mux_case_04353552_read' <Predicate = true> <Delay = 0.00>
ST_1 : Operation 59 [1/1] (0.00ns)   --->   "%mux_case_34333544_read = read i32 @_ssdm_op_Read.ap_auto.float, i32 %mux_case_34333544"   --->   Operation 59 'read' 'mux_case_34333544_read' <Predicate = true> <Delay = 0.00>
ST_1 : Operation 60 [1/1] (0.00ns)   --->   "%mux_case_24323536_read = read i32 @_ssdm_op_Read.ap_auto.float, i32 %mux_case_24323536"   --->   Operation 60 'read' 'mux_case_24323536_read' <Predicate = true> <Delay = 0.00>
ST_1 : Operation 61 [1/1] (0.00ns)   --->   "%mux_case_14313528_read = read i32 @_ssdm_op_Read.ap_auto.float, i32 %mux_case_14313528"   --->   Operation 61 'read' 'mux_case_14313528_read' <Predicate = true> <Delay = 0.00>
ST_1 : Operation 62 [1/1] (0.00ns)   --->   "%mux_case_04303519_read = read i32 @_ssdm_op_Read.ap_auto.float, i32 %mux_case_04303519"   --->   Operation 62 'read' 'mux_case_04303519_read' <Predicate = true> <Delay = 0.00>
ST_1 : Operation 63 [1/1] (0.42ns)   --->   "%store_ln0 = store i5 0, i5 %indvar_flatten40"   --->   Operation 63 'store' 'store_ln0' <Predicate = true> <Delay = 0.42>
ST_1 : Operation 64 [1/1] (0.42ns)   --->   "%store_ln181 = store i3 0, i3 %i" [top_cmplx.cpp:181]   --->   Operation 64 'store' 'store_ln181' <Predicate = true> <Delay = 0.42>
ST_1 : Operation 65 [1/1] (0.42ns)   --->   "%store_ln183 = store i3 0, i3 %j" [top_cmplx.cpp:183]   --->   Operation 65 'store' 'store_ln183' <Predicate = true> <Delay = 0.42>
ST_1 : Operation 66 [1/1] (0.00ns)   --->   "%br_ln0 = br void %for.inc210"   --->   Operation 66 'br' 'br_ln0' <Predicate = true> <Delay = 0.00>
ST_1 : Operation 67 [1/1] (0.00ns)   --->   "%indvar_flatten40_load = load i5 %indvar_flatten40" [top_cmplx.cpp:181]   --->   Operation 67 'load' 'indvar_flatten40_load' <Predicate = true> <Delay = 0.00>
ST_1 : Operation 68 [1/1] (0.78ns)   --->   "%icmp_ln181 = icmp_eq  i5 %indvar_flatten40_load, i5 28" [top_cmplx.cpp:181]   --->   Operation 68 'icmp' 'icmp_ln181' <Predicate = true> <Delay = 0.78> <CoreInst = "Cmp">   --->   Core 9 'Cmp' <Latency = 0> <II = 1> <Delay = 0.78> <FuncUnit> <Opcode : 'icmp'> <InPorts = 2> <OutPorts = 1>
ST_1 : Operation 69 [1/1] (0.78ns)   --->   "%add_ln181 = add i5 %indvar_flatten40_load, i5 1" [top_cmplx.cpp:181]   --->   Operation 69 'add' 'add_ln181' <Predicate = true> <Delay = 0.78> <CoreInst = "Adder">   --->   Core 1 'Adder' <Latency = 0> <II = 1> <Delay = 0.78> <FuncUnit> <Opcode : 'add' 'sub'> <InPorts = 2> <OutPorts = 1>
ST_1 : Operation 70 [1/1] (0.00ns)   --->   "%br_ln181 = br i1 %icmp_ln181, void %for.inc213, void %for.inc246.preheader.exitStub" [top_cmplx.cpp:181]   --->   Operation 70 'br' 'br_ln181' <Predicate = true> <Delay = 0.00>
ST_1 : Operation 71 [1/1] (0.00ns)   --->   "%j_load = load i3 %j" [top_cmplx.cpp:183]   --->   Operation 71 'load' 'j_load' <Predicate = (!icmp_ln181)> <Delay = 0.00>
ST_1 : Operation 72 [1/1] (0.00ns)   --->   "%i_load = load i3 %i" [top_cmplx.cpp:181]   --->   Operation 72 'load' 'i_load' <Predicate = (!icmp_ln181)> <Delay = 0.00>
ST_1 : Operation 73 [1/1] (0.00ns)   --->   "%specloopname_ln0 = specloopname void @_ssdm_op_SpecLoopName, void @VITIS_LOOP_181_6_VITIS_LOOP_183_7_str"   --->   Operation 73 'specloopname' 'specloopname_ln0' <Predicate = (!icmp_ln181)> <Delay = 0.00>
ST_1 : Operation 74 [1/1] (0.00ns)   --->   "%speclooptripcount_ln0 = speclooptripcount void @_ssdm_op_SpecLoopTripCount, i64 28, i64 28, i64 28"   --->   Operation 74 'speclooptripcount' 'speclooptripcount_ln0' <Predicate = (!icmp_ln181)> <Delay = 0.00>
ST_1 : Operation 75 [1/1] (0.67ns)   --->   "%icmp_ln183 = icmp_eq  i3 %j_load, i3 4" [top_cmplx.cpp:183]   --->   Operation 75 'icmp' 'icmp_ln183' <Predicate = (!icmp_ln181)> <Delay = 0.67> <CoreInst = "Cmp">   --->   Core 9 'Cmp' <Latency = 0> <II = 1> <Delay = 0.79> <FuncUnit> <Opcode : 'icmp'> <InPorts = 2> <OutPorts = 1>
ST_1 : Operation 76 [1/1] (0.20ns)   --->   "%select_ln181 = select i1 %icmp_ln183, i3 0, i3 %j_load" [top_cmplx.cpp:181]   --->   Operation 76 'select' 'select_ln181' <Predicate = (!icmp_ln181)> <Delay = 0.20> <CoreInst = "Sel">   --->   Core 73 'Sel' <Latency = 0> <II = 1> <Delay = 0.20> <FuncUnit> <Opcode : 'select'> <InPorts = 3> <OutPorts = 1>
ST_1 : Operation 77 [1/1] (0.67ns)   --->   "%add_ln181_1 = add i3 %i_load, i3 1" [top_cmplx.cpp:181]   --->   Operation 77 'add' 'add_ln181_1' <Predicate = (!icmp_ln181)> <Delay = 0.67> <CoreInst = "Adder">   --->   Core 1 'Adder' <Latency = 0> <II = 1> <Delay = 0.67> <FuncUnit> <Opcode : 'add' 'sub'> <InPorts = 2> <OutPorts = 1>
ST_1 : Operation 78 [1/1] (0.20ns)   --->   "%select_ln181_1 = select i1 %icmp_ln183, i3 %add_ln181_1, i3 %i_load" [top_cmplx.cpp:181]   --->   Operation 78 'select' 'select_ln181_1' <Predicate = (!icmp_ln181)> <Delay = 0.20> <CoreInst = "Sel">   --->   Core 73 'Sel' <Latency = 0> <II = 1> <Delay = 0.20> <FuncUnit> <Opcode : 'select'> <InPorts = 3> <OutPorts = 1>
ST_1 : Operation 79 [1/1] (0.00ns)   --->   "%zext_ln181 = zext i3 %select_ln181_1" [top_cmplx.cpp:181]   --->   Operation 79 'zext' 'zext_ln181' <Predicate = (!icmp_ln181)> <Delay = 0.00>
ST_1 : Operation 80 [1/1] (0.00ns)   --->   "%Q_out_real_addr = getelementptr i32 %Q_out_real, i64 0, i64 %zext_ln181" [top_cmplx.cpp:181]   --->   Operation 80 'getelementptr' 'Q_out_real_addr' <Predicate = (!icmp_ln181)> <Delay = 0.00>
ST_1 : Operation 81 [1/1] (0.00ns)   --->   "%Q_out_real_1_addr = getelementptr i32 %Q_out_real_1, i64 0, i64 %zext_ln181" [top_cmplx.cpp:181]   --->   Operation 81 'getelementptr' 'Q_out_real_1_addr' <Predicate = (!icmp_ln181)> <Delay = 0.00>
ST_1 : Operation 82 [1/1] (0.00ns)   --->   "%Q_out_real_2_addr = getelementptr i32 %Q_out_real_2, i64 0, i64 %zext_ln181" [top_cmplx.cpp:181]   --->   Operation 82 'getelementptr' 'Q_out_real_2_addr' <Predicate = (!icmp_ln181)> <Delay = 0.00>
ST_1 : Operation 83 [1/1] (0.00ns)   --->   "%Q_out_real_3_addr = getelementptr i32 %Q_out_real_3, i64 0, i64 %zext_ln181" [top_cmplx.cpp:181]   --->   Operation 83 'getelementptr' 'Q_out_real_3_addr' <Predicate = (!icmp_ln181)> <Delay = 0.00>
ST_1 : Operation 84 [1/1] (0.00ns)   --->   "%Q_out_imag_addr = getelementptr i32 %Q_out_imag, i64 0, i64 %zext_ln181" [top_cmplx.cpp:181]   --->   Operation 84 'getelementptr' 'Q_out_imag_addr' <Predicate = (!icmp_ln181)> <Delay = 0.00>
ST_1 : Operation 85 [1/1] (0.00ns)   --->   "%Q_out_imag_1_addr = getelementptr i32 %Q_out_imag_1, i64 0, i64 %zext_ln181" [top_cmplx.cpp:181]   --->   Operation 85 'getelementptr' 'Q_out_imag_1_addr' <Predicate = (!icmp_ln181)> <Delay = 0.00>
ST_1 : Operation 86 [1/1] (0.00ns)   --->   "%Q_out_imag_2_addr = getelementptr i32 %Q_out_imag_2, i64 0, i64 %zext_ln181" [top_cmplx.cpp:181]   --->   Operation 86 'getelementptr' 'Q_out_imag_2_addr' <Predicate = (!icmp_ln181)> <Delay = 0.00>
ST_1 : Operation 87 [1/1] (0.00ns)   --->   "%Q_out_imag_3_addr = getelementptr i32 %Q_out_imag_3, i64 0, i64 %zext_ln181" [top_cmplx.cpp:181]   --->   Operation 87 'getelementptr' 'Q_out_imag_3_addr' <Predicate = (!icmp_ln181)> <Delay = 0.00>
ST_1 : Operation 88 [1/1] (0.00ns)   --->   "%specpipeline_ln183 = specpipeline void @_ssdm_op_SpecPipeline, i32 4294967295, i32 0, i32 0, i32 0, void @empty_0" [top_cmplx.cpp:183]   --->   Operation 88 'specpipeline' 'specpipeline_ln183' <Predicate = (!icmp_ln181)> <Delay = 0.00>
ST_1 : Operation 89 [1/1] (0.00ns)   --->   "%trunc_ln183 = trunc i3 %select_ln181" [top_cmplx.cpp:183]   --->   Operation 89 'trunc' 'trunc_ln183' <Predicate = (!icmp_ln181)> <Delay = 0.00>
ST_1 : Operation 90 [1/1] (0.52ns)   --->   "%tmp_s = sparsemux i32 @_ssdm_op_SparseMux.ap_auto.4f32.f32.i2, i2 0, i32 %mux_case_04303519_read, i2 1, i32 %mux_case_14313528_read, i2 2, i32 %mux_case_24323536_read, i2 3, i32 %mux_case_34333544_read, i32 <undef>, i2 %trunc_ln183" [top_cmplx.cpp:185]   --->   Operation 90 'sparsemux' 'tmp_s' <Predicate = (!icmp_ln181)> <Delay = 0.52> <CoreInst = "SparseMux">   --->   Core 147 'SparseMux' <Latency = 0> <II = 1> <Delay = 0.52> <FuncUnit> <Opcode : 'sparsemux'> <InPorts = 2> <OutPorts = 1>
ST_1 : Operation 91 [1/1] (0.52ns)   --->   "%tmp_11 = sparsemux i32 @_ssdm_op_SparseMux.ap_auto.4f32.f32.i2, i2 0, i32 %mux_case_04353552_read, i2 1, i32 %mux_case_14363560_read, i2 2, i32 %mux_case_24373569_read, i2 3, i32 %mux_case_34383577_read, i32 <undef>, i2 %trunc_ln183" [top_cmplx.cpp:185]   --->   Operation 91 'sparsemux' 'tmp_11' <Predicate = (!icmp_ln181)> <Delay = 0.52> <CoreInst = "SparseMux">   --->   Core 147 'SparseMux' <Latency = 0> <II = 1> <Delay = 0.52> <FuncUnit> <Opcode : 'sparsemux'> <InPorts = 2> <OutPorts = 1>
ST_1 : Operation 92 [1/1] (0.52ns)   --->   "%tmp_12 = sparsemux i32 @_ssdm_op_SparseMux.ap_auto.4f32.f32.i2, i2 0, i32 %mux_case_04403585_read, i2 1, i32 %mux_case_14413593_read, i2 2, i32 %mux_case_24423601_read, i2 3, i32 %mux_case_34433610_read, i32 <undef>, i2 %trunc_ln183" [top_cmplx.cpp:185]   --->   Operation 92 'sparsemux' 'tmp_12' <Predicate = (!icmp_ln181)> <Delay = 0.52> <CoreInst = "SparseMux">   --->   Core 147 'SparseMux' <Latency = 0> <II = 1> <Delay = 0.52> <FuncUnit> <Opcode : 'sparsemux'> <InPorts = 2> <OutPorts = 1>
ST_1 : Operation 93 [1/1] (0.52ns)   --->   "%tmp_13 = sparsemux i32 @_ssdm_op_SparseMux.ap_auto.4f32.f32.i2, i2 0, i32 %mux_case_04453618_read, i2 1, i32 %mux_case_14463626_read, i2 2, i32 %mux_case_24473634_read, i2 3, i32 %mux_case_34483642_read, i32 <undef>, i2 %trunc_ln183" [top_cmplx.cpp:185]   --->   Operation 93 'sparsemux' 'tmp_13' <Predicate = (!icmp_ln181)> <Delay = 0.52> <CoreInst = "SparseMux">   --->   Core 147 'SparseMux' <Latency = 0> <II = 1> <Delay = 0.52> <FuncUnit> <Opcode : 'sparsemux'> <InPorts = 2> <OutPorts = 1>
ST_1 : Operation 94 [1/1] (0.52ns)   --->   "%tmp_14 = sparsemux i32 @_ssdm_op_SparseMux.ap_auto.4f32.f32.i2, i2 0, i32 %mux_case_04503651_read, i2 1, i32 %mux_case_14513660_read, i2 2, i32 %mux_case_24523668_read, i2 3, i32 %mux_case_34533676_read, i32 <undef>, i2 %trunc_ln183" [top_cmplx.cpp:185]   --->   Operation 94 'sparsemux' 'tmp_14' <Predicate = (!icmp_ln181)> <Delay = 0.52> <CoreInst = "SparseMux">   --->   Core 147 'SparseMux' <Latency = 0> <II = 1> <Delay = 0.52> <FuncUnit> <Opcode : 'sparsemux'> <InPorts = 2> <OutPorts = 1>
ST_1 : Operation 95 [1/1] (0.52ns)   --->   "%tmp_15 = sparsemux i32 @_ssdm_op_SparseMux.ap_auto.4f32.f32.i2, i2 0, i32 %mux_case_04553684_read, i2 1, i32 %mux_case_14563692_read, i2 2, i32 %mux_case_24573701_read, i2 3, i32 %mux_case_34583709_read, i32 <undef>, i2 %trunc_ln183" [top_cmplx.cpp:185]   --->   Operation 95 'sparsemux' 'tmp_15' <Predicate = (!icmp_ln181)> <Delay = 0.52> <CoreInst = "SparseMux">   --->   Core 147 'SparseMux' <Latency = 0> <II = 1> <Delay = 0.52> <FuncUnit> <Opcode : 'sparsemux'> <InPorts = 2> <OutPorts = 1>
ST_1 : Operation 96 [1/1] (0.52ns)   --->   "%tmp_16 = sparsemux i32 @_ssdm_op_SparseMux.ap_auto.4f32.f32.i2, i2 0, i32 %mux_case_05153915_read, i2 1, i32 %mux_case_15163923_read, i2 2, i32 %mux_case_25173931_read, i2 3, i32 %mux_case_35183940_read, i32 <undef>, i2 %trunc_ln183" [top_cmplx.cpp:185]   --->   Operation 96 'sparsemux' 'tmp_16' <Predicate = (!icmp_ln181)> <Delay = 0.52> <CoreInst = "SparseMux">   --->   Core 147 'SparseMux' <Latency = 0> <II = 1> <Delay = 0.52> <FuncUnit> <Opcode : 'sparsemux'> <InPorts = 2> <OutPorts = 1>
ST_1 : Operation 97 [1/1] (0.67ns)   --->   "%tmp_17 = sparsemux i32 @_ssdm_op_SparseMux.ap_auto.7f32.f32.i3, i3 0, i32 %tmp_s, i3 1, i32 %tmp_11, i3 2, i32 %tmp_12, i3 3, i32 %tmp_13, i3 4, i32 %tmp_14, i3 5, i32 %tmp_15, i3 6, i32 %tmp_16, i32 <undef>, i3 %select_ln181_1" [top_cmplx.cpp:185]   --->   Operation 97 'sparsemux' 'tmp_17' <Predicate = (!icmp_ln181)> <Delay = 0.67> <CoreInst = "SparseMux">   --->   Core 147 'SparseMux' <Latency = 0> <II = 1> <Delay = 0.67> <FuncUnit> <Opcode : 'sparsemux'> <InPorts = 2> <OutPorts = 1>
ST_1 : Operation 98 [1/1] (0.52ns)   --->   "%tmp_18 = sparsemux i32 @_ssdm_op_SparseMux.ap_auto.4f32.f32.i2, i2 0, i32 %mux_case_04603717_read, i2 1, i32 %mux_case_14613726_read, i2 2, i32 %mux_case_24623734_read, i2 3, i32 %mux_case_34633742_read, i32 <undef>, i2 %trunc_ln183" [top_cmplx.cpp:186]   --->   Operation 98 'sparsemux' 'tmp_18' <Predicate = (!icmp_ln181)> <Delay = 0.52> <CoreInst = "SparseMux">   --->   Core 147 'SparseMux' <Latency = 0> <II = 1> <Delay = 0.52> <FuncUnit> <Opcode : 'sparsemux'> <InPorts = 2> <OutPorts = 1>
ST_1 : Operation 99 [1/1] (0.52ns)   --->   "%tmp_19 = sparsemux i32 @_ssdm_op_SparseMux.ap_auto.4f32.f32.i2, i2 0, i32 %mux_case_04653750_read, i2 1, i32 %mux_case_14663758_read, i2 2, i32 %mux_case_24673767_read, i2 3, i32 %mux_case_34683775_read, i32 <undef>, i2 %trunc_ln183" [top_cmplx.cpp:186]   --->   Operation 99 'sparsemux' 'tmp_19' <Predicate = (!icmp_ln181)> <Delay = 0.52> <CoreInst = "SparseMux">   --->   Core 147 'SparseMux' <Latency = 0> <II = 1> <Delay = 0.52> <FuncUnit> <Opcode : 'sparsemux'> <InPorts = 2> <OutPorts = 1>
ST_1 : Operation 100 [1/1] (0.52ns)   --->   "%tmp_20 = sparsemux i32 @_ssdm_op_SparseMux.ap_auto.4f32.f32.i2, i2 0, i32 %mux_case_04703783_read, i2 1, i32 %mux_case_14713791_read, i2 2, i32 %mux_case_24723799_read, i2 3, i32 %mux_case_34733808_read, i32 <undef>, i2 %trunc_ln183" [top_cmplx.cpp:186]   --->   Operation 100 'sparsemux' 'tmp_20' <Predicate = (!icmp_ln181)> <Delay = 0.52> <CoreInst = "SparseMux">   --->   Core 147 'SparseMux' <Latency = 0> <II = 1> <Delay = 0.52> <FuncUnit> <Opcode : 'sparsemux'> <InPorts = 2> <OutPorts = 1>
ST_1 : Operation 101 [1/1] (0.52ns)   --->   "%tmp_21 = sparsemux i32 @_ssdm_op_SparseMux.ap_auto.4f32.f32.i2, i2 0, i32 %mux_case_04753816_read, i2 1, i32 %mux_case_14763824_read, i2 2, i32 %mux_case_24773832_read, i2 3, i32 %mux_case_34783840_read, i32 <undef>, i2 %trunc_ln183" [top_cmplx.cpp:186]   --->   Operation 101 'sparsemux' 'tmp_21' <Predicate = (!icmp_ln181)> <Delay = 0.52> <CoreInst = "SparseMux">   --->   Core 147 'SparseMux' <Latency = 0> <II = 1> <Delay = 0.52> <FuncUnit> <Opcode : 'sparsemux'> <InPorts = 2> <OutPorts = 1>
ST_1 : Operation 102 [1/1] (0.52ns)   --->   "%tmp_22 = sparsemux i32 @_ssdm_op_SparseMux.ap_auto.4f32.f32.i2, i2 0, i32 %mux_case_04803849_read, i2 1, i32 %mux_case_14813858_read, i2 2, i32 %mux_case_24823866_read, i2 3, i32 %mux_case_34833874_read, i32 <undef>, i2 %trunc_ln183" [top_cmplx.cpp:186]   --->   Operation 102 'sparsemux' 'tmp_22' <Predicate = (!icmp_ln181)> <Delay = 0.52> <CoreInst = "SparseMux">   --->   Core 147 'SparseMux' <Latency = 0> <II = 1> <Delay = 0.52> <FuncUnit> <Opcode : 'sparsemux'> <InPorts = 2> <OutPorts = 1>
ST_1 : Operation 103 [1/1] (0.52ns)   --->   "%tmp_23 = sparsemux i32 @_ssdm_op_SparseMux.ap_auto.4f32.f32.i2, i2 0, i32 %mux_case_04853882_read, i2 1, i32 %mux_case_14863890_read, i2 2, i32 %mux_case_24873899_read, i2 3, i32 %mux_case_34883907_read, i32 <undef>, i2 %trunc_ln183" [top_cmplx.cpp:186]   --->   Operation 103 'sparsemux' 'tmp_23' <Predicate = (!icmp_ln181)> <Delay = 0.52> <CoreInst = "SparseMux">   --->   Core 147 'SparseMux' <Latency = 0> <II = 1> <Delay = 0.52> <FuncUnit> <Opcode : 'sparsemux'> <InPorts = 2> <OutPorts = 1>
ST_1 : Operation 104 [1/1] (0.52ns)   --->   "%tmp_24 = sparsemux i32 @_ssdm_op_SparseMux.ap_auto.4f32.f32.i2, i2 0, i32 %mux_case_05453948_read, i2 1, i32 %mux_case_15463956_read, i2 2, i32 %mux_case_25473964_read, i2 3, i32 %mux_case_35483973_read, i32 <undef>, i2 %trunc_ln183" [top_cmplx.cpp:186]   --->   Operation 104 'sparsemux' 'tmp_24' <Predicate = (!icmp_ln181)> <Delay = 0.52> <CoreInst = "SparseMux">   --->   Core 147 'SparseMux' <Latency = 0> <II = 1> <Delay = 0.52> <FuncUnit> <Opcode : 'sparsemux'> <InPorts = 2> <OutPorts = 1>
ST_1 : Operation 105 [1/1] (0.67ns)   --->   "%tmp_25 = sparsemux i32 @_ssdm_op_SparseMux.ap_auto.7f32.f32.i3, i3 0, i32 %tmp_18, i3 1, i32 %tmp_19, i3 2, i32 %tmp_20, i3 3, i32 %tmp_21, i3 4, i32 %tmp_22, i3 5, i32 %tmp_23, i3 6, i32 %tmp_24, i32 <undef>, i3 %select_ln181_1" [top_cmplx.cpp:186]   --->   Operation 105 'sparsemux' 'tmp_25' <Predicate = (!icmp_ln181)> <Delay = 0.67> <CoreInst = "SparseMux">   --->   Core 147 'SparseMux' <Latency = 0> <II = 1> <Delay = 0.67> <FuncUnit> <Opcode : 'sparsemux'> <InPorts = 2> <OutPorts = 1>
ST_1 : Operation 106 [1/1] (0.73ns)   --->   "%switch_ln185 = switch i2 %trunc_ln183, void %imag20932.case.3, i2 0, void %imag20932.case.0, i2 1, void %imag20932.case.1, i2 2, void %imag20932.case.2" [top_cmplx.cpp:185]   --->   Operation 106 'switch' 'switch_ln185' <Predicate = (!icmp_ln181)> <Delay = 0.73>
ST_1 : Operation 107 [1/1] (0.67ns)   --->   "%store_ln185 = store i32 %tmp_17, i3 %Q_out_real_2_addr" [top_cmplx.cpp:185]   --->   Operation 107 'store' 'store_ln185' <Predicate = (!icmp_ln181 & trunc_ln183 == 2)> <Delay = 0.67> <CoreInst = "RAM">   --->   Core 83 'RAM' <Latency = 1> <II = 1> <Delay = 0.67> <Storage> <Opcode : 'load' 'store'> <Ports = 2> <Width = 32> <Depth = 7> <RAM>
ST_1 : Operation 108 [1/1] (0.67ns)   --->   "%store_ln186 = store i32 %tmp_25, i3 %Q_out_imag_2_addr" [top_cmplx.cpp:186]   --->   Operation 108 'store' 'store_ln186' <Predicate = (!icmp_ln181 & trunc_ln183 == 2)> <Delay = 0.67> <CoreInst = "RAM">   --->   Core 83 'RAM' <Latency = 1> <II = 1> <Delay = 0.67> <Storage> <Opcode : 'load' 'store'> <Ports = 2> <Width = 32> <Depth = 7> <RAM>
ST_1 : Operation 109 [1/1] (0.00ns)   --->   "%br_ln186 = br void %imag20932.exit" [top_cmplx.cpp:186]   --->   Operation 109 'br' 'br_ln186' <Predicate = (!icmp_ln181 & trunc_ln183 == 2)> <Delay = 0.00>
ST_1 : Operation 110 [1/1] (0.67ns)   --->   "%store_ln185 = store i32 %tmp_17, i3 %Q_out_real_1_addr" [top_cmplx.cpp:185]   --->   Operation 110 'store' 'store_ln185' <Predicate = (!icmp_ln181 & trunc_ln183 == 1)> <Delay = 0.67> <CoreInst = "RAM">   --->   Core 83 'RAM' <Latency = 1> <II = 1> <Delay = 0.67> <Storage> <Opcode : 'load' 'store'> <Ports = 2> <Width = 32> <Depth = 7> <RAM>
ST_1 : Operation 111 [1/1] (0.67ns)   --->   "%store_ln186 = store i32 %tmp_25, i3 %Q_out_imag_1_addr" [top_cmplx.cpp:186]   --->   Operation 111 'store' 'store_ln186' <Predicate = (!icmp_ln181 & trunc_ln183 == 1)> <Delay = 0.67> <CoreInst = "RAM">   --->   Core 83 'RAM' <Latency = 1> <II = 1> <Delay = 0.67> <Storage> <Opcode : 'load' 'store'> <Ports = 2> <Width = 32> <Depth = 7> <RAM>
ST_1 : Operation 112 [1/1] (0.00ns)   --->   "%br_ln186 = br void %imag20932.exit" [top_cmplx.cpp:186]   --->   Operation 112 'br' 'br_ln186' <Predicate = (!icmp_ln181 & trunc_ln183 == 1)> <Delay = 0.00>
ST_1 : Operation 113 [1/1] (0.67ns)   --->   "%store_ln185 = store i32 %tmp_17, i3 %Q_out_real_addr" [top_cmplx.cpp:185]   --->   Operation 113 'store' 'store_ln185' <Predicate = (!icmp_ln181 & trunc_ln183 == 0)> <Delay = 0.67> <CoreInst = "RAM">   --->   Core 83 'RAM' <Latency = 1> <II = 1> <Delay = 0.67> <Storage> <Opcode : 'load' 'store'> <Ports = 2> <Width = 32> <Depth = 7> <RAM>
ST_1 : Operation 114 [1/1] (0.67ns)   --->   "%store_ln186 = store i32 %tmp_25, i3 %Q_out_imag_addr" [top_cmplx.cpp:186]   --->   Operation 114 'store' 'store_ln186' <Predicate = (!icmp_ln181 & trunc_ln183 == 0)> <Delay = 0.67> <CoreInst = "RAM">   --->   Core 83 'RAM' <Latency = 1> <II = 1> <Delay = 0.67> <Storage> <Opcode : 'load' 'store'> <Ports = 2> <Width = 32> <Depth = 7> <RAM>
ST_1 : Operation 115 [1/1] (0.00ns)   --->   "%br_ln186 = br void %imag20932.exit" [top_cmplx.cpp:186]   --->   Operation 115 'br' 'br_ln186' <Predicate = (!icmp_ln181 & trunc_ln183 == 0)> <Delay = 0.00>
ST_1 : Operation 116 [1/1] (0.67ns)   --->   "%store_ln185 = store i32 %tmp_17, i3 %Q_out_real_3_addr" [top_cmplx.cpp:185]   --->   Operation 116 'store' 'store_ln185' <Predicate = (!icmp_ln181 & trunc_ln183 == 3)> <Delay = 0.67> <CoreInst = "RAM">   --->   Core 83 'RAM' <Latency = 1> <II = 1> <Delay = 0.67> <Storage> <Opcode : 'load' 'store'> <Ports = 2> <Width = 32> <Depth = 7> <RAM>
ST_1 : Operation 117 [1/1] (0.67ns)   --->   "%store_ln186 = store i32 %tmp_25, i3 %Q_out_imag_3_addr" [top_cmplx.cpp:186]   --->   Operation 117 'store' 'store_ln186' <Predicate = (!icmp_ln181 & trunc_ln183 == 3)> <Delay = 0.67> <CoreInst = "RAM">   --->   Core 83 'RAM' <Latency = 1> <II = 1> <Delay = 0.67> <Storage> <Opcode : 'load' 'store'> <Ports = 2> <Width = 32> <Depth = 7> <RAM>
ST_1 : Operation 118 [1/1] (0.00ns)   --->   "%br_ln186 = br void %imag20932.exit" [top_cmplx.cpp:186]   --->   Operation 118 'br' 'br_ln186' <Predicate = (!icmp_ln181 & trunc_ln183 == 3)> <Delay = 0.00>
ST_1 : Operation 119 [1/1] (0.67ns)   --->   "%add_ln183 = add i3 %select_ln181, i3 1" [top_cmplx.cpp:183]   --->   Operation 119 'add' 'add_ln183' <Predicate = (!icmp_ln181)> <Delay = 0.67> <CoreInst = "Adder">   --->   Core 1 'Adder' <Latency = 0> <II = 1> <Delay = 0.67> <FuncUnit> <Opcode : 'add' 'sub'> <InPorts = 2> <OutPorts = 1>
ST_1 : Operation 120 [1/1] (0.42ns)   --->   "%store_ln181 = store i5 %add_ln181, i5 %indvar_flatten40" [top_cmplx.cpp:181]   --->   Operation 120 'store' 'store_ln181' <Predicate = (!icmp_ln181)> <Delay = 0.42>
ST_1 : Operation 121 [1/1] (0.42ns)   --->   "%store_ln181 = store i3 %select_ln181_1, i3 %i" [top_cmplx.cpp:181]   --->   Operation 121 'store' 'store_ln181' <Predicate = (!icmp_ln181)> <Delay = 0.42>
ST_1 : Operation 122 [1/1] (0.42ns)   --->   "%store_ln183 = store i3 %add_ln183, i3 %j" [top_cmplx.cpp:183]   --->   Operation 122 'store' 'store_ln183' <Predicate = (!icmp_ln181)> <Delay = 0.42>
ST_1 : Operation 123 [1/1] (0.00ns)   --->   "%br_ln183 = br void %for.inc210" [top_cmplx.cpp:183]   --->   Operation 123 'br' 'br_ln183' <Predicate = (!icmp_ln181)> <Delay = 0.00>
ST_1 : Operation 124 [1/1] (0.00ns)   --->   "%ret_ln0 = ret"   --->   Operation 124 'ret' 'ret_ln0' <Predicate = (icmp_ln181)> <Delay = 0.00>


============================================================
+ Verbose Summary: Binding
============================================================
STG Binding: 
---------------- STG Properties BEGIN ----------------
- Is combinational: 0
- Is one-state seq: 0
- Is datapath-only: 0
- Is pipelined: 0
- Is top level: 0
Port [ Return ] is wired: 1; IO mode=ap_ctrl_hs:ce=0
Port [ Q_out_real]:  wired=1; compound=1; hidden=0; nouse=0; global=0; static=0; extern=0; dir=1; type=1; pingpong=0; private_global=0; MemPort=[03]; IO mode=ap_memory:ce=0
Port [ Q_out_real_1]:  wired=1; compound=1; hidden=0; nouse=0; global=0; static=0; extern=0; dir=1; type=1; pingpong=0; private_global=0; MemPort=[03]; IO mode=ap_memory:ce=0
Port [ Q_out_real_2]:  wired=1; compound=1; hidden=0; nouse=0; global=0; static=0; extern=0; dir=1; type=1; pingpong=0; private_global=0; MemPort=[03]; IO mode=ap_memory:ce=0
Port [ Q_out_real_3]:  wired=1; compound=1; hidden=0; nouse=0; global=0; static=0; extern=0; dir=1; type=1; pingpong=0; private_global=0; MemPort=[03]; IO mode=ap_memory:ce=0
Port [ Q_out_imag]:  wired=1; compound=1; hidden=0; nouse=0; global=0; static=0; extern=0; dir=1; type=1; pingpong=0; private_global=0; MemPort=[03]; IO mode=ap_memory:ce=0
Port [ Q_out_imag_1]:  wired=1; compound=1; hidden=0; nouse=0; global=0; static=0; extern=0; dir=1; type=1; pingpong=0; private_global=0; MemPort=[03]; IO mode=ap_memory:ce=0
Port [ Q_out_imag_2]:  wired=1; compound=1; hidden=0; nouse=0; global=0; static=0; extern=0; dir=1; type=1; pingpong=0; private_global=0; MemPort=[03]; IO mode=ap_memory:ce=0
Port [ Q_out_imag_3]:  wired=1; compound=1; hidden=0; nouse=0; global=0; static=0; extern=0; dir=1; type=1; pingpong=0; private_global=0; MemPort=[03]; IO mode=ap_memory:ce=0
Port [ mux_case_04303519]:  wired=1; compound=0; hidden=0; nouse=0; global=0; static=0; extern=0; dir=0; type=0; pingpong=0; private_global=0; IO mode=ap_none:ce=0
Port [ mux_case_14313528]:  wired=1; compound=0; hidden=0; nouse=0; global=0; static=0; extern=0; dir=0; type=0; pingpong=0; private_global=0; IO mode=ap_none:ce=0
Port [ mux_case_24323536]:  wired=1; compound=0; hidden=0; nouse=0; global=0; static=0; extern=0; dir=0; type=0; pingpong=0; private_global=0; IO mode=ap_none:ce=0
Port [ mux_case_34333544]:  wired=1; compound=0; hidden=0; nouse=0; global=0; static=0; extern=0; dir=0; type=0; pingpong=0; private_global=0; IO mode=ap_none:ce=0
Port [ mux_case_04353552]:  wired=1; compound=0; hidden=0; nouse=0; global=0; static=0; extern=0; dir=0; type=0; pingpong=0; private_global=0; IO mode=ap_none:ce=0
Port [ mux_case_14363560]:  wired=1; compound=0; hidden=0; nouse=0; global=0; static=0; extern=0; dir=0; type=0; pingpong=0; private_global=0; IO mode=ap_none:ce=0
Port [ mux_case_24373569]:  wired=1; compound=0; hidden=0; nouse=0; global=0; static=0; extern=0; dir=0; type=0; pingpong=0; private_global=0; IO mode=ap_none:ce=0
Port [ mux_case_34383577]:  wired=1; compound=0; hidden=0; nouse=0; global=0; static=0; extern=0; dir=0; type=0; pingpong=0; private_global=0; IO mode=ap_none:ce=0
Port [ mux_case_04403585]:  wired=1; compound=0; hidden=0; nouse=0; global=0; static=0; extern=0; dir=0; type=0; pingpong=0; private_global=0; IO mode=ap_none:ce=0
Port [ mux_case_14413593]:  wired=1; compound=0; hidden=0; nouse=0; global=0; static=0; extern=0; dir=0; type=0; pingpong=0; private_global=0; IO mode=ap_none:ce=0
Port [ mux_case_24423601]:  wired=1; compound=0; hidden=0; nouse=0; global=0; static=0; extern=0; dir=0; type=0; pingpong=0; private_global=0; IO mode=ap_none:ce=0
Port [ mux_case_34433610]:  wired=1; compound=0; hidden=0; nouse=0; global=0; static=0; extern=0; dir=0; type=0; pingpong=0; private_global=0; IO mode=ap_none:ce=0
Port [ mux_case_04453618]:  wired=1; compound=0; hidden=0; nouse=0; global=0; static=0; extern=0; dir=0; type=0; pingpong=0; private_global=0; IO mode=ap_none:ce=0
Port [ mux_case_14463626]:  wired=1; compound=0; hidden=0; nouse=0; global=0; static=0; extern=0; dir=0; type=0; pingpong=0; private_global=0; IO mode=ap_none:ce=0
Port [ mux_case_24473634]:  wired=1; compound=0; hidden=0; nouse=0; global=0; static=0; extern=0; dir=0; type=0; pingpong=0; private_global=0; IO mode=ap_none:ce=0
Port [ mux_case_34483642]:  wired=1; compound=0; hidden=0; nouse=0; global=0; static=0; extern=0; dir=0; type=0; pingpong=0; private_global=0; IO mode=ap_none:ce=0
Port [ mux_case_04503651]:  wired=1; compound=0; hidden=0; nouse=0; global=0; static=0; extern=0; dir=0; type=0; pingpong=0; private_global=0; IO mode=ap_none:ce=0
Port [ mux_case_14513660]:  wired=1; compound=0; hidden=0; nouse=0; global=0; static=0; extern=0; dir=0; type=0; pingpong=0; private_global=0; IO mode=ap_none:ce=0
Port [ mux_case_24523668]:  wired=1; compound=0; hidden=0; nouse=0; global=0; static=0; extern=0; dir=0; type=0; pingpong=0; private_global=0; IO mode=ap_none:ce=0
Port [ mux_case_34533676]:  wired=1; compound=0; hidden=0; nouse=0; global=0; static=0; extern=0; dir=0; type=0; pingpong=0; private_global=0; IO mode=ap_none:ce=0
Port [ mux_case_04553684]:  wired=1; compound=0; hidden=0; nouse=0; global=0; static=0; extern=0; dir=0; type=0; pingpong=0; private_global=0; IO mode=ap_none:ce=0
Port [ mux_case_14563692]:  wired=1; compound=0; hidden=0; nouse=0; global=0; static=0; extern=0; dir=0; type=0; pingpong=0; private_global=0; IO mode=ap_none:ce=0
Port [ mux_case_24573701]:  wired=1; compound=0; hidden=0; nouse=0; global=0; static=0; extern=0; dir=0; type=0; pingpong=0; private_global=0; IO mode=ap_none:ce=0
Port [ mux_case_34583709]:  wired=1; compound=0; hidden=0; nouse=0; global=0; static=0; extern=0; dir=0; type=0; pingpong=0; private_global=0; IO mode=ap_none:ce=0
Port [ mux_case_05153915]:  wired=1; compound=0; hidden=0; nouse=0; global=0; static=0; extern=0; dir=0; type=0; pingpong=0; private_global=0; IO mode=ap_none:ce=0
Port [ mux_case_15163923]:  wired=1; compound=0; hidden=0; nouse=0; global=0; static=0; extern=0; dir=0; type=0; pingpong=0; private_global=0; IO mode=ap_none:ce=0
Port [ mux_case_25173931]:  wired=1; compound=0; hidden=0; nouse=0; global=0; static=0; extern=0; dir=0; type=0; pingpong=0; private_global=0; IO mode=ap_none:ce=0
Port [ mux_case_35183940]:  wired=1; compound=0; hidden=0; nouse=0; global=0; static=0; extern=0; dir=0; type=0; pingpong=0; private_global=0; IO mode=ap_none:ce=0
Port [ mux_case_04603717]:  wired=1; compound=0; hidden=0; nouse=0; global=0; static=0; extern=0; dir=0; type=0; pingpong=0; private_global=0; IO mode=ap_none:ce=0
Port [ mux_case_14613726]:  wired=1; compound=0; hidden=0; nouse=0; global=0; static=0; extern=0; dir=0; type=0; pingpong=0; private_global=0; IO mode=ap_none:ce=0
Port [ mux_case_24623734]:  wired=1; compound=0; hidden=0; nouse=0; global=0; static=0; extern=0; dir=0; type=0; pingpong=0; private_global=0; IO mode=ap_none:ce=0
Port [ mux_case_34633742]:  wired=1; compound=0; hidden=0; nouse=0; global=0; static=0; extern=0; dir=0; type=0; pingpong=0; private_global=0; IO mode=ap_none:ce=0
Port [ mux_case_04653750]:  wired=1; compound=0; hidden=0; nouse=0; global=0; static=0; extern=0; dir=0; type=0; pingpong=0; private_global=0; IO mode=ap_none:ce=0
Port [ mux_case_14663758]:  wired=1; compound=0; hidden=0; nouse=0; global=0; static=0; extern=0; dir=0; type=0; pingpong=0; private_global=0; IO mode=ap_none:ce=0
Port [ mux_case_24673767]:  wired=1; compound=0; hidden=0; nouse=0; global=0; static=0; extern=0; dir=0; type=0; pingpong=0; private_global=0; IO mode=ap_none:ce=0
Port [ mux_case_34683775]:  wired=1; compound=0; hidden=0; nouse=0; global=0; static=0; extern=0; dir=0; type=0; pingpong=0; private_global=0; IO mode=ap_none:ce=0
Port [ mux_case_04703783]:  wired=1; compound=0; hidden=0; nouse=0; global=0; static=0; extern=0; dir=0; type=0; pingpong=0; private_global=0; IO mode=ap_none:ce=0
Port [ mux_case_14713791]:  wired=1; compound=0; hidden=0; nouse=0; global=0; static=0; extern=0; dir=0; type=0; pingpong=0; private_global=0; IO mode=ap_none:ce=0
Port [ mux_case_24723799]:  wired=1; compound=0; hidden=0; nouse=0; global=0; static=0; extern=0; dir=0; type=0; pingpong=0; private_global=0; IO mode=ap_none:ce=0
Port [ mux_case_34733808]:  wired=1; compound=0; hidden=0; nouse=0; global=0; static=0; extern=0; dir=0; type=0; pingpong=0; private_global=0; IO mode=ap_none:ce=0
Port [ mux_case_04753816]:  wired=1; compound=0; hidden=0; nouse=0; global=0; static=0; extern=0; dir=0; type=0; pingpong=0; private_global=0; IO mode=ap_none:ce=0
Port [ mux_case_14763824]:  wired=1; compound=0; hidden=0; nouse=0; global=0; static=0; extern=0; dir=0; type=0; pingpong=0; private_global=0; IO mode=ap_none:ce=0
Port [ mux_case_24773832]:  wired=1; compound=0; hidden=0; nouse=0; global=0; static=0; extern=0; dir=0; type=0; pingpong=0; private_global=0; IO mode=ap_none:ce=0
Port [ mux_case_34783840]:  wired=1; compound=0; hidden=0; nouse=0; global=0; static=0; extern=0; dir=0; type=0; pingpong=0; private_global=0; IO mode=ap_none:ce=0
Port [ mux_case_04803849]:  wired=1; compound=0; hidden=0; nouse=0; global=0; static=0; extern=0; dir=0; type=0; pingpong=0; private_global=0; IO mode=ap_none:ce=0
Port [ mux_case_14813858]:  wired=1; compound=0; hidden=0; nouse=0; global=0; static=0; extern=0; dir=0; type=0; pingpong=0; private_global=0; IO mode=ap_none:ce=0
Port [ mux_case_24823866]:  wired=1; compound=0; hidden=0; nouse=0; global=0; static=0; extern=0; dir=0; type=0; pingpong=0; private_global=0; IO mode=ap_none:ce=0
Port [ mux_case_34833874]:  wired=1; compound=0; hidden=0; nouse=0; global=0; static=0; extern=0; dir=0; type=0; pingpong=0; private_global=0; IO mode=ap_none:ce=0
Port [ mux_case_04853882]:  wired=1; compound=0; hidden=0; nouse=0; global=0; static=0; extern=0; dir=0; type=0; pingpong=0; private_global=0; IO mode=ap_none:ce=0
Port [ mux_case_14863890]:  wired=1; compound=0; hidden=0; nouse=0; global=0; static=0; extern=0; dir=0; type=0; pingpong=0; private_global=0; IO mode=ap_none:ce=0
Port [ mux_case_24873899]:  wired=1; compound=0; hidden=0; nouse=0; global=0; static=0; extern=0; dir=0; type=0; pingpong=0; private_global=0; IO mode=ap_none:ce=0
Port [ mux_case_34883907]:  wired=1; compound=0; hidden=0; nouse=0; global=0; static=0; extern=0; dir=0; type=0; pingpong=0; private_global=0; IO mode=ap_none:ce=0
Port [ mux_case_05453948]:  wired=1; compound=0; hidden=0; nouse=0; global=0; static=0; extern=0; dir=0; type=0; pingpong=0; private_global=0; IO mode=ap_none:ce=0
Port [ mux_case_15463956]:  wired=1; compound=0; hidden=0; nouse=0; global=0; static=0; extern=0; dir=0; type=0; pingpong=0; private_global=0; IO mode=ap_none:ce=0
Port [ mux_case_25473964]:  wired=1; compound=0; hidden=0; nouse=0; global=0; static=0; extern=0; dir=0; type=0; pingpong=0; private_global=0; IO mode=ap_none:ce=0
Port [ mux_case_35483973]:  wired=1; compound=0; hidden=0; nouse=0; global=0; static=0; extern=0; dir=0; type=0; pingpong=0; private_global=0; IO mode=ap_none:ce=0
---------------- STG Properties END ------------------

---------------- Datapath Model BEGIN ----------------

<LifeTime>
<method=bitvector/>
j                      (alloca           ) [ 01]
i                      (alloca           ) [ 01]
indvar_flatten40       (alloca           ) [ 01]
mux_case_35483973_read (read             ) [ 00]
mux_case_25473964_read (read             ) [ 00]
mux_case_15463956_read (read             ) [ 00]
mux_case_05453948_read (read             ) [ 00]
mux_case_34883907_read (read             ) [ 00]
mux_case_24873899_read (read             ) [ 00]
mux_case_14863890_read (read             ) [ 00]
mux_case_04853882_read (read             ) [ 00]
mux_case_34833874_read (read             ) [ 00]
mux_case_24823866_read (read             ) [ 00]
mux_case_14813858_read (read             ) [ 00]
mux_case_04803849_read (read             ) [ 00]
mux_case_34783840_read (read             ) [ 00]
mux_case_24773832_read (read             ) [ 00]
mux_case_14763824_read (read             ) [ 00]
mux_case_04753816_read (read             ) [ 00]
mux_case_34733808_read (read             ) [ 00]
mux_case_24723799_read (read             ) [ 00]
mux_case_14713791_read (read             ) [ 00]
mux_case_04703783_read (read             ) [ 00]
mux_case_34683775_read (read             ) [ 00]
mux_case_24673767_read (read             ) [ 00]
mux_case_14663758_read (read             ) [ 00]
mux_case_04653750_read (read             ) [ 00]
mux_case_34633742_read (read             ) [ 00]
mux_case_24623734_read (read             ) [ 00]
mux_case_14613726_read (read             ) [ 00]
mux_case_04603717_read (read             ) [ 00]
mux_case_35183940_read (read             ) [ 00]
mux_case_25173931_read (read             ) [ 00]
mux_case_15163923_read (read             ) [ 00]
mux_case_05153915_read (read             ) [ 00]
mux_case_34583709_read (read             ) [ 00]
mux_case_24573701_read (read             ) [ 00]
mux_case_14563692_read (read             ) [ 00]
mux_case_04553684_read (read             ) [ 00]
mux_case_34533676_read (read             ) [ 00]
mux_case_24523668_read (read             ) [ 00]
mux_case_14513660_read (read             ) [ 00]
mux_case_04503651_read (read             ) [ 00]
mux_case_34483642_read (read             ) [ 00]
mux_case_24473634_read (read             ) [ 00]
mux_case_14463626_read (read             ) [ 00]
mux_case_04453618_read (read             ) [ 00]
mux_case_34433610_read (read             ) [ 00]
mux_case_24423601_read (read             ) [ 00]
mux_case_14413593_read (read             ) [ 00]
mux_case_04403585_read (read             ) [ 00]
mux_case_34383577_read (read             ) [ 00]
mux_case_24373569_read (read             ) [ 00]
mux_case_14363560_read (read             ) [ 00]
mux_case_04353552_read (read             ) [ 00]
mux_case_34333544_read (read             ) [ 00]
mux_case_24323536_read (read             ) [ 00]
mux_case_14313528_read (read             ) [ 00]
mux_case_04303519_read (read             ) [ 00]
store_ln0              (store            ) [ 00]
store_ln181            (store            ) [ 00]
store_ln183            (store            ) [ 00]
br_ln0                 (br               ) [ 00]
indvar_flatten40_load  (load             ) [ 00]
icmp_ln181             (icmp             ) [ 01]
add_ln181              (add              ) [ 00]
br_ln181               (br               ) [ 00]
j_load                 (load             ) [ 00]
i_load                 (load             ) [ 00]
specloopname_ln0       (specloopname     ) [ 00]
speclooptripcount_ln0  (speclooptripcount) [ 00]
icmp_ln183             (icmp             ) [ 00]
select_ln181           (select           ) [ 00]
add_ln181_1            (add              ) [ 00]
select_ln181_1         (select           ) [ 00]
zext_ln181             (zext             ) [ 00]
Q_out_real_addr        (getelementptr    ) [ 00]
Q_out_real_1_addr      (getelementptr    ) [ 00]
Q_out_real_2_addr      (getelementptr    ) [ 00]
Q_out_real_3_addr      (getelementptr    ) [ 00]
Q_out_imag_addr        (getelementptr    ) [ 00]
Q_out_imag_1_addr      (getelementptr    ) [ 00]
Q_out_imag_2_addr      (getelementptr    ) [ 00]
Q_out_imag_3_addr      (getelementptr    ) [ 00]
specpipeline_ln183     (specpipeline     ) [ 00]
trunc_ln183            (trunc            ) [ 01]
tmp_s                  (sparsemux        ) [ 00]
tmp_11                 (sparsemux        ) [ 00]
tmp_12                 (sparsemux        ) [ 00]
tmp_13                 (sparsemux        ) [ 00]
tmp_14                 (sparsemux        ) [ 00]
tmp_15                 (sparsemux        ) [ 00]
tmp_16                 (sparsemux        ) [ 00]
tmp_17                 (sparsemux        ) [ 00]
tmp_18                 (sparsemux        ) [ 00]
tmp_19                 (sparsemux        ) [ 00]
tmp_20                 (sparsemux        ) [ 00]
tmp_21                 (sparsemux        ) [ 00]
tmp_22                 (sparsemux        ) [ 00]
tmp_23                 (sparsemux        ) [ 00]
tmp_24                 (sparsemux        ) [ 00]
tmp_25                 (sparsemux        ) [ 00]
switch_ln185           (switch           ) [ 00]
store_ln185            (store            ) [ 00]
store_ln186            (store            ) [ 00]
br_ln186               (br               ) [ 00]
store_ln185            (store            ) [ 00]
store_ln186            (store            ) [ 00]
br_ln186               (br               ) [ 00]
store_ln185            (store            ) [ 00]
store_ln186            (store            ) [ 00]
br_ln186               (br               ) [ 00]
store_ln185            (store            ) [ 00]
store_ln186            (store            ) [ 00]
br_ln186               (br               ) [ 00]
add_ln183              (add              ) [ 00]
store_ln181            (store            ) [ 00]
store_ln181            (store            ) [ 00]
store_ln183            (store            ) [ 00]
br_ln183               (br               ) [ 00]
ret_ln0                (ret              ) [ 00]
</LifeTime>

<model>

<comp_list>
<comp id="0" class="1000" name="Q_out_real">
<pin_list>
<pin id="1" dir="1" index="0" bw="1" slack="0"/>
</pin_list>
<bind>
<StgValue><ssdm name="Q_out_real"/><MemPortTyVec>0 3 </MemPortTyVec>
</StgValue>
</bind>
</comp>

<comp id="2" class="1000" name="Q_out_real_1">
<pin_list>
<pin id="3" dir="1" index="0" bw="1" slack="0"/>
</pin_list>
<bind>
<StgValue><ssdm name="Q_out_real_1"/><MemPortTyVec>0 3 </MemPortTyVec>
</StgValue>
</bind>
</comp>

<comp id="4" class="1000" name="Q_out_real_2">
<pin_list>
<pin id="5" dir="1" index="0" bw="1" slack="0"/>
</pin_list>
<bind>
<StgValue><ssdm name="Q_out_real_2"/><MemPortTyVec>0 3 </MemPortTyVec>
</StgValue>
</bind>
</comp>

<comp id="6" class="1000" name="Q_out_real_3">
<pin_list>
<pin id="7" dir="1" index="0" bw="1" slack="0"/>
</pin_list>
<bind>
<StgValue><ssdm name="Q_out_real_3"/><MemPortTyVec>0 3 </MemPortTyVec>
</StgValue>
</bind>
</comp>

<comp id="8" class="1000" name="Q_out_imag">
<pin_list>
<pin id="9" dir="1" index="0" bw="1" slack="0"/>
</pin_list>
<bind>
<StgValue><ssdm name="Q_out_imag"/><MemPortTyVec>0 3 </MemPortTyVec>
</StgValue>
</bind>
</comp>

<comp id="10" class="1000" name="Q_out_imag_1">
<pin_list>
<pin id="11" dir="1" index="0" bw="1" slack="0"/>
</pin_list>
<bind>
<StgValue><ssdm name="Q_out_imag_1"/><MemPortTyVec>0 3 </MemPortTyVec>
</StgValue>
</bind>
</comp>

<comp id="12" class="1000" name="Q_out_imag_2">
<pin_list>
<pin id="13" dir="1" index="0" bw="1" slack="0"/>
</pin_list>
<bind>
<StgValue><ssdm name="Q_out_imag_2"/><MemPortTyVec>0 3 </MemPortTyVec>
</StgValue>
</bind>
</comp>

<comp id="14" class="1000" name="Q_out_imag_3">
<pin_list>
<pin id="15" dir="1" index="0" bw="1" slack="0"/>
</pin_list>
<bind>
<StgValue><ssdm name="Q_out_imag_3"/><MemPortTyVec>0 3 </MemPortTyVec>
</StgValue>
</bind>
</comp>

<comp id="16" class="1000" name="mux_case_04303519">
<pin_list>
<pin id="17" dir="1" index="0" bw="1" slack="0"/>
</pin_list>
<bind>
<StgValue><ssdm name="mux_case_04303519"/></StgValue>
</bind>
</comp>

<comp id="18" class="1000" name="mux_case_14313528">
<pin_list>
<pin id="19" dir="1" index="0" bw="1" slack="0"/>
</pin_list>
<bind>
<StgValue><ssdm name="mux_case_14313528"/></StgValue>
</bind>
</comp>

<comp id="20" class="1000" name="mux_case_24323536">
<pin_list>
<pin id="21" dir="1" index="0" bw="1" slack="0"/>
</pin_list>
<bind>
<StgValue><ssdm name="mux_case_24323536"/></StgValue>
</bind>
</comp>

<comp id="22" class="1000" name="mux_case_34333544">
<pin_list>
<pin id="23" dir="1" index="0" bw="1" slack="0"/>
</pin_list>
<bind>
<StgValue><ssdm name="mux_case_34333544"/></StgValue>
</bind>
</comp>

<comp id="24" class="1000" name="mux_case_04353552">
<pin_list>
<pin id="25" dir="1" index="0" bw="1" slack="0"/>
</pin_list>
<bind>
<StgValue><ssdm name="mux_case_04353552"/></StgValue>
</bind>
</comp>

<comp id="26" class="1000" name="mux_case_14363560">
<pin_list>
<pin id="27" dir="1" index="0" bw="1" slack="0"/>
</pin_list>
<bind>
<StgValue><ssdm name="mux_case_14363560"/></StgValue>
</bind>
</comp>

<comp id="28" class="1000" name="mux_case_24373569">
<pin_list>
<pin id="29" dir="1" index="0" bw="1" slack="0"/>
</pin_list>
<bind>
<StgValue><ssdm name="mux_case_24373569"/></StgValue>
</bind>
</comp>

<comp id="30" class="1000" name="mux_case_34383577">
<pin_list>
<pin id="31" dir="1" index="0" bw="1" slack="0"/>
</pin_list>
<bind>
<StgValue><ssdm name="mux_case_34383577"/></StgValue>
</bind>
</comp>

<comp id="32" class="1000" name="mux_case_04403585">
<pin_list>
<pin id="33" dir="1" index="0" bw="1" slack="0"/>
</pin_list>
<bind>
<StgValue><ssdm name="mux_case_04403585"/></StgValue>
</bind>
</comp>

<comp id="34" class="1000" name="mux_case_14413593">
<pin_list>
<pin id="35" dir="1" index="0" bw="1" slack="0"/>
</pin_list>
<bind>
<StgValue><ssdm name="mux_case_14413593"/></StgValue>
</bind>
</comp>

<comp id="36" class="1000" name="mux_case_24423601">
<pin_list>
<pin id="37" dir="1" index="0" bw="1" slack="0"/>
</pin_list>
<bind>
<StgValue><ssdm name="mux_case_24423601"/></StgValue>
</bind>
</comp>

<comp id="38" class="1000" name="mux_case_34433610">
<pin_list>
<pin id="39" dir="1" index="0" bw="1" slack="0"/>
</pin_list>
<bind>
<StgValue><ssdm name="mux_case_34433610"/></StgValue>
</bind>
</comp>

<comp id="40" class="1000" name="mux_case_04453618">
<pin_list>
<pin id="41" dir="1" index="0" bw="1" slack="0"/>
</pin_list>
<bind>
<StgValue><ssdm name="mux_case_04453618"/></StgValue>
</bind>
</comp>

<comp id="42" class="1000" name="mux_case_14463626">
<pin_list>
<pin id="43" dir="1" index="0" bw="1" slack="0"/>
</pin_list>
<bind>
<StgValue><ssdm name="mux_case_14463626"/></StgValue>
</bind>
</comp>

<comp id="44" class="1000" name="mux_case_24473634">
<pin_list>
<pin id="45" dir="1" index="0" bw="1" slack="0"/>
</pin_list>
<bind>
<StgValue><ssdm name="mux_case_24473634"/></StgValue>
</bind>
</comp>

<comp id="46" class="1000" name="mux_case_34483642">
<pin_list>
<pin id="47" dir="1" index="0" bw="1" slack="0"/>
</pin_list>
<bind>
<StgValue><ssdm name="mux_case_34483642"/></StgValue>
</bind>
</comp>

<comp id="48" class="1000" name="mux_case_04503651">
<pin_list>
<pin id="49" dir="1" index="0" bw="1" slack="0"/>
</pin_list>
<bind>
<StgValue><ssdm name="mux_case_04503651"/></StgValue>
</bind>
</comp>

<comp id="50" class="1000" name="mux_case_14513660">
<pin_list>
<pin id="51" dir="1" index="0" bw="1" slack="0"/>
</pin_list>
<bind>
<StgValue><ssdm name="mux_case_14513660"/></StgValue>
</bind>
</comp>

<comp id="52" class="1000" name="mux_case_24523668">
<pin_list>
<pin id="53" dir="1" index="0" bw="1" slack="0"/>
</pin_list>
<bind>
<StgValue><ssdm name="mux_case_24523668"/></StgValue>
</bind>
</comp>

<comp id="54" class="1000" name="mux_case_34533676">
<pin_list>
<pin id="55" dir="1" index="0" bw="1" slack="0"/>
</pin_list>
<bind>
<StgValue><ssdm name="mux_case_34533676"/></StgValue>
</bind>
</comp>

<comp id="56" class="1000" name="mux_case_04553684">
<pin_list>
<pin id="57" dir="1" index="0" bw="1" slack="0"/>
</pin_list>
<bind>
<StgValue><ssdm name="mux_case_04553684"/></StgValue>
</bind>
</comp>

<comp id="58" class="1000" name="mux_case_14563692">
<pin_list>
<pin id="59" dir="1" index="0" bw="1" slack="0"/>
</pin_list>
<bind>
<StgValue><ssdm name="mux_case_14563692"/></StgValue>
</bind>
</comp>

<comp id="60" class="1000" name="mux_case_24573701">
<pin_list>
<pin id="61" dir="1" index="0" bw="1" slack="0"/>
</pin_list>
<bind>
<StgValue><ssdm name="mux_case_24573701"/></StgValue>
</bind>
</comp>

<comp id="62" class="1000" name="mux_case_34583709">
<pin_list>
<pin id="63" dir="1" index="0" bw="1" slack="0"/>
</pin_list>
<bind>
<StgValue><ssdm name="mux_case_34583709"/></StgValue>
</bind>
</comp>

<comp id="64" class="1000" name="mux_case_05153915">
<pin_list>
<pin id="65" dir="1" index="0" bw="1" slack="0"/>
</pin_list>
<bind>
<StgValue><ssdm name="mux_case_05153915"/></StgValue>
</bind>
</comp>

<comp id="66" class="1000" name="mux_case_15163923">
<pin_list>
<pin id="67" dir="1" index="0" bw="1" slack="0"/>
</pin_list>
<bind>
<StgValue><ssdm name="mux_case_15163923"/></StgValue>
</bind>
</comp>

<comp id="68" class="1000" name="mux_case_25173931">
<pin_list>
<pin id="69" dir="1" index="0" bw="1" slack="0"/>
</pin_list>
<bind>
<StgValue><ssdm name="mux_case_25173931"/></StgValue>
</bind>
</comp>

<comp id="70" class="1000" name="mux_case_35183940">
<pin_list>
<pin id="71" dir="1" index="0" bw="1" slack="0"/>
</pin_list>
<bind>
<StgValue><ssdm name="mux_case_35183940"/></StgValue>
</bind>
</comp>

<comp id="72" class="1000" name="mux_case_04603717">
<pin_list>
<pin id="73" dir="1" index="0" bw="1" slack="0"/>
</pin_list>
<bind>
<StgValue><ssdm name="mux_case_04603717"/></StgValue>
</bind>
</comp>

<comp id="74" class="1000" name="mux_case_14613726">
<pin_list>
<pin id="75" dir="1" index="0" bw="1" slack="0"/>
</pin_list>
<bind>
<StgValue><ssdm name="mux_case_14613726"/></StgValue>
</bind>
</comp>

<comp id="76" class="1000" name="mux_case_24623734">
<pin_list>
<pin id="77" dir="1" index="0" bw="1" slack="0"/>
</pin_list>
<bind>
<StgValue><ssdm name="mux_case_24623734"/></StgValue>
</bind>
</comp>

<comp id="78" class="1000" name="mux_case_34633742">
<pin_list>
<pin id="79" dir="1" index="0" bw="1" slack="0"/>
</pin_list>
<bind>
<StgValue><ssdm name="mux_case_34633742"/></StgValue>
</bind>
</comp>

<comp id="80" class="1000" name="mux_case_04653750">
<pin_list>
<pin id="81" dir="1" index="0" bw="1" slack="0"/>
</pin_list>
<bind>
<StgValue><ssdm name="mux_case_04653750"/></StgValue>
</bind>
</comp>

<comp id="82" class="1000" name="mux_case_14663758">
<pin_list>
<pin id="83" dir="1" index="0" bw="1" slack="0"/>
</pin_list>
<bind>
<StgValue><ssdm name="mux_case_14663758"/></StgValue>
</bind>
</comp>

<comp id="84" class="1000" name="mux_case_24673767">
<pin_list>
<pin id="85" dir="1" index="0" bw="1" slack="0"/>
</pin_list>
<bind>
<StgValue><ssdm name="mux_case_24673767"/></StgValue>
</bind>
</comp>

<comp id="86" class="1000" name="mux_case_34683775">
<pin_list>
<pin id="87" dir="1" index="0" bw="1" slack="0"/>
</pin_list>
<bind>
<StgValue><ssdm name="mux_case_34683775"/></StgValue>
</bind>
</comp>

<comp id="88" class="1000" name="mux_case_04703783">
<pin_list>
<pin id="89" dir="1" index="0" bw="1" slack="0"/>
</pin_list>
<bind>
<StgValue><ssdm name="mux_case_04703783"/></StgValue>
</bind>
</comp>

<comp id="90" class="1000" name="mux_case_14713791">
<pin_list>
<pin id="91" dir="1" index="0" bw="1" slack="0"/>
</pin_list>
<bind>
<StgValue><ssdm name="mux_case_14713791"/></StgValue>
</bind>
</comp>

<comp id="92" class="1000" name="mux_case_24723799">
<pin_list>
<pin id="93" dir="1" index="0" bw="1" slack="0"/>
</pin_list>
<bind>
<StgValue><ssdm name="mux_case_24723799"/></StgValue>
</bind>
</comp>

<comp id="94" class="1000" name="mux_case_34733808">
<pin_list>
<pin id="95" dir="1" index="0" bw="1" slack="0"/>
</pin_list>
<bind>
<StgValue><ssdm name="mux_case_34733808"/></StgValue>
</bind>
</comp>

<comp id="96" class="1000" name="mux_case_04753816">
<pin_list>
<pin id="97" dir="1" index="0" bw="1" slack="0"/>
</pin_list>
<bind>
<StgValue><ssdm name="mux_case_04753816"/></StgValue>
</bind>
</comp>

<comp id="98" class="1000" name="mux_case_14763824">
<pin_list>
<pin id="99" dir="1" index="0" bw="1" slack="0"/>
</pin_list>
<bind>
<StgValue><ssdm name="mux_case_14763824"/></StgValue>
</bind>
</comp>

<comp id="100" class="1000" name="mux_case_24773832">
<pin_list>
<pin id="101" dir="1" index="0" bw="1" slack="0"/>
</pin_list>
<bind>
<StgValue><ssdm name="mux_case_24773832"/></StgValue>
</bind>
</comp>

<comp id="102" class="1000" name="mux_case_34783840">
<pin_list>
<pin id="103" dir="1" index="0" bw="1" slack="0"/>
</pin_list>
<bind>
<StgValue><ssdm name="mux_case_34783840"/></StgValue>
</bind>
</comp>

<comp id="104" class="1000" name="mux_case_04803849">
<pin_list>
<pin id="105" dir="1" index="0" bw="1" slack="0"/>
</pin_list>
<bind>
<StgValue><ssdm name="mux_case_04803849"/></StgValue>
</bind>
</comp>

<comp id="106" class="1000" name="mux_case_14813858">
<pin_list>
<pin id="107" dir="1" index="0" bw="1" slack="0"/>
</pin_list>
<bind>
<StgValue><ssdm name="mux_case_14813858"/></StgValue>
</bind>
</comp>

<comp id="108" class="1000" name="mux_case_24823866">
<pin_list>
<pin id="109" dir="1" index="0" bw="1" slack="0"/>
</pin_list>
<bind>
<StgValue><ssdm name="mux_case_24823866"/></StgValue>
</bind>
</comp>

<comp id="110" class="1000" name="mux_case_34833874">
<pin_list>
<pin id="111" dir="1" index="0" bw="1" slack="0"/>
</pin_list>
<bind>
<StgValue><ssdm name="mux_case_34833874"/></StgValue>
</bind>
</comp>

<comp id="112" class="1000" name="mux_case_04853882">
<pin_list>
<pin id="113" dir="1" index="0" bw="1" slack="0"/>
</pin_list>
<bind>
<StgValue><ssdm name="mux_case_04853882"/></StgValue>
</bind>
</comp>

<comp id="114" class="1000" name="mux_case_14863890">
<pin_list>
<pin id="115" dir="1" index="0" bw="1" slack="0"/>
</pin_list>
<bind>
<StgValue><ssdm name="mux_case_14863890"/></StgValue>
</bind>
</comp>

<comp id="116" class="1000" name="mux_case_24873899">
<pin_list>
<pin id="117" dir="1" index="0" bw="1" slack="0"/>
</pin_list>
<bind>
<StgValue><ssdm name="mux_case_24873899"/></StgValue>
</bind>
</comp>

<comp id="118" class="1000" name="mux_case_34883907">
<pin_list>
<pin id="119" dir="1" index="0" bw="1" slack="0"/>
</pin_list>
<bind>
<StgValue><ssdm name="mux_case_34883907"/></StgValue>
</bind>
</comp>

<comp id="120" class="1000" name="mux_case_05453948">
<pin_list>
<pin id="121" dir="1" index="0" bw="1" slack="0"/>
</pin_list>
<bind>
<StgValue><ssdm name="mux_case_05453948"/></StgValue>
</bind>
</comp>

<comp id="122" class="1000" name="mux_case_15463956">
<pin_list>
<pin id="123" dir="1" index="0" bw="1" slack="0"/>
</pin_list>
<bind>
<StgValue><ssdm name="mux_case_15463956"/></StgValue>
</bind>
</comp>

<comp id="124" class="1000" name="mux_case_25473964">
<pin_list>
<pin id="125" dir="1" index="0" bw="1" slack="0"/>
</pin_list>
<bind>
<StgValue><ssdm name="mux_case_25473964"/></StgValue>
</bind>
</comp>

<comp id="126" class="1000" name="mux_case_35483973">
<pin_list>
<pin id="127" dir="1" index="0" bw="1" slack="0"/>
</pin_list>
<bind>
<StgValue><ssdm name="mux_case_35483973"/></StgValue>
</bind>
</comp>

<comp id="128" class="1001" name="const_128">
<pin_list>
<pin id="129" dir="1" index="0" bw="1" slack="0"/>
</pin_list>
<bind>
<StgValue><ssdm name=""/></StgValue>
</bind>
</comp>

<comp id="130" class="1001" name="const_130">
<pin_list>
<pin id="131" dir="1" index="0" bw="1" slack="0"/>
</pin_list>
<bind>
<StgValue><ssdm name="_ssdm_op_Read.ap_auto.float"/></StgValue>
</bind>
</comp>

<comp id="132" class="1001" name="const_132">
<pin_list>
<pin id="133" dir="1" index="0" bw="1" slack="0"/>
</pin_list>
<bind>
<StgValue><ssdm name=""/></StgValue>
</bind>
</comp>

<comp id="134" class="1001" name="const_134">
<pin_list>
<pin id="135" dir="1" index="0" bw="1" slack="0"/>
</pin_list>
<bind>
<StgValue><ssdm name=""/></StgValue>
</bind>
</comp>

<comp id="136" class="1001" name="const_136">
<pin_list>
<pin id="137" dir="1" index="0" bw="1" slack="0"/>
</pin_list>
<bind>
<StgValue><ssdm name=""/></StgValue>
</bind>
</comp>

<comp id="138" class="1001" name="const_138">
<pin_list>
<pin id="139" dir="1" index="0" bw="1" slack="0"/>
</pin_list>
<bind>
<StgValue><ssdm name=""/></StgValue>
</bind>
</comp>

<comp id="140" class="1001" name="const_140">
<pin_list>
<pin id="141" dir="1" index="0" bw="1" slack="2147483647"/>
</pin_list>
<bind>
<StgValue><ssdm name="_ssdm_op_SpecLoopName"/></StgValue>
</bind>
</comp>

<comp id="142" class="1001" name="const_142">
<pin_list>
<pin id="143" dir="1" index="0" bw="1" slack="2147483647"/>
</pin_list>
<bind>
<StgValue><ssdm name="VITIS_LOOP_181_6_VITIS_LOOP_183_7_str"/></StgValue>
</bind>
</comp>

<comp id="144" class="1001" name="const_144">
<pin_list>
<pin id="145" dir="1" index="0" bw="1" slack="2147483647"/>
</pin_list>
<bind>
<StgValue><ssdm name="_ssdm_op_SpecLoopTripCount"/></StgValue>
</bind>
</comp>

<comp id="146" class="1001" name="const_146">
<pin_list>
<pin id="147" dir="1" index="0" bw="1" slack="2147483647"/>
</pin_list>
<bind>
<StgValue><ssdm name=""/></StgValue>
</bind>
</comp>

<comp id="148" class="1001" name="const_148">
<pin_list>
<pin id="149" dir="1" index="0" bw="1" slack="0"/>
</pin_list>
<bind>
<StgValue><ssdm name=""/></StgValue>
</bind>
</comp>

<comp id="150" class="1001" name="const_150">
<pin_list>
<pin id="151" dir="1" index="0" bw="1" slack="0"/>
</pin_list>
<bind>
<StgValue><ssdm name=""/></StgValue>
</bind>
</comp>

<comp id="152" class="1001" name="const_152">
<pin_list>
<pin id="153" dir="1" index="0" bw="1" slack="0"/>
</pin_list>
<bind>
<StgValue><ssdm name=""/></StgValue>
</bind>
</comp>

<comp id="154" class="1001" name="const_154">
<pin_list>
<pin id="155" dir="1" index="0" bw="1" slack="2147483647"/>
</pin_list>
<bind>
<StgValue><ssdm name="_ssdm_op_SpecPipeline"/></StgValue>
</bind>
</comp>

<comp id="156" class="1001" name="const_156">
<pin_list>
<pin id="157" dir="1" index="0" bw="1" slack="2147483647"/>
</pin_list>
<bind>
<StgValue><ssdm name=""/></StgValue>
</bind>
</comp>

<comp id="158" class="1001" name="const_158">
<pin_list>
<pin id="159" dir="1" index="0" bw="1" slack="2147483647"/>
</pin_list>
<bind>
<StgValue><ssdm name=""/></StgValue>
</bind>
</comp>

<comp id="160" class="1001" name="const_160">
<pin_list>
<pin id="161" dir="1" index="0" bw="1" slack="2147483647"/>
</pin_list>
<bind>
<StgValue><ssdm name="empty_0"/></StgValue>
</bind>
</comp>

<comp id="162" class="1001" name="const_162">
<pin_list>
<pin id="163" dir="1" index="0" bw="1" slack="0"/>
</pin_list>
<bind>
<StgValue><ssdm name="_ssdm_op_SparseMux.ap_auto.4f32.f32.i2"/></StgValue>
</bind>
</comp>

<comp id="164" class="1001" name="const_164">
<pin_list>
<pin id="165" dir="1" index="0" bw="1" slack="0"/>
</pin_list>
<bind>
<StgValue><ssdm name=""/></StgValue>
</bind>
</comp>

<comp id="166" class="1001" name="const_166">
<pin_list>
<pin id="167" dir="1" index="0" bw="1" slack="0"/>
</pin_list>
<bind>
<StgValue><ssdm name=""/></StgValue>
</bind>
</comp>

<comp id="168" class="1001" name="const_168">
<pin_list>
<pin id="169" dir="1" index="0" bw="1" slack="0"/>
</pin_list>
<bind>
<StgValue><ssdm name=""/></StgValue>
</bind>
</comp>

<comp id="170" class="1001" name="const_170">
<pin_list>
<pin id="171" dir="1" index="0" bw="1" slack="0"/>
</pin_list>
<bind>
<StgValue><ssdm name=""/></StgValue>
</bind>
</comp>

<comp id="172" class="1001" name="const_172">
<pin_list>
<pin id="173" dir="1" index="0" bw="1" slack="0"/>
</pin_list>
<bind>
<StgValue><ssdm name=""/></StgValue>
</bind>
</comp>

<comp id="174" class="1001" name="const_174">
<pin_list>
<pin id="175" dir="1" index="0" bw="1" slack="0"/>
</pin_list>
<bind>
<StgValue><ssdm name="_ssdm_op_SparseMux.ap_auto.7f32.f32.i3"/></StgValue>
</bind>
</comp>

<comp id="176" class="1001" name="const_176">
<pin_list>
<pin id="177" dir="1" index="0" bw="1" slack="0"/>
</pin_list>
<bind>
<StgValue><ssdm name=""/></StgValue>
</bind>
</comp>

<comp id="178" class="1001" name="const_178">
<pin_list>
<pin id="179" dir="1" index="0" bw="1" slack="0"/>
</pin_list>
<bind>
<StgValue><ssdm name=""/></StgValue>
</bind>
</comp>

<comp id="180" class="1001" name="const_180">
<pin_list>
<pin id="181" dir="1" index="0" bw="1" slack="0"/>
</pin_list>
<bind>
<StgValue><ssdm name=""/></StgValue>
</bind>
</comp>

<comp id="182" class="1001" name="const_182">
<pin_list>
<pin id="183" dir="1" index="0" bw="1" slack="0"/>
</pin_list>
<bind>
<StgValue><ssdm name=""/></StgValue>
</bind>
</comp>

<comp id="184" class="1004" name="j_fu_184">
<pin_list>
<pin id="185" dir="0" index="0" bw="1" slack="0"/>
<pin id="186" dir="1" index="1" bw="3" slack="0"/>
</pin_list>
<bind>
<opcode="alloca(26) " fcode="alloca"/>
<opset="j/1 "/>
</bind>
</comp>

<comp id="188" class="1004" name="i_fu_188">
<pin_list>
<pin id="189" dir="0" index="0" bw="1" slack="0"/>
<pin id="190" dir="1" index="1" bw="3" slack="0"/>
</pin_list>
<bind>
<opcode="alloca(26) " fcode="alloca"/>
<opset="i/1 "/>
</bind>
</comp>

<comp id="192" class="1004" name="indvar_flatten40_fu_192">
<pin_list>
<pin id="193" dir="0" index="0" bw="1" slack="0"/>
<pin id="194" dir="1" index="1" bw="5" slack="0"/>
</pin_list>
<bind>
<opcode="alloca(26) " fcode="alloca"/>
<opset="indvar_flatten40/1 "/>
</bind>
</comp>

<comp id="196" class="1004" name="mux_case_35483973_read_read_fu_196">
<pin_list>
<pin id="197" dir="0" index="0" bw="32" slack="0"/>
<pin id="198" dir="0" index="1" bw="32" slack="0"/>
<pin id="199" dir="1" index="2" bw="32" slack="0"/>
</pin_list>
<bind>
<opcode="read(1150) " fcode="read"/>
<opset="mux_case_35483973_read/1 "/>
</bind>
</comp>

<comp id="202" class="1004" name="mux_case_25473964_read_read_fu_202">
<pin_list>
<pin id="203" dir="0" index="0" bw="32" slack="0"/>
<pin id="204" dir="0" index="1" bw="32" slack="0"/>
<pin id="205" dir="1" index="2" bw="32" slack="0"/>
</pin_list>
<bind>
<opcode="read(1150) " fcode="read"/>
<opset="mux_case_25473964_read/1 "/>
</bind>
</comp>

<comp id="208" class="1004" name="mux_case_15463956_read_read_fu_208">
<pin_list>
<pin id="209" dir="0" index="0" bw="32" slack="0"/>
<pin id="210" dir="0" index="1" bw="32" slack="0"/>
<pin id="211" dir="1" index="2" bw="32" slack="0"/>
</pin_list>
<bind>
<opcode="read(1150) " fcode="read"/>
<opset="mux_case_15463956_read/1 "/>
</bind>
</comp>

<comp id="214" class="1004" name="mux_case_05453948_read_read_fu_214">
<pin_list>
<pin id="215" dir="0" index="0" bw="32" slack="0"/>
<pin id="216" dir="0" index="1" bw="32" slack="0"/>
<pin id="217" dir="1" index="2" bw="32" slack="0"/>
</pin_list>
<bind>
<opcode="read(1150) " fcode="read"/>
<opset="mux_case_05453948_read/1 "/>
</bind>
</comp>

<comp id="220" class="1004" name="mux_case_34883907_read_read_fu_220">
<pin_list>
<pin id="221" dir="0" index="0" bw="32" slack="0"/>
<pin id="222" dir="0" index="1" bw="32" slack="0"/>
<pin id="223" dir="1" index="2" bw="32" slack="0"/>
</pin_list>
<bind>
<opcode="read(1150) " fcode="read"/>
<opset="mux_case_34883907_read/1 "/>
</bind>
</comp>

<comp id="226" class="1004" name="mux_case_24873899_read_read_fu_226">
<pin_list>
<pin id="227" dir="0" index="0" bw="32" slack="0"/>
<pin id="228" dir="0" index="1" bw="32" slack="0"/>
<pin id="229" dir="1" index="2" bw="32" slack="0"/>
</pin_list>
<bind>
<opcode="read(1150) " fcode="read"/>
<opset="mux_case_24873899_read/1 "/>
</bind>
</comp>

<comp id="232" class="1004" name="mux_case_14863890_read_read_fu_232">
<pin_list>
<pin id="233" dir="0" index="0" bw="32" slack="0"/>
<pin id="234" dir="0" index="1" bw="32" slack="0"/>
<pin id="235" dir="1" index="2" bw="32" slack="0"/>
</pin_list>
<bind>
<opcode="read(1150) " fcode="read"/>
<opset="mux_case_14863890_read/1 "/>
</bind>
</comp>

<comp id="238" class="1004" name="mux_case_04853882_read_read_fu_238">
<pin_list>
<pin id="239" dir="0" index="0" bw="32" slack="0"/>
<pin id="240" dir="0" index="1" bw="32" slack="0"/>
<pin id="241" dir="1" index="2" bw="32" slack="0"/>
</pin_list>
<bind>
<opcode="read(1150) " fcode="read"/>
<opset="mux_case_04853882_read/1 "/>
</bind>
</comp>

<comp id="244" class="1004" name="mux_case_34833874_read_read_fu_244">
<pin_list>
<pin id="245" dir="0" index="0" bw="32" slack="0"/>
<pin id="246" dir="0" index="1" bw="32" slack="0"/>
<pin id="247" dir="1" index="2" bw="32" slack="0"/>
</pin_list>
<bind>
<opcode="read(1150) " fcode="read"/>
<opset="mux_case_34833874_read/1 "/>
</bind>
</comp>

<comp id="250" class="1004" name="mux_case_24823866_read_read_fu_250">
<pin_list>
<pin id="251" dir="0" index="0" bw="32" slack="0"/>
<pin id="252" dir="0" index="1" bw="32" slack="0"/>
<pin id="253" dir="1" index="2" bw="32" slack="0"/>
</pin_list>
<bind>
<opcode="read(1150) " fcode="read"/>
<opset="mux_case_24823866_read/1 "/>
</bind>
</comp>

<comp id="256" class="1004" name="mux_case_14813858_read_read_fu_256">
<pin_list>
<pin id="257" dir="0" index="0" bw="32" slack="0"/>
<pin id="258" dir="0" index="1" bw="32" slack="0"/>
<pin id="259" dir="1" index="2" bw="32" slack="0"/>
</pin_list>
<bind>
<opcode="read(1150) " fcode="read"/>
<opset="mux_case_14813858_read/1 "/>
</bind>
</comp>

<comp id="262" class="1004" name="mux_case_04803849_read_read_fu_262">
<pin_list>
<pin id="263" dir="0" index="0" bw="32" slack="0"/>
<pin id="264" dir="0" index="1" bw="32" slack="0"/>
<pin id="265" dir="1" index="2" bw="32" slack="0"/>
</pin_list>
<bind>
<opcode="read(1150) " fcode="read"/>
<opset="mux_case_04803849_read/1 "/>
</bind>
</comp>

<comp id="268" class="1004" name="mux_case_34783840_read_read_fu_268">
<pin_list>
<pin id="269" dir="0" index="0" bw="32" slack="0"/>
<pin id="270" dir="0" index="1" bw="32" slack="0"/>
<pin id="271" dir="1" index="2" bw="32" slack="0"/>
</pin_list>
<bind>
<opcode="read(1150) " fcode="read"/>
<opset="mux_case_34783840_read/1 "/>
</bind>
</comp>

<comp id="274" class="1004" name="mux_case_24773832_read_read_fu_274">
<pin_list>
<pin id="275" dir="0" index="0" bw="32" slack="0"/>
<pin id="276" dir="0" index="1" bw="32" slack="0"/>
<pin id="277" dir="1" index="2" bw="32" slack="0"/>
</pin_list>
<bind>
<opcode="read(1150) " fcode="read"/>
<opset="mux_case_24773832_read/1 "/>
</bind>
</comp>

<comp id="280" class="1004" name="mux_case_14763824_read_read_fu_280">
<pin_list>
<pin id="281" dir="0" index="0" bw="32" slack="0"/>
<pin id="282" dir="0" index="1" bw="32" slack="0"/>
<pin id="283" dir="1" index="2" bw="32" slack="0"/>
</pin_list>
<bind>
<opcode="read(1150) " fcode="read"/>
<opset="mux_case_14763824_read/1 "/>
</bind>
</comp>

<comp id="286" class="1004" name="mux_case_04753816_read_read_fu_286">
<pin_list>
<pin id="287" dir="0" index="0" bw="32" slack="0"/>
<pin id="288" dir="0" index="1" bw="32" slack="0"/>
<pin id="289" dir="1" index="2" bw="32" slack="0"/>
</pin_list>
<bind>
<opcode="read(1150) " fcode="read"/>
<opset="mux_case_04753816_read/1 "/>
</bind>
</comp>

<comp id="292" class="1004" name="mux_case_34733808_read_read_fu_292">
<pin_list>
<pin id="293" dir="0" index="0" bw="32" slack="0"/>
<pin id="294" dir="0" index="1" bw="32" slack="0"/>
<pin id="295" dir="1" index="2" bw="32" slack="0"/>
</pin_list>
<bind>
<opcode="read(1150) " fcode="read"/>
<opset="mux_case_34733808_read/1 "/>
</bind>
</comp>

<comp id="298" class="1004" name="mux_case_24723799_read_read_fu_298">
<pin_list>
<pin id="299" dir="0" index="0" bw="32" slack="0"/>
<pin id="300" dir="0" index="1" bw="32" slack="0"/>
<pin id="301" dir="1" index="2" bw="32" slack="0"/>
</pin_list>
<bind>
<opcode="read(1150) " fcode="read"/>
<opset="mux_case_24723799_read/1 "/>
</bind>
</comp>

<comp id="304" class="1004" name="mux_case_14713791_read_read_fu_304">
<pin_list>
<pin id="305" dir="0" index="0" bw="32" slack="0"/>
<pin id="306" dir="0" index="1" bw="32" slack="0"/>
<pin id="307" dir="1" index="2" bw="32" slack="0"/>
</pin_list>
<bind>
<opcode="read(1150) " fcode="read"/>
<opset="mux_case_14713791_read/1 "/>
</bind>
</comp>

<comp id="310" class="1004" name="mux_case_04703783_read_read_fu_310">
<pin_list>
<pin id="311" dir="0" index="0" bw="32" slack="0"/>
<pin id="312" dir="0" index="1" bw="32" slack="0"/>
<pin id="313" dir="1" index="2" bw="32" slack="0"/>
</pin_list>
<bind>
<opcode="read(1150) " fcode="read"/>
<opset="mux_case_04703783_read/1 "/>
</bind>
</comp>

<comp id="316" class="1004" name="mux_case_34683775_read_read_fu_316">
<pin_list>
<pin id="317" dir="0" index="0" bw="32" slack="0"/>
<pin id="318" dir="0" index="1" bw="32" slack="0"/>
<pin id="319" dir="1" index="2" bw="32" slack="0"/>
</pin_list>
<bind>
<opcode="read(1150) " fcode="read"/>
<opset="mux_case_34683775_read/1 "/>
</bind>
</comp>

<comp id="322" class="1004" name="mux_case_24673767_read_read_fu_322">
<pin_list>
<pin id="323" dir="0" index="0" bw="32" slack="0"/>
<pin id="324" dir="0" index="1" bw="32" slack="0"/>
<pin id="325" dir="1" index="2" bw="32" slack="0"/>
</pin_list>
<bind>
<opcode="read(1150) " fcode="read"/>
<opset="mux_case_24673767_read/1 "/>
</bind>
</comp>

<comp id="328" class="1004" name="mux_case_14663758_read_read_fu_328">
<pin_list>
<pin id="329" dir="0" index="0" bw="32" slack="0"/>
<pin id="330" dir="0" index="1" bw="32" slack="0"/>
<pin id="331" dir="1" index="2" bw="32" slack="0"/>
</pin_list>
<bind>
<opcode="read(1150) " fcode="read"/>
<opset="mux_case_14663758_read/1 "/>
</bind>
</comp>

<comp id="334" class="1004" name="mux_case_04653750_read_read_fu_334">
<pin_list>
<pin id="335" dir="0" index="0" bw="32" slack="0"/>
<pin id="336" dir="0" index="1" bw="32" slack="0"/>
<pin id="337" dir="1" index="2" bw="32" slack="0"/>
</pin_list>
<bind>
<opcode="read(1150) " fcode="read"/>
<opset="mux_case_04653750_read/1 "/>
</bind>
</comp>

<comp id="340" class="1004" name="mux_case_34633742_read_read_fu_340">
<pin_list>
<pin id="341" dir="0" index="0" bw="32" slack="0"/>
<pin id="342" dir="0" index="1" bw="32" slack="0"/>
<pin id="343" dir="1" index="2" bw="32" slack="0"/>
</pin_list>
<bind>
<opcode="read(1150) " fcode="read"/>
<opset="mux_case_34633742_read/1 "/>
</bind>
</comp>

<comp id="346" class="1004" name="mux_case_24623734_read_read_fu_346">
<pin_list>
<pin id="347" dir="0" index="0" bw="32" slack="0"/>
<pin id="348" dir="0" index="1" bw="32" slack="0"/>
<pin id="349" dir="1" index="2" bw="32" slack="0"/>
</pin_list>
<bind>
<opcode="read(1150) " fcode="read"/>
<opset="mux_case_24623734_read/1 "/>
</bind>
</comp>

<comp id="352" class="1004" name="mux_case_14613726_read_read_fu_352">
<pin_list>
<pin id="353" dir="0" index="0" bw="32" slack="0"/>
<pin id="354" dir="0" index="1" bw="32" slack="0"/>
<pin id="355" dir="1" index="2" bw="32" slack="0"/>
</pin_list>
<bind>
<opcode="read(1150) " fcode="read"/>
<opset="mux_case_14613726_read/1 "/>
</bind>
</comp>

<comp id="358" class="1004" name="mux_case_04603717_read_read_fu_358">
<pin_list>
<pin id="359" dir="0" index="0" bw="32" slack="0"/>
<pin id="360" dir="0" index="1" bw="32" slack="0"/>
<pin id="361" dir="1" index="2" bw="32" slack="0"/>
</pin_list>
<bind>
<opcode="read(1150) " fcode="read"/>
<opset="mux_case_04603717_read/1 "/>
</bind>
</comp>

<comp id="364" class="1004" name="mux_case_35183940_read_read_fu_364">
<pin_list>
<pin id="365" dir="0" index="0" bw="32" slack="0"/>
<pin id="366" dir="0" index="1" bw="32" slack="0"/>
<pin id="367" dir="1" index="2" bw="32" slack="0"/>
</pin_list>
<bind>
<opcode="read(1150) " fcode="read"/>
<opset="mux_case_35183940_read/1 "/>
</bind>
</comp>

<comp id="370" class="1004" name="mux_case_25173931_read_read_fu_370">
<pin_list>
<pin id="371" dir="0" index="0" bw="32" slack="0"/>
<pin id="372" dir="0" index="1" bw="32" slack="0"/>
<pin id="373" dir="1" index="2" bw="32" slack="0"/>
</pin_list>
<bind>
<opcode="read(1150) " fcode="read"/>
<opset="mux_case_25173931_read/1 "/>
</bind>
</comp>

<comp id="376" class="1004" name="mux_case_15163923_read_read_fu_376">
<pin_list>
<pin id="377" dir="0" index="0" bw="32" slack="0"/>
<pin id="378" dir="0" index="1" bw="32" slack="0"/>
<pin id="379" dir="1" index="2" bw="32" slack="0"/>
</pin_list>
<bind>
<opcode="read(1150) " fcode="read"/>
<opset="mux_case_15163923_read/1 "/>
</bind>
</comp>

<comp id="382" class="1004" name="mux_case_05153915_read_read_fu_382">
<pin_list>
<pin id="383" dir="0" index="0" bw="32" slack="0"/>
<pin id="384" dir="0" index="1" bw="32" slack="0"/>
<pin id="385" dir="1" index="2" bw="32" slack="0"/>
</pin_list>
<bind>
<opcode="read(1150) " fcode="read"/>
<opset="mux_case_05153915_read/1 "/>
</bind>
</comp>

<comp id="388" class="1004" name="mux_case_34583709_read_read_fu_388">
<pin_list>
<pin id="389" dir="0" index="0" bw="32" slack="0"/>
<pin id="390" dir="0" index="1" bw="32" slack="0"/>
<pin id="391" dir="1" index="2" bw="32" slack="0"/>
</pin_list>
<bind>
<opcode="read(1150) " fcode="read"/>
<opset="mux_case_34583709_read/1 "/>
</bind>
</comp>

<comp id="394" class="1004" name="mux_case_24573701_read_read_fu_394">
<pin_list>
<pin id="395" dir="0" index="0" bw="32" slack="0"/>
<pin id="396" dir="0" index="1" bw="32" slack="0"/>
<pin id="397" dir="1" index="2" bw="32" slack="0"/>
</pin_list>
<bind>
<opcode="read(1150) " fcode="read"/>
<opset="mux_case_24573701_read/1 "/>
</bind>
</comp>

<comp id="400" class="1004" name="mux_case_14563692_read_read_fu_400">
<pin_list>
<pin id="401" dir="0" index="0" bw="32" slack="0"/>
<pin id="402" dir="0" index="1" bw="32" slack="0"/>
<pin id="403" dir="1" index="2" bw="32" slack="0"/>
</pin_list>
<bind>
<opcode="read(1150) " fcode="read"/>
<opset="mux_case_14563692_read/1 "/>
</bind>
</comp>

<comp id="406" class="1004" name="mux_case_04553684_read_read_fu_406">
<pin_list>
<pin id="407" dir="0" index="0" bw="32" slack="0"/>
<pin id="408" dir="0" index="1" bw="32" slack="0"/>
<pin id="409" dir="1" index="2" bw="32" slack="0"/>
</pin_list>
<bind>
<opcode="read(1150) " fcode="read"/>
<opset="mux_case_04553684_read/1 "/>
</bind>
</comp>

<comp id="412" class="1004" name="mux_case_34533676_read_read_fu_412">
<pin_list>
<pin id="413" dir="0" index="0" bw="32" slack="0"/>
<pin id="414" dir="0" index="1" bw="32" slack="0"/>
<pin id="415" dir="1" index="2" bw="32" slack="0"/>
</pin_list>
<bind>
<opcode="read(1150) " fcode="read"/>
<opset="mux_case_34533676_read/1 "/>
</bind>
</comp>

<comp id="418" class="1004" name="mux_case_24523668_read_read_fu_418">
<pin_list>
<pin id="419" dir="0" index="0" bw="32" slack="0"/>
<pin id="420" dir="0" index="1" bw="32" slack="0"/>
<pin id="421" dir="1" index="2" bw="32" slack="0"/>
</pin_list>
<bind>
<opcode="read(1150) " fcode="read"/>
<opset="mux_case_24523668_read/1 "/>
</bind>
</comp>

<comp id="424" class="1004" name="mux_case_14513660_read_read_fu_424">
<pin_list>
<pin id="425" dir="0" index="0" bw="32" slack="0"/>
<pin id="426" dir="0" index="1" bw="32" slack="0"/>
<pin id="427" dir="1" index="2" bw="32" slack="0"/>
</pin_list>
<bind>
<opcode="read(1150) " fcode="read"/>
<opset="mux_case_14513660_read/1 "/>
</bind>
</comp>

<comp id="430" class="1004" name="mux_case_04503651_read_read_fu_430">
<pin_list>
<pin id="431" dir="0" index="0" bw="32" slack="0"/>
<pin id="432" dir="0" index="1" bw="32" slack="0"/>
<pin id="433" dir="1" index="2" bw="32" slack="0"/>
</pin_list>
<bind>
<opcode="read(1150) " fcode="read"/>
<opset="mux_case_04503651_read/1 "/>
</bind>
</comp>

<comp id="436" class="1004" name="mux_case_34483642_read_read_fu_436">
<pin_list>
<pin id="437" dir="0" index="0" bw="32" slack="0"/>
<pin id="438" dir="0" index="1" bw="32" slack="0"/>
<pin id="439" dir="1" index="2" bw="32" slack="0"/>
</pin_list>
<bind>
<opcode="read(1150) " fcode="read"/>
<opset="mux_case_34483642_read/1 "/>
</bind>
</comp>

<comp id="442" class="1004" name="mux_case_24473634_read_read_fu_442">
<pin_list>
<pin id="443" dir="0" index="0" bw="32" slack="0"/>
<pin id="444" dir="0" index="1" bw="32" slack="0"/>
<pin id="445" dir="1" index="2" bw="32" slack="0"/>
</pin_list>
<bind>
<opcode="read(1150) " fcode="read"/>
<opset="mux_case_24473634_read/1 "/>
</bind>
</comp>

<comp id="448" class="1004" name="mux_case_14463626_read_read_fu_448">
<pin_list>
<pin id="449" dir="0" index="0" bw="32" slack="0"/>
<pin id="450" dir="0" index="1" bw="32" slack="0"/>
<pin id="451" dir="1" index="2" bw="32" slack="0"/>
</pin_list>
<bind>
<opcode="read(1150) " fcode="read"/>
<opset="mux_case_14463626_read/1 "/>
</bind>
</comp>

<comp id="454" class="1004" name="mux_case_04453618_read_read_fu_454">
<pin_list>
<pin id="455" dir="0" index="0" bw="32" slack="0"/>
<pin id="456" dir="0" index="1" bw="32" slack="0"/>
<pin id="457" dir="1" index="2" bw="32" slack="0"/>
</pin_list>
<bind>
<opcode="read(1150) " fcode="read"/>
<opset="mux_case_04453618_read/1 "/>
</bind>
</comp>

<comp id="460" class="1004" name="mux_case_34433610_read_read_fu_460">
<pin_list>
<pin id="461" dir="0" index="0" bw="32" slack="0"/>
<pin id="462" dir="0" index="1" bw="32" slack="0"/>
<pin id="463" dir="1" index="2" bw="32" slack="0"/>
</pin_list>
<bind>
<opcode="read(1150) " fcode="read"/>
<opset="mux_case_34433610_read/1 "/>
</bind>
</comp>

<comp id="466" class="1004" name="mux_case_24423601_read_read_fu_466">
<pin_list>
<pin id="467" dir="0" index="0" bw="32" slack="0"/>
<pin id="468" dir="0" index="1" bw="32" slack="0"/>
<pin id="469" dir="1" index="2" bw="32" slack="0"/>
</pin_list>
<bind>
<opcode="read(1150) " fcode="read"/>
<opset="mux_case_24423601_read/1 "/>
</bind>
</comp>

<comp id="472" class="1004" name="mux_case_14413593_read_read_fu_472">
<pin_list>
<pin id="473" dir="0" index="0" bw="32" slack="0"/>
<pin id="474" dir="0" index="1" bw="32" slack="0"/>
<pin id="475" dir="1" index="2" bw="32" slack="0"/>
</pin_list>
<bind>
<opcode="read(1150) " fcode="read"/>
<opset="mux_case_14413593_read/1 "/>
</bind>
</comp>

<comp id="478" class="1004" name="mux_case_04403585_read_read_fu_478">
<pin_list>
<pin id="479" dir="0" index="0" bw="32" slack="0"/>
<pin id="480" dir="0" index="1" bw="32" slack="0"/>
<pin id="481" dir="1" index="2" bw="32" slack="0"/>
</pin_list>
<bind>
<opcode="read(1150) " fcode="read"/>
<opset="mux_case_04403585_read/1 "/>
</bind>
</comp>

<comp id="484" class="1004" name="mux_case_34383577_read_read_fu_484">
<pin_list>
<pin id="485" dir="0" index="0" bw="32" slack="0"/>
<pin id="486" dir="0" index="1" bw="32" slack="0"/>
<pin id="487" dir="1" index="2" bw="32" slack="0"/>
</pin_list>
<bind>
<opcode="read(1150) " fcode="read"/>
<opset="mux_case_34383577_read/1 "/>
</bind>
</comp>

<comp id="490" class="1004" name="mux_case_24373569_read_read_fu_490">
<pin_list>
<pin id="491" dir="0" index="0" bw="32" slack="0"/>
<pin id="492" dir="0" index="1" bw="32" slack="0"/>
<pin id="493" dir="1" index="2" bw="32" slack="0"/>
</pin_list>
<bind>
<opcode="read(1150) " fcode="read"/>
<opset="mux_case_24373569_read/1 "/>
</bind>
</comp>

<comp id="496" class="1004" name="mux_case_14363560_read_read_fu_496">
<pin_list>
<pin id="497" dir="0" index="0" bw="32" slack="0"/>
<pin id="498" dir="0" index="1" bw="32" slack="0"/>
<pin id="499" dir="1" index="2" bw="32" slack="0"/>
</pin_list>
<bind>
<opcode="read(1150) " fcode="read"/>
<opset="mux_case_14363560_read/1 "/>
</bind>
</comp>

<comp id="502" class="1004" name="mux_case_04353552_read_read_fu_502">
<pin_list>
<pin id="503" dir="0" index="0" bw="32" slack="0"/>
<pin id="504" dir="0" index="1" bw="32" slack="0"/>
<pin id="505" dir="1" index="2" bw="32" slack="0"/>
</pin_list>
<bind>
<opcode="read(1150) " fcode="read"/>
<opset="mux_case_04353552_read/1 "/>
</bind>
</comp>

<comp id="508" class="1004" name="mux_case_34333544_read_read_fu_508">
<pin_list>
<pin id="509" dir="0" index="0" bw="32" slack="0"/>
<pin id="510" dir="0" index="1" bw="32" slack="0"/>
<pin id="511" dir="1" index="2" bw="32" slack="0"/>
</pin_list>
<bind>
<opcode="read(1150) " fcode="read"/>
<opset="mux_case_34333544_read/1 "/>
</bind>
</comp>

<comp id="514" class="1004" name="mux_case_24323536_read_read_fu_514">
<pin_list>
<pin id="515" dir="0" index="0" bw="32" slack="0"/>
<pin id="516" dir="0" index="1" bw="32" slack="0"/>
<pin id="517" dir="1" index="2" bw="32" slack="0"/>
</pin_list>
<bind>
<opcode="read(1150) " fcode="read"/>
<opset="mux_case_24323536_read/1 "/>
</bind>
</comp>

<comp id="520" class="1004" name="mux_case_14313528_read_read_fu_520">
<pin_list>
<pin id="521" dir="0" index="0" bw="32" slack="0"/>
<pin id="522" dir="0" index="1" bw="32" slack="0"/>
<pin id="523" dir="1" index="2" bw="32" slack="0"/>
</pin_list>
<bind>
<opcode="read(1150) " fcode="read"/>
<opset="mux_case_14313528_read/1 "/>
</bind>
</comp>

<comp id="526" class="1004" name="mux_case_04303519_read_read_fu_526">
<pin_list>
<pin id="527" dir="0" index="0" bw="32" slack="0"/>
<pin id="528" dir="0" index="1" bw="32" slack="0"/>
<pin id="529" dir="1" index="2" bw="32" slack="0"/>
</pin_list>
<bind>
<opcode="read(1150) " fcode="read"/>
<opset="mux_case_04303519_read/1 "/>
</bind>
</comp>

<comp id="532" class="1004" name="Q_out_real_addr_gep_fu_532">
<pin_list>
<pin id="533" dir="0" index="0" bw="32" slack="0"/>
<pin id="534" dir="0" index="1" bw="1" slack="0"/>
<pin id="535" dir="0" index="2" bw="3" slack="0"/>
<pin id="536" dir="1" index="3" bw="3" slack="0"/>
</pin_list>
<bind>
<opcode="getelementptr(29) " fcode="getelementptr"/>
<opset="Q_out_real_addr/1 "/>
</bind>
</comp>

<comp id="539" class="1004" name="Q_out_real_1_addr_gep_fu_539">
<pin_list>
<pin id="540" dir="0" index="0" bw="32" slack="0"/>
<pin id="541" dir="0" index="1" bw="1" slack="0"/>
<pin id="542" dir="0" index="2" bw="3" slack="0"/>
<pin id="543" dir="1" index="3" bw="3" slack="0"/>
</pin_list>
<bind>
<opcode="getelementptr(29) " fcode="getelementptr"/>
<opset="Q_out_real_1_addr/1 "/>
</bind>
</comp>

<comp id="546" class="1004" name="Q_out_real_2_addr_gep_fu_546">
<pin_list>
<pin id="547" dir="0" index="0" bw="32" slack="0"/>
<pin id="548" dir="0" index="1" bw="1" slack="0"/>
<pin id="549" dir="0" index="2" bw="3" slack="0"/>
<pin id="550" dir="1" index="3" bw="3" slack="0"/>
</pin_list>
<bind>
<opcode="getelementptr(29) " fcode="getelementptr"/>
<opset="Q_out_real_2_addr/1 "/>
</bind>
</comp>

<comp id="553" class="1004" name="Q_out_real_3_addr_gep_fu_553">
<pin_list>
<pin id="554" dir="0" index="0" bw="32" slack="0"/>
<pin id="555" dir="0" index="1" bw="1" slack="0"/>
<pin id="556" dir="0" index="2" bw="3" slack="0"/>
<pin id="557" dir="1" index="3" bw="3" slack="0"/>
</pin_list>
<bind>
<opcode="getelementptr(29) " fcode="getelementptr"/>
<opset="Q_out_real_3_addr/1 "/>
</bind>
</comp>

<comp id="560" class="1004" name="Q_out_imag_addr_gep_fu_560">
<pin_list>
<pin id="561" dir="0" index="0" bw="32" slack="0"/>
<pin id="562" dir="0" index="1" bw="1" slack="0"/>
<pin id="563" dir="0" index="2" bw="3" slack="0"/>
<pin id="564" dir="1" index="3" bw="3" slack="0"/>
</pin_list>
<bind>
<opcode="getelementptr(29) " fcode="getelementptr"/>
<opset="Q_out_imag_addr/1 "/>
</bind>
</comp>

<comp id="567" class="1004" name="Q_out_imag_1_addr_gep_fu_567">
<pin_list>
<pin id="568" dir="0" index="0" bw="32" slack="0"/>
<pin id="569" dir="0" index="1" bw="1" slack="0"/>
<pin id="570" dir="0" index="2" bw="3" slack="0"/>
<pin id="571" dir="1" index="3" bw="3" slack="0"/>
</pin_list>
<bind>
<opcode="getelementptr(29) " fcode="getelementptr"/>
<opset="Q_out_imag_1_addr/1 "/>
</bind>
</comp>

<comp id="574" class="1004" name="Q_out_imag_2_addr_gep_fu_574">
<pin_list>
<pin id="575" dir="0" index="0" bw="32" slack="0"/>
<pin id="576" dir="0" index="1" bw="1" slack="0"/>
<pin id="577" dir="0" index="2" bw="3" slack="0"/>
<pin id="578" dir="1" index="3" bw="3" slack="0"/>
</pin_list>
<bind>
<opcode="getelementptr(29) " fcode="getelementptr"/>
<opset="Q_out_imag_2_addr/1 "/>
</bind>
</comp>

<comp id="581" class="1004" name="Q_out_imag_3_addr_gep_fu_581">
<pin_list>
<pin id="582" dir="0" index="0" bw="32" slack="0"/>
<pin id="583" dir="0" index="1" bw="1" slack="0"/>
<pin id="584" dir="0" index="2" bw="3" slack="0"/>
<pin id="585" dir="1" index="3" bw="3" slack="0"/>
</pin_list>
<bind>
<opcode="getelementptr(29) " fcode="getelementptr"/>
<opset="Q_out_imag_3_addr/1 "/>
</bind>
</comp>

<comp id="588" class="1004" name="store_ln185_access_fu_588">
<pin_list>
<pin id="589" dir="0" index="0" bw="3" slack="0"/>
<pin id="590" dir="0" index="1" bw="32" slack="0"/>
<pin id="591" dir="0" index="2" bw="0" slack="2147483647"/>
<pin id="592" dir="1" index="3" bw="32" slack="2147483647"/>
</pin_list>
<bind>
<opcode="store(28) " fcode="store"/>
<opset="store_ln185/1 "/>
</bind>
</comp>

<comp id="594" class="1004" name="store_ln186_access_fu_594">
<pin_list>
<pin id="595" dir="0" index="0" bw="3" slack="0"/>
<pin id="596" dir="0" index="1" bw="32" slack="0"/>
<pin id="597" dir="0" index="2" bw="0" slack="2147483647"/>
<pin id="598" dir="1" index="3" bw="32" slack="2147483647"/>
</pin_list>
<bind>
<opcode="store(28) " fcode="store"/>
<opset="store_ln186/1 "/>
</bind>
</comp>

<comp id="600" class="1004" name="store_ln185_access_fu_600">
<pin_list>
<pin id="601" dir="0" index="0" bw="3" slack="0"/>
<pin id="602" dir="0" index="1" bw="32" slack="0"/>
<pin id="603" dir="0" index="2" bw="0" slack="2147483647"/>
<pin id="604" dir="1" index="3" bw="32" slack="2147483647"/>
</pin_list>
<bind>
<opcode="store(28) " fcode="store"/>
<opset="store_ln185/1 "/>
</bind>
</comp>

<comp id="606" class="1004" name="store_ln186_access_fu_606">
<pin_list>
<pin id="607" dir="0" index="0" bw="3" slack="0"/>
<pin id="608" dir="0" index="1" bw="32" slack="0"/>
<pin id="609" dir="0" index="2" bw="0" slack="2147483647"/>
<pin id="610" dir="1" index="3" bw="32" slack="2147483647"/>
</pin_list>
<bind>
<opcode="store(28) " fcode="store"/>
<opset="store_ln186/1 "/>
</bind>
</comp>

<comp id="612" class="1004" name="store_ln185_access_fu_612">
<pin_list>
<pin id="613" dir="0" index="0" bw="3" slack="0"/>
<pin id="614" dir="0" index="1" bw="32" slack="0"/>
<pin id="615" dir="0" index="2" bw="0" slack="2147483647"/>
<pin id="616" dir="1" index="3" bw="32" slack="2147483647"/>
</pin_list>
<bind>
<opcode="store(28) " fcode="store"/>
<opset="store_ln185/1 "/>
</bind>
</comp>

<comp id="618" class="1004" name="store_ln186_access_fu_618">
<pin_list>
<pin id="619" dir="0" index="0" bw="3" slack="0"/>
<pin id="620" dir="0" index="1" bw="32" slack="0"/>
<pin id="621" dir="0" index="2" bw="0" slack="2147483647"/>
<pin id="622" dir="1" index="3" bw="32" slack="2147483647"/>
</pin_list>
<bind>
<opcode="store(28) " fcode="store"/>
<opset="store_ln186/1 "/>
</bind>
</comp>

<comp id="624" class="1004" name="store_ln185_access_fu_624">
<pin_list>
<pin id="625" dir="0" index="0" bw="3" slack="0"/>
<pin id="626" dir="0" index="1" bw="32" slack="0"/>
<pin id="627" dir="0" index="2" bw="0" slack="2147483647"/>
<pin id="628" dir="1" index="3" bw="32" slack="2147483647"/>
</pin_list>
<bind>
<opcode="store(28) " fcode="store"/>
<opset="store_ln185/1 "/>
</bind>
</comp>

<comp id="630" class="1004" name="store_ln186_access_fu_630">
<pin_list>
<pin id="631" dir="0" index="0" bw="3" slack="0"/>
<pin id="632" dir="0" index="1" bw="32" slack="0"/>
<pin id="633" dir="0" index="2" bw="0" slack="2147483647"/>
<pin id="634" dir="1" index="3" bw="32" slack="2147483647"/>
</pin_list>
<bind>
<opcode="store(28) " fcode="store"/>
<opset="store_ln186/1 "/>
</bind>
</comp>

<comp id="636" class="1004" name="store_ln0_store_fu_636">
<pin_list>
<pin id="637" dir="0" index="0" bw="1" slack="0"/>
<pin id="638" dir="0" index="1" bw="5" slack="0"/>
<pin id="639" dir="1" index="2" bw="0" slack="2147483647"/>
</pin_list>
<bind>
<opcode="store(28) " fcode="store"/>
<opset="store_ln0/1 "/>
</bind>
</comp>

<comp id="641" class="1004" name="store_ln181_store_fu_641">
<pin_list>
<pin id="642" dir="0" index="0" bw="1" slack="0"/>
<pin id="643" dir="0" index="1" bw="3" slack="0"/>
<pin id="644" dir="1" index="2" bw="0" slack="2147483647"/>
</pin_list>
<bind>
<opcode="store(28) " fcode="store"/>
<opset="store_ln181/1 "/>
</bind>
</comp>

<comp id="646" class="1004" name="store_ln183_store_fu_646">
<pin_list>
<pin id="647" dir="0" index="0" bw="1" slack="0"/>
<pin id="648" dir="0" index="1" bw="3" slack="0"/>
<pin id="649" dir="1" index="2" bw="0" slack="2147483647"/>
</pin_list>
<bind>
<opcode="store(28) " fcode="store"/>
<opset="store_ln183/1 "/>
</bind>
</comp>

<comp id="651" class="1004" name="indvar_flatten40_load_load_fu_651">
<pin_list>
<pin id="652" dir="0" index="0" bw="5" slack="0"/>
<pin id="653" dir="1" index="1" bw="5" slack="0"/>
</pin_list>
<bind>
<opcode="load(27) " fcode="load"/>
<opset="indvar_flatten40_load/1 "/>
</bind>
</comp>

<comp id="654" class="1004" name="icmp_ln181_fu_654">
<pin_list>
<pin id="655" dir="0" index="0" bw="5" slack="0"/>
<pin id="656" dir="0" index="1" bw="5" slack="0"/>
<pin id="657" dir="1" index="2" bw="1" slack="2147483647"/>
</pin_list>
<bind>
<opcode="icmp(45) " fcode="icmp"/>
<opset="icmp_ln181/1 "/>
</bind>
</comp>

<comp id="660" class="1004" name="add_ln181_fu_660">
<pin_list>
<pin id="661" dir="0" index="0" bw="5" slack="0"/>
<pin id="662" dir="0" index="1" bw="1" slack="0"/>
<pin id="663" dir="1" index="2" bw="5" slack="0"/>
</pin_list>
<bind>
<opcode="add(8) " fcode="add"/>
<opset="add_ln181/1 "/>
</bind>
</comp>

<comp id="666" class="1004" name="j_load_load_fu_666">
<pin_list>
<pin id="667" dir="0" index="0" bw="3" slack="0"/>
<pin id="668" dir="1" index="1" bw="3" slack="0"/>
</pin_list>
<bind>
<opcode="load(27) " fcode="load"/>
<opset="j_load/1 "/>
</bind>
</comp>

<comp id="669" class="1004" name="i_load_load_fu_669">
<pin_list>
<pin id="670" dir="0" index="0" bw="3" slack="0"/>
<pin id="671" dir="1" index="1" bw="3" slack="0"/>
</pin_list>
<bind>
<opcode="load(27) " fcode="load"/>
<opset="i_load/1 "/>
</bind>
</comp>

<comp id="672" class="1004" name="icmp_ln183_fu_672">
<pin_list>
<pin id="673" dir="0" index="0" bw="3" slack="0"/>
<pin id="674" dir="0" index="1" bw="3" slack="0"/>
<pin id="675" dir="1" index="2" bw="1" slack="0"/>
</pin_list>
<bind>
<opcode="icmp(45) " fcode="icmp"/>
<opset="icmp_ln183/1 "/>
</bind>
</comp>

<comp id="678" class="1004" name="select_ln181_fu_678">
<pin_list>
<pin id="679" dir="0" index="0" bw="1" slack="0"/>
<pin id="680" dir="0" index="1" bw="3" slack="0"/>
<pin id="681" dir="0" index="2" bw="3" slack="0"/>
<pin id="682" dir="1" index="3" bw="3" slack="0"/>
</pin_list>
<bind>
<opcode="select(49) " fcode="select"/>
<opset="select_ln181/1 "/>
</bind>
</comp>

<comp id="686" class="1004" name="add_ln181_1_fu_686">
<pin_list>
<pin id="687" dir="0" index="0" bw="3" slack="0"/>
<pin id="688" dir="0" index="1" bw="1" slack="0"/>
<pin id="689" dir="1" index="2" bw="3" slack="0"/>
</pin_list>
<bind>
<opcode="add(8) " fcode="add"/>
<opset="add_ln181_1/1 "/>
</bind>
</comp>

<comp id="692" class="1004" name="select_ln181_1_fu_692">
<pin_list>
<pin id="693" dir="0" index="0" bw="1" slack="0"/>
<pin id="694" dir="0" index="1" bw="3" slack="0"/>
<pin id="695" dir="0" index="2" bw="3" slack="0"/>
<pin id="696" dir="1" index="3" bw="3" slack="0"/>
</pin_list>
<bind>
<opcode="select(49) " fcode="select"/>
<opset="select_ln181_1/1 "/>
</bind>
</comp>

<comp id="700" class="1004" name="zext_ln181_fu_700">
<pin_list>
<pin id="701" dir="0" index="0" bw="3" slack="0"/>
<pin id="702" dir="1" index="1" bw="64" slack="0"/>
</pin_list>
<bind>
<opcode="zext(34) " fcode="zext"/>
<opset="zext_ln181/1 "/>
</bind>
</comp>

<comp id="712" class="1004" name="trunc_ln183_fu_712">
<pin_list>
<pin id="713" dir="0" index="0" bw="3" slack="0"/>
<pin id="714" dir="1" index="1" bw="2" slack="0"/>
</pin_list>
<bind>
<opcode="trunc(33) " fcode="trunc"/>
<opset="trunc_ln183/1 "/>
</bind>
</comp>

<comp id="716" class="1004" name="tmp_s_fu_716">
<pin_list>
<pin id="717" dir="0" index="0" bw="32" slack="0"/>
<pin id="718" dir="0" index="1" bw="1" slack="0"/>
<pin id="719" dir="0" index="2" bw="32" slack="0"/>
<pin id="720" dir="0" index="3" bw="1" slack="0"/>
<pin id="721" dir="0" index="4" bw="32" slack="0"/>
<pin id="722" dir="0" index="5" bw="2" slack="0"/>
<pin id="723" dir="0" index="6" bw="32" slack="0"/>
<pin id="724" dir="0" index="7" bw="1" slack="0"/>
<pin id="725" dir="0" index="8" bw="32" slack="0"/>
<pin id="726" dir="0" index="9" bw="32" slack="0"/>
<pin id="727" dir="0" index="10" bw="2" slack="0"/>
<pin id="728" dir="1" index="11" bw="32" slack="0"/>
</pin_list>
<bind>
<opcode="sparsemux(1197) " fcode="sparsemux"/>
<opset="tmp_s/1 "/>
</bind>
</comp>

<comp id="740" class="1004" name="tmp_11_fu_740">
<pin_list>
<pin id="741" dir="0" index="0" bw="32" slack="0"/>
<pin id="742" dir="0" index="1" bw="1" slack="0"/>
<pin id="743" dir="0" index="2" bw="32" slack="0"/>
<pin id="744" dir="0" index="3" bw="1" slack="0"/>
<pin id="745" dir="0" index="4" bw="32" slack="0"/>
<pin id="746" dir="0" index="5" bw="2" slack="0"/>
<pin id="747" dir="0" index="6" bw="32" slack="0"/>
<pin id="748" dir="0" index="7" bw="1" slack="0"/>
<pin id="749" dir="0" index="8" bw="32" slack="0"/>
<pin id="750" dir="0" index="9" bw="32" slack="0"/>
<pin id="751" dir="0" index="10" bw="2" slack="0"/>
<pin id="752" dir="1" index="11" bw="32" slack="0"/>
</pin_list>
<bind>
<opcode="sparsemux(1197) " fcode="sparsemux"/>
<opset="tmp_11/1 "/>
</bind>
</comp>

<comp id="764" class="1004" name="tmp_12_fu_764">
<pin_list>
<pin id="765" dir="0" index="0" bw="32" slack="0"/>
<pin id="766" dir="0" index="1" bw="1" slack="0"/>
<pin id="767" dir="0" index="2" bw="32" slack="0"/>
<pin id="768" dir="0" index="3" bw="1" slack="0"/>
<pin id="769" dir="0" index="4" bw="32" slack="0"/>
<pin id="770" dir="0" index="5" bw="2" slack="0"/>
<pin id="771" dir="0" index="6" bw="32" slack="0"/>
<pin id="772" dir="0" index="7" bw="1" slack="0"/>
<pin id="773" dir="0" index="8" bw="32" slack="0"/>
<pin id="774" dir="0" index="9" bw="32" slack="0"/>
<pin id="775" dir="0" index="10" bw="2" slack="0"/>
<pin id="776" dir="1" index="11" bw="32" slack="0"/>
</pin_list>
<bind>
<opcode="sparsemux(1197) " fcode="sparsemux"/>
<opset="tmp_12/1 "/>
</bind>
</comp>

<comp id="788" class="1004" name="tmp_13_fu_788">
<pin_list>
<pin id="789" dir="0" index="0" bw="32" slack="0"/>
<pin id="790" dir="0" index="1" bw="1" slack="0"/>
<pin id="791" dir="0" index="2" bw="32" slack="0"/>
<pin id="792" dir="0" index="3" bw="1" slack="0"/>
<pin id="793" dir="0" index="4" bw="32" slack="0"/>
<pin id="794" dir="0" index="5" bw="2" slack="0"/>
<pin id="795" dir="0" index="6" bw="32" slack="0"/>
<pin id="796" dir="0" index="7" bw="1" slack="0"/>
<pin id="797" dir="0" index="8" bw="32" slack="0"/>
<pin id="798" dir="0" index="9" bw="32" slack="0"/>
<pin id="799" dir="0" index="10" bw="2" slack="0"/>
<pin id="800" dir="1" index="11" bw="32" slack="0"/>
</pin_list>
<bind>
<opcode="sparsemux(1197) " fcode="sparsemux"/>
<opset="tmp_13/1 "/>
</bind>
</comp>

<comp id="812" class="1004" name="tmp_14_fu_812">
<pin_list>
<pin id="813" dir="0" index="0" bw="32" slack="0"/>
<pin id="814" dir="0" index="1" bw="1" slack="0"/>
<pin id="815" dir="0" index="2" bw="32" slack="0"/>
<pin id="816" dir="0" index="3" bw="1" slack="0"/>
<pin id="817" dir="0" index="4" bw="32" slack="0"/>
<pin id="818" dir="0" index="5" bw="2" slack="0"/>
<pin id="819" dir="0" index="6" bw="32" slack="0"/>
<pin id="820" dir="0" index="7" bw="1" slack="0"/>
<pin id="821" dir="0" index="8" bw="32" slack="0"/>
<pin id="822" dir="0" index="9" bw="32" slack="0"/>
<pin id="823" dir="0" index="10" bw="2" slack="0"/>
<pin id="824" dir="1" index="11" bw="32" slack="0"/>
</pin_list>
<bind>
<opcode="sparsemux(1197) " fcode="sparsemux"/>
<opset="tmp_14/1 "/>
</bind>
</comp>

<comp id="836" class="1004" name="tmp_15_fu_836">
<pin_list>
<pin id="837" dir="0" index="0" bw="32" slack="0"/>
<pin id="838" dir="0" index="1" bw="1" slack="0"/>
<pin id="839" dir="0" index="2" bw="32" slack="0"/>
<pin id="840" dir="0" index="3" bw="1" slack="0"/>
<pin id="841" dir="0" index="4" bw="32" slack="0"/>
<pin id="842" dir="0" index="5" bw="2" slack="0"/>
<pin id="843" dir="0" index="6" bw="32" slack="0"/>
<pin id="844" dir="0" index="7" bw="1" slack="0"/>
<pin id="845" dir="0" index="8" bw="32" slack="0"/>
<pin id="846" dir="0" index="9" bw="32" slack="0"/>
<pin id="847" dir="0" index="10" bw="2" slack="0"/>
<pin id="848" dir="1" index="11" bw="32" slack="0"/>
</pin_list>
<bind>
<opcode="sparsemux(1197) " fcode="sparsemux"/>
<opset="tmp_15/1 "/>
</bind>
</comp>

<comp id="860" class="1004" name="tmp_16_fu_860">
<pin_list>
<pin id="861" dir="0" index="0" bw="32" slack="0"/>
<pin id="862" dir="0" index="1" bw="1" slack="0"/>
<pin id="863" dir="0" index="2" bw="32" slack="0"/>
<pin id="864" dir="0" index="3" bw="1" slack="0"/>
<pin id="865" dir="0" index="4" bw="32" slack="0"/>
<pin id="866" dir="0" index="5" bw="2" slack="0"/>
<pin id="867" dir="0" index="6" bw="32" slack="0"/>
<pin id="868" dir="0" index="7" bw="1" slack="0"/>
<pin id="869" dir="0" index="8" bw="32" slack="0"/>
<pin id="870" dir="0" index="9" bw="32" slack="0"/>
<pin id="871" dir="0" index="10" bw="2" slack="0"/>
<pin id="872" dir="1" index="11" bw="32" slack="0"/>
</pin_list>
<bind>
<opcode="sparsemux(1197) " fcode="sparsemux"/>
<opset="tmp_16/1 "/>
</bind>
</comp>

<comp id="884" class="1004" name="tmp_17_fu_884">
<pin_list>
<pin id="885" dir="0" index="0" bw="32" slack="0"/>
<pin id="886" dir="0" index="1" bw="1" slack="0"/>
<pin id="887" dir="0" index="2" bw="32" slack="0"/>
<pin id="888" dir="0" index="3" bw="1" slack="0"/>
<pin id="889" dir="0" index="4" bw="32" slack="0"/>
<pin id="890" dir="0" index="5" bw="3" slack="0"/>
<pin id="891" dir="0" index="6" bw="32" slack="0"/>
<pin id="892" dir="0" index="7" bw="3" slack="0"/>
<pin id="893" dir="0" index="8" bw="32" slack="0"/>
<pin id="894" dir="0" index="9" bw="3" slack="0"/>
<pin id="895" dir="0" index="10" bw="32" slack="0"/>
<pin id="896" dir="0" index="11" bw="3" slack="0"/>
<pin id="897" dir="0" index="12" bw="32" slack="0"/>
<pin id="898" dir="0" index="13" bw="2" slack="0"/>
<pin id="899" dir="0" index="14" bw="32" slack="0"/>
<pin id="900" dir="0" index="15" bw="32" slack="0"/>
<pin id="901" dir="0" index="16" bw="3" slack="0"/>
<pin id="902" dir="1" index="17" bw="32" slack="0"/>
</pin_list>
<bind>
<opcode="sparsemux(1197) " fcode="sparsemux"/>
<opset="tmp_17/1 "/>
</bind>
</comp>

<comp id="924" class="1004" name="tmp_18_fu_924">
<pin_list>
<pin id="925" dir="0" index="0" bw="32" slack="0"/>
<pin id="926" dir="0" index="1" bw="1" slack="0"/>
<pin id="927" dir="0" index="2" bw="32" slack="0"/>
<pin id="928" dir="0" index="3" bw="1" slack="0"/>
<pin id="929" dir="0" index="4" bw="32" slack="0"/>
<pin id="930" dir="0" index="5" bw="2" slack="0"/>
<pin id="931" dir="0" index="6" bw="32" slack="0"/>
<pin id="932" dir="0" index="7" bw="1" slack="0"/>
<pin id="933" dir="0" index="8" bw="32" slack="0"/>
<pin id="934" dir="0" index="9" bw="32" slack="0"/>
<pin id="935" dir="0" index="10" bw="2" slack="0"/>
<pin id="936" dir="1" index="11" bw="32" slack="0"/>
</pin_list>
<bind>
<opcode="sparsemux(1197) " fcode="sparsemux"/>
<opset="tmp_18/1 "/>
</bind>
</comp>

<comp id="948" class="1004" name="tmp_19_fu_948">
<pin_list>
<pin id="949" dir="0" index="0" bw="32" slack="0"/>
<pin id="950" dir="0" index="1" bw="1" slack="0"/>
<pin id="951" dir="0" index="2" bw="32" slack="0"/>
<pin id="952" dir="0" index="3" bw="1" slack="0"/>
<pin id="953" dir="0" index="4" bw="32" slack="0"/>
<pin id="954" dir="0" index="5" bw="2" slack="0"/>
<pin id="955" dir="0" index="6" bw="32" slack="0"/>
<pin id="956" dir="0" index="7" bw="1" slack="0"/>
<pin id="957" dir="0" index="8" bw="32" slack="0"/>
<pin id="958" dir="0" index="9" bw="32" slack="0"/>
<pin id="959" dir="0" index="10" bw="2" slack="0"/>
<pin id="960" dir="1" index="11" bw="32" slack="0"/>
</pin_list>
<bind>
<opcode="sparsemux(1197) " fcode="sparsemux"/>
<opset="tmp_19/1 "/>
</bind>
</comp>

<comp id="972" class="1004" name="tmp_20_fu_972">
<pin_list>
<pin id="973" dir="0" index="0" bw="32" slack="0"/>
<pin id="974" dir="0" index="1" bw="1" slack="0"/>
<pin id="975" dir="0" index="2" bw="32" slack="0"/>
<pin id="976" dir="0" index="3" bw="1" slack="0"/>
<pin id="977" dir="0" index="4" bw="32" slack="0"/>
<pin id="978" dir="0" index="5" bw="2" slack="0"/>
<pin id="979" dir="0" index="6" bw="32" slack="0"/>
<pin id="980" dir="0" index="7" bw="1" slack="0"/>
<pin id="981" dir="0" index="8" bw="32" slack="0"/>
<pin id="982" dir="0" index="9" bw="32" slack="0"/>
<pin id="983" dir="0" index="10" bw="2" slack="0"/>
<pin id="984" dir="1" index="11" bw="32" slack="0"/>
</pin_list>
<bind>
<opcode="sparsemux(1197) " fcode="sparsemux"/>
<opset="tmp_20/1 "/>
</bind>
</comp>

<comp id="996" class="1004" name="tmp_21_fu_996">
<pin_list>
<pin id="997" dir="0" index="0" bw="32" slack="0"/>
<pin id="998" dir="0" index="1" bw="1" slack="0"/>
<pin id="999" dir="0" index="2" bw="32" slack="0"/>
<pin id="1000" dir="0" index="3" bw="1" slack="0"/>
<pin id="1001" dir="0" index="4" bw="32" slack="0"/>
<pin id="1002" dir="0" index="5" bw="2" slack="0"/>
<pin id="1003" dir="0" index="6" bw="32" slack="0"/>
<pin id="1004" dir="0" index="7" bw="1" slack="0"/>
<pin id="1005" dir="0" index="8" bw="32" slack="0"/>
<pin id="1006" dir="0" index="9" bw="32" slack="0"/>
<pin id="1007" dir="0" index="10" bw="2" slack="0"/>
<pin id="1008" dir="1" index="11" bw="32" slack="0"/>
</pin_list>
<bind>
<opcode="sparsemux(1197) " fcode="sparsemux"/>
<opset="tmp_21/1 "/>
</bind>
</comp>

<comp id="1020" class="1004" name="tmp_22_fu_1020">
<pin_list>
<pin id="1021" dir="0" index="0" bw="32" slack="0"/>
<pin id="1022" dir="0" index="1" bw="1" slack="0"/>
<pin id="1023" dir="0" index="2" bw="32" slack="0"/>
<pin id="1024" dir="0" index="3" bw="1" slack="0"/>
<pin id="1025" dir="0" index="4" bw="32" slack="0"/>
<pin id="1026" dir="0" index="5" bw="2" slack="0"/>
<pin id="1027" dir="0" index="6" bw="32" slack="0"/>
<pin id="1028" dir="0" index="7" bw="1" slack="0"/>
<pin id="1029" dir="0" index="8" bw="32" slack="0"/>
<pin id="1030" dir="0" index="9" bw="32" slack="0"/>
<pin id="1031" dir="0" index="10" bw="2" slack="0"/>
<pin id="1032" dir="1" index="11" bw="32" slack="0"/>
</pin_list>
<bind>
<opcode="sparsemux(1197) " fcode="sparsemux"/>
<opset="tmp_22/1 "/>
</bind>
</comp>

<comp id="1044" class="1004" name="tmp_23_fu_1044">
<pin_list>
<pin id="1045" dir="0" index="0" bw="32" slack="0"/>
<pin id="1046" dir="0" index="1" bw="1" slack="0"/>
<pin id="1047" dir="0" index="2" bw="32" slack="0"/>
<pin id="1048" dir="0" index="3" bw="1" slack="0"/>
<pin id="1049" dir="0" index="4" bw="32" slack="0"/>
<pin id="1050" dir="0" index="5" bw="2" slack="0"/>
<pin id="1051" dir="0" index="6" bw="32" slack="0"/>
<pin id="1052" dir="0" index="7" bw="1" slack="0"/>
<pin id="1053" dir="0" index="8" bw="32" slack="0"/>
<pin id="1054" dir="0" index="9" bw="32" slack="0"/>
<pin id="1055" dir="0" index="10" bw="2" slack="0"/>
<pin id="1056" dir="1" index="11" bw="32" slack="0"/>
</pin_list>
<bind>
<opcode="sparsemux(1197) " fcode="sparsemux"/>
<opset="tmp_23/1 "/>
</bind>
</comp>

<comp id="1068" class="1004" name="tmp_24_fu_1068">
<pin_list>
<pin id="1069" dir="0" index="0" bw="32" slack="0"/>
<pin id="1070" dir="0" index="1" bw="1" slack="0"/>
<pin id="1071" dir="0" index="2" bw="32" slack="0"/>
<pin id="1072" dir="0" index="3" bw="1" slack="0"/>
<pin id="1073" dir="0" index="4" bw="32" slack="0"/>
<pin id="1074" dir="0" index="5" bw="2" slack="0"/>
<pin id="1075" dir="0" index="6" bw="32" slack="0"/>
<pin id="1076" dir="0" index="7" bw="1" slack="0"/>
<pin id="1077" dir="0" index="8" bw="32" slack="0"/>
<pin id="1078" dir="0" index="9" bw="32" slack="0"/>
<pin id="1079" dir="0" index="10" bw="2" slack="0"/>
<pin id="1080" dir="1" index="11" bw="32" slack="0"/>
</pin_list>
<bind>
<opcode="sparsemux(1197) " fcode="sparsemux"/>
<opset="tmp_24/1 "/>
</bind>
</comp>

<comp id="1092" class="1004" name="tmp_25_fu_1092">
<pin_list>
<pin id="1093" dir="0" index="0" bw="32" slack="0"/>
<pin id="1094" dir="0" index="1" bw="1" slack="0"/>
<pin id="1095" dir="0" index="2" bw="32" slack="0"/>
<pin id="1096" dir="0" index="3" bw="1" slack="0"/>
<pin id="1097" dir="0" index="4" bw="32" slack="0"/>
<pin id="1098" dir="0" index="5" bw="3" slack="0"/>
<pin id="1099" dir="0" index="6" bw="32" slack="0"/>
<pin id="1100" dir="0" index="7" bw="3" slack="0"/>
<pin id="1101" dir="0" index="8" bw="32" slack="0"/>
<pin id="1102" dir="0" index="9" bw="3" slack="0"/>
<pin id="1103" dir="0" index="10" bw="32" slack="0"/>
<pin id="1104" dir="0" index="11" bw="3" slack="0"/>
<pin id="1105" dir="0" index="12" bw="32" slack="0"/>
<pin id="1106" dir="0" index="13" bw="2" slack="0"/>
<pin id="1107" dir="0" index="14" bw="32" slack="0"/>
<pin id="1108" dir="0" index="15" bw="32" slack="0"/>
<pin id="1109" dir="0" index="16" bw="3" slack="0"/>
<pin id="1110" dir="1" index="17" bw="32" slack="0"/>
</pin_list>
<bind>
<opcode="sparsemux(1197) " fcode="sparsemux"/>
<opset="tmp_25/1 "/>
</bind>
</comp>

<comp id="1132" class="1004" name="add_ln183_fu_1132">
<pin_list>
<pin id="1133" dir="0" index="0" bw="3" slack="0"/>
<pin id="1134" dir="0" index="1" bw="1" slack="0"/>
<pin id="1135" dir="1" index="2" bw="3" slack="0"/>
</pin_list>
<bind>
<opcode="add(8) " fcode="add"/>
<opset="add_ln183/1 "/>
</bind>
</comp>

<comp id="1138" class="1004" name="store_ln181_store_fu_1138">
<pin_list>
<pin id="1139" dir="0" index="0" bw="5" slack="0"/>
<pin id="1140" dir="0" index="1" bw="5" slack="0"/>
<pin id="1141" dir="1" index="2" bw="0" slack="2147483647"/>
</pin_list>
<bind>
<opcode="store(28) " fcode="store"/>
<opset="store_ln181/1 "/>
</bind>
</comp>

<comp id="1143" class="1004" name="store_ln181_store_fu_1143">
<pin_list>
<pin id="1144" dir="0" index="0" bw="3" slack="0"/>
<pin id="1145" dir="0" index="1" bw="3" slack="0"/>
<pin id="1146" dir="1" index="2" bw="0" slack="2147483647"/>
</pin_list>
<bind>
<opcode="store(28) " fcode="store"/>
<opset="store_ln181/1 "/>
</bind>
</comp>

<comp id="1148" class="1004" name="store_ln183_store_fu_1148">
<pin_list>
<pin id="1149" dir="0" index="0" bw="3" slack="0"/>
<pin id="1150" dir="0" index="1" bw="3" slack="0"/>
<pin id="1151" dir="1" index="2" bw="0" slack="2147483647"/>
</pin_list>
<bind>
<opcode="store(28) " fcode="store"/>
<opset="store_ln183/1 "/>
</bind>
</comp>

<comp id="1153" class="1005" name="j_reg_1153">
<pin_list>
<pin id="1154" dir="0" index="0" bw="3" slack="0"/>
<pin id="1155" dir="1" index="1" bw="3" slack="0"/>
</pin_list>
<bind>
<opset="j "/>
</bind>
</comp>

<comp id="1160" class="1005" name="i_reg_1160">
<pin_list>
<pin id="1161" dir="0" index="0" bw="3" slack="0"/>
<pin id="1162" dir="1" index="1" bw="3" slack="0"/>
</pin_list>
<bind>
<opset="i "/>
</bind>
</comp>

<comp id="1167" class="1005" name="indvar_flatten40_reg_1167">
<pin_list>
<pin id="1168" dir="0" index="0" bw="5" slack="0"/>
<pin id="1169" dir="1" index="1" bw="5" slack="0"/>
</pin_list>
<bind>
<opset="indvar_flatten40 "/>
</bind>
</comp>

</comp_list>

<net_list>
<net id="187"><net_src comp="128" pin="0"/><net_sink comp="184" pin=0"/></net>

<net id="191"><net_src comp="128" pin="0"/><net_sink comp="188" pin=0"/></net>

<net id="195"><net_src comp="128" pin="0"/><net_sink comp="192" pin=0"/></net>

<net id="200"><net_src comp="130" pin="0"/><net_sink comp="196" pin=0"/></net>

<net id="201"><net_src comp="126" pin="0"/><net_sink comp="196" pin=1"/></net>

<net id="206"><net_src comp="130" pin="0"/><net_sink comp="202" pin=0"/></net>

<net id="207"><net_src comp="124" pin="0"/><net_sink comp="202" pin=1"/></net>

<net id="212"><net_src comp="130" pin="0"/><net_sink comp="208" pin=0"/></net>

<net id="213"><net_src comp="122" pin="0"/><net_sink comp="208" pin=1"/></net>

<net id="218"><net_src comp="130" pin="0"/><net_sink comp="214" pin=0"/></net>

<net id="219"><net_src comp="120" pin="0"/><net_sink comp="214" pin=1"/></net>

<net id="224"><net_src comp="130" pin="0"/><net_sink comp="220" pin=0"/></net>

<net id="225"><net_src comp="118" pin="0"/><net_sink comp="220" pin=1"/></net>

<net id="230"><net_src comp="130" pin="0"/><net_sink comp="226" pin=0"/></net>

<net id="231"><net_src comp="116" pin="0"/><net_sink comp="226" pin=1"/></net>

<net id="236"><net_src comp="130" pin="0"/><net_sink comp="232" pin=0"/></net>

<net id="237"><net_src comp="114" pin="0"/><net_sink comp="232" pin=1"/></net>

<net id="242"><net_src comp="130" pin="0"/><net_sink comp="238" pin=0"/></net>

<net id="243"><net_src comp="112" pin="0"/><net_sink comp="238" pin=1"/></net>

<net id="248"><net_src comp="130" pin="0"/><net_sink comp="244" pin=0"/></net>

<net id="249"><net_src comp="110" pin="0"/><net_sink comp="244" pin=1"/></net>

<net id="254"><net_src comp="130" pin="0"/><net_sink comp="250" pin=0"/></net>

<net id="255"><net_src comp="108" pin="0"/><net_sink comp="250" pin=1"/></net>

<net id="260"><net_src comp="130" pin="0"/><net_sink comp="256" pin=0"/></net>

<net id="261"><net_src comp="106" pin="0"/><net_sink comp="256" pin=1"/></net>

<net id="266"><net_src comp="130" pin="0"/><net_sink comp="262" pin=0"/></net>

<net id="267"><net_src comp="104" pin="0"/><net_sink comp="262" pin=1"/></net>

<net id="272"><net_src comp="130" pin="0"/><net_sink comp="268" pin=0"/></net>

<net id="273"><net_src comp="102" pin="0"/><net_sink comp="268" pin=1"/></net>

<net id="278"><net_src comp="130" pin="0"/><net_sink comp="274" pin=0"/></net>

<net id="279"><net_src comp="100" pin="0"/><net_sink comp="274" pin=1"/></net>

<net id="284"><net_src comp="130" pin="0"/><net_sink comp="280" pin=0"/></net>

<net id="285"><net_src comp="98" pin="0"/><net_sink comp="280" pin=1"/></net>

<net id="290"><net_src comp="130" pin="0"/><net_sink comp="286" pin=0"/></net>

<net id="291"><net_src comp="96" pin="0"/><net_sink comp="286" pin=1"/></net>

<net id="296"><net_src comp="130" pin="0"/><net_sink comp="292" pin=0"/></net>

<net id="297"><net_src comp="94" pin="0"/><net_sink comp="292" pin=1"/></net>

<net id="302"><net_src comp="130" pin="0"/><net_sink comp="298" pin=0"/></net>

<net id="303"><net_src comp="92" pin="0"/><net_sink comp="298" pin=1"/></net>

<net id="308"><net_src comp="130" pin="0"/><net_sink comp="304" pin=0"/></net>

<net id="309"><net_src comp="90" pin="0"/><net_sink comp="304" pin=1"/></net>

<net id="314"><net_src comp="130" pin="0"/><net_sink comp="310" pin=0"/></net>

<net id="315"><net_src comp="88" pin="0"/><net_sink comp="310" pin=1"/></net>

<net id="320"><net_src comp="130" pin="0"/><net_sink comp="316" pin=0"/></net>

<net id="321"><net_src comp="86" pin="0"/><net_sink comp="316" pin=1"/></net>

<net id="326"><net_src comp="130" pin="0"/><net_sink comp="322" pin=0"/></net>

<net id="327"><net_src comp="84" pin="0"/><net_sink comp="322" pin=1"/></net>

<net id="332"><net_src comp="130" pin="0"/><net_sink comp="328" pin=0"/></net>

<net id="333"><net_src comp="82" pin="0"/><net_sink comp="328" pin=1"/></net>

<net id="338"><net_src comp="130" pin="0"/><net_sink comp="334" pin=0"/></net>

<net id="339"><net_src comp="80" pin="0"/><net_sink comp="334" pin=1"/></net>

<net id="344"><net_src comp="130" pin="0"/><net_sink comp="340" pin=0"/></net>

<net id="345"><net_src comp="78" pin="0"/><net_sink comp="340" pin=1"/></net>

<net id="350"><net_src comp="130" pin="0"/><net_sink comp="346" pin=0"/></net>

<net id="351"><net_src comp="76" pin="0"/><net_sink comp="346" pin=1"/></net>

<net id="356"><net_src comp="130" pin="0"/><net_sink comp="352" pin=0"/></net>

<net id="357"><net_src comp="74" pin="0"/><net_sink comp="352" pin=1"/></net>

<net id="362"><net_src comp="130" pin="0"/><net_sink comp="358" pin=0"/></net>

<net id="363"><net_src comp="72" pin="0"/><net_sink comp="358" pin=1"/></net>

<net id="368"><net_src comp="130" pin="0"/><net_sink comp="364" pin=0"/></net>

<net id="369"><net_src comp="70" pin="0"/><net_sink comp="364" pin=1"/></net>

<net id="374"><net_src comp="130" pin="0"/><net_sink comp="370" pin=0"/></net>

<net id="375"><net_src comp="68" pin="0"/><net_sink comp="370" pin=1"/></net>

<net id="380"><net_src comp="130" pin="0"/><net_sink comp="376" pin=0"/></net>

<net id="381"><net_src comp="66" pin="0"/><net_sink comp="376" pin=1"/></net>

<net id="386"><net_src comp="130" pin="0"/><net_sink comp="382" pin=0"/></net>

<net id="387"><net_src comp="64" pin="0"/><net_sink comp="382" pin=1"/></net>

<net id="392"><net_src comp="130" pin="0"/><net_sink comp="388" pin=0"/></net>

<net id="393"><net_src comp="62" pin="0"/><net_sink comp="388" pin=1"/></net>

<net id="398"><net_src comp="130" pin="0"/><net_sink comp="394" pin=0"/></net>

<net id="399"><net_src comp="60" pin="0"/><net_sink comp="394" pin=1"/></net>

<net id="404"><net_src comp="130" pin="0"/><net_sink comp="400" pin=0"/></net>

<net id="405"><net_src comp="58" pin="0"/><net_sink comp="400" pin=1"/></net>

<net id="410"><net_src comp="130" pin="0"/><net_sink comp="406" pin=0"/></net>

<net id="411"><net_src comp="56" pin="0"/><net_sink comp="406" pin=1"/></net>

<net id="416"><net_src comp="130" pin="0"/><net_sink comp="412" pin=0"/></net>

<net id="417"><net_src comp="54" pin="0"/><net_sink comp="412" pin=1"/></net>

<net id="422"><net_src comp="130" pin="0"/><net_sink comp="418" pin=0"/></net>

<net id="423"><net_src comp="52" pin="0"/><net_sink comp="418" pin=1"/></net>

<net id="428"><net_src comp="130" pin="0"/><net_sink comp="424" pin=0"/></net>

<net id="429"><net_src comp="50" pin="0"/><net_sink comp="424" pin=1"/></net>

<net id="434"><net_src comp="130" pin="0"/><net_sink comp="430" pin=0"/></net>

<net id="435"><net_src comp="48" pin="0"/><net_sink comp="430" pin=1"/></net>

<net id="440"><net_src comp="130" pin="0"/><net_sink comp="436" pin=0"/></net>

<net id="441"><net_src comp="46" pin="0"/><net_sink comp="436" pin=1"/></net>

<net id="446"><net_src comp="130" pin="0"/><net_sink comp="442" pin=0"/></net>

<net id="447"><net_src comp="44" pin="0"/><net_sink comp="442" pin=1"/></net>

<net id="452"><net_src comp="130" pin="0"/><net_sink comp="448" pin=0"/></net>

<net id="453"><net_src comp="42" pin="0"/><net_sink comp="448" pin=1"/></net>

<net id="458"><net_src comp="130" pin="0"/><net_sink comp="454" pin=0"/></net>

<net id="459"><net_src comp="40" pin="0"/><net_sink comp="454" pin=1"/></net>

<net id="464"><net_src comp="130" pin="0"/><net_sink comp="460" pin=0"/></net>

<net id="465"><net_src comp="38" pin="0"/><net_sink comp="460" pin=1"/></net>

<net id="470"><net_src comp="130" pin="0"/><net_sink comp="466" pin=0"/></net>

<net id="471"><net_src comp="36" pin="0"/><net_sink comp="466" pin=1"/></net>

<net id="476"><net_src comp="130" pin="0"/><net_sink comp="472" pin=0"/></net>

<net id="477"><net_src comp="34" pin="0"/><net_sink comp="472" pin=1"/></net>

<net id="482"><net_src comp="130" pin="0"/><net_sink comp="478" pin=0"/></net>

<net id="483"><net_src comp="32" pin="0"/><net_sink comp="478" pin=1"/></net>

<net id="488"><net_src comp="130" pin="0"/><net_sink comp="484" pin=0"/></net>

<net id="489"><net_src comp="30" pin="0"/><net_sink comp="484" pin=1"/></net>

<net id="494"><net_src comp="130" pin="0"/><net_sink comp="490" pin=0"/></net>

<net id="495"><net_src comp="28" pin="0"/><net_sink comp="490" pin=1"/></net>

<net id="500"><net_src comp="130" pin="0"/><net_sink comp="496" pin=0"/></net>

<net id="501"><net_src comp="26" pin="0"/><net_sink comp="496" pin=1"/></net>

<net id="506"><net_src comp="130" pin="0"/><net_sink comp="502" pin=0"/></net>

<net id="507"><net_src comp="24" pin="0"/><net_sink comp="502" pin=1"/></net>

<net id="512"><net_src comp="130" pin="0"/><net_sink comp="508" pin=0"/></net>

<net id="513"><net_src comp="22" pin="0"/><net_sink comp="508" pin=1"/></net>

<net id="518"><net_src comp="130" pin="0"/><net_sink comp="514" pin=0"/></net>

<net id="519"><net_src comp="20" pin="0"/><net_sink comp="514" pin=1"/></net>

<net id="524"><net_src comp="130" pin="0"/><net_sink comp="520" pin=0"/></net>

<net id="525"><net_src comp="18" pin="0"/><net_sink comp="520" pin=1"/></net>

<net id="530"><net_src comp="130" pin="0"/><net_sink comp="526" pin=0"/></net>

<net id="531"><net_src comp="16" pin="0"/><net_sink comp="526" pin=1"/></net>

<net id="537"><net_src comp="0" pin="0"/><net_sink comp="532" pin=0"/></net>

<net id="538"><net_src comp="152" pin="0"/><net_sink comp="532" pin=1"/></net>

<net id="544"><net_src comp="2" pin="0"/><net_sink comp="539" pin=0"/></net>

<net id="545"><net_src comp="152" pin="0"/><net_sink comp="539" pin=1"/></net>

<net id="551"><net_src comp="4" pin="0"/><net_sink comp="546" pin=0"/></net>

<net id="552"><net_src comp="152" pin="0"/><net_sink comp="546" pin=1"/></net>

<net id="558"><net_src comp="6" pin="0"/><net_sink comp="553" pin=0"/></net>

<net id="559"><net_src comp="152" pin="0"/><net_sink comp="553" pin=1"/></net>

<net id="565"><net_src comp="8" pin="0"/><net_sink comp="560" pin=0"/></net>

<net id="566"><net_src comp="152" pin="0"/><net_sink comp="560" pin=1"/></net>

<net id="572"><net_src comp="10" pin="0"/><net_sink comp="567" pin=0"/></net>

<net id="573"><net_src comp="152" pin="0"/><net_sink comp="567" pin=1"/></net>

<net id="579"><net_src comp="12" pin="0"/><net_sink comp="574" pin=0"/></net>

<net id="580"><net_src comp="152" pin="0"/><net_sink comp="574" pin=1"/></net>

<net id="586"><net_src comp="14" pin="0"/><net_sink comp="581" pin=0"/></net>

<net id="587"><net_src comp="152" pin="0"/><net_sink comp="581" pin=1"/></net>

<net id="593"><net_src comp="546" pin="3"/><net_sink comp="588" pin=0"/></net>

<net id="599"><net_src comp="574" pin="3"/><net_sink comp="594" pin=0"/></net>

<net id="605"><net_src comp="539" pin="3"/><net_sink comp="600" pin=0"/></net>

<net id="611"><net_src comp="567" pin="3"/><net_sink comp="606" pin=0"/></net>

<net id="617"><net_src comp="532" pin="3"/><net_sink comp="612" pin=0"/></net>

<net id="623"><net_src comp="560" pin="3"/><net_sink comp="618" pin=0"/></net>

<net id="629"><net_src comp="553" pin="3"/><net_sink comp="624" pin=0"/></net>

<net id="635"><net_src comp="581" pin="3"/><net_sink comp="630" pin=0"/></net>

<net id="640"><net_src comp="132" pin="0"/><net_sink comp="636" pin=0"/></net>

<net id="645"><net_src comp="134" pin="0"/><net_sink comp="641" pin=0"/></net>

<net id="650"><net_src comp="134" pin="0"/><net_sink comp="646" pin=0"/></net>

<net id="658"><net_src comp="651" pin="1"/><net_sink comp="654" pin=0"/></net>

<net id="659"><net_src comp="136" pin="0"/><net_sink comp="654" pin=1"/></net>

<net id="664"><net_src comp="651" pin="1"/><net_sink comp="660" pin=0"/></net>

<net id="665"><net_src comp="138" pin="0"/><net_sink comp="660" pin=1"/></net>

<net id="676"><net_src comp="666" pin="1"/><net_sink comp="672" pin=0"/></net>

<net id="677"><net_src comp="148" pin="0"/><net_sink comp="672" pin=1"/></net>

<net id="683"><net_src comp="672" pin="2"/><net_sink comp="678" pin=0"/></net>

<net id="684"><net_src comp="134" pin="0"/><net_sink comp="678" pin=1"/></net>

<net id="685"><net_src comp="666" pin="1"/><net_sink comp="678" pin=2"/></net>

<net id="690"><net_src comp="669" pin="1"/><net_sink comp="686" pin=0"/></net>

<net id="691"><net_src comp="150" pin="0"/><net_sink comp="686" pin=1"/></net>

<net id="697"><net_src comp="672" pin="2"/><net_sink comp="692" pin=0"/></net>

<net id="698"><net_src comp="686" pin="2"/><net_sink comp="692" pin=1"/></net>

<net id="699"><net_src comp="669" pin="1"/><net_sink comp="692" pin=2"/></net>

<net id="703"><net_src comp="692" pin="3"/><net_sink comp="700" pin=0"/></net>

<net id="704"><net_src comp="700" pin="1"/><net_sink comp="532" pin=2"/></net>

<net id="705"><net_src comp="700" pin="1"/><net_sink comp="539" pin=2"/></net>

<net id="706"><net_src comp="700" pin="1"/><net_sink comp="546" pin=2"/></net>

<net id="707"><net_src comp="700" pin="1"/><net_sink comp="553" pin=2"/></net>

<net id="708"><net_src comp="700" pin="1"/><net_sink comp="560" pin=2"/></net>

<net id="709"><net_src comp="700" pin="1"/><net_sink comp="567" pin=2"/></net>

<net id="710"><net_src comp="700" pin="1"/><net_sink comp="574" pin=2"/></net>

<net id="711"><net_src comp="700" pin="1"/><net_sink comp="581" pin=2"/></net>

<net id="715"><net_src comp="678" pin="3"/><net_sink comp="712" pin=0"/></net>

<net id="729"><net_src comp="162" pin="0"/><net_sink comp="716" pin=0"/></net>

<net id="730"><net_src comp="164" pin="0"/><net_sink comp="716" pin=1"/></net>

<net id="731"><net_src comp="526" pin="2"/><net_sink comp="716" pin=2"/></net>

<net id="732"><net_src comp="166" pin="0"/><net_sink comp="716" pin=3"/></net>

<net id="733"><net_src comp="520" pin="2"/><net_sink comp="716" pin=4"/></net>

<net id="734"><net_src comp="168" pin="0"/><net_sink comp="716" pin=5"/></net>

<net id="735"><net_src comp="514" pin="2"/><net_sink comp="716" pin=6"/></net>

<net id="736"><net_src comp="170" pin="0"/><net_sink comp="716" pin=7"/></net>

<net id="737"><net_src comp="508" pin="2"/><net_sink comp="716" pin=8"/></net>

<net id="738"><net_src comp="172" pin="0"/><net_sink comp="716" pin=9"/></net>

<net id="739"><net_src comp="712" pin="1"/><net_sink comp="716" pin=10"/></net>

<net id="753"><net_src comp="162" pin="0"/><net_sink comp="740" pin=0"/></net>

<net id="754"><net_src comp="164" pin="0"/><net_sink comp="740" pin=1"/></net>

<net id="755"><net_src comp="502" pin="2"/><net_sink comp="740" pin=2"/></net>

<net id="756"><net_src comp="166" pin="0"/><net_sink comp="740" pin=3"/></net>

<net id="757"><net_src comp="496" pin="2"/><net_sink comp="740" pin=4"/></net>

<net id="758"><net_src comp="168" pin="0"/><net_sink comp="740" pin=5"/></net>

<net id="759"><net_src comp="490" pin="2"/><net_sink comp="740" pin=6"/></net>

<net id="760"><net_src comp="170" pin="0"/><net_sink comp="740" pin=7"/></net>

<net id="761"><net_src comp="484" pin="2"/><net_sink comp="740" pin=8"/></net>

<net id="762"><net_src comp="172" pin="0"/><net_sink comp="740" pin=9"/></net>

<net id="763"><net_src comp="712" pin="1"/><net_sink comp="740" pin=10"/></net>

<net id="777"><net_src comp="162" pin="0"/><net_sink comp="764" pin=0"/></net>

<net id="778"><net_src comp="164" pin="0"/><net_sink comp="764" pin=1"/></net>

<net id="779"><net_src comp="478" pin="2"/><net_sink comp="764" pin=2"/></net>

<net id="780"><net_src comp="166" pin="0"/><net_sink comp="764" pin=3"/></net>

<net id="781"><net_src comp="472" pin="2"/><net_sink comp="764" pin=4"/></net>

<net id="782"><net_src comp="168" pin="0"/><net_sink comp="764" pin=5"/></net>

<net id="783"><net_src comp="466" pin="2"/><net_sink comp="764" pin=6"/></net>

<net id="784"><net_src comp="170" pin="0"/><net_sink comp="764" pin=7"/></net>

<net id="785"><net_src comp="460" pin="2"/><net_sink comp="764" pin=8"/></net>

<net id="786"><net_src comp="172" pin="0"/><net_sink comp="764" pin=9"/></net>

<net id="787"><net_src comp="712" pin="1"/><net_sink comp="764" pin=10"/></net>

<net id="801"><net_src comp="162" pin="0"/><net_sink comp="788" pin=0"/></net>

<net id="802"><net_src comp="164" pin="0"/><net_sink comp="788" pin=1"/></net>

<net id="803"><net_src comp="454" pin="2"/><net_sink comp="788" pin=2"/></net>

<net id="804"><net_src comp="166" pin="0"/><net_sink comp="788" pin=3"/></net>

<net id="805"><net_src comp="448" pin="2"/><net_sink comp="788" pin=4"/></net>

<net id="806"><net_src comp="168" pin="0"/><net_sink comp="788" pin=5"/></net>

<net id="807"><net_src comp="442" pin="2"/><net_sink comp="788" pin=6"/></net>

<net id="808"><net_src comp="170" pin="0"/><net_sink comp="788" pin=7"/></net>

<net id="809"><net_src comp="436" pin="2"/><net_sink comp="788" pin=8"/></net>

<net id="810"><net_src comp="172" pin="0"/><net_sink comp="788" pin=9"/></net>

<net id="811"><net_src comp="712" pin="1"/><net_sink comp="788" pin=10"/></net>

<net id="825"><net_src comp="162" pin="0"/><net_sink comp="812" pin=0"/></net>

<net id="826"><net_src comp="164" pin="0"/><net_sink comp="812" pin=1"/></net>

<net id="827"><net_src comp="430" pin="2"/><net_sink comp="812" pin=2"/></net>

<net id="828"><net_src comp="166" pin="0"/><net_sink comp="812" pin=3"/></net>

<net id="829"><net_src comp="424" pin="2"/><net_sink comp="812" pin=4"/></net>

<net id="830"><net_src comp="168" pin="0"/><net_sink comp="812" pin=5"/></net>

<net id="831"><net_src comp="418" pin="2"/><net_sink comp="812" pin=6"/></net>

<net id="832"><net_src comp="170" pin="0"/><net_sink comp="812" pin=7"/></net>

<net id="833"><net_src comp="412" pin="2"/><net_sink comp="812" pin=8"/></net>

<net id="834"><net_src comp="172" pin="0"/><net_sink comp="812" pin=9"/></net>

<net id="835"><net_src comp="712" pin="1"/><net_sink comp="812" pin=10"/></net>

<net id="849"><net_src comp="162" pin="0"/><net_sink comp="836" pin=0"/></net>

<net id="850"><net_src comp="164" pin="0"/><net_sink comp="836" pin=1"/></net>

<net id="851"><net_src comp="406" pin="2"/><net_sink comp="836" pin=2"/></net>

<net id="852"><net_src comp="166" pin="0"/><net_sink comp="836" pin=3"/></net>

<net id="853"><net_src comp="400" pin="2"/><net_sink comp="836" pin=4"/></net>

<net id="854"><net_src comp="168" pin="0"/><net_sink comp="836" pin=5"/></net>

<net id="855"><net_src comp="394" pin="2"/><net_sink comp="836" pin=6"/></net>

<net id="856"><net_src comp="170" pin="0"/><net_sink comp="836" pin=7"/></net>

<net id="857"><net_src comp="388" pin="2"/><net_sink comp="836" pin=8"/></net>

<net id="858"><net_src comp="172" pin="0"/><net_sink comp="836" pin=9"/></net>

<net id="859"><net_src comp="712" pin="1"/><net_sink comp="836" pin=10"/></net>

<net id="873"><net_src comp="162" pin="0"/><net_sink comp="860" pin=0"/></net>

<net id="874"><net_src comp="164" pin="0"/><net_sink comp="860" pin=1"/></net>

<net id="875"><net_src comp="382" pin="2"/><net_sink comp="860" pin=2"/></net>

<net id="876"><net_src comp="166" pin="0"/><net_sink comp="860" pin=3"/></net>

<net id="877"><net_src comp="376" pin="2"/><net_sink comp="860" pin=4"/></net>

<net id="878"><net_src comp="168" pin="0"/><net_sink comp="860" pin=5"/></net>

<net id="879"><net_src comp="370" pin="2"/><net_sink comp="860" pin=6"/></net>

<net id="880"><net_src comp="170" pin="0"/><net_sink comp="860" pin=7"/></net>

<net id="881"><net_src comp="364" pin="2"/><net_sink comp="860" pin=8"/></net>

<net id="882"><net_src comp="172" pin="0"/><net_sink comp="860" pin=9"/></net>

<net id="883"><net_src comp="712" pin="1"/><net_sink comp="860" pin=10"/></net>

<net id="903"><net_src comp="174" pin="0"/><net_sink comp="884" pin=0"/></net>

<net id="904"><net_src comp="134" pin="0"/><net_sink comp="884" pin=1"/></net>

<net id="905"><net_src comp="716" pin="11"/><net_sink comp="884" pin=2"/></net>

<net id="906"><net_src comp="150" pin="0"/><net_sink comp="884" pin=3"/></net>

<net id="907"><net_src comp="740" pin="11"/><net_sink comp="884" pin=4"/></net>

<net id="908"><net_src comp="176" pin="0"/><net_sink comp="884" pin=5"/></net>

<net id="909"><net_src comp="764" pin="11"/><net_sink comp="884" pin=6"/></net>

<net id="910"><net_src comp="178" pin="0"/><net_sink comp="884" pin=7"/></net>

<net id="911"><net_src comp="788" pin="11"/><net_sink comp="884" pin=8"/></net>

<net id="912"><net_src comp="148" pin="0"/><net_sink comp="884" pin=9"/></net>

<net id="913"><net_src comp="812" pin="11"/><net_sink comp="884" pin=10"/></net>

<net id="914"><net_src comp="180" pin="0"/><net_sink comp="884" pin=11"/></net>

<net id="915"><net_src comp="836" pin="11"/><net_sink comp="884" pin=12"/></net>

<net id="916"><net_src comp="182" pin="0"/><net_sink comp="884" pin=13"/></net>

<net id="917"><net_src comp="860" pin="11"/><net_sink comp="884" pin=14"/></net>

<net id="918"><net_src comp="172" pin="0"/><net_sink comp="884" pin=15"/></net>

<net id="919"><net_src comp="692" pin="3"/><net_sink comp="884" pin=16"/></net>

<net id="920"><net_src comp="884" pin="17"/><net_sink comp="588" pin=1"/></net>

<net id="921"><net_src comp="884" pin="17"/><net_sink comp="600" pin=1"/></net>

<net id="922"><net_src comp="884" pin="17"/><net_sink comp="612" pin=1"/></net>

<net id="923"><net_src comp="884" pin="17"/><net_sink comp="624" pin=1"/></net>

<net id="937"><net_src comp="162" pin="0"/><net_sink comp="924" pin=0"/></net>

<net id="938"><net_src comp="164" pin="0"/><net_sink comp="924" pin=1"/></net>

<net id="939"><net_src comp="358" pin="2"/><net_sink comp="924" pin=2"/></net>

<net id="940"><net_src comp="166" pin="0"/><net_sink comp="924" pin=3"/></net>

<net id="941"><net_src comp="352" pin="2"/><net_sink comp="924" pin=4"/></net>

<net id="942"><net_src comp="168" pin="0"/><net_sink comp="924" pin=5"/></net>

<net id="943"><net_src comp="346" pin="2"/><net_sink comp="924" pin=6"/></net>

<net id="944"><net_src comp="170" pin="0"/><net_sink comp="924" pin=7"/></net>

<net id="945"><net_src comp="340" pin="2"/><net_sink comp="924" pin=8"/></net>

<net id="946"><net_src comp="172" pin="0"/><net_sink comp="924" pin=9"/></net>

<net id="947"><net_src comp="712" pin="1"/><net_sink comp="924" pin=10"/></net>

<net id="961"><net_src comp="162" pin="0"/><net_sink comp="948" pin=0"/></net>

<net id="962"><net_src comp="164" pin="0"/><net_sink comp="948" pin=1"/></net>

<net id="963"><net_src comp="334" pin="2"/><net_sink comp="948" pin=2"/></net>

<net id="964"><net_src comp="166" pin="0"/><net_sink comp="948" pin=3"/></net>

<net id="965"><net_src comp="328" pin="2"/><net_sink comp="948" pin=4"/></net>

<net id="966"><net_src comp="168" pin="0"/><net_sink comp="948" pin=5"/></net>

<net id="967"><net_src comp="322" pin="2"/><net_sink comp="948" pin=6"/></net>

<net id="968"><net_src comp="170" pin="0"/><net_sink comp="948" pin=7"/></net>

<net id="969"><net_src comp="316" pin="2"/><net_sink comp="948" pin=8"/></net>

<net id="970"><net_src comp="172" pin="0"/><net_sink comp="948" pin=9"/></net>

<net id="971"><net_src comp="712" pin="1"/><net_sink comp="948" pin=10"/></net>

<net id="985"><net_src comp="162" pin="0"/><net_sink comp="972" pin=0"/></net>

<net id="986"><net_src comp="164" pin="0"/><net_sink comp="972" pin=1"/></net>

<net id="987"><net_src comp="310" pin="2"/><net_sink comp="972" pin=2"/></net>

<net id="988"><net_src comp="166" pin="0"/><net_sink comp="972" pin=3"/></net>

<net id="989"><net_src comp="304" pin="2"/><net_sink comp="972" pin=4"/></net>

<net id="990"><net_src comp="168" pin="0"/><net_sink comp="972" pin=5"/></net>

<net id="991"><net_src comp="298" pin="2"/><net_sink comp="972" pin=6"/></net>

<net id="992"><net_src comp="170" pin="0"/><net_sink comp="972" pin=7"/></net>

<net id="993"><net_src comp="292" pin="2"/><net_sink comp="972" pin=8"/></net>

<net id="994"><net_src comp="172" pin="0"/><net_sink comp="972" pin=9"/></net>

<net id="995"><net_src comp="712" pin="1"/><net_sink comp="972" pin=10"/></net>

<net id="1009"><net_src comp="162" pin="0"/><net_sink comp="996" pin=0"/></net>

<net id="1010"><net_src comp="164" pin="0"/><net_sink comp="996" pin=1"/></net>

<net id="1011"><net_src comp="286" pin="2"/><net_sink comp="996" pin=2"/></net>

<net id="1012"><net_src comp="166" pin="0"/><net_sink comp="996" pin=3"/></net>

<net id="1013"><net_src comp="280" pin="2"/><net_sink comp="996" pin=4"/></net>

<net id="1014"><net_src comp="168" pin="0"/><net_sink comp="996" pin=5"/></net>

<net id="1015"><net_src comp="274" pin="2"/><net_sink comp="996" pin=6"/></net>

<net id="1016"><net_src comp="170" pin="0"/><net_sink comp="996" pin=7"/></net>

<net id="1017"><net_src comp="268" pin="2"/><net_sink comp="996" pin=8"/></net>

<net id="1018"><net_src comp="172" pin="0"/><net_sink comp="996" pin=9"/></net>

<net id="1019"><net_src comp="712" pin="1"/><net_sink comp="996" pin=10"/></net>

<net id="1033"><net_src comp="162" pin="0"/><net_sink comp="1020" pin=0"/></net>

<net id="1034"><net_src comp="164" pin="0"/><net_sink comp="1020" pin=1"/></net>

<net id="1035"><net_src comp="262" pin="2"/><net_sink comp="1020" pin=2"/></net>

<net id="1036"><net_src comp="166" pin="0"/><net_sink comp="1020" pin=3"/></net>

<net id="1037"><net_src comp="256" pin="2"/><net_sink comp="1020" pin=4"/></net>

<net id="1038"><net_src comp="168" pin="0"/><net_sink comp="1020" pin=5"/></net>

<net id="1039"><net_src comp="250" pin="2"/><net_sink comp="1020" pin=6"/></net>

<net id="1040"><net_src comp="170" pin="0"/><net_sink comp="1020" pin=7"/></net>

<net id="1041"><net_src comp="244" pin="2"/><net_sink comp="1020" pin=8"/></net>

<net id="1042"><net_src comp="172" pin="0"/><net_sink comp="1020" pin=9"/></net>

<net id="1043"><net_src comp="712" pin="1"/><net_sink comp="1020" pin=10"/></net>

<net id="1057"><net_src comp="162" pin="0"/><net_sink comp="1044" pin=0"/></net>

<net id="1058"><net_src comp="164" pin="0"/><net_sink comp="1044" pin=1"/></net>

<net id="1059"><net_src comp="238" pin="2"/><net_sink comp="1044" pin=2"/></net>

<net id="1060"><net_src comp="166" pin="0"/><net_sink comp="1044" pin=3"/></net>

<net id="1061"><net_src comp="232" pin="2"/><net_sink comp="1044" pin=4"/></net>

<net id="1062"><net_src comp="168" pin="0"/><net_sink comp="1044" pin=5"/></net>

<net id="1063"><net_src comp="226" pin="2"/><net_sink comp="1044" pin=6"/></net>

<net id="1064"><net_src comp="170" pin="0"/><net_sink comp="1044" pin=7"/></net>

<net id="1065"><net_src comp="220" pin="2"/><net_sink comp="1044" pin=8"/></net>

<net id="1066"><net_src comp="172" pin="0"/><net_sink comp="1044" pin=9"/></net>

<net id="1067"><net_src comp="712" pin="1"/><net_sink comp="1044" pin=10"/></net>

<net id="1081"><net_src comp="162" pin="0"/><net_sink comp="1068" pin=0"/></net>

<net id="1082"><net_src comp="164" pin="0"/><net_sink comp="1068" pin=1"/></net>

<net id="1083"><net_src comp="214" pin="2"/><net_sink comp="1068" pin=2"/></net>

<net id="1084"><net_src comp="166" pin="0"/><net_sink comp="1068" pin=3"/></net>

<net id="1085"><net_src comp="208" pin="2"/><net_sink comp="1068" pin=4"/></net>

<net id="1086"><net_src comp="168" pin="0"/><net_sink comp="1068" pin=5"/></net>

<net id="1087"><net_src comp="202" pin="2"/><net_sink comp="1068" pin=6"/></net>

<net id="1088"><net_src comp="170" pin="0"/><net_sink comp="1068" pin=7"/></net>

<net id="1089"><net_src comp="196" pin="2"/><net_sink comp="1068" pin=8"/></net>

<net id="1090"><net_src comp="172" pin="0"/><net_sink comp="1068" pin=9"/></net>

<net id="1091"><net_src comp="712" pin="1"/><net_sink comp="1068" pin=10"/></net>

<net id="1111"><net_src comp="174" pin="0"/><net_sink comp="1092" pin=0"/></net>

<net id="1112"><net_src comp="134" pin="0"/><net_sink comp="1092" pin=1"/></net>

<net id="1113"><net_src comp="924" pin="11"/><net_sink comp="1092" pin=2"/></net>

<net id="1114"><net_src comp="150" pin="0"/><net_sink comp="1092" pin=3"/></net>

<net id="1115"><net_src comp="948" pin="11"/><net_sink comp="1092" pin=4"/></net>

<net id="1116"><net_src comp="176" pin="0"/><net_sink comp="1092" pin=5"/></net>

<net id="1117"><net_src comp="972" pin="11"/><net_sink comp="1092" pin=6"/></net>

<net id="1118"><net_src comp="178" pin="0"/><net_sink comp="1092" pin=7"/></net>

<net id="1119"><net_src comp="996" pin="11"/><net_sink comp="1092" pin=8"/></net>

<net id="1120"><net_src comp="148" pin="0"/><net_sink comp="1092" pin=9"/></net>

<net id="1121"><net_src comp="1020" pin="11"/><net_sink comp="1092" pin=10"/></net>

<net id="1122"><net_src comp="180" pin="0"/><net_sink comp="1092" pin=11"/></net>

<net id="1123"><net_src comp="1044" pin="11"/><net_sink comp="1092" pin=12"/></net>

<net id="1124"><net_src comp="182" pin="0"/><net_sink comp="1092" pin=13"/></net>

<net id="1125"><net_src comp="1068" pin="11"/><net_sink comp="1092" pin=14"/></net>

<net id="1126"><net_src comp="172" pin="0"/><net_sink comp="1092" pin=15"/></net>

<net id="1127"><net_src comp="692" pin="3"/><net_sink comp="1092" pin=16"/></net>

<net id="1128"><net_src comp="1092" pin="17"/><net_sink comp="594" pin=1"/></net>

<net id="1129"><net_src comp="1092" pin="17"/><net_sink comp="606" pin=1"/></net>

<net id="1130"><net_src comp="1092" pin="17"/><net_sink comp="618" pin=1"/></net>

<net id="1131"><net_src comp="1092" pin="17"/><net_sink comp="630" pin=1"/></net>

<net id="1136"><net_src comp="678" pin="3"/><net_sink comp="1132" pin=0"/></net>

<net id="1137"><net_src comp="150" pin="0"/><net_sink comp="1132" pin=1"/></net>

<net id="1142"><net_src comp="660" pin="2"/><net_sink comp="1138" pin=0"/></net>

<net id="1147"><net_src comp="692" pin="3"/><net_sink comp="1143" pin=0"/></net>

<net id="1152"><net_src comp="1132" pin="2"/><net_sink comp="1148" pin=0"/></net>

<net id="1156"><net_src comp="184" pin="1"/><net_sink comp="1153" pin=0"/></net>

<net id="1157"><net_src comp="1153" pin="1"/><net_sink comp="646" pin=1"/></net>

<net id="1158"><net_src comp="1153" pin="1"/><net_sink comp="666" pin=0"/></net>

<net id="1159"><net_src comp="1153" pin="1"/><net_sink comp="1148" pin=1"/></net>

<net id="1163"><net_src comp="188" pin="1"/><net_sink comp="1160" pin=0"/></net>

<net id="1164"><net_src comp="1160" pin="1"/><net_sink comp="641" pin=1"/></net>

<net id="1165"><net_src comp="1160" pin="1"/><net_sink comp="669" pin=0"/></net>

<net id="1166"><net_src comp="1160" pin="1"/><net_sink comp="1143" pin=1"/></net>

<net id="1170"><net_src comp="192" pin="1"/><net_sink comp="1167" pin=0"/></net>

<net id="1171"><net_src comp="1167" pin="1"/><net_sink comp="636" pin=1"/></net>

<net id="1172"><net_src comp="1167" pin="1"/><net_sink comp="651" pin=0"/></net>

<net id="1173"><net_src comp="1167" pin="1"/><net_sink comp="1138" pin=1"/></net>

</net_list>

</model> 
---------------- Datapath Model END ------------------

* FSMD analyzer results:
  - Output states:
	Port: Q_out_real | {1 }
	Port: Q_out_real_1 | {1 }
	Port: Q_out_real_2 | {1 }
	Port: Q_out_real_3 | {1 }
	Port: Q_out_imag | {1 }
	Port: Q_out_imag_1 | {1 }
	Port: Q_out_imag_2 | {1 }
	Port: Q_out_imag_3 | {1 }
 - Input state : 
	Port: top_Pipeline_VITIS_LOOP_181_6_VITIS_LOOP_183_7 : mux_case_04303519 | {1 }
	Port: top_Pipeline_VITIS_LOOP_181_6_VITIS_LOOP_183_7 : mux_case_14313528 | {1 }
	Port: top_Pipeline_VITIS_LOOP_181_6_VITIS_LOOP_183_7 : mux_case_24323536 | {1 }
	Port: top_Pipeline_VITIS_LOOP_181_6_VITIS_LOOP_183_7 : mux_case_34333544 | {1 }
	Port: top_Pipeline_VITIS_LOOP_181_6_VITIS_LOOP_183_7 : mux_case_04353552 | {1 }
	Port: top_Pipeline_VITIS_LOOP_181_6_VITIS_LOOP_183_7 : mux_case_14363560 | {1 }
	Port: top_Pipeline_VITIS_LOOP_181_6_VITIS_LOOP_183_7 : mux_case_24373569 | {1 }
	Port: top_Pipeline_VITIS_LOOP_181_6_VITIS_LOOP_183_7 : mux_case_34383577 | {1 }
	Port: top_Pipeline_VITIS_LOOP_181_6_VITIS_LOOP_183_7 : mux_case_04403585 | {1 }
	Port: top_Pipeline_VITIS_LOOP_181_6_VITIS_LOOP_183_7 : mux_case_14413593 | {1 }
	Port: top_Pipeline_VITIS_LOOP_181_6_VITIS_LOOP_183_7 : mux_case_24423601 | {1 }
	Port: top_Pipeline_VITIS_LOOP_181_6_VITIS_LOOP_183_7 : mux_case_34433610 | {1 }
	Port: top_Pipeline_VITIS_LOOP_181_6_VITIS_LOOP_183_7 : mux_case_04453618 | {1 }
	Port: top_Pipeline_VITIS_LOOP_181_6_VITIS_LOOP_183_7 : mux_case_14463626 | {1 }
	Port: top_Pipeline_VITIS_LOOP_181_6_VITIS_LOOP_183_7 : mux_case_24473634 | {1 }
	Port: top_Pipeline_VITIS_LOOP_181_6_VITIS_LOOP_183_7 : mux_case_34483642 | {1 }
	Port: top_Pipeline_VITIS_LOOP_181_6_VITIS_LOOP_183_7 : mux_case_04503651 | {1 }
	Port: top_Pipeline_VITIS_LOOP_181_6_VITIS_LOOP_183_7 : mux_case_14513660 | {1 }
	Port: top_Pipeline_VITIS_LOOP_181_6_VITIS_LOOP_183_7 : mux_case_24523668 | {1 }
	Port: top_Pipeline_VITIS_LOOP_181_6_VITIS_LOOP_183_7 : mux_case_34533676 | {1 }
	Port: top_Pipeline_VITIS_LOOP_181_6_VITIS_LOOP_183_7 : mux_case_04553684 | {1 }
	Port: top_Pipeline_VITIS_LOOP_181_6_VITIS_LOOP_183_7 : mux_case_14563692 | {1 }
	Port: top_Pipeline_VITIS_LOOP_181_6_VITIS_LOOP_183_7 : mux_case_24573701 | {1 }
	Port: top_Pipeline_VITIS_LOOP_181_6_VITIS_LOOP_183_7 : mux_case_34583709 | {1 }
	Port: top_Pipeline_VITIS_LOOP_181_6_VITIS_LOOP_183_7 : mux_case_05153915 | {1 }
	Port: top_Pipeline_VITIS_LOOP_181_6_VITIS_LOOP_183_7 : mux_case_15163923 | {1 }
	Port: top_Pipeline_VITIS_LOOP_181_6_VITIS_LOOP_183_7 : mux_case_25173931 | {1 }
	Port: top_Pipeline_VITIS_LOOP_181_6_VITIS_LOOP_183_7 : mux_case_35183940 | {1 }
	Port: top_Pipeline_VITIS_LOOP_181_6_VITIS_LOOP_183_7 : mux_case_04603717 | {1 }
	Port: top_Pipeline_VITIS_LOOP_181_6_VITIS_LOOP_183_7 : mux_case_14613726 | {1 }
	Port: top_Pipeline_VITIS_LOOP_181_6_VITIS_LOOP_183_7 : mux_case_24623734 | {1 }
	Port: top_Pipeline_VITIS_LOOP_181_6_VITIS_LOOP_183_7 : mux_case_34633742 | {1 }
	Port: top_Pipeline_VITIS_LOOP_181_6_VITIS_LOOP_183_7 : mux_case_04653750 | {1 }
	Port: top_Pipeline_VITIS_LOOP_181_6_VITIS_LOOP_183_7 : mux_case_14663758 | {1 }
	Port: top_Pipeline_VITIS_LOOP_181_6_VITIS_LOOP_183_7 : mux_case_24673767 | {1 }
	Port: top_Pipeline_VITIS_LOOP_181_6_VITIS_LOOP_183_7 : mux_case_34683775 | {1 }
	Port: top_Pipeline_VITIS_LOOP_181_6_VITIS_LOOP_183_7 : mux_case_04703783 | {1 }
	Port: top_Pipeline_VITIS_LOOP_181_6_VITIS_LOOP_183_7 : mux_case_14713791 | {1 }
	Port: top_Pipeline_VITIS_LOOP_181_6_VITIS_LOOP_183_7 : mux_case_24723799 | {1 }
	Port: top_Pipeline_VITIS_LOOP_181_6_VITIS_LOOP_183_7 : mux_case_34733808 | {1 }
	Port: top_Pipeline_VITIS_LOOP_181_6_VITIS_LOOP_183_7 : mux_case_04753816 | {1 }
	Port: top_Pipeline_VITIS_LOOP_181_6_VITIS_LOOP_183_7 : mux_case_14763824 | {1 }
	Port: top_Pipeline_VITIS_LOOP_181_6_VITIS_LOOP_183_7 : mux_case_24773832 | {1 }
	Port: top_Pipeline_VITIS_LOOP_181_6_VITIS_LOOP_183_7 : mux_case_34783840 | {1 }
	Port: top_Pipeline_VITIS_LOOP_181_6_VITIS_LOOP_183_7 : mux_case_04803849 | {1 }
	Port: top_Pipeline_VITIS_LOOP_181_6_VITIS_LOOP_183_7 : mux_case_14813858 | {1 }
	Port: top_Pipeline_VITIS_LOOP_181_6_VITIS_LOOP_183_7 : mux_case_24823866 | {1 }
	Port: top_Pipeline_VITIS_LOOP_181_6_VITIS_LOOP_183_7 : mux_case_34833874 | {1 }
	Port: top_Pipeline_VITIS_LOOP_181_6_VITIS_LOOP_183_7 : mux_case_04853882 | {1 }
	Port: top_Pipeline_VITIS_LOOP_181_6_VITIS_LOOP_183_7 : mux_case_14863890 | {1 }
	Port: top_Pipeline_VITIS_LOOP_181_6_VITIS_LOOP_183_7 : mux_case_24873899 | {1 }
	Port: top_Pipeline_VITIS_LOOP_181_6_VITIS_LOOP_183_7 : mux_case_34883907 | {1 }
	Port: top_Pipeline_VITIS_LOOP_181_6_VITIS_LOOP_183_7 : mux_case_05453948 | {1 }
	Port: top_Pipeline_VITIS_LOOP_181_6_VITIS_LOOP_183_7 : mux_case_15463956 | {1 }
	Port: top_Pipeline_VITIS_LOOP_181_6_VITIS_LOOP_183_7 : mux_case_25473964 | {1 }
	Port: top_Pipeline_VITIS_LOOP_181_6_VITIS_LOOP_183_7 : mux_case_35483973 | {1 }
  - Chain level:
	State 1
		store_ln0 : 1
		store_ln181 : 1
		store_ln183 : 1
		indvar_flatten40_load : 1
		icmp_ln181 : 2
		add_ln181 : 2
		br_ln181 : 3
		j_load : 1
		i_load : 1
		icmp_ln183 : 2
		select_ln181 : 3
		add_ln181_1 : 2
		select_ln181_1 : 3
		zext_ln181 : 4
		Q_out_real_addr : 5
		Q_out_real_1_addr : 5
		Q_out_real_2_addr : 5
		Q_out_real_3_addr : 5
		Q_out_imag_addr : 5
		Q_out_imag_1_addr : 5
		Q_out_imag_2_addr : 5
		Q_out_imag_3_addr : 5
		trunc_ln183 : 4
		tmp_s : 5
		tmp_11 : 5
		tmp_12 : 5
		tmp_13 : 5
		tmp_14 : 5
		tmp_15 : 5
		tmp_16 : 5
		tmp_17 : 6
		tmp_18 : 5
		tmp_19 : 5
		tmp_20 : 5
		tmp_21 : 5
		tmp_22 : 5
		tmp_23 : 5
		tmp_24 : 5
		tmp_25 : 6
		switch_ln185 : 5
		store_ln185 : 7
		store_ln186 : 7
		store_ln185 : 7
		store_ln186 : 7
		store_ln185 : 7
		store_ln186 : 7
		store_ln185 : 7
		store_ln186 : 7
		add_ln183 : 4
		store_ln181 : 3
		store_ln181 : 4
		store_ln183 : 5


============================================================
+ Verbose Summary: Datapath Resource usage 
============================================================

* Functional unit list:
|----------|------------------------------------|---------|---------|
| Operation|           Functional Unit          |    FF   |   LUT   |
|----------|------------------------------------|---------|---------|
|          |            tmp_s_fu_716            |    0    |    20   |
|          |            tmp_11_fu_740           |    0    |    20   |
|          |            tmp_12_fu_764           |    0    |    20   |
|          |            tmp_13_fu_788           |    0    |    20   |
|          |            tmp_14_fu_812           |    0    |    20   |
|          |            tmp_15_fu_836           |    0    |    20   |
|          |            tmp_16_fu_860           |    0    |    20   |
| sparsemux|            tmp_17_fu_884           |    0    |    37   |
|          |            tmp_18_fu_924           |    0    |    20   |
|          |            tmp_19_fu_948           |    0    |    20   |
|          |            tmp_20_fu_972           |    0    |    20   |
|          |            tmp_21_fu_996           |    0    |    20   |
|          |           tmp_22_fu_1020           |    0    |    20   |
|          |           tmp_23_fu_1044           |    0    |    20   |
|          |           tmp_24_fu_1068           |    0    |    20   |
|          |           tmp_25_fu_1092           |    0    |    37   |
|----------|------------------------------------|---------|---------|
|          |          add_ln181_fu_660          |    0    |    12   |
|    add   |         add_ln181_1_fu_686         |    0    |    10   |
|          |          add_ln183_fu_1132         |    0    |    10   |
|----------|------------------------------------|---------|---------|
|   icmp   |          icmp_ln181_fu_654         |    0    |    12   |
|          |          icmp_ln183_fu_672         |    0    |    10   |
|----------|------------------------------------|---------|---------|
|  select  |         select_ln181_fu_678        |    0    |    3    |
|          |        select_ln181_1_fu_692       |    0    |    3    |
|----------|------------------------------------|---------|---------|
|          | mux_case_35483973_read_read_fu_196 |    0    |    0    |
|          | mux_case_25473964_read_read_fu_202 |    0    |    0    |
|          | mux_case_15463956_read_read_fu_208 |    0    |    0    |
|          | mux_case_05453948_read_read_fu_214 |    0    |    0    |
|          | mux_case_34883907_read_read_fu_220 |    0    |    0    |
|          | mux_case_24873899_read_read_fu_226 |    0    |    0    |
|          | mux_case_14863890_read_read_fu_232 |    0    |    0    |
|          | mux_case_04853882_read_read_fu_238 |    0    |    0    |
|          | mux_case_34833874_read_read_fu_244 |    0    |    0    |
|          | mux_case_24823866_read_read_fu_250 |    0    |    0    |
|          | mux_case_14813858_read_read_fu_256 |    0    |    0    |
|          | mux_case_04803849_read_read_fu_262 |    0    |    0    |
|          | mux_case_34783840_read_read_fu_268 |    0    |    0    |
|          | mux_case_24773832_read_read_fu_274 |    0    |    0    |
|          | mux_case_14763824_read_read_fu_280 |    0    |    0    |
|          | mux_case_04753816_read_read_fu_286 |    0    |    0    |
|          | mux_case_34733808_read_read_fu_292 |    0    |    0    |
|          | mux_case_24723799_read_read_fu_298 |    0    |    0    |
|          | mux_case_14713791_read_read_fu_304 |    0    |    0    |
|          | mux_case_04703783_read_read_fu_310 |    0    |    0    |
|          | mux_case_34683775_read_read_fu_316 |    0    |    0    |
|          | mux_case_24673767_read_read_fu_322 |    0    |    0    |
|          | mux_case_14663758_read_read_fu_328 |    0    |    0    |
|          | mux_case_04653750_read_read_fu_334 |    0    |    0    |
|          | mux_case_34633742_read_read_fu_340 |    0    |    0    |
|          | mux_case_24623734_read_read_fu_346 |    0    |    0    |
|          | mux_case_14613726_read_read_fu_352 |    0    |    0    |
|   read   | mux_case_04603717_read_read_fu_358 |    0    |    0    |
|          | mux_case_35183940_read_read_fu_364 |    0    |    0    |
|          | mux_case_25173931_read_read_fu_370 |    0    |    0    |
|          | mux_case_15163923_read_read_fu_376 |    0    |    0    |
|          | mux_case_05153915_read_read_fu_382 |    0    |    0    |
|          | mux_case_34583709_read_read_fu_388 |    0    |    0    |
|          | mux_case_24573701_read_read_fu_394 |    0    |    0    |
|          | mux_case_14563692_read_read_fu_400 |    0    |    0    |
|          | mux_case_04553684_read_read_fu_406 |    0    |    0    |
|          | mux_case_34533676_read_read_fu_412 |    0    |    0    |
|          | mux_case_24523668_read_read_fu_418 |    0    |    0    |
|          | mux_case_14513660_read_read_fu_424 |    0    |    0    |
|          | mux_case_04503651_read_read_fu_430 |    0    |    0    |
|          | mux_case_34483642_read_read_fu_436 |    0    |    0    |
|          | mux_case_24473634_read_read_fu_442 |    0    |    0    |
|          | mux_case_14463626_read_read_fu_448 |    0    |    0    |
|          | mux_case_04453618_read_read_fu_454 |    0    |    0    |
|          | mux_case_34433610_read_read_fu_460 |    0    |    0    |
|          | mux_case_24423601_read_read_fu_466 |    0    |    0    |
|          | mux_case_14413593_read_read_fu_472 |    0    |    0    |
|          | mux_case_04403585_read_read_fu_478 |    0    |    0    |
|          | mux_case_34383577_read_read_fu_484 |    0    |    0    |
|          | mux_case_24373569_read_read_fu_490 |    0    |    0    |
|          | mux_case_14363560_read_read_fu_496 |    0    |    0    |
|          | mux_case_04353552_read_read_fu_502 |    0    |    0    |
|          | mux_case_34333544_read_read_fu_508 |    0    |    0    |
|          | mux_case_24323536_read_read_fu_514 |    0    |    0    |
|          | mux_case_14313528_read_read_fu_520 |    0    |    0    |
|          | mux_case_04303519_read_read_fu_526 |    0    |    0    |
|----------|------------------------------------|---------|---------|
|   zext   |          zext_ln181_fu_700         |    0    |    0    |
|----------|------------------------------------|---------|---------|
|   trunc  |         trunc_ln183_fu_712         |    0    |    0    |
|----------|------------------------------------|---------|---------|
|   Total  |                                    |    0    |   414   |
|----------|------------------------------------|---------|---------|

Memories:
N/A

* Register list:
+-------------------------+--------+
|                         |   FF   |
+-------------------------+--------+
|        i_reg_1160       |    3   |
|indvar_flatten40_reg_1167|    5   |
|        j_reg_1153       |    3   |
+-------------------------+--------+
|          Total          |   11   |
+-------------------------+--------+

* Multiplexer (MUX) list: 
|--------|------|------|------|--------|
|  Comp  |  Pin | Size |  BW  | S x BW |
|--------|------|------|------|--------|
|  Total |      |      |      |    0   |
|--------|------|------|------|--------|



* Summary:
+-----------+--------+--------+
|           |   FF   |   LUT  |
+-----------+--------+--------+
|  Function |    0   |   414  |
|   Memory  |    -   |    -   |
|Multiplexer|    -   |    -   |
|  Register |   11   |    -   |
+-----------+--------+--------+
|   Total   |   11   |   414  |
+-----------+--------+--------+
