

================================================================
== Vitis HLS Report for 'top_Pipeline_READ_INIT_VITIS_LOOP_87_1'
================================================================
* Date:           Thu Mar  5 00:42:45 2026

* Version:        2023.2 (Build 4023990 on Oct 11 2023)
* Project:        CGR_QR_WBS
* Solution:       solution1 (Vivado IP Flow Target)
* Product family: zynquplus
* Target device:  xczu7ev-ffvc1156-2-e


================================================================
== Performance Estimates
================================================================
+ Timing: 
    * Summary: 
    +--------+----------+----------+------------+
    |  Clock |  Target  | Estimated| Uncertainty|
    +--------+----------+----------+------------+
    |ap_clk  |  10.00 ns|  8.750 ns|     1.25 ns|
    +--------+----------+----------+------------+

+ Latency: 
    * Summary: 
    +---------+---------+----------+----------+-----+-----+---------+
    |  Latency (cycles) |  Latency (absolute) |  Interval | Pipeline|
    |   min   |   max   |    min   |    max   | min | max |   Type  |
    +---------+---------+----------+----------+-----+-----+---------+
    |       67|       67|  0.670 us|  0.670 us|   67|   67|       no|
    +---------+---------+----------+----------+-----+-----+---------+

    + Detail: 
        * Instance: 
        N/A

        * Loop: 
        +-----------------------------+---------+---------+----------+-----------+-----------+------+----------+
        |                             |  Latency (cycles) | Iteration|  Initiation Interval  | Trip |          |
        |          Loop Name          |   min   |   max   |  Latency |  achieved |   target  | Count| Pipelined|
        +-----------------------------+---------+---------+----------+-----------+-----------+------+----------+
        |- READ_INIT_VITIS_LOOP_87_1  |       65|       65|        12|          2|          1|    28|       yes|
        +-----------------------------+---------+---------+----------+-----------+-----------+------+----------+



================================================================
== Utilization Estimates
================================================================
* Summary: 
+-----------------+---------+------+--------+--------+-----+
|       Name      | BRAM_18K|  DSP |   FF   |   LUT  | URAM|
+-----------------+---------+------+--------+--------+-----+
|DSP              |        -|     -|       -|       -|    -|
|Expression       |        -|     -|       0|     860|    -|
|FIFO             |        -|     -|       -|       -|    -|
|Instance         |        -|     -|       -|       -|    -|
|Memory           |        -|     -|       -|       -|    -|
|Multiplexer      |        -|     -|       -|     742|    -|
|Register         |        -|     -|     468|      64|    -|
+-----------------+---------+------+--------+--------+-----+
|Total            |        0|     0|     468|    1666|    0|
+-----------------+---------+------+--------+--------+-----+
|Available        |      624|  1728|  460800|  230400|   96|
+-----------------+---------+------+--------+--------+-----+
|Utilization (%)  |        0|     0|      ~0|      ~0|    0|
+-----------------+---------+------+--------+--------+-----+

+ Detail: 
    * Instance: 
    N/A

    * DSP: 
    N/A

    * Memory: 
    N/A

    * FIFO: 
    N/A

    * Expression: 
    +------------------------------+----------+----+---+-----+------------+------------+
    |         Variable Name        | Operation| DSP| FF| LUT | Bitwidth P0| Bitwidth P1|
    +------------------------------+----------+----+---+-----+------------+------------+
    |add_ln85_1_fu_711_p2          |         +|   0|  0|   10|           3|           1|
    |add_ln85_fu_685_p2            |         +|   0|  0|   12|           5|           1|
    |add_ln87_fu_759_p2            |         +|   0|  0|   10|           3|           1|
    |add_ln91_1_fu_838_p2          |         +|   0|  0|   71|          64|          64|
    |add_ln91_fu_743_p2            |         +|   0|  0|   71|          64|          64|
    |ap_block_state2_io            |       and|   0|  0|    2|           1|           1|
    |ap_predicate_pred554_state11  |       and|   0|  0|    2|           1|           1|
    |ap_predicate_pred560_state11  |       and|   0|  0|    2|           1|           1|
    |ap_predicate_pred566_state11  |       and|   0|  0|    2|           1|           1|
    |ap_predicate_pred572_state11  |       and|   0|  0|    2|           1|           1|
    |ap_predicate_pred579_state11  |       and|   0|  0|    2|           1|           1|
    |ap_predicate_pred585_state11  |       and|   0|  0|    2|           1|           1|
    |ap_predicate_pred591_state11  |       and|   0|  0|    2|           1|           1|
    |ap_predicate_pred597_state11  |       and|   0|  0|    2|           1|           1|
    |ap_predicate_pred604_state11  |       and|   0|  0|    2|           1|           1|
    |ap_predicate_pred610_state11  |       and|   0|  0|    2|           1|           1|
    |ap_predicate_pred616_state11  |       and|   0|  0|    2|           1|           1|
    |ap_predicate_pred622_state11  |       and|   0|  0|    2|           1|           1|
    |ap_predicate_pred629_state11  |       and|   0|  0|    2|           1|           1|
    |ap_predicate_pred635_state11  |       and|   0|  0|    2|           1|           1|
    |ap_predicate_pred641_state11  |       and|   0|  0|    2|           1|           1|
    |ap_predicate_pred647_state11  |       and|   0|  0|    2|           1|           1|
    |ap_predicate_pred654_state11  |       and|   0|  0|    2|           1|           1|
    |ap_predicate_pred660_state11  |       and|   0|  0|    2|           1|           1|
    |ap_predicate_pred666_state11  |       and|   0|  0|    2|           1|           1|
    |ap_predicate_pred672_state11  |       and|   0|  0|    2|           1|           1|
    |ap_predicate_pred679_state11  |       and|   0|  0|    2|           1|           1|
    |ap_predicate_pred685_state11  |       and|   0|  0|    2|           1|           1|
    |ap_predicate_pred691_state11  |       and|   0|  0|    2|           1|           1|
    |ap_predicate_pred697_state11  |       and|   0|  0|    2|           1|           1|
    |grp_fu_278_p2                 |      icmp|   0|  0|   10|           2|           3|
    |icmp_ln105_1_fu_976_p2        |      icmp|   0|  0|    9|           2|           1|
    |icmp_ln105_2_fu_953_p2        |      icmp|   0|  0|    9|           2|           2|
    |icmp_ln105_3_fu_884_p2        |      icmp|   0|  0|    9|           2|           1|
    |icmp_ln105_4_fu_861_p2        |      icmp|   0|  0|    9|           2|           1|
    |icmp_ln105_fu_999_p2          |      icmp|   0|  0|    9|           2|           1|
    |icmp_ln85_fu_679_p2           |      icmp|   0|  0|   12|           5|           4|
    |icmp_ln87_fu_697_p2           |      icmp|   0|  0|   12|           3|           4|
    |icmp_ln98_fu_853_p2           |      icmp|   0|  0|   10|           3|           3|
    |lshr_ln91_1_fu_1221_p2        |      lshr|   0|  0|  179|          64|          64|
    |lshr_ln91_fu_1029_p2          |      lshr|   0|  0|  179|          64|          64|
    |ap_block_pp0_stage0_11001     |        or|   0|  0|    2|           1|           1|
    |ap_block_pp0_stage1_11001     |        or|   0|  0|    2|           1|           1|
    |ap_predicate_pred496_state11  |        or|   0|  0|    2|           1|           1|
    |ap_predicate_pred507_state11  |        or|   0|  0|    2|           1|           1|
    |ap_predicate_pred517_state11  |        or|   0|  0|    2|           1|           1|
    |ap_predicate_pred526_state11  |        or|   0|  0|    2|           1|           1|
    |or_ln87_fu_787_p2             |        or|   0|  0|    6|           6|           1|
    |or_ln91_fu_808_p2             |        or|   0|  0|    3|           3|           1|
    |select_ln105_1_fu_981_p3      |    select|   0|  0|   32|           1|           1|
    |select_ln105_2_fu_958_p3      |    select|   0|  0|   32|           1|          32|
    |select_ln105_3_fu_889_p3      |    select|   0|  0|   32|           1|           1|
    |select_ln105_4_fu_866_p3      |    select|   0|  0|   32|           1|           1|
    |select_ln105_fu_1004_p3       |    select|   0|  0|   32|           1|           1|
    |select_ln85_1_fu_717_p3       |    select|   0|  0|    3|           1|           3|
    |select_ln85_fu_703_p3         |    select|   0|  0|    3|           1|           1|
    |ap_enable_pp0                 |       xor|   0|  0|    2|           1|           2|
    +------------------------------+----------+----+---+-----+------------+------------+
    |Total                         |          |   0|  0|  860|         338|         354|
    +------------------------------+----------+----+---+-----+------------+------------+

    * Multiplexer: 
    +--------------------------------------+----+-----------+-----+-----------+
    |                 Name                 | LUT| Input Size| Bits| Total Bits|
    +--------------------------------------+----+-----------+-----+-----------+
    |ap_NS_fsm                             |  14|          3|    1|          3|
    |ap_done_int                           |   9|          2|    1|          2|
    |ap_enable_reg_pp0_iter0               |   9|          2|    1|          2|
    |ap_enable_reg_pp0_iter1               |   9|          2|    1|          2|
    |ap_sig_allocacmp_i_load               |   9|          2|    3|          6|
    |ap_sig_allocacmp_indvar_flatten_load  |   9|          2|    5|         10|
    |ap_sig_allocacmp_j_load               |   9|          2|    3|          6|
    |i_fu_228                              |   9|          2|    3|          6|
    |indvar_flatten_fu_232                 |   9|          2|    5|         10|
    |j_fu_224                              |   9|          2|    3|          6|
    |m_axi_memA_ARADDR                     |  14|          3|   64|        192|
    |memA_blk_n_AR                         |   9|          2|    1|          2|
    |memA_blk_n_R                          |   9|          2|    1|          2|
    |mux_case_01022980_out                 |   9|          2|   32|         64|
    |mux_case_01073032_out                 |   9|          2|   32|         64|
    |mux_case_01113084_out                 |   9|          2|   32|         64|
    |mux_case_01153133_out                 |   9|          2|   32|         64|
    |mux_case_01203180_out                 |   9|          2|   32|         64|
    |mux_case_01253232_out                 |   9|          2|   32|         64|
    |mux_case_01303284_out                 |   9|          2|   32|         64|
    |mux_case_01353336_out                 |   9|          2|   32|         64|
    |mux_case_01403388_out                 |   9|          2|   32|         64|
    |mux_case_01703438_out                 |   9|          2|   32|         64|
    |mux_case_01993482_out                 |   9|          2|   32|         64|
    |mux_case_02829_out                    |   9|          2|   32|         64|
    |mux_case_04303523_out_o               |  20|          4|   32|        128|
    |mux_case_04503655_out_o               |  14|          3|   32|         96|
    |mux_case_0922876_out                  |   9|          2|   32|         64|
    |mux_case_0972928_out                  |   9|          2|   32|         64|
    |mux_case_11032993_out                 |   9|          2|   32|         64|
    |mux_case_11083045_out                 |   9|          2|   32|         64|
    |mux_case_11123097_out                 |   9|          2|   32|         64|
    |mux_case_11163144_out                 |   9|          2|   32|         64|
    |mux_case_11213193_out                 |   9|          2|   32|         64|
    |mux_case_11263245_out                 |   9|          2|   32|         64|
    |mux_case_11313297_out                 |   9|          2|   32|         64|
    |mux_case_11363349_out                 |   9|          2|   32|         64|
    |mux_case_11413401_out                 |   9|          2|   32|         64|
    |mux_case_11713449_out                 |   9|          2|   32|         64|
    |mux_case_12003493_out                 |   9|          2|   32|         64|
    |mux_case_12840_out                    |   9|          2|   32|         64|
    |mux_case_14363564_out_o               |  20|          4|   32|        128|
    |mux_case_14563696_out_o               |  14|          3|   32|         96|
    |mux_case_1932889_out                  |   9|          2|   32|         64|
    |mux_case_1982941_out                  |   9|          2|   32|         64|
    |mux_case_21043006_out                 |   9|          2|   32|         64|
    |mux_case_21093058_out                 |   9|          2|   32|         64|
    |mux_case_21133110_out                 |   9|          2|   32|         64|
    |mux_case_21173155_out                 |   9|          2|   32|         64|
    |mux_case_21223206_out                 |   9|          2|   32|         64|
    |mux_case_21273258_out                 |   9|          2|   32|         64|
    |mux_case_21323310_out                 |   9|          2|   32|         64|
    |mux_case_21373362_out                 |   9|          2|   32|         64|
    |mux_case_21423414_out                 |   9|          2|   32|         64|
    |mux_case_21723460_out                 |   9|          2|   32|         64|
    |mux_case_22013504_out                 |   9|          2|   32|         64|
    |mux_case_22851_out                    |   9|          2|   32|         64|
    |mux_case_24423605_out                 |  14|          3|   32|         96|
    |mux_case_25173935_out                 |   9|          2|   32|         64|
    |mux_case_2942902_out                  |   9|          2|   32|         64|
    |mux_case_2992954_out                  |   9|          2|   32|         64|
    |mux_case_31002967_out                 |   9|          2|   32|         64|
    |mux_case_31053019_out                 |   9|          2|   32|         64|
    |mux_case_31103071_out                 |   9|          2|   32|         64|
    |mux_case_31143123_out                 |   9|          2|   32|         64|
    |mux_case_31183166_out                 |   9|          2|   32|         64|
    |mux_case_31233219_out                 |   9|          2|   32|         64|
    |mux_case_31283271_out                 |   9|          2|   32|         64|
    |mux_case_31333323_out                 |   9|          2|   32|         64|
    |mux_case_31383375_out                 |   9|          2|   32|         64|
    |mux_case_31433427_out                 |   9|          2|   32|         64|
    |mux_case_31733471_out                 |   9|          2|   32|         64|
    |mux_case_32023515_out                 |   9|          2|   32|         64|
    |mux_case_32862_out                    |   9|          2|   32|         64|
    |mux_case_34483646_out_o               |  20|          4|   32|        128|
    |mux_case_3952915_out                  |   9|          2|   32|         64|
    +--------------------------------------+----+-----------+-----+-----------+
    |Total                                 | 742|        163| 2108|       4569|
    +--------------------------------------+----+-----------+-----+-----------+

    * Register: 
    +----------------------------------+----+----+-----+-----------+
    |               Name               | FF | LUT| Bits| Const Bits|
    +----------------------------------+----+----+-----+-----------+
    |ap_CS_fsm                         |   2|   0|    2|          0|
    |ap_done_reg                       |   1|   0|    1|          0|
    |ap_enable_reg_pp0_iter0_reg       |   1|   0|    1|          0|
    |ap_enable_reg_pp0_iter1           |   1|   0|    1|          0|
    |ap_enable_reg_pp0_iter2           |   1|   0|    1|          0|
    |ap_enable_reg_pp0_iter3           |   1|   0|    1|          0|
    |ap_enable_reg_pp0_iter4           |   1|   0|    1|          0|
    |ap_enable_reg_pp0_iter5           |   1|   0|    1|          0|
    |ap_loop_exit_ready_pp0_iter1_reg  |   1|   0|    1|          0|
    |ap_loop_exit_ready_pp0_iter2_reg  |   1|   0|    1|          0|
    |ap_loop_exit_ready_pp0_iter3_reg  |   1|   0|    1|          0|
    |ap_loop_exit_ready_pp0_iter4_reg  |   1|   0|    1|          0|
    |ap_predicate_pred496_state11      |   1|   0|    1|          0|
    |ap_predicate_pred496_state12      |   1|   0|    1|          0|
    |ap_predicate_pred507_state11      |   1|   0|    1|          0|
    |ap_predicate_pred507_state12      |   1|   0|    1|          0|
    |ap_predicate_pred517_state11      |   1|   0|    1|          0|
    |ap_predicate_pred517_state12      |   1|   0|    1|          0|
    |ap_predicate_pred526_state11      |   1|   0|    1|          0|
    |ap_predicate_pred526_state12      |   1|   0|    1|          0|
    |ap_predicate_pred554_state11      |   1|   0|    1|          0|
    |ap_predicate_pred554_state12      |   1|   0|    1|          0|
    |ap_predicate_pred560_state11      |   1|   0|    1|          0|
    |ap_predicate_pred560_state12      |   1|   0|    1|          0|
    |ap_predicate_pred566_state11      |   1|   0|    1|          0|
    |ap_predicate_pred566_state12      |   1|   0|    1|          0|
    |ap_predicate_pred572_state11      |   1|   0|    1|          0|
    |ap_predicate_pred572_state12      |   1|   0|    1|          0|
    |ap_predicate_pred579_state11      |   1|   0|    1|          0|
    |ap_predicate_pred579_state12      |   1|   0|    1|          0|
    |ap_predicate_pred585_state11      |   1|   0|    1|          0|
    |ap_predicate_pred585_state12      |   1|   0|    1|          0|
    |ap_predicate_pred591_state11      |   1|   0|    1|          0|
    |ap_predicate_pred591_state12      |   1|   0|    1|          0|
    |ap_predicate_pred597_state11      |   1|   0|    1|          0|
    |ap_predicate_pred597_state12      |   1|   0|    1|          0|
    |ap_predicate_pred604_state11      |   1|   0|    1|          0|
    |ap_predicate_pred604_state12      |   1|   0|    1|          0|
    |ap_predicate_pred610_state11      |   1|   0|    1|          0|
    |ap_predicate_pred610_state12      |   1|   0|    1|          0|
    |ap_predicate_pred616_state11      |   1|   0|    1|          0|
    |ap_predicate_pred616_state12      |   1|   0|    1|          0|
    |ap_predicate_pred622_state11      |   1|   0|    1|          0|
    |ap_predicate_pred622_state12      |   1|   0|    1|          0|
    |ap_predicate_pred629_state11      |   1|   0|    1|          0|
    |ap_predicate_pred629_state12      |   1|   0|    1|          0|
    |ap_predicate_pred635_state11      |   1|   0|    1|          0|
    |ap_predicate_pred635_state12      |   1|   0|    1|          0|
    |ap_predicate_pred641_state11      |   1|   0|    1|          0|
    |ap_predicate_pred641_state12      |   1|   0|    1|          0|
    |ap_predicate_pred647_state11      |   1|   0|    1|          0|
    |ap_predicate_pred647_state12      |   1|   0|    1|          0|
    |ap_predicate_pred654_state11      |   1|   0|    1|          0|
    |ap_predicate_pred654_state12      |   1|   0|    1|          0|
    |ap_predicate_pred660_state11      |   1|   0|    1|          0|
    |ap_predicate_pred660_state12      |   1|   0|    1|          0|
    |ap_predicate_pred666_state11      |   1|   0|    1|          0|
    |ap_predicate_pred666_state12      |   1|   0|    1|          0|
    |ap_predicate_pred672_state11      |   1|   0|    1|          0|
    |ap_predicate_pred672_state12      |   1|   0|    1|          0|
    |ap_predicate_pred679_state11      |   1|   0|    1|          0|
    |ap_predicate_pred679_state12      |   1|   0|    1|          0|
    |ap_predicate_pred685_state11      |   1|   0|    1|          0|
    |ap_predicate_pred685_state12      |   1|   0|    1|          0|
    |ap_predicate_pred691_state11      |   1|   0|    1|          0|
    |ap_predicate_pred691_state12      |   1|   0|    1|          0|
    |ap_predicate_pred697_state11      |   1|   0|    1|          0|
    |ap_predicate_pred697_state12      |   1|   0|    1|          0|
    |i_fu_228                          |   3|   0|    3|          0|
    |icmp_ln85_reg_1438                |   1|   0|    1|          0|
    |icmp_ln98_reg_1480                |   1|   0|    1|          0|
    |indvar_flatten_fu_232             |   5|   0|    5|          0|
    |j_fu_224                          |   3|   0|    3|          0|
    |memA_addr_1_read_reg_1501         |  64|   0|   64|          0|
    |memA_addr_read_reg_1496           |  64|   0|   64|          0|
    |select_ln85_1_reg_1448            |   3|   0|    3|          0|
    |select_ln85_reg_1442              |   3|   0|    3|          0|
    |trunc_ln87_reg_1454               |   2|   0|    2|          0|
    |trunc_ln91_2_reg_1464             |  61|   0|   61|          0|
    |trunc_ln91_3_reg_1475             |  61|   0|   61|          0|
    |select_ln85_1_reg_1448            |  64|  32|    3|          0|
    |trunc_ln87_reg_1454               |  64|  32|    2|          0|
    +----------------------------------+----+----+-----+-----------+
    |Total                             | 468|  64|  345|          0|
    +----------------------------------+----+----+-----+-----------+



================================================================
== Interface
================================================================
* Summary: 
+--------------------------------+-----+-----+------------+----------------------------------------+--------------+
|            RTL Ports           | Dir | Bits|  Protocol  |              Source Object             |    C Type    |
+--------------------------------+-----+-----+------------+----------------------------------------+--------------+
|ap_clk                          |   in|    1|  ap_ctrl_hs|  top_Pipeline_READ_INIT_VITIS_LOOP_87_1|  return value|
|ap_rst                          |   in|    1|  ap_ctrl_hs|  top_Pipeline_READ_INIT_VITIS_LOOP_87_1|  return value|
|ap_start                        |   in|    1|  ap_ctrl_hs|  top_Pipeline_READ_INIT_VITIS_LOOP_87_1|  return value|
|ap_done                         |  out|    1|  ap_ctrl_hs|  top_Pipeline_READ_INIT_VITIS_LOOP_87_1|  return value|
|ap_idle                         |  out|    1|  ap_ctrl_hs|  top_Pipeline_READ_INIT_VITIS_LOOP_87_1|  return value|
|ap_ready                        |  out|    1|  ap_ctrl_hs|  top_Pipeline_READ_INIT_VITIS_LOOP_87_1|  return value|
|m_axi_memA_AWVALID              |  out|    1|       m_axi|                                    memA|       pointer|
|m_axi_memA_AWREADY              |   in|    1|       m_axi|                                    memA|       pointer|
|m_axi_memA_AWADDR               |  out|   64|       m_axi|                                    memA|       pointer|
|m_axi_memA_AWID                 |  out|    1|       m_axi|                                    memA|       pointer|
|m_axi_memA_AWLEN                |  out|   32|       m_axi|                                    memA|       pointer|
|m_axi_memA_AWSIZE               |  out|    3|       m_axi|                                    memA|       pointer|
|m_axi_memA_AWBURST              |  out|    2|       m_axi|                                    memA|       pointer|
|m_axi_memA_AWLOCK               |  out|    2|       m_axi|                                    memA|       pointer|
|m_axi_memA_AWCACHE              |  out|    4|       m_axi|                                    memA|       pointer|
|m_axi_memA_AWPROT               |  out|    3|       m_axi|                                    memA|       pointer|
|m_axi_memA_AWQOS                |  out|    4|       m_axi|                                    memA|       pointer|
|m_axi_memA_AWREGION             |  out|    4|       m_axi|                                    memA|       pointer|
|m_axi_memA_AWUSER               |  out|    1|       m_axi|                                    memA|       pointer|
|m_axi_memA_WVALID               |  out|    1|       m_axi|                                    memA|       pointer|
|m_axi_memA_WREADY               |   in|    1|       m_axi|                                    memA|       pointer|
|m_axi_memA_WDATA                |  out|   64|       m_axi|                                    memA|       pointer|
|m_axi_memA_WSTRB                |  out|    8|       m_axi|                                    memA|       pointer|
|m_axi_memA_WLAST                |  out|    1|       m_axi|                                    memA|       pointer|
|m_axi_memA_WID                  |  out|    1|       m_axi|                                    memA|       pointer|
|m_axi_memA_WUSER                |  out|    1|       m_axi|                                    memA|       pointer|
|m_axi_memA_ARVALID              |  out|    1|       m_axi|                                    memA|       pointer|
|m_axi_memA_ARREADY              |   in|    1|       m_axi|                                    memA|       pointer|
|m_axi_memA_ARADDR               |  out|   64|       m_axi|                                    memA|       pointer|
|m_axi_memA_ARID                 |  out|    1|       m_axi|                                    memA|       pointer|
|m_axi_memA_ARLEN                |  out|   32|       m_axi|                                    memA|       pointer|
|m_axi_memA_ARSIZE               |  out|    3|       m_axi|                                    memA|       pointer|
|m_axi_memA_ARBURST              |  out|    2|       m_axi|                                    memA|       pointer|
|m_axi_memA_ARLOCK               |  out|    2|       m_axi|                                    memA|       pointer|
|m_axi_memA_ARCACHE              |  out|    4|       m_axi|                                    memA|       pointer|
|m_axi_memA_ARPROT               |  out|    3|       m_axi|                                    memA|       pointer|
|m_axi_memA_ARQOS                |  out|    4|       m_axi|                                    memA|       pointer|
|m_axi_memA_ARREGION             |  out|    4|       m_axi|                                    memA|       pointer|
|m_axi_memA_ARUSER               |  out|    1|       m_axi|                                    memA|       pointer|
|m_axi_memA_RVALID               |   in|    1|       m_axi|                                    memA|       pointer|
|m_axi_memA_RREADY               |  out|    1|       m_axi|                                    memA|       pointer|
|m_axi_memA_RDATA                |   in|   64|       m_axi|                                    memA|       pointer|
|m_axi_memA_RLAST                |   in|    1|       m_axi|                                    memA|       pointer|
|m_axi_memA_RID                  |   in|    1|       m_axi|                                    memA|       pointer|
|m_axi_memA_RFIFONUM             |   in|    9|       m_axi|                                    memA|       pointer|
|m_axi_memA_RUSER                |   in|    1|       m_axi|                                    memA|       pointer|
|m_axi_memA_RRESP                |   in|    2|       m_axi|                                    memA|       pointer|
|m_axi_memA_BVALID               |   in|    1|       m_axi|                                    memA|       pointer|
|m_axi_memA_BREADY               |  out|    1|       m_axi|                                    memA|       pointer|
|m_axi_memA_BRESP                |   in|    2|       m_axi|                                    memA|       pointer|
|m_axi_memA_BID                  |   in|    1|       m_axi|                                    memA|       pointer|
|m_axi_memA_BUSER                |   in|    1|       m_axi|                                    memA|       pointer|
|A_DRAM                          |   in|   64|     ap_none|                                  A_DRAM|        scalar|
|empty                           |   in|    3|     ap_none|                                   empty|        scalar|
|xor_ln85                        |   in|    3|     ap_none|                                xor_ln85|        scalar|
|mux_case_25173935_out           |  out|   32|      ap_vld|                   mux_case_25173935_out|       pointer|
|mux_case_25173935_out_ap_vld    |  out|    1|      ap_vld|                   mux_case_25173935_out|       pointer|
|mux_case_14563696_out_i         |   in|   32|     ap_ovld|                   mux_case_14563696_out|       pointer|
|mux_case_14563696_out_o         |  out|   32|     ap_ovld|                   mux_case_14563696_out|       pointer|
|mux_case_14563696_out_o_ap_vld  |  out|    1|     ap_ovld|                   mux_case_14563696_out|       pointer|
|mux_case_04503655_out_i         |   in|   32|     ap_ovld|                   mux_case_04503655_out|       pointer|
|mux_case_04503655_out_o         |  out|   32|     ap_ovld|                   mux_case_04503655_out|       pointer|
|mux_case_04503655_out_o_ap_vld  |  out|    1|     ap_ovld|                   mux_case_04503655_out|       pointer|
|mux_case_34483646_out_i         |   in|   32|     ap_ovld|                   mux_case_34483646_out|       pointer|
|mux_case_34483646_out_o         |  out|   32|     ap_ovld|                   mux_case_34483646_out|       pointer|
|mux_case_34483646_out_o_ap_vld  |  out|    1|     ap_ovld|                   mux_case_34483646_out|       pointer|
|mux_case_24423605_out           |  out|   32|      ap_vld|                   mux_case_24423605_out|       pointer|
|mux_case_24423605_out_ap_vld    |  out|    1|      ap_vld|                   mux_case_24423605_out|       pointer|
|mux_case_14363564_out_i         |   in|   32|     ap_ovld|                   mux_case_14363564_out|       pointer|
|mux_case_14363564_out_o         |  out|   32|     ap_ovld|                   mux_case_14363564_out|       pointer|
|mux_case_14363564_out_o_ap_vld  |  out|    1|     ap_ovld|                   mux_case_14363564_out|       pointer|
|mux_case_04303523_out_i         |   in|   32|     ap_ovld|                   mux_case_04303523_out|       pointer|
|mux_case_04303523_out_o         |  out|   32|     ap_ovld|                   mux_case_04303523_out|       pointer|
|mux_case_04303523_out_o_ap_vld  |  out|    1|     ap_ovld|                   mux_case_04303523_out|       pointer|
|mux_case_32023515_out           |  out|   32|      ap_vld|                   mux_case_32023515_out|       pointer|
|mux_case_32023515_out_ap_vld    |  out|    1|      ap_vld|                   mux_case_32023515_out|       pointer|
|mux_case_22013504_out           |  out|   32|      ap_vld|                   mux_case_22013504_out|       pointer|
|mux_case_22013504_out_ap_vld    |  out|    1|      ap_vld|                   mux_case_22013504_out|       pointer|
|mux_case_12003493_out           |  out|   32|      ap_vld|                   mux_case_12003493_out|       pointer|
|mux_case_12003493_out_ap_vld    |  out|    1|      ap_vld|                   mux_case_12003493_out|       pointer|
|mux_case_01993482_out           |  out|   32|      ap_vld|                   mux_case_01993482_out|       pointer|
|mux_case_01993482_out_ap_vld    |  out|    1|      ap_vld|                   mux_case_01993482_out|       pointer|
|mux_case_31733471_out           |  out|   32|      ap_vld|                   mux_case_31733471_out|       pointer|
|mux_case_31733471_out_ap_vld    |  out|    1|      ap_vld|                   mux_case_31733471_out|       pointer|
|mux_case_21723460_out           |  out|   32|      ap_vld|                   mux_case_21723460_out|       pointer|
|mux_case_21723460_out_ap_vld    |  out|    1|      ap_vld|                   mux_case_21723460_out|       pointer|
|mux_case_11713449_out           |  out|   32|      ap_vld|                   mux_case_11713449_out|       pointer|
|mux_case_11713449_out_ap_vld    |  out|    1|      ap_vld|                   mux_case_11713449_out|       pointer|
|mux_case_01703438_out           |  out|   32|      ap_vld|                   mux_case_01703438_out|       pointer|
|mux_case_01703438_out_ap_vld    |  out|    1|      ap_vld|                   mux_case_01703438_out|       pointer|
|mux_case_31433427_out           |  out|   32|      ap_vld|                   mux_case_31433427_out|       pointer|
|mux_case_31433427_out_ap_vld    |  out|    1|      ap_vld|                   mux_case_31433427_out|       pointer|
|mux_case_21423414_out           |  out|   32|      ap_vld|                   mux_case_21423414_out|       pointer|
|mux_case_21423414_out_ap_vld    |  out|    1|      ap_vld|                   mux_case_21423414_out|       pointer|
|mux_case_11413401_out           |  out|   32|      ap_vld|                   mux_case_11413401_out|       pointer|
|mux_case_11413401_out_ap_vld    |  out|    1|      ap_vld|                   mux_case_11413401_out|       pointer|
|mux_case_01403388_out           |  out|   32|      ap_vld|                   mux_case_01403388_out|       pointer|
|mux_case_01403388_out_ap_vld    |  out|    1|      ap_vld|                   mux_case_01403388_out|       pointer|
|mux_case_31383375_out           |  out|   32|      ap_vld|                   mux_case_31383375_out|       pointer|
|mux_case_31383375_out_ap_vld    |  out|    1|      ap_vld|                   mux_case_31383375_out|       pointer|
|mux_case_21373362_out           |  out|   32|      ap_vld|                   mux_case_21373362_out|       pointer|
|mux_case_21373362_out_ap_vld    |  out|    1|      ap_vld|                   mux_case_21373362_out|       pointer|
|mux_case_11363349_out           |  out|   32|      ap_vld|                   mux_case_11363349_out|       pointer|
|mux_case_11363349_out_ap_vld    |  out|    1|      ap_vld|                   mux_case_11363349_out|       pointer|
|mux_case_01353336_out           |  out|   32|      ap_vld|                   mux_case_01353336_out|       pointer|
|mux_case_01353336_out_ap_vld    |  out|    1|      ap_vld|                   mux_case_01353336_out|       pointer|
|mux_case_31333323_out           |  out|   32|      ap_vld|                   mux_case_31333323_out|       pointer|
|mux_case_31333323_out_ap_vld    |  out|    1|      ap_vld|                   mux_case_31333323_out|       pointer|
|mux_case_21323310_out           |  out|   32|      ap_vld|                   mux_case_21323310_out|       pointer|
|mux_case_21323310_out_ap_vld    |  out|    1|      ap_vld|                   mux_case_21323310_out|       pointer|
|mux_case_11313297_out           |  out|   32|      ap_vld|                   mux_case_11313297_out|       pointer|
|mux_case_11313297_out_ap_vld    |  out|    1|      ap_vld|                   mux_case_11313297_out|       pointer|
|mux_case_01303284_out           |  out|   32|      ap_vld|                   mux_case_01303284_out|       pointer|
|mux_case_01303284_out_ap_vld    |  out|    1|      ap_vld|                   mux_case_01303284_out|       pointer|
|mux_case_31283271_out           |  out|   32|      ap_vld|                   mux_case_31283271_out|       pointer|
|mux_case_31283271_out_ap_vld    |  out|    1|      ap_vld|                   mux_case_31283271_out|       pointer|
|mux_case_21273258_out           |  out|   32|      ap_vld|                   mux_case_21273258_out|       pointer|
|mux_case_21273258_out_ap_vld    |  out|    1|      ap_vld|                   mux_case_21273258_out|       pointer|
|mux_case_11263245_out           |  out|   32|      ap_vld|                   mux_case_11263245_out|       pointer|
|mux_case_11263245_out_ap_vld    |  out|    1|      ap_vld|                   mux_case_11263245_out|       pointer|
|mux_case_01253232_out           |  out|   32|      ap_vld|                   mux_case_01253232_out|       pointer|
|mux_case_01253232_out_ap_vld    |  out|    1|      ap_vld|                   mux_case_01253232_out|       pointer|
|mux_case_31233219_out           |  out|   32|      ap_vld|                   mux_case_31233219_out|       pointer|
|mux_case_31233219_out_ap_vld    |  out|    1|      ap_vld|                   mux_case_31233219_out|       pointer|
|mux_case_21223206_out           |  out|   32|      ap_vld|                   mux_case_21223206_out|       pointer|
|mux_case_21223206_out_ap_vld    |  out|    1|      ap_vld|                   mux_case_21223206_out|       pointer|
|mux_case_11213193_out           |  out|   32|      ap_vld|                   mux_case_11213193_out|       pointer|
|mux_case_11213193_out_ap_vld    |  out|    1|      ap_vld|                   mux_case_11213193_out|       pointer|
|mux_case_01203180_out           |  out|   32|      ap_vld|                   mux_case_01203180_out|       pointer|
|mux_case_01203180_out_ap_vld    |  out|    1|      ap_vld|                   mux_case_01203180_out|       pointer|
|mux_case_31183166_out           |  out|   32|      ap_vld|                   mux_case_31183166_out|       pointer|
|mux_case_31183166_out_ap_vld    |  out|    1|      ap_vld|                   mux_case_31183166_out|       pointer|
|mux_case_21173155_out           |  out|   32|      ap_vld|                   mux_case_21173155_out|       pointer|
|mux_case_21173155_out_ap_vld    |  out|    1|      ap_vld|                   mux_case_21173155_out|       pointer|
|mux_case_11163144_out           |  out|   32|      ap_vld|                   mux_case_11163144_out|       pointer|
|mux_case_11163144_out_ap_vld    |  out|    1|      ap_vld|                   mux_case_11163144_out|       pointer|
|mux_case_01153133_out           |  out|   32|      ap_vld|                   mux_case_01153133_out|       pointer|
|mux_case_01153133_out_ap_vld    |  out|    1|      ap_vld|                   mux_case_01153133_out|       pointer|
|mux_case_31143123_out           |  out|   32|      ap_vld|                   mux_case_31143123_out|       pointer|
|mux_case_31143123_out_ap_vld    |  out|    1|      ap_vld|                   mux_case_31143123_out|       pointer|
|mux_case_21133110_out           |  out|   32|      ap_vld|                   mux_case_21133110_out|       pointer|
|mux_case_21133110_out_ap_vld    |  out|    1|      ap_vld|                   mux_case_21133110_out|       pointer|
|mux_case_11123097_out           |  out|   32|      ap_vld|                   mux_case_11123097_out|       pointer|
|mux_case_11123097_out_ap_vld    |  out|    1|      ap_vld|                   mux_case_11123097_out|       pointer|
|mux_case_01113084_out           |  out|   32|      ap_vld|                   mux_case_01113084_out|       pointer|
|mux_case_01113084_out_ap_vld    |  out|    1|      ap_vld|                   mux_case_01113084_out|       pointer|
|mux_case_31103071_out           |  out|   32|      ap_vld|                   mux_case_31103071_out|       pointer|
|mux_case_31103071_out_ap_vld    |  out|    1|      ap_vld|                   mux_case_31103071_out|       pointer|
|mux_case_21093058_out           |  out|   32|      ap_vld|                   mux_case_21093058_out|       pointer|
|mux_case_21093058_out_ap_vld    |  out|    1|      ap_vld|                   mux_case_21093058_out|       pointer|
|mux_case_11083045_out           |  out|   32|      ap_vld|                   mux_case_11083045_out|       pointer|
|mux_case_11083045_out_ap_vld    |  out|    1|      ap_vld|                   mux_case_11083045_out|       pointer|
|mux_case_01073032_out           |  out|   32|      ap_vld|                   mux_case_01073032_out|       pointer|
|mux_case_01073032_out_ap_vld    |  out|    1|      ap_vld|                   mux_case_01073032_out|       pointer|
|mux_case_31053019_out           |  out|   32|      ap_vld|                   mux_case_31053019_out|       pointer|
|mux_case_31053019_out_ap_vld    |  out|    1|      ap_vld|                   mux_case_31053019_out|       pointer|
|mux_case_21043006_out           |  out|   32|      ap_vld|                   mux_case_21043006_out|       pointer|
|mux_case_21043006_out_ap_vld    |  out|    1|      ap_vld|                   mux_case_21043006_out|       pointer|
|mux_case_11032993_out           |  out|   32|      ap_vld|                   mux_case_11032993_out|       pointer|
|mux_case_11032993_out_ap_vld    |  out|    1|      ap_vld|                   mux_case_11032993_out|       pointer|
|mux_case_01022980_out           |  out|   32|      ap_vld|                   mux_case_01022980_out|       pointer|
|mux_case_01022980_out_ap_vld    |  out|    1|      ap_vld|                   mux_case_01022980_out|       pointer|
|mux_case_31002967_out           |  out|   32|      ap_vld|                   mux_case_31002967_out|       pointer|
|mux_case_31002967_out_ap_vld    |  out|    1|      ap_vld|                   mux_case_31002967_out|       pointer|
|mux_case_2992954_out            |  out|   32|      ap_vld|                    mux_case_2992954_out|       pointer|
|mux_case_2992954_out_ap_vld     |  out|    1|      ap_vld|                    mux_case_2992954_out|       pointer|
|mux_case_1982941_out            |  out|   32|      ap_vld|                    mux_case_1982941_out|       pointer|
|mux_case_1982941_out_ap_vld     |  out|    1|      ap_vld|                    mux_case_1982941_out|       pointer|
|mux_case_0972928_out            |  out|   32|      ap_vld|                    mux_case_0972928_out|       pointer|
|mux_case_0972928_out_ap_vld     |  out|    1|      ap_vld|                    mux_case_0972928_out|       pointer|
|mux_case_3952915_out            |  out|   32|      ap_vld|                    mux_case_3952915_out|       pointer|
|mux_case_3952915_out_ap_vld     |  out|    1|      ap_vld|                    mux_case_3952915_out|       pointer|
|mux_case_2942902_out            |  out|   32|      ap_vld|                    mux_case_2942902_out|       pointer|
|mux_case_2942902_out_ap_vld     |  out|    1|      ap_vld|                    mux_case_2942902_out|       pointer|
|mux_case_1932889_out            |  out|   32|      ap_vld|                    mux_case_1932889_out|       pointer|
|mux_case_1932889_out_ap_vld     |  out|    1|      ap_vld|                    mux_case_1932889_out|       pointer|
|mux_case_0922876_out            |  out|   32|      ap_vld|                    mux_case_0922876_out|       pointer|
|mux_case_0922876_out_ap_vld     |  out|    1|      ap_vld|                    mux_case_0922876_out|       pointer|
|mux_case_32862_out              |  out|   32|      ap_vld|                      mux_case_32862_out|       pointer|
|mux_case_32862_out_ap_vld       |  out|    1|      ap_vld|                      mux_case_32862_out|       pointer|
|mux_case_22851_out              |  out|   32|      ap_vld|                      mux_case_22851_out|       pointer|
|mux_case_22851_out_ap_vld       |  out|    1|      ap_vld|                      mux_case_22851_out|       pointer|
|mux_case_12840_out              |  out|   32|      ap_vld|                      mux_case_12840_out|       pointer|
|mux_case_12840_out_ap_vld       |  out|    1|      ap_vld|                      mux_case_12840_out|       pointer|
|mux_case_02829_out              |  out|   32|      ap_vld|                      mux_case_02829_out|       pointer|
|mux_case_02829_out_ap_vld       |  out|    1|      ap_vld|                      mux_case_02829_out|       pointer|
+--------------------------------+-----+-----+------------+----------------------------------------+--------------+

============================================================
+ Verbose Summary: Synthesis Manager
============================================================
InlineROM: 1
ExposeGlobal: 0
============================================================
+ Verbose Summary: CDFG Model
============================================================
IsTopModel: 0
ResetActiveHigh: 1
IsCombinational: 2
IsDatapathOnly: 2
HasWiredReturn: 1
HasMFsm: 2
HasVarLatency: 1
IsPipeline: 0
IsRtlPipelined: 0
IsInstanceOverlapped: 0
IsDontTouch: 0
HasImplIP: 0
IsGatedGlobalClock: 0

+ Individual pipeline summary: 
  * Pipeline-0: initiation interval (II) = 2, depth = 12


============================================================
+ Verbose Summary: Schedule
============================================================
* Number of FSM states : 12
* Pipeline : 1
  Pipeline-0 : II = 2, D = 12, States = { 1 2 3 4 5 6 7 8 9 10 11 12 }
* Dataflow Pipeline: 0

* FSM state transitions: 
1 --> 2 
2 --> 3 
3 --> 4 
4 --> 5 
5 --> 6 
6 --> 7 
7 --> 8 
8 --> 9 
9 --> 10 
10 --> 11 
11 --> 12 
12 --> 

* FSM state operations: 

State 1 <SV = 0> <Delay = 2.40>
ST_1 : Operation 15 [1/1] (0.00ns)   --->   "%j = alloca i32 1" [top_cmplx.cpp:87]   --->   Operation 15 'alloca' 'j' <Predicate = true> <Delay = 0.00>
ST_1 : Operation 16 [1/1] (0.00ns)   --->   "%i = alloca i32 1" [top_cmplx.cpp:85]   --->   Operation 16 'alloca' 'i' <Predicate = true> <Delay = 0.00>
ST_1 : Operation 17 [1/1] (0.00ns)   --->   "%indvar_flatten = alloca i32 1"   --->   Operation 17 'alloca' 'indvar_flatten' <Predicate = true> <Delay = 0.00>
ST_1 : Operation 18 [1/1] (0.00ns)   --->   "%specinterface_ln0 = specinterface void @_ssdm_op_SpecInterface, i64 %memA, void @empty, i32 0, i32 0, void @empty_0, i32 0, i32 28, void @empty_1, void @empty_2, void @empty_0, i32 16, i32 16, i32 16, i32 16, void @empty_0, void @empty_0, i32 4294967295, i32 0"   --->   Operation 18 'specinterface' 'specinterface_ln0' <Predicate = true> <Delay = 0.00>
ST_1 : Operation 19 [1/1] (0.00ns)   --->   "%xor_ln85_read = read i3 @_ssdm_op_Read.ap_auto.i3, i3 %xor_ln85"   --->   Operation 19 'read' 'xor_ln85_read' <Predicate = true> <Delay = 0.00>
ST_1 : Operation 20 [1/1] (0.00ns)   --->   "%tmp = read i3 @_ssdm_op_Read.ap_auto.i3, i3 %empty"   --->   Operation 20 'read' 'tmp' <Predicate = true> <Delay = 0.00>
ST_1 : Operation 21 [1/1] (0.00ns)   --->   "%A_DRAM_read = read i64 @_ssdm_op_Read.ap_auto.i64, i64 %A_DRAM"   --->   Operation 21 'read' 'A_DRAM_read' <Predicate = true> <Delay = 0.00>
ST_1 : Operation 22 [1/1] (0.47ns)   --->   "%store_ln0 = store i32 <undef>, i32 %mux_case_34483646_out"   --->   Operation 22 'store' 'store_ln0' <Predicate = true> <Delay = 0.47>
ST_1 : Operation 23 [1/1] (0.47ns)   --->   "%store_ln0 = store i32 <undef>, i32 %mux_case_24423605_out"   --->   Operation 23 'store' 'store_ln0' <Predicate = true> <Delay = 0.47>
ST_1 : Operation 24 [1/1] (0.47ns)   --->   "%store_ln0 = store i32 <undef>, i32 %mux_case_14363564_out"   --->   Operation 24 'store' 'store_ln0' <Predicate = true> <Delay = 0.47>
ST_1 : Operation 25 [1/1] (0.47ns)   --->   "%store_ln0 = store i32 <undef>, i32 %mux_case_04303523_out"   --->   Operation 25 'store' 'store_ln0' <Predicate = true> <Delay = 0.47>
ST_1 : Operation 26 [1/1] (0.42ns)   --->   "%store_ln0 = store i32 <undef>, i32 %mux_case_25173935_out"   --->   Operation 26 'store' 'store_ln0' <Predicate = true> <Delay = 0.42>
ST_1 : Operation 27 [1/1] (0.42ns)   --->   "%store_ln0 = store i32 <undef>, i32 %mux_case_14563696_out"   --->   Operation 27 'store' 'store_ln0' <Predicate = true> <Delay = 0.42>
ST_1 : Operation 28 [1/1] (0.42ns)   --->   "%store_ln0 = store i32 <undef>, i32 %mux_case_04503655_out"   --->   Operation 28 'store' 'store_ln0' <Predicate = true> <Delay = 0.42>
ST_1 : Operation 29 [1/1] (0.42ns)   --->   "%store_ln0 = store i32 <undef>, i32 %mux_case_32023515_out"   --->   Operation 29 'store' 'store_ln0' <Predicate = true> <Delay = 0.42>
ST_1 : Operation 30 [1/1] (0.42ns)   --->   "%store_ln0 = store i32 <undef>, i32 %mux_case_22013504_out"   --->   Operation 30 'store' 'store_ln0' <Predicate = true> <Delay = 0.42>
ST_1 : Operation 31 [1/1] (0.42ns)   --->   "%store_ln0 = store i32 <undef>, i32 %mux_case_12003493_out"   --->   Operation 31 'store' 'store_ln0' <Predicate = true> <Delay = 0.42>
ST_1 : Operation 32 [1/1] (0.42ns)   --->   "%store_ln0 = store i32 <undef>, i32 %mux_case_01993482_out"   --->   Operation 32 'store' 'store_ln0' <Predicate = true> <Delay = 0.42>
ST_1 : Operation 33 [1/1] (0.42ns)   --->   "%store_ln0 = store i32 <undef>, i32 %mux_case_31733471_out"   --->   Operation 33 'store' 'store_ln0' <Predicate = true> <Delay = 0.42>
ST_1 : Operation 34 [1/1] (0.42ns)   --->   "%store_ln0 = store i32 <undef>, i32 %mux_case_21723460_out"   --->   Operation 34 'store' 'store_ln0' <Predicate = true> <Delay = 0.42>
ST_1 : Operation 35 [1/1] (0.42ns)   --->   "%store_ln0 = store i32 <undef>, i32 %mux_case_11713449_out"   --->   Operation 35 'store' 'store_ln0' <Predicate = true> <Delay = 0.42>
ST_1 : Operation 36 [1/1] (0.42ns)   --->   "%store_ln0 = store i32 <undef>, i32 %mux_case_01703438_out"   --->   Operation 36 'store' 'store_ln0' <Predicate = true> <Delay = 0.42>
ST_1 : Operation 37 [1/1] (0.42ns)   --->   "%store_ln0 = store i32 <undef>, i32 %mux_case_31433427_out"   --->   Operation 37 'store' 'store_ln0' <Predicate = true> <Delay = 0.42>
ST_1 : Operation 38 [1/1] (0.42ns)   --->   "%store_ln0 = store i32 <undef>, i32 %mux_case_21423414_out"   --->   Operation 38 'store' 'store_ln0' <Predicate = true> <Delay = 0.42>
ST_1 : Operation 39 [1/1] (0.42ns)   --->   "%store_ln0 = store i32 <undef>, i32 %mux_case_11413401_out"   --->   Operation 39 'store' 'store_ln0' <Predicate = true> <Delay = 0.42>
ST_1 : Operation 40 [1/1] (0.42ns)   --->   "%store_ln0 = store i32 <undef>, i32 %mux_case_01403388_out"   --->   Operation 40 'store' 'store_ln0' <Predicate = true> <Delay = 0.42>
ST_1 : Operation 41 [1/1] (0.42ns)   --->   "%store_ln0 = store i32 <undef>, i32 %mux_case_31383375_out"   --->   Operation 41 'store' 'store_ln0' <Predicate = true> <Delay = 0.42>
ST_1 : Operation 42 [1/1] (0.42ns)   --->   "%store_ln0 = store i32 <undef>, i32 %mux_case_21373362_out"   --->   Operation 42 'store' 'store_ln0' <Predicate = true> <Delay = 0.42>
ST_1 : Operation 43 [1/1] (0.42ns)   --->   "%store_ln0 = store i32 <undef>, i32 %mux_case_11363349_out"   --->   Operation 43 'store' 'store_ln0' <Predicate = true> <Delay = 0.42>
ST_1 : Operation 44 [1/1] (0.42ns)   --->   "%store_ln0 = store i32 <undef>, i32 %mux_case_01353336_out"   --->   Operation 44 'store' 'store_ln0' <Predicate = true> <Delay = 0.42>
ST_1 : Operation 45 [1/1] (0.42ns)   --->   "%store_ln0 = store i32 <undef>, i32 %mux_case_31333323_out"   --->   Operation 45 'store' 'store_ln0' <Predicate = true> <Delay = 0.42>
ST_1 : Operation 46 [1/1] (0.42ns)   --->   "%store_ln0 = store i32 <undef>, i32 %mux_case_21323310_out"   --->   Operation 46 'store' 'store_ln0' <Predicate = true> <Delay = 0.42>
ST_1 : Operation 47 [1/1] (0.42ns)   --->   "%store_ln0 = store i32 <undef>, i32 %mux_case_11313297_out"   --->   Operation 47 'store' 'store_ln0' <Predicate = true> <Delay = 0.42>
ST_1 : Operation 48 [1/1] (0.42ns)   --->   "%store_ln0 = store i32 <undef>, i32 %mux_case_01303284_out"   --->   Operation 48 'store' 'store_ln0' <Predicate = true> <Delay = 0.42>
ST_1 : Operation 49 [1/1] (0.42ns)   --->   "%store_ln0 = store i32 <undef>, i32 %mux_case_31283271_out"   --->   Operation 49 'store' 'store_ln0' <Predicate = true> <Delay = 0.42>
ST_1 : Operation 50 [1/1] (0.42ns)   --->   "%store_ln0 = store i32 <undef>, i32 %mux_case_21273258_out"   --->   Operation 50 'store' 'store_ln0' <Predicate = true> <Delay = 0.42>
ST_1 : Operation 51 [1/1] (0.42ns)   --->   "%store_ln0 = store i32 <undef>, i32 %mux_case_11263245_out"   --->   Operation 51 'store' 'store_ln0' <Predicate = true> <Delay = 0.42>
ST_1 : Operation 52 [1/1] (0.42ns)   --->   "%store_ln0 = store i32 <undef>, i32 %mux_case_01253232_out"   --->   Operation 52 'store' 'store_ln0' <Predicate = true> <Delay = 0.42>
ST_1 : Operation 53 [1/1] (0.42ns)   --->   "%store_ln0 = store i32 <undef>, i32 %mux_case_31233219_out"   --->   Operation 53 'store' 'store_ln0' <Predicate = true> <Delay = 0.42>
ST_1 : Operation 54 [1/1] (0.42ns)   --->   "%store_ln0 = store i32 <undef>, i32 %mux_case_21223206_out"   --->   Operation 54 'store' 'store_ln0' <Predicate = true> <Delay = 0.42>
ST_1 : Operation 55 [1/1] (0.42ns)   --->   "%store_ln0 = store i32 <undef>, i32 %mux_case_11213193_out"   --->   Operation 55 'store' 'store_ln0' <Predicate = true> <Delay = 0.42>
ST_1 : Operation 56 [1/1] (0.42ns)   --->   "%store_ln0 = store i32 <undef>, i32 %mux_case_01203180_out"   --->   Operation 56 'store' 'store_ln0' <Predicate = true> <Delay = 0.42>
ST_1 : Operation 57 [1/1] (0.42ns)   --->   "%store_ln0 = store i32 <undef>, i32 %mux_case_31183166_out"   --->   Operation 57 'store' 'store_ln0' <Predicate = true> <Delay = 0.42>
ST_1 : Operation 58 [1/1] (0.42ns)   --->   "%store_ln0 = store i32 <undef>, i32 %mux_case_21173155_out"   --->   Operation 58 'store' 'store_ln0' <Predicate = true> <Delay = 0.42>
ST_1 : Operation 59 [1/1] (0.42ns)   --->   "%store_ln0 = store i32 <undef>, i32 %mux_case_11163144_out"   --->   Operation 59 'store' 'store_ln0' <Predicate = true> <Delay = 0.42>
ST_1 : Operation 60 [1/1] (0.42ns)   --->   "%store_ln0 = store i32 <undef>, i32 %mux_case_01153133_out"   --->   Operation 60 'store' 'store_ln0' <Predicate = true> <Delay = 0.42>
ST_1 : Operation 61 [1/1] (0.42ns)   --->   "%store_ln0 = store i32 <undef>, i32 %mux_case_31143123_out"   --->   Operation 61 'store' 'store_ln0' <Predicate = true> <Delay = 0.42>
ST_1 : Operation 62 [1/1] (0.42ns)   --->   "%store_ln0 = store i32 <undef>, i32 %mux_case_21133110_out"   --->   Operation 62 'store' 'store_ln0' <Predicate = true> <Delay = 0.42>
ST_1 : Operation 63 [1/1] (0.42ns)   --->   "%store_ln0 = store i32 <undef>, i32 %mux_case_11123097_out"   --->   Operation 63 'store' 'store_ln0' <Predicate = true> <Delay = 0.42>
ST_1 : Operation 64 [1/1] (0.42ns)   --->   "%store_ln0 = store i32 <undef>, i32 %mux_case_01113084_out"   --->   Operation 64 'store' 'store_ln0' <Predicate = true> <Delay = 0.42>
ST_1 : Operation 65 [1/1] (0.42ns)   --->   "%store_ln0 = store i32 <undef>, i32 %mux_case_31103071_out"   --->   Operation 65 'store' 'store_ln0' <Predicate = true> <Delay = 0.42>
ST_1 : Operation 66 [1/1] (0.42ns)   --->   "%store_ln0 = store i32 <undef>, i32 %mux_case_21093058_out"   --->   Operation 66 'store' 'store_ln0' <Predicate = true> <Delay = 0.42>
ST_1 : Operation 67 [1/1] (0.42ns)   --->   "%store_ln0 = store i32 <undef>, i32 %mux_case_11083045_out"   --->   Operation 67 'store' 'store_ln0' <Predicate = true> <Delay = 0.42>
ST_1 : Operation 68 [1/1] (0.42ns)   --->   "%store_ln0 = store i32 <undef>, i32 %mux_case_01073032_out"   --->   Operation 68 'store' 'store_ln0' <Predicate = true> <Delay = 0.42>
ST_1 : Operation 69 [1/1] (0.42ns)   --->   "%store_ln0 = store i32 <undef>, i32 %mux_case_31053019_out"   --->   Operation 69 'store' 'store_ln0' <Predicate = true> <Delay = 0.42>
ST_1 : Operation 70 [1/1] (0.42ns)   --->   "%store_ln0 = store i32 <undef>, i32 %mux_case_21043006_out"   --->   Operation 70 'store' 'store_ln0' <Predicate = true> <Delay = 0.42>
ST_1 : Operation 71 [1/1] (0.42ns)   --->   "%store_ln0 = store i32 <undef>, i32 %mux_case_11032993_out"   --->   Operation 71 'store' 'store_ln0' <Predicate = true> <Delay = 0.42>
ST_1 : Operation 72 [1/1] (0.42ns)   --->   "%store_ln0 = store i32 <undef>, i32 %mux_case_01022980_out"   --->   Operation 72 'store' 'store_ln0' <Predicate = true> <Delay = 0.42>
ST_1 : Operation 73 [1/1] (0.42ns)   --->   "%store_ln0 = store i32 <undef>, i32 %mux_case_31002967_out"   --->   Operation 73 'store' 'store_ln0' <Predicate = true> <Delay = 0.42>
ST_1 : Operation 74 [1/1] (0.42ns)   --->   "%store_ln0 = store i32 <undef>, i32 %mux_case_2992954_out"   --->   Operation 74 'store' 'store_ln0' <Predicate = true> <Delay = 0.42>
ST_1 : Operation 75 [1/1] (0.42ns)   --->   "%store_ln0 = store i32 <undef>, i32 %mux_case_1982941_out"   --->   Operation 75 'store' 'store_ln0' <Predicate = true> <Delay = 0.42>
ST_1 : Operation 76 [1/1] (0.42ns)   --->   "%store_ln0 = store i32 <undef>, i32 %mux_case_0972928_out"   --->   Operation 76 'store' 'store_ln0' <Predicate = true> <Delay = 0.42>
ST_1 : Operation 77 [1/1] (0.42ns)   --->   "%store_ln0 = store i32 <undef>, i32 %mux_case_3952915_out"   --->   Operation 77 'store' 'store_ln0' <Predicate = true> <Delay = 0.42>
ST_1 : Operation 78 [1/1] (0.42ns)   --->   "%store_ln0 = store i32 <undef>, i32 %mux_case_2942902_out"   --->   Operation 78 'store' 'store_ln0' <Predicate = true> <Delay = 0.42>
ST_1 : Operation 79 [1/1] (0.42ns)   --->   "%store_ln0 = store i32 <undef>, i32 %mux_case_1932889_out"   --->   Operation 79 'store' 'store_ln0' <Predicate = true> <Delay = 0.42>
ST_1 : Operation 80 [1/1] (0.42ns)   --->   "%store_ln0 = store i32 <undef>, i32 %mux_case_0922876_out"   --->   Operation 80 'store' 'store_ln0' <Predicate = true> <Delay = 0.42>
ST_1 : Operation 81 [1/1] (0.42ns)   --->   "%store_ln0 = store i32 <undef>, i32 %mux_case_32862_out"   --->   Operation 81 'store' 'store_ln0' <Predicate = true> <Delay = 0.42>
ST_1 : Operation 82 [1/1] (0.42ns)   --->   "%store_ln0 = store i32 <undef>, i32 %mux_case_22851_out"   --->   Operation 82 'store' 'store_ln0' <Predicate = true> <Delay = 0.42>
ST_1 : Operation 83 [1/1] (0.42ns)   --->   "%store_ln0 = store i32 <undef>, i32 %mux_case_12840_out"   --->   Operation 83 'store' 'store_ln0' <Predicate = true> <Delay = 0.42>
ST_1 : Operation 84 [1/1] (0.42ns)   --->   "%store_ln0 = store i32 <undef>, i32 %mux_case_02829_out"   --->   Operation 84 'store' 'store_ln0' <Predicate = true> <Delay = 0.42>
ST_1 : Operation 85 [1/1] (0.42ns)   --->   "%store_ln0 = store i5 0, i5 %indvar_flatten"   --->   Operation 85 'store' 'store_ln0' <Predicate = true> <Delay = 0.42>
ST_1 : Operation 86 [1/1] (0.42ns)   --->   "%store_ln85 = store i3 0, i3 %i" [top_cmplx.cpp:85]   --->   Operation 86 'store' 'store_ln85' <Predicate = true> <Delay = 0.42>
ST_1 : Operation 87 [1/1] (0.42ns)   --->   "%store_ln87 = store i3 0, i3 %j" [top_cmplx.cpp:87]   --->   Operation 87 'store' 'store_ln87' <Predicate = true> <Delay = 0.42>
ST_1 : Operation 88 [1/1] (0.00ns)   --->   "%br_ln0 = br void %for.body4"   --->   Operation 88 'br' 'br_ln0' <Predicate = true> <Delay = 0.00>
ST_1 : Operation 89 [1/1] (0.00ns)   --->   "%indvar_flatten_load = load i5 %indvar_flatten" [top_cmplx.cpp:85]   --->   Operation 89 'load' 'indvar_flatten_load' <Predicate = true> <Delay = 0.00>
ST_1 : Operation 90 [1/1] (0.00ns)   --->   "%specbitsmap_ln0 = specbitsmap void @_ssdm_op_SpecBitsMap, i64 %memA"   --->   Operation 90 'specbitsmap' 'specbitsmap_ln0' <Predicate = true> <Delay = 0.00>
ST_1 : Operation 91 [1/1] (0.78ns)   --->   "%icmp_ln85 = icmp_eq  i5 %indvar_flatten_load, i5 28" [top_cmplx.cpp:85]   --->   Operation 91 'icmp' 'icmp_ln85' <Predicate = true> <Delay = 0.78> <CoreInst = "Cmp">   --->   Core 9 'Cmp' <Latency = 0> <II = 1> <Delay = 0.78> <FuncUnit> <Opcode : 'icmp'> <InPorts = 2> <OutPorts = 1>
ST_1 : Operation 92 [1/1] (0.78ns)   --->   "%add_ln85 = add i5 %indvar_flatten_load, i5 1" [top_cmplx.cpp:85]   --->   Operation 92 'add' 'add_ln85' <Predicate = true> <Delay = 0.78> <CoreInst = "Adder">   --->   Core 1 'Adder' <Latency = 0> <II = 1> <Delay = 0.78> <FuncUnit> <Opcode : 'add' 'sub'> <InPorts = 2> <OutPorts = 1>
ST_1 : Operation 93 [1/1] (0.00ns)   --->   "%br_ln85 = br i1 %icmp_ln85, void %for.inc42, void %VITIS_LOOP_119_2.preheader.exitStub" [top_cmplx.cpp:85]   --->   Operation 93 'br' 'br_ln85' <Predicate = true> <Delay = 0.00>
ST_1 : Operation 94 [1/1] (0.00ns)   --->   "%j_load = load i3 %j" [top_cmplx.cpp:87]   --->   Operation 94 'load' 'j_load' <Predicate = (!icmp_ln85)> <Delay = 0.00>
ST_1 : Operation 95 [1/1] (0.00ns)   --->   "%i_load = load i3 %i" [top_cmplx.cpp:85]   --->   Operation 95 'load' 'i_load' <Predicate = (!icmp_ln85)> <Delay = 0.00>
ST_1 : Operation 96 [1/1] (0.67ns)   --->   "%icmp_ln87 = icmp_eq  i3 %j_load, i3 4" [top_cmplx.cpp:87]   --->   Operation 96 'icmp' 'icmp_ln87' <Predicate = (!icmp_ln85)> <Delay = 0.67> <CoreInst = "Cmp">   --->   Core 9 'Cmp' <Latency = 0> <II = 1> <Delay = 0.79> <FuncUnit> <Opcode : 'icmp'> <InPorts = 2> <OutPorts = 1>
ST_1 : Operation 97 [1/1] (0.20ns)   --->   "%select_ln85 = select i1 %icmp_ln87, i3 0, i3 %j_load" [top_cmplx.cpp:85]   --->   Operation 97 'select' 'select_ln85' <Predicate = (!icmp_ln85)> <Delay = 0.20> <CoreInst = "Sel">   --->   Core 73 'Sel' <Latency = 0> <II = 1> <Delay = 0.20> <FuncUnit> <Opcode : 'select'> <InPorts = 3> <OutPorts = 1>
ST_1 : Operation 98 [1/1] (0.67ns)   --->   "%add_ln85_1 = add i3 %i_load, i3 1" [top_cmplx.cpp:85]   --->   Operation 98 'add' 'add_ln85_1' <Predicate = (!icmp_ln85)> <Delay = 0.67> <CoreInst = "Adder">   --->   Core 1 'Adder' <Latency = 0> <II = 1> <Delay = 0.67> <FuncUnit> <Opcode : 'add' 'sub'> <InPorts = 2> <OutPorts = 1>
ST_1 : Operation 99 [1/1] (0.20ns)   --->   "%select_ln85_1 = select i1 %icmp_ln87, i3 %add_ln85_1, i3 %i_load" [top_cmplx.cpp:85]   --->   Operation 99 'select' 'select_ln85_1' <Predicate = (!icmp_ln85)> <Delay = 0.20> <CoreInst = "Sel">   --->   Core 73 'Sel' <Latency = 0> <II = 1> <Delay = 0.20> <FuncUnit> <Opcode : 'select'> <InPorts = 3> <OutPorts = 1>
ST_1 : Operation 100 [1/1] (0.00ns)   --->   "%trunc_ln87 = trunc i3 %select_ln85" [top_cmplx.cpp:87]   --->   Operation 100 'trunc' 'trunc_ln87' <Predicate = (!icmp_ln85)> <Delay = 0.00>
ST_1 : Operation 101 [1/1] (0.00ns)   --->   "%shl_ln91_2 = bitconcatenate i8 @_ssdm_op_BitConcatenate.i8.i3.i2.i3, i3 %select_ln85_1, i2 %trunc_ln87, i3 0" [top_cmplx.cpp:91]   --->   Operation 101 'bitconcatenate' 'shl_ln91_2' <Predicate = (!icmp_ln85)> <Delay = 0.00>
ST_1 : Operation 102 [1/1] (0.00ns)   --->   "%zext_ln91 = zext i8 %shl_ln91_2" [top_cmplx.cpp:91]   --->   Operation 102 'zext' 'zext_ln91' <Predicate = (!icmp_ln85)> <Delay = 0.00>
ST_1 : Operation 103 [1/1] (1.08ns)   --->   "%add_ln91 = add i64 %zext_ln91, i64 %A_DRAM_read" [top_cmplx.cpp:91]   --->   Operation 103 'add' 'add_ln91' <Predicate = (!icmp_ln85)> <Delay = 1.08> <CoreInst = "Adder">   --->   Core 1 'Adder' <Latency = 0> <II = 1> <Delay = 1.08> <FuncUnit> <Opcode : 'add' 'sub'> <InPorts = 2> <OutPorts = 1>
ST_1 : Operation 104 [1/1] (0.00ns)   --->   "%trunc_ln91_2 = partselect i61 @_ssdm_op_PartSelect.i61.i64.i32.i32, i64 %add_ln91, i32 3, i32 63" [top_cmplx.cpp:91]   --->   Operation 104 'partselect' 'trunc_ln91_2' <Predicate = (!icmp_ln85)> <Delay = 0.00>
ST_1 : Operation 105 [1/1] (0.73ns)   --->   "%switch_ln95 = switch i3 %select_ln85_1, void %arrayidx2066.081.case.6, i3 0, void %arrayidx2066.081.case.0, i3 1, void %arrayidx2066.081.case.1, i3 2, void %arrayidx2066.081.case.2, i3 3, void %arrayidx2066.081.case.3, i3 4, void %arrayidx2066.081.case.4, i3 5, void %arrayidx2066.081.case.5" [top_cmplx.cpp:95]   --->   Operation 105 'switch' 'switch_ln95' <Predicate = (!icmp_ln85)> <Delay = 0.73>
ST_1 : Operation 106 [1/1] (0.73ns)   --->   "%switch_ln95 = switch i2 %trunc_ln87, void %arrayidx2066.182.case.384, i2 0, void %arrayidx2066.081.case.5.arrayidx2066.182.exit_crit_edge14, i2 1, void %arrayidx2066.182.case.182, i2 2, void %arrayidx2066.081.case.5.arrayidx2066.182.exit_crit_edge" [top_cmplx.cpp:95]   --->   Operation 106 'switch' 'switch_ln95' <Predicate = (!icmp_ln85 & select_ln85_1 == 5)> <Delay = 0.73>
ST_1 : Operation 107 [1/1] (0.00ns)   --->   "%br_ln95 = br void %arrayidx2066.182.exit" [top_cmplx.cpp:95]   --->   Operation 107 'br' 'br_ln95' <Predicate = (!icmp_ln85 & select_ln85_1 == 5 & trunc_ln87 == 2)> <Delay = 0.00>
ST_1 : Operation 108 [1/1] (0.00ns)   --->   "%br_ln95 = br void %arrayidx2066.182.exit" [top_cmplx.cpp:95]   --->   Operation 108 'br' 'br_ln95' <Predicate = (!icmp_ln85 & select_ln85_1 == 5 & trunc_ln87 == 1)> <Delay = 0.00>
ST_1 : Operation 109 [1/1] (0.00ns)   --->   "%br_ln95 = br void %arrayidx2066.182.exit" [top_cmplx.cpp:95]   --->   Operation 109 'br' 'br_ln95' <Predicate = (!icmp_ln85 & select_ln85_1 == 5 & trunc_ln87 == 0)> <Delay = 0.00>
ST_1 : Operation 110 [1/1] (0.00ns)   --->   "%br_ln95 = br void %arrayidx2066.182.exit" [top_cmplx.cpp:95]   --->   Operation 110 'br' 'br_ln95' <Predicate = (!icmp_ln85 & select_ln85_1 == 5 & trunc_ln87 == 3)> <Delay = 0.00>
ST_1 : Operation 111 [1/1] (0.73ns)   --->   "%switch_ln95 = switch i2 %trunc_ln87, void %arrayidx2066.182.case.378, i2 0, void %arrayidx2066.081.case.4.arrayidx2066.182.exit_crit_edge15, i2 1, void %arrayidx2066.182.case.176, i2 2, void %arrayidx2066.081.case.4.arrayidx2066.182.exit_crit_edge" [top_cmplx.cpp:95]   --->   Operation 111 'switch' 'switch_ln95' <Predicate = (!icmp_ln85 & select_ln85_1 == 4)> <Delay = 0.73>
ST_1 : Operation 112 [1/1] (0.00ns)   --->   "%br_ln95 = br void %arrayidx2066.182.exit" [top_cmplx.cpp:95]   --->   Operation 112 'br' 'br_ln95' <Predicate = (!icmp_ln85 & select_ln85_1 == 4 & trunc_ln87 == 2)> <Delay = 0.00>
ST_1 : Operation 113 [1/1] (0.00ns)   --->   "%br_ln95 = br void %arrayidx2066.182.exit" [top_cmplx.cpp:95]   --->   Operation 113 'br' 'br_ln95' <Predicate = (!icmp_ln85 & select_ln85_1 == 4 & trunc_ln87 == 1)> <Delay = 0.00>
ST_1 : Operation 114 [1/1] (0.00ns)   --->   "%br_ln95 = br void %arrayidx2066.182.exit" [top_cmplx.cpp:95]   --->   Operation 114 'br' 'br_ln95' <Predicate = (!icmp_ln85 & select_ln85_1 == 4 & trunc_ln87 == 0)> <Delay = 0.00>
ST_1 : Operation 115 [1/1] (0.00ns)   --->   "%br_ln95 = br void %arrayidx2066.182.exit" [top_cmplx.cpp:95]   --->   Operation 115 'br' 'br_ln95' <Predicate = (!icmp_ln85 & select_ln85_1 == 4 & trunc_ln87 == 3)> <Delay = 0.00>
ST_1 : Operation 116 [1/1] (0.73ns)   --->   "%switch_ln95 = switch i2 %trunc_ln87, void %arrayidx2066.182.case.372, i2 0, void %arrayidx2066.081.case.3.arrayidx2066.182.exit_crit_edge16, i2 1, void %arrayidx2066.182.case.170, i2 2, void %arrayidx2066.081.case.3.arrayidx2066.182.exit_crit_edge" [top_cmplx.cpp:95]   --->   Operation 116 'switch' 'switch_ln95' <Predicate = (!icmp_ln85 & select_ln85_1 == 3)> <Delay = 0.73>
ST_1 : Operation 117 [1/1] (0.00ns)   --->   "%br_ln95 = br void %arrayidx2066.182.exit" [top_cmplx.cpp:95]   --->   Operation 117 'br' 'br_ln95' <Predicate = (!icmp_ln85 & select_ln85_1 == 3 & trunc_ln87 == 2)> <Delay = 0.00>
ST_1 : Operation 118 [1/1] (0.00ns)   --->   "%br_ln95 = br void %arrayidx2066.182.exit" [top_cmplx.cpp:95]   --->   Operation 118 'br' 'br_ln95' <Predicate = (!icmp_ln85 & select_ln85_1 == 3 & trunc_ln87 == 1)> <Delay = 0.00>
ST_1 : Operation 119 [1/1] (0.00ns)   --->   "%br_ln95 = br void %arrayidx2066.182.exit" [top_cmplx.cpp:95]   --->   Operation 119 'br' 'br_ln95' <Predicate = (!icmp_ln85 & select_ln85_1 == 3 & trunc_ln87 == 0)> <Delay = 0.00>
ST_1 : Operation 120 [1/1] (0.00ns)   --->   "%br_ln95 = br void %arrayidx2066.182.exit" [top_cmplx.cpp:95]   --->   Operation 120 'br' 'br_ln95' <Predicate = (!icmp_ln85 & select_ln85_1 == 3 & trunc_ln87 == 3)> <Delay = 0.00>
ST_1 : Operation 121 [1/1] (0.73ns)   --->   "%switch_ln95 = switch i2 %trunc_ln87, void %arrayidx2066.182.case.366, i2 0, void %arrayidx2066.081.case.2.arrayidx2066.182.exit_crit_edge17, i2 1, void %arrayidx2066.182.case.164, i2 2, void %arrayidx2066.081.case.2.arrayidx2066.182.exit_crit_edge" [top_cmplx.cpp:95]   --->   Operation 121 'switch' 'switch_ln95' <Predicate = (!icmp_ln85 & select_ln85_1 == 2)> <Delay = 0.73>
ST_1 : Operation 122 [1/1] (0.00ns)   --->   "%br_ln95 = br void %arrayidx2066.182.exit" [top_cmplx.cpp:95]   --->   Operation 122 'br' 'br_ln95' <Predicate = (!icmp_ln85 & select_ln85_1 == 2 & trunc_ln87 == 2)> <Delay = 0.00>
ST_1 : Operation 123 [1/1] (0.00ns)   --->   "%br_ln95 = br void %arrayidx2066.182.exit" [top_cmplx.cpp:95]   --->   Operation 123 'br' 'br_ln95' <Predicate = (!icmp_ln85 & select_ln85_1 == 2 & trunc_ln87 == 1)> <Delay = 0.00>
ST_1 : Operation 124 [1/1] (0.00ns)   --->   "%br_ln95 = br void %arrayidx2066.182.exit" [top_cmplx.cpp:95]   --->   Operation 124 'br' 'br_ln95' <Predicate = (!icmp_ln85 & select_ln85_1 == 2 & trunc_ln87 == 0)> <Delay = 0.00>
ST_1 : Operation 125 [1/1] (0.00ns)   --->   "%br_ln95 = br void %arrayidx2066.182.exit" [top_cmplx.cpp:95]   --->   Operation 125 'br' 'br_ln95' <Predicate = (!icmp_ln85 & select_ln85_1 == 2 & trunc_ln87 == 3)> <Delay = 0.00>
ST_1 : Operation 126 [1/1] (0.73ns)   --->   "%switch_ln95 = switch i2 %trunc_ln87, void %arrayidx2066.182.case.360, i2 0, void %arrayidx2066.081.case.1.arrayidx2066.182.exit_crit_edge18, i2 1, void %arrayidx2066.182.case.158, i2 2, void %arrayidx2066.081.case.1.arrayidx2066.182.exit_crit_edge" [top_cmplx.cpp:95]   --->   Operation 126 'switch' 'switch_ln95' <Predicate = (!icmp_ln85 & select_ln85_1 == 1)> <Delay = 0.73>
ST_1 : Operation 127 [1/1] (0.00ns)   --->   "%br_ln95 = br void %arrayidx2066.182.exit" [top_cmplx.cpp:95]   --->   Operation 127 'br' 'br_ln95' <Predicate = (!icmp_ln85 & select_ln85_1 == 1 & trunc_ln87 == 2)> <Delay = 0.00>
ST_1 : Operation 128 [1/1] (0.00ns)   --->   "%br_ln95 = br void %arrayidx2066.182.exit" [top_cmplx.cpp:95]   --->   Operation 128 'br' 'br_ln95' <Predicate = (!icmp_ln85 & select_ln85_1 == 1 & trunc_ln87 == 1)> <Delay = 0.00>
ST_1 : Operation 129 [1/1] (0.00ns)   --->   "%br_ln95 = br void %arrayidx2066.182.exit" [top_cmplx.cpp:95]   --->   Operation 129 'br' 'br_ln95' <Predicate = (!icmp_ln85 & select_ln85_1 == 1 & trunc_ln87 == 0)> <Delay = 0.00>
ST_1 : Operation 130 [1/1] (0.00ns)   --->   "%br_ln95 = br void %arrayidx2066.182.exit" [top_cmplx.cpp:95]   --->   Operation 130 'br' 'br_ln95' <Predicate = (!icmp_ln85 & select_ln85_1 == 1 & trunc_ln87 == 3)> <Delay = 0.00>
ST_1 : Operation 131 [1/1] (0.73ns)   --->   "%switch_ln95 = switch i2 %trunc_ln87, void %arrayidx2066.182.case.354, i2 0, void %arrayidx2066.081.case.0.arrayidx2066.182.exit_crit_edge19, i2 1, void %arrayidx2066.182.case.152, i2 2, void %arrayidx2066.081.case.0.arrayidx2066.182.exit_crit_edge" [top_cmplx.cpp:95]   --->   Operation 131 'switch' 'switch_ln95' <Predicate = (!icmp_ln85 & select_ln85_1 == 0)> <Delay = 0.73>
ST_1 : Operation 132 [1/1] (0.00ns)   --->   "%br_ln95 = br void %arrayidx2066.182.exit" [top_cmplx.cpp:95]   --->   Operation 132 'br' 'br_ln95' <Predicate = (!icmp_ln85 & select_ln85_1 == 0 & trunc_ln87 == 2)> <Delay = 0.00>
ST_1 : Operation 133 [1/1] (0.00ns)   --->   "%br_ln95 = br void %arrayidx2066.182.exit" [top_cmplx.cpp:95]   --->   Operation 133 'br' 'br_ln95' <Predicate = (!icmp_ln85 & select_ln85_1 == 0 & trunc_ln87 == 1)> <Delay = 0.00>
ST_1 : Operation 134 [1/1] (0.00ns)   --->   "%br_ln95 = br void %arrayidx2066.182.exit" [top_cmplx.cpp:95]   --->   Operation 134 'br' 'br_ln95' <Predicate = (!icmp_ln85 & select_ln85_1 == 0 & trunc_ln87 == 0)> <Delay = 0.00>
ST_1 : Operation 135 [1/1] (0.00ns)   --->   "%br_ln95 = br void %arrayidx2066.182.exit" [top_cmplx.cpp:95]   --->   Operation 135 'br' 'br_ln95' <Predicate = (!icmp_ln85 & select_ln85_1 == 0 & trunc_ln87 == 3)> <Delay = 0.00>
ST_1 : Operation 136 [1/1] (0.73ns)   --->   "%switch_ln95 = switch i2 %trunc_ln87, void %arrayidx2066.182.case.390, i2 0, void %arrayidx2066.081.case.6.arrayidx2066.182.exit_crit_edge13, i2 1, void %arrayidx2066.182.case.188, i2 2, void %arrayidx2066.081.case.6.arrayidx2066.182.exit_crit_edge" [top_cmplx.cpp:95]   --->   Operation 136 'switch' 'switch_ln95' <Predicate = (!icmp_ln85 & select_ln85_1 == 7) | (!icmp_ln85 & select_ln85_1 == 6)> <Delay = 0.73>
ST_1 : Operation 137 [1/1] (0.00ns)   --->   "%br_ln95 = br void %arrayidx2066.182.exit" [top_cmplx.cpp:95]   --->   Operation 137 'br' 'br_ln95' <Predicate = (!icmp_ln85 & select_ln85_1 == 7 & trunc_ln87 == 2) | (!icmp_ln85 & select_ln85_1 == 6 & trunc_ln87 == 2)> <Delay = 0.00>
ST_1 : Operation 138 [1/1] (0.00ns)   --->   "%br_ln95 = br void %arrayidx2066.182.exit" [top_cmplx.cpp:95]   --->   Operation 138 'br' 'br_ln95' <Predicate = (!icmp_ln85 & select_ln85_1 == 7 & trunc_ln87 == 1) | (!icmp_ln85 & select_ln85_1 == 6 & trunc_ln87 == 1)> <Delay = 0.00>
ST_1 : Operation 139 [1/1] (0.00ns)   --->   "%br_ln95 = br void %arrayidx2066.182.exit" [top_cmplx.cpp:95]   --->   Operation 139 'br' 'br_ln95' <Predicate = (!icmp_ln85 & select_ln85_1 == 7 & trunc_ln87 == 0) | (!icmp_ln85 & select_ln85_1 == 6 & trunc_ln87 == 0)> <Delay = 0.00>
ST_1 : Operation 140 [1/1] (0.00ns)   --->   "%br_ln95 = br void %arrayidx2066.182.exit" [top_cmplx.cpp:95]   --->   Operation 140 'br' 'br_ln95' <Predicate = (!icmp_ln85 & select_ln85_1 == 7 & trunc_ln87 == 3) | (!icmp_ln85 & select_ln85_1 == 6 & trunc_ln87 == 3)> <Delay = 0.00>
ST_1 : Operation 141 [1/1] (0.67ns)   --->   "%add_ln87 = add i3 %select_ln85, i3 1" [top_cmplx.cpp:87]   --->   Operation 141 'add' 'add_ln87' <Predicate = (!icmp_ln85)> <Delay = 0.67> <CoreInst = "Adder">   --->   Core 1 'Adder' <Latency = 0> <II = 1> <Delay = 0.67> <FuncUnit> <Opcode : 'add' 'sub'> <InPorts = 2> <OutPorts = 1>
ST_1 : Operation 142 [1/1] (0.42ns)   --->   "%store_ln85 = store i5 %add_ln85, i5 %indvar_flatten" [top_cmplx.cpp:85]   --->   Operation 142 'store' 'store_ln85' <Predicate = (!icmp_ln85)> <Delay = 0.42>
ST_1 : Operation 143 [1/1] (0.42ns)   --->   "%store_ln85 = store i3 %select_ln85_1, i3 %i" [top_cmplx.cpp:85]   --->   Operation 143 'store' 'store_ln85' <Predicate = (!icmp_ln85)> <Delay = 0.42>
ST_1 : Operation 144 [1/1] (0.42ns)   --->   "%store_ln87 = store i3 %add_ln87, i3 %j" [top_cmplx.cpp:87]   --->   Operation 144 'store' 'store_ln87' <Predicate = (!icmp_ln85)> <Delay = 0.42>
ST_1 : Operation 145 [1/1] (0.00ns)   --->   "%br_ln87 = br void %for.body4" [top_cmplx.cpp:87]   --->   Operation 145 'br' 'br_ln87' <Predicate = (!icmp_ln85)> <Delay = 0.00>

State 2 <SV = 1> <Delay = 8.75>
ST_2 : Operation 146 [1/1] (0.00ns) (grouped into LUT with out node add_ln91_1)   --->   "%shl_ln = bitconcatenate i6 @_ssdm_op_BitConcatenate.i6.i3.i3, i3 %select_ln85_1, i3 0" [top_cmplx.cpp:87]   --->   Operation 146 'bitconcatenate' 'shl_ln' <Predicate = (!icmp_ln85)> <Delay = 0.00>
ST_2 : Operation 147 [1/1] (0.00ns) (grouped into LUT with out node add_ln91_1)   --->   "%or_ln87 = or i6 %shl_ln, i6 1" [top_cmplx.cpp:87]   --->   Operation 147 'or' 'or_ln87' <Predicate = (!icmp_ln85)> <Delay = 0.00>
ST_2 : Operation 148 [1/1] (0.00ns) (grouped into LUT with out node add_ln91_1)   --->   "%shl_ln87 = shl i3 %select_ln85, i3 1" [top_cmplx.cpp:87]   --->   Operation 148 'shl' 'shl_ln87' <Predicate = (!icmp_ln85)> <Delay = 0.00>
ST_2 : Operation 149 [1/1] (0.00ns)   --->   "%sext_ln91 = sext i61 %trunc_ln91_2" [top_cmplx.cpp:91]   --->   Operation 149 'sext' 'sext_ln91' <Predicate = (!icmp_ln85)> <Delay = 0.00>
ST_2 : Operation 150 [1/1] (0.00ns)   --->   "%memA_addr = getelementptr i64 %memA, i64 %sext_ln91" [top_cmplx.cpp:91]   --->   Operation 150 'getelementptr' 'memA_addr' <Predicate = (!icmp_ln85)> <Delay = 0.00>
ST_2 : Operation 151 [8/8] (8.75ns)   --->   "%memA_load_req = readreq i1 @_ssdm_op_ReadReq.m_axi.i64P1A, i64 %memA_addr, i32 1" [top_cmplx.cpp:91]   --->   Operation 151 'readreq' 'memA_load_req' <Predicate = (!icmp_ln85)> <Delay = 8.75> <CoreInst = "m_axi">   --->   Core 121 'm_axi' <Latency = 0> <II = 1> <Delay = 1.00> <Adapter> <Opcode : 'read' 'write' 'readreq' 'writereq' 'writeresp'>
ST_2 : Operation 152 [1/1] (0.00ns) (grouped into LUT with out node add_ln91_1)   --->   "%or_ln91 = or i3 %shl_ln87, i3 1" [top_cmplx.cpp:91]   --->   Operation 152 'or' 'or_ln91' <Predicate = (!icmp_ln85)> <Delay = 0.00>
ST_2 : Operation 153 [1/1] (0.00ns) (grouped into LUT with out node add_ln91_1)   --->   "%tmp_s = partselect i3 @_ssdm_op_PartSelect.i3.i6.i32.i32, i6 %or_ln87, i32 3, i32 5" [top_cmplx.cpp:91]   --->   Operation 153 'partselect' 'tmp_s' <Predicate = (!icmp_ln85)> <Delay = 0.00>
ST_2 : Operation 154 [1/1] (0.00ns) (grouped into LUT with out node add_ln91_1)   --->   "%tmp_58 = bitconcatenate i8 @_ssdm_op_BitConcatenate.i8.i3.i3.i2, i3 %tmp_s, i3 %or_ln91, i2 0" [top_cmplx.cpp:91]   --->   Operation 154 'bitconcatenate' 'tmp_58' <Predicate = (!icmp_ln85)> <Delay = 0.00>
ST_2 : Operation 155 [1/1] (0.00ns) (grouped into LUT with out node add_ln91_1)   --->   "%zext_ln91_2 = zext i8 %tmp_58" [top_cmplx.cpp:91]   --->   Operation 155 'zext' 'zext_ln91_2' <Predicate = (!icmp_ln85)> <Delay = 0.00>
ST_2 : Operation 156 [1/1] (1.08ns) (out node of the LUT)   --->   "%add_ln91_1 = add i64 %zext_ln91_2, i64 %A_DRAM_read" [top_cmplx.cpp:91]   --->   Operation 156 'add' 'add_ln91_1' <Predicate = (!icmp_ln85)> <Delay = 1.08> <CoreInst = "Adder">   --->   Core 1 'Adder' <Latency = 0> <II = 1> <Delay = 1.08> <FuncUnit> <Opcode : 'add' 'sub'> <InPorts = 2> <OutPorts = 1>
ST_2 : Operation 157 [1/1] (0.00ns)   --->   "%trunc_ln91_3 = partselect i61 @_ssdm_op_PartSelect.i61.i64.i32.i32, i64 %add_ln91_1, i32 3, i32 63" [top_cmplx.cpp:91]   --->   Operation 157 'partselect' 'trunc_ln91_3' <Predicate = (!icmp_ln85)> <Delay = 0.00>
ST_2 : Operation 158 [1/1] (0.67ns)   --->   "%icmp_ln98 = icmp_eq  i3 %select_ln85_1, i3 %select_ln85" [top_cmplx.cpp:98]   --->   Operation 158 'icmp' 'icmp_ln98' <Predicate = (!icmp_ln85)> <Delay = 0.67> <CoreInst = "Cmp">   --->   Core 9 'Cmp' <Latency = 0> <II = 1> <Delay = 0.67> <FuncUnit> <Opcode : 'icmp'> <InPorts = 2> <OutPorts = 1>
ST_2 : Operation 159 [1/1] (0.00ns)   --->   "%br_ln98 = br i1 %icmp_ln98, void %if.else, void %if.then" [top_cmplx.cpp:98]   --->   Operation 159 'br' 'br_ln98' <Predicate = (!icmp_ln85)> <Delay = 0.00>
ST_2 : Operation 160 [1/1] (0.73ns)   --->   "%switch_ln105 = switch i3 %select_ln85_1, void %real3668.case.6, i3 0, void %real3668.case.0, i3 1, void %real3668.case.1, i3 2, void %real3668.case.2, i3 3, void %real3668.case.3, i3 4, void %real3668.case.4, i3 5, void %real3668.case.5" [top_cmplx.cpp:105]   --->   Operation 160 'switch' 'switch_ln105' <Predicate = (!icmp_ln85 & !icmp_ln98)> <Delay = 0.73>
ST_2 : Operation 161 [1/1] (0.00ns)   --->   "%mux_case_14563696_out_load = load i32 %mux_case_14563696_out" [top_cmplx.cpp:105]   --->   Operation 161 'load' 'mux_case_14563696_out_load' <Predicate = (!icmp_ln85 & select_ln85_1 == 5 & !icmp_ln98)> <Delay = 0.00>
ST_2 : Operation 162 [1/1] (0.54ns)   --->   "%icmp_ln105_4 = icmp_eq  i2 %trunc_ln87, i2 1" [top_cmplx.cpp:105]   --->   Operation 162 'icmp' 'icmp_ln105_4' <Predicate = (!icmp_ln85 & select_ln85_1 == 5 & !icmp_ln98)> <Delay = 0.54> <CoreInst = "Cmp">   --->   Core 9 'Cmp' <Latency = 0> <II = 1> <Delay = 0.54> <FuncUnit> <Opcode : 'icmp'> <InPorts = 2> <OutPorts = 1>
ST_2 : Operation 163 [1/1] (0.44ns)   --->   "%select_ln105_4 = select i1 %icmp_ln105_4, i32 0, i32 %mux_case_14563696_out_load" [top_cmplx.cpp:105]   --->   Operation 163 'select' 'select_ln105_4' <Predicate = (!icmp_ln85 & select_ln85_1 == 5 & !icmp_ln98)> <Delay = 0.44> <CoreInst = "Sel">   --->   Core 73 'Sel' <Latency = 0> <II = 1> <Delay = 0.44> <FuncUnit> <Opcode : 'select'> <InPorts = 3> <OutPorts = 1>
ST_2 : Operation 164 [1/1] (0.42ns)   --->   "%store_ln105 = store i32 %select_ln105_4, i32 %mux_case_14563696_out" [top_cmplx.cpp:105]   --->   Operation 164 'store' 'store_ln105' <Predicate = (!icmp_ln85 & select_ln85_1 == 5 & !icmp_ln98)> <Delay = 0.42>
ST_2 : Operation 165 [1/1] (0.00ns)   --->   "%br_ln105 = br void %for.inc" [top_cmplx.cpp:105]   --->   Operation 165 'br' 'br_ln105' <Predicate = (!icmp_ln85 & select_ln85_1 == 5 & !icmp_ln98)> <Delay = 0.00>
ST_2 : Operation 166 [1/1] (0.00ns)   --->   "%mux_case_04503655_out_load = load i32 %mux_case_04503655_out" [top_cmplx.cpp:105]   --->   Operation 166 'load' 'mux_case_04503655_out_load' <Predicate = (!icmp_ln85 & select_ln85_1 == 4 & !icmp_ln98)> <Delay = 0.00>
ST_2 : Operation 167 [1/1] (0.54ns)   --->   "%icmp_ln105_3 = icmp_eq  i2 %trunc_ln87, i2 0" [top_cmplx.cpp:105]   --->   Operation 167 'icmp' 'icmp_ln105_3' <Predicate = (!icmp_ln85 & select_ln85_1 == 4 & !icmp_ln98)> <Delay = 0.54> <CoreInst = "Cmp">   --->   Core 9 'Cmp' <Latency = 0> <II = 1> <Delay = 0.54> <FuncUnit> <Opcode : 'icmp'> <InPorts = 2> <OutPorts = 1>
ST_2 : Operation 168 [1/1] (0.44ns)   --->   "%select_ln105_3 = select i1 %icmp_ln105_3, i32 0, i32 %mux_case_04503655_out_load" [top_cmplx.cpp:105]   --->   Operation 168 'select' 'select_ln105_3' <Predicate = (!icmp_ln85 & select_ln85_1 == 4 & !icmp_ln98)> <Delay = 0.44> <CoreInst = "Sel">   --->   Core 73 'Sel' <Latency = 0> <II = 1> <Delay = 0.44> <FuncUnit> <Opcode : 'select'> <InPorts = 3> <OutPorts = 1>
ST_2 : Operation 169 [1/1] (0.42ns)   --->   "%store_ln105 = store i32 %select_ln105_3, i32 %mux_case_04503655_out" [top_cmplx.cpp:105]   --->   Operation 169 'store' 'store_ln105' <Predicate = (!icmp_ln85 & select_ln85_1 == 4 & !icmp_ln98)> <Delay = 0.42>
ST_2 : Operation 170 [1/1] (0.00ns)   --->   "%br_ln105 = br void %for.inc" [top_cmplx.cpp:105]   --->   Operation 170 'br' 'br_ln105' <Predicate = (!icmp_ln85 & select_ln85_1 == 4 & !icmp_ln98)> <Delay = 0.00>
ST_2 : Operation 171 [1/1] (0.54ns)   --->   "%icmp_ln105_6 = icmp_eq  i2 %trunc_ln87, i2 2" [top_cmplx.cpp:105]   --->   Operation 171 'icmp' 'icmp_ln105_6' <Predicate = (!icmp_ln85 & select_ln85_1 == 2 & !icmp_ln98)> <Delay = 0.54> <CoreInst = "Cmp">   --->   Core 9 'Cmp' <Latency = 0> <II = 1> <Delay = 0.67> <FuncUnit> <Opcode : 'icmp'> <InPorts = 2> <OutPorts = 1>
ST_2 : Operation 172 [1/1] (0.00ns)   --->   "%br_ln105 = br i1 %icmp_ln105_6, void %for.inc, void %real3668.case.2.for.inc_crit_edge" [top_cmplx.cpp:105]   --->   Operation 172 'br' 'br_ln105' <Predicate = (!icmp_ln85 & select_ln85_1 == 2 & !icmp_ln98)> <Delay = 0.00>
ST_2 : Operation 173 [1/1] (0.47ns)   --->   "%store_ln0 = store i32 0, i32 %mux_case_24423605_out"   --->   Operation 173 'store' 'store_ln0' <Predicate = (!icmp_ln85 & select_ln85_1 == 2 & !icmp_ln98 & icmp_ln105_6)> <Delay = 0.47>
ST_2 : Operation 174 [1/1] (0.00ns)   --->   "%br_ln105 = br void %for.inc" [top_cmplx.cpp:105]   --->   Operation 174 'br' 'br_ln105' <Predicate = (!icmp_ln85 & select_ln85_1 == 2 & !icmp_ln98 & icmp_ln105_6)> <Delay = 0.00>
ST_2 : Operation 175 [1/1] (0.54ns)   --->   "%icmp_ln105_5 = icmp_eq  i2 %trunc_ln87, i2 2" [top_cmplx.cpp:105]   --->   Operation 175 'icmp' 'icmp_ln105_5' <Predicate = (!icmp_ln85 & select_ln85_1 == 7 & !icmp_ln98) | (!icmp_ln85 & select_ln85_1 == 6 & !icmp_ln98)> <Delay = 0.54> <CoreInst = "Cmp">   --->   Core 9 'Cmp' <Latency = 0> <II = 1> <Delay = 0.54> <FuncUnit> <Opcode : 'icmp'> <InPorts = 2> <OutPorts = 1>
ST_2 : Operation 176 [1/1] (0.00ns)   --->   "%br_ln105 = br i1 %icmp_ln105_5, void %for.inc, void %real3668.case.6.for.inc_crit_edge" [top_cmplx.cpp:105]   --->   Operation 176 'br' 'br_ln105' <Predicate = (!icmp_ln85 & select_ln85_1 == 7 & !icmp_ln98) | (!icmp_ln85 & select_ln85_1 == 6 & !icmp_ln98)> <Delay = 0.00>
ST_2 : Operation 177 [1/1] (0.42ns)   --->   "%store_ln0 = store i32 0, i32 %mux_case_25173935_out"   --->   Operation 177 'store' 'store_ln0' <Predicate = (!icmp_ln85 & select_ln85_1 == 7 & !icmp_ln98 & icmp_ln105_5) | (!icmp_ln85 & select_ln85_1 == 6 & !icmp_ln98 & icmp_ln105_5)> <Delay = 0.42>
ST_2 : Operation 178 [1/1] (0.00ns)   --->   "%br_ln105 = br void %for.inc" [top_cmplx.cpp:105]   --->   Operation 178 'br' 'br_ln105' <Predicate = (!icmp_ln85 & select_ln85_1 == 7 & !icmp_ln98 & icmp_ln105_5) | (!icmp_ln85 & select_ln85_1 == 6 & !icmp_ln98 & icmp_ln105_5)> <Delay = 0.00>
ST_2 : Operation 179 [1/1] (0.73ns)   --->   "%switch_ln100 = switch i3 %select_ln85, void %if.then.for.inc_crit_edge, i3 3, void %imag3174.case.3, i3 1, void %if.then.for.inc_crit_edge8, i3 2, void %imag3174.case.2" [top_cmplx.cpp:100]   --->   Operation 179 'switch' 'switch_ln100' <Predicate = (!icmp_ln85 & icmp_ln98)> <Delay = 0.73>
ST_2 : Operation 180 [1/1] (0.47ns)   --->   "%store_ln0 = store i32 1, i32 %mux_case_24423605_out"   --->   Operation 180 'store' 'store_ln0' <Predicate = (!icmp_ln85 & icmp_ln98 & select_ln85 == 2)> <Delay = 0.47>
ST_2 : Operation 181 [1/1] (0.00ns)   --->   "%br_ln101 = br void %for.inc" [top_cmplx.cpp:101]   --->   Operation 181 'br' 'br_ln101' <Predicate = (!icmp_ln85 & icmp_ln98 & select_ln85 == 2)> <Delay = 0.00>
ST_2 : Operation 182 [1/1] (0.47ns)   --->   "%store_ln0 = store i32 1, i32 %mux_case_14363564_out"   --->   Operation 182 'store' 'store_ln0' <Predicate = (!icmp_ln85 & icmp_ln98 & select_ln85 == 1)> <Delay = 0.47>
ST_2 : Operation 183 [1/1] (0.00ns)   --->   "%br_ln100 = br void %for.inc" [top_cmplx.cpp:100]   --->   Operation 183 'br' 'br_ln100' <Predicate = (!icmp_ln85 & icmp_ln98 & select_ln85 == 1)> <Delay = 0.00>
ST_2 : Operation 184 [1/1] (0.47ns)   --->   "%store_ln0 = store i32 1, i32 %mux_case_34483646_out"   --->   Operation 184 'store' 'store_ln0' <Predicate = (!icmp_ln85 & icmp_ln98 & select_ln85 == 3)> <Delay = 0.47>
ST_2 : Operation 185 [1/1] (0.00ns)   --->   "%br_ln101 = br void %for.inc" [top_cmplx.cpp:101]   --->   Operation 185 'br' 'br_ln101' <Predicate = (!icmp_ln85 & icmp_ln98 & select_ln85 == 3)> <Delay = 0.00>
ST_2 : Operation 186 [1/1] (0.47ns)   --->   "%store_ln0 = store i32 1, i32 %mux_case_04303523_out"   --->   Operation 186 'store' 'store_ln0' <Predicate = (!icmp_ln85 & icmp_ln98 & select_ln85 != 3 & select_ln85 != 1 & select_ln85 != 2)> <Delay = 0.47>
ST_2 : Operation 187 [1/1] (0.00ns)   --->   "%br_ln100 = br void %for.inc" [top_cmplx.cpp:100]   --->   Operation 187 'br' 'br_ln100' <Predicate = (!icmp_ln85 & icmp_ln98 & select_ln85 != 3 & select_ln85 != 1 & select_ln85 != 2)> <Delay = 0.00>

State 3 <SV = 2> <Delay = 8.75>
ST_3 : Operation 188 [7/8] (8.75ns)   --->   "%memA_load_req = readreq i1 @_ssdm_op_ReadReq.m_axi.i64P1A, i64 %memA_addr, i32 1" [top_cmplx.cpp:91]   --->   Operation 188 'readreq' 'memA_load_req' <Predicate = true> <Delay = 8.75> <CoreInst = "m_axi">   --->   Core 121 'm_axi' <Latency = 0> <II = 1> <Delay = 1.00> <Adapter> <Opcode : 'read' 'write' 'readreq' 'writereq' 'writeresp'>
ST_3 : Operation 189 [1/1] (0.00ns)   --->   "%sext_ln91_1 = sext i61 %trunc_ln91_3" [top_cmplx.cpp:91]   --->   Operation 189 'sext' 'sext_ln91_1' <Predicate = true> <Delay = 0.00>
ST_3 : Operation 190 [1/1] (0.00ns)   --->   "%memA_addr_1 = getelementptr i64 %memA, i64 %sext_ln91_1" [top_cmplx.cpp:91]   --->   Operation 190 'getelementptr' 'memA_addr_1' <Predicate = true> <Delay = 0.00>
ST_3 : Operation 191 [8/8] (8.75ns)   --->   "%memA_load_1_req = readreq i1 @_ssdm_op_ReadReq.m_axi.i64P1A, i64 %memA_addr_1, i32 1" [top_cmplx.cpp:91]   --->   Operation 191 'readreq' 'memA_load_1_req' <Predicate = true> <Delay = 8.75> <CoreInst = "m_axi">   --->   Core 121 'm_axi' <Latency = 0> <II = 1> <Delay = 1.00> <Adapter> <Opcode : 'read' 'write' 'readreq' 'writereq' 'writeresp'>

State 4 <SV = 3> <Delay = 8.75>
ST_4 : Operation 192 [6/8] (8.75ns)   --->   "%memA_load_req = readreq i1 @_ssdm_op_ReadReq.m_axi.i64P1A, i64 %memA_addr, i32 1" [top_cmplx.cpp:91]   --->   Operation 192 'readreq' 'memA_load_req' <Predicate = true> <Delay = 8.75> <CoreInst = "m_axi">   --->   Core 121 'm_axi' <Latency = 0> <II = 1> <Delay = 1.00> <Adapter> <Opcode : 'read' 'write' 'readreq' 'writereq' 'writeresp'>
ST_4 : Operation 193 [7/8] (8.75ns)   --->   "%memA_load_1_req = readreq i1 @_ssdm_op_ReadReq.m_axi.i64P1A, i64 %memA_addr_1, i32 1" [top_cmplx.cpp:91]   --->   Operation 193 'readreq' 'memA_load_1_req' <Predicate = true> <Delay = 8.75> <CoreInst = "m_axi">   --->   Core 121 'm_axi' <Latency = 0> <II = 1> <Delay = 1.00> <Adapter> <Opcode : 'read' 'write' 'readreq' 'writereq' 'writeresp'>
ST_4 : Operation 194 [1/1] (0.00ns)   --->   "%mux_case_34483646_out_load = load i32 %mux_case_34483646_out" [top_cmplx.cpp:105]   --->   Operation 194 'load' 'mux_case_34483646_out_load' <Predicate = (select_ln85_1 == 3 & !icmp_ln98)> <Delay = 0.00>
ST_4 : Operation 195 [1/1] (0.54ns)   --->   "%icmp_ln105_2 = icmp_ne  i2 %trunc_ln87, i2 3" [top_cmplx.cpp:105]   --->   Operation 195 'icmp' 'icmp_ln105_2' <Predicate = (select_ln85_1 == 3 & !icmp_ln98)> <Delay = 0.54> <CoreInst = "Cmp">   --->   Core 9 'Cmp' <Latency = 0> <II = 1> <Delay = 0.54> <FuncUnit> <Opcode : 'icmp'> <InPorts = 2> <OutPorts = 1>
ST_4 : Operation 196 [1/1] (0.44ns)   --->   "%select_ln105_2 = select i1 %icmp_ln105_2, i32 %mux_case_34483646_out_load, i32 0" [top_cmplx.cpp:105]   --->   Operation 196 'select' 'select_ln105_2' <Predicate = (select_ln85_1 == 3 & !icmp_ln98)> <Delay = 0.44> <CoreInst = "Sel">   --->   Core 73 'Sel' <Latency = 0> <II = 1> <Delay = 0.44> <FuncUnit> <Opcode : 'select'> <InPorts = 3> <OutPorts = 1>
ST_4 : Operation 197 [1/1] (0.47ns)   --->   "%store_ln105 = store i32 %select_ln105_2, i32 %mux_case_34483646_out" [top_cmplx.cpp:105]   --->   Operation 197 'store' 'store_ln105' <Predicate = (select_ln85_1 == 3 & !icmp_ln98)> <Delay = 0.47>
ST_4 : Operation 198 [1/1] (0.00ns)   --->   "%br_ln105 = br void %for.inc" [top_cmplx.cpp:105]   --->   Operation 198 'br' 'br_ln105' <Predicate = (select_ln85_1 == 3 & !icmp_ln98)> <Delay = 0.00>
ST_4 : Operation 199 [1/1] (0.00ns)   --->   "%mux_case_14363564_out_load = load i32 %mux_case_14363564_out" [top_cmplx.cpp:105]   --->   Operation 199 'load' 'mux_case_14363564_out_load' <Predicate = (select_ln85_1 == 1 & !icmp_ln98)> <Delay = 0.00>
ST_4 : Operation 200 [1/1] (0.54ns)   --->   "%icmp_ln105_1 = icmp_eq  i2 %trunc_ln87, i2 1" [top_cmplx.cpp:105]   --->   Operation 200 'icmp' 'icmp_ln105_1' <Predicate = (select_ln85_1 == 1 & !icmp_ln98)> <Delay = 0.54> <CoreInst = "Cmp">   --->   Core 9 'Cmp' <Latency = 0> <II = 1> <Delay = 0.54> <FuncUnit> <Opcode : 'icmp'> <InPorts = 2> <OutPorts = 1>
ST_4 : Operation 201 [1/1] (0.44ns)   --->   "%select_ln105_1 = select i1 %icmp_ln105_1, i32 0, i32 %mux_case_14363564_out_load" [top_cmplx.cpp:105]   --->   Operation 201 'select' 'select_ln105_1' <Predicate = (select_ln85_1 == 1 & !icmp_ln98)> <Delay = 0.44> <CoreInst = "Sel">   --->   Core 73 'Sel' <Latency = 0> <II = 1> <Delay = 0.44> <FuncUnit> <Opcode : 'select'> <InPorts = 3> <OutPorts = 1>
ST_4 : Operation 202 [1/1] (0.47ns)   --->   "%store_ln105 = store i32 %select_ln105_1, i32 %mux_case_14363564_out" [top_cmplx.cpp:105]   --->   Operation 202 'store' 'store_ln105' <Predicate = (select_ln85_1 == 1 & !icmp_ln98)> <Delay = 0.47>
ST_4 : Operation 203 [1/1] (0.00ns)   --->   "%br_ln105 = br void %for.inc" [top_cmplx.cpp:105]   --->   Operation 203 'br' 'br_ln105' <Predicate = (select_ln85_1 == 1 & !icmp_ln98)> <Delay = 0.00>
ST_4 : Operation 204 [1/1] (0.00ns)   --->   "%mux_case_04303523_out_load = load i32 %mux_case_04303523_out" [top_cmplx.cpp:105]   --->   Operation 204 'load' 'mux_case_04303523_out_load' <Predicate = (select_ln85_1 == 0 & !icmp_ln98)> <Delay = 0.00>
ST_4 : Operation 205 [1/1] (0.54ns)   --->   "%icmp_ln105 = icmp_eq  i2 %trunc_ln87, i2 0" [top_cmplx.cpp:105]   --->   Operation 205 'icmp' 'icmp_ln105' <Predicate = (select_ln85_1 == 0 & !icmp_ln98)> <Delay = 0.54> <CoreInst = "Cmp">   --->   Core 9 'Cmp' <Latency = 0> <II = 1> <Delay = 0.54> <FuncUnit> <Opcode : 'icmp'> <InPorts = 2> <OutPorts = 1>
ST_4 : Operation 206 [1/1] (0.44ns)   --->   "%select_ln105 = select i1 %icmp_ln105, i32 0, i32 %mux_case_04303523_out_load" [top_cmplx.cpp:105]   --->   Operation 206 'select' 'select_ln105' <Predicate = (select_ln85_1 == 0 & !icmp_ln98)> <Delay = 0.44> <CoreInst = "Sel">   --->   Core 73 'Sel' <Latency = 0> <II = 1> <Delay = 0.44> <FuncUnit> <Opcode : 'select'> <InPorts = 3> <OutPorts = 1>
ST_4 : Operation 207 [1/1] (0.47ns)   --->   "%store_ln105 = store i32 %select_ln105, i32 %mux_case_04303523_out" [top_cmplx.cpp:105]   --->   Operation 207 'store' 'store_ln105' <Predicate = (select_ln85_1 == 0 & !icmp_ln98)> <Delay = 0.47>
ST_4 : Operation 208 [1/1] (0.00ns)   --->   "%br_ln105 = br void %for.inc" [top_cmplx.cpp:105]   --->   Operation 208 'br' 'br_ln105' <Predicate = (select_ln85_1 == 0 & !icmp_ln98)> <Delay = 0.00>

State 5 <SV = 4> <Delay = 8.75>
ST_5 : Operation 209 [5/8] (8.75ns)   --->   "%memA_load_req = readreq i1 @_ssdm_op_ReadReq.m_axi.i64P1A, i64 %memA_addr, i32 1" [top_cmplx.cpp:91]   --->   Operation 209 'readreq' 'memA_load_req' <Predicate = true> <Delay = 8.75> <CoreInst = "m_axi">   --->   Core 121 'm_axi' <Latency = 0> <II = 1> <Delay = 1.00> <Adapter> <Opcode : 'read' 'write' 'readreq' 'writereq' 'writeresp'>
ST_5 : Operation 210 [6/8] (8.75ns)   --->   "%memA_load_1_req = readreq i1 @_ssdm_op_ReadReq.m_axi.i64P1A, i64 %memA_addr_1, i32 1" [top_cmplx.cpp:91]   --->   Operation 210 'readreq' 'memA_load_1_req' <Predicate = true> <Delay = 8.75> <CoreInst = "m_axi">   --->   Core 121 'm_axi' <Latency = 0> <II = 1> <Delay = 1.00> <Adapter> <Opcode : 'read' 'write' 'readreq' 'writereq' 'writeresp'>

State 6 <SV = 5> <Delay = 8.75>
ST_6 : Operation 211 [4/8] (8.75ns)   --->   "%memA_load_req = readreq i1 @_ssdm_op_ReadReq.m_axi.i64P1A, i64 %memA_addr, i32 1" [top_cmplx.cpp:91]   --->   Operation 211 'readreq' 'memA_load_req' <Predicate = true> <Delay = 8.75> <CoreInst = "m_axi">   --->   Core 121 'm_axi' <Latency = 0> <II = 1> <Delay = 1.00> <Adapter> <Opcode : 'read' 'write' 'readreq' 'writereq' 'writeresp'>
ST_6 : Operation 212 [5/8] (8.75ns)   --->   "%memA_load_1_req = readreq i1 @_ssdm_op_ReadReq.m_axi.i64P1A, i64 %memA_addr_1, i32 1" [top_cmplx.cpp:91]   --->   Operation 212 'readreq' 'memA_load_1_req' <Predicate = true> <Delay = 8.75> <CoreInst = "m_axi">   --->   Core 121 'm_axi' <Latency = 0> <II = 1> <Delay = 1.00> <Adapter> <Opcode : 'read' 'write' 'readreq' 'writereq' 'writeresp'>

State 7 <SV = 6> <Delay = 8.75>
ST_7 : Operation 213 [3/8] (8.75ns)   --->   "%memA_load_req = readreq i1 @_ssdm_op_ReadReq.m_axi.i64P1A, i64 %memA_addr, i32 1" [top_cmplx.cpp:91]   --->   Operation 213 'readreq' 'memA_load_req' <Predicate = true> <Delay = 8.75> <CoreInst = "m_axi">   --->   Core 121 'm_axi' <Latency = 0> <II = 1> <Delay = 1.00> <Adapter> <Opcode : 'read' 'write' 'readreq' 'writereq' 'writeresp'>
ST_7 : Operation 214 [4/8] (8.75ns)   --->   "%memA_load_1_req = readreq i1 @_ssdm_op_ReadReq.m_axi.i64P1A, i64 %memA_addr_1, i32 1" [top_cmplx.cpp:91]   --->   Operation 214 'readreq' 'memA_load_1_req' <Predicate = true> <Delay = 8.75> <CoreInst = "m_axi">   --->   Core 121 'm_axi' <Latency = 0> <II = 1> <Delay = 1.00> <Adapter> <Opcode : 'read' 'write' 'readreq' 'writereq' 'writeresp'>

State 8 <SV = 7> <Delay = 8.75>
ST_8 : Operation 215 [2/8] (8.75ns)   --->   "%memA_load_req = readreq i1 @_ssdm_op_ReadReq.m_axi.i64P1A, i64 %memA_addr, i32 1" [top_cmplx.cpp:91]   --->   Operation 215 'readreq' 'memA_load_req' <Predicate = true> <Delay = 8.75> <CoreInst = "m_axi">   --->   Core 121 'm_axi' <Latency = 0> <II = 1> <Delay = 1.00> <Adapter> <Opcode : 'read' 'write' 'readreq' 'writereq' 'writeresp'>
ST_8 : Operation 216 [3/8] (8.75ns)   --->   "%memA_load_1_req = readreq i1 @_ssdm_op_ReadReq.m_axi.i64P1A, i64 %memA_addr_1, i32 1" [top_cmplx.cpp:91]   --->   Operation 216 'readreq' 'memA_load_1_req' <Predicate = true> <Delay = 8.75> <CoreInst = "m_axi">   --->   Core 121 'm_axi' <Latency = 0> <II = 1> <Delay = 1.00> <Adapter> <Opcode : 'read' 'write' 'readreq' 'writereq' 'writeresp'>

State 9 <SV = 8> <Delay = 8.75>
ST_9 : Operation 217 [1/8] (8.75ns)   --->   "%memA_load_req = readreq i1 @_ssdm_op_ReadReq.m_axi.i64P1A, i64 %memA_addr, i32 1" [top_cmplx.cpp:91]   --->   Operation 217 'readreq' 'memA_load_req' <Predicate = true> <Delay = 8.75> <CoreInst = "m_axi">   --->   Core 121 'm_axi' <Latency = 0> <II = 1> <Delay = 1.00> <Adapter> <Opcode : 'read' 'write' 'readreq' 'writereq' 'writeresp'>
ST_9 : Operation 218 [2/8] (8.75ns)   --->   "%memA_load_1_req = readreq i1 @_ssdm_op_ReadReq.m_axi.i64P1A, i64 %memA_addr_1, i32 1" [top_cmplx.cpp:91]   --->   Operation 218 'readreq' 'memA_load_1_req' <Predicate = true> <Delay = 8.75> <CoreInst = "m_axi">   --->   Core 121 'm_axi' <Latency = 0> <II = 1> <Delay = 1.00> <Adapter> <Opcode : 'read' 'write' 'readreq' 'writereq' 'writeresp'>

State 10 <SV = 9> <Delay = 8.75>
ST_10 : Operation 219 [1/1] (8.75ns)   --->   "%memA_addr_read = read i64 @_ssdm_op_Read.m_axi.i64P1A, i64 %memA_addr" [top_cmplx.cpp:91]   --->   Operation 219 'read' 'memA_addr_read' <Predicate = true> <Delay = 8.75> <CoreInst = "m_axi">   --->   Core 121 'm_axi' <Latency = 0> <II = 1> <Delay = 1.00> <Adapter> <Opcode : 'read' 'write' 'readreq' 'writereq' 'writeresp'>
ST_10 : Operation 220 [1/8] (8.75ns)   --->   "%memA_load_1_req = readreq i1 @_ssdm_op_ReadReq.m_axi.i64P1A, i64 %memA_addr_1, i32 1" [top_cmplx.cpp:91]   --->   Operation 220 'readreq' 'memA_load_1_req' <Predicate = true> <Delay = 8.75> <CoreInst = "m_axi">   --->   Core 121 'm_axi' <Latency = 0> <II = 1> <Delay = 1.00> <Adapter> <Opcode : 'read' 'write' 'readreq' 'writereq' 'writeresp'>
ST_10 : Operation 291 [1/1] (0.00ns)   --->   "%ret_ln0 = ret"   --->   Operation 291 'ret' 'ret_ln0' <Predicate = (icmp_ln85)> <Delay = 0.00>

State 11 <SV = 10> <Delay = 8.75>
ST_11 : Operation 221 [1/1] (0.00ns)   --->   "%shl_ln1 = bitconcatenate i6 @_ssdm_op_BitConcatenate.i6.i3.i3, i3 %tmp, i3 0" [top_cmplx.cpp:91]   --->   Operation 221 'bitconcatenate' 'shl_ln1' <Predicate = true> <Delay = 0.00>
ST_11 : Operation 222 [1/1] (0.00ns)   --->   "%zext_ln91_1 = zext i6 %shl_ln1" [top_cmplx.cpp:91]   --->   Operation 222 'zext' 'zext_ln91_1' <Predicate = true> <Delay = 0.00>
ST_11 : Operation 223 [1/1] (1.53ns)   --->   "%lshr_ln91 = lshr i64 %memA_addr_read, i64 %zext_ln91_1" [top_cmplx.cpp:91]   --->   Operation 223 'lshr' 'lshr_ln91' <Predicate = true> <Delay = 1.53> <CoreInst = "Shifter">   --->   Core 75 'Shifter' <Latency = 0> <II = 1> <Delay = 1.53> <FuncUnit> <Opcode : 'shl' 'lshr' 'ashr'> <InPorts = 2> <OutPorts = 1>
ST_11 : Operation 224 [1/1] (0.00ns)   --->   "%trunc_ln91 = trunc i64 %lshr_ln91" [top_cmplx.cpp:91]   --->   Operation 224 'trunc' 'trunc_ln91' <Predicate = true> <Delay = 0.00>
ST_11 : Operation 225 [1/1] (0.00ns)   --->   "%R_real = bitcast i32 %trunc_ln91" [top_cmplx.cpp:91]   --->   Operation 225 'bitcast' 'R_real' <Predicate = true> <Delay = 0.00>
ST_11 : Operation 226 [1/1] (8.75ns)   --->   "%memA_addr_1_read = read i64 @_ssdm_op_Read.m_axi.i64P1A, i64 %memA_addr_1" [top_cmplx.cpp:91]   --->   Operation 226 'read' 'memA_addr_1_read' <Predicate = true> <Delay = 8.75> <CoreInst = "m_axi">   --->   Core 121 'm_axi' <Latency = 0> <II = 1> <Delay = 1.00> <Adapter> <Opcode : 'read' 'write' 'readreq' 'writereq' 'writeresp'>
ST_11 : Operation 227 [1/1] (0.42ns)   --->   "%store_ln91 = store i32 %R_real, i32 %mux_case_21133110_out" [top_cmplx.cpp:91]   --->   Operation 227 'store' 'store_ln91' <Predicate = (select_ln85_1 == 5 & trunc_ln87 == 2)> <Delay = 0.42>
ST_11 : Operation 228 [1/1] (0.42ns)   --->   "%store_ln91 = store i32 %R_real, i32 %mux_case_11123097_out" [top_cmplx.cpp:91]   --->   Operation 228 'store' 'store_ln91' <Predicate = (select_ln85_1 == 5 & trunc_ln87 == 1)> <Delay = 0.42>
ST_11 : Operation 229 [1/1] (0.42ns)   --->   "%store_ln91 = store i32 %R_real, i32 %mux_case_01113084_out" [top_cmplx.cpp:91]   --->   Operation 229 'store' 'store_ln91' <Predicate = (select_ln85_1 == 5 & trunc_ln87 == 0)> <Delay = 0.42>
ST_11 : Operation 230 [1/1] (0.42ns)   --->   "%store_ln91 = store i32 %R_real, i32 %mux_case_31143123_out" [top_cmplx.cpp:91]   --->   Operation 230 'store' 'store_ln91' <Predicate = (select_ln85_1 == 5 & trunc_ln87 == 3)> <Delay = 0.42>
ST_11 : Operation 231 [1/1] (0.42ns)   --->   "%store_ln91 = store i32 %R_real, i32 %mux_case_21093058_out" [top_cmplx.cpp:91]   --->   Operation 231 'store' 'store_ln91' <Predicate = (select_ln85_1 == 4 & trunc_ln87 == 2)> <Delay = 0.42>
ST_11 : Operation 232 [1/1] (0.42ns)   --->   "%store_ln91 = store i32 %R_real, i32 %mux_case_11083045_out" [top_cmplx.cpp:91]   --->   Operation 232 'store' 'store_ln91' <Predicate = (select_ln85_1 == 4 & trunc_ln87 == 1)> <Delay = 0.42>
ST_11 : Operation 233 [1/1] (0.42ns)   --->   "%store_ln91 = store i32 %R_real, i32 %mux_case_01073032_out" [top_cmplx.cpp:91]   --->   Operation 233 'store' 'store_ln91' <Predicate = (select_ln85_1 == 4 & trunc_ln87 == 0)> <Delay = 0.42>
ST_11 : Operation 234 [1/1] (0.42ns)   --->   "%store_ln91 = store i32 %R_real, i32 %mux_case_31103071_out" [top_cmplx.cpp:91]   --->   Operation 234 'store' 'store_ln91' <Predicate = (select_ln85_1 == 4 & trunc_ln87 == 3)> <Delay = 0.42>
ST_11 : Operation 235 [1/1] (0.42ns)   --->   "%store_ln91 = store i32 %R_real, i32 %mux_case_21043006_out" [top_cmplx.cpp:91]   --->   Operation 235 'store' 'store_ln91' <Predicate = (select_ln85_1 == 3 & trunc_ln87 == 2)> <Delay = 0.42>
ST_11 : Operation 236 [1/1] (0.42ns)   --->   "%store_ln91 = store i32 %R_real, i32 %mux_case_11032993_out" [top_cmplx.cpp:91]   --->   Operation 236 'store' 'store_ln91' <Predicate = (select_ln85_1 == 3 & trunc_ln87 == 1)> <Delay = 0.42>
ST_11 : Operation 237 [1/1] (0.42ns)   --->   "%store_ln91 = store i32 %R_real, i32 %mux_case_01022980_out" [top_cmplx.cpp:91]   --->   Operation 237 'store' 'store_ln91' <Predicate = (select_ln85_1 == 3 & trunc_ln87 == 0)> <Delay = 0.42>
ST_11 : Operation 238 [1/1] (0.42ns)   --->   "%store_ln91 = store i32 %R_real, i32 %mux_case_31053019_out" [top_cmplx.cpp:91]   --->   Operation 238 'store' 'store_ln91' <Predicate = (select_ln85_1 == 3 & trunc_ln87 == 3)> <Delay = 0.42>
ST_11 : Operation 239 [1/1] (0.42ns)   --->   "%store_ln91 = store i32 %R_real, i32 %mux_case_2992954_out" [top_cmplx.cpp:91]   --->   Operation 239 'store' 'store_ln91' <Predicate = (select_ln85_1 == 2 & trunc_ln87 == 2)> <Delay = 0.42>
ST_11 : Operation 240 [1/1] (0.42ns)   --->   "%store_ln91 = store i32 %R_real, i32 %mux_case_1982941_out" [top_cmplx.cpp:91]   --->   Operation 240 'store' 'store_ln91' <Predicate = (select_ln85_1 == 2 & trunc_ln87 == 1)> <Delay = 0.42>
ST_11 : Operation 241 [1/1] (0.42ns)   --->   "%store_ln91 = store i32 %R_real, i32 %mux_case_0972928_out" [top_cmplx.cpp:91]   --->   Operation 241 'store' 'store_ln91' <Predicate = (select_ln85_1 == 2 & trunc_ln87 == 0)> <Delay = 0.42>
ST_11 : Operation 242 [1/1] (0.42ns)   --->   "%store_ln91 = store i32 %R_real, i32 %mux_case_31002967_out" [top_cmplx.cpp:91]   --->   Operation 242 'store' 'store_ln91' <Predicate = (select_ln85_1 == 2 & trunc_ln87 == 3)> <Delay = 0.42>
ST_11 : Operation 243 [1/1] (0.42ns)   --->   "%store_ln91 = store i32 %R_real, i32 %mux_case_2942902_out" [top_cmplx.cpp:91]   --->   Operation 243 'store' 'store_ln91' <Predicate = (select_ln85_1 == 1 & trunc_ln87 == 2)> <Delay = 0.42>
ST_11 : Operation 244 [1/1] (0.42ns)   --->   "%store_ln91 = store i32 %R_real, i32 %mux_case_1932889_out" [top_cmplx.cpp:91]   --->   Operation 244 'store' 'store_ln91' <Predicate = (select_ln85_1 == 1 & trunc_ln87 == 1)> <Delay = 0.42>
ST_11 : Operation 245 [1/1] (0.42ns)   --->   "%store_ln91 = store i32 %R_real, i32 %mux_case_0922876_out" [top_cmplx.cpp:91]   --->   Operation 245 'store' 'store_ln91' <Predicate = (select_ln85_1 == 1 & trunc_ln87 == 0)> <Delay = 0.42>
ST_11 : Operation 246 [1/1] (0.42ns)   --->   "%store_ln91 = store i32 %R_real, i32 %mux_case_3952915_out" [top_cmplx.cpp:91]   --->   Operation 246 'store' 'store_ln91' <Predicate = (select_ln85_1 == 1 & trunc_ln87 == 3)> <Delay = 0.42>
ST_11 : Operation 247 [1/1] (0.42ns)   --->   "%store_ln91 = store i32 %R_real, i32 %mux_case_22851_out" [top_cmplx.cpp:91]   --->   Operation 247 'store' 'store_ln91' <Predicate = (select_ln85_1 == 0 & trunc_ln87 == 2)> <Delay = 0.42>
ST_11 : Operation 248 [1/1] (0.42ns)   --->   "%store_ln91 = store i32 %R_real, i32 %mux_case_12840_out" [top_cmplx.cpp:91]   --->   Operation 248 'store' 'store_ln91' <Predicate = (select_ln85_1 == 0 & trunc_ln87 == 1)> <Delay = 0.42>
ST_11 : Operation 249 [1/1] (0.42ns)   --->   "%store_ln91 = store i32 %R_real, i32 %mux_case_02829_out" [top_cmplx.cpp:91]   --->   Operation 249 'store' 'store_ln91' <Predicate = (select_ln85_1 == 0 & trunc_ln87 == 0)> <Delay = 0.42>
ST_11 : Operation 250 [1/1] (0.42ns)   --->   "%store_ln91 = store i32 %R_real, i32 %mux_case_32862_out" [top_cmplx.cpp:91]   --->   Operation 250 'store' 'store_ln91' <Predicate = (select_ln85_1 == 0 & trunc_ln87 == 3)> <Delay = 0.42>
ST_11 : Operation 251 [1/1] (0.42ns)   --->   "%store_ln91 = store i32 %R_real, i32 %mux_case_21723460_out" [top_cmplx.cpp:91]   --->   Operation 251 'store' 'store_ln91' <Predicate = (select_ln85_1 == 7 & trunc_ln87 == 2) | (select_ln85_1 == 6 & trunc_ln87 == 2)> <Delay = 0.42>
ST_11 : Operation 252 [1/1] (0.42ns)   --->   "%store_ln91 = store i32 %R_real, i32 %mux_case_11713449_out" [top_cmplx.cpp:91]   --->   Operation 252 'store' 'store_ln91' <Predicate = (select_ln85_1 == 7 & trunc_ln87 == 1) | (select_ln85_1 == 6 & trunc_ln87 == 1)> <Delay = 0.42>
ST_11 : Operation 253 [1/1] (0.42ns)   --->   "%store_ln91 = store i32 %R_real, i32 %mux_case_01703438_out" [top_cmplx.cpp:91]   --->   Operation 253 'store' 'store_ln91' <Predicate = (select_ln85_1 == 7 & trunc_ln87 == 0) | (select_ln85_1 == 6 & trunc_ln87 == 0)> <Delay = 0.42>
ST_11 : Operation 254 [1/1] (0.42ns)   --->   "%store_ln91 = store i32 %R_real, i32 %mux_case_31733471_out" [top_cmplx.cpp:91]   --->   Operation 254 'store' 'store_ln91' <Predicate = (select_ln85_1 == 7 & trunc_ln87 == 3) | (select_ln85_1 == 6 & trunc_ln87 == 3)> <Delay = 0.42>

State 12 <SV = 11> <Delay = 1.96>
ST_12 : Operation 255 [1/1] (0.00ns)   --->   "%specloopname_ln0 = specloopname void @_ssdm_op_SpecLoopName, void @READ_INIT_VITIS_LOOP_87_1_str"   --->   Operation 255 'specloopname' 'specloopname_ln0' <Predicate = true> <Delay = 0.00>
ST_12 : Operation 256 [1/1] (0.00ns)   --->   "%speclooptripcount_ln0 = speclooptripcount void @_ssdm_op_SpecLoopTripCount, i64 28, i64 28, i64 28"   --->   Operation 256 'speclooptripcount' 'speclooptripcount_ln0' <Predicate = true> <Delay = 0.00>
ST_12 : Operation 257 [1/1] (0.00ns)   --->   "%specpipeline_ln87 = specpipeline void @_ssdm_op_SpecPipeline, i32 4294967295, i32 0, i32 0, i32 0, void @empty_0" [top_cmplx.cpp:87]   --->   Operation 257 'specpipeline' 'specpipeline_ln87' <Predicate = true> <Delay = 0.00>
ST_12 : Operation 258 [1/1] (0.00ns)   --->   "%shl_ln91_1 = bitconcatenate i6 @_ssdm_op_BitConcatenate.i6.i3.i3, i3 %xor_ln85_read, i3 0" [top_cmplx.cpp:91]   --->   Operation 258 'bitconcatenate' 'shl_ln91_1' <Predicate = true> <Delay = 0.00>
ST_12 : Operation 259 [1/1] (0.00ns)   --->   "%zext_ln91_3 = zext i6 %shl_ln91_1" [top_cmplx.cpp:91]   --->   Operation 259 'zext' 'zext_ln91_3' <Predicate = true> <Delay = 0.00>
ST_12 : Operation 260 [1/1] (1.53ns)   --->   "%lshr_ln91_1 = lshr i64 %memA_addr_1_read, i64 %zext_ln91_3" [top_cmplx.cpp:91]   --->   Operation 260 'lshr' 'lshr_ln91_1' <Predicate = true> <Delay = 1.53> <CoreInst = "Shifter">   --->   Core 75 'Shifter' <Latency = 0> <II = 1> <Delay = 1.53> <FuncUnit> <Opcode : 'shl' 'lshr' 'ashr'> <InPorts = 2> <OutPorts = 1>
ST_12 : Operation 261 [1/1] (0.00ns)   --->   "%trunc_ln91_1 = trunc i64 %lshr_ln91_1" [top_cmplx.cpp:91]   --->   Operation 261 'trunc' 'trunc_ln91_1' <Predicate = true> <Delay = 0.00>
ST_12 : Operation 262 [1/1] (0.00ns)   --->   "%R_imag = bitcast i32 %trunc_ln91_1" [top_cmplx.cpp:91]   --->   Operation 262 'bitcast' 'R_imag' <Predicate = true> <Delay = 0.00>
ST_12 : Operation 263 [1/1] (0.42ns)   --->   "%store_ln91 = store i32 %R_imag, i32 %mux_case_21423414_out" [top_cmplx.cpp:91]   --->   Operation 263 'store' 'store_ln91' <Predicate = (select_ln85_1 == 5 & trunc_ln87 == 2)> <Delay = 0.42>
ST_12 : Operation 264 [1/1] (0.42ns)   --->   "%store_ln91 = store i32 %R_imag, i32 %mux_case_11413401_out" [top_cmplx.cpp:91]   --->   Operation 264 'store' 'store_ln91' <Predicate = (select_ln85_1 == 5 & trunc_ln87 == 1)> <Delay = 0.42>
ST_12 : Operation 265 [1/1] (0.42ns)   --->   "%store_ln91 = store i32 %R_imag, i32 %mux_case_01403388_out" [top_cmplx.cpp:91]   --->   Operation 265 'store' 'store_ln91' <Predicate = (select_ln85_1 == 5 & trunc_ln87 == 0)> <Delay = 0.42>
ST_12 : Operation 266 [1/1] (0.42ns)   --->   "%store_ln91 = store i32 %R_imag, i32 %mux_case_31433427_out" [top_cmplx.cpp:91]   --->   Operation 266 'store' 'store_ln91' <Predicate = (select_ln85_1 == 5 & trunc_ln87 == 3)> <Delay = 0.42>
ST_12 : Operation 267 [1/1] (0.42ns)   --->   "%store_ln91 = store i32 %R_imag, i32 %mux_case_21373362_out" [top_cmplx.cpp:91]   --->   Operation 267 'store' 'store_ln91' <Predicate = (select_ln85_1 == 4 & trunc_ln87 == 2)> <Delay = 0.42>
ST_12 : Operation 268 [1/1] (0.42ns)   --->   "%store_ln91 = store i32 %R_imag, i32 %mux_case_11363349_out" [top_cmplx.cpp:91]   --->   Operation 268 'store' 'store_ln91' <Predicate = (select_ln85_1 == 4 & trunc_ln87 == 1)> <Delay = 0.42>
ST_12 : Operation 269 [1/1] (0.42ns)   --->   "%store_ln91 = store i32 %R_imag, i32 %mux_case_01353336_out" [top_cmplx.cpp:91]   --->   Operation 269 'store' 'store_ln91' <Predicate = (select_ln85_1 == 4 & trunc_ln87 == 0)> <Delay = 0.42>
ST_12 : Operation 270 [1/1] (0.42ns)   --->   "%store_ln91 = store i32 %R_imag, i32 %mux_case_31383375_out" [top_cmplx.cpp:91]   --->   Operation 270 'store' 'store_ln91' <Predicate = (select_ln85_1 == 4 & trunc_ln87 == 3)> <Delay = 0.42>
ST_12 : Operation 271 [1/1] (0.42ns)   --->   "%store_ln91 = store i32 %R_imag, i32 %mux_case_21323310_out" [top_cmplx.cpp:91]   --->   Operation 271 'store' 'store_ln91' <Predicate = (select_ln85_1 == 3 & trunc_ln87 == 2)> <Delay = 0.42>
ST_12 : Operation 272 [1/1] (0.42ns)   --->   "%store_ln91 = store i32 %R_imag, i32 %mux_case_11313297_out" [top_cmplx.cpp:91]   --->   Operation 272 'store' 'store_ln91' <Predicate = (select_ln85_1 == 3 & trunc_ln87 == 1)> <Delay = 0.42>
ST_12 : Operation 273 [1/1] (0.42ns)   --->   "%store_ln91 = store i32 %R_imag, i32 %mux_case_01303284_out" [top_cmplx.cpp:91]   --->   Operation 273 'store' 'store_ln91' <Predicate = (select_ln85_1 == 3 & trunc_ln87 == 0)> <Delay = 0.42>
ST_12 : Operation 274 [1/1] (0.42ns)   --->   "%store_ln91 = store i32 %R_imag, i32 %mux_case_31333323_out" [top_cmplx.cpp:91]   --->   Operation 274 'store' 'store_ln91' <Predicate = (select_ln85_1 == 3 & trunc_ln87 == 3)> <Delay = 0.42>
ST_12 : Operation 275 [1/1] (0.42ns)   --->   "%store_ln91 = store i32 %R_imag, i32 %mux_case_21273258_out" [top_cmplx.cpp:91]   --->   Operation 275 'store' 'store_ln91' <Predicate = (select_ln85_1 == 2 & trunc_ln87 == 2)> <Delay = 0.42>
ST_12 : Operation 276 [1/1] (0.42ns)   --->   "%store_ln91 = store i32 %R_imag, i32 %mux_case_11263245_out" [top_cmplx.cpp:91]   --->   Operation 276 'store' 'store_ln91' <Predicate = (select_ln85_1 == 2 & trunc_ln87 == 1)> <Delay = 0.42>
ST_12 : Operation 277 [1/1] (0.42ns)   --->   "%store_ln91 = store i32 %R_imag, i32 %mux_case_01253232_out" [top_cmplx.cpp:91]   --->   Operation 277 'store' 'store_ln91' <Predicate = (select_ln85_1 == 2 & trunc_ln87 == 0)> <Delay = 0.42>
ST_12 : Operation 278 [1/1] (0.42ns)   --->   "%store_ln91 = store i32 %R_imag, i32 %mux_case_31283271_out" [top_cmplx.cpp:91]   --->   Operation 278 'store' 'store_ln91' <Predicate = (select_ln85_1 == 2 & trunc_ln87 == 3)> <Delay = 0.42>
ST_12 : Operation 279 [1/1] (0.42ns)   --->   "%store_ln91 = store i32 %R_imag, i32 %mux_case_21223206_out" [top_cmplx.cpp:91]   --->   Operation 279 'store' 'store_ln91' <Predicate = (select_ln85_1 == 1 & trunc_ln87 == 2)> <Delay = 0.42>
ST_12 : Operation 280 [1/1] (0.42ns)   --->   "%store_ln91 = store i32 %R_imag, i32 %mux_case_11213193_out" [top_cmplx.cpp:91]   --->   Operation 280 'store' 'store_ln91' <Predicate = (select_ln85_1 == 1 & trunc_ln87 == 1)> <Delay = 0.42>
ST_12 : Operation 281 [1/1] (0.42ns)   --->   "%store_ln91 = store i32 %R_imag, i32 %mux_case_01203180_out" [top_cmplx.cpp:91]   --->   Operation 281 'store' 'store_ln91' <Predicate = (select_ln85_1 == 1 & trunc_ln87 == 0)> <Delay = 0.42>
ST_12 : Operation 282 [1/1] (0.42ns)   --->   "%store_ln91 = store i32 %R_imag, i32 %mux_case_31233219_out" [top_cmplx.cpp:91]   --->   Operation 282 'store' 'store_ln91' <Predicate = (select_ln85_1 == 1 & trunc_ln87 == 3)> <Delay = 0.42>
ST_12 : Operation 283 [1/1] (0.42ns)   --->   "%store_ln91 = store i32 %R_imag, i32 %mux_case_21173155_out" [top_cmplx.cpp:91]   --->   Operation 283 'store' 'store_ln91' <Predicate = (select_ln85_1 == 0 & trunc_ln87 == 2)> <Delay = 0.42>
ST_12 : Operation 284 [1/1] (0.42ns)   --->   "%store_ln91 = store i32 %R_imag, i32 %mux_case_11163144_out" [top_cmplx.cpp:91]   --->   Operation 284 'store' 'store_ln91' <Predicate = (select_ln85_1 == 0 & trunc_ln87 == 1)> <Delay = 0.42>
ST_12 : Operation 285 [1/1] (0.42ns)   --->   "%store_ln91 = store i32 %R_imag, i32 %mux_case_01153133_out" [top_cmplx.cpp:91]   --->   Operation 285 'store' 'store_ln91' <Predicate = (select_ln85_1 == 0 & trunc_ln87 == 0)> <Delay = 0.42>
ST_12 : Operation 286 [1/1] (0.42ns)   --->   "%store_ln91 = store i32 %R_imag, i32 %mux_case_31183166_out" [top_cmplx.cpp:91]   --->   Operation 286 'store' 'store_ln91' <Predicate = (select_ln85_1 == 0 & trunc_ln87 == 3)> <Delay = 0.42>
ST_12 : Operation 287 [1/1] (0.42ns)   --->   "%store_ln91 = store i32 %R_imag, i32 %mux_case_22013504_out" [top_cmplx.cpp:91]   --->   Operation 287 'store' 'store_ln91' <Predicate = (select_ln85_1 == 7 & trunc_ln87 == 2) | (select_ln85_1 == 6 & trunc_ln87 == 2)> <Delay = 0.42>
ST_12 : Operation 288 [1/1] (0.42ns)   --->   "%store_ln91 = store i32 %R_imag, i32 %mux_case_12003493_out" [top_cmplx.cpp:91]   --->   Operation 288 'store' 'store_ln91' <Predicate = (select_ln85_1 == 7 & trunc_ln87 == 1) | (select_ln85_1 == 6 & trunc_ln87 == 1)> <Delay = 0.42>
ST_12 : Operation 289 [1/1] (0.42ns)   --->   "%store_ln91 = store i32 %R_imag, i32 %mux_case_01993482_out" [top_cmplx.cpp:91]   --->   Operation 289 'store' 'store_ln91' <Predicate = (select_ln85_1 == 7 & trunc_ln87 == 0) | (select_ln85_1 == 6 & trunc_ln87 == 0)> <Delay = 0.42>
ST_12 : Operation 290 [1/1] (0.42ns)   --->   "%store_ln91 = store i32 %R_imag, i32 %mux_case_32023515_out" [top_cmplx.cpp:91]   --->   Operation 290 'store' 'store_ln91' <Predicate = (select_ln85_1 == 7 & trunc_ln87 == 3) | (select_ln85_1 == 6 & trunc_ln87 == 3)> <Delay = 0.42>


============================================================
+ Verbose Summary: Binding
============================================================
STG Binding: 
---------------- STG Properties BEGIN ----------------
- Is combinational: 0
- Is one-state seq: 0
- Is datapath-only: 0
- Is pipelined: 0
- Is top level: 0
Port [ Return ] is wired: 1; IO mode=ap_ctrl_hs:ce=0
Port [ memA]:  wired=1; compound=1; hidden=0; nouse=0; global=0; static=0; extern=0; dir=0; type=4; pingpong=0; private_global=0; IO mode=m_axi:ce=0
Port [ A_DRAM]:  wired=1; compound=0; hidden=0; nouse=0; global=0; static=0; extern=0; dir=0; type=0; pingpong=0; private_global=0; IO mode=ap_none:ce=0
Port [ empty]:  wired=1; compound=0; hidden=0; nouse=0; global=0; static=0; extern=0; dir=0; type=0; pingpong=0; private_global=0; IO mode=ap_none:ce=0
Port [ xor_ln85]:  wired=1; compound=0; hidden=0; nouse=0; global=0; static=0; extern=0; dir=0; type=0; pingpong=0; private_global=0; IO mode=ap_none:ce=0
Port [ mux_case_25173935_out]:  wired=1; compound=0; hidden=0; nouse=0; global=0; static=0; extern=0; dir=1; type=0; pingpong=0; private_global=0; IO mode=ap_vld:ce=0
Port [ mux_case_14563696_out]:  wired=1; compound=0; hidden=0; nouse=0; global=0; static=0; extern=0; dir=2; type=0; pingpong=0; private_global=0; IO mode=ap_ovld:ce=0
Port [ mux_case_04503655_out]:  wired=1; compound=0; hidden=0; nouse=0; global=0; static=0; extern=0; dir=2; type=0; pingpong=0; private_global=0; IO mode=ap_ovld:ce=0
Port [ mux_case_34483646_out]:  wired=1; compound=0; hidden=0; nouse=0; global=0; static=0; extern=0; dir=2; type=0; pingpong=0; private_global=0; IO mode=ap_ovld:ce=0
Port [ mux_case_24423605_out]:  wired=1; compound=0; hidden=0; nouse=0; global=0; static=0; extern=0; dir=1; type=0; pingpong=0; private_global=0; IO mode=ap_vld:ce=0
Port [ mux_case_14363564_out]:  wired=1; compound=0; hidden=0; nouse=0; global=0; static=0; extern=0; dir=2; type=0; pingpong=0; private_global=0; IO mode=ap_ovld:ce=0
Port [ mux_case_04303523_out]:  wired=1; compound=0; hidden=0; nouse=0; global=0; static=0; extern=0; dir=2; type=0; pingpong=0; private_global=0; IO mode=ap_ovld:ce=0
Port [ mux_case_32023515_out]:  wired=1; compound=0; hidden=0; nouse=0; global=0; static=0; extern=0; dir=1; type=0; pingpong=0; private_global=0; IO mode=ap_vld:ce=0
Port [ mux_case_22013504_out]:  wired=1; compound=0; hidden=0; nouse=0; global=0; static=0; extern=0; dir=1; type=0; pingpong=0; private_global=0; IO mode=ap_vld:ce=0
Port [ mux_case_12003493_out]:  wired=1; compound=0; hidden=0; nouse=0; global=0; static=0; extern=0; dir=1; type=0; pingpong=0; private_global=0; IO mode=ap_vld:ce=0
Port [ mux_case_01993482_out]:  wired=1; compound=0; hidden=0; nouse=0; global=0; static=0; extern=0; dir=1; type=0; pingpong=0; private_global=0; IO mode=ap_vld:ce=0
Port [ mux_case_31733471_out]:  wired=1; compound=0; hidden=0; nouse=0; global=0; static=0; extern=0; dir=1; type=0; pingpong=0; private_global=0; IO mode=ap_vld:ce=0
Port [ mux_case_21723460_out]:  wired=1; compound=0; hidden=0; nouse=0; global=0; static=0; extern=0; dir=1; type=0; pingpong=0; private_global=0; IO mode=ap_vld:ce=0
Port [ mux_case_11713449_out]:  wired=1; compound=0; hidden=0; nouse=0; global=0; static=0; extern=0; dir=1; type=0; pingpong=0; private_global=0; IO mode=ap_vld:ce=0
Port [ mux_case_01703438_out]:  wired=1; compound=0; hidden=0; nouse=0; global=0; static=0; extern=0; dir=1; type=0; pingpong=0; private_global=0; IO mode=ap_vld:ce=0
Port [ mux_case_31433427_out]:  wired=1; compound=0; hidden=0; nouse=0; global=0; static=0; extern=0; dir=1; type=0; pingpong=0; private_global=0; IO mode=ap_vld:ce=0
Port [ mux_case_21423414_out]:  wired=1; compound=0; hidden=0; nouse=0; global=0; static=0; extern=0; dir=1; type=0; pingpong=0; private_global=0; IO mode=ap_vld:ce=0
Port [ mux_case_11413401_out]:  wired=1; compound=0; hidden=0; nouse=0; global=0; static=0; extern=0; dir=1; type=0; pingpong=0; private_global=0; IO mode=ap_vld:ce=0
Port [ mux_case_01403388_out]:  wired=1; compound=0; hidden=0; nouse=0; global=0; static=0; extern=0; dir=1; type=0; pingpong=0; private_global=0; IO mode=ap_vld:ce=0
Port [ mux_case_31383375_out]:  wired=1; compound=0; hidden=0; nouse=0; global=0; static=0; extern=0; dir=1; type=0; pingpong=0; private_global=0; IO mode=ap_vld:ce=0
Port [ mux_case_21373362_out]:  wired=1; compound=0; hidden=0; nouse=0; global=0; static=0; extern=0; dir=1; type=0; pingpong=0; private_global=0; IO mode=ap_vld:ce=0
Port [ mux_case_11363349_out]:  wired=1; compound=0; hidden=0; nouse=0; global=0; static=0; extern=0; dir=1; type=0; pingpong=0; private_global=0; IO mode=ap_vld:ce=0
Port [ mux_case_01353336_out]:  wired=1; compound=0; hidden=0; nouse=0; global=0; static=0; extern=0; dir=1; type=0; pingpong=0; private_global=0; IO mode=ap_vld:ce=0
Port [ mux_case_31333323_out]:  wired=1; compound=0; hidden=0; nouse=0; global=0; static=0; extern=0; dir=1; type=0; pingpong=0; private_global=0; IO mode=ap_vld:ce=0
Port [ mux_case_21323310_out]:  wired=1; compound=0; hidden=0; nouse=0; global=0; static=0; extern=0; dir=1; type=0; pingpong=0; private_global=0; IO mode=ap_vld:ce=0
Port [ mux_case_11313297_out]:  wired=1; compound=0; hidden=0; nouse=0; global=0; static=0; extern=0; dir=1; type=0; pingpong=0; private_global=0; IO mode=ap_vld:ce=0
Port [ mux_case_01303284_out]:  wired=1; compound=0; hidden=0; nouse=0; global=0; static=0; extern=0; dir=1; type=0; pingpong=0; private_global=0; IO mode=ap_vld:ce=0
Port [ mux_case_31283271_out]:  wired=1; compound=0; hidden=0; nouse=0; global=0; static=0; extern=0; dir=1; type=0; pingpong=0; private_global=0; IO mode=ap_vld:ce=0
Port [ mux_case_21273258_out]:  wired=1; compound=0; hidden=0; nouse=0; global=0; static=0; extern=0; dir=1; type=0; pingpong=0; private_global=0; IO mode=ap_vld:ce=0
Port [ mux_case_11263245_out]:  wired=1; compound=0; hidden=0; nouse=0; global=0; static=0; extern=0; dir=1; type=0; pingpong=0; private_global=0; IO mode=ap_vld:ce=0
Port [ mux_case_01253232_out]:  wired=1; compound=0; hidden=0; nouse=0; global=0; static=0; extern=0; dir=1; type=0; pingpong=0; private_global=0; IO mode=ap_vld:ce=0
Port [ mux_case_31233219_out]:  wired=1; compound=0; hidden=0; nouse=0; global=0; static=0; extern=0; dir=1; type=0; pingpong=0; private_global=0; IO mode=ap_vld:ce=0
Port [ mux_case_21223206_out]:  wired=1; compound=0; hidden=0; nouse=0; global=0; static=0; extern=0; dir=1; type=0; pingpong=0; private_global=0; IO mode=ap_vld:ce=0
Port [ mux_case_11213193_out]:  wired=1; compound=0; hidden=0; nouse=0; global=0; static=0; extern=0; dir=1; type=0; pingpong=0; private_global=0; IO mode=ap_vld:ce=0
Port [ mux_case_01203180_out]:  wired=1; compound=0; hidden=0; nouse=0; global=0; static=0; extern=0; dir=1; type=0; pingpong=0; private_global=0; IO mode=ap_vld:ce=0
Port [ mux_case_31183166_out]:  wired=1; compound=0; hidden=0; nouse=0; global=0; static=0; extern=0; dir=1; type=0; pingpong=0; private_global=0; IO mode=ap_vld:ce=0
Port [ mux_case_21173155_out]:  wired=1; compound=0; hidden=0; nouse=0; global=0; static=0; extern=0; dir=1; type=0; pingpong=0; private_global=0; IO mode=ap_vld:ce=0
Port [ mux_case_11163144_out]:  wired=1; compound=0; hidden=0; nouse=0; global=0; static=0; extern=0; dir=1; type=0; pingpong=0; private_global=0; IO mode=ap_vld:ce=0
Port [ mux_case_01153133_out]:  wired=1; compound=0; hidden=0; nouse=0; global=0; static=0; extern=0; dir=1; type=0; pingpong=0; private_global=0; IO mode=ap_vld:ce=0
Port [ mux_case_31143123_out]:  wired=1; compound=0; hidden=0; nouse=0; global=0; static=0; extern=0; dir=1; type=0; pingpong=0; private_global=0; IO mode=ap_vld:ce=0
Port [ mux_case_21133110_out]:  wired=1; compound=0; hidden=0; nouse=0; global=0; static=0; extern=0; dir=1; type=0; pingpong=0; private_global=0; IO mode=ap_vld:ce=0
Port [ mux_case_11123097_out]:  wired=1; compound=0; hidden=0; nouse=0; global=0; static=0; extern=0; dir=1; type=0; pingpong=0; private_global=0; IO mode=ap_vld:ce=0
Port [ mux_case_01113084_out]:  wired=1; compound=0; hidden=0; nouse=0; global=0; static=0; extern=0; dir=1; type=0; pingpong=0; private_global=0; IO mode=ap_vld:ce=0
Port [ mux_case_31103071_out]:  wired=1; compound=0; hidden=0; nouse=0; global=0; static=0; extern=0; dir=1; type=0; pingpong=0; private_global=0; IO mode=ap_vld:ce=0
Port [ mux_case_21093058_out]:  wired=1; compound=0; hidden=0; nouse=0; global=0; static=0; extern=0; dir=1; type=0; pingpong=0; private_global=0; IO mode=ap_vld:ce=0
Port [ mux_case_11083045_out]:  wired=1; compound=0; hidden=0; nouse=0; global=0; static=0; extern=0; dir=1; type=0; pingpong=0; private_global=0; IO mode=ap_vld:ce=0
Port [ mux_case_01073032_out]:  wired=1; compound=0; hidden=0; nouse=0; global=0; static=0; extern=0; dir=1; type=0; pingpong=0; private_global=0; IO mode=ap_vld:ce=0
Port [ mux_case_31053019_out]:  wired=1; compound=0; hidden=0; nouse=0; global=0; static=0; extern=0; dir=1; type=0; pingpong=0; private_global=0; IO mode=ap_vld:ce=0
Port [ mux_case_21043006_out]:  wired=1; compound=0; hidden=0; nouse=0; global=0; static=0; extern=0; dir=1; type=0; pingpong=0; private_global=0; IO mode=ap_vld:ce=0
Port [ mux_case_11032993_out]:  wired=1; compound=0; hidden=0; nouse=0; global=0; static=0; extern=0; dir=1; type=0; pingpong=0; private_global=0; IO mode=ap_vld:ce=0
Port [ mux_case_01022980_out]:  wired=1; compound=0; hidden=0; nouse=0; global=0; static=0; extern=0; dir=1; type=0; pingpong=0; private_global=0; IO mode=ap_vld:ce=0
Port [ mux_case_31002967_out]:  wired=1; compound=0; hidden=0; nouse=0; global=0; static=0; extern=0; dir=1; type=0; pingpong=0; private_global=0; IO mode=ap_vld:ce=0
Port [ mux_case_2992954_out]:  wired=1; compound=0; hidden=0; nouse=0; global=0; static=0; extern=0; dir=1; type=0; pingpong=0; private_global=0; IO mode=ap_vld:ce=0
Port [ mux_case_1982941_out]:  wired=1; compound=0; hidden=0; nouse=0; global=0; static=0; extern=0; dir=1; type=0; pingpong=0; private_global=0; IO mode=ap_vld:ce=0
Port [ mux_case_0972928_out]:  wired=1; compound=0; hidden=0; nouse=0; global=0; static=0; extern=0; dir=1; type=0; pingpong=0; private_global=0; IO mode=ap_vld:ce=0
Port [ mux_case_3952915_out]:  wired=1; compound=0; hidden=0; nouse=0; global=0; static=0; extern=0; dir=1; type=0; pingpong=0; private_global=0; IO mode=ap_vld:ce=0
Port [ mux_case_2942902_out]:  wired=1; compound=0; hidden=0; nouse=0; global=0; static=0; extern=0; dir=1; type=0; pingpong=0; private_global=0; IO mode=ap_vld:ce=0
Port [ mux_case_1932889_out]:  wired=1; compound=0; hidden=0; nouse=0; global=0; static=0; extern=0; dir=1; type=0; pingpong=0; private_global=0; IO mode=ap_vld:ce=0
Port [ mux_case_0922876_out]:  wired=1; compound=0; hidden=0; nouse=0; global=0; static=0; extern=0; dir=1; type=0; pingpong=0; private_global=0; IO mode=ap_vld:ce=0
Port [ mux_case_32862_out]:  wired=1; compound=0; hidden=0; nouse=0; global=0; static=0; extern=0; dir=1; type=0; pingpong=0; private_global=0; IO mode=ap_vld:ce=0
Port [ mux_case_22851_out]:  wired=1; compound=0; hidden=0; nouse=0; global=0; static=0; extern=0; dir=1; type=0; pingpong=0; private_global=0; IO mode=ap_vld:ce=0
Port [ mux_case_12840_out]:  wired=1; compound=0; hidden=0; nouse=0; global=0; static=0; extern=0; dir=1; type=0; pingpong=0; private_global=0; IO mode=ap_vld:ce=0
Port [ mux_case_02829_out]:  wired=1; compound=0; hidden=0; nouse=0; global=0; static=0; extern=0; dir=1; type=0; pingpong=0; private_global=0; IO mode=ap_vld:ce=0
---------------- STG Properties END ------------------

---------------- Datapath Model BEGIN ----------------

<LifeTime>
<method=bitvector/>
j                          (alloca           ) [ 0100000000000]
i                          (alloca           ) [ 0100000000000]
indvar_flatten             (alloca           ) [ 0100000000000]
specinterface_ln0          (specinterface    ) [ 0000000000000]
xor_ln85_read              (read             ) [ 0111111111111]
tmp                        (read             ) [ 0111111111110]
A_DRAM_read                (read             ) [ 0010000000000]
store_ln0                  (store            ) [ 0000000000000]
store_ln0                  (store            ) [ 0000000000000]
store_ln0                  (store            ) [ 0000000000000]
store_ln0                  (store            ) [ 0000000000000]
store_ln0                  (store            ) [ 0000000000000]
store_ln0                  (store            ) [ 0000000000000]
store_ln0                  (store            ) [ 0000000000000]
store_ln0                  (store            ) [ 0000000000000]
store_ln0                  (store            ) [ 0000000000000]
store_ln0                  (store            ) [ 0000000000000]
store_ln0                  (store            ) [ 0000000000000]
store_ln0                  (store            ) [ 0000000000000]
store_ln0                  (store            ) [ 0000000000000]
store_ln0                  (store            ) [ 0000000000000]
store_ln0                  (store            ) [ 0000000000000]
store_ln0                  (store            ) [ 0000000000000]
store_ln0                  (store            ) [ 0000000000000]
store_ln0                  (store            ) [ 0000000000000]
store_ln0                  (store            ) [ 0000000000000]
store_ln0                  (store            ) [ 0000000000000]
store_ln0                  (store            ) [ 0000000000000]
store_ln0                  (store            ) [ 0000000000000]
store_ln0                  (store            ) [ 0000000000000]
store_ln0                  (store            ) [ 0000000000000]
store_ln0                  (store            ) [ 0000000000000]
store_ln0                  (store            ) [ 0000000000000]
store_ln0                  (store            ) [ 0000000000000]
store_ln0                  (store            ) [ 0000000000000]
store_ln0                  (store            ) [ 0000000000000]
store_ln0                  (store            ) [ 0000000000000]
store_ln0                  (store            ) [ 0000000000000]
store_ln0                  (store            ) [ 0000000000000]
store_ln0                  (store            ) [ 0000000000000]
store_ln0                  (store            ) [ 0000000000000]
store_ln0                  (store            ) [ 0000000000000]
store_ln0                  (store            ) [ 0000000000000]
store_ln0                  (store            ) [ 0000000000000]
store_ln0                  (store            ) [ 0000000000000]
store_ln0                  (store            ) [ 0000000000000]
store_ln0                  (store            ) [ 0000000000000]
store_ln0                  (store            ) [ 0000000000000]
store_ln0                  (store            ) [ 0000000000000]
store_ln0                  (store            ) [ 0000000000000]
store_ln0                  (store            ) [ 0000000000000]
store_ln0                  (store            ) [ 0000000000000]
store_ln0                  (store            ) [ 0000000000000]
store_ln0                  (store            ) [ 0000000000000]
store_ln0                  (store            ) [ 0000000000000]
store_ln0                  (store            ) [ 0000000000000]
store_ln0                  (store            ) [ 0000000000000]
store_ln0                  (store            ) [ 0000000000000]
store_ln0                  (store            ) [ 0000000000000]
store_ln0                  (store            ) [ 0000000000000]
store_ln0                  (store            ) [ 0000000000000]
store_ln0                  (store            ) [ 0000000000000]
store_ln0                  (store            ) [ 0000000000000]
store_ln0                  (store            ) [ 0000000000000]
store_ln0                  (store            ) [ 0000000000000]
store_ln0                  (store            ) [ 0000000000000]
store_ln0                  (store            ) [ 0000000000000]
store_ln0                  (store            ) [ 0000000000000]
store_ln0                  (store            ) [ 0000000000000]
store_ln0                  (store            ) [ 0000000000000]
store_ln0                  (store            ) [ 0000000000000]
store_ln85                 (store            ) [ 0000000000000]
store_ln87                 (store            ) [ 0000000000000]
br_ln0                     (br               ) [ 0000000000000]
indvar_flatten_load        (load             ) [ 0000000000000]
specbitsmap_ln0            (specbitsmap      ) [ 0000000000000]
icmp_ln85                  (icmp             ) [ 0111111111100]
add_ln85                   (add              ) [ 0000000000000]
br_ln85                    (br               ) [ 0000000000000]
j_load                     (load             ) [ 0000000000000]
i_load                     (load             ) [ 0000000000000]
icmp_ln87                  (icmp             ) [ 0000000000000]
select_ln85                (select           ) [ 0010000000000]
add_ln85_1                 (add              ) [ 0000000000000]
select_ln85_1              (select           ) [ 0111111111111]
trunc_ln87                 (trunc            ) [ 0111111111111]
shl_ln91_2                 (bitconcatenate   ) [ 0000000000000]
zext_ln91                  (zext             ) [ 0000000000000]
add_ln91                   (add              ) [ 0000000000000]
trunc_ln91_2               (partselect       ) [ 0010000000000]
switch_ln95                (switch           ) [ 0000000000000]
switch_ln95                (switch           ) [ 0000000000000]
br_ln95                    (br               ) [ 0000000000000]
br_ln95                    (br               ) [ 0000000000000]
br_ln95                    (br               ) [ 0000000000000]
br_ln95                    (br               ) [ 0000000000000]
switch_ln95                (switch           ) [ 0000000000000]
br_ln95                    (br               ) [ 0000000000000]
br_ln95                    (br               ) [ 0000000000000]
br_ln95                    (br               ) [ 0000000000000]
br_ln95                    (br               ) [ 0000000000000]
switch_ln95                (switch           ) [ 0000000000000]
br_ln95                    (br               ) [ 0000000000000]
br_ln95                    (br               ) [ 0000000000000]
br_ln95                    (br               ) [ 0000000000000]
br_ln95                    (br               ) [ 0000000000000]
switch_ln95                (switch           ) [ 0000000000000]
br_ln95                    (br               ) [ 0000000000000]
br_ln95                    (br               ) [ 0000000000000]
br_ln95                    (br               ) [ 0000000000000]
br_ln95                    (br               ) [ 0000000000000]
switch_ln95                (switch           ) [ 0000000000000]
br_ln95                    (br               ) [ 0000000000000]
br_ln95                    (br               ) [ 0000000000000]
br_ln95                    (br               ) [ 0000000000000]
br_ln95                    (br               ) [ 0000000000000]
switch_ln95                (switch           ) [ 0000000000000]
br_ln95                    (br               ) [ 0000000000000]
br_ln95                    (br               ) [ 0000000000000]
br_ln95                    (br               ) [ 0000000000000]
br_ln95                    (br               ) [ 0000000000000]
switch_ln95                (switch           ) [ 0000000000000]
br_ln95                    (br               ) [ 0000000000000]
br_ln95                    (br               ) [ 0000000000000]
br_ln95                    (br               ) [ 0000000000000]
br_ln95                    (br               ) [ 0000000000000]
add_ln87                   (add              ) [ 0000000000000]
store_ln85                 (store            ) [ 0000000000000]
store_ln85                 (store            ) [ 0000000000000]
store_ln87                 (store            ) [ 0000000000000]
br_ln87                    (br               ) [ 0000000000000]
shl_ln                     (bitconcatenate   ) [ 0000000000000]
or_ln87                    (or               ) [ 0000000000000]
shl_ln87                   (shl              ) [ 0000000000000]
sext_ln91                  (sext             ) [ 0000000000000]
memA_addr                  (getelementptr    ) [ 0111111111100]
or_ln91                    (or               ) [ 0000000000000]
tmp_s                      (partselect       ) [ 0000000000000]
tmp_58                     (bitconcatenate   ) [ 0000000000000]
zext_ln91_2                (zext             ) [ 0000000000000]
add_ln91_1                 (add              ) [ 0000000000000]
trunc_ln91_3               (partselect       ) [ 0101000000000]
icmp_ln98                  (icmp             ) [ 0111100000000]
br_ln98                    (br               ) [ 0000000000000]
switch_ln105               (switch           ) [ 0000000000000]
mux_case_14563696_out_load (load             ) [ 0000000000000]
icmp_ln105_4               (icmp             ) [ 0000000000000]
select_ln105_4             (select           ) [ 0000000000000]
store_ln105                (store            ) [ 0000000000000]
br_ln105                   (br               ) [ 0000000000000]
mux_case_04503655_out_load (load             ) [ 0000000000000]
icmp_ln105_3               (icmp             ) [ 0000000000000]
select_ln105_3             (select           ) [ 0000000000000]
store_ln105                (store            ) [ 0000000000000]
br_ln105                   (br               ) [ 0000000000000]
icmp_ln105_6               (icmp             ) [ 0010000000000]
br_ln105                   (br               ) [ 0000000000000]
store_ln0                  (store            ) [ 0000000000000]
br_ln105                   (br               ) [ 0000000000000]
icmp_ln105_5               (icmp             ) [ 0010000000000]
br_ln105                   (br               ) [ 0000000000000]
store_ln0                  (store            ) [ 0000000000000]
br_ln105                   (br               ) [ 0000000000000]
switch_ln100               (switch           ) [ 0000000000000]
store_ln0                  (store            ) [ 0000000000000]
br_ln101                   (br               ) [ 0000000000000]
store_ln0                  (store            ) [ 0000000000000]
br_ln100                   (br               ) [ 0000000000000]
store_ln0                  (store            ) [ 0000000000000]
br_ln101                   (br               ) [ 0000000000000]
store_ln0                  (store            ) [ 0000000000000]
br_ln100                   (br               ) [ 0000000000000]
sext_ln91_1                (sext             ) [ 0000000000000]
memA_addr_1                (getelementptr    ) [ 0110111111110]
mux_case_34483646_out_load (load             ) [ 0000000000000]
icmp_ln105_2               (icmp             ) [ 0000000000000]
select_ln105_2             (select           ) [ 0000000000000]
store_ln105                (store            ) [ 0000000000000]
br_ln105                   (br               ) [ 0000000000000]
mux_case_14363564_out_load (load             ) [ 0000000000000]
icmp_ln105_1               (icmp             ) [ 0000000000000]
select_ln105_1             (select           ) [ 0000000000000]
store_ln105                (store            ) [ 0000000000000]
br_ln105                   (br               ) [ 0000000000000]
mux_case_04303523_out_load (load             ) [ 0000000000000]
icmp_ln105                 (icmp             ) [ 0000000000000]
select_ln105               (select           ) [ 0000000000000]
store_ln105                (store            ) [ 0000000000000]
br_ln105                   (br               ) [ 0000000000000]
memA_load_req              (readreq          ) [ 0000000000000]
memA_addr_read             (read             ) [ 0100000000010]
memA_load_1_req            (readreq          ) [ 0000000000000]
shl_ln1                    (bitconcatenate   ) [ 0000000000000]
zext_ln91_1                (zext             ) [ 0000000000000]
lshr_ln91                  (lshr             ) [ 0000000000000]
trunc_ln91                 (trunc            ) [ 0000000000000]
R_real                     (bitcast          ) [ 0000000000000]
memA_addr_1_read           (read             ) [ 0010000000001]
store_ln91                 (store            ) [ 0000000000000]
store_ln91                 (store            ) [ 0000000000000]
store_ln91                 (store            ) [ 0000000000000]
store_ln91                 (store            ) [ 0000000000000]
store_ln91                 (store            ) [ 0000000000000]
store_ln91                 (store            ) [ 0000000000000]
store_ln91                 (store            ) [ 0000000000000]
store_ln91                 (store            ) [ 0000000000000]
store_ln91                 (store            ) [ 0000000000000]
store_ln91                 (store            ) [ 0000000000000]
store_ln91                 (store            ) [ 0000000000000]
store_ln91                 (store            ) [ 0000000000000]
store_ln91                 (store            ) [ 0000000000000]
store_ln91                 (store            ) [ 0000000000000]
store_ln91                 (store            ) [ 0000000000000]
store_ln91                 (store            ) [ 0000000000000]
store_ln91                 (store            ) [ 0000000000000]
store_ln91                 (store            ) [ 0000000000000]
store_ln91                 (store            ) [ 0000000000000]
store_ln91                 (store            ) [ 0000000000000]
store_ln91                 (store            ) [ 0000000000000]
store_ln91                 (store            ) [ 0000000000000]
store_ln91                 (store            ) [ 0000000000000]
store_ln91                 (store            ) [ 0000000000000]
store_ln91                 (store            ) [ 0000000000000]
store_ln91                 (store            ) [ 0000000000000]
store_ln91                 (store            ) [ 0000000000000]
store_ln91                 (store            ) [ 0000000000000]
specloopname_ln0           (specloopname     ) [ 0000000000000]
speclooptripcount_ln0      (speclooptripcount) [ 0000000000000]
specpipeline_ln87          (specpipeline     ) [ 0000000000000]
shl_ln91_1                 (bitconcatenate   ) [ 0000000000000]
zext_ln91_3                (zext             ) [ 0000000000000]
lshr_ln91_1                (lshr             ) [ 0000000000000]
trunc_ln91_1               (trunc            ) [ 0000000000000]
R_imag                     (bitcast          ) [ 0000000000000]
store_ln91                 (store            ) [ 0000000000000]
store_ln91                 (store            ) [ 0000000000000]
store_ln91                 (store            ) [ 0000000000000]
store_ln91                 (store            ) [ 0000000000000]
store_ln91                 (store            ) [ 0000000000000]
store_ln91                 (store            ) [ 0000000000000]
store_ln91                 (store            ) [ 0000000000000]
store_ln91                 (store            ) [ 0000000000000]
store_ln91                 (store            ) [ 0000000000000]
store_ln91                 (store            ) [ 0000000000000]
store_ln91                 (store            ) [ 0000000000000]
store_ln91                 (store            ) [ 0000000000000]
store_ln91                 (store            ) [ 0000000000000]
store_ln91                 (store            ) [ 0000000000000]
store_ln91                 (store            ) [ 0000000000000]
store_ln91                 (store            ) [ 0000000000000]
store_ln91                 (store            ) [ 0000000000000]
store_ln91                 (store            ) [ 0000000000000]
store_ln91                 (store            ) [ 0000000000000]
store_ln91                 (store            ) [ 0000000000000]
store_ln91                 (store            ) [ 0000000000000]
store_ln91                 (store            ) [ 0000000000000]
store_ln91                 (store            ) [ 0000000000000]
store_ln91                 (store            ) [ 0000000000000]
store_ln91                 (store            ) [ 0000000000000]
store_ln91                 (store            ) [ 0000000000000]
store_ln91                 (store            ) [ 0000000000000]
store_ln91                 (store            ) [ 0000000000000]
ret_ln0                    (ret              ) [ 0000000000000]
</LifeTime>

<model>

<comp_list>
<comp id="0" class="1000" name="memA">
<pin_list>
<pin id="1" dir="1" index="0" bw="1" slack="0"/>
</pin_list>
<bind>
<StgValue><ssdm name="memA"/></StgValue>
</bind>
</comp>

<comp id="2" class="1000" name="A_DRAM">
<pin_list>
<pin id="3" dir="1" index="0" bw="1" slack="0"/>
</pin_list>
<bind>
<StgValue><ssdm name="A_DRAM"/></StgValue>
</bind>
</comp>

<comp id="4" class="1000" name="empty">
<pin_list>
<pin id="5" dir="1" index="0" bw="1" slack="0"/>
</pin_list>
<bind>
<StgValue><ssdm name="empty"/></StgValue>
</bind>
</comp>

<comp id="6" class="1000" name="xor_ln85">
<pin_list>
<pin id="7" dir="1" index="0" bw="1" slack="0"/>
</pin_list>
<bind>
<StgValue><ssdm name="xor_ln85"/></StgValue>
</bind>
</comp>

<comp id="8" class="1000" name="mux_case_25173935_out">
<pin_list>
<pin id="9" dir="1" index="0" bw="1" slack="0"/>
</pin_list>
<bind>
<StgValue><ssdm name="mux_case_25173935_out"/></StgValue>
</bind>
</comp>

<comp id="10" class="1000" name="mux_case_14563696_out">
<pin_list>
<pin id="11" dir="1" index="0" bw="1" slack="0"/>
</pin_list>
<bind>
<StgValue><ssdm name="mux_case_14563696_out"/></StgValue>
</bind>
</comp>

<comp id="12" class="1000" name="mux_case_04503655_out">
<pin_list>
<pin id="13" dir="1" index="0" bw="1" slack="0"/>
</pin_list>
<bind>
<StgValue><ssdm name="mux_case_04503655_out"/></StgValue>
</bind>
</comp>

<comp id="14" class="1000" name="mux_case_34483646_out">
<pin_list>
<pin id="15" dir="1" index="0" bw="1" slack="0"/>
</pin_list>
<bind>
<StgValue><ssdm name="mux_case_34483646_out"/></StgValue>
</bind>
</comp>

<comp id="16" class="1000" name="mux_case_24423605_out">
<pin_list>
<pin id="17" dir="1" index="0" bw="1" slack="0"/>
</pin_list>
<bind>
<StgValue><ssdm name="mux_case_24423605_out"/></StgValue>
</bind>
</comp>

<comp id="18" class="1000" name="mux_case_14363564_out">
<pin_list>
<pin id="19" dir="1" index="0" bw="1" slack="0"/>
</pin_list>
<bind>
<StgValue><ssdm name="mux_case_14363564_out"/></StgValue>
</bind>
</comp>

<comp id="20" class="1000" name="mux_case_04303523_out">
<pin_list>
<pin id="21" dir="1" index="0" bw="1" slack="0"/>
</pin_list>
<bind>
<StgValue><ssdm name="mux_case_04303523_out"/></StgValue>
</bind>
</comp>

<comp id="22" class="1000" name="mux_case_32023515_out">
<pin_list>
<pin id="23" dir="1" index="0" bw="1" slack="0"/>
</pin_list>
<bind>
<StgValue><ssdm name="mux_case_32023515_out"/></StgValue>
</bind>
</comp>

<comp id="24" class="1000" name="mux_case_22013504_out">
<pin_list>
<pin id="25" dir="1" index="0" bw="1" slack="0"/>
</pin_list>
<bind>
<StgValue><ssdm name="mux_case_22013504_out"/></StgValue>
</bind>
</comp>

<comp id="26" class="1000" name="mux_case_12003493_out">
<pin_list>
<pin id="27" dir="1" index="0" bw="1" slack="0"/>
</pin_list>
<bind>
<StgValue><ssdm name="mux_case_12003493_out"/></StgValue>
</bind>
</comp>

<comp id="28" class="1000" name="mux_case_01993482_out">
<pin_list>
<pin id="29" dir="1" index="0" bw="1" slack="0"/>
</pin_list>
<bind>
<StgValue><ssdm name="mux_case_01993482_out"/></StgValue>
</bind>
</comp>

<comp id="30" class="1000" name="mux_case_31733471_out">
<pin_list>
<pin id="31" dir="1" index="0" bw="1" slack="0"/>
</pin_list>
<bind>
<StgValue><ssdm name="mux_case_31733471_out"/></StgValue>
</bind>
</comp>

<comp id="32" class="1000" name="mux_case_21723460_out">
<pin_list>
<pin id="33" dir="1" index="0" bw="1" slack="0"/>
</pin_list>
<bind>
<StgValue><ssdm name="mux_case_21723460_out"/></StgValue>
</bind>
</comp>

<comp id="34" class="1000" name="mux_case_11713449_out">
<pin_list>
<pin id="35" dir="1" index="0" bw="1" slack="0"/>
</pin_list>
<bind>
<StgValue><ssdm name="mux_case_11713449_out"/></StgValue>
</bind>
</comp>

<comp id="36" class="1000" name="mux_case_01703438_out">
<pin_list>
<pin id="37" dir="1" index="0" bw="1" slack="0"/>
</pin_list>
<bind>
<StgValue><ssdm name="mux_case_01703438_out"/></StgValue>
</bind>
</comp>

<comp id="38" class="1000" name="mux_case_31433427_out">
<pin_list>
<pin id="39" dir="1" index="0" bw="1" slack="0"/>
</pin_list>
<bind>
<StgValue><ssdm name="mux_case_31433427_out"/></StgValue>
</bind>
</comp>

<comp id="40" class="1000" name="mux_case_21423414_out">
<pin_list>
<pin id="41" dir="1" index="0" bw="1" slack="0"/>
</pin_list>
<bind>
<StgValue><ssdm name="mux_case_21423414_out"/></StgValue>
</bind>
</comp>

<comp id="42" class="1000" name="mux_case_11413401_out">
<pin_list>
<pin id="43" dir="1" index="0" bw="1" slack="0"/>
</pin_list>
<bind>
<StgValue><ssdm name="mux_case_11413401_out"/></StgValue>
</bind>
</comp>

<comp id="44" class="1000" name="mux_case_01403388_out">
<pin_list>
<pin id="45" dir="1" index="0" bw="1" slack="0"/>
</pin_list>
<bind>
<StgValue><ssdm name="mux_case_01403388_out"/></StgValue>
</bind>
</comp>

<comp id="46" class="1000" name="mux_case_31383375_out">
<pin_list>
<pin id="47" dir="1" index="0" bw="1" slack="0"/>
</pin_list>
<bind>
<StgValue><ssdm name="mux_case_31383375_out"/></StgValue>
</bind>
</comp>

<comp id="48" class="1000" name="mux_case_21373362_out">
<pin_list>
<pin id="49" dir="1" index="0" bw="1" slack="0"/>
</pin_list>
<bind>
<StgValue><ssdm name="mux_case_21373362_out"/></StgValue>
</bind>
</comp>

<comp id="50" class="1000" name="mux_case_11363349_out">
<pin_list>
<pin id="51" dir="1" index="0" bw="1" slack="0"/>
</pin_list>
<bind>
<StgValue><ssdm name="mux_case_11363349_out"/></StgValue>
</bind>
</comp>

<comp id="52" class="1000" name="mux_case_01353336_out">
<pin_list>
<pin id="53" dir="1" index="0" bw="1" slack="0"/>
</pin_list>
<bind>
<StgValue><ssdm name="mux_case_01353336_out"/></StgValue>
</bind>
</comp>

<comp id="54" class="1000" name="mux_case_31333323_out">
<pin_list>
<pin id="55" dir="1" index="0" bw="1" slack="0"/>
</pin_list>
<bind>
<StgValue><ssdm name="mux_case_31333323_out"/></StgValue>
</bind>
</comp>

<comp id="56" class="1000" name="mux_case_21323310_out">
<pin_list>
<pin id="57" dir="1" index="0" bw="1" slack="0"/>
</pin_list>
<bind>
<StgValue><ssdm name="mux_case_21323310_out"/></StgValue>
</bind>
</comp>

<comp id="58" class="1000" name="mux_case_11313297_out">
<pin_list>
<pin id="59" dir="1" index="0" bw="1" slack="0"/>
</pin_list>
<bind>
<StgValue><ssdm name="mux_case_11313297_out"/></StgValue>
</bind>
</comp>

<comp id="60" class="1000" name="mux_case_01303284_out">
<pin_list>
<pin id="61" dir="1" index="0" bw="1" slack="0"/>
</pin_list>
<bind>
<StgValue><ssdm name="mux_case_01303284_out"/></StgValue>
</bind>
</comp>

<comp id="62" class="1000" name="mux_case_31283271_out">
<pin_list>
<pin id="63" dir="1" index="0" bw="1" slack="0"/>
</pin_list>
<bind>
<StgValue><ssdm name="mux_case_31283271_out"/></StgValue>
</bind>
</comp>

<comp id="64" class="1000" name="mux_case_21273258_out">
<pin_list>
<pin id="65" dir="1" index="0" bw="1" slack="0"/>
</pin_list>
<bind>
<StgValue><ssdm name="mux_case_21273258_out"/></StgValue>
</bind>
</comp>

<comp id="66" class="1000" name="mux_case_11263245_out">
<pin_list>
<pin id="67" dir="1" index="0" bw="1" slack="0"/>
</pin_list>
<bind>
<StgValue><ssdm name="mux_case_11263245_out"/></StgValue>
</bind>
</comp>

<comp id="68" class="1000" name="mux_case_01253232_out">
<pin_list>
<pin id="69" dir="1" index="0" bw="1" slack="0"/>
</pin_list>
<bind>
<StgValue><ssdm name="mux_case_01253232_out"/></StgValue>
</bind>
</comp>

<comp id="70" class="1000" name="mux_case_31233219_out">
<pin_list>
<pin id="71" dir="1" index="0" bw="1" slack="0"/>
</pin_list>
<bind>
<StgValue><ssdm name="mux_case_31233219_out"/></StgValue>
</bind>
</comp>

<comp id="72" class="1000" name="mux_case_21223206_out">
<pin_list>
<pin id="73" dir="1" index="0" bw="1" slack="0"/>
</pin_list>
<bind>
<StgValue><ssdm name="mux_case_21223206_out"/></StgValue>
</bind>
</comp>

<comp id="74" class="1000" name="mux_case_11213193_out">
<pin_list>
<pin id="75" dir="1" index="0" bw="1" slack="0"/>
</pin_list>
<bind>
<StgValue><ssdm name="mux_case_11213193_out"/></StgValue>
</bind>
</comp>

<comp id="76" class="1000" name="mux_case_01203180_out">
<pin_list>
<pin id="77" dir="1" index="0" bw="1" slack="0"/>
</pin_list>
<bind>
<StgValue><ssdm name="mux_case_01203180_out"/></StgValue>
</bind>
</comp>

<comp id="78" class="1000" name="mux_case_31183166_out">
<pin_list>
<pin id="79" dir="1" index="0" bw="1" slack="0"/>
</pin_list>
<bind>
<StgValue><ssdm name="mux_case_31183166_out"/></StgValue>
</bind>
</comp>

<comp id="80" class="1000" name="mux_case_21173155_out">
<pin_list>
<pin id="81" dir="1" index="0" bw="1" slack="0"/>
</pin_list>
<bind>
<StgValue><ssdm name="mux_case_21173155_out"/></StgValue>
</bind>
</comp>

<comp id="82" class="1000" name="mux_case_11163144_out">
<pin_list>
<pin id="83" dir="1" index="0" bw="1" slack="0"/>
</pin_list>
<bind>
<StgValue><ssdm name="mux_case_11163144_out"/></StgValue>
</bind>
</comp>

<comp id="84" class="1000" name="mux_case_01153133_out">
<pin_list>
<pin id="85" dir="1" index="0" bw="1" slack="0"/>
</pin_list>
<bind>
<StgValue><ssdm name="mux_case_01153133_out"/></StgValue>
</bind>
</comp>

<comp id="86" class="1000" name="mux_case_31143123_out">
<pin_list>
<pin id="87" dir="1" index="0" bw="1" slack="0"/>
</pin_list>
<bind>
<StgValue><ssdm name="mux_case_31143123_out"/></StgValue>
</bind>
</comp>

<comp id="88" class="1000" name="mux_case_21133110_out">
<pin_list>
<pin id="89" dir="1" index="0" bw="1" slack="0"/>
</pin_list>
<bind>
<StgValue><ssdm name="mux_case_21133110_out"/></StgValue>
</bind>
</comp>

<comp id="90" class="1000" name="mux_case_11123097_out">
<pin_list>
<pin id="91" dir="1" index="0" bw="1" slack="0"/>
</pin_list>
<bind>
<StgValue><ssdm name="mux_case_11123097_out"/></StgValue>
</bind>
</comp>

<comp id="92" class="1000" name="mux_case_01113084_out">
<pin_list>
<pin id="93" dir="1" index="0" bw="1" slack="0"/>
</pin_list>
<bind>
<StgValue><ssdm name="mux_case_01113084_out"/></StgValue>
</bind>
</comp>

<comp id="94" class="1000" name="mux_case_31103071_out">
<pin_list>
<pin id="95" dir="1" index="0" bw="1" slack="0"/>
</pin_list>
<bind>
<StgValue><ssdm name="mux_case_31103071_out"/></StgValue>
</bind>
</comp>

<comp id="96" class="1000" name="mux_case_21093058_out">
<pin_list>
<pin id="97" dir="1" index="0" bw="1" slack="0"/>
</pin_list>
<bind>
<StgValue><ssdm name="mux_case_21093058_out"/></StgValue>
</bind>
</comp>

<comp id="98" class="1000" name="mux_case_11083045_out">
<pin_list>
<pin id="99" dir="1" index="0" bw="1" slack="0"/>
</pin_list>
<bind>
<StgValue><ssdm name="mux_case_11083045_out"/></StgValue>
</bind>
</comp>

<comp id="100" class="1000" name="mux_case_01073032_out">
<pin_list>
<pin id="101" dir="1" index="0" bw="1" slack="0"/>
</pin_list>
<bind>
<StgValue><ssdm name="mux_case_01073032_out"/></StgValue>
</bind>
</comp>

<comp id="102" class="1000" name="mux_case_31053019_out">
<pin_list>
<pin id="103" dir="1" index="0" bw="1" slack="0"/>
</pin_list>
<bind>
<StgValue><ssdm name="mux_case_31053019_out"/></StgValue>
</bind>
</comp>

<comp id="104" class="1000" name="mux_case_21043006_out">
<pin_list>
<pin id="105" dir="1" index="0" bw="1" slack="0"/>
</pin_list>
<bind>
<StgValue><ssdm name="mux_case_21043006_out"/></StgValue>
</bind>
</comp>

<comp id="106" class="1000" name="mux_case_11032993_out">
<pin_list>
<pin id="107" dir="1" index="0" bw="1" slack="0"/>
</pin_list>
<bind>
<StgValue><ssdm name="mux_case_11032993_out"/></StgValue>
</bind>
</comp>

<comp id="108" class="1000" name="mux_case_01022980_out">
<pin_list>
<pin id="109" dir="1" index="0" bw="1" slack="0"/>
</pin_list>
<bind>
<StgValue><ssdm name="mux_case_01022980_out"/></StgValue>
</bind>
</comp>

<comp id="110" class="1000" name="mux_case_31002967_out">
<pin_list>
<pin id="111" dir="1" index="0" bw="1" slack="0"/>
</pin_list>
<bind>
<StgValue><ssdm name="mux_case_31002967_out"/></StgValue>
</bind>
</comp>

<comp id="112" class="1000" name="mux_case_2992954_out">
<pin_list>
<pin id="113" dir="1" index="0" bw="1" slack="0"/>
</pin_list>
<bind>
<StgValue><ssdm name="mux_case_2992954_out"/></StgValue>
</bind>
</comp>

<comp id="114" class="1000" name="mux_case_1982941_out">
<pin_list>
<pin id="115" dir="1" index="0" bw="1" slack="0"/>
</pin_list>
<bind>
<StgValue><ssdm name="mux_case_1982941_out"/></StgValue>
</bind>
</comp>

<comp id="116" class="1000" name="mux_case_0972928_out">
<pin_list>
<pin id="117" dir="1" index="0" bw="1" slack="0"/>
</pin_list>
<bind>
<StgValue><ssdm name="mux_case_0972928_out"/></StgValue>
</bind>
</comp>

<comp id="118" class="1000" name="mux_case_3952915_out">
<pin_list>
<pin id="119" dir="1" index="0" bw="1" slack="0"/>
</pin_list>
<bind>
<StgValue><ssdm name="mux_case_3952915_out"/></StgValue>
</bind>
</comp>

<comp id="120" class="1000" name="mux_case_2942902_out">
<pin_list>
<pin id="121" dir="1" index="0" bw="1" slack="0"/>
</pin_list>
<bind>
<StgValue><ssdm name="mux_case_2942902_out"/></StgValue>
</bind>
</comp>

<comp id="122" class="1000" name="mux_case_1932889_out">
<pin_list>
<pin id="123" dir="1" index="0" bw="1" slack="0"/>
</pin_list>
<bind>
<StgValue><ssdm name="mux_case_1932889_out"/></StgValue>
</bind>
</comp>

<comp id="124" class="1000" name="mux_case_0922876_out">
<pin_list>
<pin id="125" dir="1" index="0" bw="1" slack="0"/>
</pin_list>
<bind>
<StgValue><ssdm name="mux_case_0922876_out"/></StgValue>
</bind>
</comp>

<comp id="126" class="1000" name="mux_case_32862_out">
<pin_list>
<pin id="127" dir="1" index="0" bw="1" slack="0"/>
</pin_list>
<bind>
<StgValue><ssdm name="mux_case_32862_out"/></StgValue>
</bind>
</comp>

<comp id="128" class="1000" name="mux_case_22851_out">
<pin_list>
<pin id="129" dir="1" index="0" bw="1" slack="0"/>
</pin_list>
<bind>
<StgValue><ssdm name="mux_case_22851_out"/></StgValue>
</bind>
</comp>

<comp id="130" class="1000" name="mux_case_12840_out">
<pin_list>
<pin id="131" dir="1" index="0" bw="1" slack="0"/>
</pin_list>
<bind>
<StgValue><ssdm name="mux_case_12840_out"/></StgValue>
</bind>
</comp>

<comp id="132" class="1000" name="mux_case_02829_out">
<pin_list>
<pin id="133" dir="1" index="0" bw="1" slack="0"/>
</pin_list>
<bind>
<StgValue><ssdm name="mux_case_02829_out"/></StgValue>
</bind>
</comp>

<comp id="134" class="1001" name="const_134">
<pin_list>
<pin id="135" dir="1" index="0" bw="1" slack="0"/>
</pin_list>
<bind>
<StgValue><ssdm name=""/></StgValue>
</bind>
</comp>

<comp id="136" class="1001" name="const_136">
<pin_list>
<pin id="137" dir="1" index="0" bw="1" slack="2147483647"/>
</pin_list>
<bind>
<StgValue><ssdm name="_ssdm_op_SpecInterface"/></StgValue>
</bind>
</comp>

<comp id="138" class="1001" name="const_138">
<pin_list>
<pin id="139" dir="1" index="0" bw="1" slack="2147483647"/>
</pin_list>
<bind>
<StgValue><ssdm name="empty"/></StgValue>
</bind>
</comp>

<comp id="140" class="1001" name="const_140">
<pin_list>
<pin id="141" dir="1" index="0" bw="1" slack="2147483647"/>
</pin_list>
<bind>
<StgValue><ssdm name=""/></StgValue>
</bind>
</comp>

<comp id="142" class="1001" name="const_142">
<pin_list>
<pin id="143" dir="1" index="0" bw="1" slack="2147483647"/>
</pin_list>
<bind>
<StgValue><ssdm name="empty_0"/></StgValue>
</bind>
</comp>

<comp id="144" class="1001" name="const_144">
<pin_list>
<pin id="145" dir="1" index="0" bw="1" slack="2147483647"/>
</pin_list>
<bind>
<StgValue><ssdm name=""/></StgValue>
</bind>
</comp>

<comp id="146" class="1001" name="const_146">
<pin_list>
<pin id="147" dir="1" index="0" bw="1" slack="2147483647"/>
</pin_list>
<bind>
<StgValue><ssdm name="empty_1"/></StgValue>
</bind>
</comp>

<comp id="148" class="1001" name="const_148">
<pin_list>
<pin id="149" dir="1" index="0" bw="1" slack="2147483647"/>
</pin_list>
<bind>
<StgValue><ssdm name="empty_2"/></StgValue>
</bind>
</comp>

<comp id="150" class="1001" name="const_150">
<pin_list>
<pin id="151" dir="1" index="0" bw="1" slack="2147483647"/>
</pin_list>
<bind>
<StgValue><ssdm name=""/></StgValue>
</bind>
</comp>

<comp id="152" class="1001" name="const_152">
<pin_list>
<pin id="153" dir="1" index="0" bw="1" slack="2147483647"/>
</pin_list>
<bind>
<StgValue><ssdm name=""/></StgValue>
</bind>
</comp>

<comp id="154" class="1001" name="const_154">
<pin_list>
<pin id="155" dir="1" index="0" bw="1" slack="0"/>
</pin_list>
<bind>
<StgValue><ssdm name="_ssdm_op_Read.ap_auto.i3"/></StgValue>
</bind>
</comp>

<comp id="156" class="1001" name="const_156">
<pin_list>
<pin id="157" dir="1" index="0" bw="1" slack="0"/>
</pin_list>
<bind>
<StgValue><ssdm name="_ssdm_op_Read.ap_auto.i64"/></StgValue>
</bind>
</comp>

<comp id="158" class="1001" name="const_158">
<pin_list>
<pin id="159" dir="1" index="0" bw="1" slack="0"/>
</pin_list>
<bind>
<StgValue><ssdm name=""/></StgValue>
</bind>
</comp>

<comp id="160" class="1001" name="const_160">
<pin_list>
<pin id="161" dir="1" index="0" bw="1" slack="0"/>
</pin_list>
<bind>
<StgValue><ssdm name=""/></StgValue>
</bind>
</comp>

<comp id="162" class="1001" name="const_162">
<pin_list>
<pin id="163" dir="1" index="0" bw="1" slack="0"/>
</pin_list>
<bind>
<StgValue><ssdm name=""/></StgValue>
</bind>
</comp>

<comp id="164" class="1001" name="const_164">
<pin_list>
<pin id="165" dir="1" index="0" bw="1" slack="2147483647"/>
</pin_list>
<bind>
<StgValue><ssdm name="_ssdm_op_SpecBitsMap"/></StgValue>
</bind>
</comp>

<comp id="166" class="1001" name="const_166">
<pin_list>
<pin id="167" dir="1" index="0" bw="1" slack="0"/>
</pin_list>
<bind>
<StgValue><ssdm name=""/></StgValue>
</bind>
</comp>

<comp id="168" class="1001" name="const_168">
<pin_list>
<pin id="169" dir="1" index="0" bw="1" slack="0"/>
</pin_list>
<bind>
<StgValue><ssdm name=""/></StgValue>
</bind>
</comp>

<comp id="170" class="1001" name="const_170">
<pin_list>
<pin id="171" dir="1" index="0" bw="1" slack="0"/>
</pin_list>
<bind>
<StgValue><ssdm name=""/></StgValue>
</bind>
</comp>

<comp id="172" class="1001" name="const_172">
<pin_list>
<pin id="173" dir="1" index="0" bw="1" slack="0"/>
</pin_list>
<bind>
<StgValue><ssdm name=""/></StgValue>
</bind>
</comp>

<comp id="174" class="1001" name="const_174">
<pin_list>
<pin id="175" dir="1" index="0" bw="1" slack="0"/>
</pin_list>
<bind>
<StgValue><ssdm name="_ssdm_op_BitConcatenate.i8.i3.i2.i3"/></StgValue>
</bind>
</comp>

<comp id="176" class="1001" name="const_176">
<pin_list>
<pin id="177" dir="1" index="0" bw="1" slack="0"/>
</pin_list>
<bind>
<StgValue><ssdm name="_ssdm_op_PartSelect.i61.i64.i32.i32"/></StgValue>
</bind>
</comp>

<comp id="178" class="1001" name="const_178">
<pin_list>
<pin id="179" dir="1" index="0" bw="1" slack="0"/>
</pin_list>
<bind>
<StgValue><ssdm name=""/></StgValue>
</bind>
</comp>

<comp id="180" class="1001" name="const_180">
<pin_list>
<pin id="181" dir="1" index="0" bw="1" slack="0"/>
</pin_list>
<bind>
<StgValue><ssdm name=""/></StgValue>
</bind>
</comp>

<comp id="182" class="1001" name="const_182">
<pin_list>
<pin id="183" dir="1" index="0" bw="1" slack="2147483647"/>
</pin_list>
<bind>
<StgValue><ssdm name=""/></StgValue>
</bind>
</comp>

<comp id="184" class="1001" name="const_184">
<pin_list>
<pin id="185" dir="1" index="0" bw="1" slack="2147483647"/>
</pin_list>
<bind>
<StgValue><ssdm name=""/></StgValue>
</bind>
</comp>

<comp id="186" class="1001" name="const_186">
<pin_list>
<pin id="187" dir="1" index="0" bw="1" slack="2147483647"/>
</pin_list>
<bind>
<StgValue><ssdm name=""/></StgValue>
</bind>
</comp>

<comp id="188" class="1001" name="const_188">
<pin_list>
<pin id="189" dir="1" index="0" bw="1" slack="0"/>
</pin_list>
<bind>
<StgValue><ssdm name=""/></StgValue>
</bind>
</comp>

<comp id="190" class="1001" name="const_190">
<pin_list>
<pin id="191" dir="1" index="0" bw="1" slack="0"/>
</pin_list>
<bind>
<StgValue><ssdm name=""/></StgValue>
</bind>
</comp>

<comp id="192" class="1001" name="const_192">
<pin_list>
<pin id="193" dir="1" index="0" bw="1" slack="0"/>
</pin_list>
<bind>
<StgValue><ssdm name=""/></StgValue>
</bind>
</comp>

<comp id="194" class="1001" name="const_194">
<pin_list>
<pin id="195" dir="1" index="0" bw="1" slack="0"/>
</pin_list>
<bind>
<StgValue><ssdm name="_ssdm_op_BitConcatenate.i6.i3.i3"/></StgValue>
</bind>
</comp>

<comp id="196" class="1001" name="const_196">
<pin_list>
<pin id="197" dir="1" index="0" bw="1" slack="0"/>
</pin_list>
<bind>
<StgValue><ssdm name=""/></StgValue>
</bind>
</comp>

<comp id="198" class="1001" name="const_198">
<pin_list>
<pin id="199" dir="1" index="0" bw="1" slack="0"/>
</pin_list>
<bind>
<StgValue><ssdm name="_ssdm_op_ReadReq.m_axi.i64P1A"/></StgValue>
</bind>
</comp>

<comp id="200" class="1001" name="const_200">
<pin_list>
<pin id="201" dir="1" index="0" bw="1" slack="0"/>
</pin_list>
<bind>
<StgValue><ssdm name="_ssdm_op_PartSelect.i3.i6.i32.i32"/></StgValue>
</bind>
</comp>

<comp id="202" class="1001" name="const_202">
<pin_list>
<pin id="203" dir="1" index="0" bw="1" slack="0"/>
</pin_list>
<bind>
<StgValue><ssdm name=""/></StgValue>
</bind>
</comp>

<comp id="204" class="1001" name="const_204">
<pin_list>
<pin id="205" dir="1" index="0" bw="1" slack="0"/>
</pin_list>
<bind>
<StgValue><ssdm name="_ssdm_op_BitConcatenate.i8.i3.i3.i2"/></StgValue>
</bind>
</comp>

<comp id="206" class="1001" name="const_206">
<pin_list>
<pin id="207" dir="1" index="0" bw="1" slack="0"/>
</pin_list>
<bind>
<StgValue><ssdm name=""/></StgValue>
</bind>
</comp>

<comp id="208" class="1001" name="const_208">
<pin_list>
<pin id="209" dir="1" index="0" bw="1" slack="0"/>
</pin_list>
<bind>
<StgValue><ssdm name=""/></StgValue>
</bind>
</comp>

<comp id="210" class="1001" name="const_210">
<pin_list>
<pin id="211" dir="1" index="0" bw="1" slack="0"/>
</pin_list>
<bind>
<StgValue><ssdm name=""/></StgValue>
</bind>
</comp>

<comp id="212" class="1001" name="const_212">
<pin_list>
<pin id="213" dir="1" index="0" bw="1" slack="0"/>
</pin_list>
<bind>
<StgValue><ssdm name="_ssdm_op_Read.m_axi.i64P1A"/></StgValue>
</bind>
</comp>

<comp id="214" class="1001" name="const_214">
<pin_list>
<pin id="215" dir="1" index="0" bw="1" slack="2147483647"/>
</pin_list>
<bind>
<StgValue><ssdm name="_ssdm_op_SpecLoopName"/></StgValue>
</bind>
</comp>

<comp id="216" class="1001" name="const_216">
<pin_list>
<pin id="217" dir="1" index="0" bw="1" slack="2147483647"/>
</pin_list>
<bind>
<StgValue><ssdm name="READ_INIT_VITIS_LOOP_87_1_str"/></StgValue>
</bind>
</comp>

<comp id="218" class="1001" name="const_218">
<pin_list>
<pin id="219" dir="1" index="0" bw="1" slack="2147483647"/>
</pin_list>
<bind>
<StgValue><ssdm name="_ssdm_op_SpecLoopTripCount"/></StgValue>
</bind>
</comp>

<comp id="220" class="1001" name="const_220">
<pin_list>
<pin id="221" dir="1" index="0" bw="1" slack="2147483647"/>
</pin_list>
<bind>
<StgValue><ssdm name=""/></StgValue>
</bind>
</comp>

<comp id="222" class="1001" name="const_222">
<pin_list>
<pin id="223" dir="1" index="0" bw="1" slack="2147483647"/>
</pin_list>
<bind>
<StgValue><ssdm name="_ssdm_op_SpecPipeline"/></StgValue>
</bind>
</comp>

<comp id="224" class="1004" name="j_fu_224">
<pin_list>
<pin id="225" dir="0" index="0" bw="1" slack="0"/>
<pin id="226" dir="1" index="1" bw="3" slack="0"/>
</pin_list>
<bind>
<opcode="alloca(26) " fcode="alloca"/>
<opset="j/1 "/>
</bind>
</comp>

<comp id="228" class="1004" name="i_fu_228">
<pin_list>
<pin id="229" dir="0" index="0" bw="1" slack="0"/>
<pin id="230" dir="1" index="1" bw="3" slack="0"/>
</pin_list>
<bind>
<opcode="alloca(26) " fcode="alloca"/>
<opset="i/1 "/>
</bind>
</comp>

<comp id="232" class="1004" name="indvar_flatten_fu_232">
<pin_list>
<pin id="233" dir="0" index="0" bw="1" slack="0"/>
<pin id="234" dir="1" index="1" bw="5" slack="0"/>
</pin_list>
<bind>
<opcode="alloca(26) " fcode="alloca"/>
<opset="indvar_flatten/1 "/>
</bind>
</comp>

<comp id="236" class="1004" name="xor_ln85_read_read_fu_236">
<pin_list>
<pin id="237" dir="0" index="0" bw="3" slack="0"/>
<pin id="238" dir="0" index="1" bw="3" slack="0"/>
<pin id="239" dir="1" index="2" bw="3" slack="11"/>
</pin_list>
<bind>
<opcode="read(1150) " fcode="read"/>
<opset="xor_ln85_read/1 "/>
</bind>
</comp>

<comp id="242" class="1004" name="tmp_read_fu_242">
<pin_list>
<pin id="243" dir="0" index="0" bw="3" slack="0"/>
<pin id="244" dir="0" index="1" bw="3" slack="0"/>
<pin id="245" dir="1" index="2" bw="3" slack="10"/>
</pin_list>
<bind>
<opcode="read(1150) " fcode="read"/>
<opset="tmp/1 "/>
</bind>
</comp>

<comp id="248" class="1004" name="A_DRAM_read_read_fu_248">
<pin_list>
<pin id="249" dir="0" index="0" bw="64" slack="0"/>
<pin id="250" dir="0" index="1" bw="64" slack="0"/>
<pin id="251" dir="1" index="2" bw="64" slack="0"/>
</pin_list>
<bind>
<opcode="read(1150) " fcode="read"/>
<opset="A_DRAM_read/1 "/>
</bind>
</comp>

<comp id="254" class="1004" name="grp_readreq_fu_254">
<pin_list>
<pin id="255" dir="0" index="0" bw="1" slack="0"/>
<pin id="256" dir="0" index="1" bw="64" slack="0"/>
<pin id="257" dir="0" index="2" bw="1" slack="0"/>
<pin id="258" dir="1" index="3" bw="1" slack="2147483647"/>
</pin_list>
<bind>
<opcode="readreq(1154) " fcode="readreq"/>
<opset="memA_load_req/2 "/>
</bind>
</comp>

<comp id="261" class="1004" name="grp_readreq_fu_261">
<pin_list>
<pin id="262" dir="0" index="0" bw="1" slack="0"/>
<pin id="263" dir="0" index="1" bw="64" slack="0"/>
<pin id="264" dir="0" index="2" bw="1" slack="0"/>
<pin id="265" dir="1" index="3" bw="1" slack="2147483647"/>
</pin_list>
<bind>
<opcode="readreq(1154) " fcode="readreq"/>
<opset="memA_load_1_req/3 "/>
</bind>
</comp>

<comp id="268" class="1004" name="memA_addr_read_read_fu_268">
<pin_list>
<pin id="269" dir="0" index="0" bw="64" slack="0"/>
<pin id="270" dir="0" index="1" bw="64" slack="8"/>
<pin id="271" dir="1" index="2" bw="64" slack="1"/>
</pin_list>
<bind>
<opcode="read(1150) " fcode="read"/>
<opset="memA_addr_read/10 "/>
</bind>
</comp>

<comp id="273" class="1004" name="memA_addr_1_read_read_fu_273">
<pin_list>
<pin id="274" dir="0" index="0" bw="64" slack="0"/>
<pin id="275" dir="0" index="1" bw="64" slack="8"/>
<pin id="276" dir="1" index="2" bw="64" slack="1"/>
</pin_list>
<bind>
<opcode="read(1150) " fcode="read"/>
<opset="memA_addr_1_read/11 "/>
</bind>
</comp>

<comp id="278" class="1004" name="grp_fu_278">
<pin_list>
<pin id="279" dir="0" index="0" bw="2" slack="1"/>
<pin id="280" dir="0" index="1" bw="2" slack="0"/>
<pin id="281" dir="1" index="2" bw="1" slack="2147483647"/>
</pin_list>
<bind>
<opcode="icmp(45) " fcode="icmp"/>
<opset="icmp_ln105_6/2 icmp_ln105_5/2 "/>
</bind>
</comp>

<comp id="283" class="1004" name="store_ln0_store_fu_283">
<pin_list>
<pin id="284" dir="0" index="0" bw="32" slack="0"/>
<pin id="285" dir="0" index="1" bw="32" slack="0"/>
<pin id="286" dir="1" index="2" bw="0" slack="2147483647"/>
</pin_list>
<bind>
<opcode="store(28) " fcode="store"/>
<opset="store_ln0/1 "/>
</bind>
</comp>

<comp id="289" class="1004" name="store_ln0_store_fu_289">
<pin_list>
<pin id="290" dir="0" index="0" bw="32" slack="0"/>
<pin id="291" dir="0" index="1" bw="32" slack="0"/>
<pin id="292" dir="1" index="2" bw="0" slack="2147483647"/>
</pin_list>
<bind>
<opcode="store(28) " fcode="store"/>
<opset="store_ln0/1 "/>
</bind>
</comp>

<comp id="295" class="1004" name="store_ln0_store_fu_295">
<pin_list>
<pin id="296" dir="0" index="0" bw="32" slack="0"/>
<pin id="297" dir="0" index="1" bw="32" slack="0"/>
<pin id="298" dir="1" index="2" bw="0" slack="2147483647"/>
</pin_list>
<bind>
<opcode="store(28) " fcode="store"/>
<opset="store_ln0/1 "/>
</bind>
</comp>

<comp id="301" class="1004" name="store_ln0_store_fu_301">
<pin_list>
<pin id="302" dir="0" index="0" bw="32" slack="0"/>
<pin id="303" dir="0" index="1" bw="32" slack="0"/>
<pin id="304" dir="1" index="2" bw="0" slack="2147483647"/>
</pin_list>
<bind>
<opcode="store(28) " fcode="store"/>
<opset="store_ln0/1 "/>
</bind>
</comp>

<comp id="307" class="1004" name="store_ln0_store_fu_307">
<pin_list>
<pin id="308" dir="0" index="0" bw="32" slack="0"/>
<pin id="309" dir="0" index="1" bw="32" slack="0"/>
<pin id="310" dir="1" index="2" bw="0" slack="2147483647"/>
</pin_list>
<bind>
<opcode="store(28) " fcode="store"/>
<opset="store_ln0/1 "/>
</bind>
</comp>

<comp id="313" class="1004" name="store_ln0_store_fu_313">
<pin_list>
<pin id="314" dir="0" index="0" bw="32" slack="0"/>
<pin id="315" dir="0" index="1" bw="32" slack="0"/>
<pin id="316" dir="1" index="2" bw="0" slack="2147483647"/>
</pin_list>
<bind>
<opcode="store(28) " fcode="store"/>
<opset="store_ln0/1 "/>
</bind>
</comp>

<comp id="319" class="1004" name="store_ln0_store_fu_319">
<pin_list>
<pin id="320" dir="0" index="0" bw="32" slack="0"/>
<pin id="321" dir="0" index="1" bw="32" slack="0"/>
<pin id="322" dir="1" index="2" bw="0" slack="2147483647"/>
</pin_list>
<bind>
<opcode="store(28) " fcode="store"/>
<opset="store_ln0/1 "/>
</bind>
</comp>

<comp id="325" class="1004" name="store_ln0_store_fu_325">
<pin_list>
<pin id="326" dir="0" index="0" bw="32" slack="0"/>
<pin id="327" dir="0" index="1" bw="32" slack="0"/>
<pin id="328" dir="1" index="2" bw="0" slack="2147483647"/>
</pin_list>
<bind>
<opcode="store(28) " fcode="store"/>
<opset="store_ln0/1 "/>
</bind>
</comp>

<comp id="331" class="1004" name="store_ln0_store_fu_331">
<pin_list>
<pin id="332" dir="0" index="0" bw="32" slack="0"/>
<pin id="333" dir="0" index="1" bw="32" slack="0"/>
<pin id="334" dir="1" index="2" bw="0" slack="2147483647"/>
</pin_list>
<bind>
<opcode="store(28) " fcode="store"/>
<opset="store_ln0/1 "/>
</bind>
</comp>

<comp id="337" class="1004" name="store_ln0_store_fu_337">
<pin_list>
<pin id="338" dir="0" index="0" bw="32" slack="0"/>
<pin id="339" dir="0" index="1" bw="32" slack="0"/>
<pin id="340" dir="1" index="2" bw="0" slack="2147483647"/>
</pin_list>
<bind>
<opcode="store(28) " fcode="store"/>
<opset="store_ln0/1 "/>
</bind>
</comp>

<comp id="343" class="1004" name="store_ln0_store_fu_343">
<pin_list>
<pin id="344" dir="0" index="0" bw="32" slack="0"/>
<pin id="345" dir="0" index="1" bw="32" slack="0"/>
<pin id="346" dir="1" index="2" bw="0" slack="2147483647"/>
</pin_list>
<bind>
<opcode="store(28) " fcode="store"/>
<opset="store_ln0/1 "/>
</bind>
</comp>

<comp id="349" class="1004" name="store_ln0_store_fu_349">
<pin_list>
<pin id="350" dir="0" index="0" bw="32" slack="0"/>
<pin id="351" dir="0" index="1" bw="32" slack="0"/>
<pin id="352" dir="1" index="2" bw="0" slack="2147483647"/>
</pin_list>
<bind>
<opcode="store(28) " fcode="store"/>
<opset="store_ln0/1 "/>
</bind>
</comp>

<comp id="355" class="1004" name="store_ln0_store_fu_355">
<pin_list>
<pin id="356" dir="0" index="0" bw="32" slack="0"/>
<pin id="357" dir="0" index="1" bw="32" slack="0"/>
<pin id="358" dir="1" index="2" bw="0" slack="2147483647"/>
</pin_list>
<bind>
<opcode="store(28) " fcode="store"/>
<opset="store_ln0/1 "/>
</bind>
</comp>

<comp id="361" class="1004" name="store_ln0_store_fu_361">
<pin_list>
<pin id="362" dir="0" index="0" bw="32" slack="0"/>
<pin id="363" dir="0" index="1" bw="32" slack="0"/>
<pin id="364" dir="1" index="2" bw="0" slack="2147483647"/>
</pin_list>
<bind>
<opcode="store(28) " fcode="store"/>
<opset="store_ln0/1 "/>
</bind>
</comp>

<comp id="367" class="1004" name="store_ln0_store_fu_367">
<pin_list>
<pin id="368" dir="0" index="0" bw="32" slack="0"/>
<pin id="369" dir="0" index="1" bw="32" slack="0"/>
<pin id="370" dir="1" index="2" bw="0" slack="2147483647"/>
</pin_list>
<bind>
<opcode="store(28) " fcode="store"/>
<opset="store_ln0/1 "/>
</bind>
</comp>

<comp id="373" class="1004" name="store_ln0_store_fu_373">
<pin_list>
<pin id="374" dir="0" index="0" bw="32" slack="0"/>
<pin id="375" dir="0" index="1" bw="32" slack="0"/>
<pin id="376" dir="1" index="2" bw="0" slack="2147483647"/>
</pin_list>
<bind>
<opcode="store(28) " fcode="store"/>
<opset="store_ln0/1 "/>
</bind>
</comp>

<comp id="379" class="1004" name="store_ln0_store_fu_379">
<pin_list>
<pin id="380" dir="0" index="0" bw="32" slack="0"/>
<pin id="381" dir="0" index="1" bw="32" slack="0"/>
<pin id="382" dir="1" index="2" bw="0" slack="2147483647"/>
</pin_list>
<bind>
<opcode="store(28) " fcode="store"/>
<opset="store_ln0/1 "/>
</bind>
</comp>

<comp id="385" class="1004" name="store_ln0_store_fu_385">
<pin_list>
<pin id="386" dir="0" index="0" bw="32" slack="0"/>
<pin id="387" dir="0" index="1" bw="32" slack="0"/>
<pin id="388" dir="1" index="2" bw="0" slack="2147483647"/>
</pin_list>
<bind>
<opcode="store(28) " fcode="store"/>
<opset="store_ln0/1 "/>
</bind>
</comp>

<comp id="391" class="1004" name="store_ln0_store_fu_391">
<pin_list>
<pin id="392" dir="0" index="0" bw="32" slack="0"/>
<pin id="393" dir="0" index="1" bw="32" slack="0"/>
<pin id="394" dir="1" index="2" bw="0" slack="2147483647"/>
</pin_list>
<bind>
<opcode="store(28) " fcode="store"/>
<opset="store_ln0/1 "/>
</bind>
</comp>

<comp id="397" class="1004" name="store_ln0_store_fu_397">
<pin_list>
<pin id="398" dir="0" index="0" bw="32" slack="0"/>
<pin id="399" dir="0" index="1" bw="32" slack="0"/>
<pin id="400" dir="1" index="2" bw="0" slack="2147483647"/>
</pin_list>
<bind>
<opcode="store(28) " fcode="store"/>
<opset="store_ln0/1 "/>
</bind>
</comp>

<comp id="403" class="1004" name="store_ln0_store_fu_403">
<pin_list>
<pin id="404" dir="0" index="0" bw="32" slack="0"/>
<pin id="405" dir="0" index="1" bw="32" slack="0"/>
<pin id="406" dir="1" index="2" bw="0" slack="2147483647"/>
</pin_list>
<bind>
<opcode="store(28) " fcode="store"/>
<opset="store_ln0/1 "/>
</bind>
</comp>

<comp id="409" class="1004" name="store_ln0_store_fu_409">
<pin_list>
<pin id="410" dir="0" index="0" bw="32" slack="0"/>
<pin id="411" dir="0" index="1" bw="32" slack="0"/>
<pin id="412" dir="1" index="2" bw="0" slack="2147483647"/>
</pin_list>
<bind>
<opcode="store(28) " fcode="store"/>
<opset="store_ln0/1 "/>
</bind>
</comp>

<comp id="415" class="1004" name="store_ln0_store_fu_415">
<pin_list>
<pin id="416" dir="0" index="0" bw="32" slack="0"/>
<pin id="417" dir="0" index="1" bw="32" slack="0"/>
<pin id="418" dir="1" index="2" bw="0" slack="2147483647"/>
</pin_list>
<bind>
<opcode="store(28) " fcode="store"/>
<opset="store_ln0/1 "/>
</bind>
</comp>

<comp id="421" class="1004" name="store_ln0_store_fu_421">
<pin_list>
<pin id="422" dir="0" index="0" bw="32" slack="0"/>
<pin id="423" dir="0" index="1" bw="32" slack="0"/>
<pin id="424" dir="1" index="2" bw="0" slack="2147483647"/>
</pin_list>
<bind>
<opcode="store(28) " fcode="store"/>
<opset="store_ln0/1 "/>
</bind>
</comp>

<comp id="427" class="1004" name="store_ln0_store_fu_427">
<pin_list>
<pin id="428" dir="0" index="0" bw="32" slack="0"/>
<pin id="429" dir="0" index="1" bw="32" slack="0"/>
<pin id="430" dir="1" index="2" bw="0" slack="2147483647"/>
</pin_list>
<bind>
<opcode="store(28) " fcode="store"/>
<opset="store_ln0/1 "/>
</bind>
</comp>

<comp id="433" class="1004" name="store_ln0_store_fu_433">
<pin_list>
<pin id="434" dir="0" index="0" bw="32" slack="0"/>
<pin id="435" dir="0" index="1" bw="32" slack="0"/>
<pin id="436" dir="1" index="2" bw="0" slack="2147483647"/>
</pin_list>
<bind>
<opcode="store(28) " fcode="store"/>
<opset="store_ln0/1 "/>
</bind>
</comp>

<comp id="439" class="1004" name="store_ln0_store_fu_439">
<pin_list>
<pin id="440" dir="0" index="0" bw="32" slack="0"/>
<pin id="441" dir="0" index="1" bw="32" slack="0"/>
<pin id="442" dir="1" index="2" bw="0" slack="2147483647"/>
</pin_list>
<bind>
<opcode="store(28) " fcode="store"/>
<opset="store_ln0/1 "/>
</bind>
</comp>

<comp id="445" class="1004" name="store_ln0_store_fu_445">
<pin_list>
<pin id="446" dir="0" index="0" bw="32" slack="0"/>
<pin id="447" dir="0" index="1" bw="32" slack="0"/>
<pin id="448" dir="1" index="2" bw="0" slack="2147483647"/>
</pin_list>
<bind>
<opcode="store(28) " fcode="store"/>
<opset="store_ln0/1 "/>
</bind>
</comp>

<comp id="451" class="1004" name="store_ln0_store_fu_451">
<pin_list>
<pin id="452" dir="0" index="0" bw="32" slack="0"/>
<pin id="453" dir="0" index="1" bw="32" slack="0"/>
<pin id="454" dir="1" index="2" bw="0" slack="2147483647"/>
</pin_list>
<bind>
<opcode="store(28) " fcode="store"/>
<opset="store_ln0/1 "/>
</bind>
</comp>

<comp id="457" class="1004" name="store_ln0_store_fu_457">
<pin_list>
<pin id="458" dir="0" index="0" bw="32" slack="0"/>
<pin id="459" dir="0" index="1" bw="32" slack="0"/>
<pin id="460" dir="1" index="2" bw="0" slack="2147483647"/>
</pin_list>
<bind>
<opcode="store(28) " fcode="store"/>
<opset="store_ln0/1 "/>
</bind>
</comp>

<comp id="463" class="1004" name="store_ln0_store_fu_463">
<pin_list>
<pin id="464" dir="0" index="0" bw="32" slack="0"/>
<pin id="465" dir="0" index="1" bw="32" slack="0"/>
<pin id="466" dir="1" index="2" bw="0" slack="2147483647"/>
</pin_list>
<bind>
<opcode="store(28) " fcode="store"/>
<opset="store_ln0/1 "/>
</bind>
</comp>

<comp id="469" class="1004" name="store_ln0_store_fu_469">
<pin_list>
<pin id="470" dir="0" index="0" bw="32" slack="0"/>
<pin id="471" dir="0" index="1" bw="32" slack="0"/>
<pin id="472" dir="1" index="2" bw="0" slack="2147483647"/>
</pin_list>
<bind>
<opcode="store(28) " fcode="store"/>
<opset="store_ln0/1 "/>
</bind>
</comp>

<comp id="475" class="1004" name="store_ln0_store_fu_475">
<pin_list>
<pin id="476" dir="0" index="0" bw="32" slack="0"/>
<pin id="477" dir="0" index="1" bw="32" slack="0"/>
<pin id="478" dir="1" index="2" bw="0" slack="2147483647"/>
</pin_list>
<bind>
<opcode="store(28) " fcode="store"/>
<opset="store_ln0/1 "/>
</bind>
</comp>

<comp id="481" class="1004" name="store_ln0_store_fu_481">
<pin_list>
<pin id="482" dir="0" index="0" bw="32" slack="0"/>
<pin id="483" dir="0" index="1" bw="32" slack="0"/>
<pin id="484" dir="1" index="2" bw="0" slack="2147483647"/>
</pin_list>
<bind>
<opcode="store(28) " fcode="store"/>
<opset="store_ln0/1 "/>
</bind>
</comp>

<comp id="487" class="1004" name="store_ln0_store_fu_487">
<pin_list>
<pin id="488" dir="0" index="0" bw="32" slack="0"/>
<pin id="489" dir="0" index="1" bw="32" slack="0"/>
<pin id="490" dir="1" index="2" bw="0" slack="2147483647"/>
</pin_list>
<bind>
<opcode="store(28) " fcode="store"/>
<opset="store_ln0/1 "/>
</bind>
</comp>

<comp id="493" class="1004" name="store_ln0_store_fu_493">
<pin_list>
<pin id="494" dir="0" index="0" bw="32" slack="0"/>
<pin id="495" dir="0" index="1" bw="32" slack="0"/>
<pin id="496" dir="1" index="2" bw="0" slack="2147483647"/>
</pin_list>
<bind>
<opcode="store(28) " fcode="store"/>
<opset="store_ln0/1 "/>
</bind>
</comp>

<comp id="499" class="1004" name="store_ln0_store_fu_499">
<pin_list>
<pin id="500" dir="0" index="0" bw="32" slack="0"/>
<pin id="501" dir="0" index="1" bw="32" slack="0"/>
<pin id="502" dir="1" index="2" bw="0" slack="2147483647"/>
</pin_list>
<bind>
<opcode="store(28) " fcode="store"/>
<opset="store_ln0/1 "/>
</bind>
</comp>

<comp id="505" class="1004" name="store_ln0_store_fu_505">
<pin_list>
<pin id="506" dir="0" index="0" bw="32" slack="0"/>
<pin id="507" dir="0" index="1" bw="32" slack="0"/>
<pin id="508" dir="1" index="2" bw="0" slack="2147483647"/>
</pin_list>
<bind>
<opcode="store(28) " fcode="store"/>
<opset="store_ln0/1 "/>
</bind>
</comp>

<comp id="511" class="1004" name="store_ln0_store_fu_511">
<pin_list>
<pin id="512" dir="0" index="0" bw="32" slack="0"/>
<pin id="513" dir="0" index="1" bw="32" slack="0"/>
<pin id="514" dir="1" index="2" bw="0" slack="2147483647"/>
</pin_list>
<bind>
<opcode="store(28) " fcode="store"/>
<opset="store_ln0/1 "/>
</bind>
</comp>

<comp id="517" class="1004" name="store_ln0_store_fu_517">
<pin_list>
<pin id="518" dir="0" index="0" bw="32" slack="0"/>
<pin id="519" dir="0" index="1" bw="32" slack="0"/>
<pin id="520" dir="1" index="2" bw="0" slack="2147483647"/>
</pin_list>
<bind>
<opcode="store(28) " fcode="store"/>
<opset="store_ln0/1 "/>
</bind>
</comp>

<comp id="523" class="1004" name="store_ln0_store_fu_523">
<pin_list>
<pin id="524" dir="0" index="0" bw="32" slack="0"/>
<pin id="525" dir="0" index="1" bw="32" slack="0"/>
<pin id="526" dir="1" index="2" bw="0" slack="2147483647"/>
</pin_list>
<bind>
<opcode="store(28) " fcode="store"/>
<opset="store_ln0/1 "/>
</bind>
</comp>

<comp id="529" class="1004" name="store_ln0_store_fu_529">
<pin_list>
<pin id="530" dir="0" index="0" bw="32" slack="0"/>
<pin id="531" dir="0" index="1" bw="32" slack="0"/>
<pin id="532" dir="1" index="2" bw="0" slack="2147483647"/>
</pin_list>
<bind>
<opcode="store(28) " fcode="store"/>
<opset="store_ln0/1 "/>
</bind>
</comp>

<comp id="535" class="1004" name="store_ln0_store_fu_535">
<pin_list>
<pin id="536" dir="0" index="0" bw="32" slack="0"/>
<pin id="537" dir="0" index="1" bw="32" slack="0"/>
<pin id="538" dir="1" index="2" bw="0" slack="2147483647"/>
</pin_list>
<bind>
<opcode="store(28) " fcode="store"/>
<opset="store_ln0/1 "/>
</bind>
</comp>

<comp id="541" class="1004" name="store_ln0_store_fu_541">
<pin_list>
<pin id="542" dir="0" index="0" bw="32" slack="0"/>
<pin id="543" dir="0" index="1" bw="32" slack="0"/>
<pin id="544" dir="1" index="2" bw="0" slack="2147483647"/>
</pin_list>
<bind>
<opcode="store(28) " fcode="store"/>
<opset="store_ln0/1 "/>
</bind>
</comp>

<comp id="547" class="1004" name="store_ln0_store_fu_547">
<pin_list>
<pin id="548" dir="0" index="0" bw="32" slack="0"/>
<pin id="549" dir="0" index="1" bw="32" slack="0"/>
<pin id="550" dir="1" index="2" bw="0" slack="2147483647"/>
</pin_list>
<bind>
<opcode="store(28) " fcode="store"/>
<opset="store_ln0/1 "/>
</bind>
</comp>

<comp id="553" class="1004" name="store_ln0_store_fu_553">
<pin_list>
<pin id="554" dir="0" index="0" bw="32" slack="0"/>
<pin id="555" dir="0" index="1" bw="32" slack="0"/>
<pin id="556" dir="1" index="2" bw="0" slack="2147483647"/>
</pin_list>
<bind>
<opcode="store(28) " fcode="store"/>
<opset="store_ln0/1 "/>
</bind>
</comp>

<comp id="559" class="1004" name="store_ln0_store_fu_559">
<pin_list>
<pin id="560" dir="0" index="0" bw="32" slack="0"/>
<pin id="561" dir="0" index="1" bw="32" slack="0"/>
<pin id="562" dir="1" index="2" bw="0" slack="2147483647"/>
</pin_list>
<bind>
<opcode="store(28) " fcode="store"/>
<opset="store_ln0/1 "/>
</bind>
</comp>

<comp id="565" class="1004" name="store_ln0_store_fu_565">
<pin_list>
<pin id="566" dir="0" index="0" bw="32" slack="0"/>
<pin id="567" dir="0" index="1" bw="32" slack="0"/>
<pin id="568" dir="1" index="2" bw="0" slack="2147483647"/>
</pin_list>
<bind>
<opcode="store(28) " fcode="store"/>
<opset="store_ln0/1 "/>
</bind>
</comp>

<comp id="571" class="1004" name="store_ln0_store_fu_571">
<pin_list>
<pin id="572" dir="0" index="0" bw="32" slack="0"/>
<pin id="573" dir="0" index="1" bw="32" slack="0"/>
<pin id="574" dir="1" index="2" bw="0" slack="2147483647"/>
</pin_list>
<bind>
<opcode="store(28) " fcode="store"/>
<opset="store_ln0/1 "/>
</bind>
</comp>

<comp id="577" class="1004" name="store_ln0_store_fu_577">
<pin_list>
<pin id="578" dir="0" index="0" bw="32" slack="0"/>
<pin id="579" dir="0" index="1" bw="32" slack="0"/>
<pin id="580" dir="1" index="2" bw="0" slack="2147483647"/>
</pin_list>
<bind>
<opcode="store(28) " fcode="store"/>
<opset="store_ln0/1 "/>
</bind>
</comp>

<comp id="583" class="1004" name="store_ln0_store_fu_583">
<pin_list>
<pin id="584" dir="0" index="0" bw="32" slack="0"/>
<pin id="585" dir="0" index="1" bw="32" slack="0"/>
<pin id="586" dir="1" index="2" bw="0" slack="2147483647"/>
</pin_list>
<bind>
<opcode="store(28) " fcode="store"/>
<opset="store_ln0/1 "/>
</bind>
</comp>

<comp id="589" class="1004" name="store_ln0_store_fu_589">
<pin_list>
<pin id="590" dir="0" index="0" bw="32" slack="0"/>
<pin id="591" dir="0" index="1" bw="32" slack="0"/>
<pin id="592" dir="1" index="2" bw="0" slack="2147483647"/>
</pin_list>
<bind>
<opcode="store(28) " fcode="store"/>
<opset="store_ln0/1 "/>
</bind>
</comp>

<comp id="595" class="1004" name="store_ln0_store_fu_595">
<pin_list>
<pin id="596" dir="0" index="0" bw="32" slack="0"/>
<pin id="597" dir="0" index="1" bw="32" slack="0"/>
<pin id="598" dir="1" index="2" bw="0" slack="2147483647"/>
</pin_list>
<bind>
<opcode="store(28) " fcode="store"/>
<opset="store_ln0/1 "/>
</bind>
</comp>

<comp id="601" class="1004" name="store_ln0_store_fu_601">
<pin_list>
<pin id="602" dir="0" index="0" bw="32" slack="0"/>
<pin id="603" dir="0" index="1" bw="32" slack="0"/>
<pin id="604" dir="1" index="2" bw="0" slack="2147483647"/>
</pin_list>
<bind>
<opcode="store(28) " fcode="store"/>
<opset="store_ln0/1 "/>
</bind>
</comp>

<comp id="607" class="1004" name="store_ln0_store_fu_607">
<pin_list>
<pin id="608" dir="0" index="0" bw="32" slack="0"/>
<pin id="609" dir="0" index="1" bw="32" slack="0"/>
<pin id="610" dir="1" index="2" bw="0" slack="2147483647"/>
</pin_list>
<bind>
<opcode="store(28) " fcode="store"/>
<opset="store_ln0/1 "/>
</bind>
</comp>

<comp id="613" class="1004" name="store_ln0_store_fu_613">
<pin_list>
<pin id="614" dir="0" index="0" bw="32" slack="0"/>
<pin id="615" dir="0" index="1" bw="32" slack="0"/>
<pin id="616" dir="1" index="2" bw="0" slack="2147483647"/>
</pin_list>
<bind>
<opcode="store(28) " fcode="store"/>
<opset="store_ln0/1 "/>
</bind>
</comp>

<comp id="619" class="1004" name="store_ln0_store_fu_619">
<pin_list>
<pin id="620" dir="0" index="0" bw="32" slack="0"/>
<pin id="621" dir="0" index="1" bw="32" slack="0"/>
<pin id="622" dir="1" index="2" bw="0" slack="2147483647"/>
</pin_list>
<bind>
<opcode="store(28) " fcode="store"/>
<opset="store_ln0/1 "/>
</bind>
</comp>

<comp id="625" class="1004" name="store_ln0_store_fu_625">
<pin_list>
<pin id="626" dir="0" index="0" bw="32" slack="0"/>
<pin id="627" dir="0" index="1" bw="32" slack="0"/>
<pin id="628" dir="1" index="2" bw="0" slack="2147483647"/>
</pin_list>
<bind>
<opcode="store(28) " fcode="store"/>
<opset="store_ln0/1 "/>
</bind>
</comp>

<comp id="631" class="1004" name="store_ln0_store_fu_631">
<pin_list>
<pin id="632" dir="0" index="0" bw="32" slack="0"/>
<pin id="633" dir="0" index="1" bw="32" slack="0"/>
<pin id="634" dir="1" index="2" bw="0" slack="2147483647"/>
</pin_list>
<bind>
<opcode="store(28) " fcode="store"/>
<opset="store_ln0/1 "/>
</bind>
</comp>

<comp id="637" class="1004" name="store_ln0_store_fu_637">
<pin_list>
<pin id="638" dir="0" index="0" bw="32" slack="0"/>
<pin id="639" dir="0" index="1" bw="32" slack="0"/>
<pin id="640" dir="1" index="2" bw="0" slack="2147483647"/>
</pin_list>
<bind>
<opcode="store(28) " fcode="store"/>
<opset="store_ln0/1 "/>
</bind>
</comp>

<comp id="643" class="1004" name="store_ln0_store_fu_643">
<pin_list>
<pin id="644" dir="0" index="0" bw="32" slack="0"/>
<pin id="645" dir="0" index="1" bw="32" slack="0"/>
<pin id="646" dir="1" index="2" bw="0" slack="2147483647"/>
</pin_list>
<bind>
<opcode="store(28) " fcode="store"/>
<opset="store_ln0/1 "/>
</bind>
</comp>

<comp id="649" class="1004" name="store_ln0_store_fu_649">
<pin_list>
<pin id="650" dir="0" index="0" bw="32" slack="0"/>
<pin id="651" dir="0" index="1" bw="32" slack="0"/>
<pin id="652" dir="1" index="2" bw="0" slack="2147483647"/>
</pin_list>
<bind>
<opcode="store(28) " fcode="store"/>
<opset="store_ln0/1 "/>
</bind>
</comp>

<comp id="655" class="1004" name="store_ln0_store_fu_655">
<pin_list>
<pin id="656" dir="0" index="0" bw="32" slack="0"/>
<pin id="657" dir="0" index="1" bw="32" slack="0"/>
<pin id="658" dir="1" index="2" bw="0" slack="2147483647"/>
</pin_list>
<bind>
<opcode="store(28) " fcode="store"/>
<opset="store_ln0/1 "/>
</bind>
</comp>

<comp id="661" class="1004" name="store_ln0_store_fu_661">
<pin_list>
<pin id="662" dir="0" index="0" bw="1" slack="0"/>
<pin id="663" dir="0" index="1" bw="5" slack="0"/>
<pin id="664" dir="1" index="2" bw="0" slack="2147483647"/>
</pin_list>
<bind>
<opcode="store(28) " fcode="store"/>
<opset="store_ln0/1 "/>
</bind>
</comp>

<comp id="666" class="1004" name="store_ln85_store_fu_666">
<pin_list>
<pin id="667" dir="0" index="0" bw="1" slack="0"/>
<pin id="668" dir="0" index="1" bw="3" slack="0"/>
<pin id="669" dir="1" index="2" bw="0" slack="2147483647"/>
</pin_list>
<bind>
<opcode="store(28) " fcode="store"/>
<opset="store_ln85/1 "/>
</bind>
</comp>

<comp id="671" class="1004" name="store_ln87_store_fu_671">
<pin_list>
<pin id="672" dir="0" index="0" bw="1" slack="0"/>
<pin id="673" dir="0" index="1" bw="3" slack="0"/>
<pin id="674" dir="1" index="2" bw="0" slack="2147483647"/>
</pin_list>
<bind>
<opcode="store(28) " fcode="store"/>
<opset="store_ln87/1 "/>
</bind>
</comp>

<comp id="676" class="1004" name="indvar_flatten_load_load_fu_676">
<pin_list>
<pin id="677" dir="0" index="0" bw="5" slack="0"/>
<pin id="678" dir="1" index="1" bw="5" slack="0"/>
</pin_list>
<bind>
<opcode="load(27) " fcode="load"/>
<opset="indvar_flatten_load/1 "/>
</bind>
</comp>

<comp id="679" class="1004" name="icmp_ln85_fu_679">
<pin_list>
<pin id="680" dir="0" index="0" bw="5" slack="0"/>
<pin id="681" dir="0" index="1" bw="5" slack="0"/>
<pin id="682" dir="1" index="2" bw="1" slack="1"/>
</pin_list>
<bind>
<opcode="icmp(45) " fcode="icmp"/>
<opset="icmp_ln85/1 "/>
</bind>
</comp>

<comp id="685" class="1004" name="add_ln85_fu_685">
<pin_list>
<pin id="686" dir="0" index="0" bw="5" slack="0"/>
<pin id="687" dir="0" index="1" bw="1" slack="0"/>
<pin id="688" dir="1" index="2" bw="5" slack="0"/>
</pin_list>
<bind>
<opcode="add(8) " fcode="add"/>
<opset="add_ln85/1 "/>
</bind>
</comp>

<comp id="691" class="1004" name="j_load_load_fu_691">
<pin_list>
<pin id="692" dir="0" index="0" bw="3" slack="0"/>
<pin id="693" dir="1" index="1" bw="3" slack="0"/>
</pin_list>
<bind>
<opcode="load(27) " fcode="load"/>
<opset="j_load/1 "/>
</bind>
</comp>

<comp id="694" class="1004" name="i_load_load_fu_694">
<pin_list>
<pin id="695" dir="0" index="0" bw="3" slack="0"/>
<pin id="696" dir="1" index="1" bw="3" slack="0"/>
</pin_list>
<bind>
<opcode="load(27) " fcode="load"/>
<opset="i_load/1 "/>
</bind>
</comp>

<comp id="697" class="1004" name="icmp_ln87_fu_697">
<pin_list>
<pin id="698" dir="0" index="0" bw="3" slack="0"/>
<pin id="699" dir="0" index="1" bw="3" slack="0"/>
<pin id="700" dir="1" index="2" bw="1" slack="0"/>
</pin_list>
<bind>
<opcode="icmp(45) " fcode="icmp"/>
<opset="icmp_ln87/1 "/>
</bind>
</comp>

<comp id="703" class="1004" name="select_ln85_fu_703">
<pin_list>
<pin id="704" dir="0" index="0" bw="1" slack="0"/>
<pin id="705" dir="0" index="1" bw="3" slack="0"/>
<pin id="706" dir="0" index="2" bw="3" slack="0"/>
<pin id="707" dir="1" index="3" bw="3" slack="0"/>
</pin_list>
<bind>
<opcode="select(49) " fcode="select"/>
<opset="select_ln85/1 "/>
</bind>
</comp>

<comp id="711" class="1004" name="add_ln85_1_fu_711">
<pin_list>
<pin id="712" dir="0" index="0" bw="3" slack="0"/>
<pin id="713" dir="0" index="1" bw="1" slack="0"/>
<pin id="714" dir="1" index="2" bw="3" slack="0"/>
</pin_list>
<bind>
<opcode="add(8) " fcode="add"/>
<opset="add_ln85_1/1 "/>
</bind>
</comp>

<comp id="717" class="1004" name="select_ln85_1_fu_717">
<pin_list>
<pin id="718" dir="0" index="0" bw="1" slack="0"/>
<pin id="719" dir="0" index="1" bw="3" slack="0"/>
<pin id="720" dir="0" index="2" bw="3" slack="0"/>
<pin id="721" dir="1" index="3" bw="3" slack="0"/>
</pin_list>
<bind>
<opcode="select(49) " fcode="select"/>
<opset="select_ln85_1/1 "/>
</bind>
</comp>

<comp id="725" class="1004" name="trunc_ln87_fu_725">
<pin_list>
<pin id="726" dir="0" index="0" bw="3" slack="0"/>
<pin id="727" dir="1" index="1" bw="2" slack="0"/>
</pin_list>
<bind>
<opcode="trunc(33) " fcode="trunc"/>
<opset="trunc_ln87/1 "/>
</bind>
</comp>

<comp id="729" class="1004" name="shl_ln91_2_fu_729">
<pin_list>
<pin id="730" dir="0" index="0" bw="8" slack="0"/>
<pin id="731" dir="0" index="1" bw="3" slack="0"/>
<pin id="732" dir="0" index="2" bw="2" slack="0"/>
<pin id="733" dir="0" index="3" bw="1" slack="0"/>
<pin id="734" dir="1" index="4" bw="8" slack="0"/>
</pin_list>
<bind>
<opcode="bitconcatenate(1004) " fcode="bitconcatenate"/>
<opset="shl_ln91_2/1 "/>
</bind>
</comp>

<comp id="739" class="1004" name="zext_ln91_fu_739">
<pin_list>
<pin id="740" dir="0" index="0" bw="8" slack="0"/>
<pin id="741" dir="1" index="1" bw="64" slack="0"/>
</pin_list>
<bind>
<opcode="zext(34) " fcode="zext"/>
<opset="zext_ln91/1 "/>
</bind>
</comp>

<comp id="743" class="1004" name="add_ln91_fu_743">
<pin_list>
<pin id="744" dir="0" index="0" bw="8" slack="0"/>
<pin id="745" dir="0" index="1" bw="64" slack="0"/>
<pin id="746" dir="1" index="2" bw="64" slack="0"/>
</pin_list>
<bind>
<opcode="add(8) " fcode="add"/>
<opset="add_ln91/1 "/>
</bind>
</comp>

<comp id="749" class="1004" name="trunc_ln91_2_fu_749">
<pin_list>
<pin id="750" dir="0" index="0" bw="61" slack="0"/>
<pin id="751" dir="0" index="1" bw="64" slack="0"/>
<pin id="752" dir="0" index="2" bw="3" slack="0"/>
<pin id="753" dir="0" index="3" bw="7" slack="0"/>
<pin id="754" dir="1" index="4" bw="61" slack="1"/>
</pin_list>
<bind>
<opcode="partselect(1002) " fcode="partselect"/>
<opset="trunc_ln91_2/1 "/>
</bind>
</comp>

<comp id="759" class="1004" name="add_ln87_fu_759">
<pin_list>
<pin id="760" dir="0" index="0" bw="3" slack="0"/>
<pin id="761" dir="0" index="1" bw="1" slack="0"/>
<pin id="762" dir="1" index="2" bw="3" slack="0"/>
</pin_list>
<bind>
<opcode="add(8) " fcode="add"/>
<opset="add_ln87/1 "/>
</bind>
</comp>

<comp id="765" class="1004" name="store_ln85_store_fu_765">
<pin_list>
<pin id="766" dir="0" index="0" bw="5" slack="0"/>
<pin id="767" dir="0" index="1" bw="5" slack="0"/>
<pin id="768" dir="1" index="2" bw="0" slack="2147483647"/>
</pin_list>
<bind>
<opcode="store(28) " fcode="store"/>
<opset="store_ln85/1 "/>
</bind>
</comp>

<comp id="770" class="1004" name="store_ln85_store_fu_770">
<pin_list>
<pin id="771" dir="0" index="0" bw="3" slack="0"/>
<pin id="772" dir="0" index="1" bw="3" slack="0"/>
<pin id="773" dir="1" index="2" bw="0" slack="2147483647"/>
</pin_list>
<bind>
<opcode="store(28) " fcode="store"/>
<opset="store_ln85/1 "/>
</bind>
</comp>

<comp id="775" class="1004" name="store_ln87_store_fu_775">
<pin_list>
<pin id="776" dir="0" index="0" bw="3" slack="0"/>
<pin id="777" dir="0" index="1" bw="3" slack="0"/>
<pin id="778" dir="1" index="2" bw="0" slack="2147483647"/>
</pin_list>
<bind>
<opcode="store(28) " fcode="store"/>
<opset="store_ln87/1 "/>
</bind>
</comp>

<comp id="780" class="1004" name="shl_ln_fu_780">
<pin_list>
<pin id="781" dir="0" index="0" bw="6" slack="0"/>
<pin id="782" dir="0" index="1" bw="3" slack="1"/>
<pin id="783" dir="0" index="2" bw="1" slack="0"/>
<pin id="784" dir="1" index="3" bw="6" slack="0"/>
</pin_list>
<bind>
<opcode="bitconcatenate(1004) " fcode="bitconcatenate"/>
<opset="shl_ln/2 "/>
</bind>
</comp>

<comp id="787" class="1004" name="or_ln87_fu_787">
<pin_list>
<pin id="788" dir="0" index="0" bw="6" slack="0"/>
<pin id="789" dir="0" index="1" bw="6" slack="0"/>
<pin id="790" dir="1" index="2" bw="6" slack="0"/>
</pin_list>
<bind>
<opcode="or(24) " fcode="or"/>
<opset="or_ln87/2 "/>
</bind>
</comp>

<comp id="793" class="1004" name="shl_ln87_fu_793">
<pin_list>
<pin id="794" dir="0" index="0" bw="3" slack="1"/>
<pin id="795" dir="0" index="1" bw="1" slack="0"/>
<pin id="796" dir="1" index="2" bw="3" slack="0"/>
</pin_list>
<bind>
<opcode="shl(20) " fcode="shl"/>
<opset="shl_ln87/2 "/>
</bind>
</comp>

<comp id="798" class="1004" name="sext_ln91_fu_798">
<pin_list>
<pin id="799" dir="0" index="0" bw="61" slack="1"/>
<pin id="800" dir="1" index="1" bw="64" slack="0"/>
</pin_list>
<bind>
<opcode="sext(35) " fcode="sext"/>
<opset="sext_ln91/2 "/>
</bind>
</comp>

<comp id="801" class="1004" name="memA_addr_fu_801">
<pin_list>
<pin id="802" dir="0" index="0" bw="64" slack="0"/>
<pin id="803" dir="0" index="1" bw="64" slack="0"/>
<pin id="804" dir="1" index="2" bw="64" slack="0"/>
</pin_list>
<bind>
<opcode="getelementptr(29) " fcode="getelementptr"/>
<opset="memA_addr/2 "/>
</bind>
</comp>

<comp id="808" class="1004" name="or_ln91_fu_808">
<pin_list>
<pin id="809" dir="0" index="0" bw="3" slack="0"/>
<pin id="810" dir="0" index="1" bw="3" slack="0"/>
<pin id="811" dir="1" index="2" bw="3" slack="0"/>
</pin_list>
<bind>
<opcode="or(24) " fcode="or"/>
<opset="or_ln91/2 "/>
</bind>
</comp>

<comp id="814" class="1004" name="tmp_s_fu_814">
<pin_list>
<pin id="815" dir="0" index="0" bw="3" slack="0"/>
<pin id="816" dir="0" index="1" bw="6" slack="0"/>
<pin id="817" dir="0" index="2" bw="3" slack="0"/>
<pin id="818" dir="0" index="3" bw="4" slack="0"/>
<pin id="819" dir="1" index="4" bw="3" slack="0"/>
</pin_list>
<bind>
<opcode="partselect(1002) " fcode="partselect"/>
<opset="tmp_s/2 "/>
</bind>
</comp>

<comp id="824" class="1004" name="tmp_58_fu_824">
<pin_list>
<pin id="825" dir="0" index="0" bw="8" slack="0"/>
<pin id="826" dir="0" index="1" bw="3" slack="0"/>
<pin id="827" dir="0" index="2" bw="3" slack="0"/>
<pin id="828" dir="0" index="3" bw="1" slack="0"/>
<pin id="829" dir="1" index="4" bw="8" slack="0"/>
</pin_list>
<bind>
<opcode="bitconcatenate(1004) " fcode="bitconcatenate"/>
<opset="tmp_58/2 "/>
</bind>
</comp>

<comp id="834" class="1004" name="zext_ln91_2_fu_834">
<pin_list>
<pin id="835" dir="0" index="0" bw="8" slack="0"/>
<pin id="836" dir="1" index="1" bw="64" slack="0"/>
</pin_list>
<bind>
<opcode="zext(34) " fcode="zext"/>
<opset="zext_ln91_2/2 "/>
</bind>
</comp>

<comp id="838" class="1004" name="add_ln91_1_fu_838">
<pin_list>
<pin id="839" dir="0" index="0" bw="8" slack="0"/>
<pin id="840" dir="0" index="1" bw="64" slack="1"/>
<pin id="841" dir="1" index="2" bw="64" slack="0"/>
</pin_list>
<bind>
<opcode="add(8) " fcode="add"/>
<opset="add_ln91_1/2 "/>
</bind>
</comp>

<comp id="843" class="1004" name="trunc_ln91_3_fu_843">
<pin_list>
<pin id="844" dir="0" index="0" bw="61" slack="0"/>
<pin id="845" dir="0" index="1" bw="64" slack="0"/>
<pin id="846" dir="0" index="2" bw="3" slack="0"/>
<pin id="847" dir="0" index="3" bw="7" slack="0"/>
<pin id="848" dir="1" index="4" bw="61" slack="1"/>
</pin_list>
<bind>
<opcode="partselect(1002) " fcode="partselect"/>
<opset="trunc_ln91_3/2 "/>
</bind>
</comp>

<comp id="853" class="1004" name="icmp_ln98_fu_853">
<pin_list>
<pin id="854" dir="0" index="0" bw="3" slack="1"/>
<pin id="855" dir="0" index="1" bw="3" slack="1"/>
<pin id="856" dir="1" index="2" bw="1" slack="2"/>
</pin_list>
<bind>
<opcode="icmp(45) " fcode="icmp"/>
<opset="icmp_ln98/2 "/>
</bind>
</comp>

<comp id="857" class="1004" name="mux_case_14563696_out_load_load_fu_857">
<pin_list>
<pin id="858" dir="0" index="0" bw="32" slack="0"/>
<pin id="859" dir="1" index="1" bw="32" slack="0"/>
</pin_list>
<bind>
<opcode="load(27) " fcode="load"/>
<opset="mux_case_14563696_out_load/2 "/>
</bind>
</comp>

<comp id="861" class="1004" name="icmp_ln105_4_fu_861">
<pin_list>
<pin id="862" dir="0" index="0" bw="2" slack="1"/>
<pin id="863" dir="0" index="1" bw="2" slack="0"/>
<pin id="864" dir="1" index="2" bw="1" slack="0"/>
</pin_list>
<bind>
<opcode="icmp(45) " fcode="icmp"/>
<opset="icmp_ln105_4/2 "/>
</bind>
</comp>

<comp id="866" class="1004" name="select_ln105_4_fu_866">
<pin_list>
<pin id="867" dir="0" index="0" bw="1" slack="0"/>
<pin id="868" dir="0" index="1" bw="32" slack="0"/>
<pin id="869" dir="0" index="2" bw="32" slack="0"/>
<pin id="870" dir="1" index="3" bw="32" slack="0"/>
</pin_list>
<bind>
<opcode="select(49) " fcode="select"/>
<opset="select_ln105_4/2 "/>
</bind>
</comp>

<comp id="874" class="1004" name="store_ln105_store_fu_874">
<pin_list>
<pin id="875" dir="0" index="0" bw="32" slack="0"/>
<pin id="876" dir="0" index="1" bw="32" slack="0"/>
<pin id="877" dir="1" index="2" bw="0" slack="2147483647"/>
</pin_list>
<bind>
<opcode="store(28) " fcode="store"/>
<opset="store_ln105/2 "/>
</bind>
</comp>

<comp id="880" class="1004" name="mux_case_04503655_out_load_load_fu_880">
<pin_list>
<pin id="881" dir="0" index="0" bw="32" slack="0"/>
<pin id="882" dir="1" index="1" bw="32" slack="0"/>
</pin_list>
<bind>
<opcode="load(27) " fcode="load"/>
<opset="mux_case_04503655_out_load/2 "/>
</bind>
</comp>

<comp id="884" class="1004" name="icmp_ln105_3_fu_884">
<pin_list>
<pin id="885" dir="0" index="0" bw="2" slack="1"/>
<pin id="886" dir="0" index="1" bw="2" slack="0"/>
<pin id="887" dir="1" index="2" bw="1" slack="0"/>
</pin_list>
<bind>
<opcode="icmp(45) " fcode="icmp"/>
<opset="icmp_ln105_3/2 "/>
</bind>
</comp>

<comp id="889" class="1004" name="select_ln105_3_fu_889">
<pin_list>
<pin id="890" dir="0" index="0" bw="1" slack="0"/>
<pin id="891" dir="0" index="1" bw="32" slack="0"/>
<pin id="892" dir="0" index="2" bw="32" slack="0"/>
<pin id="893" dir="1" index="3" bw="32" slack="0"/>
</pin_list>
<bind>
<opcode="select(49) " fcode="select"/>
<opset="select_ln105_3/2 "/>
</bind>
</comp>

<comp id="897" class="1004" name="store_ln105_store_fu_897">
<pin_list>
<pin id="898" dir="0" index="0" bw="32" slack="0"/>
<pin id="899" dir="0" index="1" bw="32" slack="0"/>
<pin id="900" dir="1" index="2" bw="0" slack="2147483647"/>
</pin_list>
<bind>
<opcode="store(28) " fcode="store"/>
<opset="store_ln105/2 "/>
</bind>
</comp>

<comp id="903" class="1004" name="store_ln0_store_fu_903">
<pin_list>
<pin id="904" dir="0" index="0" bw="32" slack="0"/>
<pin id="905" dir="0" index="1" bw="32" slack="0"/>
<pin id="906" dir="1" index="2" bw="0" slack="2147483647"/>
</pin_list>
<bind>
<opcode="store(28) " fcode="store"/>
<opset="store_ln0/2 "/>
</bind>
</comp>

<comp id="909" class="1004" name="store_ln0_store_fu_909">
<pin_list>
<pin id="910" dir="0" index="0" bw="32" slack="0"/>
<pin id="911" dir="0" index="1" bw="32" slack="0"/>
<pin id="912" dir="1" index="2" bw="0" slack="2147483647"/>
</pin_list>
<bind>
<opcode="store(28) " fcode="store"/>
<opset="store_ln0/2 "/>
</bind>
</comp>

<comp id="915" class="1004" name="store_ln0_store_fu_915">
<pin_list>
<pin id="916" dir="0" index="0" bw="32" slack="0"/>
<pin id="917" dir="0" index="1" bw="32" slack="0"/>
<pin id="918" dir="1" index="2" bw="0" slack="2147483647"/>
</pin_list>
<bind>
<opcode="store(28) " fcode="store"/>
<opset="store_ln0/2 "/>
</bind>
</comp>

<comp id="921" class="1004" name="store_ln0_store_fu_921">
<pin_list>
<pin id="922" dir="0" index="0" bw="32" slack="0"/>
<pin id="923" dir="0" index="1" bw="32" slack="0"/>
<pin id="924" dir="1" index="2" bw="0" slack="2147483647"/>
</pin_list>
<bind>
<opcode="store(28) " fcode="store"/>
<opset="store_ln0/2 "/>
</bind>
</comp>

<comp id="927" class="1004" name="store_ln0_store_fu_927">
<pin_list>
<pin id="928" dir="0" index="0" bw="32" slack="0"/>
<pin id="929" dir="0" index="1" bw="32" slack="0"/>
<pin id="930" dir="1" index="2" bw="0" slack="2147483647"/>
</pin_list>
<bind>
<opcode="store(28) " fcode="store"/>
<opset="store_ln0/2 "/>
</bind>
</comp>

<comp id="933" class="1004" name="store_ln0_store_fu_933">
<pin_list>
<pin id="934" dir="0" index="0" bw="32" slack="0"/>
<pin id="935" dir="0" index="1" bw="32" slack="0"/>
<pin id="936" dir="1" index="2" bw="0" slack="2147483647"/>
</pin_list>
<bind>
<opcode="store(28) " fcode="store"/>
<opset="store_ln0/2 "/>
</bind>
</comp>

<comp id="939" class="1004" name="sext_ln91_1_fu_939">
<pin_list>
<pin id="940" dir="0" index="0" bw="61" slack="1"/>
<pin id="941" dir="1" index="1" bw="64" slack="0"/>
</pin_list>
<bind>
<opcode="sext(35) " fcode="sext"/>
<opset="sext_ln91_1/3 "/>
</bind>
</comp>

<comp id="942" class="1004" name="memA_addr_1_fu_942">
<pin_list>
<pin id="943" dir="0" index="0" bw="64" slack="0"/>
<pin id="944" dir="0" index="1" bw="64" slack="0"/>
<pin id="945" dir="1" index="2" bw="64" slack="0"/>
</pin_list>
<bind>
<opcode="getelementptr(29) " fcode="getelementptr"/>
<opset="memA_addr_1/3 "/>
</bind>
</comp>

<comp id="949" class="1004" name="mux_case_34483646_out_load_load_fu_949">
<pin_list>
<pin id="950" dir="0" index="0" bw="32" slack="0"/>
<pin id="951" dir="1" index="1" bw="32" slack="0"/>
</pin_list>
<bind>
<opcode="load(27) " fcode="load"/>
<opset="mux_case_34483646_out_load/4 "/>
</bind>
</comp>

<comp id="953" class="1004" name="icmp_ln105_2_fu_953">
<pin_list>
<pin id="954" dir="0" index="0" bw="2" slack="3"/>
<pin id="955" dir="0" index="1" bw="2" slack="0"/>
<pin id="956" dir="1" index="2" bw="1" slack="0"/>
</pin_list>
<bind>
<opcode="icmp(45) " fcode="icmp"/>
<opset="icmp_ln105_2/4 "/>
</bind>
</comp>

<comp id="958" class="1004" name="select_ln105_2_fu_958">
<pin_list>
<pin id="959" dir="0" index="0" bw="1" slack="0"/>
<pin id="960" dir="0" index="1" bw="32" slack="0"/>
<pin id="961" dir="0" index="2" bw="32" slack="0"/>
<pin id="962" dir="1" index="3" bw="32" slack="0"/>
</pin_list>
<bind>
<opcode="select(49) " fcode="select"/>
<opset="select_ln105_2/4 "/>
</bind>
</comp>

<comp id="966" class="1004" name="store_ln105_store_fu_966">
<pin_list>
<pin id="967" dir="0" index="0" bw="32" slack="0"/>
<pin id="968" dir="0" index="1" bw="32" slack="0"/>
<pin id="969" dir="1" index="2" bw="0" slack="2147483647"/>
</pin_list>
<bind>
<opcode="store(28) " fcode="store"/>
<opset="store_ln105/4 "/>
</bind>
</comp>

<comp id="972" class="1004" name="mux_case_14363564_out_load_load_fu_972">
<pin_list>
<pin id="973" dir="0" index="0" bw="32" slack="0"/>
<pin id="974" dir="1" index="1" bw="32" slack="0"/>
</pin_list>
<bind>
<opcode="load(27) " fcode="load"/>
<opset="mux_case_14363564_out_load/4 "/>
</bind>
</comp>

<comp id="976" class="1004" name="icmp_ln105_1_fu_976">
<pin_list>
<pin id="977" dir="0" index="0" bw="2" slack="3"/>
<pin id="978" dir="0" index="1" bw="2" slack="0"/>
<pin id="979" dir="1" index="2" bw="1" slack="0"/>
</pin_list>
<bind>
<opcode="icmp(45) " fcode="icmp"/>
<opset="icmp_ln105_1/4 "/>
</bind>
</comp>

<comp id="981" class="1004" name="select_ln105_1_fu_981">
<pin_list>
<pin id="982" dir="0" index="0" bw="1" slack="0"/>
<pin id="983" dir="0" index="1" bw="32" slack="0"/>
<pin id="984" dir="0" index="2" bw="32" slack="0"/>
<pin id="985" dir="1" index="3" bw="32" slack="0"/>
</pin_list>
<bind>
<opcode="select(49) " fcode="select"/>
<opset="select_ln105_1/4 "/>
</bind>
</comp>

<comp id="989" class="1004" name="store_ln105_store_fu_989">
<pin_list>
<pin id="990" dir="0" index="0" bw="32" slack="0"/>
<pin id="991" dir="0" index="1" bw="32" slack="0"/>
<pin id="992" dir="1" index="2" bw="0" slack="2147483647"/>
</pin_list>
<bind>
<opcode="store(28) " fcode="store"/>
<opset="store_ln105/4 "/>
</bind>
</comp>

<comp id="995" class="1004" name="mux_case_04303523_out_load_load_fu_995">
<pin_list>
<pin id="996" dir="0" index="0" bw="32" slack="0"/>
<pin id="997" dir="1" index="1" bw="32" slack="0"/>
</pin_list>
<bind>
<opcode="load(27) " fcode="load"/>
<opset="mux_case_04303523_out_load/4 "/>
</bind>
</comp>

<comp id="999" class="1004" name="icmp_ln105_fu_999">
<pin_list>
<pin id="1000" dir="0" index="0" bw="2" slack="3"/>
<pin id="1001" dir="0" index="1" bw="2" slack="0"/>
<pin id="1002" dir="1" index="2" bw="1" slack="0"/>
</pin_list>
<bind>
<opcode="icmp(45) " fcode="icmp"/>
<opset="icmp_ln105/4 "/>
</bind>
</comp>

<comp id="1004" class="1004" name="select_ln105_fu_1004">
<pin_list>
<pin id="1005" dir="0" index="0" bw="1" slack="0"/>
<pin id="1006" dir="0" index="1" bw="32" slack="0"/>
<pin id="1007" dir="0" index="2" bw="32" slack="0"/>
<pin id="1008" dir="1" index="3" bw="32" slack="0"/>
</pin_list>
<bind>
<opcode="select(49) " fcode="select"/>
<opset="select_ln105/4 "/>
</bind>
</comp>

<comp id="1012" class="1004" name="store_ln105_store_fu_1012">
<pin_list>
<pin id="1013" dir="0" index="0" bw="32" slack="0"/>
<pin id="1014" dir="0" index="1" bw="32" slack="0"/>
<pin id="1015" dir="1" index="2" bw="0" slack="2147483647"/>
</pin_list>
<bind>
<opcode="store(28) " fcode="store"/>
<opset="store_ln105/4 "/>
</bind>
</comp>

<comp id="1018" class="1004" name="shl_ln1_fu_1018">
<pin_list>
<pin id="1019" dir="0" index="0" bw="6" slack="0"/>
<pin id="1020" dir="0" index="1" bw="3" slack="10"/>
<pin id="1021" dir="0" index="2" bw="1" slack="0"/>
<pin id="1022" dir="1" index="3" bw="6" slack="0"/>
</pin_list>
<bind>
<opcode="bitconcatenate(1004) " fcode="bitconcatenate"/>
<opset="shl_ln1/11 "/>
</bind>
</comp>

<comp id="1025" class="1004" name="zext_ln91_1_fu_1025">
<pin_list>
<pin id="1026" dir="0" index="0" bw="6" slack="0"/>
<pin id="1027" dir="1" index="1" bw="64" slack="0"/>
</pin_list>
<bind>
<opcode="zext(34) " fcode="zext"/>
<opset="zext_ln91_1/11 "/>
</bind>
</comp>

<comp id="1029" class="1004" name="lshr_ln91_fu_1029">
<pin_list>
<pin id="1030" dir="0" index="0" bw="64" slack="1"/>
<pin id="1031" dir="0" index="1" bw="6" slack="0"/>
<pin id="1032" dir="1" index="2" bw="64" slack="0"/>
</pin_list>
<bind>
<opcode="lshr(21) " fcode="lshr"/>
<opset="lshr_ln91/11 "/>
</bind>
</comp>

<comp id="1034" class="1004" name="trunc_ln91_fu_1034">
<pin_list>
<pin id="1035" dir="0" index="0" bw="64" slack="0"/>
<pin id="1036" dir="1" index="1" bw="32" slack="0"/>
</pin_list>
<bind>
<opcode="trunc(33) " fcode="trunc"/>
<opset="trunc_ln91/11 "/>
</bind>
</comp>

<comp id="1038" class="1004" name="R_real_fu_1038">
<pin_list>
<pin id="1039" dir="0" index="0" bw="32" slack="0"/>
<pin id="1040" dir="1" index="1" bw="32" slack="0"/>
</pin_list>
<bind>
<opcode="bitcast(44) " fcode="bitcast"/>
<opset="R_real/11 "/>
</bind>
</comp>

<comp id="1042" class="1004" name="store_ln91_store_fu_1042">
<pin_list>
<pin id="1043" dir="0" index="0" bw="32" slack="0"/>
<pin id="1044" dir="0" index="1" bw="32" slack="0"/>
<pin id="1045" dir="1" index="2" bw="0" slack="2147483647"/>
</pin_list>
<bind>
<opcode="store(28) " fcode="store"/>
<opset="store_ln91/11 "/>
</bind>
</comp>

<comp id="1048" class="1004" name="store_ln91_store_fu_1048">
<pin_list>
<pin id="1049" dir="0" index="0" bw="32" slack="0"/>
<pin id="1050" dir="0" index="1" bw="32" slack="0"/>
<pin id="1051" dir="1" index="2" bw="0" slack="2147483647"/>
</pin_list>
<bind>
<opcode="store(28) " fcode="store"/>
<opset="store_ln91/11 "/>
</bind>
</comp>

<comp id="1054" class="1004" name="store_ln91_store_fu_1054">
<pin_list>
<pin id="1055" dir="0" index="0" bw="32" slack="0"/>
<pin id="1056" dir="0" index="1" bw="32" slack="0"/>
<pin id="1057" dir="1" index="2" bw="0" slack="2147483647"/>
</pin_list>
<bind>
<opcode="store(28) " fcode="store"/>
<opset="store_ln91/11 "/>
</bind>
</comp>

<comp id="1060" class="1004" name="store_ln91_store_fu_1060">
<pin_list>
<pin id="1061" dir="0" index="0" bw="32" slack="0"/>
<pin id="1062" dir="0" index="1" bw="32" slack="0"/>
<pin id="1063" dir="1" index="2" bw="0" slack="2147483647"/>
</pin_list>
<bind>
<opcode="store(28) " fcode="store"/>
<opset="store_ln91/11 "/>
</bind>
</comp>

<comp id="1066" class="1004" name="store_ln91_store_fu_1066">
<pin_list>
<pin id="1067" dir="0" index="0" bw="32" slack="0"/>
<pin id="1068" dir="0" index="1" bw="32" slack="0"/>
<pin id="1069" dir="1" index="2" bw="0" slack="2147483647"/>
</pin_list>
<bind>
<opcode="store(28) " fcode="store"/>
<opset="store_ln91/11 "/>
</bind>
</comp>

<comp id="1072" class="1004" name="store_ln91_store_fu_1072">
<pin_list>
<pin id="1073" dir="0" index="0" bw="32" slack="0"/>
<pin id="1074" dir="0" index="1" bw="32" slack="0"/>
<pin id="1075" dir="1" index="2" bw="0" slack="2147483647"/>
</pin_list>
<bind>
<opcode="store(28) " fcode="store"/>
<opset="store_ln91/11 "/>
</bind>
</comp>

<comp id="1078" class="1004" name="store_ln91_store_fu_1078">
<pin_list>
<pin id="1079" dir="0" index="0" bw="32" slack="0"/>
<pin id="1080" dir="0" index="1" bw="32" slack="0"/>
<pin id="1081" dir="1" index="2" bw="0" slack="2147483647"/>
</pin_list>
<bind>
<opcode="store(28) " fcode="store"/>
<opset="store_ln91/11 "/>
</bind>
</comp>

<comp id="1084" class="1004" name="store_ln91_store_fu_1084">
<pin_list>
<pin id="1085" dir="0" index="0" bw="32" slack="0"/>
<pin id="1086" dir="0" index="1" bw="32" slack="0"/>
<pin id="1087" dir="1" index="2" bw="0" slack="2147483647"/>
</pin_list>
<bind>
<opcode="store(28) " fcode="store"/>
<opset="store_ln91/11 "/>
</bind>
</comp>

<comp id="1090" class="1004" name="store_ln91_store_fu_1090">
<pin_list>
<pin id="1091" dir="0" index="0" bw="32" slack="0"/>
<pin id="1092" dir="0" index="1" bw="32" slack="0"/>
<pin id="1093" dir="1" index="2" bw="0" slack="2147483647"/>
</pin_list>
<bind>
<opcode="store(28) " fcode="store"/>
<opset="store_ln91/11 "/>
</bind>
</comp>

<comp id="1096" class="1004" name="store_ln91_store_fu_1096">
<pin_list>
<pin id="1097" dir="0" index="0" bw="32" slack="0"/>
<pin id="1098" dir="0" index="1" bw="32" slack="0"/>
<pin id="1099" dir="1" index="2" bw="0" slack="2147483647"/>
</pin_list>
<bind>
<opcode="store(28) " fcode="store"/>
<opset="store_ln91/11 "/>
</bind>
</comp>

<comp id="1102" class="1004" name="store_ln91_store_fu_1102">
<pin_list>
<pin id="1103" dir="0" index="0" bw="32" slack="0"/>
<pin id="1104" dir="0" index="1" bw="32" slack="0"/>
<pin id="1105" dir="1" index="2" bw="0" slack="2147483647"/>
</pin_list>
<bind>
<opcode="store(28) " fcode="store"/>
<opset="store_ln91/11 "/>
</bind>
</comp>

<comp id="1108" class="1004" name="store_ln91_store_fu_1108">
<pin_list>
<pin id="1109" dir="0" index="0" bw="32" slack="0"/>
<pin id="1110" dir="0" index="1" bw="32" slack="0"/>
<pin id="1111" dir="1" index="2" bw="0" slack="2147483647"/>
</pin_list>
<bind>
<opcode="store(28) " fcode="store"/>
<opset="store_ln91/11 "/>
</bind>
</comp>

<comp id="1114" class="1004" name="store_ln91_store_fu_1114">
<pin_list>
<pin id="1115" dir="0" index="0" bw="32" slack="0"/>
<pin id="1116" dir="0" index="1" bw="32" slack="0"/>
<pin id="1117" dir="1" index="2" bw="0" slack="2147483647"/>
</pin_list>
<bind>
<opcode="store(28) " fcode="store"/>
<opset="store_ln91/11 "/>
</bind>
</comp>

<comp id="1120" class="1004" name="store_ln91_store_fu_1120">
<pin_list>
<pin id="1121" dir="0" index="0" bw="32" slack="0"/>
<pin id="1122" dir="0" index="1" bw="32" slack="0"/>
<pin id="1123" dir="1" index="2" bw="0" slack="2147483647"/>
</pin_list>
<bind>
<opcode="store(28) " fcode="store"/>
<opset="store_ln91/11 "/>
</bind>
</comp>

<comp id="1126" class="1004" name="store_ln91_store_fu_1126">
<pin_list>
<pin id="1127" dir="0" index="0" bw="32" slack="0"/>
<pin id="1128" dir="0" index="1" bw="32" slack="0"/>
<pin id="1129" dir="1" index="2" bw="0" slack="2147483647"/>
</pin_list>
<bind>
<opcode="store(28) " fcode="store"/>
<opset="store_ln91/11 "/>
</bind>
</comp>

<comp id="1132" class="1004" name="store_ln91_store_fu_1132">
<pin_list>
<pin id="1133" dir="0" index="0" bw="32" slack="0"/>
<pin id="1134" dir="0" index="1" bw="32" slack="0"/>
<pin id="1135" dir="1" index="2" bw="0" slack="2147483647"/>
</pin_list>
<bind>
<opcode="store(28) " fcode="store"/>
<opset="store_ln91/11 "/>
</bind>
</comp>

<comp id="1138" class="1004" name="store_ln91_store_fu_1138">
<pin_list>
<pin id="1139" dir="0" index="0" bw="32" slack="0"/>
<pin id="1140" dir="0" index="1" bw="32" slack="0"/>
<pin id="1141" dir="1" index="2" bw="0" slack="2147483647"/>
</pin_list>
<bind>
<opcode="store(28) " fcode="store"/>
<opset="store_ln91/11 "/>
</bind>
</comp>

<comp id="1144" class="1004" name="store_ln91_store_fu_1144">
<pin_list>
<pin id="1145" dir="0" index="0" bw="32" slack="0"/>
<pin id="1146" dir="0" index="1" bw="32" slack="0"/>
<pin id="1147" dir="1" index="2" bw="0" slack="2147483647"/>
</pin_list>
<bind>
<opcode="store(28) " fcode="store"/>
<opset="store_ln91/11 "/>
</bind>
</comp>

<comp id="1150" class="1004" name="store_ln91_store_fu_1150">
<pin_list>
<pin id="1151" dir="0" index="0" bw="32" slack="0"/>
<pin id="1152" dir="0" index="1" bw="32" slack="0"/>
<pin id="1153" dir="1" index="2" bw="0" slack="2147483647"/>
</pin_list>
<bind>
<opcode="store(28) " fcode="store"/>
<opset="store_ln91/11 "/>
</bind>
</comp>

<comp id="1156" class="1004" name="store_ln91_store_fu_1156">
<pin_list>
<pin id="1157" dir="0" index="0" bw="32" slack="0"/>
<pin id="1158" dir="0" index="1" bw="32" slack="0"/>
<pin id="1159" dir="1" index="2" bw="0" slack="2147483647"/>
</pin_list>
<bind>
<opcode="store(28) " fcode="store"/>
<opset="store_ln91/11 "/>
</bind>
</comp>

<comp id="1162" class="1004" name="store_ln91_store_fu_1162">
<pin_list>
<pin id="1163" dir="0" index="0" bw="32" slack="0"/>
<pin id="1164" dir="0" index="1" bw="32" slack="0"/>
<pin id="1165" dir="1" index="2" bw="0" slack="2147483647"/>
</pin_list>
<bind>
<opcode="store(28) " fcode="store"/>
<opset="store_ln91/11 "/>
</bind>
</comp>

<comp id="1168" class="1004" name="store_ln91_store_fu_1168">
<pin_list>
<pin id="1169" dir="0" index="0" bw="32" slack="0"/>
<pin id="1170" dir="0" index="1" bw="32" slack="0"/>
<pin id="1171" dir="1" index="2" bw="0" slack="2147483647"/>
</pin_list>
<bind>
<opcode="store(28) " fcode="store"/>
<opset="store_ln91/11 "/>
</bind>
</comp>

<comp id="1174" class="1004" name="store_ln91_store_fu_1174">
<pin_list>
<pin id="1175" dir="0" index="0" bw="32" slack="0"/>
<pin id="1176" dir="0" index="1" bw="32" slack="0"/>
<pin id="1177" dir="1" index="2" bw="0" slack="2147483647"/>
</pin_list>
<bind>
<opcode="store(28) " fcode="store"/>
<opset="store_ln91/11 "/>
</bind>
</comp>

<comp id="1180" class="1004" name="store_ln91_store_fu_1180">
<pin_list>
<pin id="1181" dir="0" index="0" bw="32" slack="0"/>
<pin id="1182" dir="0" index="1" bw="32" slack="0"/>
<pin id="1183" dir="1" index="2" bw="0" slack="2147483647"/>
</pin_list>
<bind>
<opcode="store(28) " fcode="store"/>
<opset="store_ln91/11 "/>
</bind>
</comp>

<comp id="1186" class="1004" name="store_ln91_store_fu_1186">
<pin_list>
<pin id="1187" dir="0" index="0" bw="32" slack="0"/>
<pin id="1188" dir="0" index="1" bw="32" slack="0"/>
<pin id="1189" dir="1" index="2" bw="0" slack="2147483647"/>
</pin_list>
<bind>
<opcode="store(28) " fcode="store"/>
<opset="store_ln91/11 "/>
</bind>
</comp>

<comp id="1192" class="1004" name="store_ln91_store_fu_1192">
<pin_list>
<pin id="1193" dir="0" index="0" bw="32" slack="0"/>
<pin id="1194" dir="0" index="1" bw="32" slack="0"/>
<pin id="1195" dir="1" index="2" bw="0" slack="2147483647"/>
</pin_list>
<bind>
<opcode="store(28) " fcode="store"/>
<opset="store_ln91/11 "/>
</bind>
</comp>

<comp id="1198" class="1004" name="store_ln91_store_fu_1198">
<pin_list>
<pin id="1199" dir="0" index="0" bw="32" slack="0"/>
<pin id="1200" dir="0" index="1" bw="32" slack="0"/>
<pin id="1201" dir="1" index="2" bw="0" slack="2147483647"/>
</pin_list>
<bind>
<opcode="store(28) " fcode="store"/>
<opset="store_ln91/11 "/>
</bind>
</comp>

<comp id="1204" class="1004" name="store_ln91_store_fu_1204">
<pin_list>
<pin id="1205" dir="0" index="0" bw="32" slack="0"/>
<pin id="1206" dir="0" index="1" bw="32" slack="0"/>
<pin id="1207" dir="1" index="2" bw="0" slack="2147483647"/>
</pin_list>
<bind>
<opcode="store(28) " fcode="store"/>
<opset="store_ln91/11 "/>
</bind>
</comp>

<comp id="1210" class="1004" name="shl_ln91_1_fu_1210">
<pin_list>
<pin id="1211" dir="0" index="0" bw="6" slack="0"/>
<pin id="1212" dir="0" index="1" bw="3" slack="11"/>
<pin id="1213" dir="0" index="2" bw="1" slack="0"/>
<pin id="1214" dir="1" index="3" bw="6" slack="0"/>
</pin_list>
<bind>
<opcode="bitconcatenate(1004) " fcode="bitconcatenate"/>
<opset="shl_ln91_1/12 "/>
</bind>
</comp>

<comp id="1217" class="1004" name="zext_ln91_3_fu_1217">
<pin_list>
<pin id="1218" dir="0" index="0" bw="6" slack="0"/>
<pin id="1219" dir="1" index="1" bw="64" slack="0"/>
</pin_list>
<bind>
<opcode="zext(34) " fcode="zext"/>
<opset="zext_ln91_3/12 "/>
</bind>
</comp>

<comp id="1221" class="1004" name="lshr_ln91_1_fu_1221">
<pin_list>
<pin id="1222" dir="0" index="0" bw="64" slack="1"/>
<pin id="1223" dir="0" index="1" bw="6" slack="0"/>
<pin id="1224" dir="1" index="2" bw="64" slack="0"/>
</pin_list>
<bind>
<opcode="lshr(21) " fcode="lshr"/>
<opset="lshr_ln91_1/12 "/>
</bind>
</comp>

<comp id="1226" class="1004" name="trunc_ln91_1_fu_1226">
<pin_list>
<pin id="1227" dir="0" index="0" bw="64" slack="0"/>
<pin id="1228" dir="1" index="1" bw="32" slack="0"/>
</pin_list>
<bind>
<opcode="trunc(33) " fcode="trunc"/>
<opset="trunc_ln91_1/12 "/>
</bind>
</comp>

<comp id="1230" class="1004" name="R_imag_fu_1230">
<pin_list>
<pin id="1231" dir="0" index="0" bw="32" slack="0"/>
<pin id="1232" dir="1" index="1" bw="32" slack="0"/>
</pin_list>
<bind>
<opcode="bitcast(44) " fcode="bitcast"/>
<opset="R_imag/12 "/>
</bind>
</comp>

<comp id="1234" class="1004" name="store_ln91_store_fu_1234">
<pin_list>
<pin id="1235" dir="0" index="0" bw="32" slack="0"/>
<pin id="1236" dir="0" index="1" bw="32" slack="0"/>
<pin id="1237" dir="1" index="2" bw="0" slack="2147483647"/>
</pin_list>
<bind>
<opcode="store(28) " fcode="store"/>
<opset="store_ln91/12 "/>
</bind>
</comp>

<comp id="1240" class="1004" name="store_ln91_store_fu_1240">
<pin_list>
<pin id="1241" dir="0" index="0" bw="32" slack="0"/>
<pin id="1242" dir="0" index="1" bw="32" slack="0"/>
<pin id="1243" dir="1" index="2" bw="0" slack="2147483647"/>
</pin_list>
<bind>
<opcode="store(28) " fcode="store"/>
<opset="store_ln91/12 "/>
</bind>
</comp>

<comp id="1246" class="1004" name="store_ln91_store_fu_1246">
<pin_list>
<pin id="1247" dir="0" index="0" bw="32" slack="0"/>
<pin id="1248" dir="0" index="1" bw="32" slack="0"/>
<pin id="1249" dir="1" index="2" bw="0" slack="2147483647"/>
</pin_list>
<bind>
<opcode="store(28) " fcode="store"/>
<opset="store_ln91/12 "/>
</bind>
</comp>

<comp id="1252" class="1004" name="store_ln91_store_fu_1252">
<pin_list>
<pin id="1253" dir="0" index="0" bw="32" slack="0"/>
<pin id="1254" dir="0" index="1" bw="32" slack="0"/>
<pin id="1255" dir="1" index="2" bw="0" slack="2147483647"/>
</pin_list>
<bind>
<opcode="store(28) " fcode="store"/>
<opset="store_ln91/12 "/>
</bind>
</comp>

<comp id="1258" class="1004" name="store_ln91_store_fu_1258">
<pin_list>
<pin id="1259" dir="0" index="0" bw="32" slack="0"/>
<pin id="1260" dir="0" index="1" bw="32" slack="0"/>
<pin id="1261" dir="1" index="2" bw="0" slack="2147483647"/>
</pin_list>
<bind>
<opcode="store(28) " fcode="store"/>
<opset="store_ln91/12 "/>
</bind>
</comp>

<comp id="1264" class="1004" name="store_ln91_store_fu_1264">
<pin_list>
<pin id="1265" dir="0" index="0" bw="32" slack="0"/>
<pin id="1266" dir="0" index="1" bw="32" slack="0"/>
<pin id="1267" dir="1" index="2" bw="0" slack="2147483647"/>
</pin_list>
<bind>
<opcode="store(28) " fcode="store"/>
<opset="store_ln91/12 "/>
</bind>
</comp>

<comp id="1270" class="1004" name="store_ln91_store_fu_1270">
<pin_list>
<pin id="1271" dir="0" index="0" bw="32" slack="0"/>
<pin id="1272" dir="0" index="1" bw="32" slack="0"/>
<pin id="1273" dir="1" index="2" bw="0" slack="2147483647"/>
</pin_list>
<bind>
<opcode="store(28) " fcode="store"/>
<opset="store_ln91/12 "/>
</bind>
</comp>

<comp id="1276" class="1004" name="store_ln91_store_fu_1276">
<pin_list>
<pin id="1277" dir="0" index="0" bw="32" slack="0"/>
<pin id="1278" dir="0" index="1" bw="32" slack="0"/>
<pin id="1279" dir="1" index="2" bw="0" slack="2147483647"/>
</pin_list>
<bind>
<opcode="store(28) " fcode="store"/>
<opset="store_ln91/12 "/>
</bind>
</comp>

<comp id="1282" class="1004" name="store_ln91_store_fu_1282">
<pin_list>
<pin id="1283" dir="0" index="0" bw="32" slack="0"/>
<pin id="1284" dir="0" index="1" bw="32" slack="0"/>
<pin id="1285" dir="1" index="2" bw="0" slack="2147483647"/>
</pin_list>
<bind>
<opcode="store(28) " fcode="store"/>
<opset="store_ln91/12 "/>
</bind>
</comp>

<comp id="1288" class="1004" name="store_ln91_store_fu_1288">
<pin_list>
<pin id="1289" dir="0" index="0" bw="32" slack="0"/>
<pin id="1290" dir="0" index="1" bw="32" slack="0"/>
<pin id="1291" dir="1" index="2" bw="0" slack="2147483647"/>
</pin_list>
<bind>
<opcode="store(28) " fcode="store"/>
<opset="store_ln91/12 "/>
</bind>
</comp>

<comp id="1294" class="1004" name="store_ln91_store_fu_1294">
<pin_list>
<pin id="1295" dir="0" index="0" bw="32" slack="0"/>
<pin id="1296" dir="0" index="1" bw="32" slack="0"/>
<pin id="1297" dir="1" index="2" bw="0" slack="2147483647"/>
</pin_list>
<bind>
<opcode="store(28) " fcode="store"/>
<opset="store_ln91/12 "/>
</bind>
</comp>

<comp id="1300" class="1004" name="store_ln91_store_fu_1300">
<pin_list>
<pin id="1301" dir="0" index="0" bw="32" slack="0"/>
<pin id="1302" dir="0" index="1" bw="32" slack="0"/>
<pin id="1303" dir="1" index="2" bw="0" slack="2147483647"/>
</pin_list>
<bind>
<opcode="store(28) " fcode="store"/>
<opset="store_ln91/12 "/>
</bind>
</comp>

<comp id="1306" class="1004" name="store_ln91_store_fu_1306">
<pin_list>
<pin id="1307" dir="0" index="0" bw="32" slack="0"/>
<pin id="1308" dir="0" index="1" bw="32" slack="0"/>
<pin id="1309" dir="1" index="2" bw="0" slack="2147483647"/>
</pin_list>
<bind>
<opcode="store(28) " fcode="store"/>
<opset="store_ln91/12 "/>
</bind>
</comp>

<comp id="1312" class="1004" name="store_ln91_store_fu_1312">
<pin_list>
<pin id="1313" dir="0" index="0" bw="32" slack="0"/>
<pin id="1314" dir="0" index="1" bw="32" slack="0"/>
<pin id="1315" dir="1" index="2" bw="0" slack="2147483647"/>
</pin_list>
<bind>
<opcode="store(28) " fcode="store"/>
<opset="store_ln91/12 "/>
</bind>
</comp>

<comp id="1318" class="1004" name="store_ln91_store_fu_1318">
<pin_list>
<pin id="1319" dir="0" index="0" bw="32" slack="0"/>
<pin id="1320" dir="0" index="1" bw="32" slack="0"/>
<pin id="1321" dir="1" index="2" bw="0" slack="2147483647"/>
</pin_list>
<bind>
<opcode="store(28) " fcode="store"/>
<opset="store_ln91/12 "/>
</bind>
</comp>

<comp id="1324" class="1004" name="store_ln91_store_fu_1324">
<pin_list>
<pin id="1325" dir="0" index="0" bw="32" slack="0"/>
<pin id="1326" dir="0" index="1" bw="32" slack="0"/>
<pin id="1327" dir="1" index="2" bw="0" slack="2147483647"/>
</pin_list>
<bind>
<opcode="store(28) " fcode="store"/>
<opset="store_ln91/12 "/>
</bind>
</comp>

<comp id="1330" class="1004" name="store_ln91_store_fu_1330">
<pin_list>
<pin id="1331" dir="0" index="0" bw="32" slack="0"/>
<pin id="1332" dir="0" index="1" bw="32" slack="0"/>
<pin id="1333" dir="1" index="2" bw="0" slack="2147483647"/>
</pin_list>
<bind>
<opcode="store(28) " fcode="store"/>
<opset="store_ln91/12 "/>
</bind>
</comp>

<comp id="1336" class="1004" name="store_ln91_store_fu_1336">
<pin_list>
<pin id="1337" dir="0" index="0" bw="32" slack="0"/>
<pin id="1338" dir="0" index="1" bw="32" slack="0"/>
<pin id="1339" dir="1" index="2" bw="0" slack="2147483647"/>
</pin_list>
<bind>
<opcode="store(28) " fcode="store"/>
<opset="store_ln91/12 "/>
</bind>
</comp>

<comp id="1342" class="1004" name="store_ln91_store_fu_1342">
<pin_list>
<pin id="1343" dir="0" index="0" bw="32" slack="0"/>
<pin id="1344" dir="0" index="1" bw="32" slack="0"/>
<pin id="1345" dir="1" index="2" bw="0" slack="2147483647"/>
</pin_list>
<bind>
<opcode="store(28) " fcode="store"/>
<opset="store_ln91/12 "/>
</bind>
</comp>

<comp id="1348" class="1004" name="store_ln91_store_fu_1348">
<pin_list>
<pin id="1349" dir="0" index="0" bw="32" slack="0"/>
<pin id="1350" dir="0" index="1" bw="32" slack="0"/>
<pin id="1351" dir="1" index="2" bw="0" slack="2147483647"/>
</pin_list>
<bind>
<opcode="store(28) " fcode="store"/>
<opset="store_ln91/12 "/>
</bind>
</comp>

<comp id="1354" class="1004" name="store_ln91_store_fu_1354">
<pin_list>
<pin id="1355" dir="0" index="0" bw="32" slack="0"/>
<pin id="1356" dir="0" index="1" bw="32" slack="0"/>
<pin id="1357" dir="1" index="2" bw="0" slack="2147483647"/>
</pin_list>
<bind>
<opcode="store(28) " fcode="store"/>
<opset="store_ln91/12 "/>
</bind>
</comp>

<comp id="1360" class="1004" name="store_ln91_store_fu_1360">
<pin_list>
<pin id="1361" dir="0" index="0" bw="32" slack="0"/>
<pin id="1362" dir="0" index="1" bw="32" slack="0"/>
<pin id="1363" dir="1" index="2" bw="0" slack="2147483647"/>
</pin_list>
<bind>
<opcode="store(28) " fcode="store"/>
<opset="store_ln91/12 "/>
</bind>
</comp>

<comp id="1366" class="1004" name="store_ln91_store_fu_1366">
<pin_list>
<pin id="1367" dir="0" index="0" bw="32" slack="0"/>
<pin id="1368" dir="0" index="1" bw="32" slack="0"/>
<pin id="1369" dir="1" index="2" bw="0" slack="2147483647"/>
</pin_list>
<bind>
<opcode="store(28) " fcode="store"/>
<opset="store_ln91/12 "/>
</bind>
</comp>

<comp id="1372" class="1004" name="store_ln91_store_fu_1372">
<pin_list>
<pin id="1373" dir="0" index="0" bw="32" slack="0"/>
<pin id="1374" dir="0" index="1" bw="32" slack="0"/>
<pin id="1375" dir="1" index="2" bw="0" slack="2147483647"/>
</pin_list>
<bind>
<opcode="store(28) " fcode="store"/>
<opset="store_ln91/12 "/>
</bind>
</comp>

<comp id="1378" class="1004" name="store_ln91_store_fu_1378">
<pin_list>
<pin id="1379" dir="0" index="0" bw="32" slack="0"/>
<pin id="1380" dir="0" index="1" bw="32" slack="0"/>
<pin id="1381" dir="1" index="2" bw="0" slack="2147483647"/>
</pin_list>
<bind>
<opcode="store(28) " fcode="store"/>
<opset="store_ln91/12 "/>
</bind>
</comp>

<comp id="1384" class="1004" name="store_ln91_store_fu_1384">
<pin_list>
<pin id="1385" dir="0" index="0" bw="32" slack="0"/>
<pin id="1386" dir="0" index="1" bw="32" slack="0"/>
<pin id="1387" dir="1" index="2" bw="0" slack="2147483647"/>
</pin_list>
<bind>
<opcode="store(28) " fcode="store"/>
<opset="store_ln91/12 "/>
</bind>
</comp>

<comp id="1390" class="1004" name="store_ln91_store_fu_1390">
<pin_list>
<pin id="1391" dir="0" index="0" bw="32" slack="0"/>
<pin id="1392" dir="0" index="1" bw="32" slack="0"/>
<pin id="1393" dir="1" index="2" bw="0" slack="2147483647"/>
</pin_list>
<bind>
<opcode="store(28) " fcode="store"/>
<opset="store_ln91/12 "/>
</bind>
</comp>

<comp id="1396" class="1004" name="store_ln91_store_fu_1396">
<pin_list>
<pin id="1397" dir="0" index="0" bw="32" slack="0"/>
<pin id="1398" dir="0" index="1" bw="32" slack="0"/>
<pin id="1399" dir="1" index="2" bw="0" slack="2147483647"/>
</pin_list>
<bind>
<opcode="store(28) " fcode="store"/>
<opset="store_ln91/12 "/>
</bind>
</comp>

<comp id="1402" class="1005" name="j_reg_1402">
<pin_list>
<pin id="1403" dir="0" index="0" bw="3" slack="0"/>
<pin id="1404" dir="1" index="1" bw="3" slack="0"/>
</pin_list>
<bind>
<opset="j "/>
</bind>
</comp>

<comp id="1409" class="1005" name="i_reg_1409">
<pin_list>
<pin id="1410" dir="0" index="0" bw="3" slack="0"/>
<pin id="1411" dir="1" index="1" bw="3" slack="0"/>
</pin_list>
<bind>
<opset="i "/>
</bind>
</comp>

<comp id="1416" class="1005" name="indvar_flatten_reg_1416">
<pin_list>
<pin id="1417" dir="0" index="0" bw="5" slack="0"/>
<pin id="1418" dir="1" index="1" bw="5" slack="0"/>
</pin_list>
<bind>
<opset="indvar_flatten "/>
</bind>
</comp>

<comp id="1423" class="1005" name="xor_ln85_read_reg_1423">
<pin_list>
<pin id="1424" dir="0" index="0" bw="3" slack="11"/>
<pin id="1425" dir="1" index="1" bw="3" slack="11"/>
</pin_list>
<bind>
<opset="xor_ln85_read "/>
</bind>
</comp>

<comp id="1428" class="1005" name="tmp_reg_1428">
<pin_list>
<pin id="1429" dir="0" index="0" bw="3" slack="10"/>
<pin id="1430" dir="1" index="1" bw="3" slack="10"/>
</pin_list>
<bind>
<opset="tmp "/>
</bind>
</comp>

<comp id="1433" class="1005" name="A_DRAM_read_reg_1433">
<pin_list>
<pin id="1434" dir="0" index="0" bw="64" slack="1"/>
<pin id="1435" dir="1" index="1" bw="64" slack="1"/>
</pin_list>
<bind>
<opset="A_DRAM_read "/>
</bind>
</comp>

<comp id="1438" class="1005" name="icmp_ln85_reg_1438">
<pin_list>
<pin id="1439" dir="0" index="0" bw="1" slack="1"/>
<pin id="1440" dir="1" index="1" bw="1" slack="2147483647"/>
</pin_list>
<bind>
<opset="icmp_ln85 "/>
</bind>
</comp>

<comp id="1442" class="1005" name="select_ln85_reg_1442">
<pin_list>
<pin id="1443" dir="0" index="0" bw="3" slack="1"/>
<pin id="1444" dir="1" index="1" bw="3" slack="1"/>
</pin_list>
<bind>
<opset="select_ln85 "/>
</bind>
</comp>

<comp id="1448" class="1005" name="select_ln85_1_reg_1448">
<pin_list>
<pin id="1449" dir="0" index="0" bw="3" slack="1"/>
<pin id="1450" dir="1" index="1" bw="3" slack="1"/>
</pin_list>
<bind>
<opset="select_ln85_1 "/>
</bind>
</comp>

<comp id="1454" class="1005" name="trunc_ln87_reg_1454">
<pin_list>
<pin id="1455" dir="0" index="0" bw="2" slack="1"/>
<pin id="1456" dir="1" index="1" bw="2" slack="1"/>
</pin_list>
<bind>
<opset="trunc_ln87 "/>
</bind>
</comp>

<comp id="1464" class="1005" name="trunc_ln91_2_reg_1464">
<pin_list>
<pin id="1465" dir="0" index="0" bw="61" slack="1"/>
<pin id="1466" dir="1" index="1" bw="61" slack="1"/>
</pin_list>
<bind>
<opset="trunc_ln91_2 "/>
</bind>
</comp>

<comp id="1469" class="1005" name="memA_addr_reg_1469">
<pin_list>
<pin id="1470" dir="0" index="0" bw="64" slack="1"/>
<pin id="1471" dir="1" index="1" bw="64" slack="1"/>
</pin_list>
<bind>
<opset="memA_addr "/>
</bind>
</comp>

<comp id="1475" class="1005" name="trunc_ln91_3_reg_1475">
<pin_list>
<pin id="1476" dir="0" index="0" bw="61" slack="1"/>
<pin id="1477" dir="1" index="1" bw="61" slack="1"/>
</pin_list>
<bind>
<opset="trunc_ln91_3 "/>
</bind>
</comp>

<comp id="1480" class="1005" name="icmp_ln98_reg_1480">
<pin_list>
<pin id="1481" dir="0" index="0" bw="1" slack="2"/>
<pin id="1482" dir="1" index="1" bw="1" slack="2147483647"/>
</pin_list>
<bind>
<opset="icmp_ln98 "/>
</bind>
</comp>

<comp id="1490" class="1005" name="memA_addr_1_reg_1490">
<pin_list>
<pin id="1491" dir="0" index="0" bw="64" slack="1"/>
<pin id="1492" dir="1" index="1" bw="64" slack="1"/>
</pin_list>
<bind>
<opset="memA_addr_1 "/>
</bind>
</comp>

<comp id="1496" class="1005" name="memA_addr_read_reg_1496">
<pin_list>
<pin id="1497" dir="0" index="0" bw="64" slack="1"/>
<pin id="1498" dir="1" index="1" bw="64" slack="1"/>
</pin_list>
<bind>
<opset="memA_addr_read "/>
</bind>
</comp>

<comp id="1501" class="1005" name="memA_addr_1_read_reg_1501">
<pin_list>
<pin id="1502" dir="0" index="0" bw="64" slack="1"/>
<pin id="1503" dir="1" index="1" bw="64" slack="1"/>
</pin_list>
<bind>
<opset="memA_addr_1_read "/>
</bind>
</comp>

</comp_list>

<net_list>
<net id="227"><net_src comp="134" pin="0"/><net_sink comp="224" pin=0"/></net>

<net id="231"><net_src comp="134" pin="0"/><net_sink comp="228" pin=0"/></net>

<net id="235"><net_src comp="134" pin="0"/><net_sink comp="232" pin=0"/></net>

<net id="240"><net_src comp="154" pin="0"/><net_sink comp="236" pin=0"/></net>

<net id="241"><net_src comp="6" pin="0"/><net_sink comp="236" pin=1"/></net>

<net id="246"><net_src comp="154" pin="0"/><net_sink comp="242" pin=0"/></net>

<net id="247"><net_src comp="4" pin="0"/><net_sink comp="242" pin=1"/></net>

<net id="252"><net_src comp="156" pin="0"/><net_sink comp="248" pin=0"/></net>

<net id="253"><net_src comp="2" pin="0"/><net_sink comp="248" pin=1"/></net>

<net id="259"><net_src comp="198" pin="0"/><net_sink comp="254" pin=0"/></net>

<net id="260"><net_src comp="134" pin="0"/><net_sink comp="254" pin=2"/></net>

<net id="266"><net_src comp="198" pin="0"/><net_sink comp="261" pin=0"/></net>

<net id="267"><net_src comp="134" pin="0"/><net_sink comp="261" pin=2"/></net>

<net id="272"><net_src comp="212" pin="0"/><net_sink comp="268" pin=0"/></net>

<net id="277"><net_src comp="212" pin="0"/><net_sink comp="273" pin=0"/></net>

<net id="282"><net_src comp="192" pin="0"/><net_sink comp="278" pin=1"/></net>

<net id="287"><net_src comp="158" pin="0"/><net_sink comp="283" pin=0"/></net>

<net id="288"><net_src comp="14" pin="0"/><net_sink comp="283" pin=1"/></net>

<net id="293"><net_src comp="158" pin="0"/><net_sink comp="289" pin=0"/></net>

<net id="294"><net_src comp="16" pin="0"/><net_sink comp="289" pin=1"/></net>

<net id="299"><net_src comp="158" pin="0"/><net_sink comp="295" pin=0"/></net>

<net id="300"><net_src comp="18" pin="0"/><net_sink comp="295" pin=1"/></net>

<net id="305"><net_src comp="158" pin="0"/><net_sink comp="301" pin=0"/></net>

<net id="306"><net_src comp="20" pin="0"/><net_sink comp="301" pin=1"/></net>

<net id="311"><net_src comp="158" pin="0"/><net_sink comp="307" pin=0"/></net>

<net id="312"><net_src comp="8" pin="0"/><net_sink comp="307" pin=1"/></net>

<net id="317"><net_src comp="158" pin="0"/><net_sink comp="313" pin=0"/></net>

<net id="318"><net_src comp="10" pin="0"/><net_sink comp="313" pin=1"/></net>

<net id="323"><net_src comp="158" pin="0"/><net_sink comp="319" pin=0"/></net>

<net id="324"><net_src comp="12" pin="0"/><net_sink comp="319" pin=1"/></net>

<net id="329"><net_src comp="158" pin="0"/><net_sink comp="325" pin=0"/></net>

<net id="330"><net_src comp="22" pin="0"/><net_sink comp="325" pin=1"/></net>

<net id="335"><net_src comp="158" pin="0"/><net_sink comp="331" pin=0"/></net>

<net id="336"><net_src comp="24" pin="0"/><net_sink comp="331" pin=1"/></net>

<net id="341"><net_src comp="158" pin="0"/><net_sink comp="337" pin=0"/></net>

<net id="342"><net_src comp="26" pin="0"/><net_sink comp="337" pin=1"/></net>

<net id="347"><net_src comp="158" pin="0"/><net_sink comp="343" pin=0"/></net>

<net id="348"><net_src comp="28" pin="0"/><net_sink comp="343" pin=1"/></net>

<net id="353"><net_src comp="158" pin="0"/><net_sink comp="349" pin=0"/></net>

<net id="354"><net_src comp="30" pin="0"/><net_sink comp="349" pin=1"/></net>

<net id="359"><net_src comp="158" pin="0"/><net_sink comp="355" pin=0"/></net>

<net id="360"><net_src comp="32" pin="0"/><net_sink comp="355" pin=1"/></net>

<net id="365"><net_src comp="158" pin="0"/><net_sink comp="361" pin=0"/></net>

<net id="366"><net_src comp="34" pin="0"/><net_sink comp="361" pin=1"/></net>

<net id="371"><net_src comp="158" pin="0"/><net_sink comp="367" pin=0"/></net>

<net id="372"><net_src comp="36" pin="0"/><net_sink comp="367" pin=1"/></net>

<net id="377"><net_src comp="158" pin="0"/><net_sink comp="373" pin=0"/></net>

<net id="378"><net_src comp="38" pin="0"/><net_sink comp="373" pin=1"/></net>

<net id="383"><net_src comp="158" pin="0"/><net_sink comp="379" pin=0"/></net>

<net id="384"><net_src comp="40" pin="0"/><net_sink comp="379" pin=1"/></net>

<net id="389"><net_src comp="158" pin="0"/><net_sink comp="385" pin=0"/></net>

<net id="390"><net_src comp="42" pin="0"/><net_sink comp="385" pin=1"/></net>

<net id="395"><net_src comp="158" pin="0"/><net_sink comp="391" pin=0"/></net>

<net id="396"><net_src comp="44" pin="0"/><net_sink comp="391" pin=1"/></net>

<net id="401"><net_src comp="158" pin="0"/><net_sink comp="397" pin=0"/></net>

<net id="402"><net_src comp="46" pin="0"/><net_sink comp="397" pin=1"/></net>

<net id="407"><net_src comp="158" pin="0"/><net_sink comp="403" pin=0"/></net>

<net id="408"><net_src comp="48" pin="0"/><net_sink comp="403" pin=1"/></net>

<net id="413"><net_src comp="158" pin="0"/><net_sink comp="409" pin=0"/></net>

<net id="414"><net_src comp="50" pin="0"/><net_sink comp="409" pin=1"/></net>

<net id="419"><net_src comp="158" pin="0"/><net_sink comp="415" pin=0"/></net>

<net id="420"><net_src comp="52" pin="0"/><net_sink comp="415" pin=1"/></net>

<net id="425"><net_src comp="158" pin="0"/><net_sink comp="421" pin=0"/></net>

<net id="426"><net_src comp="54" pin="0"/><net_sink comp="421" pin=1"/></net>

<net id="431"><net_src comp="158" pin="0"/><net_sink comp="427" pin=0"/></net>

<net id="432"><net_src comp="56" pin="0"/><net_sink comp="427" pin=1"/></net>

<net id="437"><net_src comp="158" pin="0"/><net_sink comp="433" pin=0"/></net>

<net id="438"><net_src comp="58" pin="0"/><net_sink comp="433" pin=1"/></net>

<net id="443"><net_src comp="158" pin="0"/><net_sink comp="439" pin=0"/></net>

<net id="444"><net_src comp="60" pin="0"/><net_sink comp="439" pin=1"/></net>

<net id="449"><net_src comp="158" pin="0"/><net_sink comp="445" pin=0"/></net>

<net id="450"><net_src comp="62" pin="0"/><net_sink comp="445" pin=1"/></net>

<net id="455"><net_src comp="158" pin="0"/><net_sink comp="451" pin=0"/></net>

<net id="456"><net_src comp="64" pin="0"/><net_sink comp="451" pin=1"/></net>

<net id="461"><net_src comp="158" pin="0"/><net_sink comp="457" pin=0"/></net>

<net id="462"><net_src comp="66" pin="0"/><net_sink comp="457" pin=1"/></net>

<net id="467"><net_src comp="158" pin="0"/><net_sink comp="463" pin=0"/></net>

<net id="468"><net_src comp="68" pin="0"/><net_sink comp="463" pin=1"/></net>

<net id="473"><net_src comp="158" pin="0"/><net_sink comp="469" pin=0"/></net>

<net id="474"><net_src comp="70" pin="0"/><net_sink comp="469" pin=1"/></net>

<net id="479"><net_src comp="158" pin="0"/><net_sink comp="475" pin=0"/></net>

<net id="480"><net_src comp="72" pin="0"/><net_sink comp="475" pin=1"/></net>

<net id="485"><net_src comp="158" pin="0"/><net_sink comp="481" pin=0"/></net>

<net id="486"><net_src comp="74" pin="0"/><net_sink comp="481" pin=1"/></net>

<net id="491"><net_src comp="158" pin="0"/><net_sink comp="487" pin=0"/></net>

<net id="492"><net_src comp="76" pin="0"/><net_sink comp="487" pin=1"/></net>

<net id="497"><net_src comp="158" pin="0"/><net_sink comp="493" pin=0"/></net>

<net id="498"><net_src comp="78" pin="0"/><net_sink comp="493" pin=1"/></net>

<net id="503"><net_src comp="158" pin="0"/><net_sink comp="499" pin=0"/></net>

<net id="504"><net_src comp="80" pin="0"/><net_sink comp="499" pin=1"/></net>

<net id="509"><net_src comp="158" pin="0"/><net_sink comp="505" pin=0"/></net>

<net id="510"><net_src comp="82" pin="0"/><net_sink comp="505" pin=1"/></net>

<net id="515"><net_src comp="158" pin="0"/><net_sink comp="511" pin=0"/></net>

<net id="516"><net_src comp="84" pin="0"/><net_sink comp="511" pin=1"/></net>

<net id="521"><net_src comp="158" pin="0"/><net_sink comp="517" pin=0"/></net>

<net id="522"><net_src comp="86" pin="0"/><net_sink comp="517" pin=1"/></net>

<net id="527"><net_src comp="158" pin="0"/><net_sink comp="523" pin=0"/></net>

<net id="528"><net_src comp="88" pin="0"/><net_sink comp="523" pin=1"/></net>

<net id="533"><net_src comp="158" pin="0"/><net_sink comp="529" pin=0"/></net>

<net id="534"><net_src comp="90" pin="0"/><net_sink comp="529" pin=1"/></net>

<net id="539"><net_src comp="158" pin="0"/><net_sink comp="535" pin=0"/></net>

<net id="540"><net_src comp="92" pin="0"/><net_sink comp="535" pin=1"/></net>

<net id="545"><net_src comp="158" pin="0"/><net_sink comp="541" pin=0"/></net>

<net id="546"><net_src comp="94" pin="0"/><net_sink comp="541" pin=1"/></net>

<net id="551"><net_src comp="158" pin="0"/><net_sink comp="547" pin=0"/></net>

<net id="552"><net_src comp="96" pin="0"/><net_sink comp="547" pin=1"/></net>

<net id="557"><net_src comp="158" pin="0"/><net_sink comp="553" pin=0"/></net>

<net id="558"><net_src comp="98" pin="0"/><net_sink comp="553" pin=1"/></net>

<net id="563"><net_src comp="158" pin="0"/><net_sink comp="559" pin=0"/></net>

<net id="564"><net_src comp="100" pin="0"/><net_sink comp="559" pin=1"/></net>

<net id="569"><net_src comp="158" pin="0"/><net_sink comp="565" pin=0"/></net>

<net id="570"><net_src comp="102" pin="0"/><net_sink comp="565" pin=1"/></net>

<net id="575"><net_src comp="158" pin="0"/><net_sink comp="571" pin=0"/></net>

<net id="576"><net_src comp="104" pin="0"/><net_sink comp="571" pin=1"/></net>

<net id="581"><net_src comp="158" pin="0"/><net_sink comp="577" pin=0"/></net>

<net id="582"><net_src comp="106" pin="0"/><net_sink comp="577" pin=1"/></net>

<net id="587"><net_src comp="158" pin="0"/><net_sink comp="583" pin=0"/></net>

<net id="588"><net_src comp="108" pin="0"/><net_sink comp="583" pin=1"/></net>

<net id="593"><net_src comp="158" pin="0"/><net_sink comp="589" pin=0"/></net>

<net id="594"><net_src comp="110" pin="0"/><net_sink comp="589" pin=1"/></net>

<net id="599"><net_src comp="158" pin="0"/><net_sink comp="595" pin=0"/></net>

<net id="600"><net_src comp="112" pin="0"/><net_sink comp="595" pin=1"/></net>

<net id="605"><net_src comp="158" pin="0"/><net_sink comp="601" pin=0"/></net>

<net id="606"><net_src comp="114" pin="0"/><net_sink comp="601" pin=1"/></net>

<net id="611"><net_src comp="158" pin="0"/><net_sink comp="607" pin=0"/></net>

<net id="612"><net_src comp="116" pin="0"/><net_sink comp="607" pin=1"/></net>

<net id="617"><net_src comp="158" pin="0"/><net_sink comp="613" pin=0"/></net>

<net id="618"><net_src comp="118" pin="0"/><net_sink comp="613" pin=1"/></net>

<net id="623"><net_src comp="158" pin="0"/><net_sink comp="619" pin=0"/></net>

<net id="624"><net_src comp="120" pin="0"/><net_sink comp="619" pin=1"/></net>

<net id="629"><net_src comp="158" pin="0"/><net_sink comp="625" pin=0"/></net>

<net id="630"><net_src comp="122" pin="0"/><net_sink comp="625" pin=1"/></net>

<net id="635"><net_src comp="158" pin="0"/><net_sink comp="631" pin=0"/></net>

<net id="636"><net_src comp="124" pin="0"/><net_sink comp="631" pin=1"/></net>

<net id="641"><net_src comp="158" pin="0"/><net_sink comp="637" pin=0"/></net>

<net id="642"><net_src comp="126" pin="0"/><net_sink comp="637" pin=1"/></net>

<net id="647"><net_src comp="158" pin="0"/><net_sink comp="643" pin=0"/></net>

<net id="648"><net_src comp="128" pin="0"/><net_sink comp="643" pin=1"/></net>

<net id="653"><net_src comp="158" pin="0"/><net_sink comp="649" pin=0"/></net>

<net id="654"><net_src comp="130" pin="0"/><net_sink comp="649" pin=1"/></net>

<net id="659"><net_src comp="158" pin="0"/><net_sink comp="655" pin=0"/></net>

<net id="660"><net_src comp="132" pin="0"/><net_sink comp="655" pin=1"/></net>

<net id="665"><net_src comp="160" pin="0"/><net_sink comp="661" pin=0"/></net>

<net id="670"><net_src comp="162" pin="0"/><net_sink comp="666" pin=0"/></net>

<net id="675"><net_src comp="162" pin="0"/><net_sink comp="671" pin=0"/></net>

<net id="683"><net_src comp="676" pin="1"/><net_sink comp="679" pin=0"/></net>

<net id="684"><net_src comp="166" pin="0"/><net_sink comp="679" pin=1"/></net>

<net id="689"><net_src comp="676" pin="1"/><net_sink comp="685" pin=0"/></net>

<net id="690"><net_src comp="168" pin="0"/><net_sink comp="685" pin=1"/></net>

<net id="701"><net_src comp="691" pin="1"/><net_sink comp="697" pin=0"/></net>

<net id="702"><net_src comp="170" pin="0"/><net_sink comp="697" pin=1"/></net>

<net id="708"><net_src comp="697" pin="2"/><net_sink comp="703" pin=0"/></net>

<net id="709"><net_src comp="162" pin="0"/><net_sink comp="703" pin=1"/></net>

<net id="710"><net_src comp="691" pin="1"/><net_sink comp="703" pin=2"/></net>

<net id="715"><net_src comp="694" pin="1"/><net_sink comp="711" pin=0"/></net>

<net id="716"><net_src comp="172" pin="0"/><net_sink comp="711" pin=1"/></net>

<net id="722"><net_src comp="697" pin="2"/><net_sink comp="717" pin=0"/></net>

<net id="723"><net_src comp="711" pin="2"/><net_sink comp="717" pin=1"/></net>

<net id="724"><net_src comp="694" pin="1"/><net_sink comp="717" pin=2"/></net>

<net id="728"><net_src comp="703" pin="3"/><net_sink comp="725" pin=0"/></net>

<net id="735"><net_src comp="174" pin="0"/><net_sink comp="729" pin=0"/></net>

<net id="736"><net_src comp="717" pin="3"/><net_sink comp="729" pin=1"/></net>

<net id="737"><net_src comp="725" pin="1"/><net_sink comp="729" pin=2"/></net>

<net id="738"><net_src comp="162" pin="0"/><net_sink comp="729" pin=3"/></net>

<net id="742"><net_src comp="729" pin="4"/><net_sink comp="739" pin=0"/></net>

<net id="747"><net_src comp="739" pin="1"/><net_sink comp="743" pin=0"/></net>

<net id="748"><net_src comp="248" pin="2"/><net_sink comp="743" pin=1"/></net>

<net id="755"><net_src comp="176" pin="0"/><net_sink comp="749" pin=0"/></net>

<net id="756"><net_src comp="743" pin="2"/><net_sink comp="749" pin=1"/></net>

<net id="757"><net_src comp="178" pin="0"/><net_sink comp="749" pin=2"/></net>

<net id="758"><net_src comp="180" pin="0"/><net_sink comp="749" pin=3"/></net>

<net id="763"><net_src comp="703" pin="3"/><net_sink comp="759" pin=0"/></net>

<net id="764"><net_src comp="172" pin="0"/><net_sink comp="759" pin=1"/></net>

<net id="769"><net_src comp="685" pin="2"/><net_sink comp="765" pin=0"/></net>

<net id="774"><net_src comp="717" pin="3"/><net_sink comp="770" pin=0"/></net>

<net id="779"><net_src comp="759" pin="2"/><net_sink comp="775" pin=0"/></net>

<net id="785"><net_src comp="194" pin="0"/><net_sink comp="780" pin=0"/></net>

<net id="786"><net_src comp="162" pin="0"/><net_sink comp="780" pin=2"/></net>

<net id="791"><net_src comp="780" pin="3"/><net_sink comp="787" pin=0"/></net>

<net id="792"><net_src comp="196" pin="0"/><net_sink comp="787" pin=1"/></net>

<net id="797"><net_src comp="172" pin="0"/><net_sink comp="793" pin=1"/></net>

<net id="805"><net_src comp="0" pin="0"/><net_sink comp="801" pin=0"/></net>

<net id="806"><net_src comp="798" pin="1"/><net_sink comp="801" pin=1"/></net>

<net id="807"><net_src comp="801" pin="2"/><net_sink comp="254" pin=1"/></net>

<net id="812"><net_src comp="793" pin="2"/><net_sink comp="808" pin=0"/></net>

<net id="813"><net_src comp="172" pin="0"/><net_sink comp="808" pin=1"/></net>

<net id="820"><net_src comp="200" pin="0"/><net_sink comp="814" pin=0"/></net>

<net id="821"><net_src comp="787" pin="2"/><net_sink comp="814" pin=1"/></net>

<net id="822"><net_src comp="178" pin="0"/><net_sink comp="814" pin=2"/></net>

<net id="823"><net_src comp="202" pin="0"/><net_sink comp="814" pin=3"/></net>

<net id="830"><net_src comp="204" pin="0"/><net_sink comp="824" pin=0"/></net>

<net id="831"><net_src comp="814" pin="4"/><net_sink comp="824" pin=1"/></net>

<net id="832"><net_src comp="808" pin="2"/><net_sink comp="824" pin=2"/></net>

<net id="833"><net_src comp="188" pin="0"/><net_sink comp="824" pin=3"/></net>

<net id="837"><net_src comp="824" pin="4"/><net_sink comp="834" pin=0"/></net>

<net id="842"><net_src comp="834" pin="1"/><net_sink comp="838" pin=0"/></net>

<net id="849"><net_src comp="176" pin="0"/><net_sink comp="843" pin=0"/></net>

<net id="850"><net_src comp="838" pin="2"/><net_sink comp="843" pin=1"/></net>

<net id="851"><net_src comp="178" pin="0"/><net_sink comp="843" pin=2"/></net>

<net id="852"><net_src comp="180" pin="0"/><net_sink comp="843" pin=3"/></net>

<net id="860"><net_src comp="10" pin="0"/><net_sink comp="857" pin=0"/></net>

<net id="865"><net_src comp="190" pin="0"/><net_sink comp="861" pin=1"/></net>

<net id="871"><net_src comp="861" pin="2"/><net_sink comp="866" pin=0"/></net>

<net id="872"><net_src comp="206" pin="0"/><net_sink comp="866" pin=1"/></net>

<net id="873"><net_src comp="857" pin="1"/><net_sink comp="866" pin=2"/></net>

<net id="878"><net_src comp="866" pin="3"/><net_sink comp="874" pin=0"/></net>

<net id="879"><net_src comp="10" pin="0"/><net_sink comp="874" pin=1"/></net>

<net id="883"><net_src comp="12" pin="0"/><net_sink comp="880" pin=0"/></net>

<net id="888"><net_src comp="188" pin="0"/><net_sink comp="884" pin=1"/></net>

<net id="894"><net_src comp="884" pin="2"/><net_sink comp="889" pin=0"/></net>

<net id="895"><net_src comp="206" pin="0"/><net_sink comp="889" pin=1"/></net>

<net id="896"><net_src comp="880" pin="1"/><net_sink comp="889" pin=2"/></net>

<net id="901"><net_src comp="889" pin="3"/><net_sink comp="897" pin=0"/></net>

<net id="902"><net_src comp="12" pin="0"/><net_sink comp="897" pin=1"/></net>

<net id="907"><net_src comp="206" pin="0"/><net_sink comp="903" pin=0"/></net>

<net id="908"><net_src comp="16" pin="0"/><net_sink comp="903" pin=1"/></net>

<net id="913"><net_src comp="206" pin="0"/><net_sink comp="909" pin=0"/></net>

<net id="914"><net_src comp="8" pin="0"/><net_sink comp="909" pin=1"/></net>

<net id="919"><net_src comp="208" pin="0"/><net_sink comp="915" pin=0"/></net>

<net id="920"><net_src comp="16" pin="0"/><net_sink comp="915" pin=1"/></net>

<net id="925"><net_src comp="208" pin="0"/><net_sink comp="921" pin=0"/></net>

<net id="926"><net_src comp="18" pin="0"/><net_sink comp="921" pin=1"/></net>

<net id="931"><net_src comp="208" pin="0"/><net_sink comp="927" pin=0"/></net>

<net id="932"><net_src comp="14" pin="0"/><net_sink comp="927" pin=1"/></net>

<net id="937"><net_src comp="208" pin="0"/><net_sink comp="933" pin=0"/></net>

<net id="938"><net_src comp="20" pin="0"/><net_sink comp="933" pin=1"/></net>

<net id="946"><net_src comp="0" pin="0"/><net_sink comp="942" pin=0"/></net>

<net id="947"><net_src comp="939" pin="1"/><net_sink comp="942" pin=1"/></net>

<net id="948"><net_src comp="942" pin="2"/><net_sink comp="261" pin=1"/></net>

<net id="952"><net_src comp="14" pin="0"/><net_sink comp="949" pin=0"/></net>

<net id="957"><net_src comp="210" pin="0"/><net_sink comp="953" pin=1"/></net>

<net id="963"><net_src comp="953" pin="2"/><net_sink comp="958" pin=0"/></net>

<net id="964"><net_src comp="949" pin="1"/><net_sink comp="958" pin=1"/></net>

<net id="965"><net_src comp="206" pin="0"/><net_sink comp="958" pin=2"/></net>

<net id="970"><net_src comp="958" pin="3"/><net_sink comp="966" pin=0"/></net>

<net id="971"><net_src comp="14" pin="0"/><net_sink comp="966" pin=1"/></net>

<net id="975"><net_src comp="18" pin="0"/><net_sink comp="972" pin=0"/></net>

<net id="980"><net_src comp="190" pin="0"/><net_sink comp="976" pin=1"/></net>

<net id="986"><net_src comp="976" pin="2"/><net_sink comp="981" pin=0"/></net>

<net id="987"><net_src comp="206" pin="0"/><net_sink comp="981" pin=1"/></net>

<net id="988"><net_src comp="972" pin="1"/><net_sink comp="981" pin=2"/></net>

<net id="993"><net_src comp="981" pin="3"/><net_sink comp="989" pin=0"/></net>

<net id="994"><net_src comp="18" pin="0"/><net_sink comp="989" pin=1"/></net>

<net id="998"><net_src comp="20" pin="0"/><net_sink comp="995" pin=0"/></net>

<net id="1003"><net_src comp="188" pin="0"/><net_sink comp="999" pin=1"/></net>

<net id="1009"><net_src comp="999" pin="2"/><net_sink comp="1004" pin=0"/></net>

<net id="1010"><net_src comp="206" pin="0"/><net_sink comp="1004" pin=1"/></net>

<net id="1011"><net_src comp="995" pin="1"/><net_sink comp="1004" pin=2"/></net>

<net id="1016"><net_src comp="1004" pin="3"/><net_sink comp="1012" pin=0"/></net>

<net id="1017"><net_src comp="20" pin="0"/><net_sink comp="1012" pin=1"/></net>

<net id="1023"><net_src comp="194" pin="0"/><net_sink comp="1018" pin=0"/></net>

<net id="1024"><net_src comp="162" pin="0"/><net_sink comp="1018" pin=2"/></net>

<net id="1028"><net_src comp="1018" pin="3"/><net_sink comp="1025" pin=0"/></net>

<net id="1033"><net_src comp="1025" pin="1"/><net_sink comp="1029" pin=1"/></net>

<net id="1037"><net_src comp="1029" pin="2"/><net_sink comp="1034" pin=0"/></net>

<net id="1041"><net_src comp="1034" pin="1"/><net_sink comp="1038" pin=0"/></net>

<net id="1046"><net_src comp="1038" pin="1"/><net_sink comp="1042" pin=0"/></net>

<net id="1047"><net_src comp="88" pin="0"/><net_sink comp="1042" pin=1"/></net>

<net id="1052"><net_src comp="1038" pin="1"/><net_sink comp="1048" pin=0"/></net>

<net id="1053"><net_src comp="90" pin="0"/><net_sink comp="1048" pin=1"/></net>

<net id="1058"><net_src comp="1038" pin="1"/><net_sink comp="1054" pin=0"/></net>

<net id="1059"><net_src comp="92" pin="0"/><net_sink comp="1054" pin=1"/></net>

<net id="1064"><net_src comp="1038" pin="1"/><net_sink comp="1060" pin=0"/></net>

<net id="1065"><net_src comp="86" pin="0"/><net_sink comp="1060" pin=1"/></net>

<net id="1070"><net_src comp="1038" pin="1"/><net_sink comp="1066" pin=0"/></net>

<net id="1071"><net_src comp="96" pin="0"/><net_sink comp="1066" pin=1"/></net>

<net id="1076"><net_src comp="1038" pin="1"/><net_sink comp="1072" pin=0"/></net>

<net id="1077"><net_src comp="98" pin="0"/><net_sink comp="1072" pin=1"/></net>

<net id="1082"><net_src comp="1038" pin="1"/><net_sink comp="1078" pin=0"/></net>

<net id="1083"><net_src comp="100" pin="0"/><net_sink comp="1078" pin=1"/></net>

<net id="1088"><net_src comp="1038" pin="1"/><net_sink comp="1084" pin=0"/></net>

<net id="1089"><net_src comp="94" pin="0"/><net_sink comp="1084" pin=1"/></net>

<net id="1094"><net_src comp="1038" pin="1"/><net_sink comp="1090" pin=0"/></net>

<net id="1095"><net_src comp="104" pin="0"/><net_sink comp="1090" pin=1"/></net>

<net id="1100"><net_src comp="1038" pin="1"/><net_sink comp="1096" pin=0"/></net>

<net id="1101"><net_src comp="106" pin="0"/><net_sink comp="1096" pin=1"/></net>

<net id="1106"><net_src comp="1038" pin="1"/><net_sink comp="1102" pin=0"/></net>

<net id="1107"><net_src comp="108" pin="0"/><net_sink comp="1102" pin=1"/></net>

<net id="1112"><net_src comp="1038" pin="1"/><net_sink comp="1108" pin=0"/></net>

<net id="1113"><net_src comp="102" pin="0"/><net_sink comp="1108" pin=1"/></net>

<net id="1118"><net_src comp="1038" pin="1"/><net_sink comp="1114" pin=0"/></net>

<net id="1119"><net_src comp="112" pin="0"/><net_sink comp="1114" pin=1"/></net>

<net id="1124"><net_src comp="1038" pin="1"/><net_sink comp="1120" pin=0"/></net>

<net id="1125"><net_src comp="114" pin="0"/><net_sink comp="1120" pin=1"/></net>

<net id="1130"><net_src comp="1038" pin="1"/><net_sink comp="1126" pin=0"/></net>

<net id="1131"><net_src comp="116" pin="0"/><net_sink comp="1126" pin=1"/></net>

<net id="1136"><net_src comp="1038" pin="1"/><net_sink comp="1132" pin=0"/></net>

<net id="1137"><net_src comp="110" pin="0"/><net_sink comp="1132" pin=1"/></net>

<net id="1142"><net_src comp="1038" pin="1"/><net_sink comp="1138" pin=0"/></net>

<net id="1143"><net_src comp="120" pin="0"/><net_sink comp="1138" pin=1"/></net>

<net id="1148"><net_src comp="1038" pin="1"/><net_sink comp="1144" pin=0"/></net>

<net id="1149"><net_src comp="122" pin="0"/><net_sink comp="1144" pin=1"/></net>

<net id="1154"><net_src comp="1038" pin="1"/><net_sink comp="1150" pin=0"/></net>

<net id="1155"><net_src comp="124" pin="0"/><net_sink comp="1150" pin=1"/></net>

<net id="1160"><net_src comp="1038" pin="1"/><net_sink comp="1156" pin=0"/></net>

<net id="1161"><net_src comp="118" pin="0"/><net_sink comp="1156" pin=1"/></net>

<net id="1166"><net_src comp="1038" pin="1"/><net_sink comp="1162" pin=0"/></net>

<net id="1167"><net_src comp="128" pin="0"/><net_sink comp="1162" pin=1"/></net>

<net id="1172"><net_src comp="1038" pin="1"/><net_sink comp="1168" pin=0"/></net>

<net id="1173"><net_src comp="130" pin="0"/><net_sink comp="1168" pin=1"/></net>

<net id="1178"><net_src comp="1038" pin="1"/><net_sink comp="1174" pin=0"/></net>

<net id="1179"><net_src comp="132" pin="0"/><net_sink comp="1174" pin=1"/></net>

<net id="1184"><net_src comp="1038" pin="1"/><net_sink comp="1180" pin=0"/></net>

<net id="1185"><net_src comp="126" pin="0"/><net_sink comp="1180" pin=1"/></net>

<net id="1190"><net_src comp="1038" pin="1"/><net_sink comp="1186" pin=0"/></net>

<net id="1191"><net_src comp="32" pin="0"/><net_sink comp="1186" pin=1"/></net>

<net id="1196"><net_src comp="1038" pin="1"/><net_sink comp="1192" pin=0"/></net>

<net id="1197"><net_src comp="34" pin="0"/><net_sink comp="1192" pin=1"/></net>

<net id="1202"><net_src comp="1038" pin="1"/><net_sink comp="1198" pin=0"/></net>

<net id="1203"><net_src comp="36" pin="0"/><net_sink comp="1198" pin=1"/></net>

<net id="1208"><net_src comp="1038" pin="1"/><net_sink comp="1204" pin=0"/></net>

<net id="1209"><net_src comp="30" pin="0"/><net_sink comp="1204" pin=1"/></net>

<net id="1215"><net_src comp="194" pin="0"/><net_sink comp="1210" pin=0"/></net>

<net id="1216"><net_src comp="162" pin="0"/><net_sink comp="1210" pin=2"/></net>

<net id="1220"><net_src comp="1210" pin="3"/><net_sink comp="1217" pin=0"/></net>

<net id="1225"><net_src comp="1217" pin="1"/><net_sink comp="1221" pin=1"/></net>

<net id="1229"><net_src comp="1221" pin="2"/><net_sink comp="1226" pin=0"/></net>

<net id="1233"><net_src comp="1226" pin="1"/><net_sink comp="1230" pin=0"/></net>

<net id="1238"><net_src comp="1230" pin="1"/><net_sink comp="1234" pin=0"/></net>

<net id="1239"><net_src comp="40" pin="0"/><net_sink comp="1234" pin=1"/></net>

<net id="1244"><net_src comp="1230" pin="1"/><net_sink comp="1240" pin=0"/></net>

<net id="1245"><net_src comp="42" pin="0"/><net_sink comp="1240" pin=1"/></net>

<net id="1250"><net_src comp="1230" pin="1"/><net_sink comp="1246" pin=0"/></net>

<net id="1251"><net_src comp="44" pin="0"/><net_sink comp="1246" pin=1"/></net>

<net id="1256"><net_src comp="1230" pin="1"/><net_sink comp="1252" pin=0"/></net>

<net id="1257"><net_src comp="38" pin="0"/><net_sink comp="1252" pin=1"/></net>

<net id="1262"><net_src comp="1230" pin="1"/><net_sink comp="1258" pin=0"/></net>

<net id="1263"><net_src comp="48" pin="0"/><net_sink comp="1258" pin=1"/></net>

<net id="1268"><net_src comp="1230" pin="1"/><net_sink comp="1264" pin=0"/></net>

<net id="1269"><net_src comp="50" pin="0"/><net_sink comp="1264" pin=1"/></net>

<net id="1274"><net_src comp="1230" pin="1"/><net_sink comp="1270" pin=0"/></net>

<net id="1275"><net_src comp="52" pin="0"/><net_sink comp="1270" pin=1"/></net>

<net id="1280"><net_src comp="1230" pin="1"/><net_sink comp="1276" pin=0"/></net>

<net id="1281"><net_src comp="46" pin="0"/><net_sink comp="1276" pin=1"/></net>

<net id="1286"><net_src comp="1230" pin="1"/><net_sink comp="1282" pin=0"/></net>

<net id="1287"><net_src comp="56" pin="0"/><net_sink comp="1282" pin=1"/></net>

<net id="1292"><net_src comp="1230" pin="1"/><net_sink comp="1288" pin=0"/></net>

<net id="1293"><net_src comp="58" pin="0"/><net_sink comp="1288" pin=1"/></net>

<net id="1298"><net_src comp="1230" pin="1"/><net_sink comp="1294" pin=0"/></net>

<net id="1299"><net_src comp="60" pin="0"/><net_sink comp="1294" pin=1"/></net>

<net id="1304"><net_src comp="1230" pin="1"/><net_sink comp="1300" pin=0"/></net>

<net id="1305"><net_src comp="54" pin="0"/><net_sink comp="1300" pin=1"/></net>

<net id="1310"><net_src comp="1230" pin="1"/><net_sink comp="1306" pin=0"/></net>

<net id="1311"><net_src comp="64" pin="0"/><net_sink comp="1306" pin=1"/></net>

<net id="1316"><net_src comp="1230" pin="1"/><net_sink comp="1312" pin=0"/></net>

<net id="1317"><net_src comp="66" pin="0"/><net_sink comp="1312" pin=1"/></net>

<net id="1322"><net_src comp="1230" pin="1"/><net_sink comp="1318" pin=0"/></net>

<net id="1323"><net_src comp="68" pin="0"/><net_sink comp="1318" pin=1"/></net>

<net id="1328"><net_src comp="1230" pin="1"/><net_sink comp="1324" pin=0"/></net>

<net id="1329"><net_src comp="62" pin="0"/><net_sink comp="1324" pin=1"/></net>

<net id="1334"><net_src comp="1230" pin="1"/><net_sink comp="1330" pin=0"/></net>

<net id="1335"><net_src comp="72" pin="0"/><net_sink comp="1330" pin=1"/></net>

<net id="1340"><net_src comp="1230" pin="1"/><net_sink comp="1336" pin=0"/></net>

<net id="1341"><net_src comp="74" pin="0"/><net_sink comp="1336" pin=1"/></net>

<net id="1346"><net_src comp="1230" pin="1"/><net_sink comp="1342" pin=0"/></net>

<net id="1347"><net_src comp="76" pin="0"/><net_sink comp="1342" pin=1"/></net>

<net id="1352"><net_src comp="1230" pin="1"/><net_sink comp="1348" pin=0"/></net>

<net id="1353"><net_src comp="70" pin="0"/><net_sink comp="1348" pin=1"/></net>

<net id="1358"><net_src comp="1230" pin="1"/><net_sink comp="1354" pin=0"/></net>

<net id="1359"><net_src comp="80" pin="0"/><net_sink comp="1354" pin=1"/></net>

<net id="1364"><net_src comp="1230" pin="1"/><net_sink comp="1360" pin=0"/></net>

<net id="1365"><net_src comp="82" pin="0"/><net_sink comp="1360" pin=1"/></net>

<net id="1370"><net_src comp="1230" pin="1"/><net_sink comp="1366" pin=0"/></net>

<net id="1371"><net_src comp="84" pin="0"/><net_sink comp="1366" pin=1"/></net>

<net id="1376"><net_src comp="1230" pin="1"/><net_sink comp="1372" pin=0"/></net>

<net id="1377"><net_src comp="78" pin="0"/><net_sink comp="1372" pin=1"/></net>

<net id="1382"><net_src comp="1230" pin="1"/><net_sink comp="1378" pin=0"/></net>

<net id="1383"><net_src comp="24" pin="0"/><net_sink comp="1378" pin=1"/></net>

<net id="1388"><net_src comp="1230" pin="1"/><net_sink comp="1384" pin=0"/></net>

<net id="1389"><net_src comp="26" pin="0"/><net_sink comp="1384" pin=1"/></net>

<net id="1394"><net_src comp="1230" pin="1"/><net_sink comp="1390" pin=0"/></net>

<net id="1395"><net_src comp="28" pin="0"/><net_sink comp="1390" pin=1"/></net>

<net id="1400"><net_src comp="1230" pin="1"/><net_sink comp="1396" pin=0"/></net>

<net id="1401"><net_src comp="22" pin="0"/><net_sink comp="1396" pin=1"/></net>

<net id="1405"><net_src comp="224" pin="1"/><net_sink comp="1402" pin=0"/></net>

<net id="1406"><net_src comp="1402" pin="1"/><net_sink comp="671" pin=1"/></net>

<net id="1407"><net_src comp="1402" pin="1"/><net_sink comp="691" pin=0"/></net>

<net id="1408"><net_src comp="1402" pin="1"/><net_sink comp="775" pin=1"/></net>

<net id="1412"><net_src comp="228" pin="1"/><net_sink comp="1409" pin=0"/></net>

<net id="1413"><net_src comp="1409" pin="1"/><net_sink comp="666" pin=1"/></net>

<net id="1414"><net_src comp="1409" pin="1"/><net_sink comp="694" pin=0"/></net>

<net id="1415"><net_src comp="1409" pin="1"/><net_sink comp="770" pin=1"/></net>

<net id="1419"><net_src comp="232" pin="1"/><net_sink comp="1416" pin=0"/></net>

<net id="1420"><net_src comp="1416" pin="1"/><net_sink comp="661" pin=1"/></net>

<net id="1421"><net_src comp="1416" pin="1"/><net_sink comp="676" pin=0"/></net>

<net id="1422"><net_src comp="1416" pin="1"/><net_sink comp="765" pin=1"/></net>

<net id="1426"><net_src comp="236" pin="2"/><net_sink comp="1423" pin=0"/></net>

<net id="1427"><net_src comp="1423" pin="1"/><net_sink comp="1210" pin=1"/></net>

<net id="1431"><net_src comp="242" pin="2"/><net_sink comp="1428" pin=0"/></net>

<net id="1432"><net_src comp="1428" pin="1"/><net_sink comp="1018" pin=1"/></net>

<net id="1436"><net_src comp="248" pin="2"/><net_sink comp="1433" pin=0"/></net>

<net id="1437"><net_src comp="1433" pin="1"/><net_sink comp="838" pin=1"/></net>

<net id="1441"><net_src comp="679" pin="2"/><net_sink comp="1438" pin=0"/></net>

<net id="1445"><net_src comp="703" pin="3"/><net_sink comp="1442" pin=0"/></net>

<net id="1446"><net_src comp="1442" pin="1"/><net_sink comp="793" pin=0"/></net>

<net id="1447"><net_src comp="1442" pin="1"/><net_sink comp="853" pin=1"/></net>

<net id="1451"><net_src comp="717" pin="3"/><net_sink comp="1448" pin=0"/></net>

<net id="1452"><net_src comp="1448" pin="1"/><net_sink comp="780" pin=1"/></net>

<net id="1453"><net_src comp="1448" pin="1"/><net_sink comp="853" pin=0"/></net>

<net id="1457"><net_src comp="725" pin="1"/><net_sink comp="1454" pin=0"/></net>

<net id="1458"><net_src comp="1454" pin="1"/><net_sink comp="861" pin=0"/></net>

<net id="1459"><net_src comp="1454" pin="1"/><net_sink comp="884" pin=0"/></net>

<net id="1460"><net_src comp="1454" pin="1"/><net_sink comp="278" pin=0"/></net>

<net id="1461"><net_src comp="1454" pin="1"/><net_sink comp="953" pin=0"/></net>

<net id="1462"><net_src comp="1454" pin="1"/><net_sink comp="976" pin=0"/></net>

<net id="1463"><net_src comp="1454" pin="1"/><net_sink comp="999" pin=0"/></net>

<net id="1467"><net_src comp="749" pin="4"/><net_sink comp="1464" pin=0"/></net>

<net id="1468"><net_src comp="1464" pin="1"/><net_sink comp="798" pin=0"/></net>

<net id="1472"><net_src comp="801" pin="2"/><net_sink comp="1469" pin=0"/></net>

<net id="1473"><net_src comp="1469" pin="1"/><net_sink comp="254" pin=1"/></net>

<net id="1474"><net_src comp="1469" pin="1"/><net_sink comp="268" pin=1"/></net>

<net id="1478"><net_src comp="843" pin="4"/><net_sink comp="1475" pin=0"/></net>

<net id="1479"><net_src comp="1475" pin="1"/><net_sink comp="939" pin=0"/></net>

<net id="1483"><net_src comp="853" pin="2"/><net_sink comp="1480" pin=0"/></net>

<net id="1493"><net_src comp="942" pin="2"/><net_sink comp="1490" pin=0"/></net>

<net id="1494"><net_src comp="1490" pin="1"/><net_sink comp="261" pin=1"/></net>

<net id="1495"><net_src comp="1490" pin="1"/><net_sink comp="273" pin=1"/></net>

<net id="1499"><net_src comp="268" pin="2"/><net_sink comp="1496" pin=0"/></net>

<net id="1500"><net_src comp="1496" pin="1"/><net_sink comp="1029" pin=0"/></net>

<net id="1504"><net_src comp="273" pin="2"/><net_sink comp="1501" pin=0"/></net>

<net id="1505"><net_src comp="1501" pin="1"/><net_sink comp="1221" pin=0"/></net>

</net_list>

</model> 
---------------- Datapath Model END ------------------

* FSMD analyzer results:
  - Output states:
	Port: memA | {}
	Port: mux_case_25173935_out | {1 2 }
	Port: mux_case_14563696_out | {1 2 }
	Port: mux_case_04503655_out | {1 2 }
	Port: mux_case_34483646_out | {1 2 4 }
	Port: mux_case_24423605_out | {1 2 }
	Port: mux_case_14363564_out | {1 2 4 }
	Port: mux_case_04303523_out | {1 2 4 }
	Port: mux_case_32023515_out | {1 12 }
	Port: mux_case_22013504_out | {1 12 }
	Port: mux_case_12003493_out | {1 12 }
	Port: mux_case_01993482_out | {1 12 }
	Port: mux_case_31733471_out | {1 11 }
	Port: mux_case_21723460_out | {1 11 }
	Port: mux_case_11713449_out | {1 11 }
	Port: mux_case_01703438_out | {1 11 }
	Port: mux_case_31433427_out | {1 12 }
	Port: mux_case_21423414_out | {1 12 }
	Port: mux_case_11413401_out | {1 12 }
	Port: mux_case_01403388_out | {1 12 }
	Port: mux_case_31383375_out | {1 12 }
	Port: mux_case_21373362_out | {1 12 }
	Port: mux_case_11363349_out | {1 12 }
	Port: mux_case_01353336_out | {1 12 }
	Port: mux_case_31333323_out | {1 12 }
	Port: mux_case_21323310_out | {1 12 }
	Port: mux_case_11313297_out | {1 12 }
	Port: mux_case_01303284_out | {1 12 }
	Port: mux_case_31283271_out | {1 12 }
	Port: mux_case_21273258_out | {1 12 }
	Port: mux_case_11263245_out | {1 12 }
	Port: mux_case_01253232_out | {1 12 }
	Port: mux_case_31233219_out | {1 12 }
	Port: mux_case_21223206_out | {1 12 }
	Port: mux_case_11213193_out | {1 12 }
	Port: mux_case_01203180_out | {1 12 }
	Port: mux_case_31183166_out | {1 12 }
	Port: mux_case_21173155_out | {1 12 }
	Port: mux_case_11163144_out | {1 12 }
	Port: mux_case_01153133_out | {1 12 }
	Port: mux_case_31143123_out | {1 11 }
	Port: mux_case_21133110_out | {1 11 }
	Port: mux_case_11123097_out | {1 11 }
	Port: mux_case_01113084_out | {1 11 }
	Port: mux_case_31103071_out | {1 11 }
	Port: mux_case_21093058_out | {1 11 }
	Port: mux_case_11083045_out | {1 11 }
	Port: mux_case_01073032_out | {1 11 }
	Port: mux_case_31053019_out | {1 11 }
	Port: mux_case_21043006_out | {1 11 }
	Port: mux_case_11032993_out | {1 11 }
	Port: mux_case_01022980_out | {1 11 }
	Port: mux_case_31002967_out | {1 11 }
	Port: mux_case_2992954_out | {1 11 }
	Port: mux_case_1982941_out | {1 11 }
	Port: mux_case_0972928_out | {1 11 }
	Port: mux_case_3952915_out | {1 11 }
	Port: mux_case_2942902_out | {1 11 }
	Port: mux_case_1932889_out | {1 11 }
	Port: mux_case_0922876_out | {1 11 }
	Port: mux_case_32862_out | {1 11 }
	Port: mux_case_22851_out | {1 11 }
	Port: mux_case_12840_out | {1 11 }
	Port: mux_case_02829_out | {1 11 }
 - Input state : 
	Port: top_Pipeline_READ_INIT_VITIS_LOOP_87_1 : memA | {2 3 4 5 6 7 8 9 10 11 }
	Port: top_Pipeline_READ_INIT_VITIS_LOOP_87_1 : A_DRAM | {1 }
	Port: top_Pipeline_READ_INIT_VITIS_LOOP_87_1 : empty | {1 }
	Port: top_Pipeline_READ_INIT_VITIS_LOOP_87_1 : xor_ln85 | {1 }
	Port: top_Pipeline_READ_INIT_VITIS_LOOP_87_1 : mux_case_14563696_out | {2 }
	Port: top_Pipeline_READ_INIT_VITIS_LOOP_87_1 : mux_case_04503655_out | {2 }
	Port: top_Pipeline_READ_INIT_VITIS_LOOP_87_1 : mux_case_34483646_out | {4 }
	Port: top_Pipeline_READ_INIT_VITIS_LOOP_87_1 : mux_case_14363564_out | {4 }
	Port: top_Pipeline_READ_INIT_VITIS_LOOP_87_1 : mux_case_04303523_out | {4 }
  - Chain level:
	State 1
		store_ln0 : 1
		store_ln85 : 1
		store_ln87 : 1
		indvar_flatten_load : 1
		icmp_ln85 : 2
		add_ln85 : 2
		br_ln85 : 3
		j_load : 1
		i_load : 1
		icmp_ln87 : 2
		select_ln85 : 3
		add_ln85_1 : 2
		select_ln85_1 : 3
		trunc_ln87 : 4
		shl_ln91_2 : 5
		zext_ln91 : 6
		add_ln91 : 7
		trunc_ln91_2 : 8
		switch_ln95 : 4
		switch_ln95 : 5
		switch_ln95 : 5
		switch_ln95 : 5
		switch_ln95 : 5
		switch_ln95 : 5
		switch_ln95 : 5
		switch_ln95 : 5
		add_ln87 : 4
		store_ln85 : 3
		store_ln85 : 4
		store_ln87 : 5
	State 2
		or_ln87 : 1
		memA_addr : 1
		memA_load_req : 2
		tmp_s : 1
		tmp_58 : 2
		zext_ln91_2 : 3
		add_ln91_1 : 4
		trunc_ln91_3 : 5
		br_ln98 : 1
		select_ln105_4 : 1
		store_ln105 : 2
		select_ln105_3 : 1
		store_ln105 : 2
		br_ln105 : 1
		br_ln105 : 1
	State 3
		memA_addr_1 : 1
		memA_load_1_req : 2
	State 4
		select_ln105_2 : 1
		store_ln105 : 2
		select_ln105_1 : 1
		store_ln105 : 2
		select_ln105 : 1
		store_ln105 : 2
	State 5
	State 6
	State 7
	State 8
	State 9
	State 10
	State 11
		zext_ln91_1 : 1
		lshr_ln91 : 2
		trunc_ln91 : 3
		R_real : 4
		store_ln91 : 5
		store_ln91 : 5
		store_ln91 : 5
		store_ln91 : 5
		store_ln91 : 5
		store_ln91 : 5
		store_ln91 : 5
		store_ln91 : 5
		store_ln91 : 5
		store_ln91 : 5
		store_ln91 : 5
		store_ln91 : 5
		store_ln91 : 5
		store_ln91 : 5
		store_ln91 : 5
		store_ln91 : 5
		store_ln91 : 5
		store_ln91 : 5
		store_ln91 : 5
		store_ln91 : 5
		store_ln91 : 5
		store_ln91 : 5
		store_ln91 : 5
		store_ln91 : 5
		store_ln91 : 5
		store_ln91 : 5
		store_ln91 : 5
		store_ln91 : 5
	State 12
		zext_ln91_3 : 1
		lshr_ln91_1 : 2
		trunc_ln91_1 : 3
		R_imag : 4
		store_ln91 : 5
		store_ln91 : 5
		store_ln91 : 5
		store_ln91 : 5
		store_ln91 : 5
		store_ln91 : 5
		store_ln91 : 5
		store_ln91 : 5
		store_ln91 : 5
		store_ln91 : 5
		store_ln91 : 5
		store_ln91 : 5
		store_ln91 : 5
		store_ln91 : 5
		store_ln91 : 5
		store_ln91 : 5
		store_ln91 : 5
		store_ln91 : 5
		store_ln91 : 5
		store_ln91 : 5
		store_ln91 : 5
		store_ln91 : 5
		store_ln91 : 5
		store_ln91 : 5
		store_ln91 : 5
		store_ln91 : 5
		store_ln91 : 5
		store_ln91 : 5


============================================================
+ Verbose Summary: Datapath Resource usage 
============================================================

* Functional unit list:
|----------|------------------------------|---------|---------|
| Operation|        Functional Unit       |    FF   |   LUT   |
|----------|------------------------------|---------|---------|
|   lshr   |       lshr_ln91_fu_1029      |    0    |   179   |
|          |      lshr_ln91_1_fu_1221     |    0    |   179   |
|----------|------------------------------|---------|---------|
|          |        add_ln85_fu_685       |    0    |    12   |
|          |       add_ln85_1_fu_711      |    0    |    10   |
|    add   |        add_ln91_fu_743       |    0    |    71   |
|          |        add_ln87_fu_759       |    0    |    10   |
|          |       add_ln91_1_fu_838      |    0    |    71   |
|----------|------------------------------|---------|---------|
|          |      select_ln85_fu_703      |    0    |    3    |
|          |     select_ln85_1_fu_717     |    0    |    3    |
|          |     select_ln105_4_fu_866    |    0    |    32   |
|  select  |     select_ln105_3_fu_889    |    0    |    32   |
|          |     select_ln105_2_fu_958    |    0    |    32   |
|          |     select_ln105_1_fu_981    |    0    |    32   |
|          |     select_ln105_fu_1004     |    0    |    32   |
|----------|------------------------------|---------|---------|
|          |          grp_fu_278          |    0    |    9    |
|          |       icmp_ln85_fu_679       |    0    |    12   |
|          |       icmp_ln87_fu_697       |    0    |    10   |
|          |       icmp_ln98_fu_853       |    0    |    10   |
|   icmp   |      icmp_ln105_4_fu_861     |    0    |    9    |
|          |      icmp_ln105_3_fu_884     |    0    |    9    |
|          |      icmp_ln105_2_fu_953     |    0    |    9    |
|          |      icmp_ln105_1_fu_976     |    0    |    9    |
|          |       icmp_ln105_fu_999      |    0    |    9    |
|----------|------------------------------|---------|---------|
|          |   xor_ln85_read_read_fu_236  |    0    |    0    |
|          |        tmp_read_fu_242       |    0    |    0    |
|   read   |    A_DRAM_read_read_fu_248   |    0    |    0    |
|          |  memA_addr_read_read_fu_268  |    0    |    0    |
|          | memA_addr_1_read_read_fu_273 |    0    |    0    |
|----------|------------------------------|---------|---------|
|  readreq |      grp_readreq_fu_254      |    0    |    0    |
|          |      grp_readreq_fu_261      |    0    |    0    |
|----------|------------------------------|---------|---------|
|          |       trunc_ln87_fu_725      |    0    |    0    |
|   trunc  |      trunc_ln91_fu_1034      |    0    |    0    |
|          |     trunc_ln91_1_fu_1226     |    0    |    0    |
|----------|------------------------------|---------|---------|
|          |       shl_ln91_2_fu_729      |    0    |    0    |
|          |         shl_ln_fu_780        |    0    |    0    |
|bitconcatenate|         tmp_58_fu_824        |    0    |    0    |
|          |        shl_ln1_fu_1018       |    0    |    0    |
|          |      shl_ln91_1_fu_1210      |    0    |    0    |
|----------|------------------------------|---------|---------|
|          |       zext_ln91_fu_739       |    0    |    0    |
|   zext   |      zext_ln91_2_fu_834      |    0    |    0    |
|          |      zext_ln91_1_fu_1025     |    0    |    0    |
|          |      zext_ln91_3_fu_1217     |    0    |    0    |
|----------|------------------------------|---------|---------|
|          |      trunc_ln91_2_fu_749     |    0    |    0    |
|partselect|         tmp_s_fu_814         |    0    |    0    |
|          |      trunc_ln91_3_fu_843     |    0    |    0    |
|----------|------------------------------|---------|---------|
|    or    |        or_ln87_fu_787        |    0    |    0    |
|          |        or_ln91_fu_808        |    0    |    0    |
|----------|------------------------------|---------|---------|
|    shl   |        shl_ln87_fu_793       |    0    |    0    |
|----------|------------------------------|---------|---------|
|   sext   |       sext_ln91_fu_798       |    0    |    0    |
|          |      sext_ln91_1_fu_939      |    0    |    0    |
|----------|------------------------------|---------|---------|
|   Total  |                              |    0    |   784   |
|----------|------------------------------|---------|---------|

Memories:
N/A

* Register list:
+-------------------------+--------+
|                         |   FF   |
+-------------------------+--------+
|   A_DRAM_read_reg_1433  |   64   |
|        i_reg_1409       |    3   |
|    icmp_ln85_reg_1438   |    1   |
|    icmp_ln98_reg_1480   |    1   |
| indvar_flatten_reg_1416 |    5   |
|        j_reg_1402       |    3   |
|memA_addr_1_read_reg_1501|   64   |
|   memA_addr_1_reg_1490  |   64   |
| memA_addr_read_reg_1496 |   64   |
|    memA_addr_reg_1469   |   64   |
|  select_ln85_1_reg_1448 |    3   |
|   select_ln85_reg_1442  |    3   |
|       tmp_reg_1428      |    3   |
|   trunc_ln87_reg_1454   |    2   |
|  trunc_ln91_2_reg_1464  |   61   |
|  trunc_ln91_3_reg_1475  |   61   |
|  xor_ln85_read_reg_1423 |    3   |
+-------------------------+--------+
|          Total          |   469  |
+-------------------------+--------+

* Multiplexer (MUX) list: 
|--------------------|------|------|------|--------||---------||---------|
|        Comp        |  Pin | Size |  BW  | S x BW ||  Delay  ||   LUT   |
|--------------------|------|------|------|--------||---------||---------|
| grp_readreq_fu_254 |  p1  |   2  |  64  |   128  ||    9    |
| grp_readreq_fu_261 |  p1  |   2  |  64  |   128  ||    9    |
|--------------------|------|------|------|--------||---------||---------|
|        Total       |      |      |      |   256  ||  0.854  ||    18   |
|--------------------|------|------|------|--------||---------||---------|



* Summary:
+-----------+--------+--------+--------+
|           |  Delay |   FF   |   LUT  |
+-----------+--------+--------+--------+
|  Function |    -   |    0   |   784  |
|   Memory  |    -   |    -   |    -   |
|Multiplexer|    0   |    -   |   18   |
|  Register |    -   |   469  |    -   |
+-----------+--------+--------+--------+
|   Total   |    0   |   469  |   802  |
+-----------+--------+--------+--------+
