

================================================================
== Vitis HLS Report for 'top_Pipeline_WRITE_R_VITIS_LOOP_216_11'
================================================================
* Date:           Thu Mar  5 00:42:44 2026

* Version:        2023.2 (Build 4023990 on Oct 11 2023)
* Project:        CGR_QR_WBS
* Solution:       solution1 (Vivado IP Flow Target)
* Product family: zynquplus
* Target device:  xczu7ev-ffvc1156-2-e


================================================================
== Performance Estimates
================================================================
+ Timing: 
    * Summary: 
    +--------+----------+----------+------------+
    |  Clock |  Target  | Estimated| Uncertainty|
    +--------+----------+----------+------------+
    |ap_clk  |  10.00 ns|  8.750 ns|     1.25 ns|
    +--------+----------+----------+------------+

+ Latency: 
    * Summary: 
    +---------+---------+----------+----------+-----+-----+---------+
    |  Latency (cycles) |  Latency (absolute) |  Interval | Pipeline|
    |   min   |   max   |    min   |    max   | min | max |   Type  |
    +---------+---------+----------+----------+-----+-----+---------+
    |       41|       41|  0.410 us|  0.410 us|   41|   41|       no|
    +---------+---------+----------+----------+-----+-----+---------+

    + Detail: 
        * Instance: 
        N/A

        * Loop: 
        +-----------------------------+---------+---------+----------+-----------+-----------+------+----------+
        |                             |  Latency (cycles) | Iteration|  Initiation Interval  | Trip |          |
        |          Loop Name          |   min   |   max   |  Latency |  achieved |   target  | Count| Pipelined|
        +-----------------------------+---------+---------+----------+-----------+-----------+------+----------+
        |- WRITE_R_VITIS_LOOP_216_11  |       39|       39|        10|          2|          1|    16|       yes|
        +-----------------------------+---------+---------+----------+-----------+-----------+------+----------+

============================================================
+ Verbose Summary: Synthesis Manager
============================================================
InlineROM: 1
ExposeGlobal: 0
============================================================
+ Verbose Summary: CDFG Model
============================================================
IsTopModel: 0
ResetActiveHigh: 1
IsCombinational: 0
IsDatapathOnly: 0
HasWiredReturn: 1
HasMFsm: 2
HasVarLatency: 1
IsPipeline: 0
IsRtlPipelined: 0
IsInstanceOverlapped: 0
IsDontTouch: 0
HasImplIP: 0
IsGatedGlobalClock: 0

+ Individual pipeline summary: 
  * Pipeline-0: initiation interval (II) = 2, depth = 10


============================================================
+ Verbose Summary: Schedule
============================================================
* Number of FSM states : 10
* Pipeline : 1
  Pipeline-0 : II = 2, D = 10, States = { 1 2 3 4 5 6 7 8 9 10 }
* Dataflow Pipeline: 0

* FSM state transitions: 
1 --> 2 
2 --> 3 
3 --> 4 
4 --> 5 
5 --> 6 
6 --> 7 
7 --> 8 
8 --> 9 
9 --> 10 
10 --> 

* FSM state operations: 

State 1 <SV = 0> <Delay = 2.40>
ST_1 : Operation 13 [1/1] (0.00ns)   --->   "%j = alloca i32 1" [top_cmplx.cpp:216]   --->   Operation 13 'alloca' 'j' <Predicate = true> <Delay = 0.00>
ST_1 : Operation 14 [1/1] (0.00ns)   --->   "%i = alloca i32 1" [top_cmplx.cpp:214]   --->   Operation 14 'alloca' 'i' <Predicate = true> <Delay = 0.00>
ST_1 : Operation 15 [1/1] (0.00ns)   --->   "%indvar_flatten61 = alloca i32 1"   --->   Operation 15 'alloca' 'indvar_flatten61' <Predicate = true> <Delay = 0.00>
ST_1 : Operation 16 [1/1] (0.00ns)   --->   "%R_out_imag_3_load19 = alloca i32 1"   --->   Operation 16 'alloca' 'R_out_imag_3_load19' <Predicate = true> <Delay = 0.00>
ST_1 : Operation 17 [1/1] (0.00ns)   --->   "%R_out_imag_2_load21 = alloca i32 1"   --->   Operation 17 'alloca' 'R_out_imag_2_load21' <Predicate = true> <Delay = 0.00>
ST_1 : Operation 18 [1/1] (0.00ns)   --->   "%R_out_imag_1_load23 = alloca i32 1"   --->   Operation 18 'alloca' 'R_out_imag_1_load23' <Predicate = true> <Delay = 0.00>
ST_1 : Operation 19 [1/1] (0.00ns)   --->   "%R_out_imag_load25 = alloca i32 1"   --->   Operation 19 'alloca' 'R_out_imag_load25' <Predicate = true> <Delay = 0.00>
ST_1 : Operation 20 [1/1] (0.00ns)   --->   "%R_out_real_3_load27 = alloca i32 1"   --->   Operation 20 'alloca' 'R_out_real_3_load27' <Predicate = true> <Delay = 0.00>
ST_1 : Operation 21 [1/1] (0.00ns)   --->   "%R_out_real_2_load29 = alloca i32 1"   --->   Operation 21 'alloca' 'R_out_real_2_load29' <Predicate = true> <Delay = 0.00>
ST_1 : Operation 22 [1/1] (0.00ns)   --->   "%R_out_real_1_load31 = alloca i32 1"   --->   Operation 22 'alloca' 'R_out_real_1_load31' <Predicate = true> <Delay = 0.00>
ST_1 : Operation 23 [1/1] (0.00ns)   --->   "%R_out_real_load33 = alloca i32 1"   --->   Operation 23 'alloca' 'R_out_real_load33' <Predicate = true> <Delay = 0.00>
ST_1 : Operation 24 [1/1] (0.00ns)   --->   "%xor_ln214_read = read i3 @_ssdm_op_Read.ap_auto.i3, i3 %xor_ln214"   --->   Operation 24 'read' 'xor_ln214_read' <Predicate = true> <Delay = 0.00>
ST_1 : Operation 25 [1/1] (0.00ns)   --->   "%zext_ln216_1_read = read i3 @_ssdm_op_Read.ap_auto.i3, i3 %zext_ln216_1"   --->   Operation 25 'read' 'zext_ln216_1_read' <Predicate = true> <Delay = 0.00>
ST_1 : Operation 26 [1/1] (0.00ns)   --->   "%tmp = read i3 @_ssdm_op_Read.ap_auto.i3, i3 %empty"   --->   Operation 26 'read' 'tmp' <Predicate = true> <Delay = 0.00>
ST_1 : Operation 27 [1/1] (0.00ns)   --->   "%zext_ln216_read = read i3 @_ssdm_op_Read.ap_auto.i3, i3 %zext_ln216"   --->   Operation 27 'read' 'zext_ln216_read' <Predicate = true> <Delay = 0.00>
ST_1 : Operation 28 [1/1] (0.00ns)   --->   "%R_DRAM_read = read i64 @_ssdm_op_Read.ap_auto.i64, i64 %R_DRAM"   --->   Operation 28 'read' 'R_DRAM_read' <Predicate = true> <Delay = 0.00>
ST_1 : Operation 29 [1/1] (0.00ns)   --->   "%zext_ln216_1_cast = zext i3 %zext_ln216_1_read"   --->   Operation 29 'zext' 'zext_ln216_1_cast' <Predicate = true> <Delay = 0.00>
ST_1 : Operation 30 [1/1] (0.00ns)   --->   "%zext_ln216_cast = zext i3 %zext_ln216_read"   --->   Operation 30 'zext' 'zext_ln216_cast' <Predicate = true> <Delay = 0.00>
ST_1 : Operation 31 [1/1] (0.00ns)   --->   "%specinterface_ln0 = specinterface void @_ssdm_op_SpecInterface, i64 %memR, void @empty, i32 0, i32 0, void @empty_0, i32 0, i32 16, void @empty_4, void @empty_2, void @empty_0, i32 16, i32 16, i32 16, i32 16, void @empty_0, void @empty_0, i32 4294967295, i32 0"   --->   Operation 31 'specinterface' 'specinterface_ln0' <Predicate = true> <Delay = 0.00>
ST_1 : Operation 32 [1/1] (0.42ns)   --->   "%store_ln0 = store i5 0, i5 %indvar_flatten61"   --->   Operation 32 'store' 'store_ln0' <Predicate = true> <Delay = 0.42>
ST_1 : Operation 33 [1/1] (0.42ns)   --->   "%store_ln214 = store i3 0, i3 %i" [top_cmplx.cpp:214]   --->   Operation 33 'store' 'store_ln214' <Predicate = true> <Delay = 0.42>
ST_1 : Operation 34 [1/1] (0.42ns)   --->   "%store_ln216 = store i3 0, i3 %j" [top_cmplx.cpp:216]   --->   Operation 34 'store' 'store_ln216' <Predicate = true> <Delay = 0.42>
ST_1 : Operation 35 [1/1] (0.42ns)   --->   "%br_ln0 = br void %for.inc318"   --->   Operation 35 'br' 'br_ln0' <Predicate = true> <Delay = 0.42>
ST_1 : Operation 36 [1/1] (0.00ns)   --->   "%first_iter_4 = phi i1 1, void %newFuncRoot, i1 0, void %for.inc318.split"   --->   Operation 36 'phi' 'first_iter_4' <Predicate = true> <Delay = 0.00>
ST_1 : Operation 37 [1/1] (0.00ns)   --->   "%indvar_flatten61_load = load i5 %indvar_flatten61" [top_cmplx.cpp:214]   --->   Operation 37 'load' 'indvar_flatten61_load' <Predicate = true> <Delay = 0.00>
ST_1 : Operation 38 [1/1] (0.00ns)   --->   "%specbitsmap_ln0 = specbitsmap void @_ssdm_op_SpecBitsMap, i64 %memR"   --->   Operation 38 'specbitsmap' 'specbitsmap_ln0' <Predicate = true> <Delay = 0.00>
ST_1 : Operation 39 [1/1] (0.78ns)   --->   "%icmp_ln214 = icmp_eq  i5 %indvar_flatten61_load, i5 16" [top_cmplx.cpp:214]   --->   Operation 39 'icmp' 'icmp_ln214' <Predicate = true> <Delay = 0.78> <CoreInst = "Cmp">   --->   Core 9 'Cmp' <Latency = 0> <II = 1> <Delay = 0.78> <FuncUnit> <Opcode : 'icmp'> <InPorts = 2> <OutPorts = 1>
ST_1 : Operation 40 [1/1] (0.78ns)   --->   "%add_ln214 = add i5 %indvar_flatten61_load, i5 1" [top_cmplx.cpp:214]   --->   Operation 40 'add' 'add_ln214' <Predicate = true> <Delay = 0.78> <CoreInst = "Adder">   --->   Core 1 'Adder' <Latency = 0> <II = 1> <Delay = 0.78> <FuncUnit> <Opcode : 'add' 'sub'> <InPorts = 2> <OutPorts = 1>
ST_1 : Operation 41 [1/1] (0.00ns)   --->   "%br_ln214 = br i1 %icmp_ln214, void %for.inc321, void %for.end323.exitStub" [top_cmplx.cpp:214]   --->   Operation 41 'br' 'br_ln214' <Predicate = true> <Delay = 0.00>
ST_1 : Operation 42 [1/1] (0.00ns)   --->   "%j_load = load i3 %j" [top_cmplx.cpp:216]   --->   Operation 42 'load' 'j_load' <Predicate = (!icmp_ln214)> <Delay = 0.00>
ST_1 : Operation 43 [1/1] (0.00ns)   --->   "%i_load = load i3 %i" [top_cmplx.cpp:214]   --->   Operation 43 'load' 'i_load' <Predicate = (!icmp_ln214)> <Delay = 0.00>
ST_1 : Operation 44 [1/1] (0.00ns)   --->   "%specloopname_ln0 = specloopname void @_ssdm_op_SpecLoopName, void @WRITE_R_VITIS_LOOP_216_11_str"   --->   Operation 44 'specloopname' 'specloopname_ln0' <Predicate = (!icmp_ln214)> <Delay = 0.00>
ST_1 : Operation 45 [1/1] (0.00ns)   --->   "%speclooptripcount_ln0 = speclooptripcount void @_ssdm_op_SpecLoopTripCount, i64 16, i64 16, i64 16"   --->   Operation 45 'speclooptripcount' 'speclooptripcount_ln0' <Predicate = (!icmp_ln214)> <Delay = 0.00>
ST_1 : Operation 46 [1/1] (0.67ns)   --->   "%icmp_ln216 = icmp_eq  i3 %j_load, i3 4" [top_cmplx.cpp:216]   --->   Operation 46 'icmp' 'icmp_ln216' <Predicate = (!icmp_ln214)> <Delay = 0.67> <CoreInst = "Cmp">   --->   Core 9 'Cmp' <Latency = 0> <II = 1> <Delay = 0.67> <FuncUnit> <Opcode : 'icmp'> <InPorts = 2> <OutPorts = 1>
ST_1 : Operation 47 [1/1] (0.28ns)   --->   "%or_ln214 = or i1 %icmp_ln216, i1 %first_iter_4" [top_cmplx.cpp:214]   --->   Operation 47 'or' 'or_ln214' <Predicate = (!icmp_ln214)> <Delay = 0.28> <CoreInst = "LogicGate">   --->   Core 74 'LogicGate' <Latency = 0> <II = 1> <Delay = 0.28> <FuncUnit> <Opcode : 'and' 'or' 'xor'> <InPorts = 2> <OutPorts = 1>
ST_1 : Operation 48 [1/1] (0.20ns)   --->   "%select_ln214 = select i1 %icmp_ln216, i3 0, i3 %j_load" [top_cmplx.cpp:214]   --->   Operation 48 'select' 'select_ln214' <Predicate = (!icmp_ln214)> <Delay = 0.20> <CoreInst = "Sel">   --->   Core 73 'Sel' <Latency = 0> <II = 1> <Delay = 0.20> <FuncUnit> <Opcode : 'select'> <InPorts = 3> <OutPorts = 1>
ST_1 : Operation 49 [1/1] (0.67ns)   --->   "%add_ln214_1 = add i3 %i_load, i3 1" [top_cmplx.cpp:214]   --->   Operation 49 'add' 'add_ln214_1' <Predicate = (!icmp_ln214)> <Delay = 0.67> <CoreInst = "Adder">   --->   Core 1 'Adder' <Latency = 0> <II = 1> <Delay = 0.67> <FuncUnit> <Opcode : 'add' 'sub'> <InPorts = 2> <OutPorts = 1>
ST_1 : Operation 50 [1/1] (0.20ns)   --->   "%select_ln214_1 = select i1 %icmp_ln216, i3 %add_ln214_1, i3 %i_load" [top_cmplx.cpp:214]   --->   Operation 50 'select' 'select_ln214_1' <Predicate = (!icmp_ln214)> <Delay = 0.20> <CoreInst = "Sel">   --->   Core 73 'Sel' <Latency = 0> <II = 1> <Delay = 0.20> <FuncUnit> <Opcode : 'select'> <InPorts = 3> <OutPorts = 1>
ST_1 : Operation 51 [1/1] (0.00ns)   --->   "%zext_ln214 = zext i3 %select_ln214_1" [top_cmplx.cpp:214]   --->   Operation 51 'zext' 'zext_ln214' <Predicate = (!icmp_ln214)> <Delay = 0.00>
ST_1 : Operation 52 [1/1] (0.00ns)   --->   "%R_out_real_addr = getelementptr i32 %R_out_real, i64 0, i64 %zext_ln214" [top_cmplx.cpp:214]   --->   Operation 52 'getelementptr' 'R_out_real_addr' <Predicate = (!icmp_ln214)> <Delay = 0.00>
ST_1 : Operation 53 [1/1] (0.00ns)   --->   "%R_out_real_1_addr = getelementptr i32 %R_out_real_1, i64 0, i64 %zext_ln214" [top_cmplx.cpp:214]   --->   Operation 53 'getelementptr' 'R_out_real_1_addr' <Predicate = (!icmp_ln214)> <Delay = 0.00>
ST_1 : Operation 54 [1/1] (0.00ns)   --->   "%R_out_real_2_addr = getelementptr i32 %R_out_real_2, i64 0, i64 %zext_ln214" [top_cmplx.cpp:214]   --->   Operation 54 'getelementptr' 'R_out_real_2_addr' <Predicate = (!icmp_ln214)> <Delay = 0.00>
ST_1 : Operation 55 [1/1] (0.00ns)   --->   "%R_out_real_3_addr = getelementptr i32 %R_out_real_3, i64 0, i64 %zext_ln214" [top_cmplx.cpp:214]   --->   Operation 55 'getelementptr' 'R_out_real_3_addr' <Predicate = (!icmp_ln214)> <Delay = 0.00>
ST_1 : Operation 56 [1/1] (0.00ns)   --->   "%R_out_imag_addr = getelementptr i32 %R_out_imag, i64 0, i64 %zext_ln214" [top_cmplx.cpp:214]   --->   Operation 56 'getelementptr' 'R_out_imag_addr' <Predicate = (!icmp_ln214)> <Delay = 0.00>
ST_1 : Operation 57 [1/1] (0.00ns)   --->   "%R_out_imag_1_addr = getelementptr i32 %R_out_imag_1, i64 0, i64 %zext_ln214" [top_cmplx.cpp:214]   --->   Operation 57 'getelementptr' 'R_out_imag_1_addr' <Predicate = (!icmp_ln214)> <Delay = 0.00>
ST_1 : Operation 58 [1/1] (0.00ns)   --->   "%R_out_imag_2_addr = getelementptr i32 %R_out_imag_2, i64 0, i64 %zext_ln214" [top_cmplx.cpp:214]   --->   Operation 58 'getelementptr' 'R_out_imag_2_addr' <Predicate = (!icmp_ln214)> <Delay = 0.00>
ST_1 : Operation 59 [1/1] (0.00ns)   --->   "%R_out_imag_3_addr = getelementptr i32 %R_out_imag_3, i64 0, i64 %zext_ln214" [top_cmplx.cpp:214]   --->   Operation 59 'getelementptr' 'R_out_imag_3_addr' <Predicate = (!icmp_ln214)> <Delay = 0.00>
ST_1 : Operation 60 [1/1] (0.00ns)   --->   "%br_ln216 = br i1 %or_ln214, void %for.inc318.split, void %for.first.iter.for.inc318" [top_cmplx.cpp:216]   --->   Operation 60 'br' 'br_ln216' <Predicate = (!icmp_ln214)> <Delay = 0.00>
ST_1 : Operation 61 [2/2] (0.67ns)   --->   "%R_out_real_load = load i3 %R_out_real_addr" [top_cmplx.cpp:214]   --->   Operation 61 'load' 'R_out_real_load' <Predicate = (!icmp_ln214 & or_ln214)> <Delay = 0.67> <CoreInst = "RAM">   --->   Core 83 'RAM' <Latency = 1> <II = 1> <Delay = 0.67> <Storage> <Opcode : 'load' 'store'> <Ports = 2> <Width = 32> <Depth = 7> <RAM>
ST_1 : Operation 62 [2/2] (0.67ns)   --->   "%R_out_real_1_load = load i3 %R_out_real_1_addr" [top_cmplx.cpp:214]   --->   Operation 62 'load' 'R_out_real_1_load' <Predicate = (!icmp_ln214 & or_ln214)> <Delay = 0.67> <CoreInst = "RAM">   --->   Core 83 'RAM' <Latency = 1> <II = 1> <Delay = 0.67> <Storage> <Opcode : 'load' 'store'> <Ports = 2> <Width = 32> <Depth = 7> <RAM>
ST_1 : Operation 63 [2/2] (0.67ns)   --->   "%R_out_real_2_load = load i3 %R_out_real_2_addr" [top_cmplx.cpp:214]   --->   Operation 63 'load' 'R_out_real_2_load' <Predicate = (!icmp_ln214 & or_ln214)> <Delay = 0.67> <CoreInst = "RAM">   --->   Core 83 'RAM' <Latency = 1> <II = 1> <Delay = 0.67> <Storage> <Opcode : 'load' 'store'> <Ports = 2> <Width = 32> <Depth = 7> <RAM>
ST_1 : Operation 64 [2/2] (0.67ns)   --->   "%R_out_real_3_load = load i3 %R_out_real_3_addr" [top_cmplx.cpp:214]   --->   Operation 64 'load' 'R_out_real_3_load' <Predicate = (!icmp_ln214 & or_ln214)> <Delay = 0.67> <CoreInst = "RAM">   --->   Core 83 'RAM' <Latency = 1> <II = 1> <Delay = 0.67> <Storage> <Opcode : 'load' 'store'> <Ports = 2> <Width = 32> <Depth = 7> <RAM>
ST_1 : Operation 65 [2/2] (0.67ns)   --->   "%R_out_imag_load = load i3 %R_out_imag_addr" [top_cmplx.cpp:214]   --->   Operation 65 'load' 'R_out_imag_load' <Predicate = (!icmp_ln214 & or_ln214)> <Delay = 0.67> <CoreInst = "RAM">   --->   Core 83 'RAM' <Latency = 1> <II = 1> <Delay = 0.67> <Storage> <Opcode : 'load' 'store'> <Ports = 2> <Width = 32> <Depth = 7> <RAM>
ST_1 : Operation 66 [2/2] (0.67ns)   --->   "%R_out_imag_1_load = load i3 %R_out_imag_1_addr" [top_cmplx.cpp:214]   --->   Operation 66 'load' 'R_out_imag_1_load' <Predicate = (!icmp_ln214 & or_ln214)> <Delay = 0.67> <CoreInst = "RAM">   --->   Core 83 'RAM' <Latency = 1> <II = 1> <Delay = 0.67> <Storage> <Opcode : 'load' 'store'> <Ports = 2> <Width = 32> <Depth = 7> <RAM>
ST_1 : Operation 67 [2/2] (0.67ns)   --->   "%R_out_imag_2_load = load i3 %R_out_imag_2_addr" [top_cmplx.cpp:214]   --->   Operation 67 'load' 'R_out_imag_2_load' <Predicate = (!icmp_ln214 & or_ln214)> <Delay = 0.67> <CoreInst = "RAM">   --->   Core 83 'RAM' <Latency = 1> <II = 1> <Delay = 0.67> <Storage> <Opcode : 'load' 'store'> <Ports = 2> <Width = 32> <Depth = 7> <RAM>
ST_1 : Operation 68 [2/2] (0.67ns)   --->   "%R_out_imag_3_load = load i3 %R_out_imag_3_addr" [top_cmplx.cpp:214]   --->   Operation 68 'load' 'R_out_imag_3_load' <Predicate = (!icmp_ln214 & or_ln214)> <Delay = 0.67> <CoreInst = "RAM">   --->   Core 83 'RAM' <Latency = 1> <II = 1> <Delay = 0.67> <Storage> <Opcode : 'load' 'store'> <Ports = 2> <Width = 32> <Depth = 7> <RAM>
ST_1 : Operation 69 [1/1] (0.00ns)   --->   "%trunc_ln216 = trunc i3 %select_ln214_1" [top_cmplx.cpp:216]   --->   Operation 69 'trunc' 'trunc_ln216' <Predicate = (!icmp_ln214)> <Delay = 0.00>
ST_1 : Operation 70 [1/1] (0.67ns)   --->   "%add_ln216_2 = add i3 %select_ln214, i3 1" [top_cmplx.cpp:216]   --->   Operation 70 'add' 'add_ln216_2' <Predicate = (!icmp_ln214)> <Delay = 0.67> <CoreInst = "Adder">   --->   Core 1 'Adder' <Latency = 0> <II = 1> <Delay = 0.67> <FuncUnit> <Opcode : 'add' 'sub'> <InPorts = 2> <OutPorts = 1>
ST_1 : Operation 71 [1/1] (0.42ns)   --->   "%store_ln214 = store i5 %add_ln214, i5 %indvar_flatten61" [top_cmplx.cpp:214]   --->   Operation 71 'store' 'store_ln214' <Predicate = (!icmp_ln214)> <Delay = 0.42>
ST_1 : Operation 72 [1/1] (0.42ns)   --->   "%store_ln214 = store i3 %select_ln214_1, i3 %i" [top_cmplx.cpp:214]   --->   Operation 72 'store' 'store_ln214' <Predicate = (!icmp_ln214)> <Delay = 0.42>
ST_1 : Operation 73 [1/1] (0.42ns)   --->   "%store_ln216 = store i3 %add_ln216_2, i3 %j" [top_cmplx.cpp:216]   --->   Operation 73 'store' 'store_ln216' <Predicate = (!icmp_ln214)> <Delay = 0.42>
ST_1 : Operation 74 [1/1] (0.00ns)   --->   "%br_ln216 = br void %for.inc318" [top_cmplx.cpp:216]   --->   Operation 74 'br' 'br_ln216' <Predicate = (!icmp_ln214)> <Delay = 0.00>

State 2 <SV = 1> <Delay = 1.08>
ST_2 : Operation 75 [1/2] (0.67ns)   --->   "%R_out_real_load = load i3 %R_out_real_addr" [top_cmplx.cpp:214]   --->   Operation 75 'load' 'R_out_real_load' <Predicate = (!icmp_ln214 & or_ln214)> <Delay = 0.67> <CoreInst = "RAM">   --->   Core 83 'RAM' <Latency = 1> <II = 1> <Delay = 0.67> <Storage> <Opcode : 'load' 'store'> <Ports = 2> <Width = 32> <Depth = 7> <RAM>
ST_2 : Operation 76 [1/2] (0.67ns)   --->   "%R_out_real_1_load = load i3 %R_out_real_1_addr" [top_cmplx.cpp:214]   --->   Operation 76 'load' 'R_out_real_1_load' <Predicate = (!icmp_ln214 & or_ln214)> <Delay = 0.67> <CoreInst = "RAM">   --->   Core 83 'RAM' <Latency = 1> <II = 1> <Delay = 0.67> <Storage> <Opcode : 'load' 'store'> <Ports = 2> <Width = 32> <Depth = 7> <RAM>
ST_2 : Operation 77 [1/2] (0.67ns)   --->   "%R_out_real_2_load = load i3 %R_out_real_2_addr" [top_cmplx.cpp:214]   --->   Operation 77 'load' 'R_out_real_2_load' <Predicate = (!icmp_ln214 & or_ln214)> <Delay = 0.67> <CoreInst = "RAM">   --->   Core 83 'RAM' <Latency = 1> <II = 1> <Delay = 0.67> <Storage> <Opcode : 'load' 'store'> <Ports = 2> <Width = 32> <Depth = 7> <RAM>
ST_2 : Operation 78 [1/2] (0.67ns)   --->   "%R_out_real_3_load = load i3 %R_out_real_3_addr" [top_cmplx.cpp:214]   --->   Operation 78 'load' 'R_out_real_3_load' <Predicate = (!icmp_ln214 & or_ln214)> <Delay = 0.67> <CoreInst = "RAM">   --->   Core 83 'RAM' <Latency = 1> <II = 1> <Delay = 0.67> <Storage> <Opcode : 'load' 'store'> <Ports = 2> <Width = 32> <Depth = 7> <RAM>
ST_2 : Operation 79 [1/2] (0.67ns)   --->   "%R_out_imag_load = load i3 %R_out_imag_addr" [top_cmplx.cpp:214]   --->   Operation 79 'load' 'R_out_imag_load' <Predicate = (!icmp_ln214 & or_ln214)> <Delay = 0.67> <CoreInst = "RAM">   --->   Core 83 'RAM' <Latency = 1> <II = 1> <Delay = 0.67> <Storage> <Opcode : 'load' 'store'> <Ports = 2> <Width = 32> <Depth = 7> <RAM>
ST_2 : Operation 80 [1/2] (0.67ns)   --->   "%R_out_imag_1_load = load i3 %R_out_imag_1_addr" [top_cmplx.cpp:214]   --->   Operation 80 'load' 'R_out_imag_1_load' <Predicate = (!icmp_ln214 & or_ln214)> <Delay = 0.67> <CoreInst = "RAM">   --->   Core 83 'RAM' <Latency = 1> <II = 1> <Delay = 0.67> <Storage> <Opcode : 'load' 'store'> <Ports = 2> <Width = 32> <Depth = 7> <RAM>
ST_2 : Operation 81 [1/2] (0.67ns)   --->   "%R_out_imag_2_load = load i3 %R_out_imag_2_addr" [top_cmplx.cpp:214]   --->   Operation 81 'load' 'R_out_imag_2_load' <Predicate = (!icmp_ln214 & or_ln214)> <Delay = 0.67> <CoreInst = "RAM">   --->   Core 83 'RAM' <Latency = 1> <II = 1> <Delay = 0.67> <Storage> <Opcode : 'load' 'store'> <Ports = 2> <Width = 32> <Depth = 7> <RAM>
ST_2 : Operation 82 [1/2] (0.67ns)   --->   "%R_out_imag_3_load = load i3 %R_out_imag_3_addr" [top_cmplx.cpp:214]   --->   Operation 82 'load' 'R_out_imag_3_load' <Predicate = (!icmp_ln214 & or_ln214)> <Delay = 0.67> <CoreInst = "RAM">   --->   Core 83 'RAM' <Latency = 1> <II = 1> <Delay = 0.67> <Storage> <Opcode : 'load' 'store'> <Ports = 2> <Width = 32> <Depth = 7> <RAM>
ST_2 : Operation 83 [1/1] (0.00ns)   --->   "%store_ln214 = store i32 %R_out_real_load, i32 %R_out_real_load33" [top_cmplx.cpp:214]   --->   Operation 83 'store' 'store_ln214' <Predicate = (!icmp_ln214 & or_ln214)> <Delay = 0.00>
ST_2 : Operation 84 [1/1] (0.00ns)   --->   "%store_ln214 = store i32 %R_out_real_1_load, i32 %R_out_real_1_load31" [top_cmplx.cpp:214]   --->   Operation 84 'store' 'store_ln214' <Predicate = (!icmp_ln214 & or_ln214)> <Delay = 0.00>
ST_2 : Operation 85 [1/1] (0.00ns)   --->   "%store_ln214 = store i32 %R_out_real_2_load, i32 %R_out_real_2_load29" [top_cmplx.cpp:214]   --->   Operation 85 'store' 'store_ln214' <Predicate = (!icmp_ln214 & or_ln214)> <Delay = 0.00>
ST_2 : Operation 86 [1/1] (0.00ns)   --->   "%store_ln214 = store i32 %R_out_real_3_load, i32 %R_out_real_3_load27" [top_cmplx.cpp:214]   --->   Operation 86 'store' 'store_ln214' <Predicate = (!icmp_ln214 & or_ln214)> <Delay = 0.00>
ST_2 : Operation 87 [1/1] (0.00ns)   --->   "%store_ln214 = store i32 %R_out_imag_load, i32 %R_out_imag_load25" [top_cmplx.cpp:214]   --->   Operation 87 'store' 'store_ln214' <Predicate = (!icmp_ln214 & or_ln214)> <Delay = 0.00>
ST_2 : Operation 88 [1/1] (0.00ns)   --->   "%store_ln214 = store i32 %R_out_imag_1_load, i32 %R_out_imag_1_load23" [top_cmplx.cpp:214]   --->   Operation 88 'store' 'store_ln214' <Predicate = (!icmp_ln214 & or_ln214)> <Delay = 0.00>
ST_2 : Operation 89 [1/1] (0.00ns)   --->   "%store_ln214 = store i32 %R_out_imag_2_load, i32 %R_out_imag_2_load21" [top_cmplx.cpp:214]   --->   Operation 89 'store' 'store_ln214' <Predicate = (!icmp_ln214 & or_ln214)> <Delay = 0.00>
ST_2 : Operation 90 [1/1] (0.00ns)   --->   "%store_ln214 = store i32 %R_out_imag_3_load, i32 %R_out_imag_3_load19" [top_cmplx.cpp:214]   --->   Operation 90 'store' 'store_ln214' <Predicate = (!icmp_ln214 & or_ln214)> <Delay = 0.00>
ST_2 : Operation 91 [1/1] (0.00ns)   --->   "%br_ln216 = br void %for.inc318.split" [top_cmplx.cpp:216]   --->   Operation 91 'br' 'br_ln216' <Predicate = (!icmp_ln214 & or_ln214)> <Delay = 0.00>
ST_2 : Operation 92 [1/1] (0.00ns)   --->   "%trunc_ln216_1 = trunc i3 %select_ln214" [top_cmplx.cpp:216]   --->   Operation 92 'trunc' 'trunc_ln216_1' <Predicate = (!icmp_ln214)> <Delay = 0.00>
ST_2 : Operation 93 [1/1] (0.00ns)   --->   "%shl_ln216_8 = bitconcatenate i7 @_ssdm_op_BitConcatenate.i7.i2.i2.i3, i2 %trunc_ln216, i2 %trunc_ln216_1, i3 0" [top_cmplx.cpp:216]   --->   Operation 93 'bitconcatenate' 'shl_ln216_8' <Predicate = (!icmp_ln214)> <Delay = 0.00>
ST_2 : Operation 94 [1/1] (0.00ns)   --->   "%zext_ln216_2 = zext i7 %shl_ln216_8" [top_cmplx.cpp:216]   --->   Operation 94 'zext' 'zext_ln216_2' <Predicate = (!icmp_ln214)> <Delay = 0.00>
ST_2 : Operation 95 [1/1] (1.08ns)   --->   "%add_ln216 = add i64 %zext_ln216_2, i64 %R_DRAM_read" [top_cmplx.cpp:216]   --->   Operation 95 'add' 'add_ln216' <Predicate = (!icmp_ln214)> <Delay = 1.08> <CoreInst = "Adder">   --->   Core 1 'Adder' <Latency = 0> <II = 1> <Delay = 1.08> <FuncUnit> <Opcode : 'add' 'sub'> <InPorts = 2> <OutPorts = 1>
ST_2 : Operation 96 [1/1] (0.00ns)   --->   "%trunc_ln216_3 = partselect i61 @_ssdm_op_PartSelect.i61.i64.i32.i32, i64 %add_ln216, i32 3, i32 63" [top_cmplx.cpp:216]   --->   Operation 96 'partselect' 'trunc_ln216_3' <Predicate = (!icmp_ln214)> <Delay = 0.00>

State 3 <SV = 2> <Delay = 8.75>
ST_3 : Operation 97 [1/1] (0.00ns)   --->   "%R_out_real_3_load_1 = load i32 %R_out_real_3_load27"   --->   Operation 97 'load' 'R_out_real_3_load_1' <Predicate = (!icmp_ln214 & trunc_ln216_1 == 3)> <Delay = 0.00>
ST_3 : Operation 98 [1/1] (0.00ns)   --->   "%R_out_real_2_load_1 = load i32 %R_out_real_2_load29"   --->   Operation 98 'load' 'R_out_real_2_load_1' <Predicate = (!icmp_ln214 & trunc_ln216_1 == 2)> <Delay = 0.00>
ST_3 : Operation 99 [1/1] (0.00ns)   --->   "%R_out_real_1_load_1 = load i32 %R_out_real_1_load31"   --->   Operation 99 'load' 'R_out_real_1_load_1' <Predicate = (!icmp_ln214 & trunc_ln216_1 == 1)> <Delay = 0.00>
ST_3 : Operation 100 [1/1] (0.00ns)   --->   "%R_out_real_load_1 = load i32 %R_out_real_load33"   --->   Operation 100 'load' 'R_out_real_load_1' <Predicate = (!icmp_ln214 & trunc_ln216_1 == 0)> <Delay = 0.00>
ST_3 : Operation 101 [1/1] (0.00ns) (grouped into LUT with out node add_ln216_1)   --->   "%shl_ln3 = bitconcatenate i5 @_ssdm_op_BitConcatenate.i5.i2.i3, i2 %trunc_ln216, i3 0" [top_cmplx.cpp:216]   --->   Operation 101 'bitconcatenate' 'shl_ln3' <Predicate = (!icmp_ln214)> <Delay = 0.00>
ST_3 : Operation 102 [1/1] (0.00ns) (grouped into LUT with out node add_ln216_1)   --->   "%or_ln216 = or i5 %shl_ln3, i5 1" [top_cmplx.cpp:216]   --->   Operation 102 'or' 'or_ln216' <Predicate = (!icmp_ln214)> <Delay = 0.00>
ST_3 : Operation 103 [1/1] (0.00ns) (grouped into LUT with out node add_ln216_1)   --->   "%shl_ln216_1 = shl i3 %select_ln214, i3 1" [top_cmplx.cpp:216]   --->   Operation 103 'shl' 'shl_ln216_1' <Predicate = (!icmp_ln214)> <Delay = 0.00>
ST_3 : Operation 104 [1/1] (0.52ns)   --->   "%tmp_s = sparsemux i32 @_ssdm_op_SparseMux.ap_auto.4f32.f32.i2, i2 0, i32 %R_out_real_load_1, i2 1, i32 %R_out_real_1_load_1, i2 2, i32 %R_out_real_2_load_1, i2 3, i32 %R_out_real_3_load_1, i32 <undef>, i2 %trunc_ln216_1" [top_cmplx.cpp:218]   --->   Operation 104 'sparsemux' 'tmp_s' <Predicate = (!icmp_ln214)> <Delay = 0.52> <CoreInst = "SparseMux">   --->   Core 147 'SparseMux' <Latency = 0> <II = 1> <Delay = 0.52> <FuncUnit> <Opcode : 'sparsemux'> <InPorts = 2> <OutPorts = 1>
ST_3 : Operation 105 [1/1] (0.00ns)   --->   "%bitcast_ln216 = bitcast i32 %tmp_s" [top_cmplx.cpp:216]   --->   Operation 105 'bitcast' 'bitcast_ln216' <Predicate = (!icmp_ln214)> <Delay = 0.00>
ST_3 : Operation 106 [1/1] (0.00ns)   --->   "%zext_ln216_3 = zext i32 %bitcast_ln216" [top_cmplx.cpp:216]   --->   Operation 106 'zext' 'zext_ln216_3' <Predicate = (!icmp_ln214)> <Delay = 0.00>
ST_3 : Operation 107 [1/1] (0.68ns)   --->   "%shl_ln216 = shl i8 15, i8 %zext_ln216_cast" [top_cmplx.cpp:216]   --->   Operation 107 'shl' 'shl_ln216' <Predicate = (!icmp_ln214)> <Delay = 0.68> <CoreInst = "Shifter">   --->   Core 75 'Shifter' <Latency = 0> <II = 1> <Delay = 0.68> <FuncUnit> <Opcode : 'shl' 'lshr' 'ashr'> <InPorts = 2> <OutPorts = 1>
ST_3 : Operation 108 [1/1] (0.00ns)   --->   "%shl_ln216_3 = bitconcatenate i6 @_ssdm_op_BitConcatenate.i6.i3.i3, i3 %tmp, i3 0" [top_cmplx.cpp:216]   --->   Operation 108 'bitconcatenate' 'shl_ln216_3' <Predicate = (!icmp_ln214)> <Delay = 0.00>
ST_3 : Operation 109 [1/1] (0.00ns)   --->   "%zext_ln216_4 = zext i6 %shl_ln216_3" [top_cmplx.cpp:216]   --->   Operation 109 'zext' 'zext_ln216_4' <Predicate = (!icmp_ln214)> <Delay = 0.00>
ST_3 : Operation 110 [1/1] (1.38ns)   --->   "%shl_ln216_2 = shl i64 %zext_ln216_3, i64 %zext_ln216_4" [top_cmplx.cpp:216]   --->   Operation 110 'shl' 'shl_ln216_2' <Predicate = (!icmp_ln214)> <Delay = 1.38> <CoreInst = "Shifter">   --->   Core 75 'Shifter' <Latency = 0> <II = 1> <Delay = 1.38> <FuncUnit> <Opcode : 'shl' 'lshr' 'ashr'> <InPorts = 2> <OutPorts = 1>
ST_3 : Operation 111 [1/1] (0.00ns)   --->   "%sext_ln216 = sext i61 %trunc_ln216_3" [top_cmplx.cpp:216]   --->   Operation 111 'sext' 'sext_ln216' <Predicate = (!icmp_ln214)> <Delay = 0.00>
ST_3 : Operation 112 [1/1] (0.00ns)   --->   "%memR_addr = getelementptr i64 %memR, i64 %sext_ln216" [top_cmplx.cpp:216]   --->   Operation 112 'getelementptr' 'memR_addr' <Predicate = (!icmp_ln214)> <Delay = 0.00>
ST_3 : Operation 113 [1/1] (8.75ns)   --->   "%empty_31 = writereq i1 @_ssdm_op_WriteReq.m_axi.p1i64, i64 %memR_addr, i32 1" [top_cmplx.cpp:216]   --->   Operation 113 'writereq' 'empty_31' <Predicate = (!icmp_ln214)> <Delay = 8.75> <CoreInst = "m_axi">   --->   Core 121 'm_axi' <Latency = 0> <II = 1> <Delay = 1.00> <Adapter> <Opcode : 'read' 'write' 'readreq' 'writereq' 'writeresp'>
ST_3 : Operation 114 [1/1] (0.00ns) (grouped into LUT with out node add_ln216_1)   --->   "%or_ln216_1 = or i3 %shl_ln216_1, i3 1" [top_cmplx.cpp:216]   --->   Operation 114 'or' 'or_ln216_1' <Predicate = (!icmp_ln214)> <Delay = 0.00>
ST_3 : Operation 115 [1/1] (0.00ns) (grouped into LUT with out node add_ln216_1)   --->   "%tmp_2 = partselect i2 @_ssdm_op_PartSelect.i2.i5.i32.i32, i5 %or_ln216, i32 3, i32 4" [top_cmplx.cpp:216]   --->   Operation 115 'partselect' 'tmp_2' <Predicate = (!icmp_ln214)> <Delay = 0.00>
ST_3 : Operation 116 [1/1] (0.00ns) (grouped into LUT with out node add_ln216_1)   --->   "%tmp_3 = bitconcatenate i7 @_ssdm_op_BitConcatenate.i7.i2.i3.i2, i2 %tmp_2, i3 %or_ln216_1, i2 0" [top_cmplx.cpp:216]   --->   Operation 116 'bitconcatenate' 'tmp_3' <Predicate = (!icmp_ln214)> <Delay = 0.00>
ST_3 : Operation 117 [1/1] (0.00ns) (grouped into LUT with out node add_ln216_1)   --->   "%zext_ln216_6 = zext i7 %tmp_3" [top_cmplx.cpp:216]   --->   Operation 117 'zext' 'zext_ln216_6' <Predicate = (!icmp_ln214)> <Delay = 0.00>
ST_3 : Operation 118 [1/1] (1.08ns) (out node of the LUT)   --->   "%add_ln216_1 = add i64 %zext_ln216_6, i64 %R_DRAM_read" [top_cmplx.cpp:216]   --->   Operation 118 'add' 'add_ln216_1' <Predicate = (!icmp_ln214)> <Delay = 1.08> <CoreInst = "Adder">   --->   Core 1 'Adder' <Latency = 0> <II = 1> <Delay = 1.08> <FuncUnit> <Opcode : 'add' 'sub'> <InPorts = 2> <OutPorts = 1>
ST_3 : Operation 119 [1/1] (0.00ns)   --->   "%trunc_ln216_4 = partselect i61 @_ssdm_op_PartSelect.i61.i64.i32.i32, i64 %add_ln216_1, i32 3, i32 63" [top_cmplx.cpp:216]   --->   Operation 119 'partselect' 'trunc_ln216_4' <Predicate = (!icmp_ln214)> <Delay = 0.00>

State 4 <SV = 3> <Delay = 8.75>
ST_4 : Operation 120 [1/1] (0.00ns)   --->   "%R_out_imag_3_load_1 = load i32 %R_out_imag_3_load19"   --->   Operation 120 'load' 'R_out_imag_3_load_1' <Predicate = (!icmp_ln214 & trunc_ln216_1 == 3)> <Delay = 0.00>
ST_4 : Operation 121 [1/1] (0.00ns)   --->   "%R_out_imag_2_load_1 = load i32 %R_out_imag_2_load21"   --->   Operation 121 'load' 'R_out_imag_2_load_1' <Predicate = (!icmp_ln214 & trunc_ln216_1 == 2)> <Delay = 0.00>
ST_4 : Operation 122 [1/1] (0.00ns)   --->   "%R_out_imag_1_load_1 = load i32 %R_out_imag_1_load23"   --->   Operation 122 'load' 'R_out_imag_1_load_1' <Predicate = (!icmp_ln214 & trunc_ln216_1 == 1)> <Delay = 0.00>
ST_4 : Operation 123 [1/1] (0.00ns)   --->   "%R_out_imag_load_1 = load i32 %R_out_imag_load25"   --->   Operation 123 'load' 'R_out_imag_load_1' <Predicate = (!icmp_ln214 & trunc_ln216_1 == 0)> <Delay = 0.00>
ST_4 : Operation 124 [1/1] (0.52ns)   --->   "%tmp_1 = sparsemux i32 @_ssdm_op_SparseMux.ap_auto.4f32.f32.i2, i2 0, i32 %R_out_imag_load_1, i2 1, i32 %R_out_imag_1_load_1, i2 2, i32 %R_out_imag_2_load_1, i2 3, i32 %R_out_imag_3_load_1, i32 <undef>, i2 %trunc_ln216_1" [top_cmplx.cpp:219]   --->   Operation 124 'sparsemux' 'tmp_1' <Predicate = (!icmp_ln214)> <Delay = 0.52> <CoreInst = "SparseMux">   --->   Core 147 'SparseMux' <Latency = 0> <II = 1> <Delay = 0.52> <FuncUnit> <Opcode : 'sparsemux'> <InPorts = 2> <OutPorts = 1>
ST_4 : Operation 125 [1/1] (8.75ns)   --->   "%write_ln216 = write void @_ssdm_op_Write.m_axi.p1i64, i64 %memR_addr, i64 %shl_ln216_2, i8 %shl_ln216" [top_cmplx.cpp:216]   --->   Operation 125 'write' 'write_ln216' <Predicate = (!icmp_ln214)> <Delay = 8.75> <CoreInst = "m_axi">   --->   Core 121 'm_axi' <Latency = 0> <II = 1> <Delay = 1.00> <Adapter> <Opcode : 'read' 'write' 'readreq' 'writereq' 'writeresp'>
ST_4 : Operation 126 [1/1] (0.00ns)   --->   "%bitcast_ln216_1 = bitcast i32 %tmp_1" [top_cmplx.cpp:216]   --->   Operation 126 'bitcast' 'bitcast_ln216_1' <Predicate = (!icmp_ln214)> <Delay = 0.00>
ST_4 : Operation 127 [1/1] (0.00ns)   --->   "%zext_ln216_5 = zext i32 %bitcast_ln216_1" [top_cmplx.cpp:216]   --->   Operation 127 'zext' 'zext_ln216_5' <Predicate = (!icmp_ln214)> <Delay = 0.00>
ST_4 : Operation 128 [1/1] (0.68ns)   --->   "%shl_ln216_4 = shl i8 15, i8 %zext_ln216_1_cast" [top_cmplx.cpp:216]   --->   Operation 128 'shl' 'shl_ln216_4' <Predicate = (!icmp_ln214)> <Delay = 0.68> <CoreInst = "Shifter">   --->   Core 75 'Shifter' <Latency = 0> <II = 1> <Delay = 0.68> <FuncUnit> <Opcode : 'shl' 'lshr' 'ashr'> <InPorts = 2> <OutPorts = 1>
ST_4 : Operation 129 [1/1] (0.00ns)   --->   "%shl_ln216_6 = bitconcatenate i6 @_ssdm_op_BitConcatenate.i6.i3.i3, i3 %xor_ln214_read, i3 0" [top_cmplx.cpp:216]   --->   Operation 129 'bitconcatenate' 'shl_ln216_6' <Predicate = (!icmp_ln214)> <Delay = 0.00>
ST_4 : Operation 130 [1/1] (0.00ns)   --->   "%zext_ln216_7 = zext i6 %shl_ln216_6" [top_cmplx.cpp:216]   --->   Operation 130 'zext' 'zext_ln216_7' <Predicate = (!icmp_ln214)> <Delay = 0.00>
ST_4 : Operation 131 [1/1] (1.38ns)   --->   "%shl_ln216_5 = shl i64 %zext_ln216_5, i64 %zext_ln216_7" [top_cmplx.cpp:216]   --->   Operation 131 'shl' 'shl_ln216_5' <Predicate = (!icmp_ln214)> <Delay = 1.38> <CoreInst = "Shifter">   --->   Core 75 'Shifter' <Latency = 0> <II = 1> <Delay = 1.38> <FuncUnit> <Opcode : 'shl' 'lshr' 'ashr'> <InPorts = 2> <OutPorts = 1>
ST_4 : Operation 132 [1/1] (0.00ns)   --->   "%sext_ln216_1 = sext i61 %trunc_ln216_4" [top_cmplx.cpp:216]   --->   Operation 132 'sext' 'sext_ln216_1' <Predicate = (!icmp_ln214)> <Delay = 0.00>
ST_4 : Operation 133 [1/1] (0.00ns)   --->   "%memR_addr_1 = getelementptr i64 %memR, i64 %sext_ln216_1" [top_cmplx.cpp:216]   --->   Operation 133 'getelementptr' 'memR_addr_1' <Predicate = (!icmp_ln214)> <Delay = 0.00>
ST_4 : Operation 134 [1/1] (8.75ns)   --->   "%empty_33 = writereq i1 @_ssdm_op_WriteReq.m_axi.p1i64, i64 %memR_addr_1, i32 1" [top_cmplx.cpp:216]   --->   Operation 134 'writereq' 'empty_33' <Predicate = (!icmp_ln214)> <Delay = 8.75> <CoreInst = "m_axi">   --->   Core 121 'm_axi' <Latency = 0> <II = 1> <Delay = 1.00> <Adapter> <Opcode : 'read' 'write' 'readreq' 'writereq' 'writeresp'>

State 5 <SV = 4> <Delay = 8.75>
ST_5 : Operation 135 [5/5] (8.75ns)   --->   "%empty_32 = writeresp i1 @_ssdm_op_WriteResp.m_axi.p1i64, i64 %memR_addr" [top_cmplx.cpp:216]   --->   Operation 135 'writeresp' 'empty_32' <Predicate = (!icmp_ln214)> <Delay = 8.75> <CoreInst = "m_axi">   --->   Core 121 'm_axi' <Latency = 0> <II = 1> <Delay = 1.00> <Adapter> <Opcode : 'read' 'write' 'readreq' 'writereq' 'writeresp'>
ST_5 : Operation 136 [1/1] (8.75ns)   --->   "%write_ln216 = write void @_ssdm_op_Write.m_axi.p1i64, i64 %memR_addr_1, i64 %shl_ln216_5, i8 %shl_ln216_4" [top_cmplx.cpp:216]   --->   Operation 136 'write' 'write_ln216' <Predicate = (!icmp_ln214)> <Delay = 8.75> <CoreInst = "m_axi">   --->   Core 121 'm_axi' <Latency = 0> <II = 1> <Delay = 1.00> <Adapter> <Opcode : 'read' 'write' 'readreq' 'writereq' 'writeresp'>

State 6 <SV = 5> <Delay = 8.75>
ST_6 : Operation 137 [4/5] (8.75ns)   --->   "%empty_32 = writeresp i1 @_ssdm_op_WriteResp.m_axi.p1i64, i64 %memR_addr" [top_cmplx.cpp:216]   --->   Operation 137 'writeresp' 'empty_32' <Predicate = (!icmp_ln214)> <Delay = 8.75> <CoreInst = "m_axi">   --->   Core 121 'm_axi' <Latency = 0> <II = 1> <Delay = 1.00> <Adapter> <Opcode : 'read' 'write' 'readreq' 'writereq' 'writeresp'>
ST_6 : Operation 138 [5/5] (8.75ns)   --->   "%empty_34 = writeresp i1 @_ssdm_op_WriteResp.m_axi.p1i64, i64 %memR_addr_1" [top_cmplx.cpp:216]   --->   Operation 138 'writeresp' 'empty_34' <Predicate = (!icmp_ln214)> <Delay = 8.75> <CoreInst = "m_axi">   --->   Core 121 'm_axi' <Latency = 0> <II = 1> <Delay = 1.00> <Adapter> <Opcode : 'read' 'write' 'readreq' 'writereq' 'writeresp'>

State 7 <SV = 6> <Delay = 8.75>
ST_7 : Operation 139 [3/5] (8.75ns)   --->   "%empty_32 = writeresp i1 @_ssdm_op_WriteResp.m_axi.p1i64, i64 %memR_addr" [top_cmplx.cpp:216]   --->   Operation 139 'writeresp' 'empty_32' <Predicate = (!icmp_ln214)> <Delay = 8.75> <CoreInst = "m_axi">   --->   Core 121 'm_axi' <Latency = 0> <II = 1> <Delay = 1.00> <Adapter> <Opcode : 'read' 'write' 'readreq' 'writereq' 'writeresp'>
ST_7 : Operation 140 [4/5] (8.75ns)   --->   "%empty_34 = writeresp i1 @_ssdm_op_WriteResp.m_axi.p1i64, i64 %memR_addr_1" [top_cmplx.cpp:216]   --->   Operation 140 'writeresp' 'empty_34' <Predicate = (!icmp_ln214)> <Delay = 8.75> <CoreInst = "m_axi">   --->   Core 121 'm_axi' <Latency = 0> <II = 1> <Delay = 1.00> <Adapter> <Opcode : 'read' 'write' 'readreq' 'writereq' 'writeresp'>

State 8 <SV = 7> <Delay = 8.75>
ST_8 : Operation 141 [2/5] (8.75ns)   --->   "%empty_32 = writeresp i1 @_ssdm_op_WriteResp.m_axi.p1i64, i64 %memR_addr" [top_cmplx.cpp:216]   --->   Operation 141 'writeresp' 'empty_32' <Predicate = (!icmp_ln214)> <Delay = 8.75> <CoreInst = "m_axi">   --->   Core 121 'm_axi' <Latency = 0> <II = 1> <Delay = 1.00> <Adapter> <Opcode : 'read' 'write' 'readreq' 'writereq' 'writeresp'>
ST_8 : Operation 142 [3/5] (8.75ns)   --->   "%empty_34 = writeresp i1 @_ssdm_op_WriteResp.m_axi.p1i64, i64 %memR_addr_1" [top_cmplx.cpp:216]   --->   Operation 142 'writeresp' 'empty_34' <Predicate = (!icmp_ln214)> <Delay = 8.75> <CoreInst = "m_axi">   --->   Core 121 'm_axi' <Latency = 0> <II = 1> <Delay = 1.00> <Adapter> <Opcode : 'read' 'write' 'readreq' 'writereq' 'writeresp'>
ST_8 : Operation 147 [1/1] (0.00ns)   --->   "%ret_ln0 = ret"   --->   Operation 147 'ret' 'ret_ln0' <Predicate = (icmp_ln214)> <Delay = 0.00>

State 9 <SV = 8> <Delay = 8.75>
ST_9 : Operation 143 [1/5] (8.75ns)   --->   "%empty_32 = writeresp i1 @_ssdm_op_WriteResp.m_axi.p1i64, i64 %memR_addr" [top_cmplx.cpp:216]   --->   Operation 143 'writeresp' 'empty_32' <Predicate = (!icmp_ln214)> <Delay = 8.75> <CoreInst = "m_axi">   --->   Core 121 'm_axi' <Latency = 0> <II = 1> <Delay = 1.00> <Adapter> <Opcode : 'read' 'write' 'readreq' 'writereq' 'writeresp'>
ST_9 : Operation 144 [2/5] (8.75ns)   --->   "%empty_34 = writeresp i1 @_ssdm_op_WriteResp.m_axi.p1i64, i64 %memR_addr_1" [top_cmplx.cpp:216]   --->   Operation 144 'writeresp' 'empty_34' <Predicate = (!icmp_ln214)> <Delay = 8.75> <CoreInst = "m_axi">   --->   Core 121 'm_axi' <Latency = 0> <II = 1> <Delay = 1.00> <Adapter> <Opcode : 'read' 'write' 'readreq' 'writereq' 'writeresp'>

State 10 <SV = 9> <Delay = 8.75>
ST_10 : Operation 145 [1/1] (0.00ns)   --->   "%specpipeline_ln216 = specpipeline void @_ssdm_op_SpecPipeline, i32 4294967295, i32 0, i32 0, i32 0, void @empty_0" [top_cmplx.cpp:216]   --->   Operation 145 'specpipeline' 'specpipeline_ln216' <Predicate = (!icmp_ln214)> <Delay = 0.00>
ST_10 : Operation 146 [1/5] (8.75ns)   --->   "%empty_34 = writeresp i1 @_ssdm_op_WriteResp.m_axi.p1i64, i64 %memR_addr_1" [top_cmplx.cpp:216]   --->   Operation 146 'writeresp' 'empty_34' <Predicate = (!icmp_ln214)> <Delay = 8.75> <CoreInst = "m_axi">   --->   Core 121 'm_axi' <Latency = 0> <II = 1> <Delay = 1.00> <Adapter> <Opcode : 'read' 'write' 'readreq' 'writereq' 'writeresp'>


============================================================
+ Verbose Summary: Binding
============================================================
STG Binding: 
---------------- STG Properties BEGIN ----------------
- Is combinational: 0
- Is one-state seq: 0
- Is datapath-only: 0
- Is pipelined: 0
- Is top level: 0
Port [ Return ] is wired: 1; IO mode=ap_ctrl_hs:ce=0
Port [ memR]:  wired=1; compound=1; hidden=0; nouse=0; global=0; static=0; extern=0; dir=1; type=4; pingpong=0; private_global=0; IO mode=m_axi:ce=0
Port [ R_DRAM]:  wired=1; compound=0; hidden=0; nouse=0; global=0; static=0; extern=0; dir=0; type=0; pingpong=0; private_global=0; IO mode=ap_none:ce=0
Port [ zext_ln216]:  wired=1; compound=0; hidden=0; nouse=0; global=0; static=0; extern=0; dir=0; type=0; pingpong=0; private_global=0; IO mode=ap_none:ce=0
Port [ empty]:  wired=1; compound=0; hidden=0; nouse=0; global=0; static=0; extern=0; dir=0; type=0; pingpong=0; private_global=0; IO mode=ap_none:ce=0
Port [ zext_ln216_1]:  wired=1; compound=0; hidden=0; nouse=0; global=0; static=0; extern=0; dir=0; type=0; pingpong=0; private_global=0; IO mode=ap_none:ce=0
Port [ xor_ln214]:  wired=1; compound=0; hidden=0; nouse=0; global=0; static=0; extern=0; dir=0; type=0; pingpong=0; private_global=0; IO mode=ap_none:ce=0
Port [ R_out_real]:  wired=1; compound=1; hidden=0; nouse=0; global=0; static=0; extern=0; dir=0; type=1; pingpong=0; private_global=0; MemPort=[13]; IO mode=ap_memory:ce=0
Port [ R_out_real_1]:  wired=1; compound=1; hidden=0; nouse=0; global=0; static=0; extern=0; dir=0; type=1; pingpong=0; private_global=0; MemPort=[13]; IO mode=ap_memory:ce=0
Port [ R_out_real_2]:  wired=1; compound=1; hidden=0; nouse=0; global=0; static=0; extern=0; dir=0; type=1; pingpong=0; private_global=0; MemPort=[13]; IO mode=ap_memory:ce=0
Port [ R_out_real_3]:  wired=1; compound=1; hidden=0; nouse=0; global=0; static=0; extern=0; dir=0; type=1; pingpong=0; private_global=0; MemPort=[13]; IO mode=ap_memory:ce=0
Port [ R_out_imag]:  wired=1; compound=1; hidden=0; nouse=0; global=0; static=0; extern=0; dir=0; type=1; pingpong=0; private_global=0; MemPort=[13]; IO mode=ap_memory:ce=0
Port [ R_out_imag_1]:  wired=1; compound=1; hidden=0; nouse=0; global=0; static=0; extern=0; dir=0; type=1; pingpong=0; private_global=0; MemPort=[13]; IO mode=ap_memory:ce=0
Port [ R_out_imag_2]:  wired=1; compound=1; hidden=0; nouse=0; global=0; static=0; extern=0; dir=0; type=1; pingpong=0; private_global=0; MemPort=[13]; IO mode=ap_memory:ce=0
Port [ R_out_imag_3]:  wired=1; compound=1; hidden=0; nouse=0; global=0; static=0; extern=0; dir=0; type=1; pingpong=0; private_global=0; MemPort=[13]; IO mode=ap_memory:ce=0
---------------- STG Properties END ------------------

---------------- Datapath Model BEGIN ----------------

<LifeTime>
<method=bitvector/>
j                     (alloca           ) [ 01000000000]
i                     (alloca           ) [ 01000000000]
indvar_flatten61      (alloca           ) [ 01000000000]
R_out_imag_3_load19   (alloca           ) [ 01111000000]
R_out_imag_2_load21   (alloca           ) [ 01111000000]
R_out_imag_1_load23   (alloca           ) [ 01111000000]
R_out_imag_load25     (alloca           ) [ 01111000000]
R_out_real_3_load27   (alloca           ) [ 01110000000]
R_out_real_2_load29   (alloca           ) [ 01110000000]
R_out_real_1_load31   (alloca           ) [ 01110000000]
R_out_real_load33     (alloca           ) [ 01110000000]
xor_ln214_read        (read             ) [ 01111000000]
zext_ln216_1_read     (read             ) [ 00000000000]
tmp                   (read             ) [ 01110000000]
zext_ln216_read       (read             ) [ 00000000000]
R_DRAM_read           (read             ) [ 01110000000]
zext_ln216_1_cast     (zext             ) [ 01111000000]
zext_ln216_cast       (zext             ) [ 01110000000]
specinterface_ln0     (specinterface    ) [ 00000000000]
store_ln0             (store            ) [ 00000000000]
store_ln214           (store            ) [ 00000000000]
store_ln216           (store            ) [ 00000000000]
br_ln0                (br               ) [ 00000000000]
first_iter_4          (phi              ) [ 01000000000]
indvar_flatten61_load (load             ) [ 00000000000]
specbitsmap_ln0       (specbitsmap      ) [ 00000000000]
icmp_ln214            (icmp             ) [ 01111111111]
add_ln214             (add              ) [ 00000000000]
br_ln214              (br               ) [ 00000000000]
j_load                (load             ) [ 00000000000]
i_load                (load             ) [ 00000000000]
specloopname_ln0      (specloopname     ) [ 00000000000]
speclooptripcount_ln0 (speclooptripcount) [ 00000000000]
icmp_ln216            (icmp             ) [ 00000000000]
or_ln214              (or               ) [ 01100000000]
select_ln214          (select           ) [ 01110000000]
add_ln214_1           (add              ) [ 00000000000]
select_ln214_1        (select           ) [ 00000000000]
zext_ln214            (zext             ) [ 00000000000]
R_out_real_addr       (getelementptr    ) [ 00100000000]
R_out_real_1_addr     (getelementptr    ) [ 00100000000]
R_out_real_2_addr     (getelementptr    ) [ 00100000000]
R_out_real_3_addr     (getelementptr    ) [ 00100000000]
R_out_imag_addr       (getelementptr    ) [ 00100000000]
R_out_imag_1_addr     (getelementptr    ) [ 00100000000]
R_out_imag_2_addr     (getelementptr    ) [ 00100000000]
R_out_imag_3_addr     (getelementptr    ) [ 00100000000]
br_ln216              (br               ) [ 00000000000]
trunc_ln216           (trunc            ) [ 01110000000]
add_ln216_2           (add              ) [ 00000000000]
store_ln214           (store            ) [ 00000000000]
store_ln214           (store            ) [ 00000000000]
store_ln216           (store            ) [ 00000000000]
br_ln216              (br               ) [ 01000000000]
R_out_real_load       (load             ) [ 00000000000]
R_out_real_1_load     (load             ) [ 00000000000]
R_out_real_2_load     (load             ) [ 00000000000]
R_out_real_3_load     (load             ) [ 00000000000]
R_out_imag_load       (load             ) [ 00000000000]
R_out_imag_1_load     (load             ) [ 00000000000]
R_out_imag_2_load     (load             ) [ 00000000000]
R_out_imag_3_load     (load             ) [ 00000000000]
store_ln214           (store            ) [ 00000000000]
store_ln214           (store            ) [ 00000000000]
store_ln214           (store            ) [ 00000000000]
store_ln214           (store            ) [ 00000000000]
store_ln214           (store            ) [ 00000000000]
store_ln214           (store            ) [ 00000000000]
store_ln214           (store            ) [ 00000000000]
store_ln214           (store            ) [ 00000000000]
br_ln216              (br               ) [ 00000000000]
trunc_ln216_1         (trunc            ) [ 01111000000]
shl_ln216_8           (bitconcatenate   ) [ 00000000000]
zext_ln216_2          (zext             ) [ 00000000000]
add_ln216             (add              ) [ 00000000000]
trunc_ln216_3         (partselect       ) [ 01010000000]
R_out_real_3_load_1   (load             ) [ 00000000000]
R_out_real_2_load_1   (load             ) [ 00000000000]
R_out_real_1_load_1   (load             ) [ 00000000000]
R_out_real_load_1     (load             ) [ 00000000000]
shl_ln3               (bitconcatenate   ) [ 00000000000]
or_ln216              (or               ) [ 00000000000]
shl_ln216_1           (shl              ) [ 00000000000]
tmp_s                 (sparsemux        ) [ 00000000000]
bitcast_ln216         (bitcast          ) [ 00000000000]
zext_ln216_3          (zext             ) [ 00000000000]
shl_ln216             (shl              ) [ 00101000000]
shl_ln216_3           (bitconcatenate   ) [ 00000000000]
zext_ln216_4          (zext             ) [ 00000000000]
shl_ln216_2           (shl              ) [ 00101000000]
sext_ln216            (sext             ) [ 00000000000]
memR_addr             (getelementptr    ) [ 01101111110]
empty_31              (writereq         ) [ 00000000000]
or_ln216_1            (or               ) [ 00000000000]
tmp_2                 (partselect       ) [ 00000000000]
tmp_3                 (bitconcatenate   ) [ 00000000000]
zext_ln216_6          (zext             ) [ 00000000000]
add_ln216_1           (add              ) [ 00000000000]
trunc_ln216_4         (partselect       ) [ 00101000000]
R_out_imag_3_load_1   (load             ) [ 00000000000]
R_out_imag_2_load_1   (load             ) [ 00000000000]
R_out_imag_1_load_1   (load             ) [ 00000000000]
R_out_imag_load_1     (load             ) [ 00000000000]
tmp_1                 (sparsemux        ) [ 00000000000]
write_ln216           (write            ) [ 00000000000]
bitcast_ln216_1       (bitcast          ) [ 00000000000]
zext_ln216_5          (zext             ) [ 00000000000]
shl_ln216_4           (shl              ) [ 01000100000]
shl_ln216_6           (bitconcatenate   ) [ 00000000000]
zext_ln216_7          (zext             ) [ 00000000000]
shl_ln216_5           (shl              ) [ 01000100000]
sext_ln216_1          (sext             ) [ 00000000000]
memR_addr_1           (getelementptr    ) [ 01100111111]
empty_33              (writereq         ) [ 00000000000]
write_ln216           (write            ) [ 00000000000]
empty_32              (writeresp        ) [ 00000000000]
specpipeline_ln216    (specpipeline     ) [ 00000000000]
empty_34              (writeresp        ) [ 00000000000]
ret_ln0               (ret              ) [ 00000000000]
</LifeTime>

<model>

<comp_list>
<comp id="0" class="1000" name="memR">
<pin_list>
<pin id="1" dir="1" index="0" bw="1" slack="0"/>
</pin_list>
<bind>
<StgValue><ssdm name="memR"/></StgValue>
</bind>
</comp>

<comp id="2" class="1000" name="R_DRAM">
<pin_list>
<pin id="3" dir="1" index="0" bw="1" slack="0"/>
</pin_list>
<bind>
<StgValue><ssdm name="R_DRAM"/></StgValue>
</bind>
</comp>

<comp id="4" class="1000" name="zext_ln216">
<pin_list>
<pin id="5" dir="1" index="0" bw="1" slack="0"/>
</pin_list>
<bind>
<StgValue><ssdm name="zext_ln216"/></StgValue>
</bind>
</comp>

<comp id="6" class="1000" name="empty">
<pin_list>
<pin id="7" dir="1" index="0" bw="1" slack="0"/>
</pin_list>
<bind>
<StgValue><ssdm name="empty"/></StgValue>
</bind>
</comp>

<comp id="8" class="1000" name="zext_ln216_1">
<pin_list>
<pin id="9" dir="1" index="0" bw="1" slack="0"/>
</pin_list>
<bind>
<StgValue><ssdm name="zext_ln216_1"/></StgValue>
</bind>
</comp>

<comp id="10" class="1000" name="xor_ln214">
<pin_list>
<pin id="11" dir="1" index="0" bw="1" slack="0"/>
</pin_list>
<bind>
<StgValue><ssdm name="xor_ln214"/></StgValue>
</bind>
</comp>

<comp id="12" class="1000" name="R_out_real">
<pin_list>
<pin id="13" dir="1" index="0" bw="1" slack="0"/>
</pin_list>
<bind>
<StgValue><ssdm name="R_out_real"/><MemPortTyVec>1 3 </MemPortTyVec>
</StgValue>
</bind>
</comp>

<comp id="14" class="1000" name="R_out_real_1">
<pin_list>
<pin id="15" dir="1" index="0" bw="1" slack="0"/>
</pin_list>
<bind>
<StgValue><ssdm name="R_out_real_1"/><MemPortTyVec>1 3 </MemPortTyVec>
</StgValue>
</bind>
</comp>

<comp id="16" class="1000" name="R_out_real_2">
<pin_list>
<pin id="17" dir="1" index="0" bw="1" slack="0"/>
</pin_list>
<bind>
<StgValue><ssdm name="R_out_real_2"/><MemPortTyVec>1 3 </MemPortTyVec>
</StgValue>
</bind>
</comp>

<comp id="18" class="1000" name="R_out_real_3">
<pin_list>
<pin id="19" dir="1" index="0" bw="1" slack="0"/>
</pin_list>
<bind>
<StgValue><ssdm name="R_out_real_3"/><MemPortTyVec>1 3 </MemPortTyVec>
</StgValue>
</bind>
</comp>

<comp id="20" class="1000" name="R_out_imag">
<pin_list>
<pin id="21" dir="1" index="0" bw="1" slack="0"/>
</pin_list>
<bind>
<StgValue><ssdm name="R_out_imag"/><MemPortTyVec>1 3 </MemPortTyVec>
</StgValue>
</bind>
</comp>

<comp id="22" class="1000" name="R_out_imag_1">
<pin_list>
<pin id="23" dir="1" index="0" bw="1" slack="0"/>
</pin_list>
<bind>
<StgValue><ssdm name="R_out_imag_1"/><MemPortTyVec>1 3 </MemPortTyVec>
</StgValue>
</bind>
</comp>

<comp id="24" class="1000" name="R_out_imag_2">
<pin_list>
<pin id="25" dir="1" index="0" bw="1" slack="0"/>
</pin_list>
<bind>
<StgValue><ssdm name="R_out_imag_2"/><MemPortTyVec>1 3 </MemPortTyVec>
</StgValue>
</bind>
</comp>

<comp id="26" class="1000" name="R_out_imag_3">
<pin_list>
<pin id="27" dir="1" index="0" bw="1" slack="0"/>
</pin_list>
<bind>
<StgValue><ssdm name="R_out_imag_3"/><MemPortTyVec>1 3 </MemPortTyVec>
</StgValue>
</bind>
</comp>

<comp id="28" class="1001" name="const_28">
<pin_list>
<pin id="29" dir="1" index="0" bw="1" slack="0"/>
</pin_list>
<bind>
<StgValue><ssdm name=""/></StgValue>
</bind>
</comp>

<comp id="30" class="1001" name="const_30">
<pin_list>
<pin id="31" dir="1" index="0" bw="1" slack="0"/>
</pin_list>
<bind>
<StgValue><ssdm name="_ssdm_op_Read.ap_auto.i3"/></StgValue>
</bind>
</comp>

<comp id="32" class="1001" name="const_32">
<pin_list>
<pin id="33" dir="1" index="0" bw="1" slack="0"/>
</pin_list>
<bind>
<StgValue><ssdm name="_ssdm_op_Read.ap_auto.i64"/></StgValue>
</bind>
</comp>

<comp id="34" class="1001" name="const_34">
<pin_list>
<pin id="35" dir="1" index="0" bw="1" slack="2147483647"/>
</pin_list>
<bind>
<StgValue><ssdm name="_ssdm_op_SpecInterface"/></StgValue>
</bind>
</comp>

<comp id="36" class="1001" name="const_36">
<pin_list>
<pin id="37" dir="1" index="0" bw="1" slack="2147483647"/>
</pin_list>
<bind>
<StgValue><ssdm name="empty"/></StgValue>
</bind>
</comp>

<comp id="38" class="1001" name="const_38">
<pin_list>
<pin id="39" dir="1" index="0" bw="1" slack="2147483647"/>
</pin_list>
<bind>
<StgValue><ssdm name=""/></StgValue>
</bind>
</comp>

<comp id="40" class="1001" name="const_40">
<pin_list>
<pin id="41" dir="1" index="0" bw="1" slack="2147483647"/>
</pin_list>
<bind>
<StgValue><ssdm name="empty_0"/></StgValue>
</bind>
</comp>

<comp id="42" class="1001" name="const_42">
<pin_list>
<pin id="43" dir="1" index="0" bw="1" slack="2147483647"/>
</pin_list>
<bind>
<StgValue><ssdm name=""/></StgValue>
</bind>
</comp>

<comp id="44" class="1001" name="const_44">
<pin_list>
<pin id="45" dir="1" index="0" bw="1" slack="2147483647"/>
</pin_list>
<bind>
<StgValue><ssdm name="empty_4"/></StgValue>
</bind>
</comp>

<comp id="46" class="1001" name="const_46">
<pin_list>
<pin id="47" dir="1" index="0" bw="1" slack="2147483647"/>
</pin_list>
<bind>
<StgValue><ssdm name="empty_2"/></StgValue>
</bind>
</comp>

<comp id="48" class="1001" name="const_48">
<pin_list>
<pin id="49" dir="1" index="0" bw="1" slack="2147483647"/>
</pin_list>
<bind>
<StgValue><ssdm name=""/></StgValue>
</bind>
</comp>

<comp id="50" class="1001" name="const_50">
<pin_list>
<pin id="51" dir="1" index="0" bw="1" slack="0"/>
</pin_list>
<bind>
<StgValue><ssdm name=""/></StgValue>
</bind>
</comp>

<comp id="52" class="1001" name="const_52">
<pin_list>
<pin id="53" dir="1" index="0" bw="1" slack="0"/>
</pin_list>
<bind>
<StgValue><ssdm name=""/></StgValue>
</bind>
</comp>

<comp id="54" class="1001" name="const_54">
<pin_list>
<pin id="55" dir="1" index="0" bw="1" slack="0"/>
</pin_list>
<bind>
<StgValue><ssdm name=""/></StgValue>
</bind>
</comp>

<comp id="56" class="1001" name="const_56">
<pin_list>
<pin id="57" dir="1" index="0" bw="1" slack="0"/>
</pin_list>
<bind>
<StgValue><ssdm name=""/></StgValue>
</bind>
</comp>

<comp id="58" class="1001" name="const_58">
<pin_list>
<pin id="59" dir="1" index="0" bw="1" slack="2147483647"/>
</pin_list>
<bind>
<StgValue><ssdm name="_ssdm_op_SpecBitsMap"/></StgValue>
</bind>
</comp>

<comp id="60" class="1001" name="const_60">
<pin_list>
<pin id="61" dir="1" index="0" bw="1" slack="0"/>
</pin_list>
<bind>
<StgValue><ssdm name=""/></StgValue>
</bind>
</comp>

<comp id="62" class="1001" name="const_62">
<pin_list>
<pin id="63" dir="1" index="0" bw="1" slack="0"/>
</pin_list>
<bind>
<StgValue><ssdm name=""/></StgValue>
</bind>
</comp>

<comp id="64" class="1001" name="const_64">
<pin_list>
<pin id="65" dir="1" index="0" bw="1" slack="2147483647"/>
</pin_list>
<bind>
<StgValue><ssdm name="_ssdm_op_SpecLoopName"/></StgValue>
</bind>
</comp>

<comp id="66" class="1001" name="const_66">
<pin_list>
<pin id="67" dir="1" index="0" bw="1" slack="2147483647"/>
</pin_list>
<bind>
<StgValue><ssdm name="WRITE_R_VITIS_LOOP_216_11_str"/></StgValue>
</bind>
</comp>

<comp id="68" class="1001" name="const_68">
<pin_list>
<pin id="69" dir="1" index="0" bw="1" slack="2147483647"/>
</pin_list>
<bind>
<StgValue><ssdm name="_ssdm_op_SpecLoopTripCount"/></StgValue>
</bind>
</comp>

<comp id="70" class="1001" name="const_70">
<pin_list>
<pin id="71" dir="1" index="0" bw="1" slack="2147483647"/>
</pin_list>
<bind>
<StgValue><ssdm name=""/></StgValue>
</bind>
</comp>

<comp id="72" class="1001" name="const_72">
<pin_list>
<pin id="73" dir="1" index="0" bw="1" slack="0"/>
</pin_list>
<bind>
<StgValue><ssdm name=""/></StgValue>
</bind>
</comp>

<comp id="74" class="1001" name="const_74">
<pin_list>
<pin id="75" dir="1" index="0" bw="1" slack="0"/>
</pin_list>
<bind>
<StgValue><ssdm name=""/></StgValue>
</bind>
</comp>

<comp id="76" class="1001" name="const_76">
<pin_list>
<pin id="77" dir="1" index="0" bw="1" slack="0"/>
</pin_list>
<bind>
<StgValue><ssdm name=""/></StgValue>
</bind>
</comp>

<comp id="78" class="1001" name="const_78">
<pin_list>
<pin id="79" dir="1" index="0" bw="1" slack="0"/>
</pin_list>
<bind>
<StgValue><ssdm name="_ssdm_op_BitConcatenate.i7.i2.i2.i3"/></StgValue>
</bind>
</comp>

<comp id="80" class="1001" name="const_80">
<pin_list>
<pin id="81" dir="1" index="0" bw="1" slack="0"/>
</pin_list>
<bind>
<StgValue><ssdm name="_ssdm_op_PartSelect.i61.i64.i32.i32"/></StgValue>
</bind>
</comp>

<comp id="82" class="1001" name="const_82">
<pin_list>
<pin id="83" dir="1" index="0" bw="1" slack="0"/>
</pin_list>
<bind>
<StgValue><ssdm name=""/></StgValue>
</bind>
</comp>

<comp id="84" class="1001" name="const_84">
<pin_list>
<pin id="85" dir="1" index="0" bw="1" slack="0"/>
</pin_list>
<bind>
<StgValue><ssdm name=""/></StgValue>
</bind>
</comp>

<comp id="86" class="1001" name="const_86">
<pin_list>
<pin id="87" dir="1" index="0" bw="1" slack="0"/>
</pin_list>
<bind>
<StgValue><ssdm name="_ssdm_op_BitConcatenate.i5.i2.i3"/></StgValue>
</bind>
</comp>

<comp id="88" class="1001" name="const_88">
<pin_list>
<pin id="89" dir="1" index="0" bw="1" slack="0"/>
</pin_list>
<bind>
<StgValue><ssdm name="_ssdm_op_SparseMux.ap_auto.4f32.f32.i2"/></StgValue>
</bind>
</comp>

<comp id="90" class="1001" name="const_90">
<pin_list>
<pin id="91" dir="1" index="0" bw="1" slack="0"/>
</pin_list>
<bind>
<StgValue><ssdm name=""/></StgValue>
</bind>
</comp>

<comp id="92" class="1001" name="const_92">
<pin_list>
<pin id="93" dir="1" index="0" bw="1" slack="0"/>
</pin_list>
<bind>
<StgValue><ssdm name=""/></StgValue>
</bind>
</comp>

<comp id="94" class="1001" name="const_94">
<pin_list>
<pin id="95" dir="1" index="0" bw="1" slack="0"/>
</pin_list>
<bind>
<StgValue><ssdm name=""/></StgValue>
</bind>
</comp>

<comp id="96" class="1001" name="const_96">
<pin_list>
<pin id="97" dir="1" index="0" bw="1" slack="0"/>
</pin_list>
<bind>
<StgValue><ssdm name=""/></StgValue>
</bind>
</comp>

<comp id="98" class="1001" name="const_98">
<pin_list>
<pin id="99" dir="1" index="0" bw="1" slack="0"/>
</pin_list>
<bind>
<StgValue><ssdm name=""/></StgValue>
</bind>
</comp>

<comp id="100" class="1001" name="const_100">
<pin_list>
<pin id="101" dir="1" index="0" bw="1" slack="0"/>
</pin_list>
<bind>
<StgValue><ssdm name=""/></StgValue>
</bind>
</comp>

<comp id="102" class="1001" name="const_102">
<pin_list>
<pin id="103" dir="1" index="0" bw="1" slack="0"/>
</pin_list>
<bind>
<StgValue><ssdm name="_ssdm_op_BitConcatenate.i6.i3.i3"/></StgValue>
</bind>
</comp>

<comp id="104" class="1001" name="const_104">
<pin_list>
<pin id="105" dir="1" index="0" bw="1" slack="0"/>
</pin_list>
<bind>
<StgValue><ssdm name="_ssdm_op_WriteReq.m_axi.p1i64"/></StgValue>
</bind>
</comp>

<comp id="106" class="1001" name="const_106">
<pin_list>
<pin id="107" dir="1" index="0" bw="1" slack="0"/>
</pin_list>
<bind>
<StgValue><ssdm name="_ssdm_op_PartSelect.i2.i5.i32.i32"/></StgValue>
</bind>
</comp>

<comp id="108" class="1001" name="const_108">
<pin_list>
<pin id="109" dir="1" index="0" bw="1" slack="0"/>
</pin_list>
<bind>
<StgValue><ssdm name=""/></StgValue>
</bind>
</comp>

<comp id="110" class="1001" name="const_110">
<pin_list>
<pin id="111" dir="1" index="0" bw="1" slack="0"/>
</pin_list>
<bind>
<StgValue><ssdm name="_ssdm_op_BitConcatenate.i7.i2.i3.i2"/></StgValue>
</bind>
</comp>

<comp id="112" class="1001" name="const_112">
<pin_list>
<pin id="113" dir="1" index="0" bw="1" slack="0"/>
</pin_list>
<bind>
<StgValue><ssdm name="_ssdm_op_Write.m_axi.p1i64"/></StgValue>
</bind>
</comp>

<comp id="114" class="1001" name="const_114">
<pin_list>
<pin id="115" dir="1" index="0" bw="1" slack="0"/>
</pin_list>
<bind>
<StgValue><ssdm name="_ssdm_op_WriteResp.m_axi.p1i64"/></StgValue>
</bind>
</comp>

<comp id="116" class="1001" name="const_116">
<pin_list>
<pin id="117" dir="1" index="0" bw="1" slack="2147483647"/>
</pin_list>
<bind>
<StgValue><ssdm name="_ssdm_op_SpecPipeline"/></StgValue>
</bind>
</comp>

<comp id="118" class="1004" name="j_fu_118">
<pin_list>
<pin id="119" dir="0" index="0" bw="1" slack="0"/>
<pin id="120" dir="1" index="1" bw="3" slack="0"/>
</pin_list>
<bind>
<opcode="alloca(26) " fcode="alloca"/>
<opset="j/1 "/>
</bind>
</comp>

<comp id="122" class="1004" name="i_fu_122">
<pin_list>
<pin id="123" dir="0" index="0" bw="1" slack="0"/>
<pin id="124" dir="1" index="1" bw="3" slack="0"/>
</pin_list>
<bind>
<opcode="alloca(26) " fcode="alloca"/>
<opset="i/1 "/>
</bind>
</comp>

<comp id="126" class="1004" name="indvar_flatten61_fu_126">
<pin_list>
<pin id="127" dir="0" index="0" bw="1" slack="0"/>
<pin id="128" dir="1" index="1" bw="5" slack="0"/>
</pin_list>
<bind>
<opcode="alloca(26) " fcode="alloca"/>
<opset="indvar_flatten61/1 "/>
</bind>
</comp>

<comp id="130" class="1004" name="R_out_imag_3_load19_fu_130">
<pin_list>
<pin id="131" dir="0" index="0" bw="1" slack="0"/>
<pin id="132" dir="1" index="1" bw="32" slack="1"/>
</pin_list>
<bind>
<opcode="alloca(26) " fcode="alloca"/>
<opset="R_out_imag_3_load19/1 "/>
</bind>
</comp>

<comp id="134" class="1004" name="R_out_imag_2_load21_fu_134">
<pin_list>
<pin id="135" dir="0" index="0" bw="1" slack="0"/>
<pin id="136" dir="1" index="1" bw="32" slack="1"/>
</pin_list>
<bind>
<opcode="alloca(26) " fcode="alloca"/>
<opset="R_out_imag_2_load21/1 "/>
</bind>
</comp>

<comp id="138" class="1004" name="R_out_imag_1_load23_fu_138">
<pin_list>
<pin id="139" dir="0" index="0" bw="1" slack="0"/>
<pin id="140" dir="1" index="1" bw="32" slack="1"/>
</pin_list>
<bind>
<opcode="alloca(26) " fcode="alloca"/>
<opset="R_out_imag_1_load23/1 "/>
</bind>
</comp>

<comp id="142" class="1004" name="R_out_imag_load25_fu_142">
<pin_list>
<pin id="143" dir="0" index="0" bw="1" slack="0"/>
<pin id="144" dir="1" index="1" bw="32" slack="1"/>
</pin_list>
<bind>
<opcode="alloca(26) " fcode="alloca"/>
<opset="R_out_imag_load25/1 "/>
</bind>
</comp>

<comp id="146" class="1004" name="R_out_real_3_load27_fu_146">
<pin_list>
<pin id="147" dir="0" index="0" bw="1" slack="0"/>
<pin id="148" dir="1" index="1" bw="32" slack="1"/>
</pin_list>
<bind>
<opcode="alloca(26) " fcode="alloca"/>
<opset="R_out_real_3_load27/1 "/>
</bind>
</comp>

<comp id="150" class="1004" name="R_out_real_2_load29_fu_150">
<pin_list>
<pin id="151" dir="0" index="0" bw="1" slack="0"/>
<pin id="152" dir="1" index="1" bw="32" slack="1"/>
</pin_list>
<bind>
<opcode="alloca(26) " fcode="alloca"/>
<opset="R_out_real_2_load29/1 "/>
</bind>
</comp>

<comp id="154" class="1004" name="R_out_real_1_load31_fu_154">
<pin_list>
<pin id="155" dir="0" index="0" bw="1" slack="0"/>
<pin id="156" dir="1" index="1" bw="32" slack="1"/>
</pin_list>
<bind>
<opcode="alloca(26) " fcode="alloca"/>
<opset="R_out_real_1_load31/1 "/>
</bind>
</comp>

<comp id="158" class="1004" name="R_out_real_load33_fu_158">
<pin_list>
<pin id="159" dir="0" index="0" bw="1" slack="0"/>
<pin id="160" dir="1" index="1" bw="32" slack="1"/>
</pin_list>
<bind>
<opcode="alloca(26) " fcode="alloca"/>
<opset="R_out_real_load33/1 "/>
</bind>
</comp>

<comp id="162" class="1004" name="xor_ln214_read_read_fu_162">
<pin_list>
<pin id="163" dir="0" index="0" bw="3" slack="0"/>
<pin id="164" dir="0" index="1" bw="3" slack="0"/>
<pin id="165" dir="1" index="2" bw="3" slack="3"/>
</pin_list>
<bind>
<opcode="read(1150) " fcode="read"/>
<opset="xor_ln214_read/1 "/>
</bind>
</comp>

<comp id="168" class="1004" name="zext_ln216_1_read_read_fu_168">
<pin_list>
<pin id="169" dir="0" index="0" bw="3" slack="0"/>
<pin id="170" dir="0" index="1" bw="3" slack="0"/>
<pin id="171" dir="1" index="2" bw="3" slack="0"/>
</pin_list>
<bind>
<opcode="read(1150) " fcode="read"/>
<opset="zext_ln216_1_read/1 "/>
</bind>
</comp>

<comp id="174" class="1004" name="tmp_read_fu_174">
<pin_list>
<pin id="175" dir="0" index="0" bw="3" slack="0"/>
<pin id="176" dir="0" index="1" bw="3" slack="0"/>
<pin id="177" dir="1" index="2" bw="3" slack="2"/>
</pin_list>
<bind>
<opcode="read(1150) " fcode="read"/>
<opset="tmp/1 "/>
</bind>
</comp>

<comp id="180" class="1004" name="zext_ln216_read_read_fu_180">
<pin_list>
<pin id="181" dir="0" index="0" bw="3" slack="0"/>
<pin id="182" dir="0" index="1" bw="3" slack="0"/>
<pin id="183" dir="1" index="2" bw="3" slack="0"/>
</pin_list>
<bind>
<opcode="read(1150) " fcode="read"/>
<opset="zext_ln216_read/1 "/>
</bind>
</comp>

<comp id="186" class="1004" name="R_DRAM_read_read_fu_186">
<pin_list>
<pin id="187" dir="0" index="0" bw="64" slack="0"/>
<pin id="188" dir="0" index="1" bw="64" slack="0"/>
<pin id="189" dir="1" index="2" bw="64" slack="1"/>
</pin_list>
<bind>
<opcode="read(1150) " fcode="read"/>
<opset="R_DRAM_read/1 "/>
</bind>
</comp>

<comp id="192" class="1004" name="grp_writeresp_fu_192">
<pin_list>
<pin id="193" dir="0" index="0" bw="1" slack="0"/>
<pin id="194" dir="0" index="1" bw="64" slack="0"/>
<pin id="195" dir="0" index="2" bw="1" slack="0"/>
<pin id="196" dir="1" index="3" bw="1" slack="2147483647"/>
</pin_list>
<bind>
<opcode="writereq(1155) writeresp(1158) " fcode="writeresp"/>
<opset="empty_31/3 empty_32/5 "/>
</bind>
</comp>

<comp id="199" class="1004" name="write_ln216_write_fu_199">
<pin_list>
<pin id="200" dir="0" index="0" bw="0" slack="0"/>
<pin id="201" dir="0" index="1" bw="64" slack="1"/>
<pin id="202" dir="0" index="2" bw="64" slack="1"/>
<pin id="203" dir="0" index="3" bw="8" slack="1"/>
<pin id="204" dir="1" index="4" bw="0" slack="2147483647"/>
</pin_list>
<bind>
<opcode="write(1151) " fcode="write"/>
<opset="write_ln216/4 "/>
</bind>
</comp>

<comp id="206" class="1004" name="grp_writeresp_fu_206">
<pin_list>
<pin id="207" dir="0" index="0" bw="1" slack="0"/>
<pin id="208" dir="0" index="1" bw="64" slack="0"/>
<pin id="209" dir="0" index="2" bw="1" slack="0"/>
<pin id="210" dir="1" index="3" bw="1" slack="2147483647"/>
</pin_list>
<bind>
<opcode="writereq(1155) writeresp(1158) " fcode="writeresp"/>
<opset="empty_33/4 empty_34/6 "/>
</bind>
</comp>

<comp id="214" class="1004" name="write_ln216_write_fu_214">
<pin_list>
<pin id="215" dir="0" index="0" bw="0" slack="0"/>
<pin id="216" dir="0" index="1" bw="64" slack="1"/>
<pin id="217" dir="0" index="2" bw="64" slack="1"/>
<pin id="218" dir="0" index="3" bw="8" slack="1"/>
<pin id="219" dir="1" index="4" bw="0" slack="2147483647"/>
</pin_list>
<bind>
<opcode="write(1151) " fcode="write"/>
<opset="write_ln216/5 "/>
</bind>
</comp>

<comp id="222" class="1004" name="R_out_real_addr_gep_fu_222">
<pin_list>
<pin id="223" dir="0" index="0" bw="32" slack="0"/>
<pin id="224" dir="0" index="1" bw="1" slack="0"/>
<pin id="225" dir="0" index="2" bw="3" slack="0"/>
<pin id="226" dir="1" index="3" bw="3" slack="0"/>
</pin_list>
<bind>
<opcode="getelementptr(29) " fcode="getelementptr"/>
<opset="R_out_real_addr/1 "/>
</bind>
</comp>

<comp id="229" class="1004" name="R_out_real_1_addr_gep_fu_229">
<pin_list>
<pin id="230" dir="0" index="0" bw="32" slack="0"/>
<pin id="231" dir="0" index="1" bw="1" slack="0"/>
<pin id="232" dir="0" index="2" bw="3" slack="0"/>
<pin id="233" dir="1" index="3" bw="3" slack="0"/>
</pin_list>
<bind>
<opcode="getelementptr(29) " fcode="getelementptr"/>
<opset="R_out_real_1_addr/1 "/>
</bind>
</comp>

<comp id="236" class="1004" name="R_out_real_2_addr_gep_fu_236">
<pin_list>
<pin id="237" dir="0" index="0" bw="32" slack="0"/>
<pin id="238" dir="0" index="1" bw="1" slack="0"/>
<pin id="239" dir="0" index="2" bw="3" slack="0"/>
<pin id="240" dir="1" index="3" bw="3" slack="0"/>
</pin_list>
<bind>
<opcode="getelementptr(29) " fcode="getelementptr"/>
<opset="R_out_real_2_addr/1 "/>
</bind>
</comp>

<comp id="243" class="1004" name="R_out_real_3_addr_gep_fu_243">
<pin_list>
<pin id="244" dir="0" index="0" bw="32" slack="0"/>
<pin id="245" dir="0" index="1" bw="1" slack="0"/>
<pin id="246" dir="0" index="2" bw="3" slack="0"/>
<pin id="247" dir="1" index="3" bw="3" slack="0"/>
</pin_list>
<bind>
<opcode="getelementptr(29) " fcode="getelementptr"/>
<opset="R_out_real_3_addr/1 "/>
</bind>
</comp>

<comp id="250" class="1004" name="R_out_imag_addr_gep_fu_250">
<pin_list>
<pin id="251" dir="0" index="0" bw="32" slack="0"/>
<pin id="252" dir="0" index="1" bw="1" slack="0"/>
<pin id="253" dir="0" index="2" bw="3" slack="0"/>
<pin id="254" dir="1" index="3" bw="3" slack="0"/>
</pin_list>
<bind>
<opcode="getelementptr(29) " fcode="getelementptr"/>
<opset="R_out_imag_addr/1 "/>
</bind>
</comp>

<comp id="257" class="1004" name="R_out_imag_1_addr_gep_fu_257">
<pin_list>
<pin id="258" dir="0" index="0" bw="32" slack="0"/>
<pin id="259" dir="0" index="1" bw="1" slack="0"/>
<pin id="260" dir="0" index="2" bw="3" slack="0"/>
<pin id="261" dir="1" index="3" bw="3" slack="0"/>
</pin_list>
<bind>
<opcode="getelementptr(29) " fcode="getelementptr"/>
<opset="R_out_imag_1_addr/1 "/>
</bind>
</comp>

<comp id="264" class="1004" name="R_out_imag_2_addr_gep_fu_264">
<pin_list>
<pin id="265" dir="0" index="0" bw="32" slack="0"/>
<pin id="266" dir="0" index="1" bw="1" slack="0"/>
<pin id="267" dir="0" index="2" bw="3" slack="0"/>
<pin id="268" dir="1" index="3" bw="3" slack="0"/>
</pin_list>
<bind>
<opcode="getelementptr(29) " fcode="getelementptr"/>
<opset="R_out_imag_2_addr/1 "/>
</bind>
</comp>

<comp id="271" class="1004" name="R_out_imag_3_addr_gep_fu_271">
<pin_list>
<pin id="272" dir="0" index="0" bw="32" slack="0"/>
<pin id="273" dir="0" index="1" bw="1" slack="0"/>
<pin id="274" dir="0" index="2" bw="3" slack="0"/>
<pin id="275" dir="1" index="3" bw="3" slack="0"/>
</pin_list>
<bind>
<opcode="getelementptr(29) " fcode="getelementptr"/>
<opset="R_out_imag_3_addr/1 "/>
</bind>
</comp>

<comp id="278" class="1004" name="grp_access_fu_278">
<pin_list>
<pin id="279" dir="0" index="0" bw="3" slack="0"/>
<pin id="280" dir="0" index="1" bw="32" slack="2147483647"/>
<pin id="281" dir="0" index="2" bw="0" slack="2147483647"/>
<pin id="282" dir="1" index="3" bw="32" slack="0"/>
</pin_list>
<bind>
<opcode="load(27) " fcode="load"/>
<opset="R_out_real_load/1 "/>
</bind>
</comp>

<comp id="284" class="1004" name="grp_access_fu_284">
<pin_list>
<pin id="285" dir="0" index="0" bw="3" slack="0"/>
<pin id="286" dir="0" index="1" bw="32" slack="2147483647"/>
<pin id="287" dir="0" index="2" bw="0" slack="2147483647"/>
<pin id="288" dir="1" index="3" bw="32" slack="0"/>
</pin_list>
<bind>
<opcode="load(27) " fcode="load"/>
<opset="R_out_real_1_load/1 "/>
</bind>
</comp>

<comp id="290" class="1004" name="grp_access_fu_290">
<pin_list>
<pin id="291" dir="0" index="0" bw="3" slack="0"/>
<pin id="292" dir="0" index="1" bw="32" slack="2147483647"/>
<pin id="293" dir="0" index="2" bw="0" slack="2147483647"/>
<pin id="294" dir="1" index="3" bw="32" slack="0"/>
</pin_list>
<bind>
<opcode="load(27) " fcode="load"/>
<opset="R_out_real_2_load/1 "/>
</bind>
</comp>

<comp id="296" class="1004" name="grp_access_fu_296">
<pin_list>
<pin id="297" dir="0" index="0" bw="3" slack="0"/>
<pin id="298" dir="0" index="1" bw="32" slack="2147483647"/>
<pin id="299" dir="0" index="2" bw="0" slack="2147483647"/>
<pin id="300" dir="1" index="3" bw="32" slack="0"/>
</pin_list>
<bind>
<opcode="load(27) " fcode="load"/>
<opset="R_out_real_3_load/1 "/>
</bind>
</comp>

<comp id="302" class="1004" name="grp_access_fu_302">
<pin_list>
<pin id="303" dir="0" index="0" bw="3" slack="0"/>
<pin id="304" dir="0" index="1" bw="32" slack="2147483647"/>
<pin id="305" dir="0" index="2" bw="0" slack="2147483647"/>
<pin id="306" dir="1" index="3" bw="32" slack="0"/>
</pin_list>
<bind>
<opcode="load(27) " fcode="load"/>
<opset="R_out_imag_load/1 "/>
</bind>
</comp>

<comp id="308" class="1004" name="grp_access_fu_308">
<pin_list>
<pin id="309" dir="0" index="0" bw="3" slack="0"/>
<pin id="310" dir="0" index="1" bw="32" slack="2147483647"/>
<pin id="311" dir="0" index="2" bw="0" slack="2147483647"/>
<pin id="312" dir="1" index="3" bw="32" slack="0"/>
</pin_list>
<bind>
<opcode="load(27) " fcode="load"/>
<opset="R_out_imag_1_load/1 "/>
</bind>
</comp>

<comp id="314" class="1004" name="grp_access_fu_314">
<pin_list>
<pin id="315" dir="0" index="0" bw="3" slack="0"/>
<pin id="316" dir="0" index="1" bw="32" slack="2147483647"/>
<pin id="317" dir="0" index="2" bw="0" slack="2147483647"/>
<pin id="318" dir="1" index="3" bw="32" slack="0"/>
</pin_list>
<bind>
<opcode="load(27) " fcode="load"/>
<opset="R_out_imag_2_load/1 "/>
</bind>
</comp>

<comp id="320" class="1004" name="grp_access_fu_320">
<pin_list>
<pin id="321" dir="0" index="0" bw="3" slack="0"/>
<pin id="322" dir="0" index="1" bw="32" slack="2147483647"/>
<pin id="323" dir="0" index="2" bw="0" slack="2147483647"/>
<pin id="324" dir="1" index="3" bw="32" slack="0"/>
</pin_list>
<bind>
<opcode="load(27) " fcode="load"/>
<opset="R_out_imag_3_load/1 "/>
</bind>
</comp>

<comp id="326" class="1005" name="first_iter_4_reg_326">
<pin_list>
<pin id="327" dir="0" index="0" bw="1" slack="2147483647"/>
<pin id="328" dir="1" index="1" bw="1" slack="2147483647"/>
</pin_list>
<bind>
<opset="first_iter_4 (phireg) "/>
</bind>
</comp>

<comp id="329" class="1004" name="first_iter_4_phi_fu_329">
<pin_list>
<pin id="330" dir="0" index="0" bw="1" slack="0"/>
<pin id="331" dir="0" index="1" bw="0" slack="2147483647"/>
<pin id="332" dir="0" index="2" bw="1" slack="0"/>
<pin id="333" dir="0" index="3" bw="0" slack="2147483647"/>
<pin id="334" dir="1" index="4" bw="1" slack="0"/>
</pin_list>
<bind>
<opcode="phi(47) " fcode="phi"/>
<opset="first_iter_4/1 "/>
</bind>
</comp>

<comp id="337" class="1004" name="zext_ln216_1_cast_fu_337">
<pin_list>
<pin id="338" dir="0" index="0" bw="3" slack="0"/>
<pin id="339" dir="1" index="1" bw="8" slack="3"/>
</pin_list>
<bind>
<opcode="zext(34) " fcode="zext"/>
<opset="zext_ln216_1_cast/1 "/>
</bind>
</comp>

<comp id="341" class="1004" name="zext_ln216_cast_fu_341">
<pin_list>
<pin id="342" dir="0" index="0" bw="3" slack="0"/>
<pin id="343" dir="1" index="1" bw="8" slack="2"/>
</pin_list>
<bind>
<opcode="zext(34) " fcode="zext"/>
<opset="zext_ln216_cast/1 "/>
</bind>
</comp>

<comp id="345" class="1004" name="store_ln0_store_fu_345">
<pin_list>
<pin id="346" dir="0" index="0" bw="1" slack="0"/>
<pin id="347" dir="0" index="1" bw="5" slack="0"/>
<pin id="348" dir="1" index="2" bw="0" slack="2147483647"/>
</pin_list>
<bind>
<opcode="store(28) " fcode="store"/>
<opset="store_ln0/1 "/>
</bind>
</comp>

<comp id="350" class="1004" name="store_ln214_store_fu_350">
<pin_list>
<pin id="351" dir="0" index="0" bw="1" slack="0"/>
<pin id="352" dir="0" index="1" bw="3" slack="0"/>
<pin id="353" dir="1" index="2" bw="0" slack="2147483647"/>
</pin_list>
<bind>
<opcode="store(28) " fcode="store"/>
<opset="store_ln214/1 "/>
</bind>
</comp>

<comp id="355" class="1004" name="store_ln216_store_fu_355">
<pin_list>
<pin id="356" dir="0" index="0" bw="1" slack="0"/>
<pin id="357" dir="0" index="1" bw="3" slack="0"/>
<pin id="358" dir="1" index="2" bw="0" slack="2147483647"/>
</pin_list>
<bind>
<opcode="store(28) " fcode="store"/>
<opset="store_ln216/1 "/>
</bind>
</comp>

<comp id="360" class="1004" name="indvar_flatten61_load_load_fu_360">
<pin_list>
<pin id="361" dir="0" index="0" bw="5" slack="0"/>
<pin id="362" dir="1" index="1" bw="5" slack="0"/>
</pin_list>
<bind>
<opcode="load(27) " fcode="load"/>
<opset="indvar_flatten61_load/1 "/>
</bind>
</comp>

<comp id="363" class="1004" name="icmp_ln214_fu_363">
<pin_list>
<pin id="364" dir="0" index="0" bw="5" slack="0"/>
<pin id="365" dir="0" index="1" bw="5" slack="0"/>
<pin id="366" dir="1" index="2" bw="1" slack="1"/>
</pin_list>
<bind>
<opcode="icmp(45) " fcode="icmp"/>
<opset="icmp_ln214/1 "/>
</bind>
</comp>

<comp id="369" class="1004" name="add_ln214_fu_369">
<pin_list>
<pin id="370" dir="0" index="0" bw="5" slack="0"/>
<pin id="371" dir="0" index="1" bw="1" slack="0"/>
<pin id="372" dir="1" index="2" bw="5" slack="0"/>
</pin_list>
<bind>
<opcode="add(8) " fcode="add"/>
<opset="add_ln214/1 "/>
</bind>
</comp>

<comp id="375" class="1004" name="j_load_load_fu_375">
<pin_list>
<pin id="376" dir="0" index="0" bw="3" slack="0"/>
<pin id="377" dir="1" index="1" bw="3" slack="0"/>
</pin_list>
<bind>
<opcode="load(27) " fcode="load"/>
<opset="j_load/1 "/>
</bind>
</comp>

<comp id="378" class="1004" name="i_load_load_fu_378">
<pin_list>
<pin id="379" dir="0" index="0" bw="3" slack="0"/>
<pin id="380" dir="1" index="1" bw="3" slack="0"/>
</pin_list>
<bind>
<opcode="load(27) " fcode="load"/>
<opset="i_load/1 "/>
</bind>
</comp>

<comp id="381" class="1004" name="icmp_ln216_fu_381">
<pin_list>
<pin id="382" dir="0" index="0" bw="3" slack="0"/>
<pin id="383" dir="0" index="1" bw="3" slack="0"/>
<pin id="384" dir="1" index="2" bw="1" slack="0"/>
</pin_list>
<bind>
<opcode="icmp(45) " fcode="icmp"/>
<opset="icmp_ln216/1 "/>
</bind>
</comp>

<comp id="387" class="1004" name="or_ln214_fu_387">
<pin_list>
<pin id="388" dir="0" index="0" bw="1" slack="0"/>
<pin id="389" dir="0" index="1" bw="1" slack="0"/>
<pin id="390" dir="1" index="2" bw="1" slack="1"/>
</pin_list>
<bind>
<opcode="or(24) " fcode="or"/>
<opset="or_ln214/1 "/>
</bind>
</comp>

<comp id="393" class="1004" name="select_ln214_fu_393">
<pin_list>
<pin id="394" dir="0" index="0" bw="1" slack="0"/>
<pin id="395" dir="0" index="1" bw="1" slack="0"/>
<pin id="396" dir="0" index="2" bw="3" slack="0"/>
<pin id="397" dir="1" index="3" bw="3" slack="0"/>
</pin_list>
<bind>
<opcode="select(49) " fcode="select"/>
<opset="select_ln214/1 "/>
</bind>
</comp>

<comp id="401" class="1004" name="add_ln214_1_fu_401">
<pin_list>
<pin id="402" dir="0" index="0" bw="3" slack="0"/>
<pin id="403" dir="0" index="1" bw="1" slack="0"/>
<pin id="404" dir="1" index="2" bw="3" slack="0"/>
</pin_list>
<bind>
<opcode="add(8) " fcode="add"/>
<opset="add_ln214_1/1 "/>
</bind>
</comp>

<comp id="407" class="1004" name="select_ln214_1_fu_407">
<pin_list>
<pin id="408" dir="0" index="0" bw="1" slack="0"/>
<pin id="409" dir="0" index="1" bw="3" slack="0"/>
<pin id="410" dir="0" index="2" bw="3" slack="0"/>
<pin id="411" dir="1" index="3" bw="3" slack="0"/>
</pin_list>
<bind>
<opcode="select(49) " fcode="select"/>
<opset="select_ln214_1/1 "/>
</bind>
</comp>

<comp id="415" class="1004" name="zext_ln214_fu_415">
<pin_list>
<pin id="416" dir="0" index="0" bw="3" slack="0"/>
<pin id="417" dir="1" index="1" bw="64" slack="0"/>
</pin_list>
<bind>
<opcode="zext(34) " fcode="zext"/>
<opset="zext_ln214/1 "/>
</bind>
</comp>

<comp id="427" class="1004" name="trunc_ln216_fu_427">
<pin_list>
<pin id="428" dir="0" index="0" bw="3" slack="0"/>
<pin id="429" dir="1" index="1" bw="2" slack="1"/>
</pin_list>
<bind>
<opcode="trunc(33) " fcode="trunc"/>
<opset="trunc_ln216/1 "/>
</bind>
</comp>

<comp id="431" class="1004" name="add_ln216_2_fu_431">
<pin_list>
<pin id="432" dir="0" index="0" bw="3" slack="0"/>
<pin id="433" dir="0" index="1" bw="1" slack="0"/>
<pin id="434" dir="1" index="2" bw="3" slack="0"/>
</pin_list>
<bind>
<opcode="add(8) " fcode="add"/>
<opset="add_ln216_2/1 "/>
</bind>
</comp>

<comp id="437" class="1004" name="store_ln214_store_fu_437">
<pin_list>
<pin id="438" dir="0" index="0" bw="5" slack="0"/>
<pin id="439" dir="0" index="1" bw="5" slack="0"/>
<pin id="440" dir="1" index="2" bw="0" slack="2147483647"/>
</pin_list>
<bind>
<opcode="store(28) " fcode="store"/>
<opset="store_ln214/1 "/>
</bind>
</comp>

<comp id="442" class="1004" name="store_ln214_store_fu_442">
<pin_list>
<pin id="443" dir="0" index="0" bw="3" slack="0"/>
<pin id="444" dir="0" index="1" bw="3" slack="0"/>
<pin id="445" dir="1" index="2" bw="0" slack="2147483647"/>
</pin_list>
<bind>
<opcode="store(28) " fcode="store"/>
<opset="store_ln214/1 "/>
</bind>
</comp>

<comp id="447" class="1004" name="store_ln216_store_fu_447">
<pin_list>
<pin id="448" dir="0" index="0" bw="3" slack="0"/>
<pin id="449" dir="0" index="1" bw="3" slack="0"/>
<pin id="450" dir="1" index="2" bw="0" slack="2147483647"/>
</pin_list>
<bind>
<opcode="store(28) " fcode="store"/>
<opset="store_ln216/1 "/>
</bind>
</comp>

<comp id="452" class="1004" name="store_ln214_store_fu_452">
<pin_list>
<pin id="453" dir="0" index="0" bw="32" slack="0"/>
<pin id="454" dir="0" index="1" bw="32" slack="1"/>
<pin id="455" dir="1" index="2" bw="0" slack="2147483647"/>
</pin_list>
<bind>
<opcode="store(28) " fcode="store"/>
<opset="store_ln214/2 "/>
</bind>
</comp>

<comp id="457" class="1004" name="store_ln214_store_fu_457">
<pin_list>
<pin id="458" dir="0" index="0" bw="32" slack="0"/>
<pin id="459" dir="0" index="1" bw="32" slack="1"/>
<pin id="460" dir="1" index="2" bw="0" slack="2147483647"/>
</pin_list>
<bind>
<opcode="store(28) " fcode="store"/>
<opset="store_ln214/2 "/>
</bind>
</comp>

<comp id="462" class="1004" name="store_ln214_store_fu_462">
<pin_list>
<pin id="463" dir="0" index="0" bw="32" slack="0"/>
<pin id="464" dir="0" index="1" bw="32" slack="1"/>
<pin id="465" dir="1" index="2" bw="0" slack="2147483647"/>
</pin_list>
<bind>
<opcode="store(28) " fcode="store"/>
<opset="store_ln214/2 "/>
</bind>
</comp>

<comp id="467" class="1004" name="store_ln214_store_fu_467">
<pin_list>
<pin id="468" dir="0" index="0" bw="32" slack="0"/>
<pin id="469" dir="0" index="1" bw="32" slack="1"/>
<pin id="470" dir="1" index="2" bw="0" slack="2147483647"/>
</pin_list>
<bind>
<opcode="store(28) " fcode="store"/>
<opset="store_ln214/2 "/>
</bind>
</comp>

<comp id="472" class="1004" name="store_ln214_store_fu_472">
<pin_list>
<pin id="473" dir="0" index="0" bw="32" slack="0"/>
<pin id="474" dir="0" index="1" bw="32" slack="1"/>
<pin id="475" dir="1" index="2" bw="0" slack="2147483647"/>
</pin_list>
<bind>
<opcode="store(28) " fcode="store"/>
<opset="store_ln214/2 "/>
</bind>
</comp>

<comp id="477" class="1004" name="store_ln214_store_fu_477">
<pin_list>
<pin id="478" dir="0" index="0" bw="32" slack="0"/>
<pin id="479" dir="0" index="1" bw="32" slack="1"/>
<pin id="480" dir="1" index="2" bw="0" slack="2147483647"/>
</pin_list>
<bind>
<opcode="store(28) " fcode="store"/>
<opset="store_ln214/2 "/>
</bind>
</comp>

<comp id="482" class="1004" name="store_ln214_store_fu_482">
<pin_list>
<pin id="483" dir="0" index="0" bw="32" slack="0"/>
<pin id="484" dir="0" index="1" bw="32" slack="1"/>
<pin id="485" dir="1" index="2" bw="0" slack="2147483647"/>
</pin_list>
<bind>
<opcode="store(28) " fcode="store"/>
<opset="store_ln214/2 "/>
</bind>
</comp>

<comp id="487" class="1004" name="store_ln214_store_fu_487">
<pin_list>
<pin id="488" dir="0" index="0" bw="32" slack="0"/>
<pin id="489" dir="0" index="1" bw="32" slack="1"/>
<pin id="490" dir="1" index="2" bw="0" slack="2147483647"/>
</pin_list>
<bind>
<opcode="store(28) " fcode="store"/>
<opset="store_ln214/2 "/>
</bind>
</comp>

<comp id="492" class="1004" name="trunc_ln216_1_fu_492">
<pin_list>
<pin id="493" dir="0" index="0" bw="3" slack="1"/>
<pin id="494" dir="1" index="1" bw="2" slack="0"/>
</pin_list>
<bind>
<opcode="trunc(33) " fcode="trunc"/>
<opset="trunc_ln216_1/2 "/>
</bind>
</comp>

<comp id="495" class="1004" name="shl_ln216_8_fu_495">
<pin_list>
<pin id="496" dir="0" index="0" bw="7" slack="0"/>
<pin id="497" dir="0" index="1" bw="2" slack="1"/>
<pin id="498" dir="0" index="2" bw="2" slack="0"/>
<pin id="499" dir="0" index="3" bw="1" slack="0"/>
<pin id="500" dir="1" index="4" bw="7" slack="0"/>
</pin_list>
<bind>
<opcode="bitconcatenate(1004) " fcode="bitconcatenate"/>
<opset="shl_ln216_8/2 "/>
</bind>
</comp>

<comp id="504" class="1004" name="zext_ln216_2_fu_504">
<pin_list>
<pin id="505" dir="0" index="0" bw="7" slack="0"/>
<pin id="506" dir="1" index="1" bw="64" slack="0"/>
</pin_list>
<bind>
<opcode="zext(34) " fcode="zext"/>
<opset="zext_ln216_2/2 "/>
</bind>
</comp>

<comp id="508" class="1004" name="add_ln216_fu_508">
<pin_list>
<pin id="509" dir="0" index="0" bw="7" slack="0"/>
<pin id="510" dir="0" index="1" bw="64" slack="1"/>
<pin id="511" dir="1" index="2" bw="64" slack="0"/>
</pin_list>
<bind>
<opcode="add(8) " fcode="add"/>
<opset="add_ln216/2 "/>
</bind>
</comp>

<comp id="513" class="1004" name="trunc_ln216_3_fu_513">
<pin_list>
<pin id="514" dir="0" index="0" bw="61" slack="0"/>
<pin id="515" dir="0" index="1" bw="64" slack="0"/>
<pin id="516" dir="0" index="2" bw="3" slack="0"/>
<pin id="517" dir="0" index="3" bw="7" slack="0"/>
<pin id="518" dir="1" index="4" bw="61" slack="1"/>
</pin_list>
<bind>
<opcode="partselect(1002) " fcode="partselect"/>
<opset="trunc_ln216_3/2 "/>
</bind>
</comp>

<comp id="523" class="1004" name="R_out_real_3_load_1_load_fu_523">
<pin_list>
<pin id="524" dir="0" index="0" bw="32" slack="2"/>
<pin id="525" dir="1" index="1" bw="32" slack="0"/>
</pin_list>
<bind>
<opcode="load(27) " fcode="load"/>
<opset="R_out_real_3_load_1/3 "/>
</bind>
</comp>

<comp id="526" class="1004" name="R_out_real_2_load_1_load_fu_526">
<pin_list>
<pin id="527" dir="0" index="0" bw="32" slack="2"/>
<pin id="528" dir="1" index="1" bw="32" slack="0"/>
</pin_list>
<bind>
<opcode="load(27) " fcode="load"/>
<opset="R_out_real_2_load_1/3 "/>
</bind>
</comp>

<comp id="529" class="1004" name="R_out_real_1_load_1_load_fu_529">
<pin_list>
<pin id="530" dir="0" index="0" bw="32" slack="2"/>
<pin id="531" dir="1" index="1" bw="32" slack="0"/>
</pin_list>
<bind>
<opcode="load(27) " fcode="load"/>
<opset="R_out_real_1_load_1/3 "/>
</bind>
</comp>

<comp id="532" class="1004" name="R_out_real_load_1_load_fu_532">
<pin_list>
<pin id="533" dir="0" index="0" bw="32" slack="2"/>
<pin id="534" dir="1" index="1" bw="32" slack="0"/>
</pin_list>
<bind>
<opcode="load(27) " fcode="load"/>
<opset="R_out_real_load_1/3 "/>
</bind>
</comp>

<comp id="535" class="1004" name="shl_ln3_fu_535">
<pin_list>
<pin id="536" dir="0" index="0" bw="5" slack="0"/>
<pin id="537" dir="0" index="1" bw="2" slack="2"/>
<pin id="538" dir="0" index="2" bw="1" slack="0"/>
<pin id="539" dir="1" index="3" bw="5" slack="0"/>
</pin_list>
<bind>
<opcode="bitconcatenate(1004) " fcode="bitconcatenate"/>
<opset="shl_ln3/3 "/>
</bind>
</comp>

<comp id="542" class="1004" name="or_ln216_fu_542">
<pin_list>
<pin id="543" dir="0" index="0" bw="5" slack="0"/>
<pin id="544" dir="0" index="1" bw="1" slack="0"/>
<pin id="545" dir="1" index="2" bw="5" slack="0"/>
</pin_list>
<bind>
<opcode="or(24) " fcode="or"/>
<opset="or_ln216/3 "/>
</bind>
</comp>

<comp id="548" class="1004" name="shl_ln216_1_fu_548">
<pin_list>
<pin id="549" dir="0" index="0" bw="3" slack="2"/>
<pin id="550" dir="0" index="1" bw="1" slack="0"/>
<pin id="551" dir="1" index="2" bw="3" slack="0"/>
</pin_list>
<bind>
<opcode="shl(20) " fcode="shl"/>
<opset="shl_ln216_1/3 "/>
</bind>
</comp>

<comp id="553" class="1004" name="tmp_s_fu_553">
<pin_list>
<pin id="554" dir="0" index="0" bw="32" slack="0"/>
<pin id="555" dir="0" index="1" bw="1" slack="0"/>
<pin id="556" dir="0" index="2" bw="32" slack="0"/>
<pin id="557" dir="0" index="3" bw="1" slack="0"/>
<pin id="558" dir="0" index="4" bw="32" slack="0"/>
<pin id="559" dir="0" index="5" bw="2" slack="0"/>
<pin id="560" dir="0" index="6" bw="32" slack="0"/>
<pin id="561" dir="0" index="7" bw="1" slack="0"/>
<pin id="562" dir="0" index="8" bw="32" slack="0"/>
<pin id="563" dir="0" index="9" bw="32" slack="0"/>
<pin id="564" dir="0" index="10" bw="2" slack="1"/>
<pin id="565" dir="1" index="11" bw="32" slack="0"/>
</pin_list>
<bind>
<opcode="sparsemux(1197) " fcode="sparsemux"/>
<opset="tmp_s/3 "/>
</bind>
</comp>

<comp id="576" class="1004" name="bitcast_ln216_fu_576">
<pin_list>
<pin id="577" dir="0" index="0" bw="32" slack="0"/>
<pin id="578" dir="1" index="1" bw="32" slack="0"/>
</pin_list>
<bind>
<opcode="bitcast(44) " fcode="bitcast"/>
<opset="bitcast_ln216/3 "/>
</bind>
</comp>

<comp id="580" class="1004" name="zext_ln216_3_fu_580">
<pin_list>
<pin id="581" dir="0" index="0" bw="32" slack="0"/>
<pin id="582" dir="1" index="1" bw="64" slack="0"/>
</pin_list>
<bind>
<opcode="zext(34) " fcode="zext"/>
<opset="zext_ln216_3/3 "/>
</bind>
</comp>

<comp id="584" class="1004" name="shl_ln216_fu_584">
<pin_list>
<pin id="585" dir="0" index="0" bw="5" slack="0"/>
<pin id="586" dir="0" index="1" bw="3" slack="2"/>
<pin id="587" dir="1" index="2" bw="8" slack="1"/>
</pin_list>
<bind>
<opcode="shl(20) " fcode="shl"/>
<opset="shl_ln216/3 "/>
</bind>
</comp>

<comp id="589" class="1004" name="shl_ln216_3_fu_589">
<pin_list>
<pin id="590" dir="0" index="0" bw="6" slack="0"/>
<pin id="591" dir="0" index="1" bw="3" slack="2"/>
<pin id="592" dir="0" index="2" bw="1" slack="0"/>
<pin id="593" dir="1" index="3" bw="6" slack="0"/>
</pin_list>
<bind>
<opcode="bitconcatenate(1004) " fcode="bitconcatenate"/>
<opset="shl_ln216_3/3 "/>
</bind>
</comp>

<comp id="596" class="1004" name="zext_ln216_4_fu_596">
<pin_list>
<pin id="597" dir="0" index="0" bw="6" slack="0"/>
<pin id="598" dir="1" index="1" bw="64" slack="0"/>
</pin_list>
<bind>
<opcode="zext(34) " fcode="zext"/>
<opset="zext_ln216_4/3 "/>
</bind>
</comp>

<comp id="600" class="1004" name="shl_ln216_2_fu_600">
<pin_list>
<pin id="601" dir="0" index="0" bw="32" slack="0"/>
<pin id="602" dir="0" index="1" bw="6" slack="0"/>
<pin id="603" dir="1" index="2" bw="64" slack="1"/>
</pin_list>
<bind>
<opcode="shl(20) " fcode="shl"/>
<opset="shl_ln216_2/3 "/>
</bind>
</comp>

<comp id="606" class="1004" name="sext_ln216_fu_606">
<pin_list>
<pin id="607" dir="0" index="0" bw="61" slack="1"/>
<pin id="608" dir="1" index="1" bw="64" slack="0"/>
</pin_list>
<bind>
<opcode="sext(35) " fcode="sext"/>
<opset="sext_ln216/3 "/>
</bind>
</comp>

<comp id="609" class="1004" name="memR_addr_fu_609">
<pin_list>
<pin id="610" dir="0" index="0" bw="64" slack="0"/>
<pin id="611" dir="0" index="1" bw="61" slack="0"/>
<pin id="612" dir="1" index="2" bw="64" slack="0"/>
</pin_list>
<bind>
<opcode="getelementptr(29) " fcode="getelementptr"/>
<opset="memR_addr/3 "/>
</bind>
</comp>

<comp id="616" class="1004" name="or_ln216_1_fu_616">
<pin_list>
<pin id="617" dir="0" index="0" bw="3" slack="0"/>
<pin id="618" dir="0" index="1" bw="1" slack="0"/>
<pin id="619" dir="1" index="2" bw="3" slack="0"/>
</pin_list>
<bind>
<opcode="or(24) " fcode="or"/>
<opset="or_ln216_1/3 "/>
</bind>
</comp>

<comp id="622" class="1004" name="tmp_2_fu_622">
<pin_list>
<pin id="623" dir="0" index="0" bw="2" slack="0"/>
<pin id="624" dir="0" index="1" bw="5" slack="0"/>
<pin id="625" dir="0" index="2" bw="3" slack="0"/>
<pin id="626" dir="0" index="3" bw="4" slack="0"/>
<pin id="627" dir="1" index="4" bw="2" slack="0"/>
</pin_list>
<bind>
<opcode="partselect(1002) " fcode="partselect"/>
<opset="tmp_2/3 "/>
</bind>
</comp>

<comp id="632" class="1004" name="tmp_3_fu_632">
<pin_list>
<pin id="633" dir="0" index="0" bw="7" slack="0"/>
<pin id="634" dir="0" index="1" bw="2" slack="0"/>
<pin id="635" dir="0" index="2" bw="3" slack="0"/>
<pin id="636" dir="0" index="3" bw="1" slack="0"/>
<pin id="637" dir="1" index="4" bw="7" slack="0"/>
</pin_list>
<bind>
<opcode="bitconcatenate(1004) " fcode="bitconcatenate"/>
<opset="tmp_3/3 "/>
</bind>
</comp>

<comp id="642" class="1004" name="zext_ln216_6_fu_642">
<pin_list>
<pin id="643" dir="0" index="0" bw="7" slack="0"/>
<pin id="644" dir="1" index="1" bw="64" slack="0"/>
</pin_list>
<bind>
<opcode="zext(34) " fcode="zext"/>
<opset="zext_ln216_6/3 "/>
</bind>
</comp>

<comp id="646" class="1004" name="add_ln216_1_fu_646">
<pin_list>
<pin id="647" dir="0" index="0" bw="7" slack="0"/>
<pin id="648" dir="0" index="1" bw="64" slack="2"/>
<pin id="649" dir="1" index="2" bw="64" slack="0"/>
</pin_list>
<bind>
<opcode="add(8) " fcode="add"/>
<opset="add_ln216_1/3 "/>
</bind>
</comp>

<comp id="651" class="1004" name="trunc_ln216_4_fu_651">
<pin_list>
<pin id="652" dir="0" index="0" bw="61" slack="0"/>
<pin id="653" dir="0" index="1" bw="64" slack="0"/>
<pin id="654" dir="0" index="2" bw="3" slack="0"/>
<pin id="655" dir="0" index="3" bw="7" slack="0"/>
<pin id="656" dir="1" index="4" bw="61" slack="1"/>
</pin_list>
<bind>
<opcode="partselect(1002) " fcode="partselect"/>
<opset="trunc_ln216_4/3 "/>
</bind>
</comp>

<comp id="661" class="1004" name="R_out_imag_3_load_1_load_fu_661">
<pin_list>
<pin id="662" dir="0" index="0" bw="32" slack="3"/>
<pin id="663" dir="1" index="1" bw="32" slack="0"/>
</pin_list>
<bind>
<opcode="load(27) " fcode="load"/>
<opset="R_out_imag_3_load_1/4 "/>
</bind>
</comp>

<comp id="664" class="1004" name="R_out_imag_2_load_1_load_fu_664">
<pin_list>
<pin id="665" dir="0" index="0" bw="32" slack="3"/>
<pin id="666" dir="1" index="1" bw="32" slack="0"/>
</pin_list>
<bind>
<opcode="load(27) " fcode="load"/>
<opset="R_out_imag_2_load_1/4 "/>
</bind>
</comp>

<comp id="667" class="1004" name="R_out_imag_1_load_1_load_fu_667">
<pin_list>
<pin id="668" dir="0" index="0" bw="32" slack="3"/>
<pin id="669" dir="1" index="1" bw="32" slack="0"/>
</pin_list>
<bind>
<opcode="load(27) " fcode="load"/>
<opset="R_out_imag_1_load_1/4 "/>
</bind>
</comp>

<comp id="670" class="1004" name="R_out_imag_load_1_load_fu_670">
<pin_list>
<pin id="671" dir="0" index="0" bw="32" slack="3"/>
<pin id="672" dir="1" index="1" bw="32" slack="0"/>
</pin_list>
<bind>
<opcode="load(27) " fcode="load"/>
<opset="R_out_imag_load_1/4 "/>
</bind>
</comp>

<comp id="673" class="1004" name="tmp_1_fu_673">
<pin_list>
<pin id="674" dir="0" index="0" bw="32" slack="0"/>
<pin id="675" dir="0" index="1" bw="1" slack="0"/>
<pin id="676" dir="0" index="2" bw="32" slack="0"/>
<pin id="677" dir="0" index="3" bw="1" slack="0"/>
<pin id="678" dir="0" index="4" bw="32" slack="0"/>
<pin id="679" dir="0" index="5" bw="2" slack="0"/>
<pin id="680" dir="0" index="6" bw="32" slack="0"/>
<pin id="681" dir="0" index="7" bw="1" slack="0"/>
<pin id="682" dir="0" index="8" bw="32" slack="0"/>
<pin id="683" dir="0" index="9" bw="32" slack="0"/>
<pin id="684" dir="0" index="10" bw="2" slack="2"/>
<pin id="685" dir="1" index="11" bw="32" slack="0"/>
</pin_list>
<bind>
<opcode="sparsemux(1197) " fcode="sparsemux"/>
<opset="tmp_1/4 "/>
</bind>
</comp>

<comp id="696" class="1004" name="bitcast_ln216_1_fu_696">
<pin_list>
<pin id="697" dir="0" index="0" bw="32" slack="0"/>
<pin id="698" dir="1" index="1" bw="32" slack="0"/>
</pin_list>
<bind>
<opcode="bitcast(44) " fcode="bitcast"/>
<opset="bitcast_ln216_1/4 "/>
</bind>
</comp>

<comp id="700" class="1004" name="zext_ln216_5_fu_700">
<pin_list>
<pin id="701" dir="0" index="0" bw="32" slack="0"/>
<pin id="702" dir="1" index="1" bw="64" slack="0"/>
</pin_list>
<bind>
<opcode="zext(34) " fcode="zext"/>
<opset="zext_ln216_5/4 "/>
</bind>
</comp>

<comp id="704" class="1004" name="shl_ln216_4_fu_704">
<pin_list>
<pin id="705" dir="0" index="0" bw="5" slack="0"/>
<pin id="706" dir="0" index="1" bw="3" slack="3"/>
<pin id="707" dir="1" index="2" bw="8" slack="1"/>
</pin_list>
<bind>
<opcode="shl(20) " fcode="shl"/>
<opset="shl_ln216_4/4 "/>
</bind>
</comp>

<comp id="709" class="1004" name="shl_ln216_6_fu_709">
<pin_list>
<pin id="710" dir="0" index="0" bw="6" slack="0"/>
<pin id="711" dir="0" index="1" bw="3" slack="3"/>
<pin id="712" dir="0" index="2" bw="1" slack="0"/>
<pin id="713" dir="1" index="3" bw="6" slack="0"/>
</pin_list>
<bind>
<opcode="bitconcatenate(1004) " fcode="bitconcatenate"/>
<opset="shl_ln216_6/4 "/>
</bind>
</comp>

<comp id="716" class="1004" name="zext_ln216_7_fu_716">
<pin_list>
<pin id="717" dir="0" index="0" bw="6" slack="0"/>
<pin id="718" dir="1" index="1" bw="64" slack="0"/>
</pin_list>
<bind>
<opcode="zext(34) " fcode="zext"/>
<opset="zext_ln216_7/4 "/>
</bind>
</comp>

<comp id="720" class="1004" name="shl_ln216_5_fu_720">
<pin_list>
<pin id="721" dir="0" index="0" bw="32" slack="0"/>
<pin id="722" dir="0" index="1" bw="6" slack="0"/>
<pin id="723" dir="1" index="2" bw="64" slack="1"/>
</pin_list>
<bind>
<opcode="shl(20) " fcode="shl"/>
<opset="shl_ln216_5/4 "/>
</bind>
</comp>

<comp id="726" class="1004" name="sext_ln216_1_fu_726">
<pin_list>
<pin id="727" dir="0" index="0" bw="61" slack="1"/>
<pin id="728" dir="1" index="1" bw="64" slack="0"/>
</pin_list>
<bind>
<opcode="sext(35) " fcode="sext"/>
<opset="sext_ln216_1/4 "/>
</bind>
</comp>

<comp id="729" class="1004" name="memR_addr_1_fu_729">
<pin_list>
<pin id="730" dir="0" index="0" bw="64" slack="0"/>
<pin id="731" dir="0" index="1" bw="61" slack="0"/>
<pin id="732" dir="1" index="2" bw="64" slack="0"/>
</pin_list>
<bind>
<opcode="getelementptr(29) " fcode="getelementptr"/>
<opset="memR_addr_1/4 "/>
</bind>
</comp>

<comp id="736" class="1005" name="j_reg_736">
<pin_list>
<pin id="737" dir="0" index="0" bw="3" slack="0"/>
<pin id="738" dir="1" index="1" bw="3" slack="0"/>
</pin_list>
<bind>
<opset="j "/>
</bind>
</comp>

<comp id="743" class="1005" name="i_reg_743">
<pin_list>
<pin id="744" dir="0" index="0" bw="3" slack="0"/>
<pin id="745" dir="1" index="1" bw="3" slack="0"/>
</pin_list>
<bind>
<opset="i "/>
</bind>
</comp>

<comp id="750" class="1005" name="indvar_flatten61_reg_750">
<pin_list>
<pin id="751" dir="0" index="0" bw="5" slack="0"/>
<pin id="752" dir="1" index="1" bw="5" slack="0"/>
</pin_list>
<bind>
<opset="indvar_flatten61 "/>
</bind>
</comp>

<comp id="757" class="1005" name="R_out_imag_3_load19_reg_757">
<pin_list>
<pin id="758" dir="0" index="0" bw="32" slack="1"/>
<pin id="759" dir="1" index="1" bw="32" slack="1"/>
</pin_list>
<bind>
<opset="R_out_imag_3_load19 "/>
</bind>
</comp>

<comp id="763" class="1005" name="R_out_imag_2_load21_reg_763">
<pin_list>
<pin id="764" dir="0" index="0" bw="32" slack="1"/>
<pin id="765" dir="1" index="1" bw="32" slack="1"/>
</pin_list>
<bind>
<opset="R_out_imag_2_load21 "/>
</bind>
</comp>

<comp id="769" class="1005" name="R_out_imag_1_load23_reg_769">
<pin_list>
<pin id="770" dir="0" index="0" bw="32" slack="1"/>
<pin id="771" dir="1" index="1" bw="32" slack="1"/>
</pin_list>
<bind>
<opset="R_out_imag_1_load23 "/>
</bind>
</comp>

<comp id="775" class="1005" name="R_out_imag_load25_reg_775">
<pin_list>
<pin id="776" dir="0" index="0" bw="32" slack="1"/>
<pin id="777" dir="1" index="1" bw="32" slack="1"/>
</pin_list>
<bind>
<opset="R_out_imag_load25 "/>
</bind>
</comp>

<comp id="781" class="1005" name="R_out_real_3_load27_reg_781">
<pin_list>
<pin id="782" dir="0" index="0" bw="32" slack="1"/>
<pin id="783" dir="1" index="1" bw="32" slack="1"/>
</pin_list>
<bind>
<opset="R_out_real_3_load27 "/>
</bind>
</comp>

<comp id="787" class="1005" name="R_out_real_2_load29_reg_787">
<pin_list>
<pin id="788" dir="0" index="0" bw="32" slack="1"/>
<pin id="789" dir="1" index="1" bw="32" slack="1"/>
</pin_list>
<bind>
<opset="R_out_real_2_load29 "/>
</bind>
</comp>

<comp id="793" class="1005" name="R_out_real_1_load31_reg_793">
<pin_list>
<pin id="794" dir="0" index="0" bw="32" slack="1"/>
<pin id="795" dir="1" index="1" bw="32" slack="1"/>
</pin_list>
<bind>
<opset="R_out_real_1_load31 "/>
</bind>
</comp>

<comp id="799" class="1005" name="R_out_real_load33_reg_799">
<pin_list>
<pin id="800" dir="0" index="0" bw="32" slack="1"/>
<pin id="801" dir="1" index="1" bw="32" slack="1"/>
</pin_list>
<bind>
<opset="R_out_real_load33 "/>
</bind>
</comp>

<comp id="805" class="1005" name="xor_ln214_read_reg_805">
<pin_list>
<pin id="806" dir="0" index="0" bw="3" slack="3"/>
<pin id="807" dir="1" index="1" bw="3" slack="3"/>
</pin_list>
<bind>
<opset="xor_ln214_read "/>
</bind>
</comp>

<comp id="810" class="1005" name="tmp_reg_810">
<pin_list>
<pin id="811" dir="0" index="0" bw="3" slack="2"/>
<pin id="812" dir="1" index="1" bw="3" slack="2"/>
</pin_list>
<bind>
<opset="tmp "/>
</bind>
</comp>

<comp id="815" class="1005" name="R_DRAM_read_reg_815">
<pin_list>
<pin id="816" dir="0" index="0" bw="64" slack="1"/>
<pin id="817" dir="1" index="1" bw="64" slack="1"/>
</pin_list>
<bind>
<opset="R_DRAM_read "/>
</bind>
</comp>

<comp id="821" class="1005" name="zext_ln216_1_cast_reg_821">
<pin_list>
<pin id="822" dir="0" index="0" bw="8" slack="3"/>
<pin id="823" dir="1" index="1" bw="8" slack="3"/>
</pin_list>
<bind>
<opset="zext_ln216_1_cast "/>
</bind>
</comp>

<comp id="826" class="1005" name="zext_ln216_cast_reg_826">
<pin_list>
<pin id="827" dir="0" index="0" bw="8" slack="2"/>
<pin id="828" dir="1" index="1" bw="8" slack="2"/>
</pin_list>
<bind>
<opset="zext_ln216_cast "/>
</bind>
</comp>

<comp id="831" class="1005" name="icmp_ln214_reg_831">
<pin_list>
<pin id="832" dir="0" index="0" bw="1" slack="1"/>
<pin id="833" dir="1" index="1" bw="1" slack="2147483647"/>
</pin_list>
<bind>
<opset="icmp_ln214 "/>
</bind>
</comp>

<comp id="835" class="1005" name="or_ln214_reg_835">
<pin_list>
<pin id="836" dir="0" index="0" bw="1" slack="1"/>
<pin id="837" dir="1" index="1" bw="1" slack="2147483647"/>
</pin_list>
<bind>
<opset="or_ln214 "/>
</bind>
</comp>

<comp id="839" class="1005" name="select_ln214_reg_839">
<pin_list>
<pin id="840" dir="0" index="0" bw="3" slack="1"/>
<pin id="841" dir="1" index="1" bw="3" slack="1"/>
</pin_list>
<bind>
<opset="select_ln214 "/>
</bind>
</comp>

<comp id="845" class="1005" name="R_out_real_addr_reg_845">
<pin_list>
<pin id="846" dir="0" index="0" bw="3" slack="1"/>
<pin id="847" dir="1" index="1" bw="3" slack="1"/>
</pin_list>
<bind>
<opset="R_out_real_addr "/>
</bind>
</comp>

<comp id="850" class="1005" name="R_out_real_1_addr_reg_850">
<pin_list>
<pin id="851" dir="0" index="0" bw="3" slack="1"/>
<pin id="852" dir="1" index="1" bw="3" slack="1"/>
</pin_list>
<bind>
<opset="R_out_real_1_addr "/>
</bind>
</comp>

<comp id="855" class="1005" name="R_out_real_2_addr_reg_855">
<pin_list>
<pin id="856" dir="0" index="0" bw="3" slack="1"/>
<pin id="857" dir="1" index="1" bw="3" slack="1"/>
</pin_list>
<bind>
<opset="R_out_real_2_addr "/>
</bind>
</comp>

<comp id="860" class="1005" name="R_out_real_3_addr_reg_860">
<pin_list>
<pin id="861" dir="0" index="0" bw="3" slack="1"/>
<pin id="862" dir="1" index="1" bw="3" slack="1"/>
</pin_list>
<bind>
<opset="R_out_real_3_addr "/>
</bind>
</comp>

<comp id="865" class="1005" name="R_out_imag_addr_reg_865">
<pin_list>
<pin id="866" dir="0" index="0" bw="3" slack="1"/>
<pin id="867" dir="1" index="1" bw="3" slack="1"/>
</pin_list>
<bind>
<opset="R_out_imag_addr "/>
</bind>
</comp>

<comp id="870" class="1005" name="R_out_imag_1_addr_reg_870">
<pin_list>
<pin id="871" dir="0" index="0" bw="3" slack="1"/>
<pin id="872" dir="1" index="1" bw="3" slack="1"/>
</pin_list>
<bind>
<opset="R_out_imag_1_addr "/>
</bind>
</comp>

<comp id="875" class="1005" name="R_out_imag_2_addr_reg_875">
<pin_list>
<pin id="876" dir="0" index="0" bw="3" slack="1"/>
<pin id="877" dir="1" index="1" bw="3" slack="1"/>
</pin_list>
<bind>
<opset="R_out_imag_2_addr "/>
</bind>
</comp>

<comp id="880" class="1005" name="R_out_imag_3_addr_reg_880">
<pin_list>
<pin id="881" dir="0" index="0" bw="3" slack="1"/>
<pin id="882" dir="1" index="1" bw="3" slack="1"/>
</pin_list>
<bind>
<opset="R_out_imag_3_addr "/>
</bind>
</comp>

<comp id="885" class="1005" name="trunc_ln216_reg_885">
<pin_list>
<pin id="886" dir="0" index="0" bw="2" slack="1"/>
<pin id="887" dir="1" index="1" bw="2" slack="1"/>
</pin_list>
<bind>
<opset="trunc_ln216 "/>
</bind>
</comp>

<comp id="891" class="1005" name="trunc_ln216_1_reg_891">
<pin_list>
<pin id="892" dir="0" index="0" bw="2" slack="1"/>
<pin id="893" dir="1" index="1" bw="2" slack="1"/>
</pin_list>
<bind>
<opset="trunc_ln216_1 "/>
</bind>
</comp>

<comp id="897" class="1005" name="trunc_ln216_3_reg_897">
<pin_list>
<pin id="898" dir="0" index="0" bw="61" slack="1"/>
<pin id="899" dir="1" index="1" bw="61" slack="1"/>
</pin_list>
<bind>
<opset="trunc_ln216_3 "/>
</bind>
</comp>

<comp id="902" class="1005" name="shl_ln216_reg_902">
<pin_list>
<pin id="903" dir="0" index="0" bw="8" slack="1"/>
<pin id="904" dir="1" index="1" bw="8" slack="1"/>
</pin_list>
<bind>
<opset="shl_ln216 "/>
</bind>
</comp>

<comp id="907" class="1005" name="shl_ln216_2_reg_907">
<pin_list>
<pin id="908" dir="0" index="0" bw="64" slack="1"/>
<pin id="909" dir="1" index="1" bw="64" slack="1"/>
</pin_list>
<bind>
<opset="shl_ln216_2 "/>
</bind>
</comp>

<comp id="912" class="1005" name="memR_addr_reg_912">
<pin_list>
<pin id="913" dir="0" index="0" bw="64" slack="1"/>
<pin id="914" dir="1" index="1" bw="64" slack="1"/>
</pin_list>
<bind>
<opset="memR_addr "/>
</bind>
</comp>

<comp id="918" class="1005" name="trunc_ln216_4_reg_918">
<pin_list>
<pin id="919" dir="0" index="0" bw="61" slack="1"/>
<pin id="920" dir="1" index="1" bw="61" slack="1"/>
</pin_list>
<bind>
<opset="trunc_ln216_4 "/>
</bind>
</comp>

<comp id="923" class="1005" name="shl_ln216_4_reg_923">
<pin_list>
<pin id="924" dir="0" index="0" bw="8" slack="1"/>
<pin id="925" dir="1" index="1" bw="8" slack="1"/>
</pin_list>
<bind>
<opset="shl_ln216_4 "/>
</bind>
</comp>

<comp id="928" class="1005" name="shl_ln216_5_reg_928">
<pin_list>
<pin id="929" dir="0" index="0" bw="64" slack="1"/>
<pin id="930" dir="1" index="1" bw="64" slack="1"/>
</pin_list>
<bind>
<opset="shl_ln216_5 "/>
</bind>
</comp>

<comp id="933" class="1005" name="memR_addr_1_reg_933">
<pin_list>
<pin id="934" dir="0" index="0" bw="64" slack="1"/>
<pin id="935" dir="1" index="1" bw="64" slack="1"/>
</pin_list>
<bind>
<opset="memR_addr_1 "/>
</bind>
</comp>

</comp_list>

<net_list>
<net id="121"><net_src comp="28" pin="0"/><net_sink comp="118" pin=0"/></net>

<net id="125"><net_src comp="28" pin="0"/><net_sink comp="122" pin=0"/></net>

<net id="129"><net_src comp="28" pin="0"/><net_sink comp="126" pin=0"/></net>

<net id="133"><net_src comp="28" pin="0"/><net_sink comp="130" pin=0"/></net>

<net id="137"><net_src comp="28" pin="0"/><net_sink comp="134" pin=0"/></net>

<net id="141"><net_src comp="28" pin="0"/><net_sink comp="138" pin=0"/></net>

<net id="145"><net_src comp="28" pin="0"/><net_sink comp="142" pin=0"/></net>

<net id="149"><net_src comp="28" pin="0"/><net_sink comp="146" pin=0"/></net>

<net id="153"><net_src comp="28" pin="0"/><net_sink comp="150" pin=0"/></net>

<net id="157"><net_src comp="28" pin="0"/><net_sink comp="154" pin=0"/></net>

<net id="161"><net_src comp="28" pin="0"/><net_sink comp="158" pin=0"/></net>

<net id="166"><net_src comp="30" pin="0"/><net_sink comp="162" pin=0"/></net>

<net id="167"><net_src comp="10" pin="0"/><net_sink comp="162" pin=1"/></net>

<net id="172"><net_src comp="30" pin="0"/><net_sink comp="168" pin=0"/></net>

<net id="173"><net_src comp="8" pin="0"/><net_sink comp="168" pin=1"/></net>

<net id="178"><net_src comp="30" pin="0"/><net_sink comp="174" pin=0"/></net>

<net id="179"><net_src comp="6" pin="0"/><net_sink comp="174" pin=1"/></net>

<net id="184"><net_src comp="30" pin="0"/><net_sink comp="180" pin=0"/></net>

<net id="185"><net_src comp="4" pin="0"/><net_sink comp="180" pin=1"/></net>

<net id="190"><net_src comp="32" pin="0"/><net_sink comp="186" pin=0"/></net>

<net id="191"><net_src comp="2" pin="0"/><net_sink comp="186" pin=1"/></net>

<net id="197"><net_src comp="104" pin="0"/><net_sink comp="192" pin=0"/></net>

<net id="198"><net_src comp="28" pin="0"/><net_sink comp="192" pin=2"/></net>

<net id="205"><net_src comp="112" pin="0"/><net_sink comp="199" pin=0"/></net>

<net id="211"><net_src comp="104" pin="0"/><net_sink comp="206" pin=0"/></net>

<net id="212"><net_src comp="28" pin="0"/><net_sink comp="206" pin=2"/></net>

<net id="213"><net_src comp="114" pin="0"/><net_sink comp="192" pin=0"/></net>

<net id="220"><net_src comp="112" pin="0"/><net_sink comp="214" pin=0"/></net>

<net id="221"><net_src comp="114" pin="0"/><net_sink comp="206" pin=0"/></net>

<net id="227"><net_src comp="12" pin="0"/><net_sink comp="222" pin=0"/></net>

<net id="228"><net_src comp="76" pin="0"/><net_sink comp="222" pin=1"/></net>

<net id="234"><net_src comp="14" pin="0"/><net_sink comp="229" pin=0"/></net>

<net id="235"><net_src comp="76" pin="0"/><net_sink comp="229" pin=1"/></net>

<net id="241"><net_src comp="16" pin="0"/><net_sink comp="236" pin=0"/></net>

<net id="242"><net_src comp="76" pin="0"/><net_sink comp="236" pin=1"/></net>

<net id="248"><net_src comp="18" pin="0"/><net_sink comp="243" pin=0"/></net>

<net id="249"><net_src comp="76" pin="0"/><net_sink comp="243" pin=1"/></net>

<net id="255"><net_src comp="20" pin="0"/><net_sink comp="250" pin=0"/></net>

<net id="256"><net_src comp="76" pin="0"/><net_sink comp="250" pin=1"/></net>

<net id="262"><net_src comp="22" pin="0"/><net_sink comp="257" pin=0"/></net>

<net id="263"><net_src comp="76" pin="0"/><net_sink comp="257" pin=1"/></net>

<net id="269"><net_src comp="24" pin="0"/><net_sink comp="264" pin=0"/></net>

<net id="270"><net_src comp="76" pin="0"/><net_sink comp="264" pin=1"/></net>

<net id="276"><net_src comp="26" pin="0"/><net_sink comp="271" pin=0"/></net>

<net id="277"><net_src comp="76" pin="0"/><net_sink comp="271" pin=1"/></net>

<net id="283"><net_src comp="222" pin="3"/><net_sink comp="278" pin=0"/></net>

<net id="289"><net_src comp="229" pin="3"/><net_sink comp="284" pin=0"/></net>

<net id="295"><net_src comp="236" pin="3"/><net_sink comp="290" pin=0"/></net>

<net id="301"><net_src comp="243" pin="3"/><net_sink comp="296" pin=0"/></net>

<net id="307"><net_src comp="250" pin="3"/><net_sink comp="302" pin=0"/></net>

<net id="313"><net_src comp="257" pin="3"/><net_sink comp="308" pin=0"/></net>

<net id="319"><net_src comp="264" pin="3"/><net_sink comp="314" pin=0"/></net>

<net id="325"><net_src comp="271" pin="3"/><net_sink comp="320" pin=0"/></net>

<net id="335"><net_src comp="54" pin="0"/><net_sink comp="329" pin=0"/></net>

<net id="336"><net_src comp="56" pin="0"/><net_sink comp="329" pin=2"/></net>

<net id="340"><net_src comp="168" pin="2"/><net_sink comp="337" pin=0"/></net>

<net id="344"><net_src comp="180" pin="2"/><net_sink comp="341" pin=0"/></net>

<net id="349"><net_src comp="50" pin="0"/><net_sink comp="345" pin=0"/></net>

<net id="354"><net_src comp="52" pin="0"/><net_sink comp="350" pin=0"/></net>

<net id="359"><net_src comp="52" pin="0"/><net_sink comp="355" pin=0"/></net>

<net id="367"><net_src comp="360" pin="1"/><net_sink comp="363" pin=0"/></net>

<net id="368"><net_src comp="60" pin="0"/><net_sink comp="363" pin=1"/></net>

<net id="373"><net_src comp="360" pin="1"/><net_sink comp="369" pin=0"/></net>

<net id="374"><net_src comp="62" pin="0"/><net_sink comp="369" pin=1"/></net>

<net id="385"><net_src comp="375" pin="1"/><net_sink comp="381" pin=0"/></net>

<net id="386"><net_src comp="72" pin="0"/><net_sink comp="381" pin=1"/></net>

<net id="391"><net_src comp="381" pin="2"/><net_sink comp="387" pin=0"/></net>

<net id="392"><net_src comp="329" pin="4"/><net_sink comp="387" pin=1"/></net>

<net id="398"><net_src comp="381" pin="2"/><net_sink comp="393" pin=0"/></net>

<net id="399"><net_src comp="52" pin="0"/><net_sink comp="393" pin=1"/></net>

<net id="400"><net_src comp="375" pin="1"/><net_sink comp="393" pin=2"/></net>

<net id="405"><net_src comp="378" pin="1"/><net_sink comp="401" pin=0"/></net>

<net id="406"><net_src comp="74" pin="0"/><net_sink comp="401" pin=1"/></net>

<net id="412"><net_src comp="381" pin="2"/><net_sink comp="407" pin=0"/></net>

<net id="413"><net_src comp="401" pin="2"/><net_sink comp="407" pin=1"/></net>

<net id="414"><net_src comp="378" pin="1"/><net_sink comp="407" pin=2"/></net>

<net id="418"><net_src comp="407" pin="3"/><net_sink comp="415" pin=0"/></net>

<net id="419"><net_src comp="415" pin="1"/><net_sink comp="222" pin=2"/></net>

<net id="420"><net_src comp="415" pin="1"/><net_sink comp="229" pin=2"/></net>

<net id="421"><net_src comp="415" pin="1"/><net_sink comp="236" pin=2"/></net>

<net id="422"><net_src comp="415" pin="1"/><net_sink comp="243" pin=2"/></net>

<net id="423"><net_src comp="415" pin="1"/><net_sink comp="250" pin=2"/></net>

<net id="424"><net_src comp="415" pin="1"/><net_sink comp="257" pin=2"/></net>

<net id="425"><net_src comp="415" pin="1"/><net_sink comp="264" pin=2"/></net>

<net id="426"><net_src comp="415" pin="1"/><net_sink comp="271" pin=2"/></net>

<net id="430"><net_src comp="407" pin="3"/><net_sink comp="427" pin=0"/></net>

<net id="435"><net_src comp="393" pin="3"/><net_sink comp="431" pin=0"/></net>

<net id="436"><net_src comp="74" pin="0"/><net_sink comp="431" pin=1"/></net>

<net id="441"><net_src comp="369" pin="2"/><net_sink comp="437" pin=0"/></net>

<net id="446"><net_src comp="407" pin="3"/><net_sink comp="442" pin=0"/></net>

<net id="451"><net_src comp="431" pin="2"/><net_sink comp="447" pin=0"/></net>

<net id="456"><net_src comp="278" pin="3"/><net_sink comp="452" pin=0"/></net>

<net id="461"><net_src comp="284" pin="3"/><net_sink comp="457" pin=0"/></net>

<net id="466"><net_src comp="290" pin="3"/><net_sink comp="462" pin=0"/></net>

<net id="471"><net_src comp="296" pin="3"/><net_sink comp="467" pin=0"/></net>

<net id="476"><net_src comp="302" pin="3"/><net_sink comp="472" pin=0"/></net>

<net id="481"><net_src comp="308" pin="3"/><net_sink comp="477" pin=0"/></net>

<net id="486"><net_src comp="314" pin="3"/><net_sink comp="482" pin=0"/></net>

<net id="491"><net_src comp="320" pin="3"/><net_sink comp="487" pin=0"/></net>

<net id="501"><net_src comp="78" pin="0"/><net_sink comp="495" pin=0"/></net>

<net id="502"><net_src comp="492" pin="1"/><net_sink comp="495" pin=2"/></net>

<net id="503"><net_src comp="52" pin="0"/><net_sink comp="495" pin=3"/></net>

<net id="507"><net_src comp="495" pin="4"/><net_sink comp="504" pin=0"/></net>

<net id="512"><net_src comp="504" pin="1"/><net_sink comp="508" pin=0"/></net>

<net id="519"><net_src comp="80" pin="0"/><net_sink comp="513" pin=0"/></net>

<net id="520"><net_src comp="508" pin="2"/><net_sink comp="513" pin=1"/></net>

<net id="521"><net_src comp="82" pin="0"/><net_sink comp="513" pin=2"/></net>

<net id="522"><net_src comp="84" pin="0"/><net_sink comp="513" pin=3"/></net>

<net id="540"><net_src comp="86" pin="0"/><net_sink comp="535" pin=0"/></net>

<net id="541"><net_src comp="52" pin="0"/><net_sink comp="535" pin=2"/></net>

<net id="546"><net_src comp="535" pin="3"/><net_sink comp="542" pin=0"/></net>

<net id="547"><net_src comp="62" pin="0"/><net_sink comp="542" pin=1"/></net>

<net id="552"><net_src comp="74" pin="0"/><net_sink comp="548" pin=1"/></net>

<net id="566"><net_src comp="88" pin="0"/><net_sink comp="553" pin=0"/></net>

<net id="567"><net_src comp="90" pin="0"/><net_sink comp="553" pin=1"/></net>

<net id="568"><net_src comp="532" pin="1"/><net_sink comp="553" pin=2"/></net>

<net id="569"><net_src comp="92" pin="0"/><net_sink comp="553" pin=3"/></net>

<net id="570"><net_src comp="529" pin="1"/><net_sink comp="553" pin=4"/></net>

<net id="571"><net_src comp="94" pin="0"/><net_sink comp="553" pin=5"/></net>

<net id="572"><net_src comp="526" pin="1"/><net_sink comp="553" pin=6"/></net>

<net id="573"><net_src comp="96" pin="0"/><net_sink comp="553" pin=7"/></net>

<net id="574"><net_src comp="523" pin="1"/><net_sink comp="553" pin=8"/></net>

<net id="575"><net_src comp="98" pin="0"/><net_sink comp="553" pin=9"/></net>

<net id="579"><net_src comp="553" pin="11"/><net_sink comp="576" pin=0"/></net>

<net id="583"><net_src comp="576" pin="1"/><net_sink comp="580" pin=0"/></net>

<net id="588"><net_src comp="100" pin="0"/><net_sink comp="584" pin=0"/></net>

<net id="594"><net_src comp="102" pin="0"/><net_sink comp="589" pin=0"/></net>

<net id="595"><net_src comp="52" pin="0"/><net_sink comp="589" pin=2"/></net>

<net id="599"><net_src comp="589" pin="3"/><net_sink comp="596" pin=0"/></net>

<net id="604"><net_src comp="580" pin="1"/><net_sink comp="600" pin=0"/></net>

<net id="605"><net_src comp="596" pin="1"/><net_sink comp="600" pin=1"/></net>

<net id="613"><net_src comp="0" pin="0"/><net_sink comp="609" pin=0"/></net>

<net id="614"><net_src comp="606" pin="1"/><net_sink comp="609" pin=1"/></net>

<net id="615"><net_src comp="609" pin="2"/><net_sink comp="192" pin=1"/></net>

<net id="620"><net_src comp="548" pin="2"/><net_sink comp="616" pin=0"/></net>

<net id="621"><net_src comp="74" pin="0"/><net_sink comp="616" pin=1"/></net>

<net id="628"><net_src comp="106" pin="0"/><net_sink comp="622" pin=0"/></net>

<net id="629"><net_src comp="542" pin="2"/><net_sink comp="622" pin=1"/></net>

<net id="630"><net_src comp="82" pin="0"/><net_sink comp="622" pin=2"/></net>

<net id="631"><net_src comp="108" pin="0"/><net_sink comp="622" pin=3"/></net>

<net id="638"><net_src comp="110" pin="0"/><net_sink comp="632" pin=0"/></net>

<net id="639"><net_src comp="622" pin="4"/><net_sink comp="632" pin=1"/></net>

<net id="640"><net_src comp="616" pin="2"/><net_sink comp="632" pin=2"/></net>

<net id="641"><net_src comp="90" pin="0"/><net_sink comp="632" pin=3"/></net>

<net id="645"><net_src comp="632" pin="4"/><net_sink comp="642" pin=0"/></net>

<net id="650"><net_src comp="642" pin="1"/><net_sink comp="646" pin=0"/></net>

<net id="657"><net_src comp="80" pin="0"/><net_sink comp="651" pin=0"/></net>

<net id="658"><net_src comp="646" pin="2"/><net_sink comp="651" pin=1"/></net>

<net id="659"><net_src comp="82" pin="0"/><net_sink comp="651" pin=2"/></net>

<net id="660"><net_src comp="84" pin="0"/><net_sink comp="651" pin=3"/></net>

<net id="686"><net_src comp="88" pin="0"/><net_sink comp="673" pin=0"/></net>

<net id="687"><net_src comp="90" pin="0"/><net_sink comp="673" pin=1"/></net>

<net id="688"><net_src comp="670" pin="1"/><net_sink comp="673" pin=2"/></net>

<net id="689"><net_src comp="92" pin="0"/><net_sink comp="673" pin=3"/></net>

<net id="690"><net_src comp="667" pin="1"/><net_sink comp="673" pin=4"/></net>

<net id="691"><net_src comp="94" pin="0"/><net_sink comp="673" pin=5"/></net>

<net id="692"><net_src comp="664" pin="1"/><net_sink comp="673" pin=6"/></net>

<net id="693"><net_src comp="96" pin="0"/><net_sink comp="673" pin=7"/></net>

<net id="694"><net_src comp="661" pin="1"/><net_sink comp="673" pin=8"/></net>

<net id="695"><net_src comp="98" pin="0"/><net_sink comp="673" pin=9"/></net>

<net id="699"><net_src comp="673" pin="11"/><net_sink comp="696" pin=0"/></net>

<net id="703"><net_src comp="696" pin="1"/><net_sink comp="700" pin=0"/></net>

<net id="708"><net_src comp="100" pin="0"/><net_sink comp="704" pin=0"/></net>

<net id="714"><net_src comp="102" pin="0"/><net_sink comp="709" pin=0"/></net>

<net id="715"><net_src comp="52" pin="0"/><net_sink comp="709" pin=2"/></net>

<net id="719"><net_src comp="709" pin="3"/><net_sink comp="716" pin=0"/></net>

<net id="724"><net_src comp="700" pin="1"/><net_sink comp="720" pin=0"/></net>

<net id="725"><net_src comp="716" pin="1"/><net_sink comp="720" pin=1"/></net>

<net id="733"><net_src comp="0" pin="0"/><net_sink comp="729" pin=0"/></net>

<net id="734"><net_src comp="726" pin="1"/><net_sink comp="729" pin=1"/></net>

<net id="735"><net_src comp="729" pin="2"/><net_sink comp="206" pin=1"/></net>

<net id="739"><net_src comp="118" pin="1"/><net_sink comp="736" pin=0"/></net>

<net id="740"><net_src comp="736" pin="1"/><net_sink comp="355" pin=1"/></net>

<net id="741"><net_src comp="736" pin="1"/><net_sink comp="375" pin=0"/></net>

<net id="742"><net_src comp="736" pin="1"/><net_sink comp="447" pin=1"/></net>

<net id="746"><net_src comp="122" pin="1"/><net_sink comp="743" pin=0"/></net>

<net id="747"><net_src comp="743" pin="1"/><net_sink comp="350" pin=1"/></net>

<net id="748"><net_src comp="743" pin="1"/><net_sink comp="378" pin=0"/></net>

<net id="749"><net_src comp="743" pin="1"/><net_sink comp="442" pin=1"/></net>

<net id="753"><net_src comp="126" pin="1"/><net_sink comp="750" pin=0"/></net>

<net id="754"><net_src comp="750" pin="1"/><net_sink comp="345" pin=1"/></net>

<net id="755"><net_src comp="750" pin="1"/><net_sink comp="360" pin=0"/></net>

<net id="756"><net_src comp="750" pin="1"/><net_sink comp="437" pin=1"/></net>

<net id="760"><net_src comp="130" pin="1"/><net_sink comp="757" pin=0"/></net>

<net id="761"><net_src comp="757" pin="1"/><net_sink comp="487" pin=1"/></net>

<net id="762"><net_src comp="757" pin="1"/><net_sink comp="661" pin=0"/></net>

<net id="766"><net_src comp="134" pin="1"/><net_sink comp="763" pin=0"/></net>

<net id="767"><net_src comp="763" pin="1"/><net_sink comp="482" pin=1"/></net>

<net id="768"><net_src comp="763" pin="1"/><net_sink comp="664" pin=0"/></net>

<net id="772"><net_src comp="138" pin="1"/><net_sink comp="769" pin=0"/></net>

<net id="773"><net_src comp="769" pin="1"/><net_sink comp="477" pin=1"/></net>

<net id="774"><net_src comp="769" pin="1"/><net_sink comp="667" pin=0"/></net>

<net id="778"><net_src comp="142" pin="1"/><net_sink comp="775" pin=0"/></net>

<net id="779"><net_src comp="775" pin="1"/><net_sink comp="472" pin=1"/></net>

<net id="780"><net_src comp="775" pin="1"/><net_sink comp="670" pin=0"/></net>

<net id="784"><net_src comp="146" pin="1"/><net_sink comp="781" pin=0"/></net>

<net id="785"><net_src comp="781" pin="1"/><net_sink comp="467" pin=1"/></net>

<net id="786"><net_src comp="781" pin="1"/><net_sink comp="523" pin=0"/></net>

<net id="790"><net_src comp="150" pin="1"/><net_sink comp="787" pin=0"/></net>

<net id="791"><net_src comp="787" pin="1"/><net_sink comp="462" pin=1"/></net>

<net id="792"><net_src comp="787" pin="1"/><net_sink comp="526" pin=0"/></net>

<net id="796"><net_src comp="154" pin="1"/><net_sink comp="793" pin=0"/></net>

<net id="797"><net_src comp="793" pin="1"/><net_sink comp="457" pin=1"/></net>

<net id="798"><net_src comp="793" pin="1"/><net_sink comp="529" pin=0"/></net>

<net id="802"><net_src comp="158" pin="1"/><net_sink comp="799" pin=0"/></net>

<net id="803"><net_src comp="799" pin="1"/><net_sink comp="452" pin=1"/></net>

<net id="804"><net_src comp="799" pin="1"/><net_sink comp="532" pin=0"/></net>

<net id="808"><net_src comp="162" pin="2"/><net_sink comp="805" pin=0"/></net>

<net id="809"><net_src comp="805" pin="1"/><net_sink comp="709" pin=1"/></net>

<net id="813"><net_src comp="174" pin="2"/><net_sink comp="810" pin=0"/></net>

<net id="814"><net_src comp="810" pin="1"/><net_sink comp="589" pin=1"/></net>

<net id="818"><net_src comp="186" pin="2"/><net_sink comp="815" pin=0"/></net>

<net id="819"><net_src comp="815" pin="1"/><net_sink comp="508" pin=1"/></net>

<net id="820"><net_src comp="815" pin="1"/><net_sink comp="646" pin=1"/></net>

<net id="824"><net_src comp="337" pin="1"/><net_sink comp="821" pin=0"/></net>

<net id="825"><net_src comp="821" pin="1"/><net_sink comp="704" pin=1"/></net>

<net id="829"><net_src comp="341" pin="1"/><net_sink comp="826" pin=0"/></net>

<net id="830"><net_src comp="826" pin="1"/><net_sink comp="584" pin=1"/></net>

<net id="834"><net_src comp="363" pin="2"/><net_sink comp="831" pin=0"/></net>

<net id="838"><net_src comp="387" pin="2"/><net_sink comp="835" pin=0"/></net>

<net id="842"><net_src comp="393" pin="3"/><net_sink comp="839" pin=0"/></net>

<net id="843"><net_src comp="839" pin="1"/><net_sink comp="492" pin=0"/></net>

<net id="844"><net_src comp="839" pin="1"/><net_sink comp="548" pin=0"/></net>

<net id="848"><net_src comp="222" pin="3"/><net_sink comp="845" pin=0"/></net>

<net id="849"><net_src comp="845" pin="1"/><net_sink comp="278" pin=0"/></net>

<net id="853"><net_src comp="229" pin="3"/><net_sink comp="850" pin=0"/></net>

<net id="854"><net_src comp="850" pin="1"/><net_sink comp="284" pin=0"/></net>

<net id="858"><net_src comp="236" pin="3"/><net_sink comp="855" pin=0"/></net>

<net id="859"><net_src comp="855" pin="1"/><net_sink comp="290" pin=0"/></net>

<net id="863"><net_src comp="243" pin="3"/><net_sink comp="860" pin=0"/></net>

<net id="864"><net_src comp="860" pin="1"/><net_sink comp="296" pin=0"/></net>

<net id="868"><net_src comp="250" pin="3"/><net_sink comp="865" pin=0"/></net>

<net id="869"><net_src comp="865" pin="1"/><net_sink comp="302" pin=0"/></net>

<net id="873"><net_src comp="257" pin="3"/><net_sink comp="870" pin=0"/></net>

<net id="874"><net_src comp="870" pin="1"/><net_sink comp="308" pin=0"/></net>

<net id="878"><net_src comp="264" pin="3"/><net_sink comp="875" pin=0"/></net>

<net id="879"><net_src comp="875" pin="1"/><net_sink comp="314" pin=0"/></net>

<net id="883"><net_src comp="271" pin="3"/><net_sink comp="880" pin=0"/></net>

<net id="884"><net_src comp="880" pin="1"/><net_sink comp="320" pin=0"/></net>

<net id="888"><net_src comp="427" pin="1"/><net_sink comp="885" pin=0"/></net>

<net id="889"><net_src comp="885" pin="1"/><net_sink comp="495" pin=1"/></net>

<net id="890"><net_src comp="885" pin="1"/><net_sink comp="535" pin=1"/></net>

<net id="894"><net_src comp="492" pin="1"/><net_sink comp="891" pin=0"/></net>

<net id="895"><net_src comp="891" pin="1"/><net_sink comp="553" pin=10"/></net>

<net id="896"><net_src comp="891" pin="1"/><net_sink comp="673" pin=10"/></net>

<net id="900"><net_src comp="513" pin="4"/><net_sink comp="897" pin=0"/></net>

<net id="901"><net_src comp="897" pin="1"/><net_sink comp="606" pin=0"/></net>

<net id="905"><net_src comp="584" pin="2"/><net_sink comp="902" pin=0"/></net>

<net id="906"><net_src comp="902" pin="1"/><net_sink comp="199" pin=3"/></net>

<net id="910"><net_src comp="600" pin="2"/><net_sink comp="907" pin=0"/></net>

<net id="911"><net_src comp="907" pin="1"/><net_sink comp="199" pin=2"/></net>

<net id="915"><net_src comp="609" pin="2"/><net_sink comp="912" pin=0"/></net>

<net id="916"><net_src comp="912" pin="1"/><net_sink comp="199" pin=1"/></net>

<net id="917"><net_src comp="912" pin="1"/><net_sink comp="192" pin=1"/></net>

<net id="921"><net_src comp="651" pin="4"/><net_sink comp="918" pin=0"/></net>

<net id="922"><net_src comp="918" pin="1"/><net_sink comp="726" pin=0"/></net>

<net id="926"><net_src comp="704" pin="2"/><net_sink comp="923" pin=0"/></net>

<net id="927"><net_src comp="923" pin="1"/><net_sink comp="214" pin=3"/></net>

<net id="931"><net_src comp="720" pin="2"/><net_sink comp="928" pin=0"/></net>

<net id="932"><net_src comp="928" pin="1"/><net_sink comp="214" pin=2"/></net>

<net id="936"><net_src comp="729" pin="2"/><net_sink comp="933" pin=0"/></net>

<net id="937"><net_src comp="933" pin="1"/><net_sink comp="214" pin=1"/></net>

<net id="938"><net_src comp="933" pin="1"/><net_sink comp="206" pin=1"/></net>

</net_list>

</model> 
---------------- Datapath Model END ------------------

* FSMD analyzer results:
  - Output states:
	Port: memR | {3 4 5 6 7 8 9 10 }
 - Input state : 
	Port: top_Pipeline_WRITE_R_VITIS_LOOP_216_11 : R_DRAM | {1 }
	Port: top_Pipeline_WRITE_R_VITIS_LOOP_216_11 : zext_ln216 | {1 }
	Port: top_Pipeline_WRITE_R_VITIS_LOOP_216_11 : empty | {1 }
	Port: top_Pipeline_WRITE_R_VITIS_LOOP_216_11 : zext_ln216_1 | {1 }
	Port: top_Pipeline_WRITE_R_VITIS_LOOP_216_11 : xor_ln214 | {1 }
	Port: top_Pipeline_WRITE_R_VITIS_LOOP_216_11 : R_out_real | {1 2 }
	Port: top_Pipeline_WRITE_R_VITIS_LOOP_216_11 : R_out_real_1 | {1 2 }
	Port: top_Pipeline_WRITE_R_VITIS_LOOP_216_11 : R_out_real_2 | {1 2 }
	Port: top_Pipeline_WRITE_R_VITIS_LOOP_216_11 : R_out_real_3 | {1 2 }
	Port: top_Pipeline_WRITE_R_VITIS_LOOP_216_11 : R_out_imag | {1 2 }
	Port: top_Pipeline_WRITE_R_VITIS_LOOP_216_11 : R_out_imag_1 | {1 2 }
	Port: top_Pipeline_WRITE_R_VITIS_LOOP_216_11 : R_out_imag_2 | {1 2 }
	Port: top_Pipeline_WRITE_R_VITIS_LOOP_216_11 : R_out_imag_3 | {1 2 }
  - Chain level:
	State 1
		store_ln0 : 1
		store_ln214 : 1
		store_ln216 : 1
		first_iter_4 : 1
		indvar_flatten61_load : 1
		icmp_ln214 : 2
		add_ln214 : 2
		br_ln214 : 3
		j_load : 1
		i_load : 1
		icmp_ln216 : 2
		or_ln214 : 3
		select_ln214 : 3
		add_ln214_1 : 2
		select_ln214_1 : 3
		zext_ln214 : 4
		R_out_real_addr : 5
		R_out_real_1_addr : 5
		R_out_real_2_addr : 5
		R_out_real_3_addr : 5
		R_out_imag_addr : 5
		R_out_imag_1_addr : 5
		R_out_imag_2_addr : 5
		R_out_imag_3_addr : 5
		br_ln216 : 3
		R_out_real_load : 6
		R_out_real_1_load : 6
		R_out_real_2_load : 6
		R_out_real_3_load : 6
		R_out_imag_load : 6
		R_out_imag_1_load : 6
		R_out_imag_2_load : 6
		R_out_imag_3_load : 6
		trunc_ln216 : 4
		add_ln216_2 : 4
		store_ln214 : 3
		store_ln214 : 4
		store_ln216 : 5
	State 2
		store_ln214 : 1
		store_ln214 : 1
		store_ln214 : 1
		store_ln214 : 1
		store_ln214 : 1
		store_ln214 : 1
		store_ln214 : 1
		store_ln214 : 1
		shl_ln216_8 : 1
		zext_ln216_2 : 2
		add_ln216 : 3
		trunc_ln216_3 : 4
	State 3
		or_ln216 : 1
		tmp_s : 1
		bitcast_ln216 : 2
		zext_ln216_3 : 3
		zext_ln216_4 : 1
		shl_ln216_2 : 4
		memR_addr : 1
		empty_31 : 2
		tmp_2 : 1
		tmp_3 : 2
		zext_ln216_6 : 3
		add_ln216_1 : 4
		trunc_ln216_4 : 5
	State 4
		tmp_1 : 1
		bitcast_ln216_1 : 2
		zext_ln216_5 : 3
		zext_ln216_7 : 1
		shl_ln216_5 : 4
		memR_addr_1 : 1
		empty_33 : 2
	State 5
	State 6
	State 7
	State 8
	State 9
	State 10


============================================================
+ Verbose Summary: Datapath Resource usage 
============================================================

* Functional unit list:
|----------|-------------------------------|---------|---------|
| Operation|        Functional Unit        |    FF   |   LUT   |
|----------|-------------------------------|---------|---------|
|          |       shl_ln216_1_fu_548      |    0    |    0    |
|          |        shl_ln216_fu_584       |    0    |    11   |
|    shl   |       shl_ln216_2_fu_600      |    0    |    96   |
|          |       shl_ln216_4_fu_704      |    0    |    11   |
|          |       shl_ln216_5_fu_720      |    0    |    96   |
|----------|-------------------------------|---------|---------|
|          |        add_ln214_fu_369       |    0    |    12   |
|          |       add_ln214_1_fu_401      |    0    |    10   |
|    add   |       add_ln216_2_fu_431      |    0    |    10   |
|          |        add_ln216_fu_508       |    0    |    71   |
|          |       add_ln216_1_fu_646      |    0    |    71   |
|----------|-------------------------------|---------|---------|
| sparsemux|          tmp_s_fu_553         |    0    |    20   |
|          |          tmp_1_fu_673         |    0    |    20   |
|----------|-------------------------------|---------|---------|
|   icmp   |       icmp_ln214_fu_363       |    0    |    12   |
|          |       icmp_ln216_fu_381       |    0    |    10   |
|----------|-------------------------------|---------|---------|
|  select  |      select_ln214_fu_393      |    0    |    3    |
|          |     select_ln214_1_fu_407     |    0    |    3    |
|----------|-------------------------------|---------|---------|
|          |        or_ln214_fu_387        |    0    |    2    |
|    or    |        or_ln216_fu_542        |    0    |    0    |
|          |       or_ln216_1_fu_616       |    0    |    0    |
|----------|-------------------------------|---------|---------|
|          |   xor_ln214_read_read_fu_162  |    0    |    0    |
|          | zext_ln216_1_read_read_fu_168 |    0    |    0    |
|   read   |        tmp_read_fu_174        |    0    |    0    |
|          |  zext_ln216_read_read_fu_180  |    0    |    0    |
|          |    R_DRAM_read_read_fu_186    |    0    |    0    |
|----------|-------------------------------|---------|---------|
| writeresp|      grp_writeresp_fu_192     |    0    |    0    |
|          |      grp_writeresp_fu_206     |    0    |    0    |
|----------|-------------------------------|---------|---------|
|   write  |    write_ln216_write_fu_199   |    0    |    0    |
|          |    write_ln216_write_fu_214   |    0    |    0    |
|----------|-------------------------------|---------|---------|
|          |    zext_ln216_1_cast_fu_337   |    0    |    0    |
|          |     zext_ln216_cast_fu_341    |    0    |    0    |
|          |       zext_ln214_fu_415       |    0    |    0    |
|          |      zext_ln216_2_fu_504      |    0    |    0    |
|   zext   |      zext_ln216_3_fu_580      |    0    |    0    |
|          |      zext_ln216_4_fu_596      |    0    |    0    |
|          |      zext_ln216_6_fu_642      |    0    |    0    |
|          |      zext_ln216_5_fu_700      |    0    |    0    |
|          |      zext_ln216_7_fu_716      |    0    |    0    |
|----------|-------------------------------|---------|---------|
|   trunc  |       trunc_ln216_fu_427      |    0    |    0    |
|          |      trunc_ln216_1_fu_492     |    0    |    0    |
|----------|-------------------------------|---------|---------|
|          |       shl_ln216_8_fu_495      |    0    |    0    |
|          |         shl_ln3_fu_535        |    0    |    0    |
|bitconcatenate|       shl_ln216_3_fu_589      |    0    |    0    |
|          |          tmp_3_fu_632         |    0    |    0    |
|          |       shl_ln216_6_fu_709      |    0    |    0    |
|----------|-------------------------------|---------|---------|
|          |      trunc_ln216_3_fu_513     |    0    |    0    |
|partselect|          tmp_2_fu_622         |    0    |    0    |
|          |      trunc_ln216_4_fu_651     |    0    |    0    |
|----------|-------------------------------|---------|---------|
|   sext   |       sext_ln216_fu_606       |    0    |    0    |
|          |      sext_ln216_1_fu_726      |    0    |    0    |
|----------|-------------------------------|---------|---------|
|   Total  |                               |    0    |   458   |
|----------|-------------------------------|---------|---------|

Memories:
N/A

* Register list:
+---------------------------+--------+
|                           |   FF   |
+---------------------------+--------+
|    R_DRAM_read_reg_815    |   64   |
| R_out_imag_1_addr_reg_870 |    3   |
|R_out_imag_1_load23_reg_769|   32   |
| R_out_imag_2_addr_reg_875 |    3   |
|R_out_imag_2_load21_reg_763|   32   |
| R_out_imag_3_addr_reg_880 |    3   |
|R_out_imag_3_load19_reg_757|   32   |
|  R_out_imag_addr_reg_865  |    3   |
| R_out_imag_load25_reg_775 |   32   |
| R_out_real_1_addr_reg_850 |    3   |
|R_out_real_1_load31_reg_793|   32   |
| R_out_real_2_addr_reg_855 |    3   |
|R_out_real_2_load29_reg_787|   32   |
| R_out_real_3_addr_reg_860 |    3   |
|R_out_real_3_load27_reg_781|   32   |
|  R_out_real_addr_reg_845  |    3   |
| R_out_real_load33_reg_799 |   32   |
|    first_iter_4_reg_326   |    1   |
|         i_reg_743         |    3   |
|     icmp_ln214_reg_831    |    1   |
|  indvar_flatten61_reg_750 |    5   |
|         j_reg_736         |    3   |
|    memR_addr_1_reg_933    |   64   |
|     memR_addr_reg_912     |   64   |
|      or_ln214_reg_835     |    1   |
|    select_ln214_reg_839   |    3   |
|    shl_ln216_2_reg_907    |   64   |
|    shl_ln216_4_reg_923    |    8   |
|    shl_ln216_5_reg_928    |   64   |
|     shl_ln216_reg_902     |    8   |
|        tmp_reg_810        |    3   |
|   trunc_ln216_1_reg_891   |    2   |
|   trunc_ln216_3_reg_897   |   61   |
|   trunc_ln216_4_reg_918   |   61   |
|    trunc_ln216_reg_885    |    2   |
|   xor_ln214_read_reg_805  |    3   |
| zext_ln216_1_cast_reg_821 |    8   |
|  zext_ln216_cast_reg_826  |    8   |
+---------------------------+--------+
|           Total           |   781  |
+---------------------------+--------+

* Multiplexer (MUX) list: 
|----------------------|------|------|------|--------||---------||---------|
|         Comp         |  Pin | Size |  BW  | S x BW ||  Delay  ||   LUT   |
|----------------------|------|------|------|--------||---------||---------|
| grp_writeresp_fu_192 |  p0  |   2  |   1  |    2   |
| grp_writeresp_fu_192 |  p1  |   2  |  64  |   128  ||    9    |
| grp_writeresp_fu_206 |  p0  |   2  |   1  |    2   |
| grp_writeresp_fu_206 |  p1  |   2  |  64  |   128  ||    9    |
|   grp_access_fu_278  |  p0  |   2  |   3  |    6   ||    9    |
|   grp_access_fu_284  |  p0  |   2  |   3  |    6   ||    9    |
|   grp_access_fu_290  |  p0  |   2  |   3  |    6   ||    9    |
|   grp_access_fu_296  |  p0  |   2  |   3  |    6   ||    9    |
|   grp_access_fu_302  |  p0  |   2  |   3  |    6   ||    9    |
|   grp_access_fu_308  |  p0  |   2  |   3  |    6   ||    9    |
|   grp_access_fu_314  |  p0  |   2  |   3  |    6   ||    9    |
|   grp_access_fu_320  |  p0  |   2  |   3  |    6   ||    9    |
|----------------------|------|------|------|--------||---------||---------|
|         Total        |      |      |      |   308  ||  5.124  ||    90   |
|----------------------|------|------|------|--------||---------||---------|



* Summary:
+-----------+--------+--------+--------+
|           |  Delay |   FF   |   LUT  |
+-----------+--------+--------+--------+
|  Function |    -   |    0   |   458  |
|   Memory  |    -   |    -   |    -   |
|Multiplexer|    5   |    -   |   90   |
|  Register |    -   |   781  |    -   |
+-----------+--------+--------+--------+
|   Total   |    5   |   781  |   548  |
+-----------+--------+--------+--------+
