

================================================================
== Vitis HLS Report for 'top_Pipeline_VITIS_LOOP_119_2'
================================================================
* Date:           Thu Mar  5 00:42:47 2026

* Version:        2023.2 (Build 4023990 on Oct 11 2023)
* Project:        CGR_QR_WBS
* Solution:       solution1 (Vivado IP Flow Target)
* Product family: zynquplus
* Target device:  xczu7ev-ffvc1156-2-e


================================================================
== Performance Estimates
================================================================
+ Timing: 
    * Summary: 
    +--------+----------+----------+------------+
    |  Clock |  Target  | Estimated| Uncertainty|
    +--------+----------+----------+------------+
    |ap_clk  |  10.00 ns|  8.699 ns|     1.25 ns|
    +--------+----------+----------+------------+

+ Latency: 
    * Summary: 
    +---------+---------+----------+----------+-----+-----+---------+
    |  Latency (cycles) |  Latency (absolute) |  Interval | Pipeline|
    |   min   |   max   |    min   |    max   | min | max |   Type  |
    +---------+---------+----------+----------+-----+-----+---------+
    |      188|      374|  1.880 us|  3.740 us|  188|  374|       no|
    +---------+---------+----------+----------+-----+-----+---------+

    + Detail: 
        * Instance: 
        N/A

        * Loop: 
        +--------------------+---------+---------+----------+-----------+-----------+-------+----------+
        |                    |  Latency (cycles) | Iteration|  Initiation Interval  |  Trip |          |
        |      Loop Name     |   min   |   max   |  Latency |  achieved |   target  | Count | Pipelined|
        +--------------------+---------+---------+----------+-----------+-----------+-------+----------+
        |- VITIS_LOOP_119_2  |      186|      372|        63|         62|          1|  3 ~ 6|       yes|
        +--------------------+---------+---------+----------+-----------+-----------+-------+----------+



================================================================
== Utilization Estimates
================================================================
* Summary: 
+-----------------+---------+------+--------+--------+-----+
|       Name      | BRAM_18K|  DSP |   FF   |   LUT  | URAM|
+-----------------+---------+------+--------+--------+-----+
|DSP              |        -|     -|       -|       -|    -|
|Expression       |        -|     -|       0|    4069|    -|
|FIFO             |        -|     -|       -|       -|    -|
|Instance         |        -|    32|    1932|    3404|    -|
|Memory           |        -|     -|       -|       -|    -|
|Multiplexer      |        -|     -|       -|    6950|    -|
|Register         |        -|     -|   16116|       -|    -|
+-----------------+---------+------+--------+--------+-----+
|Total            |        0|    32|   18048|   14423|    0|
+-----------------+---------+------+--------+--------+-----+
|Available        |      624|  1728|  460800|  230400|   96|
+-----------------+---------+------+--------+--------+-----+
|Utilization (%)  |        0|     1|       3|       6|    0|
+-----------------+---------+------+--------+--------+-----+

+ Detail: 
    * Instance: 
    +----------------------------------------+------------------------------------+---------+----+-----+-----+-----+
    |                Instance                |               Module               | BRAM_18K| DSP|  FF | LUT | URAM|
    +----------------------------------------+------------------------------------+---------+----+-----+-----+-----+
    |fadd_32ns_32ns_32_4_full_dsp_1_U70      |fadd_32ns_32ns_32_4_full_dsp_1      |        0|   2|  227|  214|    0|
    |fadd_32ns_32ns_32_4_full_dsp_1_U71      |fadd_32ns_32ns_32_4_full_dsp_1      |        0|   2|  227|  214|    0|
    |faddfsub_32ns_32ns_32_4_full_dsp_1_U68  |faddfsub_32ns_32ns_32_4_full_dsp_1  |        0|   2|  227|  214|    0|
    |faddfsub_32ns_32ns_32_4_full_dsp_1_U69  |faddfsub_32ns_32ns_32_4_full_dsp_1  |        0|   2|  227|  214|    0|
    |fcmp_32ns_32ns_1_2_no_dsp_1_U82         |fcmp_32ns_32ns_1_2_no_dsp_1         |        0|   0|    0|    0|    0|
    |fdiv_32ns_32ns_32_8_no_dsp_1_U80        |fdiv_32ns_32ns_32_8_no_dsp_1        |        0|   0|    0|    0|    0|
    |fdiv_32ns_32ns_32_8_no_dsp_1_U81        |fdiv_32ns_32ns_32_8_no_dsp_1        |        0|   0|    0|    0|    0|
    |fmul_32ns_32ns_32_2_max_dsp_1_U72       |fmul_32ns_32ns_32_2_max_dsp_1       |        0|   3|  128|  135|    0|
    |fmul_32ns_32ns_32_2_max_dsp_1_U73       |fmul_32ns_32ns_32_2_max_dsp_1       |        0|   3|  128|  135|    0|
    |fmul_32ns_32ns_32_2_max_dsp_1_U74       |fmul_32ns_32ns_32_2_max_dsp_1       |        0|   3|  128|  135|    0|
    |fmul_32ns_32ns_32_2_max_dsp_1_U75       |fmul_32ns_32ns_32_2_max_dsp_1       |        0|   3|  128|  135|    0|
    |fmul_32ns_32ns_32_2_max_dsp_1_U76       |fmul_32ns_32ns_32_2_max_dsp_1       |        0|   3|  128|  135|    0|
    |fmul_32ns_32ns_32_2_max_dsp_1_U77       |fmul_32ns_32ns_32_2_max_dsp_1       |        0|   3|  128|  135|    0|
    |fmul_32ns_32ns_32_2_max_dsp_1_U78       |fmul_32ns_32ns_32_2_max_dsp_1       |        0|   3|  128|  135|    0|
    |fmul_32ns_32ns_32_2_max_dsp_1_U79       |fmul_32ns_32ns_32_2_max_dsp_1       |        0|   3|  128|  135|    0|
    |fsqrt_32ns_32ns_32_7_no_dsp_1_U83       |fsqrt_32ns_32ns_32_7_no_dsp_1       |        0|   0|    0|    0|    0|
    |fsqrt_32ns_32ns_32_7_no_dsp_1_U84       |fsqrt_32ns_32ns_32_7_no_dsp_1       |        0|   0|    0|    0|    0|
    |sparsemux_13_3_32_1_1_U91               |sparsemux_13_3_32_1_1               |        0|   0|    0|   31|    0|
    |sparsemux_13_3_32_1_1_U98               |sparsemux_13_3_32_1_1               |        0|   0|    0|   31|    0|
    |sparsemux_13_3_32_1_1_U100              |sparsemux_13_3_32_1_1               |        0|   0|    0|   31|    0|
    |sparsemux_13_3_32_1_1_U102              |sparsemux_13_3_32_1_1               |        0|   0|    0|   31|    0|
    |sparsemux_13_3_32_1_1_U103              |sparsemux_13_3_32_1_1               |        0|   0|    0|   31|    0|
    |sparsemux_13_3_32_1_1_U104              |sparsemux_13_3_32_1_1               |        0|   0|    0|   31|    0|
    |sparsemux_13_3_32_1_1_U105              |sparsemux_13_3_32_1_1               |        0|   0|    0|   31|    0|
    |sparsemux_13_3_32_1_1_U106              |sparsemux_13_3_32_1_1               |        0|   0|    0|   31|    0|
    |sparsemux_13_3_32_1_1_U107              |sparsemux_13_3_32_1_1               |        0|   0|    0|   31|    0|
    |sparsemux_13_3_32_1_1_U108              |sparsemux_13_3_32_1_1               |        0|   0|    0|   31|    0|
    |sparsemux_13_3_32_1_1_U109              |sparsemux_13_3_32_1_1               |        0|   0|    0|   31|    0|
    |sparsemux_13_3_32_1_1_U110              |sparsemux_13_3_32_1_1               |        0|   0|    0|   31|    0|
    |sparsemux_13_3_32_1_1_U111              |sparsemux_13_3_32_1_1               |        0|   0|    0|   31|    0|
    |sparsemux_13_3_32_1_1_U112              |sparsemux_13_3_32_1_1               |        0|   0|    0|   31|    0|
    |sparsemux_13_3_32_1_1_U113              |sparsemux_13_3_32_1_1               |        0|   0|    0|   31|    0|
    |sparsemux_13_3_32_1_1_U114              |sparsemux_13_3_32_1_1               |        0|   0|    0|   31|    0|
    |sparsemux_13_3_32_1_1_U115              |sparsemux_13_3_32_1_1               |        0|   0|    0|   31|    0|
    |sparsemux_13_3_32_1_1_U116              |sparsemux_13_3_32_1_1               |        0|   0|    0|   31|    0|
    |sparsemux_13_3_32_1_1_U117              |sparsemux_13_3_32_1_1               |        0|   0|    0|   31|    0|
    |sparsemux_13_3_32_1_1_U118              |sparsemux_13_3_32_1_1               |        0|   0|    0|   31|    0|
    |sparsemux_13_3_32_1_1_U125              |sparsemux_13_3_32_1_1               |        0|   0|    0|   31|    0|
    |sparsemux_13_3_32_1_1_U132              |sparsemux_13_3_32_1_1               |        0|   0|    0|   31|    0|
    |sparsemux_13_3_32_1_1_U134              |sparsemux_13_3_32_1_1               |        0|   0|    0|   31|    0|
    |sparsemux_13_3_32_1_1_U136              |sparsemux_13_3_32_1_1               |        0|   0|    0|   31|    0|
    |sparsemux_13_3_32_1_1_U137              |sparsemux_13_3_32_1_1               |        0|   0|    0|   31|    0|
    |sparsemux_13_3_32_1_1_U138              |sparsemux_13_3_32_1_1               |        0|   0|    0|   31|    0|
    |sparsemux_13_3_32_1_1_U139              |sparsemux_13_3_32_1_1               |        0|   0|    0|   31|    0|
    |sparsemux_13_3_32_1_1_U140              |sparsemux_13_3_32_1_1               |        0|   0|    0|   31|    0|
    |sparsemux_13_3_32_1_1_U141              |sparsemux_13_3_32_1_1               |        0|   0|    0|   31|    0|
    |sparsemux_13_3_32_1_1_U142              |sparsemux_13_3_32_1_1               |        0|   0|    0|   31|    0|
    |sparsemux_13_3_32_1_1_U143              |sparsemux_13_3_32_1_1               |        0|   0|    0|   31|    0|
    |sparsemux_13_3_32_1_1_U144              |sparsemux_13_3_32_1_1               |        0|   0|    0|   31|    0|
    |sparsemux_7_2_32_1_1_U119               |sparsemux_7_2_32_1_1                |        0|   0|    0|   14|    0|
    |sparsemux_7_2_32_1_1_U120               |sparsemux_7_2_32_1_1                |        0|   0|    0|   14|    0|
    |sparsemux_7_2_32_1_1_U121               |sparsemux_7_2_32_1_1                |        0|   0|    0|   14|    0|
    |sparsemux_7_2_32_1_1_U122               |sparsemux_7_2_32_1_1                |        0|   0|    0|   14|    0|
    |sparsemux_7_2_32_1_1_U123               |sparsemux_7_2_32_1_1                |        0|   0|    0|   14|    0|
    |sparsemux_7_2_32_1_1_U124               |sparsemux_7_2_32_1_1                |        0|   0|    0|   14|    0|
    |sparsemux_7_2_32_1_1_U126               |sparsemux_7_2_32_1_1                |        0|   0|    0|   14|    0|
    |sparsemux_7_2_32_1_1_U127               |sparsemux_7_2_32_1_1                |        0|   0|    0|   14|    0|
    |sparsemux_7_2_32_1_1_U128               |sparsemux_7_2_32_1_1                |        0|   0|    0|   14|    0|
    |sparsemux_7_2_32_1_1_U129               |sparsemux_7_2_32_1_1                |        0|   0|    0|   14|    0|
    |sparsemux_7_2_32_1_1_U130               |sparsemux_7_2_32_1_1                |        0|   0|    0|   14|    0|
    |sparsemux_7_2_32_1_1_U131               |sparsemux_7_2_32_1_1                |        0|   0|    0|   14|    0|
    |sparsemux_7_2_32_1_1_U133               |sparsemux_7_2_32_1_1                |        0|   0|    0|   14|    0|
    |sparsemux_7_2_32_1_1_U135               |sparsemux_7_2_32_1_1                |        0|   0|    0|   14|    0|
    |sparsemux_9_2_32_1_1_U85                |sparsemux_9_2_32_1_1                |        0|   0|    0|   20|    0|
    |sparsemux_9_2_32_1_1_U86                |sparsemux_9_2_32_1_1                |        0|   0|    0|   20|    0|
    |sparsemux_9_2_32_1_1_U87                |sparsemux_9_2_32_1_1                |        0|   0|    0|   20|    0|
    |sparsemux_9_2_32_1_1_U88                |sparsemux_9_2_32_1_1                |        0|   0|    0|   20|    0|
    |sparsemux_9_2_32_1_1_U89                |sparsemux_9_2_32_1_1                |        0|   0|    0|   20|    0|
    |sparsemux_9_2_32_1_1_U90                |sparsemux_9_2_32_1_1                |        0|   0|    0|   20|    0|
    |sparsemux_9_2_32_1_1_U92                |sparsemux_9_2_32_1_1                |        0|   0|    0|   20|    0|
    |sparsemux_9_2_32_1_1_U93                |sparsemux_9_2_32_1_1                |        0|   0|    0|   20|    0|
    |sparsemux_9_2_32_1_1_U94                |sparsemux_9_2_32_1_1                |        0|   0|    0|   20|    0|
    |sparsemux_9_2_32_1_1_U95                |sparsemux_9_2_32_1_1                |        0|   0|    0|   20|    0|
    |sparsemux_9_2_32_1_1_U96                |sparsemux_9_2_32_1_1                |        0|   0|    0|   20|    0|
    |sparsemux_9_2_32_1_1_U97                |sparsemux_9_2_32_1_1                |        0|   0|    0|   20|    0|
    |sparsemux_9_2_32_1_1_U99                |sparsemux_9_2_32_1_1                |        0|   0|    0|   20|    0|
    |sparsemux_9_2_32_1_1_U101               |sparsemux_9_2_32_1_1                |        0|   0|    0|   20|    0|
    +----------------------------------------+------------------------------------+---------+----+-----+-----+-----+
    |Total                                   |                                    |        0|  32| 1932| 3404|    0|
    +----------------------------------------+------------------------------------+---------+----+-----+-----+-----+

    * DSP: 
    N/A

    * Memory: 
    N/A

    * FIFO: 
    N/A

    * Expression: 
    +-------------------------------+----------+----+---+----+------------+------------+
    |         Variable Name         | Operation| DSP| FF| LUT| Bitwidth P0| Bitwidth P1|
    +-------------------------------+----------+----+---+----+------------+------------+
    |add_ln119_fu_18607_p2          |         +|   0|  0|  10|           3|           2|
    |and_ln9_fu_18647_p2            |       and|   0|  0|   2|           1|           1|
    |ap_condition_7734              |       and|   0|  0|   2|           1|           1|
    |ap_condition_7737              |       and|   0|  0|   2|           1|           1|
    |ap_predicate_pred1766_state43  |       and|   0|  0|   2|           1|           1|
    |ap_predicate_pred1776_state43  |       and|   0|  0|   2|           1|           1|
    |ap_predicate_pred1784_state43  |       and|   0|  0|   2|           1|           1|
    |ap_predicate_pred1792_state43  |       and|   0|  0|   2|           1|           1|
    |ap_predicate_pred1800_state43  |       and|   0|  0|   2|           1|           1|
    |ap_predicate_pred1815_state43  |       and|   0|  0|   2|           1|           1|
    |ap_predicate_pred1821_state43  |       and|   0|  0|   2|           1|           1|
    |ap_predicate_pred1826_state43  |       and|   0|  0|   2|           1|           1|
    |ap_predicate_pred1831_state43  |       and|   0|  0|   2|           1|           1|
    |ap_predicate_pred1836_state43  |       and|   0|  0|   2|           1|           1|
    |ap_predicate_pred1841_state43  |       and|   0|  0|   2|           1|           1|
    |ap_predicate_pred1848_state43  |       and|   0|  0|   2|           1|           1|
    |ap_predicate_pred1853_state43  |       and|   0|  0|   2|           1|           1|
    |ap_predicate_pred1858_state43  |       and|   0|  0|   2|           1|           1|
    |ap_predicate_pred1863_state43  |       and|   0|  0|   2|           1|           1|
    |ap_predicate_pred1868_state43  |       and|   0|  0|   2|           1|           1|
    |ap_predicate_pred1873_state43  |       and|   0|  0|   2|           1|           1|
    |ap_predicate_pred1880_state43  |       and|   0|  0|   2|           1|           1|
    |ap_predicate_pred1885_state43  |       and|   0|  0|   2|           1|           1|
    |ap_predicate_pred1890_state43  |       and|   0|  0|   2|           1|           1|
    |ap_predicate_pred1895_state43  |       and|   0|  0|   2|           1|           1|
    |ap_predicate_pred1900_state43  |       and|   0|  0|   2|           1|           1|
    |ap_predicate_pred1905_state43  |       and|   0|  0|   2|           1|           1|
    |ap_predicate_pred1910_state43  |       and|   0|  0|   2|           1|           1|
    |ap_predicate_pred3038_state50  |       and|   0|  0|   2|           1|           1|
    |ap_predicate_pred3055_state50  |       and|   0|  0|   2|           1|           1|
    |ap_predicate_pred3062_state50  |       and|   0|  0|   2|           1|           1|
    |ap_predicate_pred3069_state50  |       and|   0|  0|   2|           1|           1|
    |ap_predicate_pred3076_state50  |       and|   0|  0|   2|           1|           1|
    |ap_predicate_pred3083_state50  |       and|   0|  0|   2|           1|           1|
    |ap_predicate_pred3087_state50  |       and|   0|  0|   2|           1|           1|
    |ap_predicate_pred3092_state50  |       and|   0|  0|   2|           1|           1|
    |ap_predicate_pred3097_state50  |       and|   0|  0|   2|           1|           1|
    |ap_predicate_pred3102_state50  |       and|   0|  0|   2|           1|           1|
    |ap_predicate_pred3107_state50  |       and|   0|  0|   2|           1|           1|
    |ap_predicate_pred3112_state50  |       and|   0|  0|   2|           1|           1|
    |ap_predicate_pred3117_state50  |       and|   0|  0|   2|           1|           1|
    |ap_predicate_pred3122_state50  |       and|   0|  0|   2|           1|           1|
    |ap_predicate_pred3127_state50  |       and|   0|  0|   2|           1|           1|
    |ap_predicate_pred3132_state50  |       and|   0|  0|   2|           1|           1|
    |ap_predicate_pred3137_state50  |       and|   0|  0|   2|           1|           1|
    |ap_predicate_pred3142_state50  |       and|   0|  0|   2|           1|           1|
    |ap_predicate_pred3902_state57  |       and|   0|  0|   2|           1|           1|
    |ap_predicate_pred3915_state57  |       and|   0|  0|   2|           1|           1|
    |ap_predicate_pred3921_state57  |       and|   0|  0|   2|           1|           1|
    |ap_predicate_pred3927_state57  |       and|   0|  0|   2|           1|           1|
    |ap_predicate_pred3933_state57  |       and|   0|  0|   2|           1|           1|
    |ap_predicate_pred3940_state57  |       and|   0|  0|   2|           1|           1|
    |ap_predicate_pred4064_state63  |       and|   0|  0|   2|           1|           1|
    |ap_predicate_pred4072_state63  |       and|   0|  0|   2|           1|           1|
    |ap_predicate_pred4078_state63  |       and|   0|  0|   2|           1|           1|
    |ap_predicate_pred4084_state63  |       and|   0|  0|   2|           1|           1|
    |ap_predicate_pred4090_state63  |       and|   0|  0|   2|           1|           1|
    |ap_predicate_pred4096_state63  |       and|   0|  0|   2|           1|           1|
    |icmp_ln119_fu_18139_p2         |      icmp|   0|  0|  10|           3|           3|
    |icmp_ln34_fu_18602_p2          |      icmp|   0|  0|   9|           2|           2|
    |icmp_ln41_10_fu_23260_p2       |      icmp|   0|  0|  10|           3|           3|
    |icmp_ln41_1_fu_22414_p2        |      icmp|   0|  0|  10|           3|           1|
    |icmp_ln41_2_fu_22419_p2        |      icmp|   0|  0|  10|           3|           2|
    |icmp_ln41_3_fu_22424_p2        |      icmp|   0|  0|  10|           3|           2|
    |icmp_ln41_4_fu_22429_p2        |      icmp|   0|  0|  12|           3|           4|
    |icmp_ln41_5_fu_22434_p2        |      icmp|   0|  0|  10|           3|           3|
    |icmp_ln41_6_fu_23240_p2        |      icmp|   0|  0|  10|           3|           1|
    |icmp_ln41_7_fu_23245_p2        |      icmp|   0|  0|  10|           3|           2|
    |icmp_ln41_8_fu_23250_p2        |      icmp|   0|  0|  10|           3|           2|
    |icmp_ln41_9_fu_23255_p2        |      icmp|   0|  0|  12|           3|           4|
    |icmp_ln9_1_fu_18635_p2         |      icmp|   0|  0|  30|          23|           1|
    |icmp_ln9_fu_18629_p2           |      icmp|   0|  0|  15|           8|           2|
    |or_ln41_1_fu_22445_p2          |        or|   0|  0|   2|           1|           1|
    |or_ln41_2_fu_22451_p2          |        or|   0|  0|   2|           1|           1|
    |or_ln41_3_fu_22457_p2          |        or|   0|  0|   2|           1|           1|
    |or_ln41_4_fu_23265_p2          |        or|   0|  0|   2|           1|           1|
    |or_ln41_5_fu_23271_p2          |        or|   0|  0|   2|           1|           1|
    |or_ln41_6_fu_23277_p2          |        or|   0|  0|   2|           1|           1|
    |or_ln41_7_fu_23283_p2          |        or|   0|  0|   2|           1|           1|
    |or_ln41_fu_22439_p2            |        or|   0|  0|   2|           1|           1|
    |or_ln45_1_fu_22655_p2          |        or|   0|  0|   2|           1|           1|
    |or_ln45_2_fu_22661_p2          |        or|   0|  0|   2|           1|           1|
    |or_ln45_3_fu_22667_p2          |        or|   0|  0|   2|           1|           1|
    |or_ln45_4_fu_23343_p2          |        or|   0|  0|   2|           1|           1|
    |or_ln45_5_fu_23349_p2          |        or|   0|  0|   2|           1|           1|
    |or_ln45_fu_22649_p2            |        or|   0|  0|   2|           1|           1|
    |or_ln9_fu_18641_p2             |        or|   0|  0|   2|           1|           1|
    |R_imag_10_fu_23419_p3          |    select|   0|  0|  32|           1|          32|
    |R_imag_11_fu_23427_p3          |    select|   0|  0|  32|           1|          32|
    |R_imag_12_fu_23435_p3          |    select|   0|  0|  32|           1|          32|
    |R_imag_13_fu_23443_p3          |    select|   0|  0|  32|           1|          32|
    |R_imag_8_fu_23403_p3           |    select|   0|  0|  32|           1|          32|
    |R_imag_9_fu_23411_p3           |    select|   0|  0|  32|           1|          32|
    |R_real_10_fu_23305_p3          |    select|   0|  0|  32|           1|          32|
    |R_real_11_fu_23313_p3          |    select|   0|  0|  32|           1|          32|
    |R_real_12_fu_23321_p3          |    select|   0|  0|  32|           1|          32|
    |R_real_13_fu_23329_p3          |    select|   0|  0|  32|           1|          32|
    |R_real_14_fu_23355_p3          |    select|   0|  0|  32|           1|          32|
    |R_real_15_fu_23363_p3          |    select|   0|  0|  32|           1|          32|
    |R_real_16_fu_23371_p3          |    select|   0|  0|  32|           1|          32|
    |R_real_17_fu_23379_p3          |    select|   0|  0|  32|           1|          32|
    |R_real_18_fu_23387_p3          |    select|   0|  0|  32|           1|          32|
    |R_real_19_fu_23395_p3          |    select|   0|  0|  32|           1|          32|
    |R_real_8_fu_23289_p3           |    select|   0|  0|  32|           1|          32|
    |R_real_9_fu_23297_p3           |    select|   0|  0|  32|           1|          32|
    |ai_i_2_fu_22213_p2             |    select|   0|  0|  32|           1|          32|
    |ai_r_2_fu_22140_p2             |    select|   0|  0|  32|           1|          32|
    |aj_i_2_fu_22289_p12            |    select|   0|  0|  32|           1|          32|
    |aj_r_2_fu_22251_p12            |    select|   0|  0|  32|           1|          32|
    |select_ln34_1_fu_22105_p3      |    select|   0|  0|  32|           1|          32|
    |select_ln34_2_fu_22112_p3      |    select|   0|  0|  32|           1|          32|
    |select_ln34_3_fu_22119_p3      |    select|   0|  0|  32|           1|          32|
    |select_ln34_4_fu_22126_p3      |    select|   0|  0|  32|           1|          32|
    |select_ln34_5_fu_22133_p3      |    select|   0|  0|  32|           1|          32|
    |select_ln35_1_fu_22178_p3      |    select|   0|  0|  32|           1|          32|
    |select_ln35_2_fu_22185_p3      |    select|   0|  0|  32|           1|          32|
    |select_ln35_3_fu_22192_p3      |    select|   0|  0|  32|           1|          32|
    |select_ln35_4_fu_22199_p3      |    select|   0|  0|  32|           1|          32|
    |select_ln35_5_fu_22206_p3      |    select|   0|  0|  32|           1|          32|
    |select_ln41_10_fu_22400_p3     |    select|   0|  0|  32|           1|          32|
    |select_ln41_11_fu_22407_p3     |    select|   0|  0|  32|           1|          32|
    |select_ln41_12_fu_22463_p3     |    select|   0|  0|  32|           1|          32|
    |select_ln41_13_fu_22471_p3     |    select|   0|  0|  32|           1|          32|
    |select_ln41_14_fu_22479_p3     |    select|   0|  0|  32|           1|          32|
    |select_ln41_15_fu_22487_p3     |    select|   0|  0|  32|           1|          32|
    |select_ln41_16_fu_22495_p3     |    select|   0|  0|  32|           1|          32|
    |select_ln41_17_fu_22503_p3     |    select|   0|  0|  32|           1|          32|
    |select_ln41_18_fu_22511_p3     |    select|   0|  0|  32|           1|          32|
    |select_ln41_19_fu_22519_p3     |    select|   0|  0|  32|           1|          32|
    |select_ln41_1_fu_22337_p3      |    select|   0|  0|  32|           1|          32|
    |select_ln41_20_fu_22527_p3     |    select|   0|  0|  32|           1|          32|
    |select_ln41_21_fu_22535_p3     |    select|   0|  0|  32|           1|          32|
    |select_ln41_22_fu_22543_p3     |    select|   0|  0|  32|           1|          32|
    |select_ln41_23_fu_22557_p3     |    select|   0|  0|  32|           1|          32|
    |select_ln41_2_fu_22344_p3      |    select|   0|  0|  32|           1|          32|
    |select_ln41_3_fu_22351_p3      |    select|   0|  0|  32|           1|          32|
    |select_ln41_4_fu_22358_p3      |    select|   0|  0|  32|           1|          32|
    |select_ln41_5_fu_22365_p3      |    select|   0|  0|  32|           1|          32|
    |select_ln41_6_fu_22372_p3      |    select|   0|  0|  32|           1|          32|
    |select_ln41_7_fu_22379_p3      |    select|   0|  0|  32|           1|          32|
    |select_ln41_8_fu_22386_p3      |    select|   0|  0|  32|           1|          32|
    |select_ln41_9_fu_22393_p3      |    select|   0|  0|  32|           1|          32|
    |select_ln41_fu_22330_p3        |    select|   0|  0|  32|           1|          32|
    |select_ln42_10_fu_22875_p3     |    select|   0|  0|  32|           1|          32|
    |select_ln42_11_fu_22882_p3     |    select|   0|  0|  32|           1|          32|
    |select_ln42_12_fu_22889_p3     |    select|   0|  0|  32|           1|          32|
    |select_ln42_13_fu_22902_p3     |    select|   0|  0|  32|           1|          32|
    |select_ln42_14_fu_22910_p3     |    select|   0|  0|  32|           1|          32|
    |select_ln42_15_fu_22923_p3     |    select|   0|  0|  32|           1|          32|
    |select_ln42_16_fu_22931_p3     |    select|   0|  0|  32|           1|          32|
    |select_ln42_17_fu_22944_p3     |    select|   0|  0|  32|           1|          32|
    |select_ln42_18_fu_22952_p3     |    select|   0|  0|  32|           1|          32|
    |select_ln42_19_fu_22965_p3     |    select|   0|  0|  32|           1|          32|
    |select_ln42_1_fu_22812_p3      |    select|   0|  0|  32|           1|          32|
    |select_ln42_20_fu_22973_p3     |    select|   0|  0|  32|           1|          32|
    |select_ln42_21_fu_22986_p3     |    select|   0|  0|  32|           1|          32|
    |select_ln42_22_fu_22994_p3     |    select|   0|  0|  32|           1|          32|
    |select_ln42_23_fu_23008_p3     |    select|   0|  0|  32|           1|          32|
    |select_ln42_2_fu_22819_p3      |    select|   0|  0|  32|           1|          32|
    |select_ln42_3_fu_22826_p3      |    select|   0|  0|  32|           1|          32|
    |select_ln42_4_fu_22833_p3      |    select|   0|  0|  32|           1|          32|
    |select_ln42_5_fu_22840_p3      |    select|   0|  0|  32|           1|          32|
    |select_ln42_6_fu_22847_p3      |    select|   0|  0|  32|           1|          32|
    |select_ln42_7_fu_22854_p3      |    select|   0|  0|  32|           1|          32|
    |select_ln42_8_fu_22861_p3      |    select|   0|  0|  32|           1|          32|
    |select_ln42_9_fu_22868_p3      |    select|   0|  0|  32|           1|          32|
    |select_ln42_fu_22805_p3        |    select|   0|  0|  32|           1|          32|
    |select_ln45_10_fu_22635_p3     |    select|   0|  0|  32|           1|          32|
    |select_ln45_11_fu_22642_p3     |    select|   0|  0|  32|           1|          32|
    |select_ln45_12_fu_22673_p3     |    select|   0|  0|  32|           1|          32|
    |select_ln45_13_fu_22687_p3     |    select|   0|  0|  32|           1|          32|
    |select_ln45_14_fu_22695_p3     |    select|   0|  0|  32|           1|          32|
    |select_ln45_15_fu_22709_p3     |    select|   0|  0|  32|           1|          32|
    |select_ln45_16_fu_22717_p3     |    select|   0|  0|  32|           1|          32|
    |select_ln45_17_fu_22731_p3     |    select|   0|  0|  32|           1|          32|
    |select_ln45_18_fu_22739_p3     |    select|   0|  0|  32|           1|          32|
    |select_ln45_19_fu_22753_p3     |    select|   0|  0|  32|           1|          32|
    |select_ln45_1_fu_22572_p3      |    select|   0|  0|  32|           1|          32|
    |select_ln45_20_fu_22761_p3     |    select|   0|  0|  32|           1|          32|
    |select_ln45_21_fu_22775_p3     |    select|   0|  0|  32|           1|          32|
    |select_ln45_22_fu_22783_p3     |    select|   0|  0|  32|           1|          32|
    |select_ln45_23_fu_22797_p3     |    select|   0|  0|  32|           1|          32|
    |select_ln45_2_fu_22579_p3      |    select|   0|  0|  32|           1|          32|
    |select_ln45_3_fu_22586_p3      |    select|   0|  0|  32|           1|          32|
    |select_ln45_4_fu_22593_p3      |    select|   0|  0|  32|           1|          32|
    |select_ln45_5_fu_22600_p3      |    select|   0|  0|  32|           1|          32|
    |select_ln45_6_fu_22607_p3      |    select|   0|  0|  32|           1|          32|
    |select_ln45_7_fu_22614_p3      |    select|   0|  0|  32|           1|          32|
    |select_ln45_8_fu_22621_p3      |    select|   0|  0|  32|           1|          32|
    |select_ln45_9_fu_22628_p3      |    select|   0|  0|  32|           1|          32|
    |select_ln45_fu_22565_p3        |    select|   0|  0|  32|           1|          32|
    |select_ln46_10_fu_23016_p3     |    select|   0|  0|  32|           1|          32|
    |select_ln46_11_fu_23024_p3     |    select|   0|  0|  32|           1|          32|
    |select_ln46_1_fu_23099_p3      |    select|   0|  0|  32|           1|          32|
    |select_ln46_2_fu_23076_p3      |    select|   0|  0|  32|           1|          32|
    |select_ln46_3_fu_23084_p3      |    select|   0|  0|  32|           1|          32|
    |select_ln46_4_fu_23061_p3      |    select|   0|  0|  32|           1|          32|
    |select_ln46_5_fu_23069_p3      |    select|   0|  0|  32|           1|          32|
    |select_ln46_6_fu_23046_p3      |    select|   0|  0|  32|           1|          32|
    |select_ln46_7_fu_23054_p3      |    select|   0|  0|  32|           1|          32|
    |select_ln46_8_fu_23031_p3      |    select|   0|  0|  32|           1|          32|
    |select_ln46_9_fu_23039_p3      |    select|   0|  0|  32|           1|          32|
    |select_ln46_fu_23091_p3        |    select|   0|  0|  32|           1|          32|
    |ap_enable_pp0                  |       xor|   0|  0|   2|           1|           2|
    |xor_ln17_fu_18656_p2           |       xor|   0|  0|  33|          32|          33|
    +-------------------------------+----------+----+---+----+------------+------------+
    |Total                          |          |   0|  0|4069|         290|        3853|
    +-------------------------------+----------+----+---+----+------------+------------+

    * Multiplexer: 
    +---------------------------------------------------------------------------+-----+-----------+-----+-----------+
    |                                    Name                                   | LUT | Input Size| Bits| Total Bits|
    +---------------------------------------------------------------------------+-----+-----------+-----+-----------+
    |ap_NS_fsm                                                                  |  269|         63|    1|         63|
    |ap_done_int                                                                |    9|          2|    1|          2|
    |ap_enable_reg_pp0_iter0                                                    |    9|          2|    1|          2|
    |ap_enable_reg_pp0_iter0_reg                                                |    9|          2|    1|          2|
    |ap_enable_reg_pp0_iter1                                                    |    9|          2|    1|          2|
    |ap_phi_mux_mux_case_010229705801625666146921744277958424_phi_fu_14279_p48  |   14|          3|   32|         96|
    |ap_phi_mux_mux_case_010730225793626466066929743478038416_phi_fu_14587_p48  |   14|          3|   32|         96|
    |ap_phi_mux_mux_case_011130745785627265986937742678118408_phi_fu_14895_p48  |   14|          3|   32|         96|
    |ap_phi_mux_mux_case_01203170633465366999736478738346_phi_fu_17282_p48      |   14|          3|   32|         96|
    |ap_phi_mux_mux_case_01253222632665446991737278658354_phi_fu_16974_p48      |   14|          3|   32|         96|
    |ap_phi_mux_mux_case_01303274631865526983738078578362_phi_fu_16666_p48      |   14|          3|   32|         96|
    |ap_phi_mux_mux_case_01353326631065606975738878498370_phi_fu_16358_p48      |   14|          3|   32|         96|
    |ap_phi_mux_mux_case_01403378630265686967739678418378_phi_fu_16050_p48      |   14|          3|   32|         96|
    |ap_phi_mux_mux_case_017034305777628065906945741878198400_phi_fu_15203_p48  |   14|          3|   32|         96|
    |ap_phi_mux_mux_case_01993474629465766959740478338386_phi_fu_15742_p48      |   14|          3|   32|         96|
    |ap_phi_mux_mux_case_09228665817624066306905745877798440_phi_fu_13663_p48   |   14|          3|   32|         96|
    |ap_phi_mux_mux_case_09729185809624866226913745077878432_phi_fu_13971_p48   |   14|          3|   32|         96|
    |ap_phi_mux_mux_case_110329835799625866126923744077978422_phi_fu_14356_p48  |   14|          3|   32|         96|
    |ap_phi_mux_mux_case_110502234_phi_fu_8172_p36                              |   14|          3|   32|         96|
    |ap_phi_mux_mux_case_11060_phi_fu_3512_p48                                  |   14|          3|   32|         96|
    |ap_phi_mux_mux_case_11065_phi_fu_3281_p48                                  |   14|          3|   32|         96|
    |ap_phi_mux_mux_case_11070_phi_fu_3050_p48                                  |   14|          3|   32|         96|
    |ap_phi_mux_mux_case_11075_phi_fu_2819_p48                                  |   14|          3|   32|         96|
    |ap_phi_mux_mux_case_11080_phi_fu_2588_p48                                  |   14|          3|   32|         96|
    |ap_phi_mux_mux_case_110830355791626666046931743278058414_phi_fu_14664_p48  |   14|          3|   32|         96|
    |ap_phi_mux_mux_case_11085_phi_fu_2380_p48                                  |   14|          3|   32|         96|
    |ap_phi_mux_mux_case_111230875783627465966939742478138406_phi_fu_14972_p48  |   14|          3|   32|         96|
    |ap_phi_mux_mux_case_11213183633265386997736678718348_phi_fu_17205_p48      |   14|          3|   32|         96|
    |ap_phi_mux_mux_case_11263235632465466989737478638356_phi_fu_16897_p48      |   14|          3|   32|         96|
    |ap_phi_mux_mux_case_11313287631665546981738278558364_phi_fu_16589_p48      |   14|          3|   32|         96|
    |ap_phi_mux_mux_case_11363339630865626973739078478372_phi_fu_16281_p48      |   14|          3|   32|         96|
    |ap_phi_mux_mux_case_11413391630065706965739878398380_phi_fu_15973_p48      |   14|          3|   32|         96|
    |ap_phi_mux_mux_case_11509_phi_fu_6056_p48                                  |   14|          3|   32|         96|
    |ap_phi_mux_mux_case_11514_phi_fu_5825_p48                                  |   14|          3|   32|         96|
    |ap_phi_mux_mux_case_11519_phi_fu_5594_p48                                  |   14|          3|   32|         96|
    |ap_phi_mux_mux_case_11524_phi_fu_5363_p48                                  |   14|          3|   32|         96|
    |ap_phi_mux_mux_case_11529_phi_fu_5132_p48                                  |   14|          3|   32|         96|
    |ap_phi_mux_mux_case_11534_phi_fu_4924_p48                                  |   14|          3|   32|         96|
    |ap_phi_mux_mux_case_117134415775628265886947741678218398_phi_fu_15280_p48  |   14|          3|   32|         96|
    |ap_phi_mux_mux_case_12003485629265786957740678318388_phi_fu_15665_p48      |   14|          3|   32|         96|
    |ap_phi_mux_mux_case_18352016_phi_fu_9047_p36                               |   14|          3|   32|         96|
    |ap_phi_mux_mux_case_18402036_phi_fu_8872_p36                               |   14|          3|   32|         96|
    |ap_phi_mux_mux_case_18452056_phi_fu_8697_p36                               |   14|          3|   32|         96|
    |ap_phi_mux_mux_case_18502076_phi_fu_8522_p36                               |   14|          3|   32|         96|
    |ap_phi_mux_mux_case_18552096_phi_fu_8347_p36                               |   14|          3|   32|         96|
    |ap_phi_mux_mux_case_19328795815624266286907745677818438_phi_fu_13740_p48   |   14|          3|   32|         96|
    |ap_phi_mux_mux_case_19829315807625066206915744877898430_phi_fu_14048_p48   |   14|          3|   32|         96|
    |ap_phi_mux_mux_case_21021_phi_fu_11845_p38                                 |    9|          2|   32|         64|
    |ap_phi_mux_mux_case_21026_phi_fu_11719_p38                                 |    9|          2|   32|         64|
    |ap_phi_mux_mux_case_21031_phi_fu_11593_p38                                 |    9|          2|   32|         64|
    |ap_phi_mux_mux_case_21036_phi_fu_11467_p38                                 |    9|          2|   32|         64|
    |ap_phi_mux_mux_case_21041_phi_fu_11341_p38                                 |    9|          2|   32|         64|
    |ap_phi_mux_mux_case_210429965797626066106925743877998420_phi_fu_14433_p48  |   14|          3|   32|         96|
    |ap_phi_mux_mux_case_21046_phi_fu_11215_p38                                 |    9|          2|   32|         64|
    |ap_phi_mux_mux_case_210512237_phi_fu_8114_p36                              |   14|          3|   32|         96|
    |ap_phi_mux_mux_case_21051_phi_fu_10343_p38                                 |    9|          2|   32|         64|
    |ap_phi_mux_mux_case_21061_phi_fu_3435_p48                                  |   14|          3|   32|         96|
    |ap_phi_mux_mux_case_21066_phi_fu_3204_p48                                  |   14|          3|   32|         96|
    |ap_phi_mux_mux_case_21071_phi_fu_2973_p48                                  |   14|          3|   32|         96|
    |ap_phi_mux_mux_case_21076_phi_fu_2742_p48                                  |   14|          3|   32|         96|
    |ap_phi_mux_mux_case_21081_phi_fu_2511_p48                                  |   14|          3|   32|         96|
    |ap_phi_mux_mux_case_21086_phi_fu_2326_p48                                  |   14|          3|   32|         96|
    |ap_phi_mux_mux_case_210930485789626866026933743078078412_phi_fu_14741_p48  |   14|          3|   32|         96|
    |ap_phi_mux_mux_case_211331005781627665946941742278158404_phi_fu_15049_p48  |   14|          3|   32|         96|
    |ap_phi_mux_mux_case_21223196633065406995736878698350_phi_fu_17128_p48      |   14|          3|   32|         96|
    |ap_phi_mux_mux_case_21273248632265486987737678618358_phi_fu_16820_p48      |   14|          3|   32|         96|
    |ap_phi_mux_mux_case_21323300631465566979738478538366_phi_fu_16512_p48      |   14|          3|   32|         96|
    |ap_phi_mux_mux_case_21356_phi_fu_11089_p38                                 |    9|          2|   32|         64|
    |ap_phi_mux_mux_case_21361_phi_fu_10964_p38                                 |   14|          3|   32|         96|
    |ap_phi_mux_mux_case_21366_phi_fu_10840_p38                                 |   14|          3|   32|         96|
    |ap_phi_mux_mux_case_21371_phi_fu_10716_p38                                 |   14|          3|   32|         96|
    |ap_phi_mux_mux_case_21373352630665646971739278458374_phi_fu_16204_p48      |   14|          3|   32|         96|
    |ap_phi_mux_mux_case_21376_phi_fu_10592_p38                                 |   14|          3|   32|         96|
    |ap_phi_mux_mux_case_21381_phi_fu_10468_p38                                 |   14|          3|   32|         96|
    |ap_phi_mux_mux_case_21386_phi_fu_10218_p38                                 |   14|          3|   32|         96|
    |ap_phi_mux_mux_case_21423404629865726963740078378382_phi_fu_15896_p48      |   14|          3|   32|         96|
    |ap_phi_mux_mux_case_21510_phi_fu_5979_p48                                  |   14|          3|   32|         96|
    |ap_phi_mux_mux_case_21515_phi_fu_5748_p48                                  |   14|          3|   32|         96|
    |ap_phi_mux_mux_case_21520_phi_fu_5517_p48                                  |   14|          3|   32|         96|
    |ap_phi_mux_mux_case_21525_phi_fu_5286_p48                                  |   14|          3|   32|         96|
    |ap_phi_mux_mux_case_21530_phi_fu_5055_p48                                  |   14|          3|   32|         96|
    |ap_phi_mux_mux_case_21535_phi_fu_4870_p48                                  |   14|          3|   32|         96|
    |ap_phi_mux_mux_case_217234525773628465866949741478238396_phi_fu_15357_p48  |   14|          3|   32|         96|
    |ap_phi_mux_mux_case_22013496629065806955740878298390_phi_fu_15588_p48      |   14|          3|   32|         96|
    |ap_phi_mux_mux_case_28362021_phi_fu_8989_p36                               |   14|          3|   32|         96|
    |ap_phi_mux_mux_case_28412041_phi_fu_8814_p36                               |   14|          3|   32|         96|
    |ap_phi_mux_mux_case_28462061_phi_fu_8639_p36                               |   14|          3|   32|         96|
    |ap_phi_mux_mux_case_28512081_phi_fu_8464_p36                               |   14|          3|   32|         96|
    |ap_phi_mux_mux_case_28562101_phi_fu_8289_p36                               |   14|          3|   32|         96|
    |ap_phi_mux_mux_case_29428925813624466266909745477838436_phi_fu_13817_p48   |   14|          3|   32|         96|
    |ap_phi_mux_mux_case_29929445805625266186917744677918428_phi_fu_14125_p48   |   14|          3|   32|         96|
    |ap_phi_mux_mux_case_310029575803625466166919744477938426_phi_fu_14202_p48  |   14|          3|   32|         96|
    |ap_phi_mux_mux_case_31002_phi_fu_12997_p14                                 |    9|          2|   32|         64|
    |ap_phi_mux_mux_case_31007_phi_fu_12976_p14                                 |    9|          2|   32|         64|
    |ap_phi_mux_mux_case_31012_phi_fu_12955_p14                                 |    9|          2|   32|         64|
    |ap_phi_mux_mux_case_31017_phi_fu_12808_p14                                 |    9|          2|   32|         64|
    |ap_phi_mux_mux_case_31022_phi_fu_11782_p38                                 |    9|          2|   32|         64|
    |ap_phi_mux_mux_case_31027_phi_fu_11656_p38                                 |    9|          2|   32|         64|
    |ap_phi_mux_mux_case_31032_phi_fu_11530_p38                                 |    9|          2|   32|         64|
    |ap_phi_mux_mux_case_31037_phi_fu_11404_p38                                 |    9|          2|   32|         64|
    |ap_phi_mux_mux_case_31042_phi_fu_11278_p38                                 |    9|          2|   32|         64|
    |ap_phi_mux_mux_case_31047_phi_fu_11152_p38                                 |    9|          2|   32|         64|
    |ap_phi_mux_mux_case_310522240_phi_fu_8056_p36                              |   14|          3|   32|         96|
    |ap_phi_mux_mux_case_31052_phi_fu_10280_p38                                 |    9|          2|   32|         64|
    |ap_phi_mux_mux_case_310530095795626266086927743678018418_phi_fu_14510_p48  |   14|          3|   32|         96|
    |ap_phi_mux_mux_case_31062_phi_fu_3358_p48                                  |   14|          3|   32|         96|
    |ap_phi_mux_mux_case_31067_phi_fu_3127_p48                                  |   14|          3|   32|         96|
    |ap_phi_mux_mux_case_31072_phi_fu_2896_p48                                  |   14|          3|   32|         96|
    |ap_phi_mux_mux_case_31077_phi_fu_2665_p48                                  |   14|          3|   32|         96|
    |ap_phi_mux_mux_case_31082_phi_fu_2434_p48                                  |   14|          3|   32|         96|
    |ap_phi_mux_mux_case_31087_phi_fu_2272_p48                                  |   14|          3|   32|         96|
    |ap_phi_mux_mux_case_311030615787627066006935742878098410_phi_fu_14818_p48  |   14|          3|   32|         96|
    |ap_phi_mux_mux_case_311431135779627865926943742078178402_phi_fu_15126_p48  |   14|          3|   32|         96|
    |ap_phi_mux_mux_case_31183159_phi_fu_13378_p14                              |    9|          2|   32|         64|
    |ap_phi_mux_mux_case_31208_phi_fu_12934_p14                                 |    9|          2|   32|         64|
    |ap_phi_mux_mux_case_31213_phi_fu_12913_p14                                 |   14|          3|   32|         96|
    |ap_phi_mux_mux_case_31218_phi_fu_12892_p14                                 |   14|          3|   32|         96|
    |ap_phi_mux_mux_case_31223_phi_fu_12871_p14                                 |   14|          3|   32|         96|
    |ap_phi_mux_mux_case_31228_phi_fu_12850_p14                                 |   14|          3|   32|         96|
    |ap_phi_mux_mux_case_31233209632865426993737078678352_phi_fu_17051_p48      |   14|          3|   32|         96|
    |ap_phi_mux_mux_case_31233_phi_fu_12829_p14                                 |   14|          3|   32|         96|
    |ap_phi_mux_mux_case_31238_phi_fu_12782_p14                                 |   14|          3|   32|         96|
    |ap_phi_mux_mux_case_31283261632065506985737878598360_phi_fu_16743_p48      |   14|          3|   32|         96|
    |ap_phi_mux_mux_case_31333313631265586977738678518368_phi_fu_16435_p48      |   14|          3|   32|         96|
    |ap_phi_mux_mux_case_31357_phi_fu_11026_p38                                 |    9|          2|   32|         64|
    |ap_phi_mux_mux_case_31362_phi_fu_10902_p38                                 |   14|          3|   32|         96|
    |ap_phi_mux_mux_case_31367_phi_fu_10778_p38                                 |   14|          3|   32|         96|
    |ap_phi_mux_mux_case_31372_phi_fu_10654_p38                                 |   14|          3|   32|         96|
    |ap_phi_mux_mux_case_31377_phi_fu_10530_p38                                 |   14|          3|   32|         96|
    |ap_phi_mux_mux_case_31382_phi_fu_10406_p38                                 |   14|          3|   32|         96|
    |ap_phi_mux_mux_case_31383365630465666969739478438376_phi_fu_16127_p48      |   14|          3|   32|         96|
    |ap_phi_mux_mux_case_31387_phi_fu_10156_p38                                 |   14|          3|   32|         96|
    |ap_phi_mux_mux_case_31433417629665746961740278358384_phi_fu_15819_p48      |   14|          3|   32|         96|
    |ap_phi_mux_mux_case_31511_phi_fu_5902_p48                                  |   14|          3|   32|         96|
    |ap_phi_mux_mux_case_31516_phi_fu_5671_p48                                  |   14|          3|   32|         96|
    |ap_phi_mux_mux_case_31521_phi_fu_5440_p48                                  |   14|          3|   32|         96|
    |ap_phi_mux_mux_case_31526_phi_fu_5209_p48                                  |   14|          3|   32|         96|
    |ap_phi_mux_mux_case_31531_phi_fu_4978_p48                                  |   14|          3|   32|         96|
    |ap_phi_mux_mux_case_31536_phi_fu_4816_p48                                  |   14|          3|   32|         96|
    |ap_phi_mux_mux_case_317334635771628665846951741278258394_phi_fu_15434_p48  |   14|          3|   32|         96|
    |ap_phi_mux_mux_case_32023507628865826953741078278392_phi_fu_15511_p48      |   14|          3|   32|         96|
    |ap_phi_mux_mux_case_32855_phi_fu_13398_p14                                 |    9|          2|   32|         64|
    |ap_phi_mux_mux_case_38372026_phi_fu_8931_p36                               |   14|          3|   32|         96|
    |ap_phi_mux_mux_case_38422046_phi_fu_8756_p36                               |   14|          3|   32|         96|
    |ap_phi_mux_mux_case_38472066_phi_fu_8581_p36                               |   14|          3|   32|         96|
    |ap_phi_mux_mux_case_38522086_phi_fu_8406_p36                               |   14|          3|   32|         96|
    |ap_phi_mux_mux_case_38572106_phi_fu_8231_p36                               |   14|          3|   32|         96|
    |ap_phi_mux_mux_case_39529055811624666246911745277858434_phi_fu_13894_p48   |   14|          3|   32|         96|
    |ap_phi_mux_mux_case_3987_phi_fu_13060_p14                                  |    9|          2|   32|         64|
    |ap_phi_mux_mux_case_3992_phi_fu_13039_p14                                  |    9|          2|   32|         64|
    |ap_phi_mux_mux_case_3997_phi_fu_13018_p14                                  |    9|          2|   32|         64|
    |ap_phi_reg_pp0_iter0_c_reg_1030                                            |    9|          2|   32|         64|
    |ap_phi_reg_pp0_iter0_mux_case_01059_reg_6492                               |    9|          2|   32|         64|
    |ap_phi_reg_pp0_iter0_mux_case_01064_reg_6415                               |    9|          2|   32|         64|
    |ap_phi_reg_pp0_iter0_mux_case_01069_reg_6338                               |    9|          2|   32|         64|
    |ap_phi_reg_pp0_iter0_mux_case_01074_reg_6261                               |    9|          2|   32|         64|
    |ap_phi_reg_pp0_iter0_mux_case_01079_reg_6184                               |    9|          2|   32|         64|
    |ap_phi_reg_pp0_iter0_mux_case_01084_reg_6130                               |    9|          2|   32|         64|
    |ap_phi_reg_pp0_iter0_mux_case_01508_reg_6931                               |    9|          2|   32|         64|
    |ap_phi_reg_pp0_iter0_mux_case_01513_reg_6854                               |    9|          2|   32|         64|
    |ap_phi_reg_pp0_iter0_mux_case_01518_reg_6777                               |    9|          2|   32|         64|
    |ap_phi_reg_pp0_iter0_mux_case_01523_reg_6700                               |    9|          2|   32|         64|
    |ap_phi_reg_pp0_iter0_mux_case_01528_reg_6623                               |    9|          2|   32|         64|
    |ap_phi_reg_pp0_iter0_mux_case_01533_reg_6569                               |    9|          2|   32|         64|
    |ap_phi_reg_pp0_iter0_mux_case_08941800_reg_2053                            |    9|          2|   32|         64|
    |ap_phi_reg_pp0_iter0_mux_case_08991816_reg_1840                            |    9|          2|   32|         64|
    |ap_phi_reg_pp0_iter0_mux_case_09041832_reg_1627                            |    9|          2|   32|         64|
    |ap_phi_reg_pp0_iter0_mux_case_09091848_reg_1414                            |    9|          2|   32|         64|
    |ap_phi_reg_pp0_iter0_mux_case_09141864_reg_1201                            |    9|          2|   32|         64|
    |ap_phi_reg_pp0_iter0_mux_case_09241896_reg_4597                            |    9|          2|   32|         64|
    |ap_phi_reg_pp0_iter0_mux_case_09291912_reg_4384                            |    9|          2|   32|         64|
    |ap_phi_reg_pp0_iter0_mux_case_09341928_reg_4171                            |    9|          2|   32|         64|
    |ap_phi_reg_pp0_iter0_mux_case_09391944_reg_3958                            |    9|          2|   32|         64|
    |ap_phi_reg_pp0_iter0_mux_case_09441960_reg_3745                            |    9|          2|   32|         64|
    |ap_phi_reg_pp0_iter0_mux_case_11020_reg_12717                              |    9|          2|   32|         64|
    |ap_phi_reg_pp0_iter0_mux_case_11025_reg_12654                              |    9|          2|   32|         64|
    |ap_phi_reg_pp0_iter0_mux_case_11030_reg_12591                              |    9|          2|   32|         64|
    |ap_phi_reg_pp0_iter0_mux_case_11035_reg_12528                              |    9|          2|   32|         64|
    |ap_phi_reg_pp0_iter0_mux_case_11040_reg_12465                              |    9|          2|   32|         64|
    |ap_phi_reg_pp0_iter0_mux_case_11045_reg_12402                              |    9|          2|   32|         64|
    |ap_phi_reg_pp0_iter0_mux_case_11050_reg_11967                              |    9|          2|   32|         64|
    |ap_phi_reg_pp0_iter0_mux_case_11355_reg_12340                              |    9|          2|   32|         64|
    |ap_phi_reg_pp0_iter0_mux_case_11360_reg_12278                              |   14|          3|   32|         96|
    |ap_phi_reg_pp0_iter0_mux_case_11365_reg_12216                              |   14|          3|   32|         96|
    |ap_phi_reg_pp0_iter0_mux_case_11370_reg_12154                              |   14|          3|   32|         96|
    |ap_phi_reg_pp0_iter0_mux_case_11375_reg_12092                              |   14|          3|   32|         96|
    |ap_phi_reg_pp0_iter0_mux_case_11380_reg_12030                              |   14|          3|   32|         96|
    |ap_phi_reg_pp0_iter0_mux_case_11385_reg_11905                              |   14|          3|   32|         96|
    |ap_phi_reg_pp0_iter0_mux_case_18301998_reg_7994                            |    9|          2|   32|         64|
    |ap_phi_reg_pp0_iter0_mux_case_18352018_reg_7820                            |    9|          2|   32|         64|
    |ap_phi_reg_pp0_iter0_mux_case_18402038_reg_7646                            |    9|          2|   32|         64|
    |ap_phi_reg_pp0_iter0_mux_case_18452058_reg_7472                            |    9|          2|   32|         64|
    |ap_phi_reg_pp0_iter0_mux_case_18502078_reg_7298                            |    9|          2|   32|         64|
    |ap_phi_reg_pp0_iter0_mux_case_18552098_reg_7124                            |    9|          2|   32|         64|
    |ap_phi_reg_pp0_iter0_mux_case_18602118_reg_10094                           |    9|          2|   32|         64|
    |ap_phi_reg_pp0_iter0_mux_case_18652138_reg_9919                            |    9|          2|   32|         64|
    |ap_phi_reg_pp0_iter0_mux_case_18702158_reg_9744                            |    9|          2|   32|         64|
    |ap_phi_reg_pp0_iter0_mux_case_18752178_reg_9569                            |    9|          2|   32|         64|
    |ap_phi_reg_pp0_iter0_mux_case_18802198_reg_9394                            |    9|          2|   32|         64|
    |ap_phi_reg_pp0_iter0_mux_case_18852218_reg_9219                            |    9|          2|   32|         64|
    |ap_phi_reg_pp0_iter0_mux_case_18901788_reg_2215                            |    9|          2|   32|         64|
    |ap_phi_reg_pp0_iter0_mux_case_18951804_reg_2000                            |    9|          2|   32|         64|
    |ap_phi_reg_pp0_iter0_mux_case_19001820_reg_1787                            |    9|          2|   32|         64|
    |ap_phi_reg_pp0_iter0_mux_case_19051836_reg_1574                            |    9|          2|   32|         64|
    |ap_phi_reg_pp0_iter0_mux_case_19101852_reg_1361                            |    9|          2|   32|         64|
    |ap_phi_reg_pp0_iter0_mux_case_19151868_reg_1148                            |    9|          2|   32|         64|
    |ap_phi_reg_pp0_iter0_mux_case_19201884_reg_4759                            |    9|          2|   32|         64|
    |ap_phi_reg_pp0_iter0_mux_case_19251900_reg_4544                            |    9|          2|   32|         64|
    |ap_phi_reg_pp0_iter0_mux_case_19301916_reg_4331                            |    9|          2|   32|         64|
    |ap_phi_reg_pp0_iter0_mux_case_19351932_reg_4118                            |    9|          2|   32|         64|
    |ap_phi_reg_pp0_iter0_mux_case_19401948_reg_3905                            |    9|          2|   32|         64|
    |ap_phi_reg_pp0_iter0_mux_case_19451964_reg_3692                            |    9|          2|   32|         64|
    |ap_phi_reg_pp0_iter0_mux_case_21001_reg_13292                              |    9|          2|   32|         64|
    |ap_phi_reg_pp0_iter0_mux_case_21006_reg_13271                              |    9|          2|   32|         64|
    |ap_phi_reg_pp0_iter0_mux_case_21011_reg_13250                              |    9|          2|   32|         64|
    |ap_phi_reg_pp0_iter0_mux_case_21016_reg_13104                              |    9|          2|   32|         64|
    |ap_phi_reg_pp0_iter0_mux_case_21207_reg_13230                              |    9|          2|   32|         64|
    |ap_phi_reg_pp0_iter0_mux_case_21212_reg_13209                              |   14|          3|   32|         96|
    |ap_phi_reg_pp0_iter0_mux_case_21217_reg_13188                              |   14|          3|   32|         96|
    |ap_phi_reg_pp0_iter0_mux_case_21222_reg_13167                              |   14|          3|   32|         96|
    |ap_phi_reg_pp0_iter0_mux_case_21227_reg_13146                              |   14|          3|   32|         96|
    |ap_phi_reg_pp0_iter0_mux_case_21232_reg_13125                              |   14|          3|   32|         96|
    |ap_phi_reg_pp0_iter0_mux_case_21237_reg_13078                              |   14|          3|   32|         96|
    |ap_phi_reg_pp0_iter0_mux_case_28312003_reg_7936                            |    9|          2|   32|         64|
    |ap_phi_reg_pp0_iter0_mux_case_28362023_reg_7762                            |    9|          2|   32|         64|
    |ap_phi_reg_pp0_iter0_mux_case_28412043_reg_7588                            |    9|          2|   32|         64|
    |ap_phi_reg_pp0_iter0_mux_case_28462063_reg_7414                            |    9|          2|   32|         64|
    |ap_phi_reg_pp0_iter0_mux_case_28512083_reg_7240                            |    9|          2|   32|         64|
    |ap_phi_reg_pp0_iter0_mux_case_28562103_reg_7066                            |    9|          2|   32|         64|
    |ap_phi_reg_pp0_iter0_mux_case_28612123_reg_10036                           |    9|          2|   32|         64|
    |ap_phi_reg_pp0_iter0_mux_case_28662143_reg_9861                            |    9|          2|   32|         64|
    |ap_phi_reg_pp0_iter0_mux_case_28712163_reg_9686                            |    9|          2|   32|         64|
    |ap_phi_reg_pp0_iter0_mux_case_28762183_reg_9511                            |    9|          2|   32|         64|
    |ap_phi_reg_pp0_iter0_mux_case_28812203_reg_9336                            |    9|          2|   32|         64|
    |ap_phi_reg_pp0_iter0_mux_case_28862223_reg_9161                            |    9|          2|   32|         64|
    |ap_phi_reg_pp0_iter0_mux_case_28911792_reg_2161                            |    9|          2|   32|         64|
    |ap_phi_reg_pp0_iter0_mux_case_28961808_reg_1947                            |    9|          2|   32|         64|
    |ap_phi_reg_pp0_iter0_mux_case_29011824_reg_1734                            |    9|          2|   32|         64|
    |ap_phi_reg_pp0_iter0_mux_case_29061840_reg_1521                            |    9|          2|   32|         64|
    |ap_phi_reg_pp0_iter0_mux_case_29111856_reg_1308                            |    9|          2|   32|         64|
    |ap_phi_reg_pp0_iter0_mux_case_29161872_reg_1095                            |    9|          2|   32|         64|
    |ap_phi_reg_pp0_iter0_mux_case_29211888_reg_4705                            |    9|          2|   32|         64|
    |ap_phi_reg_pp0_iter0_mux_case_29261904_reg_4491                            |    9|          2|   32|         64|
    |ap_phi_reg_pp0_iter0_mux_case_29311920_reg_4278                            |    9|          2|   32|         64|
    |ap_phi_reg_pp0_iter0_mux_case_29361936_reg_4065                            |    9|          2|   32|         64|
    |ap_phi_reg_pp0_iter0_mux_case_29411952_reg_3852                            |    9|          2|   32|         64|
    |ap_phi_reg_pp0_iter0_mux_case_29461968_reg_3639                            |    9|          2|   32|         64|
    |ap_phi_reg_pp0_iter0_mux_case_2986_reg_13355                               |    9|          2|   32|         64|
    |ap_phi_reg_pp0_iter0_mux_case_2991_reg_13334                               |    9|          2|   32|         64|
    |ap_phi_reg_pp0_iter0_mux_case_2996_reg_13313                               |    9|          2|   32|         64|
    |ap_phi_reg_pp0_iter0_mux_case_38322008_reg_7878                            |    9|          2|   32|         64|
    |ap_phi_reg_pp0_iter0_mux_case_38372028_reg_7704                            |    9|          2|   32|         64|
    |ap_phi_reg_pp0_iter0_mux_case_38422048_reg_7530                            |    9|          2|   32|         64|
    |ap_phi_reg_pp0_iter0_mux_case_38472068_reg_7356                            |    9|          2|   32|         64|
    |ap_phi_reg_pp0_iter0_mux_case_38522088_reg_7182                            |    9|          2|   32|         64|
    |ap_phi_reg_pp0_iter0_mux_case_38572108_reg_7008                            |    9|          2|   32|         64|
    |ap_phi_reg_pp0_iter0_mux_case_38622128_reg_9978                            |    9|          2|   32|         64|
    |ap_phi_reg_pp0_iter0_mux_case_38672148_reg_9803                            |    9|          2|   32|         64|
    |ap_phi_reg_pp0_iter0_mux_case_38722168_reg_9628                            |    9|          2|   32|         64|
    |ap_phi_reg_pp0_iter0_mux_case_38772188_reg_9453                            |    9|          2|   32|         64|
    |ap_phi_reg_pp0_iter0_mux_case_38822208_reg_9278                            |    9|          2|   32|         64|
    |ap_phi_reg_pp0_iter0_mux_case_38872228_reg_9103                            |    9|          2|   32|         64|
    |ap_phi_reg_pp0_iter0_mux_case_38921796_reg_2107                            |    9|          2|   32|         64|
    |ap_phi_reg_pp0_iter0_mux_case_38971812_reg_1894                            |    9|          2|   32|         64|
    |ap_phi_reg_pp0_iter0_mux_case_39021828_reg_1681                            |    9|          2|   32|         64|
    |ap_phi_reg_pp0_iter0_mux_case_39071844_reg_1468                            |    9|          2|   32|         64|
    |ap_phi_reg_pp0_iter0_mux_case_39121860_reg_1255                            |    9|          2|   32|         64|
    |ap_phi_reg_pp0_iter0_mux_case_39171876_reg_1042                            |    9|          2|   32|         64|
    |ap_phi_reg_pp0_iter0_mux_case_39221892_reg_4651                            |    9|          2|   32|         64|
    |ap_phi_reg_pp0_iter0_mux_case_39271908_reg_4438                            |    9|          2|   32|         64|
    |ap_phi_reg_pp0_iter0_mux_case_39321924_reg_4225                            |    9|          2|   32|         64|
    |ap_phi_reg_pp0_iter0_mux_case_39371940_reg_4012                            |    9|          2|   32|         64|
    |ap_phi_reg_pp0_iter0_mux_case_39421956_reg_3799                            |    9|          2|   32|         64|
    |ap_phi_reg_pp0_iter0_mux_case_39471972_reg_3586                            |    9|          2|   32|         64|
    |ap_phi_reg_pp0_iter0_s_reg_1018                                            |    9|          2|   32|         64|
    |ap_phi_reg_pp0_iter1_mux_case_31002959_reg_13620                           |    9|          2|   32|         64|
    |ap_phi_reg_pp0_iter1_mux_case_31053011_reg_13600                           |    9|          2|   32|         64|
    |ap_phi_reg_pp0_iter1_mux_case_31103063_reg_13580                           |    9|          2|   32|         64|
    |ap_phi_reg_pp0_iter1_mux_case_31143115_reg_13560                           |    9|          2|   32|         64|
    |ap_phi_reg_pp0_iter1_mux_case_31233211_reg_13540                           |   14|          3|   32|         96|
    |ap_phi_reg_pp0_iter1_mux_case_31283263_reg_13520                           |   14|          3|   32|         96|
    |ap_phi_reg_pp0_iter1_mux_case_31333315_reg_13500                           |   14|          3|   32|         96|
    |ap_phi_reg_pp0_iter1_mux_case_31383367_reg_13480                           |   14|          3|   32|         96|
    |ap_phi_reg_pp0_iter1_mux_case_31433419_reg_13460                           |   14|          3|   32|         96|
    |ap_phi_reg_pp0_iter1_mux_case_31733465_reg_13440                           |    9|          2|   32|         64|
    |ap_phi_reg_pp0_iter1_mux_case_32023509_reg_13415                           |   14|          3|   32|         96|
    |ap_phi_reg_pp0_iter1_mux_case_3952907_reg_13640                            |    9|          2|   32|         64|
    |ap_sig_allocacmp_mux_case_0102_load                                        |    9|          2|   32|         64|
    |ap_sig_allocacmp_mux_case_0107_load                                        |    9|          2|   32|         64|
    |ap_sig_allocacmp_mux_case_0111_load                                        |    9|          2|   32|         64|
    |ap_sig_allocacmp_mux_case_0120_load                                        |    9|          2|   32|         64|
    |ap_sig_allocacmp_mux_case_0125_load                                        |    9|          2|   32|         64|
    |ap_sig_allocacmp_mux_case_0130_load                                        |    9|          2|   32|         64|
    |ap_sig_allocacmp_mux_case_0135_load                                        |    9|          2|   32|         64|
    |ap_sig_allocacmp_mux_case_0140_load                                        |    9|          2|   32|         64|
    |ap_sig_allocacmp_mux_case_0170_load                                        |    9|          2|   32|         64|
    |ap_sig_allocacmp_mux_case_0199_load                                        |    9|          2|   32|         64|
    |ap_sig_allocacmp_mux_case_092_load                                         |    9|          2|   32|         64|
    |ap_sig_allocacmp_mux_case_097_load                                         |    9|          2|   32|         64|
    |ap_sig_allocacmp_mux_case_1103_load                                        |    9|          2|   32|         64|
    |ap_sig_allocacmp_mux_case_1108_load                                        |    9|          2|   32|         64|
    |ap_sig_allocacmp_mux_case_1112_load                                        |    9|          2|   32|         64|
    |ap_sig_allocacmp_mux_case_1121_load                                        |    9|          2|   32|         64|
    |ap_sig_allocacmp_mux_case_1126_load                                        |    9|          2|   32|         64|
    |ap_sig_allocacmp_mux_case_1131_load                                        |    9|          2|   32|         64|
    |ap_sig_allocacmp_mux_case_1136_load                                        |    9|          2|   32|         64|
    |ap_sig_allocacmp_mux_case_1141_load                                        |    9|          2|   32|         64|
    |ap_sig_allocacmp_mux_case_1171_load                                        |    9|          2|   32|         64|
    |ap_sig_allocacmp_mux_case_1200_load                                        |    9|          2|   32|         64|
    |ap_sig_allocacmp_mux_case_193_load                                         |    9|          2|   32|         64|
    |ap_sig_allocacmp_mux_case_198_load                                         |    9|          2|   32|         64|
    |ap_sig_allocacmp_mux_case_2104_load                                        |    9|          2|   32|         64|
    |ap_sig_allocacmp_mux_case_2109_load                                        |    9|          2|   32|         64|
    |ap_sig_allocacmp_mux_case_2113_load                                        |    9|          2|   32|         64|
    |ap_sig_allocacmp_mux_case_2122_load                                        |    9|          2|   32|         64|
    |ap_sig_allocacmp_mux_case_2127_load                                        |    9|          2|   32|         64|
    |ap_sig_allocacmp_mux_case_2132_load                                        |    9|          2|   32|         64|
    |ap_sig_allocacmp_mux_case_2137_load                                        |    9|          2|   32|         64|
    |ap_sig_allocacmp_mux_case_2142_load                                        |    9|          2|   32|         64|
    |ap_sig_allocacmp_mux_case_2172_load                                        |    9|          2|   32|         64|
    |ap_sig_allocacmp_mux_case_2201_load                                        |    9|          2|   32|         64|
    |ap_sig_allocacmp_mux_case_294_load                                         |    9|          2|   32|         64|
    |ap_sig_allocacmp_mux_case_299_load                                         |    9|          2|   32|         64|
    |ap_sig_allocacmp_mux_case_3100_load                                        |    9|          2|   32|         64|
    |ap_sig_allocacmp_mux_case_3105_load                                        |    9|          2|   32|         64|
    |ap_sig_allocacmp_mux_case_3110_load                                        |    9|          2|   32|         64|
    |ap_sig_allocacmp_mux_case_3114_load                                        |    9|          2|   32|         64|
    |ap_sig_allocacmp_mux_case_3123_load                                        |    9|          2|   32|         64|
    |ap_sig_allocacmp_mux_case_3128_load                                        |    9|          2|   32|         64|
    |ap_sig_allocacmp_mux_case_3133_load                                        |    9|          2|   32|         64|
    |ap_sig_allocacmp_mux_case_3138_load                                        |    9|          2|   32|         64|
    |ap_sig_allocacmp_mux_case_3143_load                                        |    9|          2|   32|         64|
    |ap_sig_allocacmp_mux_case_3173_load                                        |    9|          2|   32|         64|
    |ap_sig_allocacmp_mux_case_3202_load                                        |    9|          2|   32|         64|
    |ap_sig_allocacmp_mux_case_395_load                                         |    9|          2|   32|         64|
    |grp_fu_17356_opcode                                                        |   14|          3|    2|          6|
    |grp_fu_17356_p0                                                            |   26|          5|   32|        160|
    |grp_fu_17356_p1                                                            |   26|          5|   32|        160|
    |grp_fu_17360_opcode                                                        |   14|          3|    2|          6|
    |grp_fu_17360_p0                                                            |   26|          5|   32|        160|
    |grp_fu_17360_p1                                                            |   26|          5|   32|        160|
    |grp_fu_17364_p0                                                            |   26|          5|   32|        160|
    |grp_fu_17364_p1                                                            |   26|          5|   32|        160|
    |grp_fu_17368_p0                                                            |   26|          5|   32|        160|
    |grp_fu_17368_p1                                                            |   26|          5|   32|        160|
    |grp_fu_17372_p0                                                            |   26|          5|   32|        160|
    |grp_fu_17372_p1                                                            |   54|         10|   32|        320|
    |grp_fu_17376_p0                                                            |   26|          5|   32|        160|
    |grp_fu_17376_p1                                                            |   59|         11|   32|        352|
    |grp_fu_17380_p0                                                            |   20|          4|   32|        128|
    |grp_fu_17380_p1                                                            |   54|         10|   32|        320|
    |grp_fu_17384_p0                                                            |   20|          4|   32|        128|
    |grp_fu_17384_p1                                                            |   49|          9|   32|        288|
    |grp_fu_17392_p0                                                            |   14|          3|   32|         96|
    |grp_fu_17392_p1                                                            |   49|          9|   32|        288|
    |grp_fu_17397_p0                                                            |   14|          3|   32|         96|
    |grp_fu_17397_p1                                                            |   49|          9|   32|        288|
    |grp_fu_17402_p0                                                            |   14|          3|   32|         96|
    |grp_fu_17402_p1                                                            |   49|          9|   32|        288|
    |grp_fu_17407_p0                                                            |   14|          3|   32|         96|
    |grp_fu_17407_p1                                                            |   49|          9|   32|        288|
    |i_fu_426                                                                   |    9|          2|    3|          6|
    |mux_case_0102_fu_474                                                       |    9|          2|   32|         64|
    |mux_case_0107_fu_490                                                       |    9|          2|   32|         64|
    |mux_case_0111_fu_506                                                       |    9|          2|   32|         64|
    |mux_case_0115_out_o                                                        |    9|          2|   32|         64|
    |mux_case_0120_fu_534                                                       |    9|          2|   32|         64|
    |mux_case_0125_fu_550                                                       |    9|          2|   32|         64|
    |mux_case_0130_fu_566                                                       |    9|          2|   32|         64|
    |mux_case_0135_fu_582                                                       |    9|          2|   32|         64|
    |mux_case_0140_fu_598                                                       |    9|          2|   32|         64|
    |mux_case_0170_fu_614                                                       |    9|          2|   32|         64|
    |mux_case_0199_fu_630                                                       |    9|          2|   32|         64|
    |mux_case_04303518_out_o                                                    |    9|          2|   32|         64|
    |mux_case_04353551_out_o                                                    |   14|          3|   32|         96|
    |mux_case_04403584_out_o                                                    |   14|          3|   32|         96|
    |mux_case_04453617_out_o                                                    |   14|          3|   32|         96|
    |mux_case_04503650_out_o                                                    |   14|          3|   32|         96|
    |mux_case_04553683_out_o                                                    |   14|          3|   32|         96|
    |mux_case_04603716_out_o                                                    |    9|          2|   32|         64|
    |mux_case_04653749_out_o                                                    |   14|          3|   32|         96|
    |mux_case_04703782_out_o                                                    |   14|          3|   32|         96|
    |mux_case_04753815_out_o                                                    |   14|          3|   32|         96|
    |mux_case_04803848_out_o                                                    |   14|          3|   32|         96|
    |mux_case_04853881_out_o                                                    |   14|          3|   32|         96|
    |mux_case_05153914_out_o                                                    |    9|          2|   32|         64|
    |mux_case_05453947_out_o                                                    |    9|          2|   32|         64|
    |mux_case_092_fu_442                                                        |    9|          2|   32|         64|
    |mux_case_097_fu_458                                                        |    9|          2|   32|         64|
    |mux_case_0_out_o                                                           |    9|          2|   32|         64|
    |mux_case_1103_fu_478                                                       |    9|          2|   32|         64|
    |mux_case_11060_reg_3509                                                    |   14|          3|   32|         96|
    |mux_case_11065_reg_3278                                                    |   14|          3|   32|         96|
    |mux_case_11070_reg_3047                                                    |   14|          3|   32|         96|
    |mux_case_11075_reg_2816                                                    |   14|          3|   32|         96|
    |mux_case_11080_reg_2585                                                    |   14|          3|   32|         96|
    |mux_case_11085_reg_2377                                                    |   14|          3|   32|         96|
    |mux_case_1108_fu_494                                                       |    9|          2|   32|         64|
    |mux_case_1112_fu_510                                                       |    9|          2|   32|         64|
    |mux_case_1116_fu_522                                                       |    9|          2|   32|         64|
    |mux_case_1121_fu_538                                                       |    9|          2|   32|         64|
    |mux_case_1126_fu_554                                                       |    9|          2|   32|         64|
    |mux_case_1131_fu_570                                                       |    9|          2|   32|         64|
    |mux_case_1136_fu_586                                                       |    9|          2|   32|         64|
    |mux_case_1141_fu_602                                                       |    9|          2|   32|         64|
    |mux_case_11509_reg_6053                                                    |   14|          3|   32|         96|
    |mux_case_11514_reg_5822                                                    |   14|          3|   32|         96|
    |mux_case_11519_reg_5591                                                    |   14|          3|   32|         96|
    |mux_case_11524_reg_5360                                                    |   14|          3|   32|         96|
    |mux_case_11529_reg_5129                                                    |   14|          3|   32|         96|
    |mux_case_11534_reg_4921                                                    |   14|          3|   32|         96|
    |mux_case_1171_fu_618                                                       |    9|          2|   32|         64|
    |mux_case_1200_fu_634                                                       |    9|          2|   32|         64|
    |mux_case_14313527_out_o                                                    |    9|          2|   32|         64|
    |mux_case_14363559_out_o                                                    |   14|          3|   32|         96|
    |mux_case_14413592_out_o                                                    |   14|          3|   32|         96|
    |mux_case_14463625_out_o                                                    |   14|          3|   32|         96|
    |mux_case_14513659_out_o                                                    |   14|          3|   32|         96|
    |mux_case_14563691_out_o                                                    |   14|          3|   32|         96|
    |mux_case_14613725_out_o                                                    |    9|          2|   32|         64|
    |mux_case_14663757_out_o                                                    |   14|          3|   32|         96|
    |mux_case_14713790_out_o                                                    |   14|          3|   32|         96|
    |mux_case_14763823_out_o                                                    |   14|          3|   32|         96|
    |mux_case_14813857_out_o                                                    |   14|          3|   32|         96|
    |mux_case_14863889_out_o                                                    |   14|          3|   32|         96|
    |mux_case_15163922_out_o                                                    |    9|          2|   32|         64|
    |mux_case_15463955_out_o                                                    |    9|          2|   32|         64|
    |mux_case_193_fu_446                                                        |    9|          2|   32|         64|
    |mux_case_198_fu_462                                                        |    9|          2|   32|         64|
    |mux_case_1_fu_430                                                          |    9|          2|   32|         64|
    |mux_case_21021_reg_11842                                                   |    9|          2|   32|         64|
    |mux_case_21026_reg_11716                                                   |    9|          2|   32|         64|
    |mux_case_21031_reg_11590                                                   |    9|          2|   32|         64|
    |mux_case_21036_reg_11464                                                   |    9|          2|   32|         64|
    |mux_case_21041_reg_11338                                                   |    9|          2|   32|         64|
    |mux_case_21046_reg_11212                                                   |    9|          2|   32|         64|
    |mux_case_2104_fu_482                                                       |    9|          2|   32|         64|
    |mux_case_21051_reg_10340                                                   |    9|          2|   32|         64|
    |mux_case_21061_reg_3432                                                    |   14|          3|   32|         96|
    |mux_case_21066_reg_3201                                                    |   14|          3|   32|         96|
    |mux_case_21071_reg_2970                                                    |   14|          3|   32|         96|
    |mux_case_21076_reg_2739                                                    |   14|          3|   32|         96|
    |mux_case_21081_reg_2508                                                    |   14|          3|   32|         96|
    |mux_case_21086_reg_2323                                                    |   14|          3|   32|         96|
    |mux_case_2109_fu_498                                                       |    9|          2|   32|         64|
    |mux_case_2113_fu_514                                                       |    9|          2|   32|         64|
    |mux_case_2117_fu_526                                                       |    9|          2|   32|         64|
    |mux_case_2122_fu_542                                                       |    9|          2|   32|         64|
    |mux_case_2127_fu_558                                                       |    9|          2|   32|         64|
    |mux_case_2132_fu_574                                                       |    9|          2|   32|         64|
    |mux_case_21356_reg_11086                                                   |    9|          2|   32|         64|
    |mux_case_21361_reg_10961                                                   |   14|          3|   32|         96|
    |mux_case_21366_reg_10837                                                   |   14|          3|   32|         96|
    |mux_case_21371_reg_10713                                                   |   14|          3|   32|         96|
    |mux_case_21376_reg_10589                                                   |   14|          3|   32|         96|
    |mux_case_2137_fu_590                                                       |    9|          2|   32|         64|
    |mux_case_21381_reg_10465                                                   |   14|          3|   32|         96|
    |mux_case_21386_reg_10215                                                   |   14|          3|   32|         96|
    |mux_case_2142_fu_606                                                       |    9|          2|   32|         64|
    |mux_case_21510_reg_5976                                                    |   14|          3|   32|         96|
    |mux_case_21515_reg_5745                                                    |   14|          3|   32|         96|
    |mux_case_21520_reg_5514                                                    |   14|          3|   32|         96|
    |mux_case_21525_reg_5283                                                    |   14|          3|   32|         96|
    |mux_case_21530_reg_5052                                                    |   14|          3|   32|         96|
    |mux_case_21535_reg_4867                                                    |   14|          3|   32|         96|
    |mux_case_2172_fu_622                                                       |    9|          2|   32|         64|
    |mux_case_2201_fu_638                                                       |    9|          2|   32|         64|
    |mux_case_24323535_out_o                                                    |    9|          2|   32|         64|
    |mux_case_24373568_out_o                                                    |   14|          3|   32|         96|
    |mux_case_24423600_out_o                                                    |   14|          3|   32|         96|
    |mux_case_24473633_out_o                                                    |   14|          3|   32|         96|
    |mux_case_24523667_out_o                                                    |   14|          3|   32|         96|
    |mux_case_24573700_out_o                                                    |   14|          3|   32|         96|
    |mux_case_24623733_out_o                                                    |    9|          2|   32|         64|
    |mux_case_24673766_out_o                                                    |   14|          3|   32|         96|
    |mux_case_24723798_out_o                                                    |   14|          3|   32|         96|
    |mux_case_24773831_out_o                                                    |   14|          3|   32|         96|
    |mux_case_24823865_out_o                                                    |   14|          3|   32|         96|
    |mux_case_24873898_out_o                                                    |   14|          3|   32|         96|
    |mux_case_25173930_out_o                                                    |    9|          2|   32|         64|
    |mux_case_25473963_out_o                                                    |    9|          2|   32|         64|
    |mux_case_294_fu_450                                                        |    9|          2|   32|         64|
    |mux_case_299_fu_466                                                        |    9|          2|   32|         64|
    |mux_case_2_fu_434                                                          |    9|          2|   32|         64|
    |mux_case_31002_reg_12994                                                   |    9|          2|   32|         64|
    |mux_case_31007_reg_12973                                                   |    9|          2|   32|         64|
    |mux_case_3100_fu_470                                                       |    9|          2|   32|         64|
    |mux_case_31012_reg_12952                                                   |    9|          2|   32|         64|
    |mux_case_31017_reg_12805                                                   |    9|          2|   32|         64|
    |mux_case_31022_reg_11779                                                   |    9|          2|   32|         64|
    |mux_case_31027_reg_11653                                                   |    9|          2|   32|         64|
    |mux_case_31032_reg_11527                                                   |    9|          2|   32|         64|
    |mux_case_31037_reg_11401                                                   |    9|          2|   32|         64|
    |mux_case_31042_reg_11275                                                   |    9|          2|   32|         64|
    |mux_case_31047_reg_11149                                                   |    9|          2|   32|         64|
    |mux_case_31052_reg_10277                                                   |    9|          2|   32|         64|
    |mux_case_3105_fu_486                                                       |    9|          2|   32|         64|
    |mux_case_31062_reg_3355                                                    |   14|          3|   32|         96|
    |mux_case_31067_reg_3124                                                    |   14|          3|   32|         96|
    |mux_case_31072_reg_2893                                                    |   14|          3|   32|         96|
    |mux_case_31077_reg_2662                                                    |   14|          3|   32|         96|
    |mux_case_31082_reg_2431                                                    |   14|          3|   32|         96|
    |mux_case_31087_reg_2269                                                    |   14|          3|   32|         96|
    |mux_case_3110_fu_502                                                       |    9|          2|   32|         64|
    |mux_case_3114_fu_518                                                       |    9|          2|   32|         64|
    |mux_case_3118_fu_530                                                       |    9|          2|   32|         64|
    |mux_case_31208_reg_12931                                                   |    9|          2|   32|         64|
    |mux_case_31213_reg_12910                                                   |   14|          3|   32|         96|
    |mux_case_31218_reg_12889                                                   |   14|          3|   32|         96|
    |mux_case_31223_reg_12868                                                   |   14|          3|   32|         96|
    |mux_case_31228_reg_12847                                                   |   14|          3|   32|         96|
    |mux_case_31233_reg_12826                                                   |   14|          3|   32|         96|
    |mux_case_31238_reg_12779                                                   |   14|          3|   32|         96|
    |mux_case_3123_fu_546                                                       |    9|          2|   32|         64|
    |mux_case_3128_fu_562                                                       |    9|          2|   32|         64|
    |mux_case_3133_fu_578                                                       |    9|          2|   32|         64|
    |mux_case_31357_reg_11023                                                   |    9|          2|   32|         64|
    |mux_case_31362_reg_10899                                                   |   14|          3|   32|         96|
    |mux_case_31367_reg_10775                                                   |   14|          3|   32|         96|
    |mux_case_31372_reg_10651                                                   |   14|          3|   32|         96|
    |mux_case_31377_reg_10527                                                   |   14|          3|   32|         96|
    |mux_case_31382_reg_10403                                                   |   14|          3|   32|         96|
    |mux_case_31387_reg_10153                                                   |   14|          3|   32|         96|
    |mux_case_3138_fu_594                                                       |    9|          2|   32|         64|
    |mux_case_3143_fu_610                                                       |    9|          2|   32|         64|
    |mux_case_31511_reg_5899                                                    |   14|          3|   32|         96|
    |mux_case_31516_reg_5668                                                    |   14|          3|   32|         96|
    |mux_case_31521_reg_5437                                                    |   14|          3|   32|         96|
    |mux_case_31526_reg_5206                                                    |   14|          3|   32|         96|
    |mux_case_31531_reg_4975                                                    |   14|          3|   32|         96|
    |mux_case_31536_reg_4813                                                    |   14|          3|   32|         96|
    |mux_case_3173_fu_626                                                       |    9|          2|   32|         64|
    |mux_case_3202_fu_642                                                       |    9|          2|   32|         64|
    |mux_case_34333543_out_o                                                    |    9|          2|   32|         64|
    |mux_case_34383576_out_o                                                    |   14|          3|   32|         96|
    |mux_case_34433609_out_o                                                    |   14|          3|   32|         96|
    |mux_case_34483641_out_o                                                    |   14|          3|   32|         96|
    |mux_case_34533675_out_o                                                    |   14|          3|   32|         96|
    |mux_case_34583708_out_o                                                    |   14|          3|   32|         96|
    |mux_case_34633741_out_o                                                    |    9|          2|   32|         64|
    |mux_case_34683774_out_o                                                    |   14|          3|   32|         96|
    |mux_case_34733807_out_o                                                    |   14|          3|   32|         96|
    |mux_case_34783839_out_o                                                    |   14|          3|   32|         96|
    |mux_case_34833873_out_o                                                    |   14|          3|   32|         96|
    |mux_case_34883906_out_o                                                    |   14|          3|   32|         96|
    |mux_case_35183939_out_o                                                    |    9|          2|   32|         64|
    |mux_case_35483972_out_o                                                    |    9|          2|   32|         64|
    |mux_case_395_fu_454                                                        |    9|          2|   32|         64|
    |mux_case_3987_reg_13057                                                    |    9|          2|   32|         64|
    |mux_case_3992_reg_13036                                                    |    9|          2|   32|         64|
    |mux_case_3997_reg_13015                                                    |    9|          2|   32|         64|
    |mux_case_3_fu_438                                                          |    9|          2|   32|         64|
    +---------------------------------------------------------------------------+-----+-----------+-----+-----------+
    |Total                                                                      | 6950|       1497|17420|      45465|
    +---------------------------------------------------------------------------+-----+-----------+-----+-----------+

    * Register: 
    +--------------------------------------------------+-----+----+-----+-----------+
    |                       Name                       |  FF | LUT| Bits| Const Bits|
    +--------------------------------------------------+-----+----+-----+-----------+
    |R_imag_3_reg_26320                                |   32|   0|   32|          0|
    |a_mag_reg_26079                                   |   32|   0|   32|          0|
    |ai_i_1_reg_26302                                  |   32|   0|   32|          0|
    |ai_i_2_reg_26348                                  |   32|   0|   32|          0|
    |ai_i_3_reg_26527                                  |   32|   0|   32|          0|
    |ai_i_reg_26038                                    |   32|   0|   32|          0|
    |ai_r_1_reg_26296                                  |   32|   0|   32|          0|
    |ai_r_2_reg_26342                                  |   32|   0|   32|          0|
    |ai_r_3_reg_26521                                  |   32|   0|   32|          0|
    |ai_r_reg_26031                                    |   32|   0|   32|          0|
    |aj_i_1_reg_26314                                  |   32|   0|   32|          0|
    |aj_i_2_reg_26360                                  |   32|   0|   32|          0|
    |aj_i_3_reg_26539                                  |   32|   0|   32|          0|
    |aj_i_reg_26054                                    |   32|   0|   32|          0|
    |aj_r_1_reg_26308                                  |   32|   0|   32|          0|
    |aj_r_2_reg_26354                                  |   32|   0|   32|          0|
    |aj_r_3_reg_26533                                  |   32|   0|   32|          0|
    |aj_r_reg_26046                                    |   32|   0|   32|          0|
    |and_ln9_reg_26101                                 |    1|   0|    1|          0|
    |ap_CS_fsm                                         |   62|   0|   62|          0|
    |ap_done_reg                                       |    1|   0|    1|          0|
    |ap_enable_reg_pp0_iter0_reg                       |    1|   0|    1|          0|
    |ap_enable_reg_pp0_iter1                           |    1|   0|    1|          0|
    |ap_phi_reg_pp0_iter0_c_reg_1030                   |   32|   0|   32|          0|
    |ap_phi_reg_pp0_iter0_mux_case_01059_reg_6492      |   32|   0|   32|          0|
    |ap_phi_reg_pp0_iter0_mux_case_01064_reg_6415      |   32|   0|   32|          0|
    |ap_phi_reg_pp0_iter0_mux_case_01069_reg_6338      |   32|   0|   32|          0|
    |ap_phi_reg_pp0_iter0_mux_case_01074_reg_6261      |   32|   0|   32|          0|
    |ap_phi_reg_pp0_iter0_mux_case_01079_reg_6184      |   32|   0|   32|          0|
    |ap_phi_reg_pp0_iter0_mux_case_01084_reg_6130      |   32|   0|   32|          0|
    |ap_phi_reg_pp0_iter0_mux_case_01508_reg_6931      |   32|   0|   32|          0|
    |ap_phi_reg_pp0_iter0_mux_case_01513_reg_6854      |   32|   0|   32|          0|
    |ap_phi_reg_pp0_iter0_mux_case_01518_reg_6777      |   32|   0|   32|          0|
    |ap_phi_reg_pp0_iter0_mux_case_01523_reg_6700      |   32|   0|   32|          0|
    |ap_phi_reg_pp0_iter0_mux_case_01528_reg_6623      |   32|   0|   32|          0|
    |ap_phi_reg_pp0_iter0_mux_case_01533_reg_6569      |   32|   0|   32|          0|
    |ap_phi_reg_pp0_iter0_mux_case_08941800_reg_2053   |   32|   0|   32|          0|
    |ap_phi_reg_pp0_iter0_mux_case_08991816_reg_1840   |   32|   0|   32|          0|
    |ap_phi_reg_pp0_iter0_mux_case_09041832_reg_1627   |   32|   0|   32|          0|
    |ap_phi_reg_pp0_iter0_mux_case_09091848_reg_1414   |   32|   0|   32|          0|
    |ap_phi_reg_pp0_iter0_mux_case_09141864_reg_1201   |   32|   0|   32|          0|
    |ap_phi_reg_pp0_iter0_mux_case_09241896_reg_4597   |   32|   0|   32|          0|
    |ap_phi_reg_pp0_iter0_mux_case_09291912_reg_4384   |   32|   0|   32|          0|
    |ap_phi_reg_pp0_iter0_mux_case_09341928_reg_4171   |   32|   0|   32|          0|
    |ap_phi_reg_pp0_iter0_mux_case_09391944_reg_3958   |   32|   0|   32|          0|
    |ap_phi_reg_pp0_iter0_mux_case_09441960_reg_3745   |   32|   0|   32|          0|
    |ap_phi_reg_pp0_iter0_mux_case_11020_reg_12717     |   32|   0|   32|          0|
    |ap_phi_reg_pp0_iter0_mux_case_11025_reg_12654     |   32|   0|   32|          0|
    |ap_phi_reg_pp0_iter0_mux_case_11030_reg_12591     |   32|   0|   32|          0|
    |ap_phi_reg_pp0_iter0_mux_case_11035_reg_12528     |   32|   0|   32|          0|
    |ap_phi_reg_pp0_iter0_mux_case_11040_reg_12465     |   32|   0|   32|          0|
    |ap_phi_reg_pp0_iter0_mux_case_11045_reg_12402     |   32|   0|   32|          0|
    |ap_phi_reg_pp0_iter0_mux_case_11050_reg_11967     |   32|   0|   32|          0|
    |ap_phi_reg_pp0_iter0_mux_case_11355_reg_12340     |   32|   0|   32|          0|
    |ap_phi_reg_pp0_iter0_mux_case_11360_reg_12278     |   32|   0|   32|          0|
    |ap_phi_reg_pp0_iter0_mux_case_11365_reg_12216     |   32|   0|   32|          0|
    |ap_phi_reg_pp0_iter0_mux_case_11370_reg_12154     |   32|   0|   32|          0|
    |ap_phi_reg_pp0_iter0_mux_case_11375_reg_12092     |   32|   0|   32|          0|
    |ap_phi_reg_pp0_iter0_mux_case_11380_reg_12030     |   32|   0|   32|          0|
    |ap_phi_reg_pp0_iter0_mux_case_11385_reg_11905     |   32|   0|   32|          0|
    |ap_phi_reg_pp0_iter0_mux_case_18301998_reg_7994   |   32|   0|   32|          0|
    |ap_phi_reg_pp0_iter0_mux_case_18352018_reg_7820   |   32|   0|   32|          0|
    |ap_phi_reg_pp0_iter0_mux_case_18402038_reg_7646   |   32|   0|   32|          0|
    |ap_phi_reg_pp0_iter0_mux_case_18452058_reg_7472   |   32|   0|   32|          0|
    |ap_phi_reg_pp0_iter0_mux_case_18502078_reg_7298   |   32|   0|   32|          0|
    |ap_phi_reg_pp0_iter0_mux_case_18552098_reg_7124   |   32|   0|   32|          0|
    |ap_phi_reg_pp0_iter0_mux_case_18602118_reg_10094  |   32|   0|   32|          0|
    |ap_phi_reg_pp0_iter0_mux_case_18652138_reg_9919   |   32|   0|   32|          0|
    |ap_phi_reg_pp0_iter0_mux_case_18702158_reg_9744   |   32|   0|   32|          0|
    |ap_phi_reg_pp0_iter0_mux_case_18752178_reg_9569   |   32|   0|   32|          0|
    |ap_phi_reg_pp0_iter0_mux_case_18802198_reg_9394   |   32|   0|   32|          0|
    |ap_phi_reg_pp0_iter0_mux_case_18852218_reg_9219   |   32|   0|   32|          0|
    |ap_phi_reg_pp0_iter0_mux_case_18901788_reg_2215   |   32|   0|   32|          0|
    |ap_phi_reg_pp0_iter0_mux_case_18951804_reg_2000   |   32|   0|   32|          0|
    |ap_phi_reg_pp0_iter0_mux_case_19001820_reg_1787   |   32|   0|   32|          0|
    |ap_phi_reg_pp0_iter0_mux_case_19051836_reg_1574   |   32|   0|   32|          0|
    |ap_phi_reg_pp0_iter0_mux_case_19101852_reg_1361   |   32|   0|   32|          0|
    |ap_phi_reg_pp0_iter0_mux_case_19151868_reg_1148   |   32|   0|   32|          0|
    |ap_phi_reg_pp0_iter0_mux_case_19201884_reg_4759   |   32|   0|   32|          0|
    |ap_phi_reg_pp0_iter0_mux_case_19251900_reg_4544   |   32|   0|   32|          0|
    |ap_phi_reg_pp0_iter0_mux_case_19301916_reg_4331   |   32|   0|   32|          0|
    |ap_phi_reg_pp0_iter0_mux_case_19351932_reg_4118   |   32|   0|   32|          0|
    |ap_phi_reg_pp0_iter0_mux_case_19401948_reg_3905   |   32|   0|   32|          0|
    |ap_phi_reg_pp0_iter0_mux_case_19451964_reg_3692   |   32|   0|   32|          0|
    |ap_phi_reg_pp0_iter0_mux_case_21001_reg_13292     |   32|   0|   32|          0|
    |ap_phi_reg_pp0_iter0_mux_case_21006_reg_13271     |   32|   0|   32|          0|
    |ap_phi_reg_pp0_iter0_mux_case_21011_reg_13250     |   32|   0|   32|          0|
    |ap_phi_reg_pp0_iter0_mux_case_21016_reg_13104     |   32|   0|   32|          0|
    |ap_phi_reg_pp0_iter0_mux_case_21021_reg_11842     |   32|   0|   32|          0|
    |ap_phi_reg_pp0_iter0_mux_case_21026_reg_11716     |   32|   0|   32|          0|
    |ap_phi_reg_pp0_iter0_mux_case_21031_reg_11590     |   32|   0|   32|          0|
    |ap_phi_reg_pp0_iter0_mux_case_21036_reg_11464     |   32|   0|   32|          0|
    |ap_phi_reg_pp0_iter0_mux_case_21041_reg_11338     |   32|   0|   32|          0|
    |ap_phi_reg_pp0_iter0_mux_case_21046_reg_11212     |   32|   0|   32|          0|
    |ap_phi_reg_pp0_iter0_mux_case_21051_reg_10340     |   32|   0|   32|          0|
    |ap_phi_reg_pp0_iter0_mux_case_21207_reg_13230     |   32|   0|   32|          0|
    |ap_phi_reg_pp0_iter0_mux_case_21212_reg_13209     |   32|   0|   32|          0|
    |ap_phi_reg_pp0_iter0_mux_case_21217_reg_13188     |   32|   0|   32|          0|
    |ap_phi_reg_pp0_iter0_mux_case_21222_reg_13167     |   32|   0|   32|          0|
    |ap_phi_reg_pp0_iter0_mux_case_21227_reg_13146     |   32|   0|   32|          0|
    |ap_phi_reg_pp0_iter0_mux_case_21232_reg_13125     |   32|   0|   32|          0|
    |ap_phi_reg_pp0_iter0_mux_case_21237_reg_13078     |   32|   0|   32|          0|
    |ap_phi_reg_pp0_iter0_mux_case_21356_reg_11086     |   32|   0|   32|          0|
    |ap_phi_reg_pp0_iter0_mux_case_21361_reg_10961     |   32|   0|   32|          0|
    |ap_phi_reg_pp0_iter0_mux_case_21366_reg_10837     |   32|   0|   32|          0|
    |ap_phi_reg_pp0_iter0_mux_case_21371_reg_10713     |   32|   0|   32|          0|
    |ap_phi_reg_pp0_iter0_mux_case_21376_reg_10589     |   32|   0|   32|          0|
    |ap_phi_reg_pp0_iter0_mux_case_21381_reg_10465     |   32|   0|   32|          0|
    |ap_phi_reg_pp0_iter0_mux_case_21386_reg_10215     |   32|   0|   32|          0|
    |ap_phi_reg_pp0_iter0_mux_case_28312003_reg_7936   |   32|   0|   32|          0|
    |ap_phi_reg_pp0_iter0_mux_case_28362023_reg_7762   |   32|   0|   32|          0|
    |ap_phi_reg_pp0_iter0_mux_case_28412043_reg_7588   |   32|   0|   32|          0|
    |ap_phi_reg_pp0_iter0_mux_case_28462063_reg_7414   |   32|   0|   32|          0|
    |ap_phi_reg_pp0_iter0_mux_case_28512083_reg_7240   |   32|   0|   32|          0|
    |ap_phi_reg_pp0_iter0_mux_case_28562103_reg_7066   |   32|   0|   32|          0|
    |ap_phi_reg_pp0_iter0_mux_case_28612123_reg_10036  |   32|   0|   32|          0|
    |ap_phi_reg_pp0_iter0_mux_case_28662143_reg_9861   |   32|   0|   32|          0|
    |ap_phi_reg_pp0_iter0_mux_case_28712163_reg_9686   |   32|   0|   32|          0|
    |ap_phi_reg_pp0_iter0_mux_case_28762183_reg_9511   |   32|   0|   32|          0|
    |ap_phi_reg_pp0_iter0_mux_case_28812203_reg_9336   |   32|   0|   32|          0|
    |ap_phi_reg_pp0_iter0_mux_case_28862223_reg_9161   |   32|   0|   32|          0|
    |ap_phi_reg_pp0_iter0_mux_case_28911792_reg_2161   |   32|   0|   32|          0|
    |ap_phi_reg_pp0_iter0_mux_case_28961808_reg_1947   |   32|   0|   32|          0|
    |ap_phi_reg_pp0_iter0_mux_case_29011824_reg_1734   |   32|   0|   32|          0|
    |ap_phi_reg_pp0_iter0_mux_case_29061840_reg_1521   |   32|   0|   32|          0|
    |ap_phi_reg_pp0_iter0_mux_case_29111856_reg_1308   |   32|   0|   32|          0|
    |ap_phi_reg_pp0_iter0_mux_case_29161872_reg_1095   |   32|   0|   32|          0|
    |ap_phi_reg_pp0_iter0_mux_case_29211888_reg_4705   |   32|   0|   32|          0|
    |ap_phi_reg_pp0_iter0_mux_case_29261904_reg_4491   |   32|   0|   32|          0|
    |ap_phi_reg_pp0_iter0_mux_case_29311920_reg_4278   |   32|   0|   32|          0|
    |ap_phi_reg_pp0_iter0_mux_case_29361936_reg_4065   |   32|   0|   32|          0|
    |ap_phi_reg_pp0_iter0_mux_case_29411952_reg_3852   |   32|   0|   32|          0|
    |ap_phi_reg_pp0_iter0_mux_case_29461968_reg_3639   |   32|   0|   32|          0|
    |ap_phi_reg_pp0_iter0_mux_case_2986_reg_13355      |   32|   0|   32|          0|
    |ap_phi_reg_pp0_iter0_mux_case_2991_reg_13334      |   32|   0|   32|          0|
    |ap_phi_reg_pp0_iter0_mux_case_2996_reg_13313      |   32|   0|   32|          0|
    |ap_phi_reg_pp0_iter0_mux_case_31002959_reg_13620  |   32|   0|   32|          0|
    |ap_phi_reg_pp0_iter0_mux_case_31002_reg_12994     |   32|   0|   32|          0|
    |ap_phi_reg_pp0_iter0_mux_case_31007_reg_12973     |   32|   0|   32|          0|
    |ap_phi_reg_pp0_iter0_mux_case_31012_reg_12952     |   32|   0|   32|          0|
    |ap_phi_reg_pp0_iter0_mux_case_31017_reg_12805     |   32|   0|   32|          0|
    |ap_phi_reg_pp0_iter0_mux_case_31022_reg_11779     |   32|   0|   32|          0|
    |ap_phi_reg_pp0_iter0_mux_case_31027_reg_11653     |   32|   0|   32|          0|
    |ap_phi_reg_pp0_iter0_mux_case_31032_reg_11527     |   32|   0|   32|          0|
    |ap_phi_reg_pp0_iter0_mux_case_31037_reg_11401     |   32|   0|   32|          0|
    |ap_phi_reg_pp0_iter0_mux_case_31042_reg_11275     |   32|   0|   32|          0|
    |ap_phi_reg_pp0_iter0_mux_case_31047_reg_11149     |   32|   0|   32|          0|
    |ap_phi_reg_pp0_iter0_mux_case_31052_reg_10277     |   32|   0|   32|          0|
    |ap_phi_reg_pp0_iter0_mux_case_31053011_reg_13600  |   32|   0|   32|          0|
    |ap_phi_reg_pp0_iter0_mux_case_31103063_reg_13580  |   32|   0|   32|          0|
    |ap_phi_reg_pp0_iter0_mux_case_31143115_reg_13560  |   32|   0|   32|          0|
    |ap_phi_reg_pp0_iter0_mux_case_31183159_reg_13375  |   32|   0|   32|          0|
    |ap_phi_reg_pp0_iter0_mux_case_31208_reg_12931     |   32|   0|   32|          0|
    |ap_phi_reg_pp0_iter0_mux_case_31213_reg_12910     |   32|   0|   32|          0|
    |ap_phi_reg_pp0_iter0_mux_case_31218_reg_12889     |   32|   0|   32|          0|
    |ap_phi_reg_pp0_iter0_mux_case_31223_reg_12868     |   32|   0|   32|          0|
    |ap_phi_reg_pp0_iter0_mux_case_31228_reg_12847     |   32|   0|   32|          0|
    |ap_phi_reg_pp0_iter0_mux_case_31233211_reg_13540  |   32|   0|   32|          0|
    |ap_phi_reg_pp0_iter0_mux_case_31233_reg_12826     |   32|   0|   32|          0|
    |ap_phi_reg_pp0_iter0_mux_case_31238_reg_12779     |   32|   0|   32|          0|
    |ap_phi_reg_pp0_iter0_mux_case_31283263_reg_13520  |   32|   0|   32|          0|
    |ap_phi_reg_pp0_iter0_mux_case_31333315_reg_13500  |   32|   0|   32|          0|
    |ap_phi_reg_pp0_iter0_mux_case_31357_reg_11023     |   32|   0|   32|          0|
    |ap_phi_reg_pp0_iter0_mux_case_31362_reg_10899     |   32|   0|   32|          0|
    |ap_phi_reg_pp0_iter0_mux_case_31367_reg_10775     |   32|   0|   32|          0|
    |ap_phi_reg_pp0_iter0_mux_case_31372_reg_10651     |   32|   0|   32|          0|
    |ap_phi_reg_pp0_iter0_mux_case_31377_reg_10527     |   32|   0|   32|          0|
    |ap_phi_reg_pp0_iter0_mux_case_31382_reg_10403     |   32|   0|   32|          0|
    |ap_phi_reg_pp0_iter0_mux_case_31383367_reg_13480  |   32|   0|   32|          0|
    |ap_phi_reg_pp0_iter0_mux_case_31387_reg_10153     |   32|   0|   32|          0|
    |ap_phi_reg_pp0_iter0_mux_case_31433419_reg_13460  |   32|   0|   32|          0|
    |ap_phi_reg_pp0_iter0_mux_case_31733465_reg_13440  |   32|   0|   32|          0|
    |ap_phi_reg_pp0_iter0_mux_case_32023509_reg_13415  |   32|   0|   32|          0|
    |ap_phi_reg_pp0_iter0_mux_case_32855_reg_13395     |   32|   0|   32|          0|
    |ap_phi_reg_pp0_iter0_mux_case_38322008_reg_7878   |   32|   0|   32|          0|
    |ap_phi_reg_pp0_iter0_mux_case_38372028_reg_7704   |   32|   0|   32|          0|
    |ap_phi_reg_pp0_iter0_mux_case_38422048_reg_7530   |   32|   0|   32|          0|
    |ap_phi_reg_pp0_iter0_mux_case_38472068_reg_7356   |   32|   0|   32|          0|
    |ap_phi_reg_pp0_iter0_mux_case_38522088_reg_7182   |   32|   0|   32|          0|
    |ap_phi_reg_pp0_iter0_mux_case_38572108_reg_7008   |   32|   0|   32|          0|
    |ap_phi_reg_pp0_iter0_mux_case_38622128_reg_9978   |   32|   0|   32|          0|
    |ap_phi_reg_pp0_iter0_mux_case_38672148_reg_9803   |   32|   0|   32|          0|
    |ap_phi_reg_pp0_iter0_mux_case_38722168_reg_9628   |   32|   0|   32|          0|
    |ap_phi_reg_pp0_iter0_mux_case_38772188_reg_9453   |   32|   0|   32|          0|
    |ap_phi_reg_pp0_iter0_mux_case_38822208_reg_9278   |   32|   0|   32|          0|
    |ap_phi_reg_pp0_iter0_mux_case_38872228_reg_9103   |   32|   0|   32|          0|
    |ap_phi_reg_pp0_iter0_mux_case_38921796_reg_2107   |   32|   0|   32|          0|
    |ap_phi_reg_pp0_iter0_mux_case_38971812_reg_1894   |   32|   0|   32|          0|
    |ap_phi_reg_pp0_iter0_mux_case_39021828_reg_1681   |   32|   0|   32|          0|
    |ap_phi_reg_pp0_iter0_mux_case_39071844_reg_1468   |   32|   0|   32|          0|
    |ap_phi_reg_pp0_iter0_mux_case_39121860_reg_1255   |   32|   0|   32|          0|
    |ap_phi_reg_pp0_iter0_mux_case_39171876_reg_1042   |   32|   0|   32|          0|
    |ap_phi_reg_pp0_iter0_mux_case_39221892_reg_4651   |   32|   0|   32|          0|
    |ap_phi_reg_pp0_iter0_mux_case_39271908_reg_4438   |   32|   0|   32|          0|
    |ap_phi_reg_pp0_iter0_mux_case_39321924_reg_4225   |   32|   0|   32|          0|
    |ap_phi_reg_pp0_iter0_mux_case_39371940_reg_4012   |   32|   0|   32|          0|
    |ap_phi_reg_pp0_iter0_mux_case_39421956_reg_3799   |   32|   0|   32|          0|
    |ap_phi_reg_pp0_iter0_mux_case_39471972_reg_3586   |   32|   0|   32|          0|
    |ap_phi_reg_pp0_iter0_mux_case_3952907_reg_13640   |   32|   0|   32|          0|
    |ap_phi_reg_pp0_iter0_mux_case_3987_reg_13057      |   32|   0|   32|          0|
    |ap_phi_reg_pp0_iter0_mux_case_3992_reg_13036      |   32|   0|   32|          0|
    |ap_phi_reg_pp0_iter0_mux_case_3997_reg_13015      |   32|   0|   32|          0|
    |ap_phi_reg_pp0_iter0_s_reg_1018                   |   32|   0|   32|          0|
    |ap_phi_reg_pp0_iter1_mux_case_31002959_reg_13620  |   32|   0|   32|          0|
    |ap_phi_reg_pp0_iter1_mux_case_31053011_reg_13600  |   32|   0|   32|          0|
    |ap_phi_reg_pp0_iter1_mux_case_31103063_reg_13580  |   32|   0|   32|          0|
    |ap_phi_reg_pp0_iter1_mux_case_31143115_reg_13560  |   32|   0|   32|          0|
    |ap_phi_reg_pp0_iter1_mux_case_31183159_reg_13375  |   32|   0|   32|          0|
    |ap_phi_reg_pp0_iter1_mux_case_31233211_reg_13540  |   32|   0|   32|          0|
    |ap_phi_reg_pp0_iter1_mux_case_31283263_reg_13520  |   32|   0|   32|          0|
    |ap_phi_reg_pp0_iter1_mux_case_31333315_reg_13500  |   32|   0|   32|          0|
    |ap_phi_reg_pp0_iter1_mux_case_31383367_reg_13480  |   32|   0|   32|          0|
    |ap_phi_reg_pp0_iter1_mux_case_31433419_reg_13460  |   32|   0|   32|          0|
    |ap_phi_reg_pp0_iter1_mux_case_31733465_reg_13440  |   32|   0|   32|          0|
    |ap_phi_reg_pp0_iter1_mux_case_32023509_reg_13415  |   32|   0|   32|          0|
    |ap_phi_reg_pp0_iter1_mux_case_32855_reg_13395     |   32|   0|   32|          0|
    |ap_phi_reg_pp0_iter1_mux_case_3952907_reg_13640   |   32|   0|   32|          0|
    |ap_predicate_pred1766_state43                     |    1|   0|    1|          0|
    |ap_predicate_pred1766_state44                     |    1|   0|    1|          0|
    |ap_predicate_pred1766_state45                     |    1|   0|    1|          0|
    |ap_predicate_pred1766_state46                     |    1|   0|    1|          0|
    |ap_predicate_pred1766_state47                     |    1|   0|    1|          0|
    |ap_predicate_pred1776_state43                     |    1|   0|    1|          0|
    |ap_predicate_pred1776_state44                     |    1|   0|    1|          0|
    |ap_predicate_pred1776_state45                     |    1|   0|    1|          0|
    |ap_predicate_pred1776_state46                     |    1|   0|    1|          0|
    |ap_predicate_pred1776_state47                     |    1|   0|    1|          0|
    |ap_predicate_pred1784_state43                     |    1|   0|    1|          0|
    |ap_predicate_pred1784_state44                     |    1|   0|    1|          0|
    |ap_predicate_pred1784_state45                     |    1|   0|    1|          0|
    |ap_predicate_pred1784_state46                     |    1|   0|    1|          0|
    |ap_predicate_pred1784_state47                     |    1|   0|    1|          0|
    |ap_predicate_pred1792_state43                     |    1|   0|    1|          0|
    |ap_predicate_pred1792_state44                     |    1|   0|    1|          0|
    |ap_predicate_pred1792_state45                     |    1|   0|    1|          0|
    |ap_predicate_pred1792_state46                     |    1|   0|    1|          0|
    |ap_predicate_pred1792_state47                     |    1|   0|    1|          0|
    |ap_predicate_pred1800_state43                     |    1|   0|    1|          0|
    |ap_predicate_pred1800_state44                     |    1|   0|    1|          0|
    |ap_predicate_pred1800_state45                     |    1|   0|    1|          0|
    |ap_predicate_pred1800_state46                     |    1|   0|    1|          0|
    |ap_predicate_pred1800_state47                     |    1|   0|    1|          0|
    |ap_predicate_pred1815_state43                     |    1|   0|    1|          0|
    |ap_predicate_pred1815_state44                     |    1|   0|    1|          0|
    |ap_predicate_pred1815_state45                     |    1|   0|    1|          0|
    |ap_predicate_pred1815_state46                     |    1|   0|    1|          0|
    |ap_predicate_pred1815_state47                     |    1|   0|    1|          0|
    |ap_predicate_pred1821_state43                     |    1|   0|    1|          0|
    |ap_predicate_pred1821_state44                     |    1|   0|    1|          0|
    |ap_predicate_pred1821_state45                     |    1|   0|    1|          0|
    |ap_predicate_pred1821_state46                     |    1|   0|    1|          0|
    |ap_predicate_pred1821_state47                     |    1|   0|    1|          0|
    |ap_predicate_pred1826_state43                     |    1|   0|    1|          0|
    |ap_predicate_pred1826_state44                     |    1|   0|    1|          0|
    |ap_predicate_pred1826_state45                     |    1|   0|    1|          0|
    |ap_predicate_pred1826_state46                     |    1|   0|    1|          0|
    |ap_predicate_pred1826_state47                     |    1|   0|    1|          0|
    |ap_predicate_pred1831_state43                     |    1|   0|    1|          0|
    |ap_predicate_pred1831_state44                     |    1|   0|    1|          0|
    |ap_predicate_pred1831_state45                     |    1|   0|    1|          0|
    |ap_predicate_pred1831_state46                     |    1|   0|    1|          0|
    |ap_predicate_pred1831_state47                     |    1|   0|    1|          0|
    |ap_predicate_pred1836_state43                     |    1|   0|    1|          0|
    |ap_predicate_pred1836_state44                     |    1|   0|    1|          0|
    |ap_predicate_pred1836_state45                     |    1|   0|    1|          0|
    |ap_predicate_pred1836_state46                     |    1|   0|    1|          0|
    |ap_predicate_pred1836_state47                     |    1|   0|    1|          0|
    |ap_predicate_pred1841_state43                     |    1|   0|    1|          0|
    |ap_predicate_pred1841_state44                     |    1|   0|    1|          0|
    |ap_predicate_pred1841_state45                     |    1|   0|    1|          0|
    |ap_predicate_pred1841_state46                     |    1|   0|    1|          0|
    |ap_predicate_pred1841_state47                     |    1|   0|    1|          0|
    |ap_predicate_pred1848_state43                     |    1|   0|    1|          0|
    |ap_predicate_pred1848_state44                     |    1|   0|    1|          0|
    |ap_predicate_pred1848_state45                     |    1|   0|    1|          0|
    |ap_predicate_pred1848_state46                     |    1|   0|    1|          0|
    |ap_predicate_pred1848_state47                     |    1|   0|    1|          0|
    |ap_predicate_pred1853_state43                     |    1|   0|    1|          0|
    |ap_predicate_pred1853_state44                     |    1|   0|    1|          0|
    |ap_predicate_pred1853_state45                     |    1|   0|    1|          0|
    |ap_predicate_pred1853_state46                     |    1|   0|    1|          0|
    |ap_predicate_pred1853_state47                     |    1|   0|    1|          0|
    |ap_predicate_pred1858_state43                     |    1|   0|    1|          0|
    |ap_predicate_pred1858_state44                     |    1|   0|    1|          0|
    |ap_predicate_pred1858_state45                     |    1|   0|    1|          0|
    |ap_predicate_pred1858_state46                     |    1|   0|    1|          0|
    |ap_predicate_pred1858_state47                     |    1|   0|    1|          0|
    |ap_predicate_pred1863_state43                     |    1|   0|    1|          0|
    |ap_predicate_pred1863_state44                     |    1|   0|    1|          0|
    |ap_predicate_pred1863_state45                     |    1|   0|    1|          0|
    |ap_predicate_pred1863_state46                     |    1|   0|    1|          0|
    |ap_predicate_pred1863_state47                     |    1|   0|    1|          0|
    |ap_predicate_pred1868_state43                     |    1|   0|    1|          0|
    |ap_predicate_pred1868_state44                     |    1|   0|    1|          0|
    |ap_predicate_pred1868_state45                     |    1|   0|    1|          0|
    |ap_predicate_pred1868_state46                     |    1|   0|    1|          0|
    |ap_predicate_pred1868_state47                     |    1|   0|    1|          0|
    |ap_predicate_pred1873_state43                     |    1|   0|    1|          0|
    |ap_predicate_pred1873_state44                     |    1|   0|    1|          0|
    |ap_predicate_pred1873_state45                     |    1|   0|    1|          0|
    |ap_predicate_pred1873_state46                     |    1|   0|    1|          0|
    |ap_predicate_pred1873_state47                     |    1|   0|    1|          0|
    |ap_predicate_pred1880_state43                     |    1|   0|    1|          0|
    |ap_predicate_pred1880_state44                     |    1|   0|    1|          0|
    |ap_predicate_pred1880_state45                     |    1|   0|    1|          0|
    |ap_predicate_pred1880_state46                     |    1|   0|    1|          0|
    |ap_predicate_pred1880_state47                     |    1|   0|    1|          0|
    |ap_predicate_pred1885_state43                     |    1|   0|    1|          0|
    |ap_predicate_pred1885_state44                     |    1|   0|    1|          0|
    |ap_predicate_pred1885_state45                     |    1|   0|    1|          0|
    |ap_predicate_pred1885_state46                     |    1|   0|    1|          0|
    |ap_predicate_pred1885_state47                     |    1|   0|    1|          0|
    |ap_predicate_pred1890_state43                     |    1|   0|    1|          0|
    |ap_predicate_pred1890_state44                     |    1|   0|    1|          0|
    |ap_predicate_pred1890_state45                     |    1|   0|    1|          0|
    |ap_predicate_pred1890_state46                     |    1|   0|    1|          0|
    |ap_predicate_pred1890_state47                     |    1|   0|    1|          0|
    |ap_predicate_pred1895_state43                     |    1|   0|    1|          0|
    |ap_predicate_pred1895_state44                     |    1|   0|    1|          0|
    |ap_predicate_pred1895_state45                     |    1|   0|    1|          0|
    |ap_predicate_pred1895_state46                     |    1|   0|    1|          0|
    |ap_predicate_pred1895_state47                     |    1|   0|    1|          0|
    |ap_predicate_pred1900_state43                     |    1|   0|    1|          0|
    |ap_predicate_pred1900_state44                     |    1|   0|    1|          0|
    |ap_predicate_pred1900_state45                     |    1|   0|    1|          0|
    |ap_predicate_pred1900_state46                     |    1|   0|    1|          0|
    |ap_predicate_pred1900_state47                     |    1|   0|    1|          0|
    |ap_predicate_pred1905_state43                     |    1|   0|    1|          0|
    |ap_predicate_pred1905_state44                     |    1|   0|    1|          0|
    |ap_predicate_pred1905_state45                     |    1|   0|    1|          0|
    |ap_predicate_pred1905_state46                     |    1|   0|    1|          0|
    |ap_predicate_pred1905_state47                     |    1|   0|    1|          0|
    |ap_predicate_pred1910_state43                     |    1|   0|    1|          0|
    |ap_predicate_pred1910_state44                     |    1|   0|    1|          0|
    |ap_predicate_pred1910_state45                     |    1|   0|    1|          0|
    |ap_predicate_pred1910_state46                     |    1|   0|    1|          0|
    |ap_predicate_pred1910_state47                     |    1|   0|    1|          0|
    |ap_predicate_pred3038_state50                     |    1|   0|    1|          0|
    |ap_predicate_pred3038_state51                     |    1|   0|    1|          0|
    |ap_predicate_pred3055_state50                     |    1|   0|    1|          0|
    |ap_predicate_pred3055_state51                     |    1|   0|    1|          0|
    |ap_predicate_pred3062_state50                     |    1|   0|    1|          0|
    |ap_predicate_pred3062_state51                     |    1|   0|    1|          0|
    |ap_predicate_pred3069_state50                     |    1|   0|    1|          0|
    |ap_predicate_pred3069_state51                     |    1|   0|    1|          0|
    |ap_predicate_pred3076_state50                     |    1|   0|    1|          0|
    |ap_predicate_pred3076_state51                     |    1|   0|    1|          0|
    |ap_predicate_pred3083_state50                     |    1|   0|    1|          0|
    |ap_predicate_pred3083_state51                     |    1|   0|    1|          0|
    |ap_predicate_pred3087_state50                     |    1|   0|    1|          0|
    |ap_predicate_pred3087_state51                     |    1|   0|    1|          0|
    |ap_predicate_pred3092_state50                     |    1|   0|    1|          0|
    |ap_predicate_pred3092_state51                     |    1|   0|    1|          0|
    |ap_predicate_pred3097_state50                     |    1|   0|    1|          0|
    |ap_predicate_pred3097_state51                     |    1|   0|    1|          0|
    |ap_predicate_pred3102_state50                     |    1|   0|    1|          0|
    |ap_predicate_pred3102_state51                     |    1|   0|    1|          0|
    |ap_predicate_pred3107_state50                     |    1|   0|    1|          0|
    |ap_predicate_pred3107_state51                     |    1|   0|    1|          0|
    |ap_predicate_pred3112_state50                     |    1|   0|    1|          0|
    |ap_predicate_pred3112_state51                     |    1|   0|    1|          0|
    |ap_predicate_pred3117_state50                     |    1|   0|    1|          0|
    |ap_predicate_pred3117_state51                     |    1|   0|    1|          0|
    |ap_predicate_pred3122_state50                     |    1|   0|    1|          0|
    |ap_predicate_pred3122_state51                     |    1|   0|    1|          0|
    |ap_predicate_pred3127_state50                     |    1|   0|    1|          0|
    |ap_predicate_pred3127_state51                     |    1|   0|    1|          0|
    |ap_predicate_pred3132_state50                     |    1|   0|    1|          0|
    |ap_predicate_pred3132_state51                     |    1|   0|    1|          0|
    |ap_predicate_pred3137_state50                     |    1|   0|    1|          0|
    |ap_predicate_pred3137_state51                     |    1|   0|    1|          0|
    |ap_predicate_pred3142_state50                     |    1|   0|    1|          0|
    |ap_predicate_pred3142_state51                     |    1|   0|    1|          0|
    |ap_predicate_pred3902_state57                     |    1|   0|    1|          0|
    |ap_predicate_pred3915_state57                     |    1|   0|    1|          0|
    |ap_predicate_pred3921_state57                     |    1|   0|    1|          0|
    |ap_predicate_pred3927_state57                     |    1|   0|    1|          0|
    |ap_predicate_pred3933_state57                     |    1|   0|    1|          0|
    |ap_predicate_pred3940_state57                     |    1|   0|    1|          0|
    |ap_predicate_pred4064_state63                     |    1|   0|    1|          0|
    |ap_predicate_pred4072_state63                     |    1|   0|    1|          0|
    |ap_predicate_pred4078_state63                     |    1|   0|    1|          0|
    |ap_predicate_pred4084_state63                     |    1|   0|    1|          0|
    |ap_predicate_pred4090_state63                     |    1|   0|    1|          0|
    |ap_predicate_pred4096_state63                     |    1|   0|    1|          0|
    |b_mag_reg_26086                                   |   32|   0|   32|          0|
    |c_reg_1030                                        |   32|   0|   32|          0|
    |i_1_reg_24526                                     |    3|   0|    3|          0|
    |i_fu_426                                          |    3|   0|    3|          0|
    |icmp_ln119_reg_26027                              |    1|   0|    1|          0|
    |icmp_ln34_reg_26061                               |    1|   0|    1|          0|
    |k_cast_reg_24521                                  |    2|   0|    3|          1|
    |mul138_1_reg_26192                                |   32|   0|   32|          0|
    |mul138_2_reg_26256                                |   32|   0|   32|          0|
    |mul139_1_reg_26197                                |   32|   0|   32|          0|
    |mul139_2_reg_26261                                |   32|   0|   32|          0|
    |mul147_1_reg_26202                                |   32|   0|   32|          0|
    |mul147_2_reg_26266                                |   32|   0|   32|          0|
    |mul148_1_reg_26207                                |   32|   0|   32|          0|
    |mul148_2_reg_26271                                |   32|   0|   32|          0|
    |mul156_1_reg_26212                                |   32|   0|   32|          0|
    |mul156_2_reg_26276                                |   32|   0|   32|          0|
    |mul157_1_reg_26217                                |   32|   0|   32|          0|
    |mul157_2_reg_26281                                |   32|   0|   32|          0|
    |mul164_1_reg_26222                                |   32|   0|   32|          0|
    |mul164_2_reg_26286                                |   32|   0|   32|          0|
    |mul165_1_reg_26227                                |   32|   0|   32|          0|
    |mul165_2_reg_26291                                |   32|   0|   32|          0|
    |mux_case_0102_fu_474                              |   32|   0|   32|          0|
    |mux_case_0102_load_reg_24866                      |   32|   0|   32|          0|
    |mux_case_01059_reg_6492                           |   32|   0|   32|          0|
    |mux_case_01064_reg_6415                           |   32|   0|   32|          0|
    |mux_case_01069_reg_6338                           |   32|   0|   32|          0|
    |mux_case_01074_reg_6261                           |   32|   0|   32|          0|
    |mux_case_01079_reg_6184                           |   32|   0|   32|          0|
    |mux_case_0107_fu_490                              |   32|   0|   32|          0|
    |mux_case_0107_load_reg_24974                      |   32|   0|   32|          0|
    |mux_case_01084_reg_6130                           |   32|   0|   32|          0|
    |mux_case_0111_fu_506                              |   32|   0|   32|          0|
    |mux_case_0111_load_reg_25082                      |   32|   0|   32|          0|
    |mux_case_0120_fu_534                              |   32|   0|   32|          0|
    |mux_case_0120_load_reg_25271                      |   32|   0|   32|          0|
    |mux_case_0125_fu_550                              |   32|   0|   32|          0|
    |mux_case_0125_load_reg_25379                      |   32|   0|   32|          0|
    |mux_case_0130_fu_566                              |   32|   0|   32|          0|
    |mux_case_0130_load_reg_25487                      |   32|   0|   32|          0|
    |mux_case_0135_fu_582                              |   32|   0|   32|          0|
    |mux_case_0135_load_reg_25595                      |   32|   0|   32|          0|
    |mux_case_0140_fu_598                              |   32|   0|   32|          0|
    |mux_case_0140_load_reg_25703                      |   32|   0|   32|          0|
    |mux_case_01508_reg_6931                           |   32|   0|   32|          0|
    |mux_case_01513_reg_6854                           |   32|   0|   32|          0|
    |mux_case_01518_reg_6777                           |   32|   0|   32|          0|
    |mux_case_01523_reg_6700                           |   32|   0|   32|          0|
    |mux_case_01528_reg_6623                           |   32|   0|   32|          0|
    |mux_case_01533_reg_6569                           |   32|   0|   32|          0|
    |mux_case_0170_fu_614                              |   32|   0|   32|          0|
    |mux_case_0170_load_reg_25811                      |   32|   0|   32|          0|
    |mux_case_0199_fu_630                              |   32|   0|   32|          0|
    |mux_case_0199_load_reg_25919                      |   32|   0|   32|          0|
    |mux_case_092_fu_442                               |   32|   0|   32|          0|
    |mux_case_092_load_reg_24650                       |   32|   0|   32|          0|
    |mux_case_097_fu_458                               |   32|   0|   32|          0|
    |mux_case_097_load_reg_24758                       |   32|   0|   32|          0|
    |mux_case_11025_reg_12654                          |   32|   0|   32|          0|
    |mux_case_11030_reg_12591                          |   32|   0|   32|          0|
    |mux_case_11035_reg_12528                          |   32|   0|   32|          0|
    |mux_case_1103_fu_478                              |   32|   0|   32|          0|
    |mux_case_1103_load_reg_24893                      |   32|   0|   32|          0|
    |mux_case_11040_reg_12465                          |   32|   0|   32|          0|
    |mux_case_11045_reg_12402                          |   32|   0|   32|          0|
    |mux_case_11050_reg_11967                          |   32|   0|   32|          0|
    |mux_case_11060_reg_3509                           |   32|   0|   32|          0|
    |mux_case_11065_reg_3278                           |   32|   0|   32|          0|
    |mux_case_11070_reg_3047                           |   32|   0|   32|          0|
    |mux_case_11075_reg_2816                           |   32|   0|   32|          0|
    |mux_case_11080_reg_2585                           |   32|   0|   32|          0|
    |mux_case_11085_reg_2377                           |   32|   0|   32|          0|
    |mux_case_1108_fu_494                              |   32|   0|   32|          0|
    |mux_case_1108_load_reg_25001                      |   32|   0|   32|          0|
    |mux_case_1112_fu_510                              |   32|   0|   32|          0|
    |mux_case_1112_load_reg_25109                      |   32|   0|   32|          0|
    |mux_case_1116_fu_522                              |   32|   0|   32|          0|
    |mux_case_1116_load_reg_25190                      |   32|   0|   32|          0|
    |mux_case_1121_fu_538                              |   32|   0|   32|          0|
    |mux_case_1121_load_reg_25298                      |   32|   0|   32|          0|
    |mux_case_1126_fu_554                              |   32|   0|   32|          0|
    |mux_case_1126_load_reg_25406                      |   32|   0|   32|          0|
    |mux_case_1131_fu_570                              |   32|   0|   32|          0|
    |mux_case_1131_load_reg_25514                      |   32|   0|   32|          0|
    |mux_case_11360_reg_12278                          |   32|   0|   32|          0|
    |mux_case_11365_reg_12216                          |   32|   0|   32|          0|
    |mux_case_1136_fu_586                              |   32|   0|   32|          0|
    |mux_case_1136_load_reg_25622                      |   32|   0|   32|          0|
    |mux_case_11370_reg_12154                          |   32|   0|   32|          0|
    |mux_case_11375_reg_12092                          |   32|   0|   32|          0|
    |mux_case_11380_reg_12030                          |   32|   0|   32|          0|
    |mux_case_11385_reg_11905                          |   32|   0|   32|          0|
    |mux_case_1141_fu_602                              |   32|   0|   32|          0|
    |mux_case_1141_load_reg_25730                      |   32|   0|   32|          0|
    |mux_case_11509_reg_6053                           |   32|   0|   32|          0|
    |mux_case_11514_reg_5822                           |   32|   0|   32|          0|
    |mux_case_11519_reg_5591                           |   32|   0|   32|          0|
    |mux_case_11524_reg_5360                           |   32|   0|   32|          0|
    |mux_case_11529_reg_5129                           |   32|   0|   32|          0|
    |mux_case_11534_reg_4921                           |   32|   0|   32|          0|
    |mux_case_1171_fu_618                              |   32|   0|   32|          0|
    |mux_case_1171_load_reg_25838                      |   32|   0|   32|          0|
    |mux_case_1200_fu_634                              |   32|   0|   32|          0|
    |mux_case_1200_load_reg_25946                      |   32|   0|   32|          0|
    |mux_case_18901788_reg_2215                        |   32|   0|   32|          0|
    |mux_case_19201884_reg_4759                        |   32|   0|   32|          0|
    |mux_case_193_fu_446                               |   32|   0|   32|          0|
    |mux_case_193_load_reg_24677                       |   32|   0|   32|          0|
    |mux_case_198_fu_462                               |   32|   0|   32|          0|
    |mux_case_198_load_reg_24785                       |   32|   0|   32|          0|
    |mux_case_1_fu_430                                 |   32|   0|   32|          0|
    |mux_case_1_load_reg_24569                         |   32|   0|   32|          0|
    |mux_case_21001_reg_13292                          |   32|   0|   32|          0|
    |mux_case_21006_reg_13271                          |   32|   0|   32|          0|
    |mux_case_21011_reg_13250                          |   32|   0|   32|          0|
    |mux_case_21016_reg_13104                          |   32|   0|   32|          0|
    |mux_case_21021_reg_11842                          |   32|   0|   32|          0|
    |mux_case_21026_reg_11716                          |   32|   0|   32|          0|
    |mux_case_21031_reg_11590                          |   32|   0|   32|          0|
    |mux_case_21036_reg_11464                          |   32|   0|   32|          0|
    |mux_case_21041_reg_11338                          |   32|   0|   32|          0|
    |mux_case_21046_reg_11212                          |   32|   0|   32|          0|
    |mux_case_2104_fu_482                              |   32|   0|   32|          0|
    |mux_case_2104_load_reg_24920                      |   32|   0|   32|          0|
    |mux_case_21051_reg_10340                          |   32|   0|   32|          0|
    |mux_case_21061_reg_3432                           |   32|   0|   32|          0|
    |mux_case_21066_reg_3201                           |   32|   0|   32|          0|
    |mux_case_21071_reg_2970                           |   32|   0|   32|          0|
    |mux_case_21076_reg_2739                           |   32|   0|   32|          0|
    |mux_case_21081_reg_2508                           |   32|   0|   32|          0|
    |mux_case_21086_reg_2323                           |   32|   0|   32|          0|
    |mux_case_2109_fu_498                              |   32|   0|   32|          0|
    |mux_case_2109_load_reg_25028                      |   32|   0|   32|          0|
    |mux_case_2113_fu_514                              |   32|   0|   32|          0|
    |mux_case_2113_load_reg_25136                      |   32|   0|   32|          0|
    |mux_case_2117_fu_526                              |   32|   0|   32|          0|
    |mux_case_2117_load_reg_25217                      |   32|   0|   32|          0|
    |mux_case_21212_reg_13209                          |   32|   0|   32|          0|
    |mux_case_21217_reg_13188                          |   32|   0|   32|          0|
    |mux_case_21222_reg_13167                          |   32|   0|   32|          0|
    |mux_case_21227_reg_13146                          |   32|   0|   32|          0|
    |mux_case_2122_fu_542                              |   32|   0|   32|          0|
    |mux_case_2122_load_reg_25325                      |   32|   0|   32|          0|
    |mux_case_21232_reg_13125                          |   32|   0|   32|          0|
    |mux_case_21237_reg_13078                          |   32|   0|   32|          0|
    |mux_case_2127_fu_558                              |   32|   0|   32|          0|
    |mux_case_2127_load_reg_25433                      |   32|   0|   32|          0|
    |mux_case_2132_fu_574                              |   32|   0|   32|          0|
    |mux_case_2132_load_reg_25541                      |   32|   0|   32|          0|
    |mux_case_21356_reg_11086                          |   32|   0|   32|          0|
    |mux_case_21361_reg_10961                          |   32|   0|   32|          0|
    |mux_case_21366_reg_10837                          |   32|   0|   32|          0|
    |mux_case_21371_reg_10713                          |   32|   0|   32|          0|
    |mux_case_21376_reg_10589                          |   32|   0|   32|          0|
    |mux_case_2137_fu_590                              |   32|   0|   32|          0|
    |mux_case_2137_load_reg_25649                      |   32|   0|   32|          0|
    |mux_case_21381_reg_10465                          |   32|   0|   32|          0|
    |mux_case_21386_reg_10215                          |   32|   0|   32|          0|
    |mux_case_2142_fu_606                              |   32|   0|   32|          0|
    |mux_case_2142_load_reg_25757                      |   32|   0|   32|          0|
    |mux_case_21510_reg_5976                           |   32|   0|   32|          0|
    |mux_case_21515_reg_5745                           |   32|   0|   32|          0|
    |mux_case_21520_reg_5514                           |   32|   0|   32|          0|
    |mux_case_21525_reg_5283                           |   32|   0|   32|          0|
    |mux_case_21530_reg_5052                           |   32|   0|   32|          0|
    |mux_case_21535_reg_4867                           |   32|   0|   32|          0|
    |mux_case_2172_fu_622                              |   32|   0|   32|          0|
    |mux_case_2172_load_reg_25865                      |   32|   0|   32|          0|
    |mux_case_2201_fu_638                              |   32|   0|   32|          0|
    |mux_case_2201_load_reg_25973                      |   32|   0|   32|          0|
    |mux_case_28911792_reg_2161                        |   32|   0|   32|          0|
    |mux_case_29211888_reg_4705                        |   32|   0|   32|          0|
    |mux_case_294_fu_450                               |   32|   0|   32|          0|
    |mux_case_294_load_reg_24704                       |   32|   0|   32|          0|
    |mux_case_2991_reg_13334                           |   32|   0|   32|          0|
    |mux_case_2996_reg_13313                           |   32|   0|   32|          0|
    |mux_case_299_fu_466                               |   32|   0|   32|          0|
    |mux_case_299_load_reg_24812                       |   32|   0|   32|          0|
    |mux_case_2_fu_434                                 |   32|   0|   32|          0|
    |mux_case_2_load_reg_24596                         |   32|   0|   32|          0|
    |mux_case_31002_reg_12994                          |   32|   0|   32|          0|
    |mux_case_31007_reg_12973                          |   32|   0|   32|          0|
    |mux_case_3100_fu_470                              |   32|   0|   32|          0|
    |mux_case_3100_load_reg_24839                      |   32|   0|   32|          0|
    |mux_case_31012_reg_12952                          |   32|   0|   32|          0|
    |mux_case_31017_reg_12805                          |   32|   0|   32|          0|
    |mux_case_31022_reg_11779                          |   32|   0|   32|          0|
    |mux_case_31027_reg_11653                          |   32|   0|   32|          0|
    |mux_case_31032_reg_11527                          |   32|   0|   32|          0|
    |mux_case_31037_reg_11401                          |   32|   0|   32|          0|
    |mux_case_31042_reg_11275                          |   32|   0|   32|          0|
    |mux_case_31047_reg_11149                          |   32|   0|   32|          0|
    |mux_case_31052_reg_10277                          |   32|   0|   32|          0|
    |mux_case_3105_fu_486                              |   32|   0|   32|          0|
    |mux_case_3105_load_reg_24947                      |   32|   0|   32|          0|
    |mux_case_31062_reg_3355                           |   32|   0|   32|          0|
    |mux_case_31067_reg_3124                           |   32|   0|   32|          0|
    |mux_case_31072_reg_2893                           |   32|   0|   32|          0|
    |mux_case_31077_reg_2662                           |   32|   0|   32|          0|
    |mux_case_31082_reg_2431                           |   32|   0|   32|          0|
    |mux_case_31087_reg_2269                           |   32|   0|   32|          0|
    |mux_case_3110_fu_502                              |   32|   0|   32|          0|
    |mux_case_3110_load_reg_25055                      |   32|   0|   32|          0|
    |mux_case_3114_fu_518                              |   32|   0|   32|          0|
    |mux_case_3114_load_reg_25163                      |   32|   0|   32|          0|
    |mux_case_3118_fu_530                              |   32|   0|   32|          0|
    |mux_case_3118_load_reg_25244                      |   32|   0|   32|          0|
    |mux_case_31208_reg_12931                          |   32|   0|   32|          0|
    |mux_case_31213_reg_12910                          |   32|   0|   32|          0|
    |mux_case_31218_reg_12889                          |   32|   0|   32|          0|
    |mux_case_31223_reg_12868                          |   32|   0|   32|          0|
    |mux_case_31228_reg_12847                          |   32|   0|   32|          0|
    |mux_case_31233_reg_12826                          |   32|   0|   32|          0|
    |mux_case_31238_reg_12779                          |   32|   0|   32|          0|
    |mux_case_3123_fu_546                              |   32|   0|   32|          0|
    |mux_case_3123_load_reg_25352                      |   32|   0|   32|          0|
    |mux_case_3128_fu_562                              |   32|   0|   32|          0|
    |mux_case_3128_load_reg_25460                      |   32|   0|   32|          0|
    |mux_case_3133_fu_578                              |   32|   0|   32|          0|
    |mux_case_3133_load_reg_25568                      |   32|   0|   32|          0|
    |mux_case_31357_reg_11023                          |   32|   0|   32|          0|
    |mux_case_31362_reg_10899                          |   32|   0|   32|          0|
    |mux_case_31367_reg_10775                          |   32|   0|   32|          0|
    |mux_case_31372_reg_10651                          |   32|   0|   32|          0|
    |mux_case_31377_reg_10527                          |   32|   0|   32|          0|
    |mux_case_31382_reg_10403                          |   32|   0|   32|          0|
    |mux_case_31387_reg_10153                          |   32|   0|   32|          0|
    |mux_case_3138_fu_594                              |   32|   0|   32|          0|
    |mux_case_3138_load_reg_25676                      |   32|   0|   32|          0|
    |mux_case_3143_fu_610                              |   32|   0|   32|          0|
    |mux_case_3143_load_reg_25784                      |   32|   0|   32|          0|
    |mux_case_31511_reg_5899                           |   32|   0|   32|          0|
    |mux_case_31516_reg_5668                           |   32|   0|   32|          0|
    |mux_case_31521_reg_5437                           |   32|   0|   32|          0|
    |mux_case_31526_reg_5206                           |   32|   0|   32|          0|
    |mux_case_31531_reg_4975                           |   32|   0|   32|          0|
    |mux_case_31536_reg_4813                           |   32|   0|   32|          0|
    |mux_case_3173_fu_626                              |   32|   0|   32|          0|
    |mux_case_3173_load_reg_25892                      |   32|   0|   32|          0|
    |mux_case_3202_fu_642                              |   32|   0|   32|          0|
    |mux_case_3202_load_reg_26000                      |   32|   0|   32|          0|
    |mux_case_38921796_reg_2107                        |   32|   0|   32|          0|
    |mux_case_39221892_reg_4651                        |   32|   0|   32|          0|
    |mux_case_395_fu_454                               |   32|   0|   32|          0|
    |mux_case_395_load_reg_24731                       |   32|   0|   32|          0|
    |mux_case_3987_reg_13057                           |   32|   0|   32|          0|
    |mux_case_3992_reg_13036                           |   32|   0|   32|          0|
    |mux_case_3997_reg_13015                           |   32|   0|   32|          0|
    |mux_case_3_fu_438                                 |   32|   0|   32|          0|
    |mux_case_3_load_reg_24623                         |   32|   0|   32|          0|
    |r_reg_26093                                       |   32|   0|   32|          0|
    |reg_17443                                         |   32|   0|   32|          0|
    |reg_17448                                         |   32|   0|   32|          0|
    |reg_17453                                         |   32|   0|   32|          0|
    |reg_17458                                         |   32|   0|   32|          0|
    |reg_17463                                         |   32|   0|   32|          0|
    |reg_17509                                         |   32|   0|   32|          0|
    |reg_17555                                         |   32|   0|   32|          0|
    |reg_17560                                         |   32|   0|   32|          0|
    |reg_17565                                         |   32|   0|   32|          0|
    |reg_17570                                         |   32|   0|   32|          0|
    |reg_17575                                         |   32|   0|   32|          0|
    |reg_17580                                         |   32|   0|   32|          0|
    |reg_17585                                         |   32|   0|   32|          0|
    |reg_17590                                         |   32|   0|   32|          0|
    |reg_17595                                         |   32|   0|   32|          0|
    |reg_17600                                         |   32|   0|   32|          0|
    |reg_17605                                         |   32|   0|   32|          0|
    |reg_17610                                         |   32|   0|   32|          0|
    |reg_17615                                         |   32|   0|   32|          0|
    |reg_17661                                         |   32|   0|   32|          0|
    |s_reg_1018                                        |   32|   0|   32|          0|
    |tmp_42_reg_26120                                  |   32|   0|   32|          0|
    |tmp_43_reg_26126                                  |   32|   0|   32|          0|
    |tmp_44_reg_26132                                  |   32|   0|   32|          0|
    |tmp_45_reg_26138                                  |   32|   0|   32|          0|
    |tmp_46_reg_26144                                  |   32|   0|   32|          0|
    |tmp_47_reg_26150                                  |   32|   0|   32|          0|
    |tmp_48_reg_26156                                  |   32|   0|   32|          0|
    |tmp_49_reg_26162                                  |   32|   0|   32|          0|
    |tmp_50_reg_26168                                  |   32|   0|   32|          0|
    |tmp_51_reg_26174                                  |   32|   0|   32|          0|
    |tmp_52_reg_26180                                  |   32|   0|   32|          0|
    |tmp_53_reg_26186                                  |   32|   0|   32|          0|
    |tmp_54_reg_26232                                  |   32|   0|   32|          0|
    |tmp_55_reg_26238                                  |   32|   0|   32|          0|
    |tmp_56_reg_26244                                  |   32|   0|   32|          0|
    |tmp_57_reg_26250                                  |   32|   0|   32|          0|
    +--------------------------------------------------+-----+----+-----+-----------+
    |Total                                             |16116|   0|16117|          1|
    +--------------------------------------------------+-----+----+-----+-----------+



================================================================
== Interface
================================================================
* Summary: 
+--------------------------------+-----+-----+------------+-------------------------------+--------------+
|            RTL Ports           | Dir | Bits|  Protocol  |         Source Object         |    C Type    |
+--------------------------------+-----+-----+------------+-------------------------------+--------------+
|ap_clk                          |   in|    1|  ap_ctrl_hs|  top_Pipeline_VITIS_LOOP_119_2|  return value|
|ap_rst                          |   in|    1|  ap_ctrl_hs|  top_Pipeline_VITIS_LOOP_119_2|  return value|
|ap_start                        |   in|    1|  ap_ctrl_hs|  top_Pipeline_VITIS_LOOP_119_2|  return value|
|ap_done                         |  out|    1|  ap_ctrl_hs|  top_Pipeline_VITIS_LOOP_119_2|  return value|
|ap_idle                         |  out|    1|  ap_ctrl_hs|  top_Pipeline_VITIS_LOOP_119_2|  return value|
|ap_ready                        |  out|    1|  ap_ctrl_hs|  top_Pipeline_VITIS_LOOP_119_2|  return value|
|mux_case_32023512               |   in|   32|     ap_none|              mux_case_32023512|        scalar|
|mux_case_22013501               |   in|   32|     ap_none|              mux_case_22013501|        scalar|
|mux_case_12003490               |   in|   32|     ap_none|              mux_case_12003490|        scalar|
|mux_case_01993479               |   in|   32|     ap_none|              mux_case_01993479|        scalar|
|mux_case_31733468               |   in|   32|     ap_none|              mux_case_31733468|        scalar|
|mux_case_21723457               |   in|   32|     ap_none|              mux_case_21723457|        scalar|
|mux_case_11713446               |   in|   32|     ap_none|              mux_case_11713446|        scalar|
|mux_case_01703435               |   in|   32|     ap_none|              mux_case_01703435|        scalar|
|mux_case_31433424               |   in|   32|     ap_none|              mux_case_31433424|        scalar|
|mux_case_21423411               |   in|   32|     ap_none|              mux_case_21423411|        scalar|
|mux_case_11413398               |   in|   32|     ap_none|              mux_case_11413398|        scalar|
|mux_case_01403385               |   in|   32|     ap_none|              mux_case_01403385|        scalar|
|mux_case_31383372               |   in|   32|     ap_none|              mux_case_31383372|        scalar|
|mux_case_21373359               |   in|   32|     ap_none|              mux_case_21373359|        scalar|
|mux_case_11363346               |   in|   32|     ap_none|              mux_case_11363346|        scalar|
|mux_case_01353333               |   in|   32|     ap_none|              mux_case_01353333|        scalar|
|mux_case_31333320               |   in|   32|     ap_none|              mux_case_31333320|        scalar|
|mux_case_21323307               |   in|   32|     ap_none|              mux_case_21323307|        scalar|
|mux_case_11313294               |   in|   32|     ap_none|              mux_case_11313294|        scalar|
|mux_case_01303281               |   in|   32|     ap_none|              mux_case_01303281|        scalar|
|mux_case_31283268               |   in|   32|     ap_none|              mux_case_31283268|        scalar|
|mux_case_21273255               |   in|   32|     ap_none|              mux_case_21273255|        scalar|
|mux_case_11263242               |   in|   32|     ap_none|              mux_case_11263242|        scalar|
|mux_case_01253229               |   in|   32|     ap_none|              mux_case_01253229|        scalar|
|mux_case_31233216               |   in|   32|     ap_none|              mux_case_31233216|        scalar|
|mux_case_21223203               |   in|   32|     ap_none|              mux_case_21223203|        scalar|
|mux_case_11213190               |   in|   32|     ap_none|              mux_case_11213190|        scalar|
|mux_case_01203177               |   in|   32|     ap_none|              mux_case_01203177|        scalar|
|mux_case_31183164               |   in|   32|     ap_none|              mux_case_31183164|        scalar|
|mux_case_21173153               |   in|   32|     ap_none|              mux_case_21173153|        scalar|
|mux_case_11163142               |   in|   32|     ap_none|              mux_case_11163142|        scalar|
|mux_case_31143120               |   in|   32|     ap_none|              mux_case_31143120|        scalar|
|mux_case_21133107               |   in|   32|     ap_none|              mux_case_21133107|        scalar|
|mux_case_11123094               |   in|   32|     ap_none|              mux_case_11123094|        scalar|
|mux_case_01113081               |   in|   32|     ap_none|              mux_case_01113081|        scalar|
|mux_case_31103068               |   in|   32|     ap_none|              mux_case_31103068|        scalar|
|mux_case_21093055               |   in|   32|     ap_none|              mux_case_21093055|        scalar|
|mux_case_11083042               |   in|   32|     ap_none|              mux_case_11083042|        scalar|
|mux_case_01073029               |   in|   32|     ap_none|              mux_case_01073029|        scalar|
|mux_case_31053016               |   in|   32|     ap_none|              mux_case_31053016|        scalar|
|mux_case_21043003               |   in|   32|     ap_none|              mux_case_21043003|        scalar|
|mux_case_11032990               |   in|   32|     ap_none|              mux_case_11032990|        scalar|
|mux_case_01022977               |   in|   32|     ap_none|              mux_case_01022977|        scalar|
|mux_case_31002964               |   in|   32|     ap_none|              mux_case_31002964|        scalar|
|mux_case_2992951                |   in|   32|     ap_none|               mux_case_2992951|        scalar|
|mux_case_1982938                |   in|   32|     ap_none|               mux_case_1982938|        scalar|
|mux_case_0972925                |   in|   32|     ap_none|               mux_case_0972925|        scalar|
|mux_case_3952912                |   in|   32|     ap_none|               mux_case_3952912|        scalar|
|mux_case_2942899                |   in|   32|     ap_none|               mux_case_2942899|        scalar|
|mux_case_1932886                |   in|   32|     ap_none|               mux_case_1932886|        scalar|
|mux_case_0922873                |   in|   32|     ap_none|               mux_case_0922873|        scalar|
|mux_case_32860                  |   in|   32|     ap_none|                 mux_case_32860|        scalar|
|mux_case_22849                  |   in|   32|     ap_none|                 mux_case_22849|        scalar|
|mux_case_12838                  |   in|   32|     ap_none|                 mux_case_12838|        scalar|
|k                               |   in|    2|     ap_none|                              k|        scalar|
|empty_15                        |   in|    2|     ap_none|                       empty_15|        scalar|
|empty_16                        |   in|    1|     ap_none|                       empty_16|        scalar|
|icmp_ln41                       |   in|    1|     ap_none|                      icmp_ln41|        scalar|
|empty_17                        |   in|    2|     ap_none|                       empty_17|        scalar|
|empty_18                        |   in|    1|     ap_none|                       empty_18|        scalar|
|empty_19                        |   in|    2|     ap_none|                       empty_19|        scalar|
|empty                           |   in|    1|     ap_none|                          empty|        scalar|
|mux_case_35483972_out_i         |   in|   32|     ap_ovld|          mux_case_35483972_out|       pointer|
|mux_case_35483972_out_o         |  out|   32|     ap_ovld|          mux_case_35483972_out|       pointer|
|mux_case_35483972_out_o_ap_vld  |  out|    1|     ap_ovld|          mux_case_35483972_out|       pointer|
|mux_case_25473963_out_i         |   in|   32|     ap_ovld|          mux_case_25473963_out|       pointer|
|mux_case_25473963_out_o         |  out|   32|     ap_ovld|          mux_case_25473963_out|       pointer|
|mux_case_25473963_out_o_ap_vld  |  out|    1|     ap_ovld|          mux_case_25473963_out|       pointer|
|mux_case_15463955_out_i         |   in|   32|     ap_ovld|          mux_case_15463955_out|       pointer|
|mux_case_15463955_out_o         |  out|   32|     ap_ovld|          mux_case_15463955_out|       pointer|
|mux_case_15463955_out_o_ap_vld  |  out|    1|     ap_ovld|          mux_case_15463955_out|       pointer|
|mux_case_05453947_out_i         |   in|   32|     ap_ovld|          mux_case_05453947_out|       pointer|
|mux_case_05453947_out_o         |  out|   32|     ap_ovld|          mux_case_05453947_out|       pointer|
|mux_case_05453947_out_o_ap_vld  |  out|    1|     ap_ovld|          mux_case_05453947_out|       pointer|
|mux_case_35183939_out_i         |   in|   32|     ap_ovld|          mux_case_35183939_out|       pointer|
|mux_case_35183939_out_o         |  out|   32|     ap_ovld|          mux_case_35183939_out|       pointer|
|mux_case_35183939_out_o_ap_vld  |  out|    1|     ap_ovld|          mux_case_35183939_out|       pointer|
|mux_case_25173930_out_i         |   in|   32|     ap_ovld|          mux_case_25173930_out|       pointer|
|mux_case_25173930_out_o         |  out|   32|     ap_ovld|          mux_case_25173930_out|       pointer|
|mux_case_25173930_out_o_ap_vld  |  out|    1|     ap_ovld|          mux_case_25173930_out|       pointer|
|mux_case_15163922_out_i         |   in|   32|     ap_ovld|          mux_case_15163922_out|       pointer|
|mux_case_15163922_out_o         |  out|   32|     ap_ovld|          mux_case_15163922_out|       pointer|
|mux_case_15163922_out_o_ap_vld  |  out|    1|     ap_ovld|          mux_case_15163922_out|       pointer|
|mux_case_05153914_out_i         |   in|   32|     ap_ovld|          mux_case_05153914_out|       pointer|
|mux_case_05153914_out_o         |  out|   32|     ap_ovld|          mux_case_05153914_out|       pointer|
|mux_case_05153914_out_o_ap_vld  |  out|    1|     ap_ovld|          mux_case_05153914_out|       pointer|
|mux_case_34883906_out_i         |   in|   32|     ap_ovld|          mux_case_34883906_out|       pointer|
|mux_case_34883906_out_o         |  out|   32|     ap_ovld|          mux_case_34883906_out|       pointer|
|mux_case_34883906_out_o_ap_vld  |  out|    1|     ap_ovld|          mux_case_34883906_out|       pointer|
|mux_case_24873898_out_i         |   in|   32|     ap_ovld|          mux_case_24873898_out|       pointer|
|mux_case_24873898_out_o         |  out|   32|     ap_ovld|          mux_case_24873898_out|       pointer|
|mux_case_24873898_out_o_ap_vld  |  out|    1|     ap_ovld|          mux_case_24873898_out|       pointer|
|mux_case_14863889_out_i         |   in|   32|     ap_ovld|          mux_case_14863889_out|       pointer|
|mux_case_14863889_out_o         |  out|   32|     ap_ovld|          mux_case_14863889_out|       pointer|
|mux_case_14863889_out_o_ap_vld  |  out|    1|     ap_ovld|          mux_case_14863889_out|       pointer|
|mux_case_04853881_out_i         |   in|   32|     ap_ovld|          mux_case_04853881_out|       pointer|
|mux_case_04853881_out_o         |  out|   32|     ap_ovld|          mux_case_04853881_out|       pointer|
|mux_case_04853881_out_o_ap_vld  |  out|    1|     ap_ovld|          mux_case_04853881_out|       pointer|
|mux_case_34833873_out_i         |   in|   32|     ap_ovld|          mux_case_34833873_out|       pointer|
|mux_case_34833873_out_o         |  out|   32|     ap_ovld|          mux_case_34833873_out|       pointer|
|mux_case_34833873_out_o_ap_vld  |  out|    1|     ap_ovld|          mux_case_34833873_out|       pointer|
|mux_case_24823865_out_i         |   in|   32|     ap_ovld|          mux_case_24823865_out|       pointer|
|mux_case_24823865_out_o         |  out|   32|     ap_ovld|          mux_case_24823865_out|       pointer|
|mux_case_24823865_out_o_ap_vld  |  out|    1|     ap_ovld|          mux_case_24823865_out|       pointer|
|mux_case_14813857_out_i         |   in|   32|     ap_ovld|          mux_case_14813857_out|       pointer|
|mux_case_14813857_out_o         |  out|   32|     ap_ovld|          mux_case_14813857_out|       pointer|
|mux_case_14813857_out_o_ap_vld  |  out|    1|     ap_ovld|          mux_case_14813857_out|       pointer|
|mux_case_04803848_out_i         |   in|   32|     ap_ovld|          mux_case_04803848_out|       pointer|
|mux_case_04803848_out_o         |  out|   32|     ap_ovld|          mux_case_04803848_out|       pointer|
|mux_case_04803848_out_o_ap_vld  |  out|    1|     ap_ovld|          mux_case_04803848_out|       pointer|
|mux_case_34783839_out_i         |   in|   32|     ap_ovld|          mux_case_34783839_out|       pointer|
|mux_case_34783839_out_o         |  out|   32|     ap_ovld|          mux_case_34783839_out|       pointer|
|mux_case_34783839_out_o_ap_vld  |  out|    1|     ap_ovld|          mux_case_34783839_out|       pointer|
|mux_case_24773831_out_i         |   in|   32|     ap_ovld|          mux_case_24773831_out|       pointer|
|mux_case_24773831_out_o         |  out|   32|     ap_ovld|          mux_case_24773831_out|       pointer|
|mux_case_24773831_out_o_ap_vld  |  out|    1|     ap_ovld|          mux_case_24773831_out|       pointer|
|mux_case_14763823_out_i         |   in|   32|     ap_ovld|          mux_case_14763823_out|       pointer|
|mux_case_14763823_out_o         |  out|   32|     ap_ovld|          mux_case_14763823_out|       pointer|
|mux_case_14763823_out_o_ap_vld  |  out|    1|     ap_ovld|          mux_case_14763823_out|       pointer|
|mux_case_04753815_out_i         |   in|   32|     ap_ovld|          mux_case_04753815_out|       pointer|
|mux_case_04753815_out_o         |  out|   32|     ap_ovld|          mux_case_04753815_out|       pointer|
|mux_case_04753815_out_o_ap_vld  |  out|    1|     ap_ovld|          mux_case_04753815_out|       pointer|
|mux_case_34733807_out_i         |   in|   32|     ap_ovld|          mux_case_34733807_out|       pointer|
|mux_case_34733807_out_o         |  out|   32|     ap_ovld|          mux_case_34733807_out|       pointer|
|mux_case_34733807_out_o_ap_vld  |  out|    1|     ap_ovld|          mux_case_34733807_out|       pointer|
|mux_case_24723798_out_i         |   in|   32|     ap_ovld|          mux_case_24723798_out|       pointer|
|mux_case_24723798_out_o         |  out|   32|     ap_ovld|          mux_case_24723798_out|       pointer|
|mux_case_24723798_out_o_ap_vld  |  out|    1|     ap_ovld|          mux_case_24723798_out|       pointer|
|mux_case_14713790_out_i         |   in|   32|     ap_ovld|          mux_case_14713790_out|       pointer|
|mux_case_14713790_out_o         |  out|   32|     ap_ovld|          mux_case_14713790_out|       pointer|
|mux_case_14713790_out_o_ap_vld  |  out|    1|     ap_ovld|          mux_case_14713790_out|       pointer|
|mux_case_04703782_out_i         |   in|   32|     ap_ovld|          mux_case_04703782_out|       pointer|
|mux_case_04703782_out_o         |  out|   32|     ap_ovld|          mux_case_04703782_out|       pointer|
|mux_case_04703782_out_o_ap_vld  |  out|    1|     ap_ovld|          mux_case_04703782_out|       pointer|
|mux_case_34683774_out_i         |   in|   32|     ap_ovld|          mux_case_34683774_out|       pointer|
|mux_case_34683774_out_o         |  out|   32|     ap_ovld|          mux_case_34683774_out|       pointer|
|mux_case_34683774_out_o_ap_vld  |  out|    1|     ap_ovld|          mux_case_34683774_out|       pointer|
|mux_case_24673766_out_i         |   in|   32|     ap_ovld|          mux_case_24673766_out|       pointer|
|mux_case_24673766_out_o         |  out|   32|     ap_ovld|          mux_case_24673766_out|       pointer|
|mux_case_24673766_out_o_ap_vld  |  out|    1|     ap_ovld|          mux_case_24673766_out|       pointer|
|mux_case_14663757_out_i         |   in|   32|     ap_ovld|          mux_case_14663757_out|       pointer|
|mux_case_14663757_out_o         |  out|   32|     ap_ovld|          mux_case_14663757_out|       pointer|
|mux_case_14663757_out_o_ap_vld  |  out|    1|     ap_ovld|          mux_case_14663757_out|       pointer|
|mux_case_04653749_out_i         |   in|   32|     ap_ovld|          mux_case_04653749_out|       pointer|
|mux_case_04653749_out_o         |  out|   32|     ap_ovld|          mux_case_04653749_out|       pointer|
|mux_case_04653749_out_o_ap_vld  |  out|    1|     ap_ovld|          mux_case_04653749_out|       pointer|
|mux_case_34633741_out_i         |   in|   32|     ap_ovld|          mux_case_34633741_out|       pointer|
|mux_case_34633741_out_o         |  out|   32|     ap_ovld|          mux_case_34633741_out|       pointer|
|mux_case_34633741_out_o_ap_vld  |  out|    1|     ap_ovld|          mux_case_34633741_out|       pointer|
|mux_case_24623733_out_i         |   in|   32|     ap_ovld|          mux_case_24623733_out|       pointer|
|mux_case_24623733_out_o         |  out|   32|     ap_ovld|          mux_case_24623733_out|       pointer|
|mux_case_24623733_out_o_ap_vld  |  out|    1|     ap_ovld|          mux_case_24623733_out|       pointer|
|mux_case_14613725_out_i         |   in|   32|     ap_ovld|          mux_case_14613725_out|       pointer|
|mux_case_14613725_out_o         |  out|   32|     ap_ovld|          mux_case_14613725_out|       pointer|
|mux_case_14613725_out_o_ap_vld  |  out|    1|     ap_ovld|          mux_case_14613725_out|       pointer|
|mux_case_04603716_out_i         |   in|   32|     ap_ovld|          mux_case_04603716_out|       pointer|
|mux_case_04603716_out_o         |  out|   32|     ap_ovld|          mux_case_04603716_out|       pointer|
|mux_case_04603716_out_o_ap_vld  |  out|    1|     ap_ovld|          mux_case_04603716_out|       pointer|
|mux_case_34583708_out_i         |   in|   32|     ap_ovld|          mux_case_34583708_out|       pointer|
|mux_case_34583708_out_o         |  out|   32|     ap_ovld|          mux_case_34583708_out|       pointer|
|mux_case_34583708_out_o_ap_vld  |  out|    1|     ap_ovld|          mux_case_34583708_out|       pointer|
|mux_case_24573700_out_i         |   in|   32|     ap_ovld|          mux_case_24573700_out|       pointer|
|mux_case_24573700_out_o         |  out|   32|     ap_ovld|          mux_case_24573700_out|       pointer|
|mux_case_24573700_out_o_ap_vld  |  out|    1|     ap_ovld|          mux_case_24573700_out|       pointer|
|mux_case_14563691_out_i         |   in|   32|     ap_ovld|          mux_case_14563691_out|       pointer|
|mux_case_14563691_out_o         |  out|   32|     ap_ovld|          mux_case_14563691_out|       pointer|
|mux_case_14563691_out_o_ap_vld  |  out|    1|     ap_ovld|          mux_case_14563691_out|       pointer|
|mux_case_04553683_out_i         |   in|   32|     ap_ovld|          mux_case_04553683_out|       pointer|
|mux_case_04553683_out_o         |  out|   32|     ap_ovld|          mux_case_04553683_out|       pointer|
|mux_case_04553683_out_o_ap_vld  |  out|    1|     ap_ovld|          mux_case_04553683_out|       pointer|
|mux_case_34533675_out_i         |   in|   32|     ap_ovld|          mux_case_34533675_out|       pointer|
|mux_case_34533675_out_o         |  out|   32|     ap_ovld|          mux_case_34533675_out|       pointer|
|mux_case_34533675_out_o_ap_vld  |  out|    1|     ap_ovld|          mux_case_34533675_out|       pointer|
|mux_case_24523667_out_i         |   in|   32|     ap_ovld|          mux_case_24523667_out|       pointer|
|mux_case_24523667_out_o         |  out|   32|     ap_ovld|          mux_case_24523667_out|       pointer|
|mux_case_24523667_out_o_ap_vld  |  out|    1|     ap_ovld|          mux_case_24523667_out|       pointer|
|mux_case_14513659_out_i         |   in|   32|     ap_ovld|          mux_case_14513659_out|       pointer|
|mux_case_14513659_out_o         |  out|   32|     ap_ovld|          mux_case_14513659_out|       pointer|
|mux_case_14513659_out_o_ap_vld  |  out|    1|     ap_ovld|          mux_case_14513659_out|       pointer|
|mux_case_04503650_out_i         |   in|   32|     ap_ovld|          mux_case_04503650_out|       pointer|
|mux_case_04503650_out_o         |  out|   32|     ap_ovld|          mux_case_04503650_out|       pointer|
|mux_case_04503650_out_o_ap_vld  |  out|    1|     ap_ovld|          mux_case_04503650_out|       pointer|
|mux_case_34483641_out_i         |   in|   32|     ap_ovld|          mux_case_34483641_out|       pointer|
|mux_case_34483641_out_o         |  out|   32|     ap_ovld|          mux_case_34483641_out|       pointer|
|mux_case_34483641_out_o_ap_vld  |  out|    1|     ap_ovld|          mux_case_34483641_out|       pointer|
|mux_case_24473633_out_i         |   in|   32|     ap_ovld|          mux_case_24473633_out|       pointer|
|mux_case_24473633_out_o         |  out|   32|     ap_ovld|          mux_case_24473633_out|       pointer|
|mux_case_24473633_out_o_ap_vld  |  out|    1|     ap_ovld|          mux_case_24473633_out|       pointer|
|mux_case_14463625_out_i         |   in|   32|     ap_ovld|          mux_case_14463625_out|       pointer|
|mux_case_14463625_out_o         |  out|   32|     ap_ovld|          mux_case_14463625_out|       pointer|
|mux_case_14463625_out_o_ap_vld  |  out|    1|     ap_ovld|          mux_case_14463625_out|       pointer|
|mux_case_04453617_out_i         |   in|   32|     ap_ovld|          mux_case_04453617_out|       pointer|
|mux_case_04453617_out_o         |  out|   32|     ap_ovld|          mux_case_04453617_out|       pointer|
|mux_case_04453617_out_o_ap_vld  |  out|    1|     ap_ovld|          mux_case_04453617_out|       pointer|
|mux_case_34433609_out_i         |   in|   32|     ap_ovld|          mux_case_34433609_out|       pointer|
|mux_case_34433609_out_o         |  out|   32|     ap_ovld|          mux_case_34433609_out|       pointer|
|mux_case_34433609_out_o_ap_vld  |  out|    1|     ap_ovld|          mux_case_34433609_out|       pointer|
|mux_case_24423600_out_i         |   in|   32|     ap_ovld|          mux_case_24423600_out|       pointer|
|mux_case_24423600_out_o         |  out|   32|     ap_ovld|          mux_case_24423600_out|       pointer|
|mux_case_24423600_out_o_ap_vld  |  out|    1|     ap_ovld|          mux_case_24423600_out|       pointer|
|mux_case_14413592_out_i         |   in|   32|     ap_ovld|          mux_case_14413592_out|       pointer|
|mux_case_14413592_out_o         |  out|   32|     ap_ovld|          mux_case_14413592_out|       pointer|
|mux_case_14413592_out_o_ap_vld  |  out|    1|     ap_ovld|          mux_case_14413592_out|       pointer|
|mux_case_04403584_out_i         |   in|   32|     ap_ovld|          mux_case_04403584_out|       pointer|
|mux_case_04403584_out_o         |  out|   32|     ap_ovld|          mux_case_04403584_out|       pointer|
|mux_case_04403584_out_o_ap_vld  |  out|    1|     ap_ovld|          mux_case_04403584_out|       pointer|
|mux_case_34383576_out_i         |   in|   32|     ap_ovld|          mux_case_34383576_out|       pointer|
|mux_case_34383576_out_o         |  out|   32|     ap_ovld|          mux_case_34383576_out|       pointer|
|mux_case_34383576_out_o_ap_vld  |  out|    1|     ap_ovld|          mux_case_34383576_out|       pointer|
|mux_case_24373568_out_i         |   in|   32|     ap_ovld|          mux_case_24373568_out|       pointer|
|mux_case_24373568_out_o         |  out|   32|     ap_ovld|          mux_case_24373568_out|       pointer|
|mux_case_24373568_out_o_ap_vld  |  out|    1|     ap_ovld|          mux_case_24373568_out|       pointer|
|mux_case_14363559_out_i         |   in|   32|     ap_ovld|          mux_case_14363559_out|       pointer|
|mux_case_14363559_out_o         |  out|   32|     ap_ovld|          mux_case_14363559_out|       pointer|
|mux_case_14363559_out_o_ap_vld  |  out|    1|     ap_ovld|          mux_case_14363559_out|       pointer|
|mux_case_04353551_out_i         |   in|   32|     ap_ovld|          mux_case_04353551_out|       pointer|
|mux_case_04353551_out_o         |  out|   32|     ap_ovld|          mux_case_04353551_out|       pointer|
|mux_case_04353551_out_o_ap_vld  |  out|    1|     ap_ovld|          mux_case_04353551_out|       pointer|
|mux_case_34333543_out_i         |   in|   32|     ap_ovld|          mux_case_34333543_out|       pointer|
|mux_case_34333543_out_o         |  out|   32|     ap_ovld|          mux_case_34333543_out|       pointer|
|mux_case_34333543_out_o_ap_vld  |  out|    1|     ap_ovld|          mux_case_34333543_out|       pointer|
|mux_case_24323535_out_i         |   in|   32|     ap_ovld|          mux_case_24323535_out|       pointer|
|mux_case_24323535_out_o         |  out|   32|     ap_ovld|          mux_case_24323535_out|       pointer|
|mux_case_24323535_out_o_ap_vld  |  out|    1|     ap_ovld|          mux_case_24323535_out|       pointer|
|mux_case_14313527_out_i         |   in|   32|     ap_ovld|          mux_case_14313527_out|       pointer|
|mux_case_14313527_out_o         |  out|   32|     ap_ovld|          mux_case_14313527_out|       pointer|
|mux_case_14313527_out_o_ap_vld  |  out|    1|     ap_ovld|          mux_case_14313527_out|       pointer|
|mux_case_04303518_out_i         |   in|   32|     ap_ovld|          mux_case_04303518_out|       pointer|
|mux_case_04303518_out_o         |  out|   32|     ap_ovld|          mux_case_04303518_out|       pointer|
|mux_case_04303518_out_o_ap_vld  |  out|    1|     ap_ovld|          mux_case_04303518_out|       pointer|
|mux_case_3202_out               |  out|   32|      ap_vld|              mux_case_3202_out|       pointer|
|mux_case_3202_out_ap_vld        |  out|    1|      ap_vld|              mux_case_3202_out|       pointer|
|mux_case_2201_out               |  out|   32|      ap_vld|              mux_case_2201_out|       pointer|
|mux_case_2201_out_ap_vld        |  out|    1|      ap_vld|              mux_case_2201_out|       pointer|
|mux_case_1200_out               |  out|   32|      ap_vld|              mux_case_1200_out|       pointer|
|mux_case_1200_out_ap_vld        |  out|    1|      ap_vld|              mux_case_1200_out|       pointer|
|mux_case_0199_out               |  out|   32|      ap_vld|              mux_case_0199_out|       pointer|
|mux_case_0199_out_ap_vld        |  out|    1|      ap_vld|              mux_case_0199_out|       pointer|
|mux_case_3173_out               |  out|   32|      ap_vld|              mux_case_3173_out|       pointer|
|mux_case_3173_out_ap_vld        |  out|    1|      ap_vld|              mux_case_3173_out|       pointer|
|mux_case_2172_out               |  out|   32|      ap_vld|              mux_case_2172_out|       pointer|
|mux_case_2172_out_ap_vld        |  out|    1|      ap_vld|              mux_case_2172_out|       pointer|
|mux_case_1171_out               |  out|   32|      ap_vld|              mux_case_1171_out|       pointer|
|mux_case_1171_out_ap_vld        |  out|    1|      ap_vld|              mux_case_1171_out|       pointer|
|mux_case_0170_out               |  out|   32|      ap_vld|              mux_case_0170_out|       pointer|
|mux_case_0170_out_ap_vld        |  out|    1|      ap_vld|              mux_case_0170_out|       pointer|
|mux_case_3143_out               |  out|   32|      ap_vld|              mux_case_3143_out|       pointer|
|mux_case_3143_out_ap_vld        |  out|    1|      ap_vld|              mux_case_3143_out|       pointer|
|mux_case_2142_out               |  out|   32|      ap_vld|              mux_case_2142_out|       pointer|
|mux_case_2142_out_ap_vld        |  out|    1|      ap_vld|              mux_case_2142_out|       pointer|
|mux_case_1141_out               |  out|   32|      ap_vld|              mux_case_1141_out|       pointer|
|mux_case_1141_out_ap_vld        |  out|    1|      ap_vld|              mux_case_1141_out|       pointer|
|mux_case_0140_out               |  out|   32|      ap_vld|              mux_case_0140_out|       pointer|
|mux_case_0140_out_ap_vld        |  out|    1|      ap_vld|              mux_case_0140_out|       pointer|
|mux_case_3138_out               |  out|   32|      ap_vld|              mux_case_3138_out|       pointer|
|mux_case_3138_out_ap_vld        |  out|    1|      ap_vld|              mux_case_3138_out|       pointer|
|mux_case_2137_out               |  out|   32|      ap_vld|              mux_case_2137_out|       pointer|
|mux_case_2137_out_ap_vld        |  out|    1|      ap_vld|              mux_case_2137_out|       pointer|
|mux_case_1136_out               |  out|   32|      ap_vld|              mux_case_1136_out|       pointer|
|mux_case_1136_out_ap_vld        |  out|    1|      ap_vld|              mux_case_1136_out|       pointer|
|mux_case_0135_out               |  out|   32|      ap_vld|              mux_case_0135_out|       pointer|
|mux_case_0135_out_ap_vld        |  out|    1|      ap_vld|              mux_case_0135_out|       pointer|
|mux_case_3133_out               |  out|   32|      ap_vld|              mux_case_3133_out|       pointer|
|mux_case_3133_out_ap_vld        |  out|    1|      ap_vld|              mux_case_3133_out|       pointer|
|mux_case_2132_out               |  out|   32|      ap_vld|              mux_case_2132_out|       pointer|
|mux_case_2132_out_ap_vld        |  out|    1|      ap_vld|              mux_case_2132_out|       pointer|
|mux_case_1131_out               |  out|   32|      ap_vld|              mux_case_1131_out|       pointer|
|mux_case_1131_out_ap_vld        |  out|    1|      ap_vld|              mux_case_1131_out|       pointer|
|mux_case_0130_out               |  out|   32|      ap_vld|              mux_case_0130_out|       pointer|
|mux_case_0130_out_ap_vld        |  out|    1|      ap_vld|              mux_case_0130_out|       pointer|
|mux_case_3128_out               |  out|   32|      ap_vld|              mux_case_3128_out|       pointer|
|mux_case_3128_out_ap_vld        |  out|    1|      ap_vld|              mux_case_3128_out|       pointer|
|mux_case_2127_out               |  out|   32|      ap_vld|              mux_case_2127_out|       pointer|
|mux_case_2127_out_ap_vld        |  out|    1|      ap_vld|              mux_case_2127_out|       pointer|
|mux_case_1126_out               |  out|   32|      ap_vld|              mux_case_1126_out|       pointer|
|mux_case_1126_out_ap_vld        |  out|    1|      ap_vld|              mux_case_1126_out|       pointer|
|mux_case_0125_out               |  out|   32|      ap_vld|              mux_case_0125_out|       pointer|
|mux_case_0125_out_ap_vld        |  out|    1|      ap_vld|              mux_case_0125_out|       pointer|
|mux_case_3123_out               |  out|   32|      ap_vld|              mux_case_3123_out|       pointer|
|mux_case_3123_out_ap_vld        |  out|    1|      ap_vld|              mux_case_3123_out|       pointer|
|mux_case_2122_out               |  out|   32|      ap_vld|              mux_case_2122_out|       pointer|
|mux_case_2122_out_ap_vld        |  out|    1|      ap_vld|              mux_case_2122_out|       pointer|
|mux_case_1121_out               |  out|   32|      ap_vld|              mux_case_1121_out|       pointer|
|mux_case_1121_out_ap_vld        |  out|    1|      ap_vld|              mux_case_1121_out|       pointer|
|mux_case_0120_out               |  out|   32|      ap_vld|              mux_case_0120_out|       pointer|
|mux_case_0120_out_ap_vld        |  out|    1|      ap_vld|              mux_case_0120_out|       pointer|
|mux_case_3118_out               |  out|   32|      ap_vld|              mux_case_3118_out|       pointer|
|mux_case_3118_out_ap_vld        |  out|    1|      ap_vld|              mux_case_3118_out|       pointer|
|mux_case_2117_out               |  out|   32|      ap_vld|              mux_case_2117_out|       pointer|
|mux_case_2117_out_ap_vld        |  out|    1|      ap_vld|              mux_case_2117_out|       pointer|
|mux_case_1116_out               |  out|   32|      ap_vld|              mux_case_1116_out|       pointer|
|mux_case_1116_out_ap_vld        |  out|    1|      ap_vld|              mux_case_1116_out|       pointer|
|mux_case_0115_out_i             |   in|   32|     ap_ovld|              mux_case_0115_out|       pointer|
|mux_case_0115_out_o             |  out|   32|     ap_ovld|              mux_case_0115_out|       pointer|
|mux_case_0115_out_o_ap_vld      |  out|    1|     ap_ovld|              mux_case_0115_out|       pointer|
|mux_case_3114_out               |  out|   32|      ap_vld|              mux_case_3114_out|       pointer|
|mux_case_3114_out_ap_vld        |  out|    1|      ap_vld|              mux_case_3114_out|       pointer|
|mux_case_2113_out               |  out|   32|      ap_vld|              mux_case_2113_out|       pointer|
|mux_case_2113_out_ap_vld        |  out|    1|      ap_vld|              mux_case_2113_out|       pointer|
|mux_case_1112_out               |  out|   32|      ap_vld|              mux_case_1112_out|       pointer|
|mux_case_1112_out_ap_vld        |  out|    1|      ap_vld|              mux_case_1112_out|       pointer|
|mux_case_0111_out               |  out|   32|      ap_vld|              mux_case_0111_out|       pointer|
|mux_case_0111_out_ap_vld        |  out|    1|      ap_vld|              mux_case_0111_out|       pointer|
|mux_case_3110_out               |  out|   32|      ap_vld|              mux_case_3110_out|       pointer|
|mux_case_3110_out_ap_vld        |  out|    1|      ap_vld|              mux_case_3110_out|       pointer|
|mux_case_2109_out               |  out|   32|      ap_vld|              mux_case_2109_out|       pointer|
|mux_case_2109_out_ap_vld        |  out|    1|      ap_vld|              mux_case_2109_out|       pointer|
|mux_case_1108_out               |  out|   32|      ap_vld|              mux_case_1108_out|       pointer|
|mux_case_1108_out_ap_vld        |  out|    1|      ap_vld|              mux_case_1108_out|       pointer|
|mux_case_0107_out               |  out|   32|      ap_vld|              mux_case_0107_out|       pointer|
|mux_case_0107_out_ap_vld        |  out|    1|      ap_vld|              mux_case_0107_out|       pointer|
|mux_case_3105_out               |  out|   32|      ap_vld|              mux_case_3105_out|       pointer|
|mux_case_3105_out_ap_vld        |  out|    1|      ap_vld|              mux_case_3105_out|       pointer|
|mux_case_2104_out               |  out|   32|      ap_vld|              mux_case_2104_out|       pointer|
|mux_case_2104_out_ap_vld        |  out|    1|      ap_vld|              mux_case_2104_out|       pointer|
|mux_case_1103_out               |  out|   32|      ap_vld|              mux_case_1103_out|       pointer|
|mux_case_1103_out_ap_vld        |  out|    1|      ap_vld|              mux_case_1103_out|       pointer|
|mux_case_0102_out               |  out|   32|      ap_vld|              mux_case_0102_out|       pointer|
|mux_case_0102_out_ap_vld        |  out|    1|      ap_vld|              mux_case_0102_out|       pointer|
|mux_case_3100_out               |  out|   32|      ap_vld|              mux_case_3100_out|       pointer|
|mux_case_3100_out_ap_vld        |  out|    1|      ap_vld|              mux_case_3100_out|       pointer|
|mux_case_299_out                |  out|   32|      ap_vld|               mux_case_299_out|       pointer|
|mux_case_299_out_ap_vld         |  out|    1|      ap_vld|               mux_case_299_out|       pointer|
|mux_case_198_out                |  out|   32|      ap_vld|               mux_case_198_out|       pointer|
|mux_case_198_out_ap_vld         |  out|    1|      ap_vld|               mux_case_198_out|       pointer|
|mux_case_097_out                |  out|   32|      ap_vld|               mux_case_097_out|       pointer|
|mux_case_097_out_ap_vld         |  out|    1|      ap_vld|               mux_case_097_out|       pointer|
|mux_case_395_out                |  out|   32|      ap_vld|               mux_case_395_out|       pointer|
|mux_case_395_out_ap_vld         |  out|    1|      ap_vld|               mux_case_395_out|       pointer|
|mux_case_294_out                |  out|   32|      ap_vld|               mux_case_294_out|       pointer|
|mux_case_294_out_ap_vld         |  out|    1|      ap_vld|               mux_case_294_out|       pointer|
|mux_case_193_out                |  out|   32|      ap_vld|               mux_case_193_out|       pointer|
|mux_case_193_out_ap_vld         |  out|    1|      ap_vld|               mux_case_193_out|       pointer|
|mux_case_092_out                |  out|   32|      ap_vld|               mux_case_092_out|       pointer|
|mux_case_092_out_ap_vld         |  out|    1|      ap_vld|               mux_case_092_out|       pointer|
|mux_case_3_out                  |  out|   32|      ap_vld|                 mux_case_3_out|       pointer|
|mux_case_3_out_ap_vld           |  out|    1|      ap_vld|                 mux_case_3_out|       pointer|
|mux_case_2_out                  |  out|   32|      ap_vld|                 mux_case_2_out|       pointer|
|mux_case_2_out_ap_vld           |  out|    1|      ap_vld|                 mux_case_2_out|       pointer|
|mux_case_1_out                  |  out|   32|      ap_vld|                 mux_case_1_out|       pointer|
|mux_case_1_out_ap_vld           |  out|    1|      ap_vld|                 mux_case_1_out|       pointer|
|mux_case_0_out_i                |   in|   32|     ap_ovld|                 mux_case_0_out|       pointer|
|mux_case_0_out_o                |  out|   32|     ap_ovld|                 mux_case_0_out|       pointer|
|mux_case_0_out_o_ap_vld         |  out|    1|     ap_ovld|                 mux_case_0_out|       pointer|
+--------------------------------+-----+-----+------------+-------------------------------+--------------+

